ply
format ascii 1.0
comment Created by Open3D
element vertex 18740
property double x
property double y
property double z
property uchar red
property uchar green
property uchar blue
end_header
-1.65143 0.378973 1.72054 128 128 128
-1.65486 0.401226 1.72906 128 128 128
-1.65458 0.422738 1.73404 128 128 128
-1.63908 0.44024 1.72338 128 128 128
-1.63355 0.460321 1.72338 128 128 128
-1.62778 0.480332 1.72338 128 128 128
-1.62714 0.501948 1.72906 128 128 128
-1.53678 0.689806 1.7106 128 128 128
-1.46359 0.767937 1.67864 128 128 128
-1.43365 0.77473 1.6552 128 128 128
-1.42342 0.79192 1.65449 128 128 128
-1.41481 0.810032 1.65591 128 128 128
-1.40658 0.82841 1.65805 128 128 128
-1.39511 0.844876 1.65663 128 128 128
-1.38106 0.859689 1.65236 128 128 128
-1.35206 0.864753 1.63035 128 128 128
-1.36659 0.897984 1.66089 128 128 128
-1.33433 0.948905 1.66302 128 128 128
-1.38272 1.00939 1.7383 128 128 128
-1.45681 1.09154 1.84766 128 128 128
-1.45333 1.11708 1.86045 128 128 128
-1.44283 1.13746 1.86471 128 128 128
-1.43368 1.15908 1.8711 128 128 128
-1.41772 1.17523 1.86897 128 128 128
-1.38553 1.17744 1.84553 128 128 128
-1.37416 1.19714 1.8498 128 128 128
-1.35465 1.20968 1.8434 128 128 128
-1.32727 1.21477 1.82636 128 128 128
-1.31124 1.23 1.82494 128 128 128
-1.28795 1.23817 1.81358 128 128 128
-1.26366 1.24496 1.80079 128 128 128
-1.24532 1.25736 1.79653 128 128 128
-1.24735 1.29083 1.8221 128 128 128
-1.20927 1.28241 1.78943 128 128 128
-1.18584 1.28884 1.77807 128 128 128
-1.16806 1.3012 1.77523 128 128 128
-1.146 1.30853 1.76599 128 128 128
-1.12575 1.31766 1.7596 128 128 128
-1.1059 1.32704 1.75392 128 128 128
-1.086 1.33613 1.74824 128 128 128
-1.06952 1.34936 1.74824 128 128 128
-1.05031 1.35903 1.74398 128 128 128
-1.03228 1.37013 1.74185 128 128 128
-1.01415 1.38099 1.73972 128 128 128
-0.988964 1.38185 1.72551 128 128 128
-0.969126 1.38983 1.72054 128 128 128
-0.947272 1.39462 1.71202 128 128 128
-0.885629 1.33847 1.63035 128 128 128
-0.839169 1.30239 1.57424 128 128 128
-0.788896 1.2576 1.50891 128 128 128
-0.747512 1.22443 1.45848 128 128 128
-0.728858 1.22745 1.45138 128 128 128
-0.707094 1.22469 1.43789 128 128 128
-0.695435 1.23943 1.44499 128 128 128
-0.666116 1.22185 1.41516 128 128 128
-0.651072 1.22994 1.41516 128 128 128
-0.634972 1.23595 1.41303 128 128 128
-0.617887 1.23986 1.40877 128 128 128
-0.601106 1.24418 1.40522 128 128 128
-0.582536 1.24443 1.39741 128 128 128
-0.566356 1.24956 1.39528 128 128 128
-0.550699 1.25577 1.39457 128 128 128
-0.517336 1.26304 1.38817 128 128 128
-0.881309 -1.27254 1.57282 128 128 128
-0.884974 -1.24503 1.55223 128 128 128
-0.908939 -1.24599 1.56714 128 128 128
-0.93433 -1.24823 1.58419 128 128 128
-0.947425 -1.23389 1.58064 128 128 128
-0.963807 -1.22382 1.58277 128 128 128
-0.984083 -1.21846 1.59129 128 128 128
-1.00753 -1.21657 1.60478 128 128 128
-1.0297 -1.21267 1.61614 128 128 128
-1.05888 -1.21636 1.63816 128 128 128
-1.10149 -1.23418 1.68006 128 128 128
-1.26674 -1.38373 1.90377 128 128 128
-1.28459 -1.3691 1.90519 128 128 128
-1.29689 -1.34868 1.8988 128 128 128
-1.31236 -1.33166 1.89738 128 128 128
-1.3286 -1.31546 1.89738 128 128 128
-1.3619 -1.31564 1.92152 128 128 128
-1.37794 -1.29883 1.92152 128 128 128
-1.38651 -1.27517 1.91158 128 128 128
-1.40468 -1.2604 1.91513 128 128 128
-1.42535 -1.24769 1.92223 128 128 128
-1.47007 -1.25517 1.96129 128 128 128
-1.47668 -1.22985 1.94993 128 128 128
-1.47797 -1.20058 1.93218 128 128 128
-0.718056 -0.558013 0.928685 128 128 128
-0.727104 -0.550847 0.931526 128 128 128
-0.74234 -0.548107 0.942179 128 128 128
-0.748436 -0.538549 0.941468 128 128 128
-0.753253 -0.528121 0.939338 128 128 128
-0.736917 -0.50348 0.911641 128 128 128
-0.725977 -0.483188 0.891045 128 128 128
-0.730073 -0.473105 0.888915 128 128 128
-1.66522 -1.04262 1.99325 128 128 128
-1.64417 -1.00169 1.95348 128 128 128
-1.66301 -0.985367 1.96129 128 128 128
-1.67742 -0.966284 1.96414 128 128 128
-1.69038 -0.946311 1.96556 128 128 128
-1.69691 -0.922819 1.95987 128 128 128
-1.70125 -0.898328 1.95206 128 128 128
-1.69521 -0.86876 1.93289 128 128 128
-1.73667 -0.863163 1.96769 128 128 128
-1.75603 -0.846041 1.97763 128 128 128
-1.75478 -0.819099 1.96485 128 128 128
-1.76984 -0.799809 1.97053 128 128 128
-1.7821 -0.779152 1.97337 128 128 128
-1.79153 -0.757224 1.97337 128 128 128
-1.79808 -0.734124 1.97053 128 128 128
-1.80892 -0.712773 1.97266 128 128 128
-1.81884 -0.691018 1.97408 128 128 128
-1.82719 -0.668646 1.97408 128 128 128
-1.84257 -0.648725 1.98189 128 128 128
-1.85573 -0.627856 1.98757 128 128 128
-1.86597 -0.605899 1.99041 128 128 128
-1.87798 -0.584407 1.99538 128 128 128
-1.88974 -0.562711 2.00035 128 128 128
-1.90328 -0.541388 2.00746 128 128 128
-1.93153 -0.523831 2.03018 128 128 128
-1.94464 -0.501831 2.03728 128 128 128
-1.96639 -0.481742 2.05362 128 128 128
-1.95362 -0.453326 2.03444 128 128 128
-1.97142 -0.431999 2.04723 128 128 128
-1.97658 -0.407774 2.04723 128 128 128
-1.94478 -0.376491 2.00959 128 128 128
-1.99084 -0.360008 2.0522 128 128 128
-1.99858 -0.336125 2.05575 128 128 128
-2.00673 -0.312213 2.06001 128 128 128
-2.01111 -0.287662 2.06072 128 128 128
-1.74221 0.505521 1.75907 128 128 128
-1.64272 0.704503 1.7334 128 128 128
-1.83844 0.925494 1.99422 128 128 128
-1.81351 0.941028 1.97965 128 128 128
-1.80183 0.963212 1.97965 128 128 128
-1.78419 0.982129 1.97341 128 128 128
-0.804303 -1.37914 1.54959 128 128 128
-0.8134 -1.35618 1.53502 128 128 128
-0.840171 -1.36266 1.55375 128 128 128
-0.858754 -1.3553 1.55722 128 128 128
-0.878459 -1.34949 1.56276 128 128 128
-0.900549 -1.347 1.57248 128 128 128
-0.921896 -1.34297 1.5808 128 128 128
-0.941207 -1.33568 1.58566 128 128 128
-0.954576 -1.31995 1.5808 128 128 128
-0.990848 -1.33534 1.6134 128 128 128
-1.01152 -1.32882 1.62034 128 128 128
-1.0304 -1.31971 1.6245 128 128 128
-1.04877 -1.30978 1.62797 128 128 128
-1.06385 -1.2957 1.62658 128 128 128
-1.08384 -1.28751 1.63282 128 128 128
-1.10943 -1.28557 1.64739 128 128 128
-1.12703 -1.27402 1.65016 128 128 128
-1.15273 -1.27131 1.66473 128 128 128
-1.19176 -1.28242 1.69803 128 128 128
-1.37217 -1.44103 1.92832 128 128 128
-1.39276 -1.42717 1.93248 128 128 128
-1.40763 -1.40743 1.92901 128 128 128
-1.43561 -1.40062 1.94358 128 128 128
-1.48459 -1.34538 1.9415 128 128 128
-1.48319 -1.3113 1.91861 128 128 128
-1.51008 -1.30242 1.93248 128 128 128
-1.50777 -1.26847 1.90959 128 128 128
-1.52489 -1.25124 1.91167 128 128 128
-0.734188 -0.58638 0.916973 128 128 128
-0.719196 -0.560025 0.889921 128 128 128
-0.72716 -0.552031 0.891308 128 128 128
-0.728097 -0.538771 0.884372 128 128 128
-0.736404 -0.531062 0.886452 128 128 128
-0.742277 -0.52157 0.885759 128 128 128
-0.746841 -0.511198 0.883678 128 128 128
-0.751262 -0.500793 0.881597 128 128 128
-0.773644 -0.502154 0.900326 128 128 128
-0.836925 -0.528891 0.965529 128 128 128
-1.62792 -1.00286 1.85341 128 128 128
-1.64443 -0.985401 1.85826 128 128 128
-1.64956 -0.961152 1.85063 128 128 128
-1.65246 -0.93586 1.84092 128 128 128
-1.67075 -0.919337 1.84855 128 128 128
-1.68636 -0.901146 1.85341 128 128 128
-1.69473 -0.879055 1.85063 128 128 128
-1.70539 -0.858191 1.85063 128 128 128
-1.71838 -0.838465 1.85341 128 128 128
-1.74742 -0.82626 1.87352 128 128 128
-1.73844 -0.796041 1.85341 128 128 128
-1.76454 -0.781958 1.87075 128 128 128
-1.77003 -0.75854 1.86658 128 128 128
-1.77654 -0.735657 1.86381 128 128 128
-1.78945 -0.715409 1.86797 128 128 128
-1.78936 -0.690019 1.85895 128 128 128
-1.80537 -0.620872 1.85063 128 128 128
-1.86824 -0.541596 1.88531 128 128 128
-1.8567 -0.51362 1.86728 128 128 128
-1.88028 -0.4954 1.88462 128 128 128
-1.87993 -0.470709 1.87838 128 128 128
-1.93603 0.404896 1.81183 128 128 128
-1.91359 0.424731 1.79569 128 128 128
-1.90895 0.448353 1.79636 128 128 128
-1.90474 0.472104 1.7977 128 128 128
-1.88664 0.492236 1.78627 128 128 128
-1.89187 0.51851 1.79703 128 128 128
-1.8612 0.534678 1.77416 128 128 128
-1.86653 0.56113 1.7856 128 128 128
-1.82199 0.596785 1.75667 128 128 128
-1.77366 0.780895 1.77551 128 128 128
-1.90832 0.984641 1.96586 128 128 128
-1.9098 1.01531 1.97999 128 128 128
-1.92183 1.05223 2.00555 128 128 128
-1.89074 1.06552 1.98671 128 128 128
-1.87561 1.08753 1.98469 128 128 128
-1.85768 1.1078 1.97999 128 128 128
-1.84331 1.13012 1.97931 128 128 128
-1.8268 1.15107 1.97662 128 128 128
-1.80324 1.16735 1.96653 128 128 128
-1.78262 1.18528 1.95981 128 128 128
-1.77222 1.21 1.96452 128 128 128
-1.74755 1.22484 1.95375 128 128 128
-1.7246 1.24055 1.94501 128 128 128
-1.71281 1.26427 1.94905 128 128 128
-1.69187 1.28116 1.94299 128 128 128
-1.67193 1.29864 1.93828 128 128 128
-1.64952 1.31397 1.93088 128 128 128
-1.6264 1.32848 1.92281 128 128 128
-1.60092 1.34072 1.91205 128 128 128
-1.57706 1.35398 1.90331 128 128 128
-1.56532 1.37764 1.90936 128 128 128
-1.52746 1.37786 1.8838 128 128 128
-1.50935 1.39549 1.88246 128 128 128
-1.48729 1.40932 1.8764 128 128 128
-1.46565 1.42333 1.87102 128 128 128
-1.43237 1.42551 1.85084 128 128 128
-1.42407 1.45251 1.86295 128 128 128
-1.37094 1.4329 1.81654 128 128 128
-1.35627 1.45287 1.82057 128 128 128
-1.34331 1.47488 1.8273 128 128 128
-1.30942 1.47352 1.80578 128 128 128
-1.28786 1.48555 1.80107 128 128 128
-1.26715 1.49841 1.7977 128 128 128
-1.25571 1.52243 1.80779 128 128 128
-1.23462 1.53484 1.80443 128 128 128
-1.21387 1.54754 1.80174 128 128 128
-1.17284 1.53346 1.76878 128 128 128
-1.16054 1.55665 1.77887 128 128 128
-1.14222 1.57198 1.78022 128 128 128
-1.12412 1.58769 1.78223 128 128 128
-1.0899 1.58001 1.75869 128 128 128
-1.06714 1.58834 1.75331 128 128 128
-1.04434 1.59636 1.74793 128 128 128
-1.02111 1.60342 1.74188 128 128 128
-0.996699 1.60827 1.7338 128 128 128
-0.974986 1.61721 1.73044 128 128 128
-0.944263 1.61051 1.71094 128 128 128
-0.921875 1.61747 1.70623 128 128 128
-0.903384 1.63125 1.70892 128 128 128
-0.874229 1.62525 1.69143 128 128 128
-0.848767 1.62535 1.68067 128 128 128
-0.822437 1.62308 1.66789 128 128 128
-0.803431 1.63505 1.66991 128 128 128
-0.774765 1.62672 1.65174 128 128 128
-0.752895 1.63207 1.64771 128 128 128
-0.730412 1.63577 1.64233 128 128 128
-0.709409 1.64257 1.64031 128 128 128
-0.685801 1.64295 1.63224 128 128 128
-0.665038 1.64987 1.63089 128 128 128
-0.642079 1.651 1.62417 128 128 128
-0.62177 1.65876 1.62417 128 128 128
-0.60087 1.66487 1.62282 128 128 128
-0.577746 1.66442 1.61542 128 128 128
-0.554957 1.66436 1.6087 128 128 128
-0.530693 1.65905 1.59726 128 128 128
0.959636 1.40734 1.56229 128 128 128
-0.769015 -1.44907 1.50511 128 128 128
-0.85425 -1.4754 1.56363 128 128 128
-1.00545 -1.68695 1.79905 128 128 128
-1.02996 -1.68078 1.80578 128 128 128
-0.980431 -1.55736 1.68672 128 128 128
-0.933687 -1.44411 1.57708 128 128 128
-0.95545 -1.4387 1.58381 128 128 128
-0.989361 -1.45066 1.61004 128 128 128
-1.00283 -1.43236 1.60332 128 128 128
-1.02293 -1.42355 1.60735 128 128 128
-1.05046 -1.42456 1.62282 128 128 128
-1.07055 -1.41509 1.62686 128 128 128
-1.09421 -1.41001 1.63627 128 128 128
-1.11929 -1.4063 1.64771 128 128 128
-1.13318 -1.38846 1.643 128 128 128
-1.15442 -1.37954 1.64905 128 128 128
-1.1703 -1.36415 1.64771 128 128 128
-1.18646 -1.34913 1.64704 128 128 128
-1.21684 -1.34982 1.66587 128 128 128
-1.26051 -1.36406 1.70219 128 128 128
-1.25266 -1.32277 1.66991 128 128 128
-1.29671 -1.33589 1.70623 128 128 128
-1.4365 -1.44336 1.86497 128 128 128
-1.45834 -1.42976 1.87035 128 128 128
-1.45594 -1.39288 1.84546 128 128 128
-1.46588 -1.36836 1.83672 128 128 128
-1.46611 -1.33536 1.81654 128 128 128
-1.4652 -1.30207 1.79569 128 128 128
-1.48723 -1.28931 1.80309 128 128 128
-1.49049 -1.26048 1.78829 128 128 128
-1.50412 -1.24069 1.78627 128 128 128
-1.51924 -1.22214 1.78627 128 128 128
-1.5452 -1.21205 1.79905 128 128 128
-0.742526 -0.571124 0.865446 128 128 128
-0.736402 -0.552272 0.850648 128 128 128
-0.737726 -0.539293 0.844595 128 128 128
-0.741869 -0.528495 0.841904 128 128 128
-0.75379 -0.523118 0.847958 128 128 128
-0.756461 -0.511362 0.843922 128 128 128
-0.7633 -0.502444 0.844595 128 128 128
-0.801918 -0.513624 0.879571 128 128 128
-0.790521 -0.492876 0.860738 128 128 128
-1.93775 -1.16708 2.07012 128 128 128
-1.98133 -1.16036 2.10106 128 128 128
-1.99607 -1.13632 2.10173 128 128 128
-1.99949 -1.10603 2.09097 128 128 128
-2.04358 -1.0978 2.12258 128 128 128
-2.05821 -1.07332 2.12393 128 128 128
-2.07321 -1.04898 2.12595 128 128 128
-2.07862 -1.01989 2.11855 128 128 128
-2.10034 -0.998738 2.12796 128 128 128
-2.11109 -0.972273 2.12662 128 128 128
-2.13098 -0.949891 2.13469 128 128 128
-2.13908 -0.922212 2.13133 128 128 128
-2.15434 -0.897591 2.13536 128 128 128
-2.1542 -0.866691 2.1246 128 128 128
-2.01347 -0.781875 1.9773 128 128 128
-2.14915 -0.804025 2.09971 128 128 128
-2.21181 -0.796535 2.15083 128 128 128
-2.22212 -0.769573 2.15151 128 128 128
-2.23631 -0.743871 2.15621 128 128 128
-2.24809 -0.717266 2.1589 128 128 128
-2.25956 -0.690483 2.16159 128 128 128
-2.27142 -0.663733 2.16496 128 128 128
-2.26798 -0.632652 2.1542 128 128 128
-2.29632 -0.610241 2.1737 128 128 128
-2.31943 -0.585971 2.1885 128 128 128
-2.35093 -0.563276 2.21137 128 128 128
-1.19429 -0.227342 1.11903 128 128 128
-1.13356 -0.201666 1.06051 128 128 128
-1.11476 -0.184333 1.041 128 128 128
-2.13585 -0.321724 1.9773 128 128 128
-2.11544 -0.292205 1.9551 128 128 128
-1.17118 -0.0192745 1.07867 128 128 128
-2.14846 0.296704 1.89543 128 128 128
-2.14167 0.322599 1.89281 128 128 128
-2.10921 0.344253 1.86792 128 128 128
-2.1026 0.36972 1.86595 128 128 128
-2.09122 0.394239 1.86005 128 128 128
-2.07141 0.416902 1.84695 128 128 128
-2.39541 0.668438 2.17124 128 128 128
-2.32102 0.678536 2.11163 128 128 128
-2.33823 0.746296 2.14307 128 128 128
-1.89377 0.7895 1.79388 128 128 128
-1.8133 0.890181 1.76637 128 128 128
-1.7901 0.906233 1.75458 128 128 128
-1.7775 0.927434 1.75327 128 128 128
-1.86319 1.00132 1.84892 128 128 128
-1.97046 1.09022 1.9675 128 128 128
-1.9773 1.1259 1.98781 128 128 128
-1.97703 1.15809 2.00156 128 128 128
-1.87312 1.19199 1.93998 128 128 128
-1.85709 1.21406 1.93867 128 128 128
-1.83326 1.23087 1.9295 128 128 128
-1.80246 1.24256 1.91312 128 128 128
-1.78461 1.26284 1.9105 128 128 128
-1.75858 1.27711 1.89936 128 128 128
-1.74156 1.29769 1.89805 128 128 128
-1.69253 1.327 1.87971 128 128 128
-1.66846 1.34152 1.87119 128 128 128
-1.64254 1.35421 1.86071 128 128 128
-1.60155 1.3538 1.83319 128 128 128
-1.58482 1.37335 1.83319 128 128 128
-1.53563 1.36412 1.79585 128 128 128
-1.56964 1.42911 1.85547 128 128 128
-1.50887 1.40809 1.80437 128 128 128
-1.49585 1.43068 1.80961 128 128 128
-1.46684 1.43783 1.79585 128 128 128
-0.797443 -1.62401 1.58359 128 128 128
-0.823445 -1.62624 1.59538 128 128 128
-0.969657 -1.85859 1.83254 128 128 128
-0.992749 -1.84721 1.83319 128 128 128
-1.0252 -1.85275 1.85088 128 128 128
-1.0557 -1.85382 1.86464 128 128 128
-1.07799 -1.84007 1.86398 128 128 128
-1.09971 -1.82541 1.86267 128 128 128
-1.12759 -1.82077 1.87185 128 128 128
-1.15674 -1.81764 1.88298 128 128 128
-1.17689 -1.80015 1.87971 128 128 128
-1.20689 -1.79749 1.89216 128 128 128
-1.12262 -1.6282 1.72968 128 128 128
-1.06841 -1.50941 1.61831 128 128 128
-1.10104 -1.51575 1.63927 128 128 128
-1.12046 -1.50334 1.64058 128 128 128
-1.14341 -1.49548 1.64713 128 128 128
-1.16214 -1.48194 1.64779 128 128 128
-1.19821 -1.48995 1.67268 128 128 128
-1.22793 -1.48913 1.68841 128 128 128
-1.25245 -1.48146 1.69692 128 128 128
-1.27449 -1.47055 1.70217 128 128 128
-1.29344 -1.45593 1.70348 128 128 128
-1.31985 -1.44945 1.71461 128 128 128
-1.32981 -1.42485 1.70479 128 128 128
-1.35137 -1.4128 1.71003 128 128 128
-1.37917 -1.40691 1.72313 128 128 128
-1.40115 -1.39468 1.72903 128 128 128
-1.49139 -1.41345 1.79651 128 128 128
-1.52581 -1.41095 1.81681 128 128 128
-1.56767 -1.41441 1.84564 128 128 128
-1.63025 -1.43503 1.89805 128 128 128
-1.76116 -1.51246 2.02777 128 128 128
-1.79579 -1.50433 2.04611 128 128 128
-1.82523 -1.49127 2.05856 128 128 128
-1.7613 -1.40326 1.9675 128 128 128
-0.731885 -0.567355 0.817731 128 128 128
-0.737588 -0.557418 0.816421 128 128 128
-0.746803 -0.550121 0.819042 128 128 128
-0.753498 -0.540916 0.819042 128 128 128
-0.759461 -0.531194 0.818387 128 128 128
-0.759062 -0.517143 0.81118 128 128 128
-0.753404 -0.499832 0.798732 128 128 128
-0.781033 -0.504525 0.821007 128 128 128
-0.789721 -0.496515 0.823628 128 128 128
-2.12069 -1.30046 2.1719 128 128 128
-2.1112 -1.25923 2.14635 128 128 128
-2.12845 -1.23436 2.14831 128 128 128
-2.15528 -1.21484 2.16011 128 128 128
-2.16539 -1.18575 2.15552 128 128 128
-2.18845 -1.16371 2.16404 128 128 128
-2.22135 -1.14648 2.18238 128 128 128
-2.23661 -1.11981 2.18369 128 128 128
-2.23319 -1.08402 2.16731 128 128 128
-2.2477 -1.05718 2.16862 128 128 128
-2.25363 -1.02638 2.16207 128 128 128
-2.27227 -1.0014 2.16797 128 128 128
-2.17391 -0.926272 2.0638 128 128 128
-2.18022 -0.897508 2.05922 128 128 128
-2.34971 -0.93385 2.20728 128 128 128
-2.35182 -0.901424 2.19876 128 128 128
-1.99567 -0.736688 1.8594 128 128 128
-1.30401 -0.374355 1.19116 128 128 128
-1.30632 -0.357724 1.18919 128 128 128
-1.32084 -0.344347 1.19837 128 128 128
-1.30077 -0.32209 1.17675 128 128 128
-2.476 -0.582438 2.22038 128 128 128
-2.48665 -0.552832 2.22365 128 128 128
-2.67714 0.544459 2.25242 128 128 128
-2.37312 0.512487 2.0035 128 128 128
-2.35384 0.538611 1.99273 128 128 128
-2.35006 0.568189 1.99527 128 128 128
-2.37439 0.605073 2.02187 128 128 128
-2.567 0.688232 2.19162 128 128 128
-2.53826 0.713987 2.17452 128 128 128
-2.53598 0.747061 2.18022 128 128 128
-2.55517 0.821457 2.21315 128 128 128
-1.96808 0.969979 1.81222 128 128 128
-1.94501 0.988424 1.80209 128 128 128
-1.93068 1.01114 1.80019 128 128 128
-1.91064 1.03069 1.79322 128 128 128
-1.89041 1.04991 1.78625 128 128 128
-1.86799 1.06764 1.77739 128 128 128
-1.86341 1.0956 1.78562 128 128 128
-1.88157 1.13767 1.81602 128 128 128
-1.89832 1.17994 1.84579 128 128 128
-1.88435 1.20356 1.84642 128 128 128
-1.85393 1.21638 1.83122 128 128 128
-1.83053 1.2334 1.82299 128 128 128
-1.80255 1.24693 1.81032 128 128 128
-1.79341 1.27345 1.81666 128 128 128
-1.77203 1.29125 1.81095 128 128 128
-1.73068 1.29385 1.78499 128 128 128
-1.71038 1.31168 1.78055 128 128 128
-1.68566 1.32585 1.77169 128 128 128
-1.66746 1.34498 1.76978 128 128 128
-1.64725 1.36237 1.76598 128 128 128
-1.62334 1.37646 1.75838 128 128 128
-1.59759 1.38865 1.74888 128 128 128
-1.55621 1.38647 1.72228 128 128 128
-1.53851 1.40494 1.72165 128 128 128
-1.5172 1.42 1.71721 128 128 128
-1.50579 1.44442 1.72418 128 128 128
-1.47419 1.4492 1.70835 128 128 128
-1.45194 1.46277 1.70328 128 128 128
-1.42851 1.47491 1.69695 128 128 128
-1.41508 1.4974 1.70265 128 128 128
-1.39555 1.51351 1.70138 128 128 128
-1.36964 1.52245 1.69251 128 128 128
-1.34679 1.53448 1.68745 128 128 128
-1.30778 1.52734 1.66211 128 128 128
-1.29091 1.54565 1.66464 128 128 128
-1.26941 1.55837 1.66148 128 128 128
-1.24444 1.56655 1.65388 128 128 128
-1.20858 1.56025 1.63171 128 128 128
-1.18423 1.56815 1.62474 128 128 128
-1.18273 1.60692 1.64944 128 128 128
-1.13955 1.58856 1.61651 128 128 128
-1.11732 1.59861 1.61271 128 128 128
-1.0885 1.59874 1.59941 128 128 128
-1.07008 1.61392 1.60131 128 128 128
-1.03431 1.60218 1.57724 128 128 128
-1.01252 1.61147 1.57407 128 128 128
-0.998296 1.63304 1.58294 128 128 128
-0.975818 1.64117 1.57914 128 128 128
-0.959075 1.65906 1.58484 128 128 128
-0.957511 1.70448 1.61651 128 128 128
-0.943165 1.72835 1.62791 128 128 128
-0.92513 1.74595 1.63361 128 128 128
-0.900817 1.75166 1.62854 128 128 128
-0.875473 1.75496 1.62157 128 128 128
-0.849848 1.7572 1.61397 128 128 128
-0.838346 1.78924 1.63361 128 128 128
-0.814736 1.79587 1.63044 128 128 128
-0.793874 1.80857 1.63297 128 128 128
-0.77132 1.81746 1.63234 128 128 128
-0.750126 1.82966 1.63487 128 128 128
-0.725636 1.83368 1.63044 128 128 128
-0.698693 1.83087 1.62031 128 128 128
-0.683334 1.85893 1.63741 128 128 128
-0.659702 1.86499 1.63551 128 128 128
-0.630583 1.85461 1.61967 128 128 128
-0.600866 1.84086 1.60131 128 128 128
-0.573187 1.83184 1.58737 128 128 128
-0.550224 1.83725 1.5861 128 128 128
-0.527426 1.84312 1.58547 128 128 128
-0.502548 1.84123 1.5785 128 128 128
-0.47452 1.82628 1.56077 128 128 128
-0.452807 1.83497 1.5633 128 128 128
0.0342059 -1.58939 1.31755 128 128 128
-0.149644 -1.67518 1.39292 128 128 128
-0.17019 -1.67322 1.39292 128 128 128
-0.336079 -1.77175 1.49236 128 128 128
-0.42536 -1.7644 1.50186 128 128 128
-0.441974 -1.73956 1.4854 128 128 128
-0.487906 -1.7401 1.49553 128 128 128
-0.509663 -1.73547 1.4968 128 128 128
-0.555672 -1.73348 1.5063 128 128 128
-0.577397 -1.728 1.50757 128 128 128
-0.644802 -1.65509 1.4702 128 128 128
-0.675856 -1.67357 1.49363 128 128 128
-0.705957 -1.68797 1.5139 128 128 128
-0.727854 -1.68202 1.51643 128 128 128
-0.86001 -1.92061 1.73875 128 128 128
-0.925959 -2.00112 1.82109 128 128 128
-0.952121 -1.99309 1.82426 128 128 128
-0.980975 -1.99027 1.83249 128 128 128
-1.01096 -1.98911 1.84262 128 128 128
-1.03709 -1.97998 1.84579 128 128 128
-1.06316 -1.9705 1.84896 128 128 128
-1.09518 -1.9715 1.86226 128 128 128
-1.12315 -1.96462 1.86859 128 128 128
-1.15268 -1.96001 1.87746 128 128 128
-1.17665 -1.94572 1.87746 128 128 128
-1.19511 -1.9226 1.86923 128 128 128
-1.23825 -1.9384 1.89899 128 128 128
-1.26237 -1.92371 1.89963 128 128 128
-1.30497 -1.93627 1.9275 128 128 128
-1.33217 -1.92519 1.93256 128 128 128
-1.36648 -1.92382 1.94776 128 128 128
-1.39501 -1.91377 1.95473 128 128 128
-1.3775 -1.84206 1.89899 128 128 128
-1.238 -1.61475 1.68175 128 128 128
-1.26444 -1.60794 1.69061 128 128 128
-1.29382 -1.60433 1.70328 128 128 128
-1.31638 -1.5919 1.70708 128 128 128
-1.33883 -1.57916 1.71088 128 128 128
-1.36065 -1.56553 1.71405 128 128 128
-1.38544 -1.55505 1.72101 128 128 128
-1.41017 -1.54421 1.72798 128 128 128
-1.42477 -1.52228 1.72291 128 128 128
-1.46644 -1.52864 1.75015 128 128 128
-1.4878 -1.51328 1.75332 128 128 128
-1.50296 -1.49165 1.74952 128 128 128
-1.55346 -1.50424 1.78625 128 128 128
-1.56899 -1.48241 1.78309 128 128 128
-1.81055 -1.66816 2.03137 128 128 128
-1.86086 -1.67266 2.06431 128 128 128
-1.9168 -1.68075 2.10294 128 128 128
-1.9473 -1.66563 2.11371 128 128 128
-1.98723 -1.65793 2.13461 128 128 128
-2.01163 -1.63683 2.13905 128 128 128
-1.76202 -1.39896 1.85782 128 128 128
-1.81032 -1.40132 1.89013 128 128 128
-0.762026 -0.578549 0.799445 128 128 128
-0.766571 -0.567325 0.796912 128 128 128
-0.776625 -0.560123 0.800079 128 128 128
-0.77518 -0.544808 0.791845 128 128 128
-0.783729 -0.536556 0.793745 128 128 128
-0.792193 -0.528176 0.795645 128 128 128
-0.805778 -0.523013 0.802612 128 128 128
-0.807541 -0.510215 0.798179 128 128 128
-0.809113 -0.497454 0.793745 128 128 128
-2.29465 -1.36215 2.20048 128 128 128
-2.3179 -1.33774 2.20682 128 128 128
-2.33549 -1.30995 2.20808 128 128 128
-2.34595 -1.27824 2.20302 128 128 128
-2.35941 -1.24828 2.20112 128 128 128
-2.01625 -1.03607 1.87176 128 128 128
-2.02465 -1.00919 1.86796 128 128 128
-2.40794 -1.1626 2.20492 128 128 128
-2.44307 -1.14276 2.22392 128 128 128
-2.46961 -1.11842 2.23532 128 128 128
-2.48527 -1.08896 2.23722 128 128 128
-2.50344 -1.06048 2.24165 128 128 128
-2.50982 -1.02705 2.23595 128 128 128
-2.52943 -0.999007 2.24229 128 128 128
-2.5415 -0.967892 2.24229 128 128 128
-1.52816 -0.562654 1.34922 128 128 128
-1.51524 -0.536938 1.33212 128 128 128
-1.50045 -0.511132 1.31375 128 128 128
-1.48894 -0.486961 1.29855 128 128 128
-1.46007 -0.457879 1.26878 128 128 128
-2.63104 -0.78579 2.26382 128 128 128
-2.64272 -0.754077 2.26572 128 128 128
-2.67344 -0.727445 2.28409 128 128 128
-2.68216 -0.694583 2.28409 128 128 128
-2.68898 -0.661249 2.28282 128 128 128
-2.6788 -0.624019 2.26762 128 128 128
-2.69179 -0.557779 2.26636 128 128 128
-2.70983 -0.5269 2.27586 128 128 128
-2.71 -0.492511 2.27079 128 128 128
-2.72576 -0.460878 2.27902 128 128 128
-2.73198 -0.427512 2.27966 128 128 128
-2.75311 -0.396241 2.29296 128 128 128
-2.75469 -0.362029 2.29042 128 128 128
-2.81704 0.393986 2.23542 128 128 128
-2.79406 0.425803 2.22128 128 128 128
-2.79952 0.46185 2.22989 128 128 128
-2.78588 0.494795 2.22374 128 128 128
-2.77882 0.528798 2.22313 128 128 128
-2.72575 0.55347 2.18623 128 128 128
-2.40269 0.518837 1.93409 128 128 128
-2.3808 0.575613 1.92732 128 128 128
-2.72548 0.765902 2.22497 128 128 128
-2.69908 0.830475 2.21943 128 128 128
-2.13097 1.01853 1.85906 128 128 128
-2.11548 1.04321 1.8566 128 128 128
-2.0758 1.05553 1.83323 128 128 128
-2.055 1.0769 1.82647 128 128 128
-2.04094 1.10166 1.82585 128 128 128
-2.01279 1.11859 1.81294 128 128 128
-1.99685 1.14204 1.81109 128 128 128
-1.97657 1.16286 1.80556 128 128 128
-1.9608 1.18621 1.80433 128 128 128
-1.93538 1.20353 1.79449 128 128 128
-1.92246 1.22846 1.79633 128 128 128
-2.07673 1.36305 1.95438 128 128 128
-2.14881 1.44832 2.03802 128 128 128
-2.1685 1.50058 2.07369 128 128 128
-2.15185 1.52845 2.07553 128 128 128
-2.1272 1.55056 2.07 128 128 128
-2.09285 1.56523 2.05524 128 128 128
-2.06472 1.58408 2.04663 128 128 128
-2.04884 1.61222 2.05032 128 128 128
-2.0068 1.61942 2.02818 128 128 128
-1.99286 1.64895 2.03433 128 128 128
-1.95503 1.6585 2.01649 128 128 128
-1.90476 1.65651 1.98575 128 128 128
-1.89135 1.68605 1.99312 128 128 128
-1.84256 1.68362 1.96361 128 128 128
-1.8304 1.71419 1.97283 128 128 128
-1.78418 1.71251 1.94577 128 128 128
-1.76472 1.73593 1.94762 128 128 128
-1.73773 1.75186 1.94147 128 128 128
-1.70951 1.76626 1.93409 128 128 128
-1.68121 1.78023 1.92671 128 128 128
-1.65335 1.79435 1.91994 128 128 128
-1.63068 1.81392 1.91933 128 128 128
-1.58385 1.80595 1.89042 128 128 128
-1.56156 1.82525 1.89042 128 128 128
-1.53601 1.84064 1.88673 128 128 128
-1.50185 1.84529 1.87259 128 128 128
-1.46928 1.85124 1.86029 128 128 128
-1.43148 1.84981 1.84123 128 128 128
-1.39632 1.85088 1.82524 128 128 128
-1.36368 1.85454 1.81232 128 128 128
0.93166 1.3453 1.29328 128 128 128
0.920724 1.29518 1.25639 128 128 128
0.991871 1.32526 1.30804 128 128 128
1.00758 1.31236 1.30743 128 128 128
-0.861431 -2.12873 1.80802 128 128 128
-0.91404 -2.10839 1.80925 128 128 128
-0.943064 -2.10422 1.8154 128 128 128
-0.967492 -2.08962 1.81294 128 128 128
-1.00698 -2.10677 1.83815 128 128 128
-1.03833 -2.10557 1.84799 128 128 128
-1.06624 -2.09689 1.85168 128 128 128
-1.10688 -2.1123 1.87689 128 128 128
-1.13197 -2.09717 1.87566 128 128 128
-1.16029 -2.08794 1.87997 128 128 128
-1.20538 -2.10779 1.91072 128 128 128
-1.23994 -2.10779 1.92425 128 128 128
-1.27264 -2.10389 1.9347 128 128 128
-1.30045 -2.09147 1.93778 128 128 128
-1.32941 -2.08067 1.9427 128 128 128
-1.36046 -2.07277 1.95069 128 128 128
-1.39592 -2.07097 1.96484 128 128 128
-1.43199 -2.06925 1.9796 128 128 128
-1.46777 -2.06631 1.99374 128 128 128
-1.49998 -2.05771 2.00296 128 128 128
-1.53597 -2.05368 2.01711 128 128 128
-1.57113 -2.04782 2.03002 128 128 128
-1.5976 -2.03025 2.03187 128 128 128
-1.53679 -1.90427 1.92548 128 128 128
-1.41838 -1.71386 1.75206 128 128 128
-1.43217 -1.6879 1.74345 128 128 128
-1.45433 -1.67198 1.74529 128 128 128
-1.49361 -1.67521 1.76743 128 128 128
-1.52256 -1.66608 1.77727 128 128 128
-1.55259 -1.65763 1.78834 128 128 128
-1.56954 -1.63504 1.78465 128 128 128
-1.58783 -1.61397 1.7828 128 128 128
-1.61031 -1.59714 1.78588 128 128 128
-1.63942 -1.58659 1.79633 128 128 128
-1.78653 -1.68717 1.93347 128 128 128
-1.9462 -1.79345 2.08107 128 128 128
-1.96806 -1.76943 2.08107 128 128 128
-1.98548 -1.7415 2.07676 128 128 128
-2.01089 -1.7206 2.08107 128 128 128
-2.03367 -1.69731 2.08291 128 128 128
-2.05435 -1.67223 2.08291 128 128 128
-2.08212 -1.65278 2.09029 128 128 128
-1.8174 -1.40637 1.80925 128 128 128
-0.776233 -0.584454 0.774862 128 128 128
-0.773822 -0.567871 0.765637 128 128 128
-0.77817 -0.556493 0.763178 128 128 128
-0.783648 -0.545998 0.761948 128 128 128
-0.79811 -0.541667 0.769327 128 128 128
-0.79944 -0.528345 0.764407 128 128 128
-0.807188 -0.519351 0.765637 128 128 128
-0.815504 -0.510665 0.767482 128 128 128
-0.819018 -0.498973 0.765022 128 128 128
-1.96572 -1.16727 1.80002 128 128 128
-1.98877 -1.1482 1.80802 128 128 128
-2.36017 -1.32459 2.1278 128 128 128
-2.37763 -1.29629 2.12903 128 128 128
-2.40381 -1.27255 2.13826 128 128 128
-2.40873 -1.23755 2.12903 128 128 128
-2.42938 -1.21071 2.13395 128 128 128
-2.44902 -1.18321 2.13826 128 128 128
-2.47549 -1.15876 2.14871 128 128 128
-2.48809 -1.12764 2.14748 128 128 128
-2.5068 -1.09925 2.15179 128 128 128
-2.49542 -1.05792 2.13088 128 128 128
-2.54688 -1.04308 2.16347 128 128 128
-1.6049 -0.633778 1.36278 128 128 128
-1.60151 -0.609816 1.35355 128 128 128
-2.61873 -0.782989 2.14871 128 128 128
-2.67969 -0.765552 2.19053 128 128 128
-2.68279 -0.730949 2.18561 128 128 128
-2.69004 -0.697575 2.18438 128 128 128
-2.70222 -0.665457 2.18746 128 128 128
-2.7194 -0.634401 2.19484 128 128 128
-2.74161 -0.604215 2.20652 128 128 128
-2.74032 -0.568758 2.19976 128 128 128
-2.83196 0.524898 2.13812 128 128 128
-2.80003 0.554562 2.11915 128 128 128
-2.43771 0.513363 1.85184 128 128 128
-2.3998 0.536155 1.82813 128 128 128
-2.40088 0.567431 1.83406 128 128 128
-2.45778 0.61295 1.88266 128 128 128
-2.76543 0.726454 2.12271 128 128 128
-2.76484 0.762705 2.12923 128 128 128
-2.75296 0.795902 2.12745 128 128 128
-2.66274 0.841032 2.07351 128 128 128
-2.57563 1.25448 2.12686 128 128 128
-2.54566 1.27874 2.115 128 128 128
-2.50906 1.29911 2.09782 128 128 128
-2.43754 1.30014 2.05158 128 128 128
-2.21899 1.21833 1.88147 128 128 128
-2.19827 1.24229 1.87673 128 128 128
-2.17173 1.26268 1.86725 128 128 128
-2.15469 1.2884 1.86606 128 128 128
-2.13186 1.31052 1.86014 128 128 128
-2.10134 1.32752 1.84769 128 128 128
-2.0633 1.33913 1.82872 128 128 128
-2.04336 1.36211 1.82576 128 128 128
-2.02185 1.38389 1.82161 128 128 128
-2.10869 1.48196 1.91526 128 128 128
-2.25736 1.62864 2.06699 128 128 128
-2.27147 1.68168 2.09841 128 128 128
-2.23016 1.6938 2.07944 128 128 128
-2.20096 1.71459 2.07174 128 128 128
-2.19986 1.75759 2.0907 128 128 128
-2.17253 1.77985 2.08537 128 128 128
-2.14252 1.79963 2.07766 128 128 128
-2.10686 1.8142 2.06462 128 128 128
-2.07781 1.83405 2.0581 128 128 128
-2.03547 1.84154 2.03854 128 128 128
-2.008 1.86199 2.0338 128 128 128
-1.96751 1.86982 2.01602 128 128 128
-1.93059 1.88031 2.0018 128 128 128
-1.88632 1.88277 1.97986 128 128 128
-1.86363 1.90636 1.98046 128 128 128
-1.82456 1.91274 1.96386 128 128 128
-1.80917 1.94384 1.97275 128 128 128
-1.76788 1.94679 1.95379 128 128 128
-1.72574 1.94781 1.93363 128 128 128
-1.67911 1.94259 1.90815 128 128 128
-1.65721 1.96552 1.91052 128 128 128
-1.6197 1.96951 1.89511 128 128 128
-1.59138 1.9842 1.89036 128 128 128
-1.55899 1.99342 1.88088 128 128 128
-1.53052 2.00727 1.87614 128 128 128
-1.4981 2.01554 1.86666 128 128 128
-1.46949 2.02855 1.86191 128 128 128
-1.43383 2.03127 1.84828 128 128 128
-1.40515 2.0434 1.84354 128 128 128
-1.37684 2.0558 1.83939 128 128 128
-1.3423 2.05836 1.82694 128 128 128
-1.30575 2.05697 1.81153 128 128 128
-1.26859 2.05363 1.79494 128 128 128
-1.22303 2.03518 1.76589 128 128 128
-1.20931 2.06953 1.78249 128 128 128
-1.16321 2.04775 1.75167 128 128 128
-1.1376 2.06117 1.75108 128 128 128
-1.10616 2.0636 1.74159 128 128 128
-1.07853 2.07273 1.73804 128 128 128
-1.04759 2.07501 1.72915 128 128 128
-1.01887 2.0812 1.72381 128 128 128
-0.946159 1.99376 1.64261 128 128 128
-0.865709 1.88289 1.54363 128 128 128
-0.825922 1.8558 1.5134 128 128 128
-0.796435 1.85025 1.50095 128 128 128
-0.765364 1.83979 1.48495 128 128 128
-0.737357 1.83557 1.47428 128 128 128
-0.711594 1.83622 1.46776 128 128 128
-0.692088 1.85312 1.47428 128 128 128
-0.667129 1.8554 1.46954 128 128 128
-0.643526 1.86116 1.46776 128 128 128
-0.616102 1.85515 1.45709 128 128 128
-0.58771 1.84491 1.44346 128 128 128
-0.565958 1.85506 1.44583 128 128 128
-0.549191 1.88276 1.46183 128 128 128
-0.53547 1.92352 1.48791 128 128 128
-0.516532 1.94786 1.50154 128 128 128
-0.49415 1.96031 1.50628 128 128 128
-0.472282 1.97563 1.5134 128 128 128
-0.443959 1.9632 1.49976 128 128 128
-0.414184 1.9417 1.47961 128 128 128
-0.385161 1.92057 1.46005 128 128 128
-0.320758 1.70499 1.29528 128 128 128
-0.300496 1.71277 1.29824 128 128 128
-0.279201 1.71474 1.29706 128 128 128
-0.257432 1.71325 1.2935 128 128 128
-0.235526 1.7099 1.28876 128 128 128
-0.213546 1.70467 1.28283 128 128 128
-0.167889 1.67092 1.25438 128 128 128
-0.125953 1.66248 1.24549 128 128 128
-0.0853875 1.67071 1.24964 128 128 128
0.0554218 1.59622 1.19392 128 128 128
0.114676 1.60032 1.19926 128 128 128
0.237797 1.49951 1.13584 128 128 128
0.314605 1.50258 1.14828 128 128 128
0.333728 1.50175 1.15065 128 128 128
0.414264 1.6673 1.28283 128 128 128
0.437782 1.67377 1.29172 128 128 128
0.45441 1.6543 1.28105 128 128 128
0.492059 1.6334 1.27394 128 128 128
0.58852 1.53493 1.2283 128 128 128
0.608211 1.52984 1.23008 128 128 128
0.629409 1.52821 1.23482 128 128 128
0.667705 1.51451 1.2366 128 128 128
0.683216 1.49962 1.23126 128 128 128
0.691564 1.47001 1.21408 128 128 128
0.712736 1.46793 1.21941 128 128 128
0.766006 1.48358 1.24727 128 128 128
0.766283 1.4407 1.21941 128 128 128
0.790906 1.44388 1.23008 128 128 128
0.799024 1.41726 1.21585 128 128 128
0.817574 1.40943 1.21763 128 128 128
0.834393 1.3986 1.21704 128 128 128
0.857248 1.36002 1.20163 128 128 128
0.891024 1.37572 1.22474 128 128 128
0.924863 1.39011 1.24727 128 128 128
0.961924 1.40786 1.27335 128 128 128
0.986557 1.40648 1.28283 128 128 128
1.00516 1.39623 1.28461 128 128 128
1.02462 1.38702 1.28757 128 128 128
1.04791 1.38267 1.29528 128 128 128
1.0767 1.38494 1.3095 128 128 128
1.4518 1.81842 1.73092 128 128 128
1.47708 1.8042 1.73448 128 128 128
1.50066 1.78778 1.73626 128 128 128
1.52249 1.76923 1.73626 128 128 128
1.54408 1.75042 1.73626 128 128 128
1.56599 1.73193 1.73685 128 128 128
1.59151 1.7173 1.74159 128 128 128
0.743678 -1.56475 1.2935 128 128 128
0.693182 -1.60884 1.30772 128 128 128
0.645644 -1.66483 1.33262 128 128 128
0.623485 -1.6681 1.32906 128 128 128
0.601344 -1.67107 1.32551 128 128 128
0.578962 -1.67299 1.32136 128 128 128
0.559144 -1.68227 1.32313 128 128 128
0.537245 -1.68516 1.32017 128 128 128
0.527018 -1.72632 1.34684 128 128 128
0.514965 -1.76438 1.37115 128 128 128
0.476626 -1.79596 1.38596 128 128 128
0.457672 -1.81418 1.39545 128 128 128
0.441495 -1.84552 1.41501 128 128 128
0.418287 -1.84844 1.41323 128 128 128
0.394077 -1.84634 1.40789 128 128 128
0.37092 -1.84867 1.40612 128 128 128
0.348793 -1.85625 1.40849 128 128 128
0.326399 -1.86277 1.41026 128 128 128
0.306826 -1.88732 1.42568 128 128 128
0.286228 -1.90847 1.43871 128 128 128
0.263433 -1.91663 1.44227 128 128 128
0.240481 -1.92451 1.44583 128 128 128
0.217375 -1.93212 1.44938 128 128 128
0.194745 -1.94586 1.45768 128 128 128
0.172015 -1.96175 1.46776 128 128 128
0.148339 -1.96934 1.47191 128 128 128
0.125135 -1.98709 1.48376 128 128 128
0.100547 -1.98445 1.4808 128 128 128
0.077028 -2.00888 1.49799 128 128 128
0.0525231 -2.01611 1.50273 128 128 128
0.027686 -2.00855 1.4968 128 128 128
0.00308399 -1.94914 1.45294 128 128 128
-0.020793 -1.94581 1.45057 128 128 128
-0.0444654 -1.93736 1.44464 128 128 128
-0.068297 -1.93827 1.44583 128 128 128
-0.0992677 -2.08128 1.55192 128 128 128
-0.126452 -2.10643 1.57148 128 128 128
-0.152891 -2.11275 1.57741 128 128 128
-0.180968 -2.13559 1.59578 128 128 128
-0.20748 -2.13642 1.59816 128 128 128
-0.235917 -2.15372 1.61297 128 128 128
-0.259848 -2.13068 1.59816 128 128 128
-0.286411 -2.13052 1.60053 128 128 128
-0.311465 -2.11968 1.59519 128 128 128
-0.323308 -2.02824 1.52999 128 128 128
-0.33351 -1.94001 1.46717 128 128 128
-0.35359 -1.91598 1.45235 128 128 128
-0.375971 -1.90597 1.4482 128 128 128
-0.399667 -1.90279 1.44938 128 128 128
-0.423519 -1.9001 1.45116 128 128 128
-0.449045 -1.90416 1.45827 128 128 128
-0.471592 -1.89538 1.4559 128 128 128
-0.498728 -1.90425 1.46717 128 128 128
-0.519258 -1.88789 1.45946 128 128 128
-0.545985 -1.89375 1.46894 128 128 128
-0.569184 -1.88691 1.46894 128 128 128
-0.599368 -1.90204 1.48613 128 128 128
-0.638872 -1.94348 1.52407 128 128 128
-0.779279 -2.27355 1.78723 128 128 128
-0.814734 -2.28504 1.80383 128 128 128
-0.85087 -2.29676 1.82102 128 128 128
-0.882766 -2.29591 1.82872 128 128 128
-0.919864 -2.30733 1.8465 128 128 128
-0.949962 -2.30033 1.85006 128 128 128
-0.983524 -2.30108 1.86014 128 128 128
-1.01365 -2.29326 1.86369 128 128 128
-1.0444 -2.2865 1.86843 128 128 128
-1.07273 -2.27424 1.86903 128 128 128
-1.09843 -2.25656 1.86547 128 128 128
-1.13148 -2.2537 1.87436 128 128 128
-1.1572 -2.23607 1.8714 128 128 128
-1.19025 -2.23235 1.88029 128 128 128
-1.2195 -2.22111 1.88325 128 128 128
-1.24985 -2.21158 1.88799 128 128 128
-1.27567 -2.19399 1.88622 128 128 128
-1.30872 -2.18852 1.89511 128 128 128
-1.34056 -2.18052 1.90222 128 128 128
-1.36506 -2.16051 1.89926 128 128 128
-1.39586 -2.15034 1.90518 128 128 128
-1.42439 -2.1364 1.90815 128 128 128
-1.45141 -2.12008 1.90933 128 128 128
-1.47407 -2.09751 1.90518 128 128 128
-1.50158 -2.08187 1.90755 128 128 128
-1.53662 -2.07622 1.91941 128 128 128
-1.56882 -2.06617 1.92771 128 128 128
-1.59604 -2.0493 1.93008 128 128 128
-1.62409 -2.03333 1.93363 128 128 128
-1.65455 -2.02009 1.94015 128 128 128
-1.68285 -2.00395 1.9443 128 128 128
-1.69731 -1.97157 1.93304 128 128 128
-1.59161 -1.80408 1.78901 128 128 128
-1.62337 -1.79514 1.79968 128 128 128
-1.64364 -1.77332 1.7979 128 128 128
-1.68584 -1.77458 1.81983 128 128 128
-1.71593 -1.7624 1.82872 128 128 128
-1.72888 -1.73267 1.81983 128 128 128
-1.74136 -1.7029 1.81094 128 128 128
-1.82634 -1.74244 1.87614 128 128 128
-1.94738 -1.81245 1.97631 128 128 128
-1.98978 -1.80679 1.99646 128 128 128
-2.01845 -1.7881 2.00298 128 128 128
-2.03353 -1.75742 1.99646 128 128 128
-2.04877 -1.72715 1.99053 128 128 128
-2.07667 -1.70749 1.99705 128 128 128
-2.09872 -1.68289 1.99824 128 128 128
-2.12557 -1.66196 2.00417 128 128 128
-1.86296 -1.42091 1.74278 128 128 128
-0.77661 -0.580797 0.732197 128 128 128
-0.788251 -0.574522 0.736346 128 128 128
-0.787994 -0.55971 0.729826 128 128 128
-0.796133 -0.550909 0.731012 128 128 128
-0.800153 -0.53931 0.728641 128 128 128
-0.804684 -0.528134 0.726863 128 128 128
-0.80702 -0.515637 0.723306 128 128 128
-0.822891 -0.511603 0.731604 128 128 128
-0.829799 -0.501879 0.732197 128 128 128
-2.37933 -1.38953 2.04625 128 128 128
-2.37517 -1.34833 2.02847 128 128 128
-2.39436 -1.32064 2.03084 128 128 128
-2.41607 -1.29419 2.03558 128 128 128
-2.42533 -1.26111 2.03025 128 128 128
-2.44638 -1.23414 2.03499 128 128 128
-2.46424 -1.20544 2.03736 128 128 128
-2.4854 -1.1782 2.04269 128 128 128
-2.50187 -1.14862 2.04447 128 128 128
-2.52241 -1.12076 2.04981 128 128 128
-2.53745 -1.09036 2.05099 128 128 128
-2.55808 -1.06221 2.05692 128 128 128
-2.56644 -1.02895 2.05336 128 128 128
-1.74376 -0.676016 1.39485 128 128 128
-1.75872 -0.657086 1.40019 128 128 128
-1.77272 -0.637621 1.40493 128 128 128
-2.63593 -0.909364 2.07055 128 128 128
-2.64077 -0.874932 2.06581 128 128 128
-2.66206 -0.845857 2.07411 128 128 128
-2.67995 -0.815457 2.08003 128 128 128
-2.67969 -0.779601 2.07233 128 128 128
-2.70381 -0.750727 2.08359 128 128 128
-2.72217 -0.719947 2.0907 128 128 128
-2.75658 -0.692925 2.11026 128 128 128
-2.78212 -0.663125 2.1233 128 128 128
-2.86218 -0.608275 2.1719 128 128 128
-2.77778 -0.554953 2.10315 128 128 128
-2.76775 -0.517741 2.0907 128 128 128
-2.79295 -0.487027 2.10493 128 128 128
-2.79315 -0.451825 2.10078 128 128 128
-2.79689 -0.41728 2.09959 128 128 128
-2.8018 -0.382926 2.09959 128 128 128
-2.80149 -0.347927 2.09604 128 128 128
-2.8807 0.371428 2.05152 128 128 128
-2.87754 0.40698 2.05267 128 128 128
-2.87152 0.442137 2.0521 128 128 128
-2.85214 0.47506 2.04235 128 128 128
-2.85578 0.511754 2.04923 128 128 128
-2.84123 0.54522 2.0435 128 128 128
-2.47307 0.506312 1.78552 128 128 128
-2.43144 0.52898 1.76029 128 128 128
-2.43126 0.591777 1.77004 128 128 128
-2.78433 0.824102 2.05095 128 128 128
-2.75521 0.852406 2.03719 128 128 128
-2.51206 1.13021 1.94661 128 128 128
-2.62584 1.22028 2.04522 128 128 128
-2.59884 1.24675 2.03605 128 128 128
-2.58335 1.27854 2.03605 128 128 128
-2.55943 1.30606 2.02974 128 128 128
-2.54394 1.33775 2.03031 128 128 128
-2.52733 1.36886 2.03031 128 128 128
-2.4996 1.3938 2.02171 128 128 128
-2.47378 1.41948 2.01483 128 128 128
-2.41665 1.42642 1.98273 128 128 128
-2.3373 1.4186 1.93228 128 128 128
-2.27521 1.41944 1.89559 128 128 128
-2.24244 1.43754 1.88298 128 128 128
-2.18835 1.44108 1.85259 128 128 128
-2.20784 1.49305 1.88412 128 128 128
-2.21292 1.53637 1.90419 128 128 128
-2.23062 1.58955 1.93572 128 128 128
-2.22417 1.62647 1.94719 128 128 128
-2.22831 1.67182 1.9684 128 128 128
-2.2414 1.725 1.99821 128 128 128
-2.22328 1.75492 2.00108 128 128 128
-2.19648 1.77795 1.99649 128 128 128
-2.17261 1.8032 1.99477 128 128 128
-2.14407 1.82442 1.98904 128 128 128
-2.1104 1.8409 1.97872 128 128 128
-2.09132 1.86994 1.98216 128 128 128
-2.06278 1.89048 1.977 128 128 128
-2.0454 1.92126 1.98273 128 128 128
-1.99627 1.92179 1.95808 128 128 128
-1.99646 1.96972 1.98158 128 128 128
-1.96407 1.98592 1.97356 128 128 128
-1.92247 1.9922 1.95636 128 128 128
-1.90294 2.02101 1.96152 128 128 128
-1.87578 2.04179 1.95922 128 128 128
-1.86426 2.0799 1.97356 128 128 128
-1.82834 2.09091 1.96266 128 128 128
-1.79669 2.10634 1.95636 128 128 128
-1.76914 2.12634 1.95464 128 128 128
-1.73826 2.14216 1.94948 128 128 128
-1.70574 2.15563 1.9426 128 128 128
-1.66914 2.16343 1.93113 128 128 128
-1.63556 2.17458 1.92311 128 128 128
-1.59567 2.17666 1.90763 128 128 128
-1.54643 2.16475 1.88068 128 128 128
-1.4968 2.15063 1.85259 128 128 128
-1.46615 2.16273 1.84743 128 128 128
-1.43769 2.17783 1.84514 128 128 128
-1.39002 2.16292 1.8182 128 128 128
-1.36946 2.18954 1.82622 128 128 128
-0.738541 -2.38648 1.76717 128 128 128
-0.765258 -2.36944 1.76144 128 128 128
-0.800016 -2.37696 1.77405 128 128 128
-0.831829 -2.37469 1.77978 128 128 128
-0.862307 -2.36816 1.78265 128 128 128
-0.88841 -2.34973 1.77692 128 128 128
-0.918671 -2.34247 1.77978 128 128 128
-0.951044 -2.34013 1.78666 128 128 128
-0.984132 -2.33886 1.79469 128 128 128
-1.01341 -2.32811 1.79584 128 128 128
-1.04291 -2.31774 1.79756 128 128 128
-1.073 -2.30848 1.80042 128 128 128
-1.10267 -2.2981 1.80272 128 128 128
-1.12824 -2.27925 1.7987 128 128 128
-1.16096 -2.27472 1.80616 128 128 128
-1.19069 -2.26393 1.80902 128 128 128
-1.21683 -2.24627 1.80673 128 128 128
-1.24749 -2.23689 1.81132 128 128 128
-1.27851 -2.22781 1.81648 128 128 128
-1.30784 -2.21549 1.81934 128 128 128
-1.33917 -2.20628 1.82507 128 128 128
-1.36571 -2.18898 1.8245 128 128 128
-1.3938 -2.17413 1.82622 128 128 128
-1.42082 -2.15754 1.82679 128 128 128
-1.44719 -2.13995 1.82679 128 128 128
-1.47988 -2.13145 1.83482 128 128 128
-1.50212 -2.10779 1.83023 128 128 128
-1.53319 -2.09648 1.83654 128 128 128
-1.56617 -2.08734 1.84514 128 128 128
-1.59467 -2.07186 1.84858 128 128 128
-1.62758 -2.06179 1.85718 128 128 128
-1.65276 -2.04166 1.85718 128 128 128
-1.68554 -2.03068 1.86578 128 128 128
-1.7029 -2.00111 1.85775 128 128 128
-1.73917 -1.99365 1.87036 128 128 128
-1.7575 -1.96544 1.86406 128 128 128
-1.8014 -1.96548 1.8847 128 128 128
-1.82875 -1.94681 1.88814 128 128 128
-1.85762 -1.92953 1.8933 128 128 128
-1.88115 -1.90659 1.8933 128 128 128
-1.91838 -1.8972 1.90706 128 128 128
-1.85372 -1.78869 1.82164 128 128 128
-1.88566 -1.77536 1.83138 128 128 128
-1.9833 -1.82198 1.90362 128 128 128
-2.01099 -1.80243 1.90878 128 128 128
-2.03419 -1.77869 1.90992 128 128 128
-2.0621 -1.75892 1.91565 128 128 128
-2.08542 -1.73505 1.91737 128 128 128
-2.11164 -1.71346 1.92196 128 128 128
-2.13893 -1.69251 1.92769 128 128 128
-2.15629 -1.66363 1.92483 128 128 128
-0.792859 -0.595116 0.712891 128 128 128
-0.800102 -0.585341 0.712891 128 128 128
-0.808558 -0.576432 0.714038 128 128 128
-0.808848 -0.561782 0.708305 128 128 128
-0.800089 -0.54123 0.695119 128 128 128
-0.802569 -0.52866 0.69168 128 128 128
-0.825533 -0.529413 0.705439 128 128 128
-0.825718 -0.515328 0.700279 128 128 128
-0.838976 -0.50942 0.706012 128 128 128
-2.34654 -1.38884 1.92712 128 128 128
-2.38826 -1.37425 1.94719 128 128 128
-2.41209 -1.34884 1.95292 128 128 128
-2.43494 -1.32267 1.95808 128 128 128
-2.45461 -1.2946 1.96094 128 128 128
-2.47542 -1.267 1.96496 128 128 128
-2.48418 -1.23324 1.9598 128 128 128
-2.49912 -1.20266 1.9598 128 128 128
-2.52186 -1.17572 1.9661 128 128 128
-2.52938 -1.14164 1.96094 128 128 128
-2.54995 -1.11347 1.9661 128 128 128
-2.57173 -1.08561 1.97241 128 128 128
-2.58637 -1.05459 1.97356 128 128 128
-2.60598 -1.02547 1.97872 128 128 128
-2.61684 -0.992833 1.97757 128 128 128
-2.62728 -0.960082 1.97642 128 128 128
-2.64772 -0.894528 1.9747 128 128 128
-2.71262 -0.806526 1.99936 128 128 128
-2.71837 -0.772056 1.99649 128 128 128
-2.74899 -0.744433 2.01197 128 128 128
-2.73968 -0.70593 1.99878 128 128 128
-2.75848 -0.674794 2.00623 128 128 128
-2.76655 -0.640892 2.00623 128 128 128
-2.79342 -0.611107 2.01999 128 128 128
-2.78385 -0.573302 2.00795 128 128 128
-2.8693 0.481229 1.93894 128 128 128
-2.8796 0.519393 1.94995 128 128 128
-2.86891 0.553893 1.9472 128 128 128
-2.8619 0.589058 1.9472 128 128 128
-2.85527 0.624313 1.94775 128 128 128
-2.85553 0.6612 1.95325 128 128 128
-2.84882 0.696591 1.95435 128 128 128
-2.83117 0.729194 1.9483 128 128 128
-2.82281 0.764101 1.94885 128 128 128
-2.8084 0.797308 1.94555 128 128 128
-2.77365 0.86151 1.93564 128 128 128
-2.76842 0.897292 1.93949 128 128 128
-2.60594 1.25372 1.92738 128 128 128
-2.59111 1.28597 1.92793 128 128 128
-2.57439 1.31729 1.92738 128 128 128
-2.54475 1.34176 1.91747 128 128 128
-2.53469 1.37648 1.92243 128 128 128
-2.51833 1.40789 1.92298 128 128 128
-2.49219 1.43368 1.91637 128 128 128
-2.47513 1.46458 1.91692 128 128 128
-2.46338 1.49876 1.92188 128 128 128
-2.4342 1.52222 1.91362 128 128 128
-2.40972 1.54835 1.90922 128 128 128
-2.39541 1.58104 1.91307 128 128 128
-2.3634 1.60186 1.90316 128 128 128
-2.27717 1.58438 1.84976 128 128 128
-2.25281 1.60881 1.84591 128 128 128
-2.27459 1.66699 1.88004 128 128 128
-2.28329 1.7169 1.90426 128 128 128
-2.2462 1.73253 1.89105 128 128 128
-2.21758 1.75426 1.88499 128 128 128
-2.20366 1.78766 1.8916 128 128 128
-2.18348 1.81617 1.89325 128 128 128
-2.15531 1.83795 1.8883 128 128 128
-2.13197 1.86371 1.88775 128 128 128
-2.10832 1.88917 1.8872 128 128 128
-2.08436 1.91434 1.88665 128 128 128
-2.06071 1.93977 1.88665 128 128 128
-2.03555 1.96375 1.88554 128 128 128
-2.0036 1.98094 1.87839 128 128 128
-1.97914 2.00538 1.87839 128 128 128
-1.95438 2.02951 1.87839 128 128 128
-1.92933 2.05334 1.87839 128 128 128
-1.92201 2.09659 1.896 128 128 128
-1.89002 2.11316 1.88995 128 128 128
-1.8508 2.12108 1.87674 128 128 128
-1.82463 2.14363 1.87674 128 128 128
-1.7934 2.16007 1.87178 128 128 128
-1.76046 2.17412 1.86518 128 128 128
-1.72849 2.189 1.85967 128 128 128
-1.70505 2.21468 1.86353 128 128 128
-1.67725 2.23477 1.86297 128 128 128
-1.65117 2.25721 1.86463 128 128 128
-1.61223 2.26165 1.85197 128 128 128
-1.58863 2.28744 1.85692 128 128 128
-1.55624 2.30053 1.85197 128 128 128
-1.52056 2.30829 1.84316 128 128 128
-1.48762 2.31974 1.83765 128 128 128
-1.46434 2.34633 1.84426 128 128 128
-1.43025 2.35555 1.83765 128 128 128
-1.40081 2.3722 1.8371 128 128 128
-1.36828 2.38342 1.8327 128 128 128
-1.33649 2.39565 1.8294 128 128 128
-1.29629 2.39203 1.81453 128 128 128
-1.27459 2.42255 1.82554 128 128 128
-1.23038 2.40973 1.80462 128 128 128
-1.17524 2.37298 1.76664 128 128 128
-1.13667 2.36764 1.75233 128 128 128
-1.09631 2.35717 1.73471 128 128 128
-1.06354 2.36207 1.72866 128 128 128
-1.0275 2.35886 1.7171 128 128 128
-0.990737 2.35281 1.70389 128 128 128
-0.959285 2.3586 1.69948 128 128 128
-0.926322 2.36008 1.69233 128 128 128
-0.890527 2.3533 1.67966 128 128 128
-0.856176 2.34914 1.66921 128 128 128
-0.825086 2.35316 1.6648 128 128 128
-0.791905 2.35044 1.65599 128 128 128
-0.752276 2.3266 1.63287 128 128 128
-0.717283 2.31491 1.61856 128 128 128
-0.687407 2.31873 1.61526 128 128 128
-0.658223 2.32458 1.61361 128 128 128
-0.627054 2.32281 1.607 128 128 128
-0.595823 2.31981 1.59985 128 128 128
-0.528264 2.16547 1.4903 128 128 128
-0.45714 1.97729 1.35873 128 128 128
-0.427378 1.95745 1.34167 128 128 128
-0.402826 1.96009 1.34002 128 128 128
-0.377805 1.95997 1.33672 128 128 128
-0.351242 1.95048 1.32736 128 128 128
-0.325784 1.94559 1.3213 128 128 128
-0.300877 1.94284 1.3169 128 128 128
-0.276781 1.94473 1.3158 128 128 128
-0.252896 1.94798 1.3158 128 128 128
-0.225251 1.91859 1.29433 128 128 128
-0.200242 1.90709 1.28497 128 128 128
-0.173298 1.87033 1.2591 128 128 128
-0.150787 1.87814 1.26295 128 128 128
-0.126854 1.86652 1.25414 128 128 128
-0.10354 1.86043 1.24919 128 128 128
-0.0807703 1.86323 1.25029 128 128 128
-0.0660231 2.14781 1.43745 128 128 128
-0.0392926 2.12592 1.42259 128 128 128
-0.0130889 2.0987 1.40442 128 128 128
0.0123859 2.06447 1.38185 128 128 128
0.0386929 2.11174 1.41323 128 128 128
0.0644403 2.1061 1.40993 128 128 128
0.0899425 2.09764 1.40497 128 128 128
0.113526 2.05888 1.3802 128 128 128
0.137739 2.04234 1.37029 128 128 128
0.162109 2.03217 1.36479 128 128 128
0.186172 2.02089 1.35873 128 128 128
0.186494 1.78933 1.2068 128 128 128
0.202213 1.73468 1.17212 128 128 128
0.223703 1.73373 1.17322 128 128 128
0.243175 1.71846 1.16497 128 128 128
0.257911 1.67493 1.13799 128 128 128
0.278724 1.67329 1.13909 128 128 128
0.295501 1.6492 1.12533 128 128 128
0.315557 1.64464 1.12478 128 128 128
0.334189 1.63328 1.11983 128 128 128
0.353489 1.6258 1.11762 128 128 128
0.371517 1.61321 1.11212 128 128 128
0.390687 1.60609 1.11047 128 128 128
0.408482 1.5939 1.10551 128 128 128
0.427352 1.58636 1.10386 128 128 128
0.447475 1.5834 1.10551 128 128 128
0.464003 1.56819 1.09891 128 128 128
0.486199 1.57194 1.10551 128 128 128
0.555887 1.72064 1.21286 128 128 128
0.578302 1.71764 1.21561 128 128 128
0.600449 1.71357 1.21781 128 128 128
0.622583 1.7092 1.22001 128 128 128
0.645591 1.7069 1.22387 128 128 128
0.665568 1.69652 1.22222 128 128 128
0.682541 1.67895 1.21561 128 128 128
0.706025 1.67737 1.22056 128 128 128
0.723539 1.66169 1.21561 128 128 128
0.737329 1.63824 1.20515 128 128 128
0.755962 1.62605 1.20295 128 128 128
0.775496 1.61589 1.2024 128 128 128
0.79415 1.60401 1.20075 128 128 128
0.811867 1.59044 1.19799 128 128 128
0.831323 1.58035 1.19799 128 128 128
0.845859 1.56124 1.19139 128 128 128
0.862912 1.5471 1.18864 128 128 128
0.875988 1.52627 1.18093 128 128 128
0.89252 1.51182 1.17818 128 128 128
0.909265 1.4979 1.17597 128 128 128
0.926247 1.48451 1.17432 128 128 128
0.946656 1.47654 1.17708 128 128 128
0.96747 1.46899 1.18038 128 128 128
0.971809 1.43698 1.16441 128 128 128
0.978856 1.40989 1.1523 128 128 128
1.00338 1.40795 1.16056 128 128 128
1.02701 1.40428 1.16772 128 128 128
1.05171 1.40156 1.17597 128 128 128
1.07649 1.39846 1.18423 128 128 128
1.0998 1.39299 1.19084 128 128 128
1.12155 1.38521 1.19579 128 128 128
1.14221 1.37583 1.19965 128 128 128
1.16335 1.36679 1.20405 128 128 128
1.18004 1.35241 1.20405 128 128 128
1.52193 1.69979 1.52498 128 128 128
1.56021 1.70002 1.54204 128 128 128
1.56318 1.66193 1.52498 128 128 128
1.55908 1.61742 1.50186 128 128 128
1.50161 0.252489 1.02459 128 128 128
0.992812 -1.50428 1.209 128 128 128
0.958241 -1.53244 1.21231 128 128 128
0.945845 -1.5548 1.22056 128 128 128
0.926694 -1.56629 1.22056 128 128 128
0.931027 -1.61885 1.25194 128 128 128
0.877786 -1.66533 1.26185 128 128 128
0.856905 -1.67524 1.2613 128 128 128
0.835545 -1.68413 1.2602 128 128 128
0.816255 -1.69727 1.2624 128 128 128
0.797119 -1.71094 1.26515 128 128 128
0.788355 -1.74802 1.28497 128 128 128
0.775146 -1.77672 1.29873 128 128 128
0.750703 -1.77993 1.29433 128 128 128
0.738199 -1.81223 1.31084 128 128 128
0.719244 -1.82971 1.3169 128 128 128
0.704088 -1.85793 1.33066 128 128 128
0.68408 -1.87428 1.33616 128 128 128
0.662952 -1.88805 1.34002 128 128 128
0.639733 -1.89604 1.34002 128 128 128
0.620248 -1.91567 1.34828 128 128 128
0.597921 -1.92713 1.35103 128 128 128
0.576585 -1.94233 1.35653 128 128 128
0.551803 -1.94605 1.35433 128 128 128
0.531985 -1.96799 1.36479 128 128 128
0.511299 -1.98812 1.37415 128 128 128
0.491965 -2.01535 1.38846 128 128 128
0.466638 -2.01879 1.38681 128 128 128
0.442534 -2.02763 1.38901 128 128 128
0.422937 -2.05909 1.40663 128 128 128
0.397325 -2.06248 1.40553 128 128 128
0.371547 -2.06474 1.40387 128 128 128
0.354477 -2.11939 1.43745 128 128 128
0.327687 -2.11863 1.43415 128 128 128
0.302705 -2.12993 1.4391 128 128 128
0.281612 -2.17323 1.46553 128 128 128
0.254063 -2.16906 1.46057 128 128 128
0.231091 -2.20773 1.48424 128 128 128
0.204581 -2.21705 1.48865 128 128 128
0.177554 -2.22189 1.4903 128 128 128
0.149947 -2.2189 1.487 128 128 128
0.124569 -2.25559 1.51012 128 128 128
0.0974949 -2.27196 1.52003 128 128 128
0.069392 -2.26548 1.51507 128 128 128
0.0417906 -2.27868 1.52333 128 128 128
0.013811 -2.27568 1.52113 128 128 128
-0.0128304 -2.11873 1.41764 128 128 128
-0.0358913 -1.97485 1.32295 128 128 128
-0.0599318 -1.96842 1.3191 128 128 128
-0.0839702 -1.96504 1.31745 128 128 128
-0.108556 -1.97219 1.32295 128 128 128
-0.154158 -2.27803 1.52608 128 128 128
-0.190221 -2.37498 1.59159 128 128 128
-0.218881 -2.36748 1.58828 128 128 128
-0.245435 -2.34137 1.57287 128 128 128
-0.260019 -2.21964 1.49415 128 128 128
-0.283423 -2.18731 1.47489 128 128 128
-0.310363 -2.18449 1.47544 128 128 128
-0.334174 -2.16155 1.46278 128 128 128
-0.358444 -2.14412 1.45397 128 128 128
-0.382487 -2.12724 1.44571 128 128 128
-0.409839 -2.12894 1.45011 128 128 128
-0.442377 -2.15481 1.47103 128 128 128
-0.469325 -2.15167 1.47268 128 128 128
-0.502898 -2.17664 1.4936 128 128 128
-0.551721 -2.26029 1.55471 128 128 128
-0.606858 -2.35921 1.62682 128 128 128
-0.636202 -2.3532 1.62792 128 128 128
-0.6687 -2.35806 1.63673 128 128 128
-0.700934 -2.36087 1.64443 128 128 128
-0.730101 -2.35289 1.64498 128 128 128
-0.761248 -2.3509 1.64994 128 128 128
-0.791381 -2.34533 1.65269 128 128 128
-0.81899 -2.3323 1.65049 128 128 128
-0.859632 -2.35499 1.67361 128 128 128
-0.888467 -2.34426 1.67361 128 128 128
-0.920543 -2.34172 1.67966 128 128 128
-0.960598 -2.35806 1.69948 128 128 128
-0.990114 -2.34763 1.70058 128 128 128
-1.01885 -2.33531 1.70058 128 128 128
-1.05156 -2.33175 1.70719 128 128 128
-1.07727 -2.31262 1.70278 128 128 128
-1.1092 -2.30675 1.70829 128 128 128
-1.13742 -2.29296 1.70829 128 128 128
-1.17158 -2.29071 1.7171 128 128 128
-1.19296 -2.26362 1.70774 128 128 128
-1.23104 -2.26787 1.72205 128 128 128
-1.26572 -2.26497 1.73141 128 128 128
-1.29634 -2.25433 1.73526 128 128 128
-1.32263 -2.2361 1.73361 128 128 128
-1.35302 -2.22468 1.73747 128 128 128
-1.38066 -2.20862 1.73802 128 128 128
-1.4072 -2.19081 1.73747 128 128 128
-1.43721 -2.17825 1.74132 128 128 128
-1.46524 -2.16252 1.74297 128 128 128
-1.49931 -2.15533 1.75178 128 128 128
-1.52322 -2.13337 1.74903 128 128 128
-1.55027 -2.11586 1.75013 128 128 128
-1.57411 -2.09402 1.74792 128 128 128
-1.60531 -2.0818 1.75398 128 128 128
-1.64267 -2.07699 1.76664 128 128 128
-1.66646 -2.05473 1.76499 128 128 128
-1.69208 -2.03477 1.76554 128 128 128
-1.71638 -2.01321 1.76499 128 128 128
-1.74591 -1.99765 1.76994 128 128 128
-1.76471 -1.96987 1.76444 128 128 128
-1.79724 -1.95727 1.7727 128 128 128
-1.83258 -1.94721 1.78371 128 128 128
-1.8546 -1.92277 1.78205 128 128 128
-1.88864 -1.91054 1.79196 128 128 128
-1.92444 -1.89951 1.80352 128 128 128
-1.94941 -1.87749 1.80517 128 128 128
-1.97291 -1.854 1.80572 128 128 128
-1.98565 -1.82063 1.79692 128 128 128
-2.03838 -1.82335 1.82389 128 128 128
-2.06186 -1.7993 1.82499 128 128 128
-2.09015 -1.77926 1.8305 128 128 128
-2.10669 -1.74922 1.82609 128 128 128
-2.13579 -1.72953 1.8327 128 128 128
-2.15685 -1.70319 1.8327 128 128 128
-2.18289 -1.68066 1.8371 128 128 128
-2.20602 -1.65574 1.8393 128 128 128
-0.815571 -0.600176 0.688249 128 128 128
-0.814026 -0.583838 0.681093 128 128 128
-0.825249 -0.576655 0.684396 128 128 128
-0.810111 -0.551552 0.66678 128 128 128
-0.818214 -0.542485 0.667881 128 128 128
-0.832548 -0.537348 0.673936 128 128 128
-0.84546 -0.531059 0.678891 128 128 128
-0.850485 -0.519779 0.67779 128 128 128
-0.87191 -0.518193 0.68935 128 128 128
-2.4327 -1.39646 1.87013 128 128 128
-2.44746 -1.36529 1.86848 128 128 128
-2.46623 -1.33634 1.87013 128 128 128
-2.48762 -1.30869 1.87398 128 128 128
-2.49903 -1.27579 1.87068 128 128 128
-2.52498 -1.2502 1.87839 128 128 128
-2.54315 -1.22056 1.88059 128 128 128
-2.55111 -1.1861 1.87564 128 128 128
-2.57233 -1.15778 1.88059 128 128 128
-2.59324 -1.12911 1.88554 128 128 128
-2.60074 -1.09462 1.88114 128 128 128
-2.62327 -1.06638 1.88775 128 128 128
-2.63693 -1.03442 1.8883 128 128 128
-2.64865 -1.00168 1.88775 128 128 128
-2.66152 -0.96939 1.8883 128 128 128
-2.68189 -0.939679 1.89435 128 128 128
-2.69401 -0.906962 1.8949 128 128 128
-2.70494 -0.873834 1.8949 128 128 128
-2.71546 -0.840575 1.8949 128 128 128
-2.73438 -0.809782 1.90096 128 128 128
-2.75215 -0.778426 1.90646 128 128 128
-2.76875 -0.746539 1.91142 128 128 128
-2.78498 -0.714361 1.91637 128 128 128
-2.79273 -0.679935 1.91582 128 128 128
-2.83632 -0.580837 1.92958 128 128 128
-2.81617 -0.540834 1.91142 128 128 128
-2.82752 -0.507111 1.91472 128 128 128
-2.84259 -0.47387 1.92078 128 128 128
-2.8482 -0.438952 1.92078 128 128 128
-2.85254 -0.403851 1.92022 128 128 128
-2.8755 -0.371138 1.93234 128 128 128
-2.87569 -0.335347 1.92958 128 128 128
-2.96238 0.348653 1.88803 128 128 128
-2.93098 0.381493 1.87105 128 128 128
-2.9286 0.417789 1.87264 128 128 128
-2.92157 0.453437 1.87158 128 128 128
-2.91913 0.489815 1.8737 128 128 128
-2.90623 0.524399 1.86946 128 128 128
-2.90707 0.561467 1.87423 128 128 128
-2.88999 0.595052 1.86787 128 128 128
-2.88754 0.706247 1.88166 128 128 128
-2.94188 0.757881 1.92251 128 128 128
-2.83316 0.842258 1.87105 128 128 128
-2.70022 1.21867 1.87529 128 128 128
-2.6474 1.23418 1.8493 128 128 128
-2.63511 1.26805 1.85142 128 128 128
-2.61707 1.29916 1.84983 128 128 128
-2.59414 1.3277 1.84505 128 128 128
-2.5844 1.36299 1.84983 128 128 128
-2.56078 1.39097 1.84505 128 128 128
-2.53019 1.41485 1.83551 128 128 128
-2.50897 1.44368 1.83285 128 128 128
-2.48814 1.47263 1.83073 128 128 128
-2.46916 1.50262 1.8302 128 128 128
-2.45053 1.5328 1.8302 128 128 128
-2.43297 1.56368 1.83126 128 128 128
-2.40227 1.58595 1.82277 128 128 128
-2.37912 1.61293 1.82012 128 128 128
-2.35776 1.64104 1.81906 128 128 128
-2.33813 1.67034 1.81959 128 128 128
-2.32771 1.70642 1.82755 128 128 128
-2.3005 1.73027 1.82277 128 128 128
-2.27574 1.75578 1.82012 128 128 128
-2.25468 1.78411 1.82065 128 128 128
-2.2313 1.81057 1.81959 128 128 128
-2.19653 1.82752 1.80951 128 128 128
-2.1791 1.85874 1.81375 128 128 128
-2.15677 1.8859 1.81428 128 128 128
-2.12841 1.9077 1.81004 128 128 128
-2.10796 1.93654 1.81269 128 128 128
-2.08465 1.96284 1.81322 128 128 128
-2.04515 1.97357 1.79996 128 128 128
-2.02983 2.00745 1.80792 128 128 128
-1.99968 2.02678 1.80314 128 128 128
-1.96583 2.04201 1.79519 128 128 128
-1.94643 2.07216 1.80049 128 128 128
-1.91856 2.09339 1.79837 128 128 128
-1.88821 2.11172 1.79413 128 128 128
-1.87051 2.14431 1.80208 128 128 128
-1.83581 2.15743 1.79413 128 128 128
-1.80378 2.17327 1.78882 128 128 128
-1.77911 2.19788 1.79094 128 128 128
-1.75306 2.22088 1.792 128 128 128
-1.72619 2.24289 1.79253 128 128 128
-1.69803 2.26323 1.792 128 128 128
-1.66362 2.275 1.78511 128 128 128
-1.63656 2.29663 1.78617 128 128 128
-1.59277 2.29426 1.76919 128 128 128
-1.56877 2.31995 1.77397 128 128 128
-1.53272 2.32771 1.76548 128 128 128
-1.5045 2.34705 1.76601 128 128 128
-1.4702 2.35671 1.75964 128 128 128
-1.43896 2.37095 1.75699 128 128 128
-1.41364 2.395 1.76176 128 128 128
-1.38414 2.41217 1.76176 128 128 128
-1.35485 2.42971 1.76229 128 128 128
-1.31928 2.43572 1.75487 128 128 128
-1.28771 2.44873 1.75275 128 128 128
-1.25949 2.46812 1.7554 128 128 128
0.154125 -2.30463 1.4668 128 128 128
-0.0160783 -2.34956 1.49173 128 128 128
-0.062658 -1.98836 1.26627 128 128 128
-0.0870536 -1.98745 1.26627 128 128 128
-0.111342 -1.98454 1.26521 128 128 128
-0.190164 -2.35806 1.50181 128 128 128
-0.215032 -2.31166 1.47423 128 128 128
-0.240292 -2.27934 1.45566 128 128 128
-0.265581 -2.25349 1.44134 128 128 128
-0.291144 -2.23409 1.43126 128 128 128
-0.316987 -2.21944 1.42436 128 128 128
-0.340571 -2.19192 1.4095 128 128 128
-0.373457 -2.22353 1.43232 128 128 128
-0.411823 -2.28052 1.47157 128 128 128
-0.462544 -2.39349 1.54691 128 128 128
-0.493927 -2.3976 1.55327 128 128 128
-0.524216 -2.3955 1.55593 128 128 128
-0.555863 -2.39879 1.56229 128 128 128
-0.585861 -2.39426 1.56388 128 128 128
-0.616042 -2.39018 1.56601 128 128 128
-0.645991 -2.38489 1.5676 128 128 128
-0.675208 -2.37678 1.5676 128 128 128
-0.70553 -2.37238 1.57025 128 128 128
-0.743378 -2.39188 1.58882 128 128 128
-0.773196 -2.38419 1.58988 128 128 128
-0.804021 -2.37935 1.59306 128 128 128
-0.840738 -2.3909 1.60739 128 128 128
-0.87263 -2.38757 1.61216 128 128 128
-0.899461 -2.37034 1.60792 128 128 128
-0.93375 -2.37253 1.61693 128 128 128
-0.960238 -2.35461 1.61269 128 128 128
-0.994328 -2.35515 1.62118 128 128 128
-1.02248 -2.34122 1.62012 128 128 128
-1.05218 -2.33081 1.62171 128 128 128
-1.08034 -2.31696 1.62118 128 128 128
-1.11347 -2.31346 1.62808 128 128 128
-1.15231 -2.32088 1.64293 128 128 128
-1.17685 -2.29902 1.63762 128 128 128
-1.20576 -2.28591 1.63869 128 128 128
-1.24019 -2.28286 1.64717 128 128 128
-1.27597 -2.28153 1.65725 128 128 128
-1.3026 -2.26349 1.65566 128 128 128
-1.33157 -2.24953 1.65725 128 128 128
-1.3626 -2.23881 1.6615 128 128 128
-1.39222 -2.22552 1.66415 128 128 128
-1.42263 -2.21326 1.66786 128 128 128
-1.45248 -2.19988 1.67105 128 128 128
-1.4846 -2.18961 1.67688 128 128 128
-1.51329 -2.17401 1.679 128 128 128
-1.53887 -2.1539 1.67794 128 128 128
-1.56418 -2.13348 1.67688 128 128 128
-1.59381 -2.11887 1.6806 128 128 128
-1.62539 -2.10654 1.68643 128 128 128
-1.65532 -2.09175 1.69068 128 128 128
-1.67873 -2.06865 1.68855 128 128 128
-1.70778 -2.05246 1.69227 128 128 128
-1.73504 -2.03393 1.69439 128 128 128
-1.76377 -2.01695 1.6981 128 128 128
-1.78895 -1.99579 1.69863 128 128 128
-1.82076 -1.9818 1.70553 128 128 128
-1.85714 -1.97228 1.71667 128 128 128
-1.88826 -1.95666 1.72304 128 128 128
-1.91273 -1.93394 1.72357 128 128 128
-1.93752 -1.91152 1.72463 128 128 128
-1.96083 -1.8876 1.72463 128 128 128
-1.98941 -1.86862 1.7294 128 128 128
-2.01968 -1.85094 1.73577 128 128 128
-2.03214 -1.81697 1.72728 128 128 128
-2.07536 -1.8103 1.74479 128 128 128
-2.09354 -1.7814 1.7416 128 128 128
-2.12372 -1.76261 1.7485 128 128 128
-2.15705 -1.74603 1.75805 128 128 128
-2.17033 -1.71312 1.75168 128 128 128
-2.19186 -1.68687 1.75222 128 128 128
-2.23341 -1.67563 1.76866 128 128 128
-0.817438 -0.596572 0.654588 128 128 128
-0.824697 -0.586496 0.654588 128 128 128
-0.819303 -0.567623 0.645038 128 128 128
-0.817783 -0.551824 0.638672 128 128 128
-0.830863 -0.545946 0.643447 128 128 128
-0.838927 -0.536624 0.644508 128 128 128
-0.839697 -0.522697 0.640264 128 128 128
-0.854741 -0.517635 0.64663 128 128 128
-0.865408 -0.509695 0.649813 128 128 128
-2.44892 -1.40526 1.78829 128 128 128
-2.48078 -1.38337 1.7989 128 128 128
-2.49757 -1.35282 1.7989 128 128 128
-2.51849 -1.32444 1.80208 128 128 128
-2.53455 -1.29343 1.80208 128 128 128
-2.55555 -1.26487 1.8058 128 128 128
-2.5747 -1.23525 1.80845 128 128 128
-2.5912 -1.20427 1.80951 128 128 128
-2.60578 -1.17238 1.80951 128 128 128
-2.6223 -1.14134 1.8111 128 128 128
-2.63611 -1.10907 1.8111 128 128 128
-2.64874 -1.07632 1.81057 128 128 128
-2.66333 -1.04435 1.81163 128 128 128
-2.69021 -1.01699 1.82118 128 128 128
-2.7001 -0.983033 1.81959 128 128 128
-2.9394 -0.909597 1.94691 128 128 128
-2.73579 -0.809826 1.80686 128 128 128
-2.77407 -0.784279 1.82543 128 128 128
-2.78594 -0.750841 1.82702 128 128 128
-2.80644 -0.71955 1.83444 128 128 128
-2.80847 -0.683449 1.8302 128 128 128
-2.8249 -0.650841 1.83551 128 128 128
-2.83516 -0.616668 1.8371 128 128 128
-2.85165 -0.583704 1.84293 128 128 128
-2.86692 -0.550268 1.84824 128 128 128
-2.86345 -0.513245 1.84187 128 128 128
-2.94859 0.482599 1.781 128 128 128
-2.93736 0.517841 1.77796 128 128 128
-2.92316 0.552397 1.7734 128 128 128
-2.9263 0.590287 1.77948 128 128 128
-2.91715 0.625788 1.77847 128 128 128
-2.90085 0.659616 1.7734 128 128 128
-2.89421 0.695569 1.77441 128 128 128
-2.88379 0.730607 1.7734 128 128 128
-2.87544 0.766164 1.7739 128 128 128
-2.83014 0.791359 1.75209 128 128 128
-2.85188 0.873511 1.77796 128 128 128
-2.67553 1.23416 1.75666 128 128 128
-2.65085 1.26244 1.75057 128 128 128
-2.63593 1.29526 1.75108 128 128 128
-2.61907 1.32712 1.75057 128 128 128
-2.60259 1.35916 1.75057 128 128 128
-2.58571 1.39099 1.75057 128 128 128
-2.56694 1.42178 1.74956 128 128 128
-2.5493 1.45317 1.74956 128 128 128
-2.52385 1.47998 1.74448 128 128 128
-2.50329 1.5095 1.74296 128 128 128
-2.48604 1.54101 1.74398 128 128 128
-2.4604 1.56723 1.73941 128 128 128
-2.44459 1.59967 1.74195 128 128 128
-2.41548 1.62328 1.73535 128 128 128
-2.39822 1.65477 1.73738 128 128 128
-2.37703 1.68357 1.73687 128 128 128
-2.35828 1.71414 1.7384 128 128 128
-2.33568 1.74192 1.73738 128 128 128
-2.31277 1.7694 1.73637 128 128 128
-2.29359 1.79978 1.7384 128 128 128
-2.25523 1.8148 1.72622 128 128 128
-2.23479 1.84398 1.72774 128 128 128
-2.21659 1.87517 1.7313 128 128 128
-2.18496 1.89488 1.7247 128 128 128
-2.16154 1.92155 1.7247 128 128 128
-2.1378 1.94793 1.7247 128 128 128
-2.11185 1.97225 1.72318 128 128 128
-2.08811 1.99861 1.72369 128 128 128
-2.06281 2.02348 1.72318 128 128 128
-2.03721 2.04803 1.72267 128 128 128
-2.00594 2.06668 1.7176 128 128 128
-1.98575 2.09678 1.72216 128 128 128
-1.9587 2.11973 1.72115 128 128 128
-1.89682 2.10386 1.6897 128 128 128
-1.89188 2.15096 1.70847 128 128 128
-1.85862 2.16615 1.70238 128 128 128
-1.83301 2.19012 1.7034 128 128 128
-1.8011 2.20643 1.69883 128 128 128
-1.77121 2.225 1.6963 128 128 128
-1.74008 2.24179 1.69275 128 128 128
-1.70621 2.25472 1.68666 128 128 128
-1.67586 2.27202 1.68412 128 128 128
-1.64635 2.29031 1.6826 128 128 128
-1.60628 2.29338 1.67043 128 128 128
-1.58286 2.32004 1.6755 128 128 128
-1.55237 2.33642 1.67347 128 128 128
-1.51237 2.33791 1.6613 128 128 128
-1.48494 2.35848 1.66282 128 128 128
-1.45005 2.36697 1.65622 128 128 128
-1.42353 2.38903 1.65927 128 128 128
-1.39066 2.40035 1.65521 128 128 128
-1.36026 2.41573 1.6542 128 128 128
-1.32639 2.42467 1.64912 128 128 128
-1.29492 2.43772 1.64709 128 128 128
-1.26176 2.44729 1.64304 128 128 128
-1.22625 2.45179 1.63593 128 128 128
-1.19308 2.46045 1.63188 128 128 128
-1.16206 2.47334 1.63086 128 128 128
-1.13091 2.48585 1.62985 128 128 128
-1.09444 2.48612 1.62122 128 128 128
-1.06553 2.50333 1.62376 128 128 128
-1.02853 2.50106 1.61412 128 128 128
-0.999025 2.5167 1.61615 128 128 128
-0.965612 2.52233 1.61209 128 128 128
-0.933993 2.53237 1.61108 128 128 128
-0.902846 2.54364 1.61108 128 128 128
-0.870733 2.55208 1.60956 128 128 128
-0.834812 2.54864 1.60094 128 128 128
-0.806042 2.56692 1.60601 128 128 128
-0.774728 2.57745 1.60651 128 128 128
-0.741857 2.58262 1.60398 128 128 128
-0.707845 2.58321 1.59891 128 128 128
-0.67393 2.58336 1.59383 128 128 128
-0.617675 2.49185 1.53347 128 128 128
-0.520929 2.21555 1.36203 128 128 128
-0.493887 2.22262 1.36253 128 128 128
-0.465 2.22092 1.35797 128 128 128
-0.43376 2.20616 1.34579 128 128 128
-0.405421 2.20453 1.34174 128 128 128
-0.375606 2.1932 1.3321 128 128 128
-0.346263 2.18231 1.32297 128 128 128
-0.315156 2.15654 1.30522 128 128 128
-0.286532 2.14401 1.29558 128 128 128
-0.259385 2.14052 1.29152 128 128 128
-0.232184 2.13498 1.28645 128 128 128
-0.237675 2.474 1.48528 128 128 128
-0.207649 2.48103 1.48782 128 128 128
-0.175812 2.46361 1.47615 128 128 128
-0.144335 2.44407 1.46347 128 128 128
-0.113983 2.43791 1.45891 128 128 128
-0.0838325 2.43224 1.45485 128 128 128
-0.0529961 2.38483 1.42645 128 128 128
-0.0236289 2.37324 1.41934 128 128 128
0.00540617 2.3518 1.40666 128 128 128
0.0341101 2.34208 1.40108 128 128 128
0.0622298 2.31995 1.3884 128 128 128
0.0902353 2.30782 1.38181 128 128 128
0.118136 2.29879 1.37724 128 128 128
0.14566 2.28685 1.37116 128 128 128
0.172439 2.26857 1.36152 128 128 128
0.199257 2.25512 1.35492 128 128 128
0.225859 2.24222 1.34884 128 128 128
0.252175 2.229 1.34275 128 128 128
0.277001 2.20608 1.33108 128 128 128
0.303574 2.1991 1.32906 128 128 128
0.331187 2.19947 1.33159 128 128 128
0.355906 2.18163 1.32348 128 128 128
0.370731 2.11007 1.2834 128 128 128
0.38434 2.04102 1.24485 128 128 128
0.363524 1.81066 1.10942 128 128 128
0.387718 1.81533 1.115 128 128 128
0.406696 1.79615 1.10638 128 128 128
0.427491 1.786 1.10333 128 128 128
0.448525 1.77728 1.10131 128 128 128
0.470524 1.77248 1.10181 128 128 128
0.488973 1.75495 1.09471 128 128 128
0.508037 1.74055 1.08964 128 128 128
0.522257 1.71113 1.07544 128 128 128
0.540316 1.69556 1.06986 128 128 128
0.558618 1.68145 1.06529 128 128 128
0.57467 1.66145 1.05718 128 128 128
0.592372 1.64698 1.05261 128 128 128
0.613753 1.64281 1.05464 128 128 128
0.678072 1.74835 1.12616 128 128 128
0.703356 1.74948 1.13225 128 128 128
0.725438 1.74231 1.13326 128 128 128
0.76665 1.77913 1.16268 128 128 128
0.788425 1.76959 1.16268 128 128 128
0.81334 1.76682 1.16725 128 128 128
0.844626 1.77692 1.18044 128 128 128
0.859887 1.75328 1.17181 128 128 128
0.863366 1.70726 1.14848 128 128 128
0.88065 1.68967 1.14391 128 128 128
0.89313 1.66357 1.13377 128 128 128
0.913897 1.65324 1.13428 128 128 128
0.934971 1.6434 1.13529 128 128 128
0.952446 1.62734 1.13225 128 128 128
0.966544 1.60595 1.12565 128 128 128
0.982537 1.58811 1.1216 128 128 128
1.0001 1.57303 1.11957 128 128 128
1.01743 1.55775 1.11754 128 128 128
1.0384 1.54801 1.11957 128 128 128
1.04898 1.5231 1.11094 128 128 128
1.06609 1.50801 1.10942 128 128 128
1.08198 1.49133 1.10689 128 128 128
1.09968 1.47725 1.10638 128 128 128
1.11458 1.45954 1.10333 128 128 128
1.13187 1.44508 1.10283 128 128 128
1.12787 1.40426 1.08254 128 128 128
1.14611 1.39164 1.08355 128 128 128
1.16478 1.37944 1.08507 128 128 128
1.18954 1.37415 1.09218 128 128 128
1.21033 1.36395 1.09573 128 128 128
1.23395 1.35663 1.10181 128 128 128
1.25286 1.3439 1.10384 128 128 128
1.27941 1.33899 1.11247 128 128 128
1.27942 1.3066 1.09877 128 128 128
1.29781 1.29323 1.1008 128 128 128
1.32101 1.2844 1.10689 128 128 128
1.34482 1.27578 1.11348 128 128 128
1.3572 1.25626 1.11094 128 128 128
1.37444 1.24124 1.11247 128 128 128
1.39087 1.22542 1.11348 128 128 128
1.40514 1.2077 1.11297 128 128 128
1.4192 1.18981 1.11247 128 128 128
1.43169 1.17068 1.11094 128 128 128
1.54383 0.592853 0.995801 128 128 128
1.57563 0.496554 0.994786 128 128 128
1.58409 0.477922 0.996308 128 128 128
1.59035 0.437544 0.993264 128 128 128
1.59226 0.417131 0.991236 128 128 128
1.59642 0.397354 0.990728 128 128 128
1.60202 0.377929 0.991236 128 128 128
1.60401 0.357685 0.989714 128 128 128
1.61925 0.340249 0.996308 128 128 128
1.60215 0.316238 0.983627 128 128 128
1.62796 0.300563 0.996815 128 128 128
1.59499 0.274379 0.975004 128 128 128
1.59823 0.254786 0.975004 128 128 128
1.60551 0.235768 0.97754 128 128 128
1.6134 0.216723 0.980584 128 128 128
1.61851 0.197214 0.982105 128 128 128
1.53254 0.167922 0.92986 128 128 128
1.40064 0.136484 0.850731 128 128 128
1.42334 0.103445 0.862397 128 128 128
1.11912 -1.63802 1.19007 128 128 128
1.10369 -1.65882 1.19514 128 128 128
1.08792 -1.67948 1.20022 128 128 128
1.06906 -1.69562 1.20225 128 128 128
1.05446 -1.71891 1.20935 128 128 128
1.03857 -1.74062 1.21543 128 128 128
1.02273 -1.76293 1.22203 128 128 128
1.00819 -1.78813 1.23065 128 128 128
0.993589 -1.81399 1.23978 128 128 128
0.971254 -1.82604 1.23978 128 128 128
0.954284 -1.84856 1.24688 128 128 128
0.937292 -1.8717 1.25449 128 128 128
0.915751 -1.88617 1.25652 128 128 128
0.89838 -1.90975 1.26464 128 128 128
0.884122 -1.94104 1.27782 128 128 128
0.868885 -1.97148 1.29051 128 128 128
0.842273 -1.97644 1.28696 128 128 128
0.824811 -2.00337 1.29761 128 128 128
0.796365 -2.00373 1.29152 128 128 128
0.788283 -2.05684 1.31891 128 128 128
0.765655 -2.07364 1.32348 128 128 128
0.742733 -2.09019 1.32804 128 128 128
0.721458 -2.11221 1.33616 128 128 128
0.697886 -2.12827 1.34072 128 128 128
0.671203 -2.13503 1.33971 128 128 128
0.647173 -2.15054 1.34427 128 128 128
0.619314 -2.15335 1.34123 128 128 128
0.592616 -2.15995 1.34072 128 128 128
0.564336 -2.16039 1.33666 128 128 128
0.541901 -2.18389 1.34681 128 128 128
0.517603 -2.20129 1.3534 128 128 128
0.490181 -2.20579 1.35239 128 128 128
0.4643 -2.21755 1.35594 128 128 128
0.439357 -2.23492 1.36304 128 128 128
0.411281 -2.23675 1.36101 128 128 128
0.385096 -2.24928 1.36558 128 128 128
0.358131 -2.25809 1.36811 128 128 128
0.329902 -2.2589 1.36608 128 128 128
0.303394 -2.27218 1.37166 128 128 128
0.277424 -2.29199 1.3813 128 128 128
0.25138 -2.31493 1.39297 128 128 128
0.220607 -2.29296 1.37826 128 128 128
0.192171 -2.29206 1.37623 128 128 128
0.164807 -2.30542 1.38282 128 128 128
0.13675 -2.31157 1.38536 128 128 128
0.108837 -2.32341 1.39145 128 128 128
0.0804297 -2.32802 1.39347 128 128 128
0.0521712 -2.34434 1.40261 128 128 128
0.0234754 -2.35428 1.40818 128 128 128
-0.00534136 -2.33629 1.39753 128 128 128
-0.0338833 -2.3283 1.39297 128 128 128
-0.055894 -2.09942 1.25855 128 128 128
-0.0774853 -1.99697 1.1987 128 128 128
-0.10093 -1.97607 1.18703 128 128 128
-0.125172 -1.97469 1.18703 128 128 128
-0.149998 -1.98073 1.19159 128 128 128
-0.197396 -2.23452 1.34275 128 128 128
-0.23035 -2.28594 1.37471 128 128 128
-0.257793 -2.2778 1.37166 128 128 128
-0.285508 -2.27276 1.37065 128 128 128
-0.314333 -2.27591 1.37471 128 128 128
-0.36395 -2.41416 1.45942 128 128 128
-0.394391 -2.41461 1.46246 128 128 128
-0.427463 -2.42911 1.47413 128 128 128
-0.456111 -2.41775 1.47058 128 128 128
-0.484029 -2.40353 1.4655 128 128 128
-0.518584 -2.42099 1.47971 128 128 128
-0.550562 -2.42453 1.48579 128 128 128
-0.57926 -2.4134 1.48326 128 128 128
-0.610536 -2.41279 1.48731 128 128 128
-0.641437 -2.41011 1.49036 128 128 128
-0.670498 -2.4004 1.48934 128 128 128
-0.699174 -2.38951 1.48782 128 128 128
-0.730727 -2.38816 1.49239 128 128 128
-0.761824 -2.38476 1.49594 128 128 128
-0.7924 -2.37932 1.49847 128 128 128
-0.822106 -2.37104 1.49949 128 128 128
-0.852022 -2.36321 1.50101 128 128 128
-0.881261 -2.35338 1.50152 128 128 128
-0.910074 -2.34239 1.50152 128 128 128
-0.941014 -2.33663 1.50507 128 128 128
-0.978945 -2.34717 1.51927 128 128 128
-1.00527 -2.32944 1.51572 128 128 128
-1.04542 -2.34288 1.53246 128 128 128
-1.08278 -2.34864 1.54463 128 128 128
-1.11673 -2.34606 1.55173 128 128 128
-1.14009 -2.32136 1.54463 128 128 128
-1.16576 -2.30182 1.54108 128 128 128
-1.20152 -2.30184 1.55072 128 128 128
-1.23746 -2.30134 1.56036 128 128 128
-1.25974 -2.27543 1.55325 128 128 128
-1.29955 -2.28075 1.56746 128 128 128
-1.33531 -2.278 1.57659 128 128 128
-1.36183 -2.25923 1.57507 128 128 128
-1.3899 -2.24308 1.57557 128 128 128
-1.42104 -2.23166 1.57963 128 128 128
-1.44973 -2.21622 1.58115 128 128 128
-1.48405 -2.20898 1.58876 128 128 128
-1.50957 -2.18847 1.58724 128 128 128
-1.5458 -2.18313 1.59688 128 128 128
-1.57755 -2.17096 1.60195 128 128 128
-1.60407 -2.15144 1.60195 128 128 128
-1.63193 -2.13364 1.60347 128 128 128
-1.66652 -2.12429 1.61159 128 128 128
-1.68705 -2.09698 1.60651 128 128 128
-1.7132 -2.07678 1.60702 128 128 128
-1.7419 -2.05954 1.61007 128 128 128
-1.76931 -2.04061 1.61209 128 128 128
-1.79881 -2.02389 1.61615 128 128 128
-1.82467 -2.00294 1.61717 128 128 128
-1.85206 -1.98354 1.6197 128 128 128
-1.87865 -1.96315 1.62173 128 128 128
-1.90441 -1.94179 1.62325 128 128 128
-1.94339 -1.93345 1.63593 128 128 128
-1.96635 -1.90885 1.63543 128 128 128
-1.9959 -1.89049 1.6405 128 128 128
-2.02021 -1.86703 1.64151 128 128 128
-2.04425 -1.84325 1.64253 128 128 128
-2.06931 -1.8203 1.64456 128 128 128
-2.09608 -1.79869 1.64811 128 128 128
-2.12262 -1.77669 1.65166 128 128 128
-2.16165 -1.76465 1.66485 128 128 128
-2.18449 -1.73907 1.66586 128 128 128
-2.2043 -1.71107 1.66485 128 128 128
-2.24234 -1.69687 1.67753 128 128 128
-2.25952 -1.66667 1.67499 128 128 128
-0.826838 -0.597832 0.622981 128 128 128
-0.829166 -0.584187 0.61943 128 128 128
-0.82772 -0.568153 0.613344 128 128 128
-0.815948 -0.545582 0.600155 128 128 128
-0.842139 -0.548135 0.613851 128 128 128
-0.852452 -0.54005 0.616387 128 128 128
-0.862693 -0.531793 0.618923 128 128 128
-0.870636 -0.522047 0.619938 128 128 128
-0.882201 -0.514339 0.623488 128 128 128
-2.48788 -1.40074 1.70289 128 128 128
-2.51775 -1.37711 1.71151 128 128 128
-2.53598 -1.34692 1.71253 128 128 128
-2.55922 -1.31924 1.71709 128 128 128
-2.57676 -1.2885 1.71811 128 128 128
-2.59393 -1.25754 1.71912 128 128 128
-2.61541 -1.22853 1.72318 128 128 128
-2.63421 -1.19812 1.72572 128 128 128
-2.64635 -1.16467 1.72419 128 128 128
-2.66679 -1.13479 1.72825 128 128 128
-2.68211 -1.10264 1.72927 128 128 128
-2.69624 -1.06996 1.72977 128 128 128
-2.71078 -1.0374 1.73079 128 128 128
-2.7225 -1.00376 1.73028 128 128 128
-2.73542 -0.970564 1.73079 128 128 128
-2.7561 -0.93997 1.73637 128 128 128
-2.76825 -0.906344 1.73687 128 128 128
-2.77916 -0.872305 1.73687 128 128 128
-2.78966 -0.838135 1.73687 128 128 128
-2.80968 -0.806677 1.74296 128 128 128
-2.81687 -0.771459 1.74144 128 128 128
-2.84281 -0.741156 1.75158 128 128 128
-2.83663 -0.702509 1.74245 128 128 128
-2.79048 -0.65493 1.70948 128 128 128
-2.8631 -0.598149 1.74398 128 128 128
-2.87276 -0.563463 1.7455 128 128 128
-2.8837 -0.528938 1.74803 128 128 128
-2.89167 -0.493799 1.74905 128 128 128
-2.89921 -0.458543 1.75006 128 128 128
-2.91145 -0.423914 1.75412 128 128 128
-2.91729 -0.388266 1.75463 128 128 128
-2.92953 -0.353355 1.75919 128 128 128
-2.93879 -0.317927 1.76224 128 128 128
-2.99129 0.355713 1.70047 128 128 128
-2.97977 0.391487 1.69658 128 128 128
-2.98771 0.429884 1.70387 128 128 128
-2.97444 0.465304 1.69949 128 128 128
-2.96506 0.501189 1.69755 128 128 128
-2.96127 0.538004 1.69901 128 128 128
-2.96302 0.575966 1.70387 128 128 128
-2.95402 0.61193 1.7029 128 128 128
-2.9541 0.726282 1.71701 128 128 128
-2.94469 0.840025 1.7282 128 128 128
-2.82699 0.844153 1.66593 128 128 128
-2.86343 1.05017 1.72139 128 128 128
-2.69519 1.18071 1.66155 128 128 128
-2.70597 1.22521 1.67712 128 128 128
-2.69628 1.26091 1.68052 128 128 128
-2.6743 1.29087 1.67663 128 128 128
-2.65748 1.3232 1.67614 128 128 128
-2.64104 1.35571 1.67614 128 128 128
-2.61803 1.38476 1.67225 128 128 128
-2.59546 1.41386 1.66885 128 128 128
-2.58097 1.44731 1.67079 128 128 128
-2.56226 1.47844 1.67031 128 128 128
-2.54392 1.50977 1.67031 128 128 128
-2.52446 1.54042 1.66982 128 128 128
-2.50388 1.57035 1.66885 128 128 128
-2.47708 1.59623 1.66398 128 128 128
-2.45511 1.62506 1.66252 128 128 128
-2.43354 1.65409 1.66155 128 128 128
-2.41234 1.68333 1.66106 128 128 128
-2.38085 1.70518 1.65376 128 128 128
-2.38157 1.75029 1.66885 128 128 128
-2.34735 1.76993 1.66009 128 128 128
-2.32753 1.8002 1.66155 128 128 128
-2.29705 1.82212 1.65571 128 128 128
-2.27248 1.84851 1.65425 128 128 128
-2.23754 1.8662 1.64549 128 128 128
-2.21846 1.89692 1.64841 128 128 128
-2.19567 1.92457 1.6489 128 128 128
-2.17189 1.95137 1.6489 128 128 128
-2.14778 1.97788 1.6489 128 128 128
-2.12271 2.00349 1.64841 128 128 128
-2.09797 2.02939 1.64841 128 128 128
-2.04931 2.03162 1.62993 128 128 128
-2.01687 2.04914 1.62409 128 128 128
-2.01337 2.09641 1.6416 128 128 128
-1.98211 2.11523 1.63722 128 128 128
-1.94185 2.12392 1.62555 128 128 128
-1.92088 2.15346 1.62993 128 128 128
-1.8857 2.16699 1.62263 128 128 128
-1.86179 2.19329 1.62506 128 128 128
-1.83641 2.21799 1.62652 128 128 128
-1.80082 2.23017 1.61922 128 128 128
-1.76087 2.23632 1.60804 128 128 128
-1.73276 2.25707 1.60755 128 128 128
-1.70546 2.27886 1.60804 128 128 128
-1.67273 2.29327 1.60366 128 128 128
-1.64699 2.31718 1.60609 128 128 128
-1.61545 2.33291 1.60317 128 128 128
-1.58523 2.35038 1.60171 128 128 128
-1.54811 2.35725 1.59344 128 128 128
-1.51624 2.37165 1.59052 128 128 128
-1.47963 2.37822 1.58274 128 128 128
-1.44898 2.39395 1.58128 128 128 128
-1.41993 2.41231 1.58176 128 128 128
-1.37806 2.40832 1.56814 128 128 128
-1.34373 2.41666 1.56279 128 128 128
-1.31273 2.43066 1.56133 128 128 128
-1.28524 2.45123 1.56425 128 128 128
-1.24832 2.45358 1.55598 128 128 128
-1.21695 2.46636 1.55452 128 128 128
-1.18169 2.47087 1.5482 128 128 128
-1.14797 2.47805 1.54382 128 128 128
-1.11962 2.49673 1.54674 128 128 128
-1.08681 2.50548 1.54382 128 128 128
-1.05869 2.52507 1.54771 128 128 128
-1.02992 2.54354 1.55112 128 128 128
-0.989079 2.53158 1.53652 128 128 128
-0.888312 2.54647 1.52485 128 128 128
0.569248 1.74684 1.04614 128 128 128
0.936674 1.6693 1.08895 128 128 128
0.908617 -1.96209 1.22711 128 128 128
0.891271 -1.98824 1.23636 128 128 128
0.882818 -2.03589 1.25874 128 128 128
0.858783 -2.04899 1.2602 128 128 128
0.832589 -2.05694 1.25874 128 128 128
0.810787 -2.07595 1.26409 128 128 128
0.788951 -2.09556 1.26993 128 128 128
0.76765 -2.1174 1.27722 128 128 128
0.741321 -2.12583 1.27674 128 128 128
0.717124 -2.14057 1.28014 128 128 128
0.691338 -2.15087 1.28112 128 128 128
0.665149 -2.16003 1.2816 128 128 128
0.638097 -2.16635 1.28063 128 128 128
0.612176 -2.17654 1.28209 128 128 128
0.588822 -2.19655 1.28939 128 128 128
0.564635 -2.21461 1.29571 128 128 128
0.539064 -2.22817 1.2996 128 128 128
0.511485 -2.23376 1.29912 128 128 128
0.48348 -2.23731 1.29766 128 128 128
0.45721 -2.24907 1.30106 128 128 128
0.431053 -2.26223 1.30544 128 128 128
0.403106 -2.26649 1.30495 128 128 128
0.375977 -2.27557 1.30739 128 128 128
0.346568 -2.27052 1.30203 128 128 128
0.320627 -2.28844 1.30982 128 128 128
0.294521 -2.3078 1.31857 128 128 128
0.266581 -2.31472 1.32052 128 128 128
0.237706 -2.31347 1.31809 128 128 128
0.209219 -2.31534 1.3176 128 128 128
0.181544 -2.32731 1.32295 128 128 128
0.154127 -2.3468 1.33268 128 128 128
0.125081 -2.34415 1.33025 128 128 128
0.0963777 -2.34726 1.33122 128 128 128
0.0677713 -2.35525 1.33512 128 128 128
0.0389385 -2.36027 1.33755 128 128 128
0.00995864 -2.35795 1.33609 128 128 128
-0.0191271 -2.37799 1.34728 128 128 128
-0.0483417 -2.37932 1.34825 128 128 128
-0.068906 -2.10872 1.19793 128 128 128
-0.089909 -1.99774 1.13663 128 128 128
-0.111703 -1.94851 1.10987 128 128 128
-0.138368 -1.98709 1.13225 128 128 128
-0.220965 -2.34496 1.33463 128 128 128
-0.253592 -2.37857 1.35506 128 128 128
-0.288927 -2.42733 1.38425 128 128 128
-0.322207 -2.45046 1.39933 128 128 128
-0.353122 -2.45238 1.40274 128 128 128
-0.378882 -2.42023 1.38717 128 128 128
-0.410586 -2.42746 1.39398 128 128 128
-0.448599 -2.46781 1.41976 128 128 128
-0.476355 -2.44925 1.41247 128 128 128
-0.504961 -2.43637 1.40857 128 128 128
-0.535383 -2.43255 1.41003 128 128 128
-0.567566 -2.43601 1.41587 128 128 128
-0.598875 -2.4348 1.41928 128 128 128
-0.629364 -2.42981 1.42074 128 128 128
-0.661652 -2.43118 1.42609 128 128 128
-0.692873 -2.42792 1.42901 128 128 128
-0.722615 -2.41923 1.42901 128 128 128
-0.750689 -2.40518 1.42609 128 128 128
-0.782308 -2.40243 1.42998 128 128 128
-0.81033 -2.38851 1.42755 128 128 128
-0.841612 -2.38416 1.43095 128 128 128
-0.872308 -2.37775 1.43339 128 128 128
-0.904526 -2.37503 1.43825 128 128 128
-0.934885 -2.36701 1.4402 128 128 128
-0.968157 -2.36587 1.44652 128 128 128
-1.01073 -2.386 1.46598 128 128 128
-1.04028 -2.37422 1.46647 128 128 128
-1.06754 -2.35729 1.46403 128 128 128
-1.10711 -2.36697 1.47814 128 128 128
-1.13569 -2.35242 1.47766 128 128 128
-1.1567 -2.32266 1.46793 128 128 128
-1.19109 -2.31995 1.47522 128 128 128
-1.23294 -2.33065 1.49128 128 128 128
-1.26186 -2.31612 1.49176 128 128 128
-1.29147 -2.30274 1.49322 128 128 128
-1.32879 -2.30262 1.50344 128 128 128
-1.35918 -2.2899 1.50587 128 128 128
-1.39127 -2.27976 1.51025 128 128 128
-1.41497 -2.25585 1.50587 128 128 128
-1.44869 -2.24787 1.5122 128 128 128
-1.47183 -2.22336 1.50782 128 128 128
-1.50685 -2.2167 1.5156 128 128 128
-1.53794 -2.20377 1.51949 128 128 128
-1.56334 -2.1826 1.51803 128 128 128
-1.60035 -2.17734 1.52776 128 128 128
-1.6301 -2.16172 1.53068 128 128 128
-1.65864 -2.14432 1.53263 128 128 128
-1.68755 -2.12723 1.53506 128 128 128
-1.71903 -2.11314 1.53993 128 128 128
-1.74428 -2.09122 1.53944 128 128 128
-1.77037 -2.07032 1.53993 128 128 128
-1.8014 -2.05501 1.54479 128 128 128
-1.82649 -2.03275 1.54479 128 128 128
-1.85425 -2.0134 1.54722 128 128 128
-1.93817 -1.95496 1.55598 128 128 128
-1.95641 -1.92551 1.5516 128 128 128
-1.99627 -1.9171 1.56425 128 128 128
-2.01964 -1.89245 1.56425 128 128 128
-2.04272 -1.86753 1.56425 128 128 128
-2.06418 -1.84116 1.56328 128 128 128
-2.09979 -1.82716 1.57301 128 128 128
-2.12605 -1.80465 1.57593 128 128 128
-2.16216 -1.79014 1.58614 128 128 128
-2.18532 -1.76457 1.58712 128 128 128
-2.18897 -1.72355 1.57447 128 128 128
-2.23143 -1.71307 1.58955 128 128 128
-2.26487 -1.69498 1.59831 128 128 128
-0.834792 -0.607754 0.598086 128 128 128
-0.82439 -0.584801 0.585924 128 128 128
-0.822888 -0.568667 0.580086 128 128 128
-0.819668 -0.551682 0.573275 128 128 128
-0.824916 -0.540622 0.572302 128 128 128
-0.828545 -0.528574 0.570356 128 128 128
-0.842385 -0.522986 0.575221 128 128 128
-0.856958 -0.51759 0.580573 128 128 128
-0.878299 -0.515906 0.590302 128 128 128
-0.904274 -0.516382 0.602951 128 128 128
-2.52353 -1.40323 1.6309 128 128 128
-2.55362 -1.37922 1.63917 128 128 128
-2.57964 -1.35265 1.64501 128 128 128
-2.59137 -1.31852 1.64209 128 128 128
-2.61206 -1.28894 1.64501 128 128 128
-2.63004 -1.25792 1.64647 128 128 128
-2.65162 -1.22849 1.65036 128 128 128
-2.67048 -1.19765 1.65279 128 128 128
-2.68978 -1.16688 1.65571 128 128 128
-2.69907 -1.13175 1.65279 128 128 128
-2.71923 -1.10117 1.65668 128 128 128
-2.73335 -1.06804 1.65717 128 128 128
-2.74544 -1.03411 1.65668 128 128 128
-2.8325 -0.83478 1.66739 128 128 128
-2.83833 -0.798773 1.66495 128 128 128
-2.86058 -0.767283 1.67225 128 128 128
-2.87316 -0.732988 1.6742 128 128 128
-2.87345 -0.695614 1.66933 128 128 128
-2.88177 -0.6603 1.66933 128 128 128
-2.89905 -0.626923 1.67468 128 128 128
-2.90823 -0.591649 1.67566 128 128 128
-2.92128 -0.557065 1.67906 128 128 128
-2.92274 -0.520253 1.67614 128 128 128
-2.9289 -0.484347 1.67614 128 128 128
-3.00252 0.0709253 1.59233 128 128 128
-3.04841 0.449418 1.63306 128 128 128
-3.02604 0.484109 1.62427 128 128 128
-2.99455 0.516798 1.61084 128 128 128
-2.97839 0.551717 1.60575 128 128 128
-2.98009 0.589959 1.61038 128 128 128
-2.96309 0.624461 1.60529 128 128 128
-2.94742 0.659023 1.60112 128 128 128
-2.93825 0.694938 1.60066 128 128 128
-2.92778 0.730511 1.59974 128 128 128
-2.93059 0.769553 1.60622 128 128 128
-2.90128 0.80001 1.59557 128 128 128
-2.94998 0.852619 1.62751 128 128 128
-2.8901 0.873806 1.60066 128 128 128
-2.73171 1.24816 1.59233 128 128 128
-2.71138 1.27931 1.58955 128 128 128
-2.69309 1.31132 1.58817 128 128 128
-2.67759 1.34467 1.58863 128 128 128
-2.66246 1.37824 1.58955 128 128 128
-2.63831 1.40704 1.58539 128 128 128
-2.62706 1.44274 1.58909 128 128 128
-2.60221 1.47093 1.58493 128 128 128
-2.58244 1.50186 1.584 128 128 128
-2.56381 1.53344 1.584 128 128 128
-2.54254 1.56339 1.58261 128 128 128
-2.51792 1.59115 1.57937 128 128 128
-2.49895 1.62241 1.57983 128 128 128
-2.48106 1.65443 1.58122 128 128 128
-2.45399 1.68024 1.57706 128 128 128
-2.43102 1.70869 1.57567 128 128 128
-2.41274 1.74048 1.57752 128 128 128
-2.39049 1.76942 1.57706 128 128 128
-2.36295 1.79433 1.57336 128 128 128
-2.34564 1.82701 1.57659 128 128 128
-2.31336 1.8479 1.57012 128 128 128
-2.29462 1.87952 1.57289 128 128 128
-2.24901 1.8887 1.55762 128 128 128
-2.23103 1.92079 1.56132 128 128 128
-2.20663 1.94743 1.56086 128 128 128
-2.176 1.96841 1.55623 128 128 128
-2.14973 1.99315 1.55484 128 128 128
-2.13153 2.0255 1.55947 128 128 128
-2.10461 2.04964 1.55808 128 128 128
-2.06802 2.06403 1.54975 128 128 128
-2.04068 2.08735 1.54836 128 128 128
-2.01308 2.11031 1.54697 128 128 128
-1.9816 2.129 1.54281 128 128 128
-1.94581 2.14265 1.5354 128 128 128
-1.92583 2.17367 1.54049 128 128 128
-1.90537 2.20453 1.54558 128 128 128
-1.86506 2.21213 1.53494 128 128 128
-1.82597 2.22046 1.52522 128 128 128
-1.79305 2.23578 1.52059 128 128 128
-1.76547 2.25761 1.52059 128 128 128
-1.73281 2.27275 1.51643 128 128 128
-1.69687 2.28316 1.50948 128 128 128
-1.66613 2.30022 1.50717 128 128 128
-1.63268 2.31324 1.50254 128 128 128
-1.60267 2.33091 1.50115 128 128 128
-1.56853 2.34229 1.49606 128 128 128
-1.53097 2.34799 1.48773 128 128 128
-1.50347 2.36884 1.48912 128 128 128
-1.47335 2.38561 1.48819 128 128 128
-1.4549 2.42176 1.4993 128 128 128
-1.40946 2.41262 1.4831 128 128 128
-1.37975 2.42973 1.4831 128 128 128
-1.3447 2.43716 1.47755 128 128 128
-1.31636 2.45661 1.4794 128 128 128
-1.28489 2.47021 1.47801 128 128 128
-1.2517 2.48025 1.47477 128 128 128
-1.22117 2.49542 1.47477 128 128 128
-1.18894 2.50702 1.47292 128 128 128
-1.15624 2.51739 1.47061 128 128 128
-1.12418 2.52895 1.46922 128 128 128
-1.09202 2.54011 1.46783 128 128 128
-1.05839 2.54759 1.46459 128 128 128
-1.02179 2.54721 1.45718 128 128 128
-0.990455 2.55956 1.45718 128 128 128
-0.957737 2.5682 1.45533 128 128 128
-0.921378 2.5664 1.44793 128 128 128
-0.888663 2.57416 1.44608 128 128 128
-0.857285 2.58572 1.44654 128 128 128
-0.827361 2.60196 1.44978 128 128 128
-0.792543 2.60258 1.44469 128 128 128
-0.756109 2.59678 1.43636 128 128 128
-0.718522 2.58536 1.42525 128 128 128
-0.688094 2.59913 1.42803 128 128 128
-0.648624 2.57728 1.41183 128 128 128
-0.583839 2.44531 1.33685 128 128 128
-0.550687 2.43845 1.32944 128 128 128
-0.551491 2.59073 1.4072 128 128 128
-0.519657 2.5973 1.4072 128 128 128
-0.480949 2.56688 1.38776 128 128 128
-0.447147 2.55949 1.38082 128 128 128
-0.418231 2.58053 1.38915 128 128 128
-0.388606 2.5995 1.39655 128 128 128
-0.352636 2.57421 1.38082 128 128 128
-0.321993 2.58626 1.38498 128 128 128
-0.288772 2.5768 1.37804 128 128 128
-0.25929 2.60221 1.38961 128 128 128
-0.224767 2.57516 1.37387 128 128 128
-0.193214 2.57861 1.37434 128 128 128
-0.160855 2.56929 1.36832 128 128 128
-0.129012 2.56487 1.36508 128 128 128
-0.0971737 2.55651 1.35999 128 128 128
-0.0658792 2.56106 1.36184 128 128 128
-0.0344044 2.55813 1.35999 128 128 128
-0.0030124 2.55304 1.35721 128 128 128
0.0282156 2.54491 1.35305 128 128 128
0.0594878 2.54614 1.35397 128 128 128
0.0903314 2.53459 1.34842 128 128 128
0.120769 2.52001 1.34148 128 128 128
0.150697 2.50241 1.33315 128 128 128
0.184021 2.53574 1.35166 128 128 128
0.213594 2.51562 1.3424 128 128 128
0.24375 2.50576 1.3387 128 128 128
0.272813 2.4876 1.33083 128 128 128
0.300922 2.46471 1.32065 128 128 128
0.32875 2.44327 1.31139 128 128 128
0.362754 2.46623 1.32574 128 128 128
0.390448 2.44584 1.31741 128 128 128
0.418609 2.43038 1.31185 128 128 128
0.439941 2.37975 1.28779 128 128 128
0.46547 2.35592 1.27807 128 128 128
0.490113 2.33008 1.26742 128 128 128
0.51867 2.32389 1.26742 128 128 128
0.543249 2.30097 1.25863 128 128 128
0.566264 2.27349 1.24752 128 128 128
0.592989 2.26209 1.24521 128 128 128
0.519563 1.88989 1.04758 128 128 128
0.539006 1.87061 1.04064 128 128 128
0.560374 1.85876 1.03786 128 128 128
0.581532 1.84668 1.03508 128 128 128
0.602479 1.83435 1.0323 128 128 128
0.624367 1.82514 1.03138 128 128 128
0.644623 1.8115 1.02814 128 128 128
0.663093 1.79349 1.02258 128 128 128
0.683775 1.78191 1.02073 128 128 128
0.697021 1.75199 1.0087 128 128 128
0.723223 1.75476 1.01518 128 128 128
0.744702 1.74576 1.01518 128 128 128
0.769306 1.74378 1.01934 128 128 128
0.812081 1.78094 1.04619 128 128 128
0.896099 1.90223 1.12209 128 128 128
0.920542 1.89348 1.12348 128 128 128
0.941315 1.87729 1.12071 128 128 128
0.961012 1.8593 1.117 128 128 128
0.985848 1.85128 1.11932 128 128 128
1.00721 1.83671 1.11793 128 128 128
1.02705 1.81959 1.11515 128 128 128
1.02294 1.76167 1.08784 128 128 128
1.04722 1.75355 1.09062 128 128 128
1.04911 1.70888 1.07118 128 128 128
1.07095 1.69737 1.07211 128 128 128
1.09799 1.69376 1.07812 128 128 128
1.10292 1.65658 1.06331 128 128 128
1.11464 1.6305 1.05545 128 128 128
1.13047 1.6109 1.05174 128 128 128
1.14548 1.59044 1.04758 128 128 128
1.15698 1.56559 1.04064 128 128 128
1.17396 1.54846 1.03878 128 128 128
1.18851 1.52834 1.03508 128 128 128
1.20551 1.51157 1.03369 128 128 128
1.22003 1.49187 1.03045 128 128 128
1.23139 1.46865 1.0249 128 128 128
1.24063 1.44336 1.01796 128 128 128
1.2606 1.43068 1.01981 128 128 128
1.28045 1.41773 1.02166 128 128 128
1.30077 1.40516 1.02397 128 128 128
1.31119 1.38203 1.01888 128 128 128
1.26115 1.29735 0.968896 128 128 128
1.24876 1.25358 0.948069 128 128 128
1.31864 1.29138 0.987872 128 128 128
1.35815 1.2977 1.005 128 128 128
1.38892 1.29481 1.01564 128 128 128
1.39616 1.26993 1.00963 128 128 128
1.41297 1.25388 1.01055 128 128 128
1.42959 1.2376 1.01148 128 128 128
1.45078 1.2251 1.01564 128 128 128
1.45542 1.19877 1.0087 128 128 128
1.4624 1.17473 1.00361 128 128 128
1.47531 1.15561 1.00268 128 128 128
1.48585 1.13473 1.00037 128 128 128
1.50608 1.12116 1.00453 128 128 128
1.50319 1.09066 0.993889 128 128 128
1.51501 1.07111 0.992964 128 128 128
1.52398 0.867258 0.939738 128 128 128
1.57102 0.868561 0.961491 128 128 128
1.60111 0.859654 0.973062 128 128 128
1.6257 0.847282 0.981393 128 128 128
1.64469 0.831648 0.986484 128 128 128
1.6492 0.808684 0.983244 128 128 128
1.63575 0.777405 0.969822 128 128 128
1.64436 0.756905 0.969359 128 128 128
1.66082 0.739898 0.973525 128 128 128
1.64451 0.708648 0.959177 128 128 128
1.65554 0.68943 0.960565 128 128 128
1.67129 0.672021 0.964731 128 128 128
1.70174 0.660063 0.977227 128 128 128
1.67398 0.625868 0.957326 128 128 128
1.67486 0.602893 0.953623 128 128 128
1.69303 0.586038 0.95964 128 128 128
1.65126 0.549115 0.932795 128 128 128
1.65534 0.528009 0.931407 128 128 128
1.66255 0.507912 0.93187 128 128 128
1.67632 0.48969 0.936035 128 128 128
1.7104 0.47687 0.951309 128 128 128
1.71612 0.455845 0.951309 128 128 128
1.72158 0.434751 0.951309 128 128 128
1.70695 0.408891 0.940664 128 128 128
1.72482 0.39082 0.947606 128 128 128
1.72168 0.367976 0.943441 128 128 128
1.71215 0.344061 0.936035 128 128 128
1.70927 0.32173 0.932333 128 128 128
1.7061 0.299521 0.92863 128 128 128
1.70177 0.277299 0.924465 128 128 128
1.69978 0.255617 0.921687 128 128 128
1.66326 0.229391 0.90086 128 128 128
1.52078 0.191133 0.824493 128 128 128
1.50627 0.170608 0.815699 128 128 128
1.50825 0.152111 0.815699 128 128 128
1.51177 0.133742 0.816625 128 128 128
1.51595 0.115375 0.818013 128 128 128
1.51814 0.0968169 0.818476 128 128 128
1.51301 0.0778784 0.815236 128 128 128
1.51474 0.0593377 0.815699 128 128 128
1.51447 0.0407238 0.815236 128 128 128
1.51397 0.0221254 0.814773 128 128 128
1.51501 0.00354459 0.815236 128 128 128
1.51494 -0.0150472 0.815236 128 128 128
1.51198 -0.0335701 0.813848 128 128 128
1.5088 -0.0520227 0.812459 128 128 128
1.50805 -0.0705341 0.812459 128 128 128
1.51238 -0.0893637 0.815236 128 128 128
1.26153 -1.69554 1.12765 128 128 128
1.24218 -1.71305 1.12904 128 128 128
1.22413 -1.73251 1.13181 128 128 128
1.20729 -1.75399 1.13598 128 128 128
1.18567 -1.76867 1.13598 128 128 128
1.16484 -1.78457 1.1369 128 128 128
1.14191 -1.79723 1.13598 128 128 128
1.12209 -1.81489 1.13829 128 128 128
1.1052 -1.83765 1.14385 128 128 128
1.08703 -1.85873 1.14848 128 128 128
1.06413 -1.87193 1.14848 128 128 128
1.03937 -1.88174 1.14662 128 128 128
1.01328 -1.88888 1.14338 128 128 128
0.991249 -1.90353 1.14477 128 128 128
0.967417 -1.91476 1.14431 128 128 128
0.950839 -1.94083 1.15264 128 128 128
0.920514 -1.93873 1.14477 128 128 128
0.895916 -1.94827 1.14385 128 128 128
0.877322 -1.97127 1.15079 128 128 128
0.858647 -1.99493 1.15819 128 128 128
0.846637 -2.03563 1.17532 128 128 128
0.821594 -2.04586 1.17532 128 128 128
0.8114 -2.09467 1.19707 128 128 128
0.781316 -2.09283 1.19059 128 128 128
0.756171 -2.10393 1.19152 128 128 128
0.728568 -2.10802 1.18874 128 128 128
0.707087 -2.13028 1.19615 128 128 128
0.685168 -2.15231 1.20355 128 128 128
0.655879 -2.15123 1.19846 128 128 128
0.629431 -2.15912 1.19846 128 128 128
0.606899 -2.1812 1.20633 128 128 128
0.580763 -2.19106 1.20772 128 128 128
0.550178 -2.1834 1.19985 128 128 128
0.523547 -2.19085 1.20031 128 128 128
0.502048 -2.22133 1.21327 128 128 128
0.477865 -2.24207 1.22114 128 128 128
0.45411 -2.26689 1.23132 128 128 128
0.424316 -2.26183 1.22577 128 128 128
0.396377 -2.266 1.22531 128 128 128
0.368399 -2.26982 1.22484 128 128 128
0.340388 -2.27329 1.22438 128 128 128
0.313892 -2.28784 1.22993 128 128 128
0.287522 -2.30559 1.23734 128 128 128
0.259693 -2.31335 1.23965 128 128 128
0.232063 -2.32431 1.24382 128 128 128
0.202918 -2.31991 1.24012 128 128 128
0.174499 -2.32311 1.24058 128 128 128
0.146624 -2.3357 1.24613 128 128 128
0.118252 -2.34352 1.24937 128 128 128
0.0894842 -2.34479 1.24937 128 128 128
0.0608737 -2.3528 1.25308 128 128 128
0.0320696 -2.35958 1.25632 128 128 128
0.00310921 -2.36423 1.25863 128 128 128
-0.0259944 -2.37118 1.26233 128 128 128
-0.0550238 -2.36802 1.26094 128 128 128
-0.0833511 -2.34768 1.25076 128 128 128
-0.111407 -2.33143 1.24289 128 128 128
-0.122415 -2.04588 1.09432 128 128 128
-0.142521 -1.97704 1.05915 128 128 128
-0.170827 -2.02195 1.08368 128 128 128
-0.19615 -2.02499 1.08646 128 128 128
-0.264371 -2.41183 1.29103 128 128 128
-0.295365 -2.41984 1.29704 128 128 128
-0.325876 -2.42219 1.30028 128 128 128
-0.355053 -2.4145 1.29843 128 128 128
-0.383667 -2.40383 1.29519 128 128 128
-0.415721 -2.41379 1.30306 128 128 128
-0.44889 -2.42768 1.31324 128 128 128
-0.480728 -2.43242 1.3188 128 128 128
-0.513854 -2.44194 1.32713 128 128 128
-0.543782 -2.43545 1.32713 128 128 128
-0.577733 -2.44584 1.33638 128 128 128
-0.609646 -2.44631 1.34055 128 128 128
-0.636677 -2.4275 1.33453 128 128 128
-0.670682 -2.43488 1.34286 128 128 128
-0.702243 -2.43243 1.3461 128 128 128
-0.73307 -2.42702 1.34796 128 128 128
-0.763603 -2.42037 1.34934 128 128 128
-0.792969 -2.40998 1.34888 128 128 128
-0.823638 -2.40342 1.35073 128 128 128
-0.853668 -2.3948 1.35166 128 128 128
-0.887322 -2.39577 1.35814 128 128 128
-0.918891 -2.39049 1.36138 128 128 128
-0.947827 -2.37821 1.36092 128 128 128
-0.977619 -2.36804 1.36184 128 128 128
-1.0087 -2.36075 1.36462 128 128 128
-1.04803 -2.37169 1.37804 128 128 128
-1.07336 -2.3506 1.37341 128 128 128
-1.10174 -2.33645 1.37295 128 128 128
-1.13928 -2.34107 1.38359 128 128 128
-1.17271 -2.33641 1.38915 128 128 128
-1.20375 -2.32656 1.39192 128 128 128
-1.2297 -2.30693 1.38915 128 128 128
-1.26219 -2.29943 1.39378 128 128 128
-1.29425 -2.2907 1.39794 128 128 128
-1.3312 -2.28996 1.4072 128 128 128
-1.36787 -2.2879 1.41599 128 128 128
-1.39817 -2.27471 1.41831 128 128 128
-1.4312 -2.26562 1.4234 128 128 128
-1.45792 -2.2464 1.42247 128 128 128
-1.48193 -2.22318 1.41923 128 128 128
-1.51563 -2.21433 1.42525 128 128 128
-1.55239 -2.20933 1.43404 128 128 128
-1.58302 -2.19514 1.43728 128 128 128
-1.61354 -2.18053 1.44052 128 128 128
-1.64662 -2.16902 1.44608 128 128 128
-1.6813 -2.15913 1.45302 128 128 128
-1.7121 -2.14387 1.45672 128 128 128
-1.73885 -2.12339 1.45718 128 128 128
-1.76877 -2.10663 1.46042 128 128 128
-1.79623 -2.08678 1.46181 128 128 128
-1.81876 -2.06126 1.4595 128 128 128
-1.85286 -2.04864 1.46644 128 128 128
-1.87303 -2.02055 1.46274 128 128 128
-1.90013 -1.99998 1.46459 128 128 128
-1.93506 -1.98729 1.47246 128 128 128
-1.96808 -1.97217 1.47894 128 128 128
-1.99086 -1.94663 1.47801 128 128 128
-2.00753 -1.91533 1.47292 128 128 128
-2.03349 -1.89297 1.47477 128 128 128
-2.06642 -1.87679 1.48171 128 128 128
-2.08863 -1.85071 1.48125 128 128 128
-2.1179 -1.83072 1.48588 128 128 128
-2.14903 -1.81201 1.4919 128 128 128
-2.17247 -1.78663 1.49282 128 128 128
-2.2067 -1.7698 1.50115 128 128 128
-2.22755 -1.74204 1.50069 128 128 128
-2.25229 -1.71725 1.503 128 128 128
-2.28031 -1.69476 1.50763 128 128 128
-2.30094 -1.66665 1.50763 128 128 128
-0.861781 -0.611558 0.575952 128 128 128
-0.858253 -0.593419 0.56901 128 128 128
-0.844826 -0.569064 0.55605 128 128 128
-0.841339 -0.551891 0.549571 128 128 128
-0.841306 -0.53726 0.545405 128 128 128
-0.848591 -0.52736 0.545868 128 128 128
-0.861843 -0.521005 0.550033 128 128 128
-0.881196 -0.517971 0.557902 128 128 128
-0.912174 -0.521088 0.572712 128 128 128
-2.57232 -1.41901 1.55808 128 128 128
-2.57625 -1.38024 1.55021 128 128 128
-2.60165 -1.353 1.5553 128 128 128
-2.62519 -1.32456 1.55947 128 128 128
-2.63646 -1.28991 1.55669 128 128 128
-2.65931 -1.26087 1.56086 128 128 128
-2.67539 -1.22851 1.56132 128 128 128
-2.68783 -1.19451 1.55993 128 128 128
-2.72266 -1.17016 1.5715 128 128 128
-2.72862 -1.13327 1.56688 128 128 128
-2.75138 -1.10332 1.57197 128 128 128
-2.77464 -1.07329 1.57752 128 128 128
-2.78012 -1.03639 1.57336 128 128 128
-2.79931 -1.00458 1.57706 128 128 128
-2.81226 -0.970438 1.57752 128 128 128
-2.82564 -0.93641 1.57845 128 128 128
-2.84453 -0.90407 1.58261 128 128 128
-2.8571 -0.869609 1.58354 128 128 128
-2.87607 -0.836947 1.58817 128 128 128
-2.88271 -0.800646 1.58631 128 128 128
-2.90089 -0.767465 1.59094 128 128 128
-2.91611 -0.733314 1.59418 128 128 128
-2.8671 -0.68378 1.56317 128 128 128
-2.93159 -0.623468 1.58909 128 128 128
-2.94162 -0.587964 1.59048 128 128 128
-2.94165 -0.550527 1.58678 128 128 128
-2.96216 -0.516804 1.59418 128 128 128
-2.9674 -0.480275 1.59372 128 128 128
-2.97307 -0.443824 1.59372 128 128 128
-2.97829 -0.407306 1.59372 128 128 128
-2.98307 -0.370727 1.59372 128 128 128
-2.99356 -0.334773 1.59696 128 128 128
-3.0142 -0.299655 1.60575 128 128 128
-3.08615 0.331834 1.55153 128 128 128
-3.03284 0.363826 1.52726 128 128 128
-3.01925 0.399842 1.52284 128 128 128
-3.04609 0.441482 1.53873 128 128 128
-3.03335 0.477715 1.5352 128 128 128
-3.02726 0.514903 1.5352 128 128 128
-3.02866 0.553461 1.53917 128 128 128
-3.02164 0.590586 1.53917 128 128 128
-3.01153 0.627074 1.53785 128 128 128
-2.98031 0.735992 1.53476 128 128 128
-2.93049 0.83927 1.52417 128 128 128
-2.8659 1.0147 1.52019 128 128 128
-2.80601 1.15138 1.51666 128 128 128
-2.79417 1.22746 1.52593 128 128 128
-2.76418 1.25499 1.51799 128 128 128
-2.75183 1.29034 1.51975 128 128 128
-2.73498 1.32362 1.51931 128 128 128
-2.71772 1.35668 1.51887 128 128 128
-2.6897 1.38419 1.51269 128 128 128
-2.67489 1.41835 1.51402 128 128 128
-2.66043 1.45279 1.51578 128 128 128
-2.63771 1.48269 1.51313 128 128 128
-2.61776 1.51405 1.51225 128 128 128
-2.60053 1.54698 1.51313 128 128 128
-2.57139 1.57269 1.5074 128 128 128
-2.55342 1.60508 1.50828 128 128 128
-2.53127 1.63484 1.50695 128 128 128
-2.51102 1.66577 1.50695 128 128 128
-2.48 1.6894 1.50078 128 128 128
-2.45982 1.72022 1.50122 128 128 128
-2.43707 1.74923 1.50033 128 128 128
-2.42264 1.78432 1.50475 128 128 128
-2.38123 1.79932 1.49283 128 128 128
-2.3689 1.83609 1.49901 128 128 128
-2.33776 1.85833 1.49371 128 128 128
-2.31756 1.88914 1.49548 128 128 128
-2.28869 1.91284 1.49195 128 128 128
-2.25414 1.93145 1.48489 128 128 128
-2.23904 1.96666 1.49062 128 128 128
-2.20406 1.98438 1.48356 128 128 128
-2.17426 2.00642 1.48003 128 128 128
-2.15404 2.03726 1.48312 128 128 128
-2.12953 2.06416 1.48356 128 128 128
-2.09639 2.08256 1.47827 128 128 128
-2.08012 2.11772 1.48489 128 128 128
-2.03658 2.12496 1.47253 128 128 128
-1.99563 2.13407 1.46194 128 128 128
-1.97353 2.16304 1.46503 128 128 128
-1.94684 2.18709 1.46503 128 128 128
-1.92279 2.2142 1.46723 128 128 128
-1.88909 2.2301 1.46238 128 128 128
-1.85358 2.24344 1.4562 128 128 128
-1.81351 2.25065 1.44649 128 128 128
-1.78409 2.27062 1.44517 128 128 128
-1.74954 2.2838 1.43987 128 128 128
-1.71601 2.29791 1.43546 128 128 128
-1.68663 2.31734 1.43457 128 128 128
-1.65287 2.33055 1.43016 128 128 128
-1.61802 2.3418 1.42486 128 128 128
-1.58064 2.34883 1.41736 128 128 128
-1.55022 2.36579 1.41604 128 128 128
-1.51962 2.38237 1.41471 128 128 128
-1.48885 2.39855 1.41339 128 128 128
-1.45698 2.4128 1.41118 128 128 128
-1.4259 2.42818 1.40986 128 128 128
-1.40045 2.45329 1.41427 128 128 128
-1.36806 2.46637 1.41206 128 128 128
-1.33045 2.46954 1.40456 128 128 128
-1.30296 2.49125 1.40765 128 128 128
-1.26416 2.49105 1.39882 128 128 128
-1.2331 2.50557 1.39838 128 128 128
-1.20109 2.51808 1.39706 128 128 128
-1.16709 2.52612 1.39353 128 128 128
-1.136 2.54025 1.39353 128 128 128
-1.10367 2.55153 1.3922 128 128 128
-1.07228 2.56488 1.3922 128 128 128
-1.03736 2.56953 1.38779 128 128 128
-1.0051 2.58039 1.38691 128 128 128
-0.971462 2.58749 1.38426 128 128 128
-0.93322 2.5815 1.37499 128 128 128
-0.903242 2.59784 1.37764 128 128 128
-0.871864 2.61043 1.37852 128 128 128
-0.834553 2.6047 1.37014 128 128 128
-0.801999 2.61303 1.36925 128 128 128
-0.764809 2.60546 1.36043 128 128 128
-0.73666 2.62847 1.36749 128 128 128
-0.706206 2.64425 1.37102 128 128 128
-0.654668 2.57793 1.33306 128 128 128
-0.630567 2.61717 1.34895 128 128 128
-0.599003 2.62733 1.35028 128 128 128
-0.555366 2.58186 1.32379 128 128 128
-0.524176 2.59112 1.32512 128 128 128
-0.494686 2.6097 1.3313 128 128 128
-0.463094 2.61822 1.33262 128 128 128
-0.429032 2.6122 1.32688 128 128 128
-0.392218 2.58621 1.31144 128 128 128
-0.359707 2.5855 1.30879 128 128 128
-0.328178 2.5915 1.30967 128 128 128
-0.29584 2.59088 1.30746 128 128 128
-0.264207 2.5961 1.30835 128 128 128
-0.232329 2.59914 1.30835 128 128 128
-0.19993 2.59554 1.30526 128 128 128
-0.167538 2.58973 1.30129 128 128 128
-0.135034 2.57815 1.29467 128 128 128
-0.103969 2.59396 1.30173 128 128 128
-0.0716965 2.57979 1.29422 128 128 128
-0.0399321 2.5742 1.29113 128 128 128
-0.00832611 2.57091 1.28937 128 128 128
0.0231322 2.56005 1.28407 128 128 128
0.054509 2.55778 1.28319 128 128 128
0.085952 2.55871 1.28407 128 128 128
0.117385 2.55836 1.28451 128 128 128
0.149494 2.56927 1.29069 128 128 128
0.180448 2.55918 1.28672 128 128 128
0.208749 2.51921 1.26818 128 128 128
0.239648 2.51646 1.26818 128 128 128
0.271084 2.51869 1.27083 128 128 128
0.300375 2.5018 1.26421 128 128 128
0.329879 2.48903 1.2598 128 128 128
0.358602 2.47236 1.25362 128 128 128
0.388637 2.46601 1.25274 128 128 128
0.417069 2.45043 1.24744 128 128 128
0.449039 2.45573 1.25274 128 128 128
0.476564 2.43682 1.24612 128 128 128
0.501687 2.40794 1.23464 128 128 128
0.527719 2.38583 1.2267 128 128 128
0.547776 2.33985 1.20684 128 128 128
0.573872 2.3225 1.20154 128 128 128
0.601428 2.31181 1.19978 128 128 128
0.627627 2.29646 1.1958 128 128 128
0.652801 2.27824 1.19051 128 128 128
0.627722 2.09296 1.09959 128 128 128
0.606234 1.93436 1.02191 128 128 128
0.625475 1.91313 1.01485 128 128 128
0.642265 1.88577 1.0047 128 128 128
0.662666 1.87013 1.00073 128 128 128
0.680923 1.84922 0.994106 128 128 128
0.700687 1.83318 0.990134 128 128 128
0.71983 1.8161 0.985721 128 128 128
0.744444 1.81294 0.98881 128 128 128
0.758225 1.78384 0.978218 128 128 128
0.783304 1.7818 0.98219 128 128 128
0.803998 1.7696 0.980866 128 128 128
0.864472 1.84249 1.02588 128 128 128
0.931146 1.92304 1.07576 128 128 128
0.937858 1.87774 1.05722 128 128 128
0.976829 1.89721 1.07443 128 128 128
0.998777 1.8827 1.07311 128 128 128
1.00118 1.83249 1.05192 128 128 128
1.03282 1.8365 1.06119 128 128 128
1.06291 1.83689 1.06869 128 128 128
1.08262 1.81908 1.06605 128 128 128
1.10299 1.8026 1.06428 128 128 128
1.12264 1.78513 1.06207 128 128 128
1.13814 1.76141 1.05634 128 128 128
1.15769 1.74432 1.05457 128 128 128
1.15376 1.69289 1.0325 128 128 128
1.13899 1.62785 1.00205 128 128 128
1.15261 1.605 0.996754 128 128 128
1.20146 1.63049 1.02103 128 128 128
1.05046 -1.89448 1.09032 128 128 128
1.02628 -1.90565 1.08944 128 128 128
1.0049 -1.92207 1.09164 128 128 128
0.988148 -1.94786 1.09915 128 128 128
0.963377 -1.95823 1.09826 128 128 128
0.940047 -1.97152 1.09915 128 128 128
0.91729 -1.98617 1.10091 128 128 128
0.896148 -2.00465 1.10488 128 128 128
0.870768 -2.01385 1.104 128 128 128
0.849801 -2.03348 1.10886 128 128 128
0.833192 -2.06456 1.11989 128 128 128
0.813338 -2.08884 1.12739 128 128 128
0.784169 -2.08942 1.12254 128 128 128
0.763663 -2.11323 1.13004 128 128 128
0.732656 -2.10804 1.12254 128 128 128
0.706732 -2.11687 1.12254 128 128 128
0.685912 -2.14162 1.13092 128 128 128
0.65747 -2.14301 1.12739 128 128 128
0.631375 -2.15178 1.12784 128 128 128
0.60468 -2.1585 1.12739 128 128 128
0.581626 -2.17876 1.13401 128 128 128
0.564141 -2.22226 1.15255 128 128 128
0.53725 -2.23076 1.15343 128 128 128
0.510834 -2.24156 1.15564 128 128 128
0.483288 -2.24766 1.15564 128 128 128
0.455848 -2.2543 1.15608 128 128 128
0.430832 -2.27383 1.16314 128 128 128
0.40415 -2.28601 1.16667 128 128 128
0.376504 -2.29345 1.168 128 128 128
0.348332 -2.2979 1.168 128 128 128
0.320355 -2.30378 1.16888 128 128 128
0.293872 -2.32178 1.17594 128 128 128
0.265153 -2.32343 1.17506 128 128 128
0.237443 -2.33454 1.17903 128 128 128
0.208616 -2.33549 1.17815 128 128 128
0.179663 -2.3343 1.17638 128 128 128
0.152172 -2.35424 1.18521 128 128 128
0.12365 -2.36309 1.18874 128 128 128
0.0948604 -2.36981 1.19139 128 128 128
0.0658738 -2.37439 1.19315 128 128 128
0.0368035 -2.3795 1.19536 128 128 128
0.007621 -2.38516 1.19801 128 128 128
-0.0216568 -2.38597 1.19845 128 128 128
-0.0508416 -2.38104 1.19624 128 128 128
-0.0802641 -2.38651 1.19933 128 128 128
-0.109504 -2.38445 1.19889 128 128 128
-0.123682 -2.12134 1.07002 128 128 128
-0.147137 -2.08296 1.05192 128 128 128
-0.164519 -1.98173 1.00293 128 128 128
-0.197028 -2.06622 1.04574 128 128 128
-0.260577 -2.42054 1.22228 128 128 128
-0.292816 -2.43854 1.23288 128 128 128
-0.323188 -2.43833 1.23464 128 128 128
-0.356935 -2.46082 1.24788 128 128 128
-0.387941 -2.46157 1.25053 128 128 128
-0.416618 -2.44778 1.24612 128 128 128
-0.450808 -2.46544 1.25759 128 128 128
-0.480342 -2.45619 1.25583 128 128 128
-0.511907 -2.45714 1.25936 128 128 128
-0.544921 -2.46382 1.26598 128 128 128
-0.575115 -2.45695 1.26598 128 128 128
-0.605222 -2.44971 1.26598 128 128 128
-0.634562 -2.43949 1.26465 128 128 128
-0.666575 -2.43931 1.26863 128 128 128
-0.702625 -2.45252 1.27966 128 128 128
-0.734469 -2.44973 1.28275 128 128 128
-0.765011 -2.44224 1.28363 128 128 128
-0.797706 -2.4412 1.28804 128 128 128
-0.828758 -2.43463 1.28981 128 128 128
-0.860367 -2.42935 1.29246 128 128 128
-0.891352 -2.42198 1.29422 128 128 128
-0.921006 -2.41086 1.29422 128 128 128
-0.953822 -2.40772 1.29864 128 128 128
-0.983296 -2.39583 1.29864 128 128 128
-1.01928 -2.39928 1.30702 128 128 128
-1.04612 -2.38084 1.30393 128 128 128
-1.07897 -2.37599 1.30835 128 128 128
-1.11489 -2.3772 1.31629 128 128 128
-1.14359 -2.36253 1.31585 128 128 128
-1.17049 -2.34431 1.31364 128 128 128
-1.20656 -2.34413 1.32159 128 128 128
-1.24489 -2.34739 1.33174 128 128 128
-1.28134 -2.34611 1.33968 128 128 128
-1.30213 -2.31613 1.33174 128 128 128
-1.33853 -2.31396 1.33968 128 128 128
-1.36728 -2.29813 1.34012 128 128 128
-1.40334 -2.2942 1.34763 128 128 128
-1.43806 -2.28744 1.35381 128 128 128
-1.47527 -2.28395 1.36219 128 128 128
-1.50566 -2.26942 1.3644 128 128 128
-1.53592 -2.25448 1.36661 128 128 128
-1.56142 -2.23252 1.36484 128 128 128
-1.58713 -2.211 1.36352 128 128 128
-1.62691 -2.2087 1.37411 128 128 128
-1.65551 -2.19072 1.37543 128 128 128
-1.68392 -2.17237 1.37676 128 128 128
-1.72217 -2.1663 1.38602 128 128 128
-1.74975 -2.14639 1.38691 128 128 128
-1.77711 -2.12614 1.38779 128 128 128
-1.81007 -2.11235 1.39309 128 128 128
-1.83763 -2.092 1.39441 128 128 128
-1.86857 -2.0753 1.39838 128 128 128
-1.8945 -2.05287 1.39882 128 128 128
-1.92448 -2.03469 1.40235 128 128 128
-1.95243 -2.01414 1.40456 128 128 128
-1.97826 -1.9913 1.40544 128 128 128
-2.00255 -1.96688 1.40544 128 128 128
-2.02783 -1.9434 1.40633 128 128 128
-2.06135 -1.92756 1.41295 128 128 128
-2.09015 -1.90696 1.41648 128 128 128
-2.11071 -1.87878 1.41471 128 128 128
-2.137 -1.85568 1.41692 128 128 128
-2.16645 -1.83512 1.42133 128 128 128
-2.18466 -1.80497 1.41868 128 128 128
-2.21223 -1.78253 1.42222 128 128 128
-2.25157 -1.76912 1.43325 128 128 128
-2.28736 -1.75227 1.44208 128 128 128
-2.30941 -1.72461 1.44252 128 128 128
-2.33692 -1.7009 1.44649 128 128 128
-2.35762 -1.67209 1.44649 128 128 128
-0.837753 -0.577709 0.525393 128 128 128
-0.841058 -0.564879 0.523187 128 128 128
-0.844925 -0.552546 0.521421 128 128 128
-0.86223 -0.548897 0.5276 128 128 128
-0.866615 -0.536854 0.526276 128 128 128
-0.867762 -0.522929 0.523187 128 128 128
-0.881849 -0.516789 0.5276 128 128 128
-0.898253 -0.511717 0.533338 128 128 128
-2.58404 -1.43341 1.47827 128 128 128
-2.59985 -1.40074 1.47738 128 128 128
-2.61685 -1.36873 1.47738 128 128 128
-2.64385 -1.3418 1.48312 128 128 128
-2.66816 -1.31322 1.48753 128 128 128
-2.68974 -1.28308 1.49062 128 128 128
-2.71343 -1.25375 1.49504 128 128 128
-2.72861 -1.22035 1.49504 128 128 128
-2.74668 -1.1882 1.4968 128 128 128
-2.76933 -1.15787 1.50122 128 128 128
-2.77584 -1.12078 1.49724 128 128 128
-2.79691 -1.08956 1.50122 128 128 128
-2.90935 -0.854187 1.51622 128 128 128
-2.92652 -0.820362 1.51975 128 128 128
-2.91903 -0.779747 1.51093 128 128 128
-2.93012 -0.74431 1.51181 128 128 128
-2.94165 -0.708929 1.51313 128 128 128
-2.958 -0.674576 1.51711 128 128 128
-2.96957 -0.638983 1.51887 128 128 128
-2.9763 -0.602315 1.51843 128 128 128
-2.98083 -0.565243 1.51711 128 128 128
-2.99019 -0.529092 1.51843 128 128 128
-2.99734 -0.492504 1.51887 128 128 128
-2.99961 -0.455144 1.51711 128 128 128
-3.07026 0.063588 1.43641 128 128 128
-3.08524 0.44563 1.45769 128 128 128
-3.05441 0.479476 1.44601 128 128 128
-3.0483 0.516923 1.44601 128 128 128
-3.03457 0.552978 1.44267 128 128 128
-3.02667 0.59 1.44225 128 128 128
-3.02987 0.62933 1.44726 128 128 128
-3.01926 0.665873 1.44601 128 128 128
-3.01352 0.703497 1.44726 128 128 128
-3.00466 0.740424 1.44726 128 128 128
-2.99359 0.776782 1.44643 128 128 128
-3.00574 0.819465 1.45686 128 128 128
-2.8889 0.825671 1.40594 128 128 128
-2.94382 0.880684 1.43724 128 128 128
-2.81221 1.23368 1.43641 128 128 128
-2.79024 1.26509 1.43307 128 128 128
-2.77287 1.29846 1.43223 128 128 128
-2.75836 1.33319 1.43307 128 128 128
-2.73935 1.36571 1.43182 128 128 128
-2.71592 1.3959 1.42848 128 128 128
-2.70822 1.43424 1.43349 128 128 128
-2.67766 1.46038 1.42681 128 128 128
-2.6635 1.49536 1.42889 128 128 128
-2.64102 1.52566 1.42681 128 128 128
-2.62287 1.55841 1.42722 128 128 128
-2.59658 1.58621 1.42347 128 128 128
-2.57461 1.6165 1.42222 128 128 128
-2.55153 1.646 1.42055 128 128 128
-2.53417 1.6792 1.42222 128 128 128
-2.51337 1.71017 1.42222 128 128 128
-2.48773 1.73776 1.41971 128 128 128
-2.46179 1.76497 1.41721 128 128 128
-2.42898 1.78696 1.41095 128 128 128
-2.40614 1.81608 1.41053 128 128 128
-2.37219 1.83655 1.40385 128 128 128
-2.35303 1.86836 1.40594 128 128 128
-2.32429 1.89249 1.4026 128 128 128
-2.31065 1.92904 1.40844 128 128 128
-2.26887 1.94186 1.39759 128 128 128
-2.24146 1.96656 1.3955 128 128 128
-2.22728 2.00304 1.40176 128 128 128
-2.17985 2.00925 1.38757 128 128 128
-2.157 2.03773 1.38882 128 128 128
-2.12727 2.05961 1.3859 128 128 128
-2.09539 2.07915 1.38173 128 128 128
-2.06781 2.10276 1.38048 128 128 128
-2.04688 2.13323 1.38382 128 128 128
-2.01559 2.15287 1.38048 128 128 128
-1.98045 2.16804 1.37463 128 128 128
-1.94343 2.18063 1.36754 128 128 128
-1.90879 2.19539 1.36211 128 128 128
-1.89168 2.23045 1.36921 128 128 128
-1.86128 2.24999 1.36712 128 128 128
-1.82555 2.26274 1.36128 128 128 128
-1.7825 2.26567 1.35001 128 128 128
-1.75788 2.29171 1.35251 128 128 128
-1.72473 2.30655 1.34876 128 128 128
-1.69203 2.32166 1.34542 128 128 128
-1.66131 2.33928 1.34375 128 128 128
-1.62835 2.35351 1.34041 128 128 128
-1.60239 2.37784 1.34291 128 128 128
-1.56314 2.38211 1.33456 128 128 128
-1.5372 2.40648 1.33749 128 128 128
-1.49942 2.41203 1.33039 128 128 128
-1.4683 2.42792 1.32914 128 128 128
-1.43794 2.44497 1.32872 128 128 128
-1.40243 2.45295 1.32371 128 128 128
-1.37486 2.47475 1.32622 128 128 128
-1.34224 2.48743 1.32413 128 128 128
-1.30825 2.49727 1.32079 128 128 128
-1.27545 2.50908 1.3187 128 128 128
-1.24617 2.52781 1.32037 128 128 128
-1.21388 2.54045 1.31912 128 128 128
-1.17538 2.53948 1.31119 128 128 128
-1.1445 2.55454 1.31161 128 128 128
-1.10767 2.55587 1.30535 128 128 128
-1.07447 2.56508 1.30326 128 128 128
-1.03952 2.56964 1.29909 128 128 128
-1.00659 2.57882 1.29742 128 128 128
-0.971043 2.58077 1.29241 128 128 128
-0.938684 2.59078 1.29157 128 128 128
-0.902354 2.58922 1.28531 128 128 128
-0.870225 2.59924 1.28489 128 128 128
-0.833008 2.59328 1.27696 128 128 128
-0.803781 2.61199 1.28114 128 128 128
-0.772689 2.62515 1.28281 128 128 128
-0.729902 2.5968 1.26486 128 128 128
-0.694006 2.59063 1.25776 128 128 128
-0.662163 2.59895 1.25776 128 128 128
-0.631068 2.61042 1.25943 128 128 128
-0.593351 2.59315 1.24775 128 128 128
-0.561294 2.59935 1.24733 128 128 128
-0.527918 2.59892 1.24399 128 128 128
-0.494974 2.59984 1.24149 128 128 128
-0.460985 2.59408 1.23606 128 128 128
-0.428237 2.59417 1.23356 128 128 128
-0.395693 2.59473 1.23147 128 128 128
-0.363448 2.59669 1.23022 128 128 128
-0.331102 2.59735 1.22855 128 128 128
-0.298691 2.5967 1.22646 128 128 128
-0.26653 2.59746 1.22521 128 128 128
-0.234955 2.60416 1.22688 128 128 128
-0.201668 2.58963 1.21895 128 128 128
-0.169643 2.58828 1.21728 128 128 128
-0.137493 2.58291 1.21394 128 128 128
-0.105965 2.58894 1.21602 128 128 128
-0.074064 2.5855 1.21394 128 128 128
-0.0422634 2.58167 1.21185 128 128 128
-0.0105479 2.56928 1.20601 128 128 128
0.0210622 2.57739 1.20976 128 128 128
0.0527695 2.58057 1.21143 128 128 128
0.0839648 2.56611 1.20517 128 128 128
0.114474 2.54401 1.19557 128 128 128
0.14531 2.53606 1.19265 128 128 128
0.17222 2.47517 1.16552 128 128 128
0.204172 2.49188 1.17429 128 128 128
0.234127 2.48286 1.17136 128 128 128
0.264676 2.4807 1.17178 128 128 128
0.292591 2.45652 1.16218 128 128 128
0.322234 2.44914 1.16051 128 128 128
0.352264 2.445 1.16051 128 128 128
0.380678 2.43062 1.15592 128 128 128
0.417522 2.46697 1.17512 128 128 128
0.441034 2.42502 1.15801 128 128 128
0.463581 2.38286 1.14089 128 128 128
0.489997 2.36365 1.13463 128 128 128
0.518769 2.35657 1.13422 128 128 128
0.548272 2.35268 1.13547 128 128 128
0.576446 2.34313 1.13422 128 128 128
0.602862 2.32709 1.13004 128 128 128
0.629211 2.31163 1.12629 128 128 128
0.657782 2.30461 1.1267 128 128 128
0.68549 2.29462 1.12587 128 128 128
0.713325 2.28517 1.12545 128 128 128
0.743577 2.28315 1.12879 128 128 128
0.760973 2.24289 1.11376 128 128 128
0.706652 2.00303 1.00149 128 128 128
0.726776 1.98227 0.995642 128 128 128
0.748122 1.96556 0.991886 128 128 128
0.759443 1.92414 0.976025 128 128 128
0.771244 1.8861 0.961834 128 128 128
0.801095 1.89238 0.969764 128 128 128
0.826088 1.88657 0.971851 128 128 128
0.849553 1.87711 0.972268 128 128 128
0.885279 1.89369 0.986042 128 128 128
0.914796 1.89576 0.992721 128 128 128
0.959134 1.92665 1.01442 128 128 128
0.99645 1.94139 1.0282 128 128 128
1.03043 1.94828 1.03822 128 128 128
1.09745 2.01441 1.07954 128 128 128
1.10469 1.96991 1.06326 128 128 128
1.11238 1.9279 1.04823 128 128 128
1.11641 1.88132 1.0307 128 128 128
1.14037 1.86903 1.03154 128 128 128
1.15498 1.84182 1.02444 128 128 128
1.1775 1.82751 1.02444 128 128 128
1.19833 1.81065 1.02319 128 128 128
1.22353 1.80031 1.02569 128 128 128
1.22832 1.7606 1.01192 128 128 128
1.25939 1.75868 1.01943 128 128 128
1.27817 1.73943 1.01735 128 128 128
1.30381 1.72941 1.02069 128 128 128
1.3333 1.72405 1.02695 128 128 128
1.34869 1.70045 1.02277 128 128 128
1.35796 1.66969 1.01442 128 128 128
1.37252 1.64594 1.01025 128 128 128
1.32455 1.54967 0.962251 128 128 128
1.34346 1.5333 0.962251 128 128 128
1.34027 1.4924 0.947225 128 128 128
1.35355 1.47051 0.943886 128 128 128
1.35961 1.44125 0.935955 128 128 128
1.22337 1.26603 0.834529 128 128 128
1.24138 1.2535 0.836199 128 128 128
1.47079 1.44813 0.973938 128 128 128
1.48188 1.42369 0.969764 128 128 128
1.48795 1.39485 0.962668 128 128 128
1.48413 1.35752 0.949729 128 128 128
1.50067 1.33921 0.949729 128 128 128
1.50807 1.31295 0.944303 128 128 128
1.5199 1.29083 0.941799 128 128 128
1.53633 1.27265 0.942216 128 128 128
1.55466 1.25598 0.943886 128 128 128
1.57353 1.23962 0.945973 128 128 128
1.59873 1.22794 0.951816 128 128 128
1.58818 1.18922 0.937208 128 128 128
1.59604 1.16483 0.933451 128 128 128
1.60354 1.14044 0.929694 128 128 128
1.61517 1.11912 0.928442 128 128 128
1.62803 1.09871 0.928025 128 128 128
1.64063 1.07815 0.927608 128 128 128
1.64913 1.05501 0.925103 128 128 128
1.49047 0.928443 0.832442 128 128 128
1.49941 0.908676 0.83119 128 128 128
1.63119 0.960971 0.895468 128 128 128
1.71155 0.980018 0.931781 128 128 128
1.72504 0.959822 0.932616 128 128 128
1.73748 0.939011 0.933034 128 128 128
1.74727 0.916777 0.932199 128 128 128
1.75919 0.895677 0.932616 128 128 128
1.76108 0.869615 0.928025 128 128 128
1.76752 0.845986 0.925938 128 128 128
1.77694 0.823852 0.925521 128 128 128
1.78775 0.802354 0.925938 128 128 128
1.79746 0.780355 0.925938 128 128 128
1.78677 0.749844 0.915921 128 128 128
1.79584 0.727861 0.915921 128 128 128
1.82242 0.71268 0.924686 128 128 128
1.82763 0.688987 0.923016 128 128 128
1.79235 0.650787 0.901729 128 128 128
1.79075 0.625469 0.897138 128 128 128
1.78105 0.597703 0.88879 128 128 128
1.79431 0.577738 0.891712 128 128 128
1.81951 0.56126 0.900477 128 128 128
1.81754 0.536337 0.896303 128 128 128
1.84674 0.52035 0.907155 128 128 128
1.85123 0.497181 0.906321 128 128 128
1.86424 0.476209 0.90966 128 128 128
1.87348 0.454145 0.911329 128 128 128
1.88866 0.433334 0.915921 128 128 128
1.88761 0.408792 0.912999 128 128 128
1.86398 0.379855 0.899642 128 128 128
1.80778 0.345492 0.87126 128 128 128
1.8799 0.335256 0.902981 128 128 128
1.88208 0.311869 0.902147 128 128 128
1.87678 0.287394 0.897973 128 128 128
1.85136 0.260357 0.884616 128 128 128
1.76606 0.2265 0.843712 128 128 128
1.65584 0.192013 0.791538 128 128 128
1.63275 0.169123 0.779851 128 128 128
1.63923 0.149475 0.781938 128 128 128
1.64729 0.129831 0.78486 128 128 128
1.65148 0.10978 0.786112 128 128 128
1.65633 0.0896933 0.787781 128 128 128
1.65186 0.0691468 0.785277 128 128 128
1.6544 0.0489198 0.786112 128 128 128
1.64124 0.0284134 0.779851 128 128 128
1.63693 0.00825952 0.777764 128 128 128
1.63054 -0.0117662 0.774842 128 128 128
1.64481 -0.0320958 0.781521 128 128 128
1.61705 -0.0513412 0.768999 128 128 128
1.88862 -0.0838894 0.894216 128 128 128
1.88382 -0.106845 0.892547 128 128 128
1.89052 -0.130536 0.896303 128 128 128
1.89149 -0.153953 0.897555 128 128 128
1.89489 -0.177674 0.90006 128 128 128
1.25243 -1.71661 1.0019 128 128 128
1.236 -1.73852 1.00566 128 128 128
1.22128 -1.76329 1.01109 128 128 128
1.20461 -1.78568 1.01526 128 128 128
1.1851 -1.80413 1.01735 128 128 128
1.16385 -1.82007 1.01818 128 128 128
1.14142 -1.83422 1.01818 128 128 128
1.11789 -1.84653 1.01735 128 128 128
1.09331 -1.85697 1.01568 128 128 128
1.07044 -1.87025 1.01568 128 128 128
1.04961 -1.88722 1.01776 128 128 128
1.0268 -1.90076 1.01818 128 128 128
1.00466 -1.91563 1.01943 128 128 128
0.980254 -1.9262 1.0186 128 128 128
0.963352 -1.95195 1.02569 128 128 128
0.940108 -1.96526 1.02653 128 128 128
0.914779 -1.97418 1.02528 128 128 128
0.890854 -1.98608 1.02569 128 128 128
0.868575 -2.00187 1.0282 128 128 128
0.847092 -2.01993 1.03196 128 128 128
0.825635 -2.0386 1.03613 128 128 128
0.80286 -2.05451 1.03905 128 128 128
0.778863 -2.06761 1.04072 128 128 128
0.754356 -2.07958 1.04197 128 128 128
0.732352 -2.09898 1.04698 128 128 128
0.70654 -2.10781 1.04698 128 128 128
0.680897 -2.11719 1.0474 128 128 128
0.655396 -2.12712 1.04823 128 128 128
0.632052 -2.1446 1.05282 128 128 128
0.608132 -2.16094 1.057 128 128 128
0.58297 -2.17351 1.0595 128 128 128
0.559376 -2.19284 1.06535 128 128 128
0.532 -2.19777 1.06451 128 128 128
0.505996 -2.20856 1.0666 128 128 128
0.482473 -2.23149 1.07453 128 128 128
0.457745 -2.2506 1.08079 128 128 128
0.431103 -2.26141 1.08329 128 128 128
0.404738 -2.27458 1.08705 128 128 128
0.378407 -2.28924 1.09164 128 128 128
0.350692 -2.29641 1.09289 128 128 128
0.324353 -2.31404 1.09916 128 128 128
0.295932 -2.31785 1.09916 128 128 128
0.267466 -2.32131 1.09916 128 128 128
0.23896 -2.32441 1.09916 128 128 128
0.211621 -2.34075 1.10542 128 128 128
0.183433 -2.35042 1.10876 128 128 128
0.155271 -2.36337 1.11376 128 128 128
0.126959 -2.37871 1.12002 128 128 128
0.097795 -2.381 1.12044 128 128 128
0.0687162 -2.38747 1.12295 128 128 128
0.0395603 -2.39813 1.12754 128 128 128
0.0101174 -2.39389 1.12545 128 128 128
-0.0191798 -2.38566 1.12169 128 128 128
-0.0484942 -2.38706 1.12253 128 128 128
-0.0781893 -2.39809 1.12796 128 128 128
-0.107951 -2.40421 1.13129 128 128 128
-0.137339 -2.40089 1.13046 128 128 128
-0.154254 -2.22318 1.04949 128 128 128
-0.169784 -2.08076 0.98479 128 128 128
-0.192178 -2.04595 0.969764 128 128 128
-0.285722 -2.39968 1.13589 128 128 128
-0.321153 -2.44103 1.15676 128 128 128
-0.350166 -2.43061 1.15383 128 128 128
-0.381246 -2.43421 1.15759 128 128 128
-0.411242 -2.43025 1.15801 128 128 128
-0.443496 -2.43842 1.16427 128 128 128
-0.477413 -2.45331 1.17387 128 128 128
-0.506739 -2.4437 1.1722 128 128 128
-0.536886 -2.43819 1.17262 128 128 128
-0.566766 -2.43142 1.17262 128 128 128
-0.600277 -2.43927 1.17971 128 128 128
-0.63659 -2.45634 1.1914 128 128 128
-0.665725 -2.44484 1.18973 128 128 128
-0.703205 -2.46269 1.20225 128 128 128
-0.735728 -2.46171 1.20601 128 128 128
-0.76452 -2.44816 1.20392 128 128 128
-0.792524 -2.43255 1.201 128 128 128
-0.823196 -2.42522 1.20225 128 128 128
-0.862929 -2.44319 1.21602 128 128 128
-0.894104 -2.43583 1.21769 128 128 128
-0.922953 -2.42213 1.21644 128 128 128
-0.960655 -2.43089 1.22646 128 128 128
-0.990759 -2.41976 1.22688 128 128 128
-1.02038 -2.40742 1.22688 128 128 128
-1.05058 -2.39638 1.22771 128 128 128
-1.08292 -2.38992 1.23105 128 128 128
-1.111 -2.37399 1.2298 128 128 128
-1.14481 -2.36999 1.23481 128 128 128
-1.17543 -2.35901 1.23648 128 128 128
-1.20929 -2.3541 1.24149 128 128 128
-1.23937 -2.34149 1.24274 128 128 128
-1.27106 -2.33168 1.24566 128 128 128
-1.29557 -2.30878 1.2419 128 128 128
-1.33702 -2.31551 1.25401 128 128 128
-1.36998 -2.30674 1.25818 128 128 128
-1.40768 -2.30525 1.26653 128 128 128
-1.43732 -2.29011 1.26778 128 128 128
-1.46778 -2.27611 1.26987 128 128 128
-1.4946 -2.25641 1.26903 128 128 128
-1.53447 -2.25592 1.27905 128 128 128
-1.56047 -2.23468 1.2778 128 128 128
-1.583 -2.20873 1.27404 128 128 128
-1.63211 -2.21911 1.29116 128 128 128
-1.66032 -2.20037 1.29199 128 128 128
-1.69945 -2.19562 1.30117 128 128 128
-1.72174 -2.16891 1.29783 128 128 128
-1.75857 -2.16029 1.30535 128 128 128
-1.79487 -2.15039 1.31244 128 128 128
-1.82645 -2.13441 1.3162 128 128 128
-1.8435 -2.1016 1.30994 128 128 128
-1.88376 -2.09502 1.31996 128 128 128
-1.90624 -2.06841 1.31787 128 128 128
-1.93273 -2.04618 1.3187 128 128 128
-1.96339 -2.02817 1.32246 128 128 128
-2.00223 -2.0181 1.33164 128 128 128
-2.01906 -1.98574 1.32663 128 128 128
-2.04459 -1.96207 1.32747 128 128 128
-2.07051 -1.93869 1.32872 128 128 128
-2.10287 -1.92109 1.33415 128 128 128
-2.12765 -1.89635 1.33498 128 128 128
-2.15763 -1.87605 1.33916 128 128 128
-2.17979 -1.84885 1.33874 128 128 128
-2.21213 -1.83005 1.34458 128 128 128
-2.23655 -1.80448 1.34583 128 128 128
-2.25781 -1.77633 1.34542 128 128 128
-2.28521 -1.75291 1.34876 128 128 128
-2.29781 -1.71822 1.34375 128 128 128
-2.33269 -1.70004 1.35168 128 128 128
-2.3823 -1.69176 1.36796 128 128 128
-0.862618 -0.600094 0.508547 128 128 128
-0.864637 -0.585917 0.505625 128 128 128
-0.862636 -0.569293 0.500616 128 128 128
-0.87109 -0.55964 0.501451 128 128 128
-0.862443 -0.539337 0.493103 128 128 128
-0.880671 -0.535749 0.499364 128 128 128
-0.883259 -0.522604 0.497277 128 128 128
-0.907766 -0.522072 0.506877 128 128 128
-0.914104 -0.510893 0.506877 128 128 128
-2.61629 -1.41152 1.39133 128 128 128
-2.64308 -1.38435 1.39634 128 128 128
-2.65987 -1.35181 1.39634 128 128 128
-2.68605 -1.32388 1.40135 128 128 128
-2.70455 -1.29199 1.4026 128 128 128
-2.72763 -1.26213 1.40636 128 128 128
-2.74541 -1.22967 1.40761 128 128 128
-2.7678 -1.19913 1.41136 128 128 128
-2.7823 -1.16507 1.41136 128 128 128
-2.79808 -1.13152 1.4122 128 128 128
-2.81091 -1.09677 1.41178 128 128 128
-2.825 -1.06251 1.4122 128 128 128
-2.85664 -1.03455 1.42138 128 128 128
-2.87083 -1.00001 1.42222 128 128 128
-2.88375 -0.964991 1.42263 128 128 128
-2.90317 -0.932019 1.42639 128 128 128
-2.91352 -0.896057 1.42597 128 128 128
-2.92429 -0.860236 1.42597 128 128 128
-2.94251 -0.826486 1.42973 128 128 128
-2.96033 -0.792419 1.43349 128 128 128
-2.97776 -0.758038 1.43724 128 128 128
-2.95238 -0.713166 1.42096 128 128 128
-2.95559 -0.675674 1.41846 128 128 128
-3.00187 -0.64754 1.43641 128 128 128
-3.00335 -0.609398 1.43349 128 128 128
-3.00257 -0.570979 1.42973 128 128 128
-3.02188 -0.536296 1.43557 128 128 128
-3.02733 -0.499026 1.43516 128 128 128
-3.03413 -0.461974 1.43557 128 128 128
-3.04137 -0.424955 1.43641 128 128 128
-3.05537 -0.388735 1.44058 128 128 128
-3.06172 -0.351416 1.44142 128 128 128
-3.05947 -0.313179 1.43849 128 128 128
-3.13459 -0.281946 1.47147 128 128 128
-3.13711 0.301137 1.38379 128 128 128
-3.09665 0.335669 1.36797 128 128 128
-3.09503 0.373973 1.36916 128 128 128
-3.09112 0.412047 1.36956 128 128 128
-3.09765 0.451666 1.3747 128 128 128
-3.08189 0.488069 1.37035 128 128 128
-3.07296 0.525389 1.36916 128 128 128
-3.06808 0.56339 1.36995 128 128 128
-3.06274 0.601351 1.37074 128 128 128
-3.05064 0.637952 1.36876 128 128 128
-3.01528 0.747379 1.36441 128 128 128
-2.91108 1.07391 1.36283 128 128 128
-2.85738 1.13453 1.35057 128 128 128
-2.8608 1.21797 1.3656 128 128 128
-2.83807 1.24966 1.36204 128 128 128
-2.82001 1.28325 1.36085 128 128 128
-2.79574 1.31386 1.3569 128 128 128
-2.77775 1.34726 1.35611 128 128 128
-2.7643 1.38289 1.35769 128 128 128
-2.74467 1.41545 1.3565 128 128 128
-2.72871 1.44988 1.35729 128 128 128
-2.70749 1.4815 1.35571 128 128 128
-2.68271 1.51101 1.35255 128 128 128
-2.66078 1.54198 1.35096 128 128 128
-2.64166 1.57451 1.35096 128 128 128
-2.61431 1.60201 1.34701 128 128 128
-2.59212 1.63251 1.34582 128 128 128
-2.56572 1.66021 1.34266 128 128 128
-2.54974 1.69461 1.34503 128 128 128
-2.52268 1.72164 1.34187 128 128 128
-2.50137 1.75246 1.34187 128 128 128
-2.46848 1.77499 1.33593 128 128 128
-2.44726 1.80569 1.33633 128 128 128
-2.42125 1.83282 1.33435 128 128 128
-2.38696 1.85339 1.32802 128 128 128
-2.38273 1.89741 1.33831 128 128 128
-2.34076 1.91141 1.32802 128 128 128
-2.31361 1.93704 1.32605 128 128 128
-2.28199 1.95871 1.32169 128 128 128
-2.25641 1.98535 1.3209 128 128 128
-2.23255 2.01351 1.3213 128 128 128
-2.207 2.04013 1.3209 128 128 128
-2.17513 2.06075 1.31695 128 128 128
-2.1477 2.08537 1.31576 128 128 128
-2.11348 2.10315 1.31062 128 128 128
-2.06307 2.10402 1.29559 128 128 128
-2.03646 2.12851 1.29519 128 128 128
-2.01206 2.15536 1.29638 128 128 128
-1.9966 2.1921 1.3035 128 128 128
-1.95734 2.20271 1.29559 128 128 128
-1.92836 2.22448 1.2944 128 128 128
-1.89557 2.24167 1.29084 128 128 128
-1.86091 2.25626 1.2861 128 128 128
-1.82962 2.27464 1.28372 128 128 128
-1.79193 2.28464 1.277 128 128 128
-1.75818 2.29916 1.27304 128 128 128
-1.72873 2.31909 1.27225 128 128 128
-1.69474 2.33271 1.2683 128 128 128
-1.66545 2.35258 1.2679 128 128 128
-1.63594 2.37208 1.2675 128 128 128
-1.60722 2.39274 1.2679 128 128 128
-1.57069 2.40153 1.26236 128 128 128
-1.53617 2.41288 1.25841 128 128 128
-1.50547 2.42998 1.25762 128 128 128
-1.47744 2.45142 1.2592 128 128 128
-1.4412 2.45907 1.25406 128 128 128
-1.40546 2.467 1.24931 128 128 128
-1.37819 2.48968 1.25208 128 128 128
-1.34797 2.50721 1.25247 128 128 128
-1.30732 2.50485 1.24338 128 128 128
-1.28147 2.53053 1.24812 128 128 128
-1.24019 2.52546 1.23823 128 128 128
-1.2091 2.54049 1.23823 128 128 128
-1.17745 2.5543 1.23784 128 128 128
-1.14152 2.55849 1.23309 128 128 128
-1.10202 2.55376 1.22439 128 128 128
-1.07414 2.57557 1.22835 128 128 128
-1.0373 2.57578 1.22241 128 128 128
-1.00561 2.58831 1.22241 128 128 128
-0.969904 2.59014 1.21767 128 128 128
-0.921513 2.55606 1.1967 128 128 128
-0.90906 2.62184 1.22162 128 128 128
-0.857054 2.57355 1.19472 128 128 128
-0.832406 2.60574 1.20461 128 128 128
-0.799828 2.61401 1.20382 128 128 128
-0.759422 2.59542 1.19116 128 128 128
-0.72702 2.60278 1.19037 128 128 128
-0.693605 2.60618 1.188 128 128 128
-0.657733 2.59936 1.18128 128 128 128
-0.625571 2.60634 1.18088 128 128 128
-0.59354 2.61382 1.18088 128 128 128
-0.559491 2.61193 1.17692 128 128 128
-0.524669 2.60509 1.17099 128 128 128
-0.493003 2.61314 1.17178 128 128 128
-0.46026 2.61538 1.1702 128 128 128
-0.427685 2.61811 1.16901 128 128 128
-0.3947 2.61771 1.16664 128 128 128
-0.361031 2.61144 1.16189 128 128 128
-0.328612 2.61294 1.16071 128 128 128
-0.294445 2.59853 1.1528 128 128 128
-0.263647 2.61291 1.15754 128 128 128
-0.231237 2.61229 1.15596 128 128 128
-0.199022 2.6131 1.15517 128 128 128
-0.166823 2.61351 1.15438 128 128 128
-0.134452 2.60986 1.15201 128 128 128
-0.10194 2.59938 1.14686 128 128 128
-0.0699333 2.59676 1.14528 128 128 128
-0.0377408 2.5763 1.13618 128 128 128
-0.00617108 2.59311 1.1433 128 128 128
0.0255821 2.58564 1.14014 128 128 128
0.0565356 2.54932 1.12471 128 128 128
0.0883133 2.56312 1.13104 128 128 128
0.11993 2.56551 1.13262 128 128 128
0.150116 2.54184 1.12313 128 128 128
0.17987 2.51965 1.11443 128 128 128
0.209634 2.50353 1.1085 128 128 128
0.240428 2.50168 1.10889 128 128 128
0.269434 2.48302 1.10217 128 128 128
0.299006 2.47223 1.099 128 128 128
0.32787 2.45745 1.09426 128 128 128
0.357209 2.44779 1.09188 128 128 128
0.385215 2.43052 1.08634 128 128 128
0.415784 2.43014 1.08832 128 128 128
0.445078 2.42214 1.08714 128 128 128
0.473179 2.40838 1.08358 128 128 128
0.502885 2.4033 1.08397 128 128 128
0.526778 2.37183 1.0729 128 128 128
0.555635 2.3643 1.0725 128 128 128
0.582842 2.35017 1.06934 128 128 128
0.610481 2.3384 1.06736 128 128 128
0.638404 2.32807 1.06617 128 128 128
0.665406 2.31476 1.0638 128 128 128
0.692969 2.30378 1.06261 128 128 128
0.719264 2.28897 1.05984 128 128 128
0.744158 2.27037 1.05549 128 128 128
0.766038 2.24368 1.04758 128 128 128
0.796583 2.24277 1.05154 128 128 128
0.821505 2.22593 1.04837 128 128 128
0.792008 2.06727 0.979943 128 128 128
0.809192 2.03691 0.97045 128 128 128
0.823309 2.00049 0.958188 128 128 128
0.829467 1.94713 0.938015 128 128 128
0.845164 1.9183 0.929313 128 128 128
0.871301 1.91364 0.932082 128 128 128
0.906037 1.92692 0.943553 128 128 128
0.939625 1.93632 0.953441 128 128 128
0.972759 1.94354 0.962539 128 128 128
1.00284 1.9437 0.968472 128 128 128
1.0292 1.93611 0.970845 128 128 128
1.06654 1.94832 0.983107 128 128 128
1.08677 1.92868 0.979943 128 128 128
1.09655 1.89136 0.968077 128 128 128
1.10981 1.86119 0.95977 128 128 128
1.12202 1.83019 0.951068 128 128 128
1.17178 1.85982 0.973219 128 128 128
1.18953 1.83759 0.969263 128 128 128
1.20996 1.81979 0.967681 128 128 128
1.21771 1.78356 0.956606 128 128 128
1.17157 1.67141 0.90558 128 128 128
1.18878 1.65244 0.903207 128 128 128
1.21986 1.65251 0.911118 128 128 128
1.28492 1.69675 0.943157 128 128 128
1.26061 1.6228 0.911514 128 128 128
1.83048 0.843349 0.894505 128 128 128
1.85159 0.825693 0.899647 128 128 128
1.82617 0.787608 0.883034 128 128 128
1.88584 0.759043 0.902021 128 128 128
1.86248 0.723188 0.88699 128 128 128
1.88068 0.703826 0.891341 128 128 128
1.89176 0.68163 0.892527 128 128 128
1.89651 0.657158 0.890945 128 128 128
1.89982 0.606499 0.885408 128 128 128
1.90186 0.581524 0.883034 128 128 128
1.90356 0.556591 0.880661 128 128 128
1.90866 0.507578 0.877101 128 128 128
1.93751 0.464666 0.884616 128 128 128
1.9524 0.392855 0.884221 128 128 128
1.95075 0.367671 0.881452 128 128 128
1.95331 0.343385 0.880661 128 128 128
1.95466 0.318944 0.879474 128 128 128
1.04785 -1.89361 0.958584 128 128 128
1.0328 -1.9217 0.966099 128 128 128
1.01169 -1.93911 0.968472 128 128 128
0.989898 -1.95547 0.97045 128 128 128
0.966232 -1.9683 0.970845 128 128 128
0.942005 -1.98001 0.970845 128 128 128
0.918406 -1.99309 0.971637 128 128 128
0.896127 -2.00924 0.97401 128 128 128
0.873589 -2.02514 0.976383 128 128 128
0.847609 -2.03317 0.975196 128 128 128
0.823626 -2.04597 0.976383 128 128 128
0.800455 -2.06106 0.978756 128 128 128
0.77736 -2.07675 0.981525 128 128 128
0.754936 -2.09477 0.985481 128 128 128
0.728571 -2.10214 0.98469 128 128 128
0.703591 -2.11354 0.985876 128 128 128
0.680961 -2.13251 0.990623 128 128 128
0.655279 -2.14246 0.991414 128 128 128
0.632556 -2.16268 0.996951 128 128 128
0.60894 -2.18089 1.0017 128 128 128
0.583788 -2.19441 1.00447 128 128 128
0.560201 -2.21476 1.0104 128 128 128
0.531262 -2.21433 1.00724 128 128 128
0.503845 -2.21979 1.00684 128 128 128
0.477917 -2.23209 1.00961 128 128 128
0.45158 -2.24319 1.01198 128 128 128
0.426068 -2.25939 1.01673 128 128 128
0.399587 -2.27168 1.01989 128 128 128
0.371829 -2.27732 1.02029 128 128 128
0.345641 -2.29352 1.02543 128 128 128
0.317975 -2.30122 1.02701 128 128 128
0.291208 -2.3168 1.03215 128 128 128
0.263274 -2.32476 1.03413 128 128 128
0.234634 -2.3269 1.03374 128 128 128
0.207609 -2.34699 1.04125 128 128 128
0.179987 -2.36493 1.04798 128 128 128
0.151188 -2.37062 1.04956 128 128 128
0.121942 -2.36955 1.04837 128 128 128
0.093183 -2.37913 1.05193 128 128 128
0.0643336 -2.39294 1.05747 128 128 128
0.0350613 -2.39998 1.06024 128 128 128
0.00559917 -2.39748 1.05905 128 128 128
-0.0238735 -2.40288 1.06143 128 128 128
-0.0535771 -2.4125 1.06578 128 128 128
-0.0831159 -2.40983 1.06499 128 128 128
-0.112936 -2.41413 1.06736 128 128 128
-0.142767 -2.41623 1.06894 128 128 128
-0.170461 -2.38681 1.05707 128 128 128
-0.173018 -2.06327 0.918238 128 128 128
-0.191424 -1.98877 0.88699 128 128 128
-0.223404 -2.05658 0.917447 128 128 128
-0.258284 -2.13393 0.952255 128 128 128
-0.326177 -2.4447 1.08872 128 128 128
-0.356549 -2.44324 1.0899 128 128 128
-0.386647 -2.43959 1.0903 128 128 128
-0.418254 -2.44462 1.09465 128 128 128
-0.449711 -2.44744 1.09821 128 128 128
-0.481476 -2.45075 1.10217 128 128 128
-0.512828 -2.45095 1.10494 128 128 128
-0.544852 -2.45344 1.10889 128 128 128
-0.579949 -2.46803 1.11838 128 128 128
-0.610633 -2.46251 1.11918 128 128 128
-0.6415 -2.45749 1.12036 128 128 128
-0.672579 -2.45298 1.12194 128 128 128
-0.710733 -2.47279 1.1346 128 128 128
-0.741288 -2.46477 1.135 128 128 128
-0.773678 -2.46249 1.13816 128 128 128
-0.804124 -2.45369 1.13856 128 128 128
-0.840987 -2.46363 1.14765 128 128 128
-0.872077 -2.45572 1.14884 128 128 128
-0.901194 -2.44225 1.14765 128 128 128
-0.938969 -2.45159 1.15715 128 128 128
-0.969661 -2.4416 1.15794 128 128 128
-0.999201 -2.42866 1.15754 128 128 128
-1.0318 -2.42298 1.16071 128 128 128
-1.06368 -2.41518 1.16308 128 128 128
-1.09324 -2.40194 1.16308 128 128 128
-1.12263 -2.38835 1.16308 128 128 128
-1.15746 -2.38596 1.16862 128 128 128
-1.18706 -2.3724 1.16901 128 128 128
-1.22113 -2.36745 1.17376 128 128 128
-1.25311 -2.35797 1.17653 128 128 128
-1.28459 -2.34725 1.1789 128 128 128
-1.31285 -2.33051 1.17851 128 128 128
-1.35515 -2.33807 1.19037 128 128 128
-1.38656 -2.326 1.19275 128 128 128
-1.42363 -2.32291 1.19987 128 128 128
-1.45105 -2.30371 1.19908 128 128 128
-1.4832 -2.2919 1.20224 128 128 128
-1.51376 -2.27735 1.20422 128 128 128
-1.54366 -2.26164 1.2058 128 128 128
-1.57446 -2.24704 1.20817 128 128 128
-1.61049 -2.23948 1.2145 128 128 128
-1.65202 -2.23877 1.22479 128 128 128
-1.67826 -2.21687 1.22399 128 128 128
-1.70871 -2.20046 1.22637 128 128 128
-1.74302 -2.18867 1.23151 128 128 128
-1.77613 -2.17494 1.23586 128 128 128
-1.80505 -2.1558 1.23744 128 128 128
-1.84392 -2.14813 1.24575 128 128 128
-1.85802 -2.11154 1.23784 128 128 128
-1.89178 -2.09745 1.24298 128 128 128
-1.93856 -2.09702 1.25643 128 128 128
-1.95152 -2.05973 1.24852 128 128 128
-1.97985 -2.03893 1.2505 128 128 128
-2.01184 -2.02164 1.25485 128 128 128
-2.03716 -1.99744 1.25524 128 128 128
-2.06152 -1.9723 1.25524 128 128 128
-2.0916 -1.95249 1.2588 128 128 128
-2.1188 -1.92977 1.26078 128 128 128
-2.1485 -1.90912 1.26434 128 128 128
-2.17384 -1.88442 1.26553 128 128 128
-2.20241 -1.86235 1.26869 128 128 128
-2.23927 -1.84687 1.2766 128 128 128
-2.26248 -1.81983 1.277 128 128 128
-2.28175 -1.78966 1.27542 128 128 128
-2.30864 -1.76543 1.27818 128 128 128
-2.32498 -1.73312 1.27542 128 128 128
-2.3639 -1.71743 1.28491 128 128 128
-2.39829 -1.69785 1.29203 128 128 128
-0.869515 -0.598587 0.48116 128 128 128
-0.856979 -0.574547 0.470876 128 128 128
-0.842449 -0.5499 0.459801 128 128 128
-0.832869 -0.529155 0.451494 128 128 128
-0.841642 -0.520346 0.452681 128 128 128
-0.871556 -0.524213 0.464547 128 128 128
-0.907233 -0.530676 0.479182 128 128 128
-0.914475 -0.519958 0.479578 128 128 128
-0.938459 -0.518491 0.48828 128 128 128
-2.64146 -1.42023 1.31813 128 128 128
-2.66602 -1.39154 1.32169 128 128 128
-2.68535 -1.35997 1.32288 128 128 128
-2.7175 -1.33461 1.3304 128 128 128
-2.73036 -1.29958 1.32881 128 128 128
-2.7536 -1.26944 1.33237 128 128 128
-2.76813 -1.23518 1.33198 128 128 128
-2.79404 -1.20585 1.33712 128 128 128
-2.80863 -1.17148 1.33712 128 128 128
-2.83131 -1.14036 1.34108 128 128 128
-2.84509 -1.10553 1.34108 128 128 128
-2.97264 -0.87001 1.36046 128 128 128
-2.96364 -0.82802 1.35176 128 128 128
-2.97712 -0.792536 1.35334 128 128 128
-3.00087 -0.759554 1.35967 128 128 128
-3.00103 -0.720524 1.35571 128 128 128
-3.01771 -0.685477 1.35927 128 128 128
-3.02589 -0.648393 1.35927 128 128 128
-3.03362 -0.611212 1.35927 128 128 128
-3.0418 -0.574109 1.35967 128 128 128
-3.05042 -0.537058 1.36046 128 128 128
-3.06585 -0.50107 1.36441 128 128 128
-3.07086 -0.463272 1.36402 128 128 128
-3.07449 -0.4253 1.36323 128 128 128
-3.11143 0.402313 1.28169 128 128 128
-3.12372 0.442965 1.28874 128 128 128
-3.11163 0.480265 1.28615 128 128 128
-3.10733 0.518721 1.28689 128 128 128
-3.10073 0.556814 1.28689 128 128 128
-3.10187 0.596412 1.29023 128 128 128
-3.0925 0.634056 1.28949 128 128 128
-3.07632 0.670168 1.28615 128 128 128
-3.08234 0.711229 1.29208 128 128 128
-3.06075 0.745905 1.28689 128 128 128
-3.04957 0.782945 1.28615 128 128 128
-3.0012 0.809855 1.27018 128 128 128
-3.0089 0.851705 1.27761 128 128 128
-2.98665 0.88512 1.27278 128 128 128
-2.87116 1.25076 1.27946 128 128 128
-2.85221 1.28437 1.27798 128 128 128
-2.82613 1.31456 1.27352 128 128 128
-2.80979 1.34914 1.27352 128 128 128
-2.79552 1.38476 1.27464 128 128 128
-2.77666 1.41811 1.2739 128 128 128
-2.7533 1.44904 1.2713 128 128 128
-2.73042 1.48006 1.26907 128 128 128
-2.71124 1.513 1.2687 128 128 128
-2.68362 1.54106 1.26462 128 128 128
-2.67649 1.58098 1.27018 128 128 128
-2.65292 1.61129 1.26833 128 128 128
-2.61957 1.63534 1.26202 128 128 128
-2.61102 1.6749 1.26759 128 128 128
-2.57477 1.69658 1.26016 128 128 128
-2.54684 1.72336 1.25682 128 128 128
-2.52246 1.75236 1.25534 128 128 128
-2.49321 1.77778 1.25162 128 128 128
-2.46447 1.80329 1.24828 128 128 128
-2.44734 1.83731 1.25088 128 128 128
-2.41873 1.86267 1.24791 128 128 128
-2.39569 1.89221 1.24791 128 128 128
-2.36148 1.91268 1.24234 128 128 128
-2.33213 1.93676 1.23937 128 128 128
-2.31595 1.97187 1.24346 128 128 128
-2.2818 1.99158 1.23826 128 128 128
-2.24474 2.00827 1.23158 128 128 128
-2.21583 2.03189 1.22935 128 128 128
-2.18465 2.0532 1.22601 128 128 128
-2.16329 2.08372 1.22824 128 128 128
-2.13162 2.10423 1.2249 128 128 128
-2.10238 2.12693 1.22304 128 128 128
-2.06968 2.14588 1.21933 128 128 128
-2.0362 2.16366 1.21525 128 128 128
-2.00511 2.18369 1.21265 128 128 128
-1.96146 2.18944 1.20262 128 128 128
-1.92834 2.20634 1.19891 128 128 128
-1.89992 2.22843 1.19817 128 128 128
-1.88132 2.26229 1.20374 128 128 128
-1.84933 2.28016 1.20114 128 128 128
-1.81431 2.29393 1.19669 128 128 128
-1.78489 2.31455 1.19594 128 128 128
-1.75468 2.33405 1.19483 128 128 128
-1.72208 2.35016 1.19223 128 128 128
-1.69041 2.36733 1.19037 128 128 128
-1.65647 2.38103 1.18703 128 128 128
-1.61881 2.38887 1.18109 128 128 128
-1.59142 2.41166 1.18258 128 128 128
-1.5627 2.43257 1.18332 128 128 128
-1.52586 2.44053 1.17812 128 128 128
-1.49579 2.45907 1.17812 128 128 128
-1.46692 2.47964 1.17924 128 128 128
-1.43361 2.49262 1.17701 128 128 128
-1.39568 2.49705 1.17107 128 128 128
-1.3614 2.50745 1.1681 128 128 128
-1.33182 2.52644 1.16922 128 128 128
-1.30156 2.54424 1.16996 128 128 128
-1.26489 2.5492 1.16513 128 128 128
-1.2291 2.55532 1.16105 128 128 128
-1.1871 2.54747 1.15103 128 128 128
-1.15537 2.561 1.15066 128 128 128
-1.12237 2.57158 1.14917 128 128 128
-1.0821 2.56461 1.14026 128 128 128
-1.05403 2.5863 1.14397 128 128 128
-1.01917 2.59126 1.14063 128 128 128
-0.982047 2.58968 1.13469 128 128 128
-0.942897 2.58146 1.12616 128 128 128
-0.912987 2.5981 1.12838 128 128 128
-0.877487 2.59854 1.12393 128 128 128
-0.83841 2.58702 1.11465 128 128 128
-0.806052 2.59534 1.11391 128 128 128
-0.774669 2.60682 1.11465 128 128 128
-0.73909 2.60362 1.10945 128 128 128
-0.707084 2.61249 1.10945 128 128 128
-0.674741 2.62007 1.10908 128 128 128
-0.640128 2.61823 1.105 128 128 128
-0.606702 2.62046 1.10277 128 128 128
-0.572136 2.61681 1.09832 128 128 128
-0.542396 2.63547 1.10314 128 128 128
-0.508791 2.63554 1.10054 128 128 128
-0.47298 2.62239 1.09275 128 128 128
-0.441524 2.63258 1.0946 128 128 128
-0.40834 2.63229 1.09238 128 128 128
-0.37484 2.62883 1.08904 128 128 128
-0.341842 2.6277 1.08681 128 128 128
-0.309142 2.62801 1.08532 128 128 128
-0.276295 2.62606 1.0831 128 128 128
-0.242868 2.61631 1.0779 128 128 128
-0.211473 2.62835 1.08161 128 128 128
-0.179203 2.63075 1.08161 128 128 128
-0.145197 2.60122 1.06899 128 128 128
-0.112993 2.59632 1.06639 128 128 128
-0.080849 2.58823 1.06268 128 128 128
-0.0488721 2.57695 1.05785 128 128 128
-0.0172405 2.57643 1.05748 128 128 128
0.014431 2.58388 1.06045 128 128 128
0.045885 2.57051 1.05526 128 128 128
0.0771015 2.55954 1.05117 128 128 128
0.107851 2.54356 1.04523 128 128 128
0.138534 2.53278 1.04152 128 128 128
0.168905 2.52069 1.03744 128 128 128
0.198626 2.50362 1.0315 128 128 128
0.22873 2.49453 1.0289 128 128 128
0.257762 2.47676 1.02296 128 128 128
0.286937 2.46326 1.01888 128 128 128
0.315941 2.45035 1.01517 128 128 128
0.344934 2.43893 1.0122 128 128 128
0.37398 2.42901 1.00997 128 128 128
0.403914 2.42516 1.01034 128 128 128
0.433313 2.41819 1.0096 128 128 128
0.461013 2.40266 1.00551 128 128 128
0.489712 2.39319 1.00403 128 128 128
0.519043 2.387 1.00403 128 128 128
0.548507 2.38135 1.0044 128 128 128
0.577688 2.37444 1.0044 128 128 128
0.605158 2.36088 1.0018 128 128 128
0.631653 2.34432 0.99809 128 128 128
0.659103 2.33192 0.996234 128 128 128
0.690055 2.33167 0.999575 128 128 128
0.71227 2.30263 0.991037 128 128 128
0.734737 2.27605 0.983613 128 128 128
0.762613 2.26687 0.983613 128 128 128
0.790373 2.25734 0.983613 128 128 128
0.813228 2.23439 0.978045 128 128 128
0.827395 2.18952 0.963197 128 128 128
0.847393 2.16192 0.955773 128 128 128
0.873509 2.1505 0.955401 128 128 128
0.90164 2.1439 0.957257 128 128 128
0.915234 2.10375 0.944636 128 128 128
0.926451 2.0602 0.930531 128 128 128
0.926134 1.99399 0.906402 128 128 128
0.925142 1.92977 0.883016 128 128 128
0.961152 1.94322 0.894152 128 128 128
1.00864 1.97755 0.91494 128 128 128
1.03457 1.96831 0.916425 128 128 128
1.06396 1.96526 0.920879 128 128 128
1.09163 1.95853 0.923849 128 128 128
1.11883 1.95062 0.926447 128 128 128
1.14126 1.93435 0.925334 128 128 128
1.15911 1.91068 0.920879 128 128 128
1.17508 1.88451 0.915311 128 128 128
1.19711 1.86839 0.914569 128 128 128
1.21688 1.84891 0.912342 128 128 128
1.22696 1.8154 0.903433 128 128 128
1.25552 1.80934 0.907887 128 128 128
1.28141 1.79909 0.910486 128 128 128
1.29899 1.77724 0.907516 128 128 128
1.32406 1.76562 0.909743 128 128 128
1.33881 1.74042 0.905289 128 128 128
1.35719 1.72022 0.903433 128 128 128
1.36122 1.68253 0.892668 128 128 128
1.39068 1.6764 0.898236 128 128 128
1.3207 1.55328 0.842555 128 128 128
1.33172 1.52788 0.837729 128 128 128
1.35657 1.51833 0.841441 128 128 128
1.24248 1.35735 0.763117 128 128 128
1.23293 1.31429 0.747897 128 128 128
1.23348 1.28304 0.738988 128 128 128
1.40526 1.42552 0.827707 128 128 128
1.53573 1.51963 0.891183 128 128 128
1.5469 1.49359 0.8871 128 128 128
1.50214 1.4154 0.852577 128 128 128
1.50844 1.38683 0.846638 128 128 128
1.55374 1.39358 0.861858 128 128 128
1.54202 1.34939 0.846638 128 128 128
1.56696 1.33759 0.851093 128 128 128
1.59183 1.32537 0.855547 128 128 128
1.63397 1.32675 0.86891 128 128 128
1.62825 1.28935 0.857774 128 128 128
1.65499 1.27777 0.863342 128 128 128
1.64529 1.23843 0.850721 128 128 128
1.66036 1.21814 0.850721 128 128 128
1.66762 1.19229 0.847009 128 128 128
1.64855 1.14845 0.830676 128 128 128
1.65483 1.12294 0.826964 128 128 128
1.66383 1.09948 0.824737 128 128 128
1.67172 1.07548 0.822139 128 128 128
1.33884 0.839284 0.659179 128 128 128
1.62139 0.987913 0.786503 128 128 128
1.71497 1.01605 0.824366 128 128 128
1.75873 1.01293 0.838843 128 128 128
1.77914 0.995795 0.842555 128 128 128
1.80103 0.979189 0.847009 128 128 128
1.81702 0.959173 0.848865 128 128 128
1.82617 0.935538 0.847752 128 128 128
1.83085 0.909766 0.844782 128 128 128
1.83853 0.885625 0.843297 128 128 128
1.84084 0.859087 0.839585 128 128 128
1.85209 0.836813 0.839956 128 128 128
1.86051 0.813282 0.839214 128 128 128
1.85837 0.785354 0.834017 128 128 128
1.8584 0.758649 0.829934 128 128 128
1.87103 0.73714 0.831419 128 128 128
1.87385 0.711829 0.82882 128 128 128
1.87983 0.687829 0.827707 128 128 128
1.89339 0.666547 0.829934 128 128 128
1.89879 0.642375 0.82882 128 128 128
1.90299 0.617886 0.827335 128 128 128
1.90865 0.593939 0.826593 128 128 128
1.9158 0.570472 0.826593 128 128 128
1.91819 0.545658 0.824737 128 128 128
1.92922 0.523284 0.826593 128 128 128
1.9355 0.49957 0.826593 128 128 128
1.92614 0.472056 0.820283 128 128 128
1.94537 0.451504 0.825851 128 128 128
1.94985 0.427401 0.825479 128 128 128
1.95404 0.403255 0.825108 128 128 128
1.95519 0.378547 0.823623 128 128 128
1.96609 0.355669 0.826222 128 128 128
2.00054 0.336537 0.838472 128 128 128
2.00176 0.311539 0.837358 128 128 128
1.81878 0.260636 0.762003 128 128 128
1.81724 0.237705 0.760147 128 128 128
1.77298 0.209929 0.741216 128 128 128
1.75972 0.186529 0.734905 128 128 128
1.75633 0.164414 0.732678 128 128 128
1.76007 0.142995 0.73342 128 128 128
1.77003 0.12194 0.736761 128 128 128
1.77974 0.100662 0.740102 128 128 128
1.78547 0.079009 0.741958 128 128 128
1.79188 0.0572575 0.744185 128 128 128
1.77666 0.0349903 0.737875 128 128 128
1.81317 0.0133689 0.752352 128 128 128
1.96176 -0.00995208 0.811745 128 128 128
1.97913 -0.0343687 0.818798 128 128 128
1.97671 -0.0585942 0.818055 128 128 128
1.97491 -0.0828061 0.817684 128 128 128
1.97096 -0.106878 0.81657 128 128 128
1.96765 -0.13093 0.815828 128 128 128
1.96497 -0.154991 0.815457 128 128 128
1.95553 -0.178402 0.812487 128 128 128
1.96981 -0.204144 0.819169 128 128 128
1.969 -0.228519 0.819911 128 128 128
1.96605 -0.252665 0.819911 128 128 128
1.9628 -0.276772 0.819911 128 128 128
1.95375 -0.299981 0.817684 128 128 128
1.95084 -0.324088 0.818055 128 128 128
1.95128 -0.34883 0.819911 128 128 128
1.18126 -1.69586 0.853691 128 128 128
1.17388 -1.73023 0.863342 128 128 128
1.16786 -1.76778 0.874479 128 128 128
1.14279 -1.82585 0.888584 128 128 128
1.1203 -1.83974 0.888584 128 128 128
1.10047 -1.85815 0.890812 128 128 128
1.0822 -1.87957 0.894524 128 128 128
1.06177 -1.89757 0.896751 128 128 128
1.0384 -1.91046 0.896751 128 128 128
1.01444 -1.92224 0.89638 128 128 128
0.994575 -1.94199 0.899721 128 128 128
0.973961 -1.96071 0.90269 128 128 128
0.951833 -1.9767 0.904546 128 128 128
0.938451 -2.01181 0.91494 128 128 128
0.91255 -2.02063 0.913826 128 128 128
0.889166 -2.03509 0.915311 128 128 128
0.864125 -2.04584 0.915311 128 128 128
0.836161 -2.04941 0.912342 128 128 128
0.81298 -2.06471 0.914569 128 128 128
0.787582 -2.07453 0.914569 128 128 128
0.762065 -2.08404 0.914569 128 128 128
0.737046 -2.09498 0.915311 128 128 128
0.715423 -2.11619 0.920508 128 128 128
0.691394 -2.131 0.923106 128 128 128
0.661903 -2.12868 0.918652 128 128 128
0.640204 -2.15178 0.924963 128 128 128
0.613498 -2.15858 0.924591 128 128 128
0.588893 -2.17312 0.927561 128 128 128
0.562411 -2.18108 0.927932 128 128 128
0.536261 -2.19053 0.929046 128 128 128
0.509131 -2.19604 0.928675 128 128 128
0.482735 -2.20484 0.929788 128 128 128
0.457128 -2.21788 0.932758 128 128 128
0.432496 -2.237 0.938326 128 128 128
0.408116 -2.25951 0.945379 128 128 128
0.383096 -2.28083 0.952061 128 128 128
0.354937 -2.28444 0.951689 128 128 128
0.327525 -2.29322 0.953545 128 128 128
0.300661 -2.3072 0.957629 128 128 128
0.272646 -2.31348 0.958742 128 128 128
0.244523 -2.31943 0.959856 128 128 128
0.218066 -2.34445 0.968765 128 128 128
0.190813 -2.36638 0.97656 128 128 128
0.162252 -2.37596 0.97953 128 128 128
0.133083 -2.37777 0.97953 128 128 128
0.10405 -2.38294 0.981015 128 128 128
0.0749924 -2.39053 0.983613 128 128 128
0.0458928 -2.4052 0.989181 128 128 128
0.0164257 -2.41579 0.993264 128 128 128
-0.0132612 -2.42138 0.995492 128 128 128
-0.0430466 -2.42475 0.996976 128 128 128
-0.0724452 -2.41291 0.992522 128 128 128
-0.101968 -2.40998 0.99178 128 128 128
-0.133049 -2.43543 1.00254 128 128 128
-0.164325 -2.454 1.01071 128 128 128
-0.193303 -2.43791 1.00514 128 128 128
-0.195149 -2.13488 0.884501 128 128 128
-0.210199 -2.02706 0.842184 128 128 128
-0.24029 -2.06859 0.860001 128 128 128
-0.345328 -2.44169 1.01331 128 128 128
-0.37698 -2.44828 1.01776 128 128 128
-0.407458 -2.44622 1.01888 128 128 128
-0.438273 -2.4456 1.02073 128 128 128
-0.470899 -2.45371 1.0263 128 128 128
-0.503227 -2.45866 1.03076 128 128 128
-0.534951 -2.45956 1.03373 128 128 128
-0.565304 -2.45371 1.0341 128 128 128
-0.596477 -2.4511 1.03595 128 128 128
-0.630225 -2.45798 1.04189 128 128 128
-0.665689 -2.46978 1.05006 128 128 128
-0.698742 -2.47125 1.05414 128 128 128
-0.72822 -2.45982 1.05303 128 128 128
-0.760834 -2.45867 1.05637 128 128 128
-0.794677 -2.46063 1.0612 128 128 128
-0.822432 -2.44366 1.05823 128 128 128
-0.856058 -2.44389 1.06268 128 128 128
-0.8946 -2.45675 1.0727 128 128 128
-0.928308 -2.45513 1.07679 128 128 128
-0.959047 -2.44528 1.07753 128 128 128
-0.990036 -2.43591 1.07864 128 128 128
-1.02745 -2.44154 1.08644 128 128 128
-1.05584 -2.42534 1.08495 128 128 128
-1.09011 -2.42236 1.08941 128 128 128
-1.12486 -2.41974 1.09423 128 128 128
-1.15528 -2.40742 1.09497 128 128 128
-1.18556 -2.39473 1.09572 128 128 128
-1.21401 -2.37835 1.09497 128 128 128
-1.24701 -2.37066 1.09832 128 128 128
-1.28443 -2.37068 1.10537 128 128 128
-1.3157 -2.35879 1.10722 128 128 128
-1.34779 -2.3481 1.10982 128 128 128
-1.37319 -2.32579 1.10722 128 128 128
-1.40839 -2.31986 1.11242 128 128 128
-1.43872 -2.30555 1.11391 128 128 128
-1.46691 -2.28773 1.11391 128 128 128
-1.50716 -2.28814 1.12282 128 128 128
-1.54399 -2.28254 1.12913 128 128 128
-1.57507 -2.26799 1.13135 128 128 128
-1.6071 -2.25453 1.13432 128 128 128
-1.64673 -2.25111 1.14249 128 128 128
-1.67982 -2.23815 1.1462 128 128 128
-1.7117 -2.22325 1.14917 128 128 128
-1.74116 -2.20499 1.15066 128 128 128
-1.76281 -2.17697 1.14731 128 128 128
-1.80188 -2.17016 1.15511 128 128 128
-1.8338 -2.15424 1.15845 128 128 128
-1.86132 -2.13297 1.15919 128 128 128
-1.89417 -2.11757 1.16328 128 128 128
-1.92756 -2.10237 1.16773 128 128 128
-1.95385 -2.07923 1.1681 128 128 128
-1.99277 -2.06912 1.1759 128 128 128
-2.03238 -2.05903 1.18406 128 128 128
-2.04294 -2.01959 1.1759 128 128 128
-2.08564 -2.01175 1.18592 128 128 128
-2.10408 -1.98029 1.18258 128 128 128
-2.13439 -1.95996 1.18592 128 128 128
-2.16174 -1.93672 1.18778 128 128 128
-2.19164 -1.91553 1.19112 128 128 128
-2.21569 -1.88909 1.19149 128 128 128
-2.24014 -1.86295 1.19223 128 128 128
-2.26933 -1.84057 1.19557 128 128 128
-2.29247 -1.81316 1.19594 128 128 128
-2.3197 -1.78885 1.19854 128 128 128
-2.36748 -1.77974 1.21153 128 128 128
-2.3644 -1.73248 1.19928 128 128 128
-2.40591 -1.71788 1.20931 128 128 128
-2.41842 -1.6824 1.20522 128 128 128
-0.881545 -0.600554 0.453902 128 128 128
-0.867903 -0.575912 0.44388 128 128 128
-0.863957 -0.558208 0.438683 128 128 128
-0.855769 -0.538233 0.43163 128 128 128
-0.855958 -0.523839 0.42866 128 128 128
-0.864721 -0.514711 0.429774 128 128 128
-0.891918 -0.516067 0.439425 128 128 128
-0.916841 -0.515475 0.447963 128 128 128
-0.936981 -0.511697 0.454274 128 128 128
-2.67769 -1.41128 1.23752 128 128 128
-2.70308 -1.38253 1.24123 128 128 128
-2.72151 -1.35008 1.24197 128 128 128
-2.73871 -1.31698 1.24234 128 128 128
-2.76645 -1.28874 1.24754 128 128 128
-2.78884 -1.25774 1.25051 128 128 128
-2.80662 -1.22454 1.25162 128 128 128
-2.82828 -1.19288 1.25459 128 128 128
-2.8384 -1.15634 1.25274 128 128 128
-2.85757 -1.12345 1.25496 128 128 128
-2.87374 -1.08928 1.25608 128 128 128
-2.90435 -1.06028 1.2635 128 128 128
-2.91188 -1.02272 1.26127 128 128 128
-2.9383 -0.991642 1.26721 128 128 128
-2.94583 -0.954085 1.26536 128 128 128
-2.97239 -0.922522 1.27167 128 128 128
-2.97726 -0.884135 1.26907 128 128 128
-2.99682 -0.850055 1.27278 128 128 128
-3.01151 -0.814421 1.27464 128 128 128
-3.01858 -0.776713 1.27352 128 128 128
-3.04142 -0.742899 1.27909 128 128 128
-3.00519 -0.656417 1.25719 128 128 128
-3.05396 -0.627849 1.2739 128 128 128
-3.066 -0.591198 1.27575 128 128 128
-3.07576 -0.554019 1.27687 128 128 128
-3.08508 -0.516689 1.27798 128 128 128
-3.09945 -0.48006 1.28132 128 128 128
-3.10694 -0.442248 1.28206 128 128 128
-3.1103 -0.403851 1.28132 128 128 128
-3.11778 -0.365974 1.28243 128 128 128
-3.08822 0.260416 1.18131 128 128 128
-3.16036 0.305566 1.20956 128 128 128
-3.16103 0.344832 1.2113 128 128 128
-3.15749 0.383709 1.21165 128 128 128
-3.1544 0.422676 1.21235 128 128 128
-3.15733 0.462572 1.21549 128 128 128
-3.14493 0.500255 1.21304 128 128 128
-3.13856 0.53881 1.21304 128 128 128
-3.12894 0.576776 1.212 128 128 128
-3.11427 0.613683 1.20921 128 128 128
-3.11201 0.653006 1.2113 128 128 128
-3.09951 0.770494 1.21653 128 128 128
-2.89464 1.23473 1.1991 128 128 128
-2.88356 1.27204 1.20084 128 128 128
-2.86517 1.30617 1.19979 128 128 128
-2.85062 1.34203 1.20049 128 128 128
-2.83226 1.37609 1.19979 128 128 128
-2.80677 1.40655 1.19631 128 128 128
-2.79263 1.4426 1.1977 128 128 128
-2.77389 1.47632 1.19735 128 128 128
-2.74241 1.50305 1.19177 128 128 128
-2.73356 1.54211 1.19596 128 128 128
-2.71281 1.5746 1.19526 128 128 128
-2.68684 1.60393 1.19247 128 128 128
-2.66376 1.63483 1.19107 128 128 128
-2.63478 1.6619 1.18724 128 128 128
-2.62127 1.69869 1.19038 128 128 128
-2.59164 1.72502 1.18654 128 128 128
-2.57027 1.75669 1.18654 128 128 128
-2.54008 1.78218 1.1827 128 128 128
-2.51193 1.80884 1.17992 128 128 128
-2.48427 1.83563 1.17747 128 128 128
-2.45483 1.86089 1.17434 128 128 128
-2.43107 1.8903 1.17399 128 128 128
-2.40403 1.91707 1.17224 128 128 128
-2.36943 1.93753 1.16701 128 128 128
-2.35482 1.97428 1.17155 128 128 128
-2.3169 1.99143 1.16492 128 128 128
-2.28666 2.01476 1.16213 128 128 128
-2.24994 2.032 1.1562 128 128 128
-2.22758 2.062 1.1576 128 128 128
-2.18715 2.07499 1.14992 128 128 128
-2.15412 2.09449 1.14609 128 128 128
-2.13822 2.13069 1.15132 128 128 128
-2.10732 2.15208 1.14888 128 128 128
-2.0678 2.16423 1.1419 128 128 128
-2.03277 2.18054 1.13737 128 128 128
-2.00775 2.2074 1.13842 128 128 128
-1.96744 2.21716 1.13109 128 128 128
-1.94132 2.24255 1.13179 128 128 128
-1.90397 2.25475 1.12621 128 128 128
-1.87377 2.27505 1.12481 128 128 128
-1.84924 2.30226 1.12691 128 128 128
-1.81506 2.3174 1.12342 128 128 128
-1.78364 2.33578 1.12168 128 128 128
-1.75148 2.35298 1.11958 128 128 128
-1.72083 2.37202 1.11854 128 128 128
-1.69051 2.39143 1.11784 128 128 128
-1.65731 2.40659 1.1154 128 128 128
-1.62452 2.42208 1.11331 128 128 128
-1.58954 2.43399 1.10982 128 128 128
-1.55704 2.44936 1.10808 128 128 128
-1.52637 2.46749 1.10773 128 128 128
-1.49162 2.47881 1.10459 128 128 128
-1.45635 2.48884 1.1011 128 128 128
-1.4257 2.50652 1.1011 128 128 128
-1.39529 2.52465 1.10145 128 128 128
-1.35844 2.53085 1.09692 128 128 128
-1.32208 2.53736 1.09273 128 128 128
-1.28449 2.54085 1.0875 128 128 128
-1.2528 2.55558 1.08715 128 128 128
-1.21692 2.56145 1.08332 128 128 128
-1.18225 2.56938 1.08053 128 128 128
-1.14949 2.58112 1.07948 128 128 128
-1.1129 2.58385 1.07495 128 128 128
-1.07859 2.59126 1.0725 128 128 128
-1.04741 2.60604 1.0732 128 128 128
-1.0106 2.60646 1.06832 128 128 128
-0.972954 2.60374 1.06239 128 128 128
-0.934257 2.59697 1.05507 128 128 128
-0.89526 2.58787 1.04705 128 128 128
-0.861068 2.59155 1.04426 128 128 128
-0.828916 2.60103 1.04391 128 128 128
-0.796112 2.60832 1.04286 128 128 128
-0.76457 2.61969 1.04356 128 128 128
-0.729342 2.61804 1.03937 128 128 128
-0.695714 2.62136 1.03728 128 128 128
-0.660736 2.6188 1.0331 128 128 128
-0.62855 2.62671 1.0331 128 128 128
-0.595232 2.62965 1.03135 128 128 128
-0.560956 2.62759 1.02787 128 128 128
-0.530333 2.64255 1.031 128 128 128
-0.497344 2.6461 1.02996 128 128 128
-0.462888 2.64092 1.02577 128 128 128
-0.429539 2.64085 1.02368 128 128 128
-0.395983 2.63851 1.02089 128 128 128
-0.36319 2.64039 1.01985 128 128 128
-0.330994 2.64651 1.02054 128 128 128
-0.295964 2.62802 1.01217 128 128 128
-0.264161 2.63611 1.01392 128 128 128
-0.228987 2.60742 1.00206 128 128 128
-0.197257 2.61377 1.00345 128 128 128
-0.165346 2.6188 1.0045 128 128 128
-0.132188 2.60097 0.997178 128 128 128
-0.100004 2.59584 0.994736 128 128 128
-0.0676394 2.57814 0.987762 128 128 128
-0.0358607 2.5694 0.984274 128 128 128
-0.00433996 2.57527 0.986367 128 128 128
0.0272723 2.57607 0.986715 128 128 128
0.0584643 2.5568 0.979741 128 128 128
0.0903868 2.57181 0.985669 128 128 128
0.120799 2.54617 0.976602 128 128 128
0.150927 2.52578 0.969627 128 128 128
0.18171 2.52094 0.968581 128 128 128
0.211223 2.50171 0.962304 128 128 128
0.24047 2.484 0.956724 128 128 128
0.270428 2.4762 0.95498 128 128 128
0.30102 2.47456 0.955678 128 128 128
0.330371 2.46325 0.952888 128 128 128
0.359355 2.45066 0.949749 128 128 128
0.388521 2.44051 0.947657 128 128 128
0.41844 2.43556 0.947657 128 128 128
0.44728 2.42471 0.945565 128 128 128
0.476639 2.4172 0.944867 128 128 128
0.504346 2.402 0.94138 128 128 128
0.533377 2.3938 0.940682 128 128 128
0.560996 2.37977 0.937892 128 128 128
0.587223 2.36088 0.933359 128 128 128
0.612361 2.33899 0.927779 128 128 128
0.646225 2.35028 0.935103 128 128 128
0.668025 2.31785 0.925687 128 128 128
0.693987 2.30141 0.922548 128 128 128
0.718523 2.28109 0.918015 128 128 128
0.74763 2.27567 0.919409 128 128 128
0.765806 2.23794 0.90825 128 128 128
0.785681 2.20718 0.89988 128 128 128
0.811733 2.19473 0.898834 128 128 128
0.82955 2.16098 0.889418 128 128 128
0.85393 2.14541 0.887326 128 128 128
0.873058 2.11743 0.880351 128 128 128
0.898609 2.1057 0.880002 128 128 128
0.924004 2.09365 0.879654 128 128 128
0.947685 2.07789 0.87791 128 128 128
0.966731 2.05254 0.87233 128 128 128
0.982025 2.02028 0.863961 128 128 128
1.00129 1.99718 0.859427 128 128 128
1.02529 1.98391 0.859078 128 128 128
1.04824 1.9687 0.858032 128 128 128
1.05882 1.93103 0.84757 128 128 128
1.099 1.94728 0.860124 128 128 128
1.12705 1.94094 0.863263 128 128 128
1.15366 1.9318 0.865355 128 128 128
1.1763 1.9159 0.864658 128 128 128
1.19422 1.8926 0.860822 128 128 128
1.21227 1.86993 0.857335 128 128 128
1.22474 1.83931 0.85036 128 128 128
1.23084 1.80014 0.839549 128 128 128
1.24477 1.77339 0.834318 128 128 128
1.24564 1.72907 0.821066 128 128 128
1.30016 1.7589 0.84199 128 128 128
1.32165 1.74281 0.84199 128 128 128
1.31304 1.68797 0.823856 128 128 128
1.27525 1.59843 0.788982 128 128 128
1.30959 1.60081 0.797701 128 128 128
1.37849 1.64353 0.826297 128 128 128
1.4242 1.65635 0.840944 128 128 128
1.44442 1.63875 0.840944 128 128 128
1.14986 1.27229 0.666227 128 128 128
1.31708 0.836496 0.608686 128 128 128
1.34876 0.833593 0.618102 128 128 128
1.75066 1.05298 0.788285 128 128 128
1.76668 1.03332 0.78968 128 128 128
1.78086 1.01249 0.790377 128 128 128
1.79561 0.991917 0.791423 128 128 128
1.80765 0.969807 0.791423 128 128 128
1.8136 0.944517 0.788982 128 128 128
1.82338 0.921344 0.788285 128 128 128
1.82698 0.895182 0.785146 128 128 128
1.83274 0.87028 0.783054 128 128 128
1.84584 0.8489 0.7841 128 128 128
1.85954 0.827712 0.785495 128 128 128
1.86181 0.801489 0.782356 128 128 128
1.87151 0.778582 0.782356 128 128 128
1.90005 0.763255 0.790029 128 128 128
1.90228 0.737167 0.787239 128 128 128
1.90329 0.710811 0.7841 128 128 128
1.91451 0.688355 0.785146 128 128 128
1.91485 0.662047 0.782008 128 128 128
1.91215 0.634948 0.777823 128 128 128
1.91891 0.61115 0.777474 128 128 128
1.92895 0.588378 0.77852 128 128 128
1.93873 0.565451 0.779566 128 128 128
1.94913 0.542626 0.780961 128 128 128
1.95474 0.518425 0.780613 128 128 128
1.95823 0.493709 0.779566 128 128 128
1.96505 0.46986 0.779915 128 128 128
1.97432 0.44654 0.78131 128 128 128
1.97141 0.420513 0.778172 128 128 128
1.97182 0.395365 0.776428 128 128 128
1.96916 0.369749 0.773638 128 128 128
1.98462 0.347504 0.777823 128 128 128
1.99059 0.323425 0.77852 128 128 128
1.89339 0.283759 0.740508 128 128 128
1.80389 0.247683 0.705635 128 128 128
1.77425 0.22144 0.693429 128 128 128
1.77031 0.198913 0.690988 128 128 128
1.02127 -1.90341 0.831877 128 128 128
0.989487 -1.95801 0.844431 128 128 128
0.964146 -1.96748 0.843385 128 128 128
0.940734 -1.98085 0.844083 128 128 128
0.918708 -1.99736 0.846175 128 128 128
0.894892 -2.01019 0.846872 128 128 128
0.872012 -2.02533 0.848616 128 128 128
0.849977 -2.0428 0.851406 128 128 128
0.825195 -2.05394 0.851755 128 128 128
0.800946 -2.06653 0.852801 128 128 128
0.777168 -2.0806 0.854545 128 128 128
0.753484 -2.09527 0.856637 128 128 128
0.729249 -2.10878 0.858381 128 128 128
0.704796 -2.12202 0.860124 128 128 128
0.681268 -2.13854 0.863263 128 128 128
0.657714 -2.15571 0.86675 128 128 128
0.630948 -2.16272 0.866402 128 128 128
0.604612 -2.1712 0.86675 128 128 128
0.580091 -2.18661 0.869889 128 128 128
0.554363 -2.1981 0.871633 128 128 128
0.527128 -2.20383 0.871284 128 128 128
0.501081 -2.2147 0.873028 128 128 128
0.474846 -2.22527 0.874771 128 128 128
0.448428 -2.23552 0.876515 128 128 128
0.422523 -2.24914 0.879654 128 128 128
0.397325 -2.268 0.884885 128 128 128
0.369614 -2.27363 0.885233 128 128 128
0.342662 -2.28449 0.887675 128 128 128
0.316013 -2.29873 0.891511 128 128 128
0.289765 -2.31825 0.897439 128 128 128
0.262876 -2.3356 0.90267 128 128 128
0.232598 -2.32279 0.896742 128 128 128
0.207128 -2.36002 0.909645 128 128 128
0.178293 -2.36425 0.910342 128 128 128
0.149624 -2.37187 0.912435 128 128 128
0.120651 -2.37634 0.913481 128 128 128
0.0919924 -2.39075 0.918363 128 128 128
0.0628982 -2.40107 0.921851 128 128 128
0.0335781 -2.41197 0.925687 128 128 128
0.00397498 -2.41126 0.925338 128 128 128
-0.0259071 -2.44018 0.936149 128 128 128
-0.0558289 -2.43874 0.9358 128 128 128
-0.085687 -2.436 0.935103 128 128 128
-0.115662 -2.43664 0.9358 128 128 128
-0.145997 -2.44252 0.93859 128 128 128
-0.176294 -2.44522 0.940334 128 128 128
-0.205113 -2.42886 0.935103 128 128 128
-0.202938 -2.09404 0.810953 128 128 128
-0.221534 -2.02617 0.786541 128 128 128
-0.254944 -2.09401 0.813045 128 128 128
-0.359626 -2.45252 0.950447 128 128 128
-0.391898 -2.4618 0.955678 128 128 128
-0.42192 -2.45588 0.955329 128 128 128
-0.453043 -2.45605 0.957422 128 128 128
-0.487126 -2.47054 0.965094 128 128 128
-0.51587 -2.45704 0.962304 128 128 128
-0.546999 -2.4551 0.964048 128 128 128
-0.580089 -2.46097 0.96893 128 128 128
-0.619499 -2.49096 0.983228 128 128 128
-0.654284 -2.4995 0.989505 128 128 128
-0.683667 -2.48676 0.987762 128 128 128
-0.713614 -2.47638 0.987064 128 128 128
-0.74692 -2.47731 0.9909 128 128 128
-0.78148 -2.48137 0.996131 128 128 128
-0.816835 -2.48673 1.00206 128 128 128
-0.849107 -2.48184 1.00415 128 128 128
-0.88201 -2.4783 1.00694 128 128 128
-0.90911 -2.4585 1.00345 128 128 128
-0.944912 -2.46203 1.00938 128 128 128
-0.984052 -2.4729 1.01845 128 128 128
-1.00897 -2.44764 1.01322 128 128 128
-1.05106 -2.46352 1.02473 128 128 128
-1.08234 -2.45301 1.02577 128 128 128
-1.11236 -2.43955 1.02577 128 128 128
-1.14222 -2.42571 1.02577 128 128 128
-1.1719 -2.41151 1.02577 128 128 128
-1.20685 -2.40785 1.03031 128 128 128
-1.23588 -2.39202 1.02996 128 128 128
-1.27174 -2.38909 1.03519 128 128 128
-1.30411 -2.37906 1.03763 128 128 128
-1.33137 -2.35961 1.03624 128 128 128
-1.36869 -2.35769 1.04251 128 128 128
-1.39848 -2.34232 1.04321 128 128 128
-1.42761 -2.32578 1.04356 128 128 128
-1.45754 -2.31047 1.04461 128 128 128
-1.49546 -2.30736 1.05123 128 128 128
-1.53248 -2.3021 1.05716 128 128 128
-1.57225 -2.30015 1.06483 128 128 128
-1.5982 -2.27761 1.06344 128 128 128
-1.62932 -2.26239 1.06553 128 128 128
-1.66141 -2.24826 1.06832 128 128 128
-1.70189 -2.24489 1.07634 128 128 128
-1.72988 -2.22457 1.07669 128 128 128
-1.76406 -2.21197 1.08087 128 128 128
-1.79344 -2.19306 1.08227 128 128 128
-1.82443 -2.17592 1.08471 128 128 128
-1.87115 -2.17683 1.09622 128 128 128
-1.88967 -2.14456 1.09168 128 128 128
-1.93719 -2.14487 1.10354 128 128 128
-1.95827 -2.11543 1.10075 128 128 128
-1.98795 -2.09532 1.10284 128 128 128
-2.0194 -2.07682 1.10598 128 128 128
-2.052 -2.05918 1.10982 128 128 128
-2.07109 -2.02794 1.10668 128 128 128
-2.1026 -2.00885 1.11017 128 128 128
-2.13737 -1.99249 1.1154 128 128 128
-2.16235 -1.96674 1.11575 128 128 128
-2.18562 -1.93944 1.1154 128 128 128
-2.21563 -1.91799 1.11854 128 128 128
-2.23686 -1.88885 1.11749 128 128 128
-2.27071 -1.8702 1.12272 128 128 128
-2.30372 -1.85041 1.1276 128 128 128
-2.32035 -1.81738 1.12481 128 128 128
-2.35141 -1.79559 1.129 128 128 128
-2.37327 -1.7666 1.129 128 128 128
-2.40387 -1.74396 1.13318 128 128 128
-2.42586 -1.71487 1.13353 128 128 128
-2.45058 -1.68763 1.13528 128 128 128
-0.87053 -0.582801 0.417928 128 128 128
-0.881539 -0.574638 0.419671 128 128 128
-0.869547 -0.551701 0.411302 128 128 128
-0.845973 -0.522238 0.39805 128 128 128
-0.861149 -0.517137 0.401886 128 128 128
-0.870665 -0.508426 0.403281 128 128 128
-0.898014 -0.509761 0.412348 128 128 128
-0.923063 -0.509139 0.420369 128 128 128
-2.67945 -1.43829 1.15969 128 128 128
-2.7185 -1.41657 1.16876 128 128 128
-2.73066 -1.38057 1.16666 128 128 128
-2.76254 -1.35439 1.17294 128 128 128
-2.79081 -1.32602 1.17782 128 128 128
-2.80176 -1.28932 1.17573 128 128 128
-2.82336 -1.25751 1.17817 128 128 128
-2.84891 -1.22723 1.18236 128 128 128
-2.86549 -1.19289 1.18305 128 128 128
-2.87034 -1.15379 1.17922 128 128 128
-2.91137 -1.129 1.19003 128 128 128
-2.9136 -1.08891 1.18549 128 128 128
-3.02269 -0.882411 1.19979 128 128 128
-3.02516 -0.842984 1.19665 128 128 128
-3.02713 -0.803629 1.19352 128 128 128
-3.0513 -0.770097 1.1991 128 128 128
-3.06143 -0.732813 1.19944 128 128 128
-3.06928 -0.694982 1.1991 128 128 128
-3.09041 -0.660011 1.20398 128 128 128
-3.09552 -0.621483 1.20293 128 128 128
-3.10383 -0.583623 1.20328 128 128 128
-3.11169 -0.545652 1.20363 128 128 128
-3.11907 -0.507577 1.20398 128 128 128
-3.13248 -0.47038 1.20677 128 128 128
-3.13895 -0.432032 1.20712 128 128 128
-3.36156 0.0537211 1.18204 128 128 128
-3.22078 0.369124 1.14084 128 128 128
-3.1888 0.405128 1.13143 128 128 128
-3.19014 0.445152 1.1337 128 128 128
-3.17229 0.482402 1.12948 128 128 128
-3.16706 0.52145 1.12981 128 128 128
-3.16787 0.561606 1.1324 128 128 128
-3.15517 0.599372 1.13045 128 128 128
-3.14479 0.637478 1.12948 128 128 128
-3.14506 0.677826 1.1324 128 128 128
-3.12728 0.714251 1.12916 128 128 128
-3.11828 0.752574 1.12916 128 128 128
-3.10789 0.790549 1.12883 128 128 128
-3.09211 0.867867 1.13045 128 128 128
-2.92376 1.26593 1.1217 128 128 128
-2.89937 1.29784 1.11845 128 128 128
-2.88409 1.33372 1.11878 128 128 128
-2.8658 1.36819 1.11813 128 128 128
-2.85134 1.40452 1.1191 128 128 128
-2.83304 1.43897 1.11878 128 128 128
-2.80512 1.46835 1.11488 128 128 128
-2.78523 1.50176 1.11423 128 128 128
-2.76576 1.53537 1.11391 128 128 128
-2.7303 1.55979 1.10742 128 128 128
-2.71747 1.59702 1.11002 128 128 128
-2.692 1.62681 1.10775 128 128 128
-2.66863 1.65773 1.10645 128 128 128
-2.64091 1.68576 1.10353 128 128 128
-2.61924 1.71752 1.1032 128 128 128
-2.59718 1.749 1.10288 128 128 128
-2.56775 1.77535 1.09964 128 128 128
-2.54423 1.80563 1.09899 128 128 128
-2.51424 1.83114 1.09574 128 128 128
-2.4772 1.85108 1.08958 128 128 128
-2.45879 1.8848 1.09153 128 128 128
-2.42731 1.90839 1.08796 128 128 128
-2.4015 1.93624 1.08698 128 128 128
-2.36445 1.9547 1.08114 128 128 128
-2.34749 1.9897 1.08439 128 128 128
-2.32504 2.02022 1.08536 128 128 128
-2.29584 2.04482 1.08342 128 128 128
-2.24266 2.04729 1.07044 128 128 128
-2.22979 2.08631 1.07628 128 128 128
-2.20811 2.11745 1.07822 128 128 128
-2.15905 2.12181 1.06719 128 128 128
-2.12819 2.14344 1.06492 128 128 128
-2.09976 2.16735 1.06395 128 128 128
-2.073 2.19296 1.06395 128 128 128
-2.03569 2.20709 1.05876 128 128 128
-1.99708 2.21923 1.05292 128 128 128
-1.96533 2.23859 1.05065 128 128 128
-1.9328 2.25679 1.04805 128 128 128
-1.91586 2.29342 1.05389 128 128 128
-1.88041 2.30795 1.05 128 128 128
-1.84842 2.3264 1.04805 128 128 128
-1.81974 2.34891 1.04805 128 128 128
-1.78167 2.35897 1.04286 128 128 128
-1.75203 2.3799 1.04254 128 128 128
-1.71719 2.39352 1.0393 128 128 128
-1.6839 2.40898 1.03702 128 128 128
-1.65581 2.43181 1.038 128 128 128
-1.62219 2.44643 1.03573 128 128 128
-1.58795 2.45979 1.03313 128 128 128
-1.55363 2.47267 1.03054 128 128 128
-1.51726 2.48186 1.02664 128 128 128
-1.48669 2.50029 1.02664 128 128 128
-1.45589 2.51835 1.02664 128 128 128
-1.42026 2.52777 1.0234 128 128 128
-1.38371 2.53504 1.01951 128 128 128
-1.34322 2.53426 1.01269 128 128 128
-1.31547 2.55729 1.01529 128 128 128
-1.2642 2.53343 1.00004 128 128 128
-1.23917 2.56154 1.00491 128 128 128
-1.20604 2.57312 1.00361 128 128 128
-1.17126 2.58083 1.00101 128 128 128
-1.13306 2.58028 0.995499 128 128 128
-1.10168 2.59486 0.995824 128 128 128
-1.06152 2.58804 0.988362 128 128 128
-1.02726 2.59471 0.986091 128 128 128
-0.98996 2.59298 0.980901 128 128 128
-0.954163 2.59427 0.977008 128 128 128
-0.921627 2.604 0.976359 128 128 128
-0.888389 2.61153 0.975061 128 128 128
-0.854229 2.61594 0.97279 128 128 128
-0.817564 2.61177 0.9676 128 128 128
-0.784641 2.61889 0.966627 128 128 128
-0.750373 2.62104 0.964031 128 128 128
-0.718152 2.63005 0.964031 128 128 128
-0.685113 2.63592 0.963058 128 128 128
-0.651814 2.64046 0.96176 128 128 128
-0.618078 2.64273 0.959814 128 128 128
-0.583169 2.63903 0.955921 128 128 128
-0.551314 2.64876 0.956894 128 128 128
-0.517148 2.64697 0.953975 128 128 128
-0.482436 2.64102 0.949757 128 128 128
-0.450619 2.65047 0.951055 128 128 128
-0.417477 2.65206 0.949757 128 128 128
-0.383693 2.64856 0.946837 128 128 128
-0.350549 2.64838 0.945215 128 128 128
-0.318467 2.65624 0.946513 128 128 128
-0.28515 2.65336 0.944242 128 128 128
-0.249837 2.62746 0.934185 128 128 128
-0.216504 2.61713 0.929644 128 128 128
-0.184112 2.61582 0.928346 128 128 128
-0.151251 2.60466 0.923804 128 128 128
-0.119151 2.60348 0.922831 128 128 128
-0.0865905 2.58584 0.916343 128 128 128
-0.0548517 2.58671 0.916343 128 128 128
-0.0229172 2.56165 0.907583 128 128 128
0.00849657 2.55701 0.905961 128 128 128
0.0397442 2.54914 0.903366 128 128 128
0.0712182 2.55508 0.905637 128 128 128
0.102252 2.54646 0.903042 128 128 128
0.132778 2.53179 0.8985 128 128 128
0.163085 2.51864 0.894607 128 128 128
0.193089 2.50513 0.890714 128 128 128
0.223988 2.50446 0.891363 128 128 128
0.254413 2.4987 0.89039 128 128 128
0.284077 2.48693 0.88747 128 128 128
0.31337 2.47388 0.884226 128 128 128
0.343177 2.4661 0.882928 128 128 128
0.372553 2.45609 0.880982 128 128 128
0.401891 2.44667 0.87936 128 128 128
0.430222 2.43224 0.876115 128 128 128
0.460392 2.42864 0.876764 128 128 128
0.489593 2.42002 0.875791 128 128 128
0.517049 2.40366 0.872222 128 128 128
0.544812 2.38976 0.869627 128 128 128
0.574766 2.38565 0.8706 128 128 128
0.601655 2.36926 0.867356 128 128 128
0.628719 2.35439 0.864761 128 128 128
0.650888 2.32282 0.856326 128 128 128
0.681755 2.32283 0.859246 128 128 128
0.707697 2.30615 0.856326 128 128 128
0.72637 2.26758 0.845621 128 128 128
0.747818 2.23967 0.838808 128 128 128
0.774309 2.22764 0.837835 128 128 128
0.795126 2.20019 0.831347 128 128 128
0.824404 2.19646 0.833617 128 128 128
0.849917 2.18266 0.83232 128 128 128
0.865259 2.14402 0.821939 128 128 128
0.89297 2.13672 0.823236 128 128 128
0.918746 2.12474 0.822912 128 128 128
0.94165 2.1064 0.820316 128 128 128
0.964641 2.08868 0.818046 128 128 128
0.988974 2.07413 0.817072 128 128 128
1.011 2.05505 0.814477 128 128 128
1.03485 2.03996 0.813504 128 128 128
1.05585 2.01957 0.810584 128 128 128
1.0792 2.00396 0.809611 128 128 128
1.09957 1.98313 0.806691 128 128 128
1.1243 1.97031 0.807016 128 128 128
1.14887 1.95718 0.80734 128 128 128
1.16937 1.93727 0.805069 128 128 128
1.18955 1.91716 0.802798 128 128 128
1.2084 1.89524 0.799878 128 128 128
1.23001 1.8779 0.798905 128 128 128
1.25137 1.86031 0.797932 128 128 128
1.26818 1.83627 0.794363 128 128 128
1.28897 1.81825 0.79339 128 128 128
1.31175 1.80306 0.793715 128 128 128
1.33264 1.78532 0.793066 128 128 128
1.35214 1.76583 0.791768 128 128 128
1.37429 1.74985 0.792093 128 128 128
1.38793 1.72329 0.787875 128 128 128
1.40173 1.69739 0.783982 128 128 128
1.36794 1.61591 0.755109 128 128 128
1.3684 1.57689 0.745053 128 128 128
1.3719 1.54234 0.736942 128 128 128
1.20742 1.32514 0.643836 128 128 128
1.22618 1.31298 0.645134 128 128 128
1.41856 1.48125 0.732401 128 128 128
1.50966 1.53785 0.768086 128 128 128
1.5143 1.50523 0.761273 128 128 128
1.52518 1.4793 0.757705 128 128 128
1.53702 1.45464 0.754785 128 128 128
1.54292 1.42478 0.74927 128 128 128
1.56029 1.40574 0.74927 128 128 128
1.57742 1.38648 0.74927 128 128 128
1.58928 1.36272 0.746999 128 128 128
1.60879 1.34554 0.748297 128 128 128
1.62592 1.32629 0.748621 128 128 128
1.64207 1.30624 0.748621 128 128 128
1.65873 1.28657 0.748946 128 128 128
1.64719 1.24563 0.737267 128 128 128
1.65015 1.21637 0.732076 128 128 128
1.65957 1.19217 0.729805 128 128 128
1.67252 1.17064 0.729156 128 128 128
1.69145 1.15321 0.731103 128 128 128
1.68891 1.12141 0.72429 128 128 128
1.32472 0.857445 0.570194 128 128 128
1.32472 0.834596 0.565977 128 128 128
1.71935 1.05258 0.720397 128 128 128
1.75329 1.04395 0.728832 128 128 128
1.77908 1.02991 0.734023 128 128 128
1.79159 1.008 0.734023 128 128 128
1.80715 0.987744 0.73532 128 128 128
1.81579 0.963726 0.734023 128 128 128
1.82327 0.939214 0.732401 128 128 128
1.83381 0.916348 0.732076 128 128 128
1.8398 0.891311 0.73013 128 128 128
1.84803 0.867466 0.729156 128 128 128
1.86026 0.845502 0.729805 128 128 128
1.8653 0.820335 0.727859 128 128 128
1.87696 0.79812 0.728508 128 128 128
1.87961 0.772166 0.725912 128 128 128
1.88719 0.748348 0.725264 128 128 128
1.89888 0.726141 0.726237 128 128 128
1.91209 0.70441 0.727859 128 128 128
1.92594 0.682779 0.729805 128 128 128
1.93507 0.659396 0.73013 128 128 128
1.92952 0.631216 0.725264 128 128 128
1.93712 0.60749 0.725264 128 128 128
1.94443 0.583673 0.725264 128 128 128
1.95236 0.560027 0.725588 128 128 128
1.95361 0.53454 0.723641 128 128 128
1.94995 0.507923 0.720073 128 128 128
1.95236 0.483055 0.718775 128 128 128
1.95998 0.459488 0.719424 128 128 128
1.9664 0.435604 0.719749 128 128 128
1.97808 0.41278 0.722019 128 128 128
1.97092 0.386136 0.717802 128 128 128
1.96341 0.359729 0.713585 128 128 128
1.96115 0.334508 0.711314 128 128 128
1.96884 0.310999 0.712611 128 128 128
1.88543 0.274336 0.682441 128 128 128
1.83238 0.243818 0.662976 128 128 128
1.88032 0.226649 0.678548 128 128 128
1.93282 0.208838 0.695742 128 128 128
1.95784 0.187217 0.703528 128 128 128
1.96659 0.163713 0.705799 128 128 128
1.95429 0.138593 0.700933 128 128 128
1.97851 0.115881 0.708718 128 128 128
1.94482 0.090048 0.696715 128 128 128
1.96942 0.0669291 0.704826 128 128 128
1.97482 0.0428491 0.706448 128 128 128
1.9752 0.0186118 0.706448 128 128 128
1.98473 -0.00567493 0.709692 128 128 128
1.98641 -0.0300628 0.710341 128 128 128
1.984 -0.054381 0.709692 128 128 128
1.97089 -0.0782104 0.705474 128 128 128
1.97356 -0.102595 0.706772 128 128 128
1.97499 -0.126994 0.707745 128 128 128
1.97611 -0.151443 0.708718 128 128 128
1.97033 -0.175338 0.707421 128 128 128
1.96615 -0.199309 0.706772 128 128 128
1.96262 -0.223313 0.706448 128 128 128
1.95973 -0.247381 0.706448 128 128 128
1.95374 -0.271015 0.705474 128 128 128
1.93905 -0.293249 0.701581 128 128 128
1.9605 -0.321204 0.710341 128 128 128
1.96292 -0.346402 0.712611 128 128 128
1.96967 -0.372597 0.716504 128 128 128
1.95013 -0.393714 0.711314 128 128 128
1.94515 -0.417615 0.711314 128 128 128
1.94264 -0.442089 0.712287 128 128 128
1.93523 -0.465449 0.711638 128 128 128
1.92388 -0.487756 0.709692 128 128 128
1.915 -0.510591 0.708718 128 128 128
1.91042 -0.534567 0.709367 128 128 128
1.9028 -0.557702 0.709043 128 128 128
1.90305 -0.583243 0.711638 128 128 128
1.13988 -1.81212 0.76322 128 128 128
1.11018 -1.81385 0.758354 128 128 128
1.08783 -1.82734 0.758354 128 128 128
1.00673 -1.84204 0.748946 128 128 128
0.983606 -1.85342 0.748621 128 128 128
0.993149 -1.92849 0.772952 128 128 128
0.969409 -1.94053 0.772952 128 128 128
0.956201 -1.97443 0.781387 128 128 128
0.937903 -1.99888 0.786253 128 128 128
0.912913 -2.00937 0.785929 128 128 128
0.889324 -2.02302 0.786902 128 128 128
0.869588 -2.04598 0.791444 128 128 128
0.844058 -2.05562 0.791119 128 128 128
0.814259 -2.05439 0.786902 128 128 128
0.792012 -2.07218 0.789822 128 128 128
0.7688 -2.08796 0.792093 128 128 128
0.747205 -2.10884 0.79631 128 128 128
0.71854 -2.10979 0.79339 128 128 128
0.696688 -2.13104 0.797932 128 128 128
0.673015 -2.14756 0.800852 128 128 128
0.648502 -2.162 0.803123 128 128 128
0.622181 -2.1707 0.803447 128 128 128
0.596239 -2.18092 0.80442 128 128 128
0.571324 -2.19539 0.807016 128 128 128
0.54479 -2.20408 0.807664 128 128 128
0.519414 -2.21797 0.81026 128 128 128
0.493171 -2.22879 0.811882 128 128 128
0.466357 -2.23746 0.812855 128 128 128
0.441024 -2.25416 0.816748 128 128 128
0.415015 -2.26871 0.819992 128 128 128
0.386671 -2.27083 0.819019 128 128 128
0.357319 -2.26606 0.815775 128 128 128
0.330826 -2.27964 0.819019 128 128 128
0.303317 -2.28728 0.820316 128 128 128
0.275671 -2.29458 0.821614 128 128 128
0.25068 -2.32789 0.831995 128 128 128
0.222006 -2.32985 0.831671 128 128 128
0.194163 -2.34183 0.834915 128 128 128
0.16606 -2.35347 0.838159 128 128 128
0.13738 -2.35911 0.839457 128 128 128
0.108754 -2.36818 0.842052 128 128 128
0.0801674 -2.38446 0.847243 128 128 128
0.0511044 -2.39567 0.850811 128 128 128
0.0217297 -2.3999 0.852109 128 128 128
-0.007769 -2.40944 0.855353 128 128 128
-0.0374174 -2.4139 0.856975 128 128 128
-0.0675386 -2.43028 0.862815 128 128 128
-0.0969224 -2.41887 0.859246 128 128 128
-0.128794 -2.45811 0.873196 128 128 128
-0.159326 -2.46201 0.875142 128 128 128
-0.189823 -2.46364 0.87644 128 128 128
-0.219612 -2.45642 0.874818 128 128 128
-0.206124 -2.03202 0.729481 128 128 128
-0.233223 -2.04813 0.735969 128 128 128
-0.258218 -2.04417 0.735645 128 128 128
-0.373987 -2.46544 0.884226 128 128 128
-0.406072 -2.47186 0.888119 128 128 128
-0.436708 -2.46856 0.888768 128 128 128
-0.467146 -2.46394 0.889092 128 128 128
-0.499616 -2.46914 0.892985 128 128 128
-0.53048 -2.4656 0.893958 128 128 128
-0.56578 -2.48103 0.901744 128 128 128
-0.598861 -2.48493 0.905637 128 128 128
-0.628841 -2.47556 0.904988 128 128 128
-0.663593 -2.4841 0.910828 128 128 128
-0.696594 -2.48488 0.914072 128 128 128
-0.73025 -2.48703 0.917965 128 128 128
-0.763227 -2.48601 0.920884 128 128 128
-0.797448 -2.48816 0.925102 128 128 128
-0.830029 -2.48447 0.927373 128 128 128
-0.860767 -2.47499 0.927697 128 128 128
-0.902381 -2.49535 0.939052 128 128 128
-0.932601 -2.48321 0.938727 128 128 128
-0.954384 -2.44955 0.930617 128 128 128
-0.988639 -2.44818 0.93451 128 128 128
-1.02483 -2.45069 0.940025 128 128 128
-1.06312 -2.45701 0.947162 128 128 128
-1.10133 -2.4619 0.953975 128 128 128
-1.13584 -2.45764 0.957543 128 128 128
-1.16265 -2.43669 0.954948 128 128 128
-1.19749 -2.43242 0.958841 128 128 128
-1.22811 -2.41922 0.95949 128 128 128
-1.25946 -2.40732 0.960787 128 128 128
-1.29116 -2.39584 0.962409 128 128 128
-1.32645 -2.39056 0.966627 128 128 128
-1.35615 -2.37493 0.966951 128 128 128
-1.38952 -2.36544 0.969871 128 128 128
-1.41991 -2.35064 0.970844 128 128 128
-1.44915 -2.33384 0.971168 128 128 128
-1.4787 -2.31747 0.971817 128 128 128
-1.51586 -2.31259 0.977332 128 128 128
-1.54625 -2.29695 0.97863 128 128 128
-1.58348 -2.29101 0.984145 128 128 128
-1.61531 -2.2768 0.986416 128 128 128
-1.65206 -2.26903 0.991606 128 128 128
-1.68545 -2.25616 0.994851 128 128 128
-1.71935 -2.24355 0.998419 128 128 128
-1.7491 -2.22526 0.999717 128 128 128
-1.78876 -2.21907 1.00653 128 128 128
-1.81948 -2.20132 1.00848 128 128 128
-1.85126 -2.1846 1.01107 128 128 128
-1.88227 -2.16671 1.01334 128 128 128
-1.91628 -2.15191 1.01723 128 128 128
-1.96682 -2.15475 1.02956 128 128 128
-1.97758 -2.11389 1.02178 128 128 128
-2.02304 -2.10992 1.03151 128 128 128
-2.05077 -2.08696 1.03248 128 128 128
-2.06211 -2.04766 1.02567 128 128 128
-2.11157 -2.04586 1.03735 128 128 128
-2.1317 -2.01525 1.03508 128 128 128
-2.15975 -1.99214 1.0367 128 128 128
-2.18615 -1.96739 1.03767 128 128 128
-2.21368 -1.94353 1.0393 128 128 128
-2.24384 -1.92174 1.04221 128 128 128
-2.27816 -1.90314 1.04708 128 128 128
-2.28886 -1.8649 1.04157 128 128 128
-2.3175 -1.84138 1.04416 128 128 128
-2.34966 -1.82031 1.04838 128 128 128
-2.37484 -1.79362 1.04968 128 128 128
-2.40658 -1.77162 1.05389 128 128 128
-2.43045 -1.7436 1.05487 128 128 128
-2.45322 -1.71473 1.05552 128 128 128
-2.48034 -1.68874 1.05811 128 128 128
-0.893513 -0.595603 0.397282 128 128 128
-0.902346 -0.585617 0.397931 128 128 128
-0.895035 -0.565462 0.392092 128 128 128
-0.892214 -0.548529 0.388199 128 128 128
-0.902946 -0.53995 0.389821 128 128 128
-0.924257 -0.53733 0.39566 128 128 128
-0.936558 -0.529183 0.397931 128 128 128
-0.957938 -0.525786 0.403771 128 128 128
-2.72329 -1.44306 1.08601 128 128 128
-2.7408 -1.40953 1.08601 128 128 128
-2.76805 -1.38085 1.0899 128 128 128
-2.7899 -1.34924 1.09185 128 128 128
-2.81396 -1.3185 1.09477 128 128 128
-2.83769 -1.28738 1.09769 128 128 128
-2.8576 -1.25435 1.09931 128 128 128
-2.87975 -1.22214 1.10191 128 128 128
-2.89453 -1.18671 1.10191 128 128 128
-2.91064 -1.15179 1.10256 128 128 128
-2.93251 -1.11901 1.10548 128 128 128
-2.9478 -1.08359 1.10612 128 128 128
-2.96176 -1.04765 1.10645 128 128 128
-2.98336 -1.01426 1.10969 128 128 128
-3.00458 -0.980496 1.11294 128 128 128
-3.01729 -0.943832 1.11326 128 128 128
-3.03045 -0.907275 1.11391 128 128 128
-3.04955 -0.872349 1.11683 128 128 128
-3.06824 -0.837091 1.11975 128 128 128
-3.08469 -0.801032 1.12202 128 128 128
-3.11266 -0.767624 1.12851 128 128 128
-3.11208 -0.68695 1.12202 128 128 128
-3.09805 -0.644116 1.11423 128 128 128
-3.1215 -0.609109 1.11975 128 128 128
-3.13433 -0.571769 1.1217 128 128 128
-3.14764 -0.534363 1.12397 128 128 128
-3.14929 -0.494968 1.12234 128 128 128
-3.16355 -0.457492 1.12526 128 128 128
-3.17831 -0.419862 1.12851 128 128 128
-3.17664 -0.38005 1.12624 128 128 128
-3.18765 -0.341736 1.12851 128 128 128
-3.18972 -0.302417 1.12786 128 128 128
-3.18659 -0.262716 1.12559 128 128 128
-3.24942 0.275635 1.06098 128 128 128
-3.22871 0.313836 1.05555 128 128 128
-3.22841 0.353848 1.05676 128 128 128
-3.22477 0.393554 1.05706 128 128 128
-3.20646 0.431323 1.05284 128 128 128
-3.20376 0.471054 1.05374 128 128 128
-3.19868 0.510483 1.05404 128 128 128
-3.21097 0.552926 1.06007 128 128 128
-3.19738 0.591077 1.05796 128 128 128
-3.19456 0.631191 1.05947 128 128 128
-3.16511 0.665841 1.05253 128 128 128
-3.14956 0.78465 1.05615 128 128 128
-2.9739 1.22739 1.04711 128 128 128
-2.95598 1.26267 1.0462 128 128 128
-2.93328 1.29577 1.04379 128 128 128
-2.92497 1.33523 1.0465 128 128 128
-2.89888 1.36656 1.04319 128 128 128
-2.87503 1.39869 1.04077 128 128 128
-2.86361 1.43686 1.04288 128 128 128
-2.83729 1.46752 1.03987 128 128 128
-2.81739 1.50133 1.03927 128 128 128
-2.79959 1.53625 1.03957 128 128 128
-2.77139 1.56533 1.03625 128 128 128
-2.74455 1.59491 1.03354 128 128 128
-2.72396 1.62799 1.03324 128 128 128
-2.71109 1.66578 1.03595 128 128 128
-2.68641 1.69638 1.03444 128 128 128
-2.65019 1.71936 1.02871 128 128 128
-2.62968 1.75229 1.02901 128 128 128
-2.60798 1.78442 1.02901 128 128 128
-2.57418 1.80808 1.02449 128 128 128
-2.54793 1.83675 1.02298 128 128 128
-2.5229 1.86617 1.02208 128 128 128
-2.48613 1.88662 1.01665 128 128 128
-2.47258 1.9246 1.02057 128 128 128
-2.43536 1.9441 1.01514 128 128 128
-2.4032 1.9672 1.01183 128 128 128
-2.38472 2.00144 1.01424 128 128 128
-2.35492 2.0262 1.01213 128 128 128
-2.31342 2.04045 1.00519 128 128 128
-2.28113 2.06229 1.00218 128 128 128
-2.25356 2.08819 1.00127 128 128 128
-2.22154 2.10978 0.998558 128 128 128
-2.18249 2.12425 0.992829 128 128 128
-2.16571 2.1603 0.997051 128 128 128
-2.1337 2.18126 0.994638 128 128 128
-2.09756 2.19763 0.990417 128 128 128
-2.05418 2.20577 0.982878 128 128 128
-2.02567 2.2294 0.982275 128 128 128
-1.99373 2.2491 0.980165 128 128 128
-1.9666 2.27412 0.980466 128 128 128
-1.92625 2.28351 0.974435 128 128 128
-1.90293 2.31286 0.976848 128 128 128
-1.87261 2.33381 0.975943 128 128 128
-1.83795 2.34911 0.972928 128 128 128
-1.80783 2.36997 0.972325 128 128 128
-1.77463 2.38662 0.970214 128 128 128
-1.74241 2.40436 0.968706 128 128 128
-1.70947 2.42089 0.966897 128 128 128
-1.67801 2.43933 0.965992 128 128 128
-1.63945 2.44707 0.961168 128 128 128
-1.60982 2.4678 0.961469 128 128 128
-1.5789 2.48656 0.961168 128 128 128
-1.54025 2.49278 0.956343 128 128 128
-1.50315 2.50087 0.952423 128 128 128
-1.47283 2.51995 0.952725 128 128 128
-1.43661 2.52872 0.949408 128 128 128
-1.39947 2.53531 0.945488 128 128 128
-1.36014 2.53717 0.94006 128 128 128
-1.32978 2.55536 0.940663 128 128 128
-1.29359 2.56213 0.937346 128 128 128
-1.2608 2.57524 0.936442 128 128 128
-1.22419 2.58018 0.932823 128 128 128
-1.18646 2.58202 0.9283 128 128 128
-1.15468 2.59639 0.9283 128 128 128
-1.11821 2.59985 0.924682 128 128 128
-1.08292 2.60546 0.921968 128 128 128
-1.04447 2.60262 0.91654 128 128 128
-1.01073 2.6108 0.915032 128 128 128
-0.977278 2.61943 0.913826 128 128 128
-0.940542 2.61867 0.909605 128 128 128
-0.904907 2.6201 0.906288 128 128 128
-0.871484 2.62739 0.905082 128 128 128
-0.837149 2.63153 0.902971 128 128 128
-0.80368 2.63795 0.901765 128 128 128
-0.76831 2.63755 0.898448 128 128 128
-0.73435 2.64127 0.896639 128 128 128
-0.701638 2.64916 0.896337 128 128 128
-0.670242 2.66219 0.897845 128 128 128
-0.630422 2.64055 0.888196 128 128 128
-0.600497 2.65924 0.891814 128 128 128
-0.564833 2.65242 0.887291 128 128 128
-0.530177 2.64887 0.883974 128 128 128
-0.49816 2.65799 0.884879 128 128 128
-0.464023 2.65545 0.882165 128 128 128
-0.427881 2.6393 0.875229 128 128 128
-0.394187 2.63587 0.872516 128 128 128
-0.362591 2.64617 0.874325 128 128 128
-0.329144 2.64285 0.871912 128 128 128
-0.296581 2.64575 0.871611 128 128 128
-0.262095 2.62926 0.865279 128 128 128
-0.228726 2.61994 0.861359 128 128 128
-0.194835 2.59973 0.854122 128 128 128
-0.163219 2.60668 0.855629 128 128 128
-0.130783 2.59992 0.852916 128 128 128
-0.0980234 2.57941 0.84598 128 128 128
-0.0658872 2.56231 0.840251 128 128 128
-0.0347319 2.5839 0.846885 128 128 128
-0.00301269 2.57937 0.845377 128 128 128
0.0284589 2.56205 0.839949 128 128 128
0.0596139 2.54911 0.836029 128 128 128
0.0910249 2.552 0.837236 128 128 128
0.121929 2.54212 0.834522 128 128 128
0.152603 2.53187 0.831808 128 128 128
0.183251 2.5241 0.829999 128 128 128
0.21373 2.51596 0.828189 128 128 128
0.243671 2.50366 0.825174 128 128 128
0.273859 2.49574 0.823666 128 128 128
0.304119 2.48935 0.822762 128 128 128
0.333504 2.47693 0.820048 128 128 128
0.363045 2.46699 0.818239 128 128 128
0.392392 2.4567 0.81643 128 128 128
0.420896 2.4423 0.813414 128 128 128
0.448933 2.42664 0.810097 128 128 128
0.477018 2.41253 0.807383 128 128 128
0.507175 2.40929 0.808288 128 128 128
0.534837 2.39451 0.805574 128 128 128
0.560025 2.37013 0.799845 128 128 128
0.587917 2.35845 0.798337 128 128 128
0.610538 2.32708 0.790497 128 128 128
0.636521 2.31022 0.787482 128 128 128
0.666935 2.30956 0.789894 128 128 128
0.693576 2.29573 0.788085 128 128 128
0.715395 2.26704 0.781451 128 128 128
0.741376 2.25265 0.779642 128 128 128
0.771432 2.2506 0.782054 128 128 128
0.793238 2.2248 0.776626 128 128 128
0.81552 2.20148 0.772103 128 128 128
0.838375 2.18063 0.768485 128 128 128
0.862251 2.16309 0.766073 128 128 128
0.88764 2.1497 0.765168 128 128 128
0.910586 2.13075 0.762454 128 128 128
0.933971 2.11331 0.760343 128 128 128
0.958647 2.09909 0.759439 128 128 128
0.983928 2.0863 0.759137 128 128 128
1.00404 2.06292 0.755217 128 128 128
1.02928 2.05045 0.755217 128 128 128
1.05174 2.03258 0.753408 128 128 128
1.07033 2.00774 0.749187 128 128 128
1.08984 1.98525 0.74587 128 128 128
1.11131 1.96675 0.74406 128 128 128
1.13536 1.95296 0.74406 128 128 128
1.15778 1.93643 0.743156 128 128 128
1.17647 1.91395 0.74014 128 128 128
1.20597 1.90904 0.743759 128 128 128
1.22101 1.8813 0.738934 128 128 128
1.24083 1.86141 0.737125 128 128 128
1.25282 1.8303 0.731094 128 128 128
1.27026 1.80777 0.72838 128 128 128
1.28845 1.78663 0.72627 128 128 128
1.32047 1.78448 0.731697 128 128 128
1.30656 1.72104 0.713002 128 128 128
1.30124 1.67101 0.699433 128 128 128
1.32284 1.6564 0.700036 128 128 128
1.36902 1.67178 0.713002 128 128 128
1.37289 1.63513 0.70486 128 128 128
1.39472 1.62033 0.705765 128 128 128
1.09049 1.2354 0.550775 128 128 128
1.1062 1.22264 0.551076 128 128 128
1.15351 1.24395 0.566153 128 128 128
1.45614 1.53265 0.698227 128 128 128
1.47816 1.51808 0.699734 128 128 128
1.50004 1.5032 0.701242 128 128 128
1.52178 1.48802 0.70275 128 128 128
1.55165 1.48043 0.707876 128 128 128
1.57528 1.46648 0.710288 128 128 128
1.57058 1.42651 0.700639 128 128 128
1.58084 1.4008 0.697624 128 128 128
1.58926 1.37381 0.694005 128 128 128
1.52427 1.22243 0.647568 128 128 128
1.654 1.29358 0.693704 128 128 128
1.66307 1.23609 0.684959 128 128 128
1.68274 1.21895 0.686768 128 128 128
1.67655 1.18335 0.678627 128 128 128
1.56923 1.07887 0.631888 128 128 128
1.68529 1.12857 0.671088 128 128 128
1.31103 0.854453 0.524541 128 128 128
1.3182 0.836254 0.523335 128 128 128
1.75002 1.08082 0.680134 128 128 128
1.76642 1.06123 0.68134 128 128 128
1.78177 1.04092 0.682245 128 128 128
1.79441 1.01898 0.682245 128 128 128
1.80345 0.995035 0.681039 128 128 128
1.81132 0.970575 0.679531 128 128 128
1.82056 0.946952 0.678627 128 128 128
1.82949 0.923249 0.677722 128 128 128
1.84068 0.900729 0.677722 128 128 128
1.85073 0.877664 0.67742 128 128 128
1.86396 0.856083 0.678325 128 128 128
1.73323 0.770311 0.629476 128 128 128
1.85639 0.798012 0.668676 128 128 128
1.88189 0.781766 0.674104 128 128 128
1.88957 0.757902 0.6735 128 128 128
1.89428 0.732934 0.671993 128 128 128
1.90045 0.708632 0.671088 128 128 128
1.90183 0.682675 0.668676 128 128 128
1.90736 0.65835 0.667771 128 128 128
1.9153 0.634895 0.667771 128 128 128
1.92294 0.611343 0.667771 128 128 128
1.9376 0.589926 0.670184 128 128 128
1.93188 0.562365 0.665962 128 128 128
1.95149 0.542198 0.670184 128 128 128
1.94509 0.514785 0.665962 128 128 128
1.94942 0.490411 0.665359 128 128 128
1.959 0.467339 0.666565 128 128 128
1.9683 0.444106 0.667771 128 128 128
1.96801 0.418724 0.665962 128 128 128
1.96926 0.393791 0.664756 128 128 128
1.96551 0.368011 0.662042 128 128 128
1.95861 0.341888 0.658424 128 128 128
1.9636 0.31798 0.658725 128 128 128
1.89192 0.282539 0.634602 128 128 128
1.92358 0.263199 0.643648 128 128 128
1.9314 0.240165 0.645156 128 128 128
1.9721 0.220714 0.657217 128 128 128
1.97845 0.196877 0.658424 128 128 128
1.98452 0.172917 0.65963 128 128 128
1.98839 0.148695 0.660233 128 128 128
1.99007 0.124283 0.660233 128 128 128
1.94288 0.0973837 0.644854 128 128 128
1.95155 0.073828 0.647267 128 128 128
1.97423 0.0504493 0.654202 128 128 128
0.962419 -1.96653 0.722048 128 128 128
0.941896 -1.98594 0.724762 128 128 128
0.920244 -2.00342 0.726873 128 128 128
0.896366 -2.0163 0.727476 128 128 128
0.874572 -2.03415 0.729888 128 128 128
0.848445 -2.04209 0.728983 128 128 128
0.823322 -2.05235 0.728983 128 128 128
0.801866 -2.07208 0.7323 128 128 128
0.77838 -2.08712 0.73411 128 128 128
0.752386 -2.09562 0.733808 128 128 128
0.732536 -2.12181 0.739537 128 128 128
0.707344 -2.13336 0.740442 128 128 128
0.683717 -2.15005 0.743156 128 128 128
0.658673 -2.16284 0.744663 128 128 128
0.635287 -2.18174 0.748282 128 128 128
0.607187 -2.18478 0.746774 128 128 128
0.581308 -2.19576 0.74798 128 128 128
0.556419 -2.21104 0.750694 128 128 128
0.529688 -2.21956 0.751297 128 128 128
0.502621 -2.22682 0.751599 128 128 128
0.475654 -2.23469 0.752202 128 128 128
0.450072 -2.24971 0.755217 128 128 128
0.423487 -2.26068 0.757026 128 128 128
0.396207 -2.26853 0.757931 128 128 128
0.371706 -2.29392 0.764565 128 128 128
0.345085 -2.30868 0.767882 128 128 128
0.315948 -2.30708 0.766073 128 128 128
0.288086 -2.31456 0.767279 128 128 128
0.260728 -2.3274 0.770294 128 128 128
0.232433 -2.33327 0.771199 128 128 128
0.203533 -2.3331 0.770294 128 128 128
0.175604 -2.34493 0.77331 128 128 128
0.148077 -2.36689 0.779642 128 128 128
0.119262 -2.37329 0.78115 128 128 128
0.0901663 -2.37553 0.781451 128 128 128
0.0616837 -2.40219 0.789593 128 128 128
0.0327068 -2.43899 0.801051 128 128 128
0.00274661 -2.423 0.795925 128 128 128
-0.0270782 -2.43143 0.798639 128 128 128
-0.0569572 -2.43282 0.799242 128 128 128
-0.0870751 -2.43956 0.801654 128 128 128
-0.117503 -2.44879 0.804971 128 128 128
-0.148113 -2.45668 0.807986 128 128 128
-0.178523 -2.45848 0.809193 128 128 128
-0.209801 -2.46941 0.813414 128 128 128
-0.241375 -2.47993 0.817636 128 128 128
-0.224189 -2.04078 0.678928 128 128 128
-0.248755 -2.03409 0.677722 128 128 128
-0.273317 -2.02805 0.676817 128 128 128
-0.300812 -2.04247 0.682547 128 128 128
-0.396888 -2.48494 0.825476 128 128 128
-0.427998 -2.48365 0.826682 128 128 128
-0.459827 -2.48571 0.829094 128 128 128
-0.49048 -2.48081 0.829396 128 128 128
-0.52265 -2.48301 0.832109 128 128 128
-0.555776 -2.4885 0.836029 128 128 128
-0.587803 -2.48799 0.83814 128 128 128
-0.61875 -2.48244 0.838743 128 128 128
-0.651581 -2.48389 0.841759 128 128 128
-0.687826 -2.49685 0.848694 128 128 128
-0.718679 -2.48913 0.848996 128 128 128
-0.7555 -2.50112 0.855931 128 128 128
-0.787281 -2.4953 0.857137 128 128 128
-0.820521 -2.49361 0.859851 128 128 128
-0.854764 -2.49417 0.863469 128 128 128
-0.887225 -2.48889 0.865279 128 128 128
-0.919354 -2.48228 0.866786 128 128 128
-0.956578 -2.48862 0.872817 128 128 128
-0.990571 -2.48555 0.875832 128 128 128
-1.02427 -2.48114 0.878546 128 128 128
-1.05688 -2.47365 0.880356 128 128 128
-1.0887 -2.46398 0.881562 128 128 128
-1.12795 -2.47039 0.888497 128 128 128
-1.16143 -2.46326 0.890909 128 128 128
-1.19407 -2.45397 0.892719 128 128 128
-1.22111 -2.43316 0.890608 128 128 128
-1.25569 -2.42731 0.893925 128 128 128
-1.28941 -2.4193 0.896639 128 128 128
-1.31992 -2.40496 0.897242 128 128 128
-1.35261 -2.3944 0.899352 128 128 128
-1.38477 -2.38257 0.901162 128 128 128
-1.4183 -2.37276 0.903875 128 128 128
-1.4518 -2.36249 0.906589 128 128 128
-1.48221 -2.34692 0.907494 128 128 128
-1.51712 -2.33815 0.911112 128 128 128
-1.54728 -2.32174 0.912017 128 128 128
-1.57727 -2.30494 0.912922 128 128 128
-1.61475 -2.29868 0.918048 128 128 128
-1.64785 -2.28565 0.920762 128 128 128
-1.68824 -2.28213 0.927395 128 128 128
-1.71266 -2.25668 0.925586 128 128 128
-1.75779 -2.25807 0.934632 128 128 128
-1.78715 -2.23857 0.935537 128 128 128
-1.81992 -2.22311 0.938251 128 128 128
-1.85686 -2.2123 0.943075 128 128 128
-1.88636 -2.19224 0.944282 128 128 128
-1.92194 -2.17894 0.948503 128 128 128
-1.96643 -2.175 0.956946 128 128 128
-1.98131 -2.13811 0.951518 128 128 128
-2.01528 -2.12194 0.955137 128 128 128
-2.04715 -2.1032 0.957851 128 128 128
-2.08088 -2.08602 0.961469 128 128 128
-2.11041 -2.06433 0.963278 128 128 128
-2.13972 -2.04223 0.965088 128 128 128
-2.1702 -2.02102 0.9675 128 128 128
-2.19766 -1.9968 0.968706 128 128 128
-2.222 -1.96968 0.968706 128 128 128
-2.25465 -1.94976 0.972325 128 128 128
-2.28496 -1.92748 0.975038 128 128 128
-2.3055 -1.89687 0.973832 128 128 128
-2.33604 -1.8744 0.976848 128 128 128
-2.36637 -1.85147 0.979863 128 128 128
-2.39195 -1.82461 0.981069 128 128 128
-2.41492 -1.79569 0.981371 128 128 128
-2.43909 -1.7676 0.982275 128 128 128
-2.46838 -1.74304 0.985291 128 128 128
-2.50294 -1.72181 0.990417 128 128 128
-0.900553 -0.602292 0.372264 128 128 128
-0.890314 -0.579727 0.36563 128 128 128
-0.900579 -0.570804 0.366836 128 128 128
-0.884812 -0.545666 0.358393 128 128 128
-0.890624 -0.534275 0.358092 128 128 128
-0.923448 -0.538714 0.367741 128 128 128
-0.932475 -0.528755 0.368646 128 128 128
-0.951411 -0.52419 0.373169 128 128 128
-0.954412 -0.510671 0.371963 128 128 128
-2.7583 -1.43551 1.01303 128 128 128
-2.78081 -1.40414 1.01484 128 128 128
-2.81325 -1.37746 1.02027 128 128 128
-2.84027 -1.34774 1.02389 128 128 128
-2.86439 -1.31637 1.0266 128 128 128
-2.88207 -1.2819 1.0272 128 128 128
-2.89759 -1.24644 1.0272 128 128 128
-2.91618 -1.21225 1.02841 128 128 128
-2.94854 -1.18348 1.03444 128 128 128
-2.95484 -1.14411 1.03173 128 128 128
-3.06407 -0.892785 1.03896 128 128 128
-3.08857 -0.858954 1.04349 128 128 128
-3.10164 -0.821722 1.04439 128 128 128
-3.10595 -0.782199 1.04258 128 128 128
-3.12551 -0.746466 1.0459 128 128 128
-3.13444 -0.708055 1.0459 128 128 128
-3.14102 -0.669139 1.0453 128 128 128
-3.1518 -0.631106 1.0462 128 128 128
-3.16681 -0.59379 1.04861 128 128 128
-3.17479 -0.555048 1.04892 128 128 128
-3.18043 -0.515894 1.04861 128 128 128
-3.17897 -0.475694 1.0462 128 128 128
-3.19307 -0.437817 1.04892 128 128 128
-3.19821 -0.3986 1.04892 128 128 128
-3.30184 0.0464044 0.982957 128 128 128
-3.26134 0.367533 0.977137 128 128 128
-3.24229 0.40572 0.97298 128 128 128
-3.24277 0.44627 0.974642 128 128 128
-3.2342 0.485599 0.973811 128 128 128
-3.228 0.525251 0.973811 128 128 128
-3.22226 0.564991 0.974088 128 128 128
-3.21225 0.603954 0.973257 128 128 128
-3.19612 0.641616 0.970762 128 128 128
-3.1974 0.682807 0.973534 128 128 128
-3.18878 0.721993 0.973534 128 128 128
-3.17875 0.760845 0.973257 128 128 128
-3.1552 0.796251 0.969099 128 128 128
-3.13008 0.872149 0.967714 128 128 128
-2.99801 1.248 0.967159 128 128 128
-2.97453 1.28127 0.964665 128 128 128
-2.95595 1.3165 0.963834 128 128 128
-2.93172 1.34905 0.961339 128 128 128
-2.91408 1.38451 0.961062 128 128 128
-2.89687 1.42017 0.961062 128 128 128
-2.8698 1.45083 0.958014 128 128 128
-2.85263 1.48638 0.958291 128 128 128
-2.82572 1.51672 0.955519 128 128 128
-2.81445 1.55548 0.958014 128 128 128
-2.79181 1.58799 0.956905 128 128 128
-2.75057 1.60949 0.949699 128 128 128
-2.72897 1.64213 0.949145 128 128 128
-2.70371 1.67245 0.947482 128 128 128
-2.68542 1.70706 0.948313 128 128 128
-2.66266 1.73883 0.947759 128 128 128
-2.63554 1.76762 0.945819 128 128 128
-2.61444 1.80037 0.946096 128 128 128
-2.58745 1.82899 0.944433 128 128 128
-2.55315 1.85212 0.940276 128 128 128
-2.52484 1.87929 0.938336 128 128 128
-2.4932 1.90371 0.935288 128 128 128
-2.45982 1.92645 0.931685 128 128 128
-2.4345 1.95528 0.93113 128 128 128
-2.40958 1.9844 0.930853 128 128 128
-2.37845 2.00823 0.928359 128 128 128
-2.34492 2.02971 0.925033 128 128 128
-2.31768 2.05642 0.924202 128 128 128
-2.30292 2.09442 0.928359 128 128 128
-2.2272 2.07594 0.908681 128 128 128
-2.21544 2.11641 0.914224 128 128 128
-2.19067 2.14478 0.914779 128 128 128
-2.15809 2.16537 0.912284 128 128 128
-2.11998 2.17996 0.907573 128 128 128
-2.08779 2.20023 0.905356 128 128 128
-2.05868 2.22357 0.904524 128 128 128
-2.03188 2.24938 0.904801 128 128 128
-2.00285 2.2727 0.904247 128 128 128
-1.96481 2.28544 0.899813 128 128 128
-1.94093 2.31453 0.901753 128 128 128
-1.90145 2.32477 0.896764 128 128 128
-1.87876 2.35545 0.899536 128 128 128
-1.84382 2.37074 0.896764 128 128 128
-1.81401 2.39242 0.896487 128 128 128
-1.77825 2.40599 0.893438 128 128 128
-1.74859 2.42763 0.893438 128 128 128
-1.71205 2.43946 0.890113 128 128 128
-1.67604 2.45155 0.887064 128 128 128
-1.63892 2.46153 0.883461 128 128 128
-1.60963 2.48307 0.884015 128 128 128
-1.56829 2.48556 0.878195 128 128 128
-1.53567 2.50134 0.877087 128 128 128
-1.50338 2.51752 0.876255 128 128 128
-1.46853 2.52912 0.874038 128 128 128
-1.43549 2.54361 0.87293 128 128 128
-1.39634 2.5467 0.868218 128 128 128
-1.35958 2.55345 0.864892 128 128 128
-1.3167 2.54774 0.857686 128 128 128
-1.28963 2.5723 0.860458 128 128 128
-1.2542 2.58015 0.857964 128 128 128
-1.21754 2.58491 0.854638 128 128 128
-1.18494 2.5979 0.854083 128 128 128
-1.14369 2.59114 0.847432 128 128 128
-1.10917 2.59879 0.845492 128 128 128
-1.07063 2.59621 0.840503 128 128 128
-1.03727 2.60558 0.839395 128 128 128
-1.00247 2.61093 0.837178 128 128 128
-0.970357 2.62304 0.837178 128 128 128
-0.934244 2.62388 0.833852 128 128 128
-0.900735 2.63151 0.832743 128 128 128
-0.865687 2.63414 0.830249 128 128 128
-0.83186 2.63998 0.828863 128 128 128
-0.797468 2.64355 0.826923 128 128 128
-0.764437 2.65129 0.826369 128 128 128
-0.729563 2.65213 0.823874 128 128 128
-0.696478 2.65903 0.82332 128 128 128
-0.662873 2.66364 0.822212 128 128 128
-0.62641 2.65567 0.8175 128 128 128
-0.592735 2.65847 0.816114 128 128 128
-0.559478 2.66272 0.815283 128 128 128
-0.524545 2.65807 0.811957 128 128 128
-0.489119 2.64918 0.807523 128 128 128
-0.455604 2.6493 0.80586 128 128 128
-0.420362 2.63761 0.800871 128 128 128
-0.390449 2.65969 0.80586 128 128 128
-0.353483 2.63189 0.796437 128 128 128
-0.321847 2.64176 0.7981 128 128 128
-0.287241 2.62545 0.79228 128 128 128
-0.254544 2.62399 0.790894 128 128 128
-0.222325 2.62692 0.790894 128 128 128
-0.189122 2.61603 0.787014 128 128 128
-0.154876 2.58171 0.776482 128 128 128
-0.123449 2.58917 0.778145 128 128 128
-0.0914065 2.58281 0.775928 128 128 128
-0.0595184 2.57509 0.773434 128 128 128
-0.0279047 2.57467 0.773157 128 128 128
0.00364622 2.55944 0.768722 128 128 128
0.0349661 2.55344 0.767059 128 128 128
0.0662187 2.54994 0.766228 128 128 128
0.0971993 2.54125 0.764011 128 128 128
0.128327 2.53891 0.763734 128 128 128
0.15867 2.52468 0.760131 128 128 128
0.189198 2.51679 0.758468 128 128 128
0.22024 2.51619 0.759022 128 128 128
0.250033 2.50279 0.755973 128 128 128
0.28138 2.50526 0.757636 128 128 128
0.311138 2.49399 0.755419 128 128 128
0.341059 2.48523 0.754033 128 128 128
0.370812 2.4761 0.752648 128 128 128
0.396971 2.44577 0.745165 128 128 128
0.427957 2.44639 0.746828 128 128 128
0.45741 2.43812 0.745996 128 128 128
0.482538 2.40878 0.739067 128 128 128
0.512061 2.40268 0.739067 128 128 128
0.536813 2.3756 0.73297 128 128 128
0.563452 2.35856 0.729922 128 128 128
0.592117 2.35053 0.729645 128 128 128
0.617449 2.33009 0.725764 128 128 128
0.641593 2.30661 0.721053 128 128 128
0.668769 2.29488 0.719944 128 128 128
0.694908 2.28007 0.718004 128 128 128
0.721078 2.26588 0.716341 128 128 128
0.745484 2.24683 0.713293 128 128 128
0.770793 2.23116 0.711353 128 128 128
0.797462 2.21973 0.710798 128 128 128
0.821267 2.20078 0.708027 128 128 128
0.849954 2.19501 0.709413 128 128 128
0.872153 2.17283 0.70581 128 128 128
0.896159 2.15576 0.70387 128 128 128
0.919878 2.13843 0.70193 128 128 128
0.941738 2.11733 0.698881 128 128 128
0.964428 2.09863 0.696664 128 128 128
0.987628 2.08144 0.695001 128 128 128
1.0097 2.06226 0.692784 128 128 128
1.03363 2.04715 0.691953 128 128 128
1.05734 2.03175 0.691121 128 128 128
1.07992 2.01439 0.689735 128 128 128
1.10316 1.99847 0.688904 128 128 128
1.12331 1.97727 0.68641 128 128 128
1.14409 1.95754 0.68447 128 128 128
1.16207 1.93348 0.681144 128 128 128
1.18165 1.91254 0.678927 128 128 128
1.20297 1.89465 0.677818 128 128 128
1.22613 1.87975 0.677818 128 128 128
1.24642 1.86057 0.676432 128 128 128
1.26534 1.8396 0.674492 128 128 128
1.2856 1.8208 0.673384 128 128 128
1.30332 1.79867 0.671166 128 128 128
1.32415 1.781 0.670612 128 128 128
1.33656 1.75241 0.666178 128 128 128
1.36093 1.73966 0.667564 128 128 128
1.3659 1.70262 0.660081 128 128 128
1.3714 1.66721 0.653152 128 128 128
1.38493 1.64219 0.650103 128 128 128
1.34641 1.55758 0.624329 128 128 128
1.09975 1.24231 0.509036 128 128 128
1.12592 1.24079 0.513747 128 128 128
1.25324 1.34692 0.561139 128 128 128
1.49432 1.56597 0.654815 128 128 128
1.51342 1.54751 0.654815 128 128 128
1.52208 1.51866 0.650658 128 128 128
1.52957 1.48917 0.646223 128 128 128
1.53516 1.4584 0.641235 128 128 128
1.54165 1.42902 0.6368 128 128 128
1.56335 1.41385 0.638463 128 128 128
1.58492 1.39837 0.640126 128 128 128
1.6005 1.37756 0.639572 128 128 128
1.60991 1.35166 0.6368 128 128 128
1.62563 1.33119 0.636523 128 128 128
1.6426 1.31174 0.6368 128 128 128
1.66009 1.29266 0.637355 128 128 128
1.6582 1.25886 0.63098 128 128 128
1.66424 1.23158 0.627654 128 128 128
1.63709 1.1808 0.612688 128 128 128
1.62154 1.13968 0.602157 128 128 128
1.67034 1.14351 0.614351 128 128 128
1.32562 0.884861 0.49019 128 128 128
1.29119 0.839321 0.474669 128 128 128
1.35669 0.858201 0.493515 128 128 128
1.65641 1.01854 0.591348 128 128 128
1.77694 1.06252 0.627654 128 128 128
1.79816 1.04545 0.630426 128 128 128
1.79327 1.01341 0.624606 128 128 128
1.8081 0.992714 0.625437 128 128 128
1.81421 0.967299 0.623497 128 128 128
1.83107 0.947602 0.62516 128 128 128
1.83998 0.923773 0.624329 128 128 128
1.84858 0.899867 0.623497 128 128 128
1.86731 0.880788 0.625992 128 128 128
1.87011 0.85423 0.623497 128 128 128
1.87781 0.830056 0.622666 128 128 128
1.87636 0.802063 0.619063 128 128 128
1.87717 0.775327 0.616291 128 128 128
1.85618 0.740194 0.606868 128 128 128
1.85884 0.714958 0.604928 128 128 128
1.87829 0.696078 0.608254 128 128 128
1.89847 0.677149 0.611857 128 128 128
1.89936 0.651322 0.60964 128 128 128
1.90629 0.627666 0.609363 128 128 128
1.91385 0.604226 0.609363 128 128 128
1.91836 0.579866 0.608531 128 128 128
1.92256 0.555487 0.6077 128 128 128
1.9385 0.534387 0.610471 128 128 128
1.94956 0.511768 0.611857 128 128 128
1.95943 0.488728 0.612966 128 128 128
1.96715 0.465085 0.61352 128 128 128
1.95864 0.437794 0.609363 128 128 128
1.96386 0.413726 0.609363 128 128 128
1.96313 0.388488 0.6077 128 128 128
1.96114 0.363156 0.60576 128 128 128
1.95787 0.337772 0.603543 128 128 128
1.96946 0.314918 0.60576 128 128 128
1.96272 0.289207 0.602711 128 128 128
1.9604 0.264341 0.601048 128 128 128
1.97495 0.241641 0.604374 128 128 128
1.95961 0.21543 0.599108 128 128 128
1.95254 0.190453 0.596337 128 128 128
1.96431 0.167273 0.599108 128 128 128
1.9595 0.142681 0.597168 128 128 128
1.95823 0.118456 0.596337 128 128 128
1.9509 0.0940184 0.593843 128 128 128
1.96247 0.070428 0.596891 128 128 128
1.96511 0.0463816 0.597445 128 128 128
1.96841 0.0222899 0.598277 128 128 128
1.97238 -0.00187874 0.599385 128 128 128
1.96932 -0.0260387 0.598554 128 128 128
1.97078 -0.0502563 0.599108 128 128 128
1.97097 -0.0744752 0.599385 128 128 128
1.96799 -0.0985564 0.598831 128 128 128
1.96376 -0.122514 0.598 128 128 128
1.94486 -0.145279 0.593011 128 128 128
1.94676 -0.169476 0.59412 128 128 128
1.93784 -0.192673 0.59218 128 128 128
1.94106 -0.217092 0.593843 128 128 128
1.93348 -0.240293 0.592457 128 128 128
1.92563 -0.26334 0.591071 128 128 128
1.93745 -0.289253 0.595505 128 128 128
1.92428 -0.311451 0.592734 128 128 128
1.93072 -0.33688 0.595783 128 128 128
1.92833 -0.360905 0.596337 128 128 128
1.94353 -0.388537 0.602157 128 128 128
1.93768 -0.412156 0.60188 128 128 128
1.89687 -0.427797 0.591348 128 128 128
1.90176 -0.453515 0.594397 128 128 128
1.92492 -0.484143 0.602988 128 128 128
1.90398 -0.503765 0.598554 128 128 128
1.89303 -0.525797 0.597168 128 128 128
1.87813 -0.546554 0.594674 128 128 128
1.87129 -0.56956 0.594674 128 128 128
1.88795 -0.600097 0.60188 128 128 128
1.86677 -0.618658 0.597723 128 128 128
1.84089 -0.635214 0.59218 128 128 128
1.82482 -0.654818 0.589685 128 128 128
1.81125 -0.675138 0.588022 128 128 128
0.998375 -1.87277 0.64262 128 128 128
0.976637 -1.88744 0.643452 128 128 128
0.964996 -1.92249 0.650935 128 128 128
0.950127 -1.95235 0.656755 128 128 128
0.926505 -1.96473 0.657032 128 128 128
0.904313 -1.98033 0.658418 128 128 128
0.88381 -2.00007 0.661189 128 128 128
0.867845 -2.0311 0.667564 128 128 128
0.850156 -2.05938 0.673107 128 128 128
0.826944 -2.07501 0.674769 128 128 128
0.802448 -2.0877 0.675601 128 128 128
0.775772 -2.09468 0.674769 128 128 128
0.749688 -2.10314 0.674492 128 128 128
0.721654 -2.10581 0.672552 128 128 128
0.698445 -2.12273 0.675047 128 128 128
0.67493 -2.13939 0.677541 128 128 128
0.650283 -2.15304 0.679204 128 128 128
0.62752 -2.17379 0.683084 128 128 128
0.602065 -2.18596 0.68447 128 128 128
0.576163 -2.1969 0.685578 128 128 128
0.550083 -2.20754 0.686687 128 128 128
0.525143 -2.22347 0.689458 128 128 128
0.499688 -2.23819 0.691953 128 128 128
0.473361 -2.2498 0.693615 128 128 128
0.446086 -2.25733 0.69417 128 128 128
0.419217 -2.26736 0.695555 128 128 128
0.391361 -2.27233 0.695555 128 128 128
0.365543 -2.29025 0.699435 128 128 128
0.338378 -2.30122 0.701376 128 128 128
0.311377 -2.31472 0.704147 128 128 128
0.283293 -2.32123 0.704978 128 128 128
0.25489 -2.32549 0.705256 128 128 128
0.226881 -2.33418 0.706918 128 128 128
0.198697 -2.34253 0.708581 128 128 128
0.170614 -2.35438 0.711353 128 128 128
0.142493 -2.36972 0.715233 128 128 128
0.113845 -2.38089 0.718004 128 128 128
0.0849441 -2.39171 0.720776 128 128 128
0.0556705 -2.39642 0.721884 128 128 128
0.0264276 -2.41518 0.72715 128 128 128
-0.00322098 -2.4182 0.727982 128 128 128
-0.0330132 -2.42566 0.730199 128 128 128
-0.063095 -2.4366 0.733525 128 128 128
-0.0932207 -2.4414 0.735187 128 128 128
-0.123924 -2.45447 0.739345 128 128 128
-0.154715 -2.46331 0.742393 128 128 128
-0.185152 -2.4641 0.743225 128 128 128
-0.216827 -2.47791 0.747936 128 128 128
-0.247898 -2.48176 0.749876 128 128 128
-0.241023 -2.15108 0.654815 128 128 128
-0.258245 -2.07552 0.633752 128 128 128
-0.278012 -2.03127 0.621834 128 128 128
-0.311836 -2.0866 0.639017 128 128 128
-0.403191 -2.48369 0.756251 128 128 128
-0.43648 -2.49464 0.760962 128 128 128
-0.46849 -2.49665 0.763179 128 128 128
-0.500044 -2.49542 0.764565 128 128 128
-0.530831 -2.49004 0.764842 128 128 128
-0.561988 -2.48615 0.765674 128 128 128
-0.594478 -2.48747 0.768168 128 128 128
-0.625903 -2.48371 0.769277 128 128 128
-0.657325 -2.47956 0.770385 128 128 128
-0.693662 -2.49259 0.77676 128 128 128
-0.726631 -2.49219 0.779254 128 128 128
-0.761103 -2.49594 0.783134 128 128 128
-0.80017 -2.51295 0.791171 128 128 128
-0.830947 -2.50294 0.791171 128 128 128
-0.86223 -2.49437 0.791725 128 128 128
-0.892449 -2.4827 0.791448 128 128 128
-0.931285 -2.49405 0.798377 128 128 128
-0.956942 -2.4699 0.794497 128 128 128
-0.995447 -2.47847 0.800871 128 128 128
-1.03245 -2.48202 0.80586 128 128 128
-1.06703 -2.47887 0.808909 128 128 128
-1.09933 -2.46997 0.810294 128 128 128
-1.13761 -2.47374 0.815837 128 128 128
-1.17036 -2.4648 0.8175 128 128 128
-1.20773 -2.46491 0.822212 128 128 128
-1.23658 -2.44733 0.82138 128 128 128
-1.2683 -2.43538 0.822489 128 128 128
-1.3031 -2.42894 0.825537 128 128 128
-1.3356 -2.41781 0.8272 128 128 128
-1.36946 -2.40875 0.829695 128 128 128
-1.40135 -2.3959 0.83108 128 128 128
-1.42965 -2.37688 0.830526 128 128 128
-1.46276 -2.36569 0.832743 128 128 128
-1.49581 -2.35404 0.83496 128 128 128
-1.52722 -2.33953 0.836346 128 128 128
-1.56064 -2.32779 0.83884 128 128 128
-1.59182 -2.31241 0.840226 128 128 128
-1.62563 -2.30054 0.842998 128 128 128
-1.67183 -2.30529 0.851866 128 128 128
-1.69539 -2.27844 0.849649 128 128 128
-1.73082 -2.26738 0.853252 128 128 128
-1.76623 -2.25579 0.856855 128 128 128
-1.79619 -2.23694 0.857964 128 128 128
-1.84553 -2.2414 0.867941 128 128 128
-1.86917 -2.21418 0.866278 128 128 128
-1.9025 -2.19834 0.869049 128 128 128
-1.9338 -2.17985 0.870989 128 128 128
-1.97012 -2.1666 0.875147 128 128 128
-2.00312 -2.14928 0.877918 128 128 128
-2.02801 -2.12315 0.877364 128 128 128
-2.07343 -2.11799 0.885401 128 128 128
-2.09245 -2.08561 0.88263 128 128 128
-2.13375 -2.07517 0.889004 128 128 128
-2.15836 -2.04816 0.888727 128 128 128
-2.19392 -2.0313 0.892884 128 128 128
-2.21868 -2.00423 0.892884 128 128 128
-2.24888 -1.98192 0.895101 128 128 128
-2.27741 -1.95793 0.896764 128 128 128
-2.30569 -1.93353 0.898427 128 128 128
-2.34488 -1.91785 0.904247 128 128 128
-2.3532 -1.87696 0.898704 128 128 128
-2.38896 -1.85795 0.903416 128 128 128
-2.41235 -1.82908 0.903693 128 128 128
-2.44157 -1.80447 0.906187 128 128 128
-2.46743 -1.77717 0.907573 128 128 128
-2.49535 -1.75117 0.90979 128 128 128
-2.50951 -1.71554 0.907296 128 128 128
-0.91416 -0.611722 0.347736 128 128 128
-0.905459 -0.590027 0.342193 128 128 128
-0.889859 -0.564546 0.334433 128 128 128
-0.872134 -0.538537 0.326119 128 128 128
-0.886933 -0.532708 0.32889 128 128 128
-0.895066 -0.522747 0.329444 128 128 128
-0.898902 -0.51031 0.328613 128 128 128
-0.933763 -0.514907 0.338036 128 128 128
-0.97481 -0.521875 0.349399 128 128 128
-2.79631 -1.44472 0.938336 128 128 128
-2.81813 -1.41244 0.939722 128 128 128
-2.83006 -1.37524 0.938059 128 128 128
-2.86238 -1.34776 0.943048 128 128 128
-2.8822 -1.31412 0.944156 128 128 128
-2.89723 -1.27827 0.943879 128 128 128
-2.91889 -1.24525 0.945819 128 128 128
-2.94995 -1.2159 0.950808 128 128 128
-2.96465 -1.17961 0.950808 128 128 128
-2.98698 -1.14623 0.953302 128 128 128
-3.01254 -1.11381 0.956905 128 128 128
-3.02688 -1.07707 0.957182 128 128 128
-3.03715 -1.03892 0.956351 128 128 128
-3.05241 -1.00247 0.957182 128 128 128
-3.07273 -0.967521 0.959677 128 128 128
-3.08713 -0.930569 0.960508 128 128 128
-3.10755 -0.895263 0.963279 128 128 128
-3.12387 -0.858582 0.964942 128 128 128
-3.12022 -0.816552 0.960785 128 128 128
-3.15053 -0.783275 0.966882 128 128 128
-3.1566 -0.703021 0.963279 128 128 128
-3.16782 -0.66482 0.964111 128 128 128
-3.16914 -0.624604 0.962171 128 128 128
-3.19074 -0.588262 0.966328 128 128 128
-3.19866 -0.549224 0.966605 128 128 128
-3.2156 -0.511578 0.969654 128 128 128
-3.21118 -0.470559 0.966605 128 128 128
-3.22624 -0.432382 0.969377 128 128 128
-3.22367 -0.391841 0.967159 128 128 128
-3.23779 -0.353282 0.969931 128 128 128
-3.2524 -0.314527 0.97298 128 128 128
-3.25027 -0.274114 0.971317 128 128 128
-3.29982 0.281615 0.899928 128 128 128
-3.28841 0.321338 0.897897 128 128 128
-3.28614 0.361878 0.898405 128 128 128
-3.27377 0.401239 0.896375 128 128 128
-3.2686 0.441383 0.896375 128 128 128
-3.26198 0.48132 0.896121 128 128 128
-3.25488 0.52116 0.895867 128 128 128
-3.24728 0.560899 0.895614 128 128 128
-3.23159 0.599123 0.89333 128 128 128
-3.23254 0.640423 0.895614 128 128 128
-3.2216 0.679445 0.894852 128 128 128
-3.20924 0.718085 0.893837 128 128 128
-3.24039 0.809025 0.907287 128 128 128
-3.01858 1.16177 0.879627 128 128 128
-3.03195 1.20983 0.887493 128 128 128
-3.0133 1.24547 0.886478 128 128 128
-3.00046 1.28349 0.88724 128 128 128
-2.9774 1.31709 0.88521 128 128 128
-2.9575 1.35192 0.884195 128 128 128
-2.93893 1.38728 0.883687 128 128 128
-2.92343 1.42409 0.884195 128 128 128
-2.9066 1.46029 0.884448 128 128 128
-2.88674 1.49496 0.883941 128 128 128
-2.85025 1.52072 0.878612 128 128 128
-2.8407 1.5607 0.881403 128 128 128
-2.80955 1.58878 0.877851 128 128 128
-2.78398 1.61974 0.876074 128 128 128
-2.76058 1.6518 0.875059 128 128 128
-2.74092 1.68605 0.875313 128 128 128
-2.71757 1.71801 0.874552 128 128 128
-2.68898 1.74649 0.872268 128 128 128
-2.65849 1.77346 0.869477 128 128 128
-2.62855 1.80049 0.866939 128 128 128
-2.60072 1.82872 0.865163 128 128 128
-2.57965 1.86162 0.86567 128 128 128
-2.55117 1.88911 0.863894 128 128 128
-2.52471 1.91794 0.862879 128 128 128
-2.48953 1.93986 0.859073 128 128 128
-2.46781 1.97208 0.859834 128 128 128
-2.44193 2.00099 0.859326 128 128 128
-2.39718 2.01401 0.852475 128 128 128
-2.37669 2.04706 0.853997 128 128 128
-2.35356 2.07799 0.854759 128 128 128
-2.29991 2.08142 0.844862 128 128 128
-2.27561 2.1108 0.84537 128 128 128
-2.24042 2.12991 0.842071 128 128 128
-2.21134 2.15454 0.841056 128 128 128
-2.17925 2.17605 0.839026 128 128 128
-2.14292 2.19295 0.835473 128 128 128
-2.10984 2.21278 0.833189 128 128 128
-2.07659 2.23214 0.830905 128 128 128
-2.04059 2.24814 0.827607 128 128 128
-2.01862 2.27953 0.82989 128 128 128
-1.98607 2.29901 0.828114 128 128 128
-1.95209 2.31655 0.82583 128 128 128
-1.92167 2.33809 0.825069 128 128 128
-1.88618 2.3532 0.822278 128 128 128
-1.85239 2.37007 0.820248 128 128 128
-1.82141 2.39032 0.819486 128 128 128
-1.79598 2.41792 0.821263 128 128 128
-1.75766 2.42803 0.817456 128 128 128
-1.72438 2.44468 0.815934 128 128 128
-1.68767 2.45609 0.812889 128 128 128
-1.65364 2.47099 0.811112 128 128 128
-1.62108 2.48786 0.810097 128 128 128
-1.58628 2.50103 0.808067 128 128 128
-1.55292 2.51619 0.806798 128 128 128
-1.51346 2.52097 0.802485 128 128 128
-1.48143 2.53768 0.801977 128 128 128
-1.44301 2.54305 0.798171 128 128 128
-1.41217 2.56142 0.798424 128 128 128
-1.37834 2.57429 0.797156 128 128 128
-1.33325 2.56527 0.789543 128 128 128
-1.29513 2.56848 0.785736 128 128 128
-1.26267 2.58245 0.785229 128 128 128
-1.22798 2.59163 0.783453 128 128 128
-1.19124 2.59596 0.780408 128 128 128
-1.15693 2.60508 0.778885 128 128 128
-1.11609 2.59864 0.773049 128 128 128
-1.08486 2.61393 0.773556 128 128 128
-1.04838 2.61627 0.770511 128 128 128
-1.01235 2.61902 0.76772 128 128 128
-0.978784 2.62762 0.766705 128 128 128
-0.945811 2.63761 0.766197 128 128 128
-0.912109 2.64536 0.765182 128 128 128
-0.877751 2.65085 0.76366 128 128 128
-0.838118 2.6393 0.757569 128 128 128
-0.809331 2.66141 0.760868 128 128 128
-0.773635 2.66093 0.758077 128 128 128
-0.738591 2.66183 0.755793 128 128 128
-0.704633 2.66602 0.754524 128 128 128
-0.670211 2.6679 0.752748 128 128 128
-0.63495 2.66558 0.749957 128 128 128
-0.600488 2.66562 0.747927 128 128 128
-0.566925 2.669 0.746912 128 128 128
-0.532421 2.66722 0.744628 128 128 128
-0.49965 2.67356 0.744628 128 128 128
-0.461144 2.64709 0.736 128 128 128
-0.428935 2.65446 0.736507 128 128 128
-0.393324 2.63943 0.731179 128 128 128
-0.360773 2.6431 0.730925 128 128 128
-0.326518 2.63293 0.727118 128 128 128
-0.292459 2.62136 0.723058 128 128 128
-0.259885 2.6209 0.722043 128 128 128
-0.228292 2.63064 0.72382 128 128 128
-0.193535 2.60045 0.715192 128 128 128
-0.161065 2.59394 0.712908 128 128 128
-0.12927 2.59669 0.713162 128 128 128
-0.0967699 2.58165 0.708848 128 128 128
-0.0651814 2.58651 0.709863 128 128 128
-0.0332409 2.5726 0.706056 128 128 128
-0.00166519 2.56992 0.705295 128 128 128
0.029743 2.55814 0.70225 128 128 128
0.0610878 2.55565 0.701743 128 128 128
0.0924794 2.55567 0.701996 128 128 128
0.123556 2.54855 0.700474 128 128 128
0.154182 2.53622 0.697682 128 128 128
0.184663 2.52545 0.695399 128 128 128
0.214904 2.51432 0.693115 128 128 128
0.24518 2.50572 0.691592 128 128 128
0.275172 2.49579 0.689816 128 128 128
0.30402 2.47782 0.68601 128 128 128
0.334146 2.47199 0.685502 128 128 128
0.363892 2.46387 0.684487 128 128 128
0.391965 2.44585 0.680934 128 128 128
0.4208 2.43418 0.679158 128 128 128
0.450815 2.42979 0.679412 128 128 128
0.476847 2.40509 0.674337 128 128 128
0.504134 2.38865 0.671545 128 128 128
0.531722 2.37473 0.669515 128 128 128
0.558822 2.35956 0.667231 128 128 128
0.581419 2.32718 0.66038 128 128 128
0.611652 2.32642 0.662156 128 128 128
0.636815 2.30661 0.658858 128 128 128
0.664268 2.29584 0.658096 128 128 128
0.689874 2.27918 0.655812 128 128 128
0.715463 2.26316 0.653782 128 128 128
0.741972 2.25054 0.652767 128 128 128
0.767966 2.23669 0.651498 128 128 128
0.793407 2.22163 0.649976 128 128 128
0.820274 2.21082 0.649722 128 128 128
0.842484 2.18795 0.64617 128 128 128
0.867121 2.17205 0.644647 128 128 128
0.892972 2.15946 0.64414 128 128 128
0.914844 2.13766 0.641094 128 128 128
0.937098 2.11743 0.638557 128 128 128
0.961806 2.10313 0.637796 128 128 128
0.986717 2.08942 0.637288 128 128 128
1.0089 2.0702 0.635258 128 128 128
1.03032 2.04988 0.632974 128 128 128
1.05718 2.04052 0.633989 128 128 128
1.06621 1.99751 0.625108 128 128 128
1.08599 1.9758 0.62257 128 128 128
1.10873 1.9598 0.621809 128 128 128
1.13707 1.95357 0.624093 128 128 128
1.14408 1.91124 0.615465 128 128 128
1.17758 1.91354 0.62054 128 128 128
1.20666 1.90794 0.623331 128 128 128
1.22629 1.88731 0.621555 128 128 128
1.24882 1.87132 0.621301 128 128 128
1.26186 1.84148 0.616734 128 128 128
1.27936 1.81873 0.61445 128 128 128
1.29932 1.79976 0.613435 128 128 128
1.29945 1.75413 0.603792 128 128 128
1.2928 1.70107 0.591612 128 128 128
1.31893 1.69195 0.593895 128 128 128
1.35046 1.68924 0.598463 128 128 128
1.36067 1.65982 0.594149 128 128 128
1.37845 1.64003 0.593134 128 128 128
1.06092 1.23075 0.457374 128 128 128
1.07594 1.21763 0.457374 128 128 128
1.09405 1.20793 0.458643 128 128 128
1.10879 1.19441 0.458643 128 128 128
1.12203 1.17931 0.458135 128 128 128
1.13237 1.16129 0.456612 128 128 128
1.13902 1.13978 0.453821 128 128 128
1.15085 1.12369 0.45306 128 128 128
1.16525 1.11015 0.453314 128 128 128
1.17666 1.09379 0.452552 128 128 128
1.18785 1.07731 0.451791 128 128 128
1.18867 1.05175 0.447477 128 128 128
1.21393 1.04784 0.451791 128 128 128
1.22596 1.03224 0.451537 128 128 128
1.21911 1.00114 0.44494 128 128 128
1.22602 0.981866 0.443163 128 128 128
1.23265 0.962575 0.441387 128 128 128
1.24437 0.947376 0.441387 128 128 128
1.2559 0.932035 0.441387 128 128 128
1.26176 0.91258 0.439611 128 128 128
1.26022 0.888101 0.435551 128 128 128
1.28935 0.885177 0.441387 128 128 128
1.26235 0.843986 0.42946 128 128 128
1.26613 0.824204 0.42743 128 128 128
1.67219 1.06005 0.550503 128 128 128
1.75338 1.08165 0.571565 128 128 128
1.77066 1.06254 0.572834 128 128 128
1.78357 1.04073 0.572834 128 128 128
1.79284 1.01686 0.571819 128 128 128
1.80434 0.994312 0.571565 128 128 128
1.81555 0.971638 0.571311 128 128 128
1.8282 0.949731 0.571565 128 128 128
1.83971 0.927225 0.571565 128 128 128
1.85269 0.90543 0.572072 128 128 128
1.83307 0.868116 0.563191 128 128 128
1.73021 0.793461 0.530456 128 128 128
1.81229 0.804396 0.551264 128 128 128
1.83357 0.787064 0.554563 128 128 128
1.84399 0.764875 0.554817 128 128 128
1.85682 0.74363 0.555832 128 128 128
1.88385 0.727772 0.560907 128 128 128
1.89627 0.705951 0.561922 128 128 128
1.90752 0.683609 0.562683 128 128 128
1.91028 0.658255 0.561161 128 128 128
1.93749 0.641158 0.56649 128 128 128
1.9194 0.609124 0.559384 128 128 128
1.92118 0.583832 0.557862 128 128 128
1.92356 0.55886 0.556593 128 128 128
1.9312 0.535472 0.556847 128 128 128
1.9423 0.512971 0.558116 128 128 128
1.92125 0.48225 0.550757 128 128 128
1.93831 0.461332 0.553802 128 128 128
1.93817 0.436233 0.552279 128 128 128
1.94338 0.412416 0.552279 128 128 128
1.93975 0.386828 0.549995 128 128 128
1.92724 0.359788 0.545428 128 128 128
1.9458 0.338608 0.549234 128 128 128
1.94408 0.313776 0.547711 128 128 128
1.93727 0.288322 0.54492 128 128 128
1.94162 0.264658 0.545174 128 128 128
1.94856 0.24129 0.546189 128 128 128
1.95426 0.217683 0.54695 128 128 128
1.95389 0.193397 0.546189 128 128 128
1.96383 0.170078 0.548219 128 128 128
1.9677 0.146111 0.548727 128 128 128
1.95196 0.120865 0.544159 128 128 128
1.97552 0.09802 0.549995 128 128 128
1.96207 0.0732188 0.546189 128 128 128
1.96089 0.0490859 0.545681 128 128 128
1.96038 0.025006 0.545428 128 128 128
1.96537 0.000952977 0.546696 128 128 128
1.97298 -0.0232511 0.548727 128 128 128
1.96287 -0.0472348 0.546189 128 128 128
1.95828 -0.0711809 0.545174 128 128 128
1.95822 -0.0952529 0.545428 128 128 128
1.94629 -0.118636 0.542636 128 128 128
1.93504 -0.141811 0.540099 128 128 128
1.92448 -0.16481 0.537815 128 128 128
1.92423 -0.188601 0.538322 128 128 128
0.928231 -1.95979 0.599986 128 128 128
0.906938 -1.97719 0.601762 128 128 128
0.88693 -1.99789 0.604553 128 128 128
0.869607 -2.02551 0.609375 128 128 128
0.84914 -2.04674 0.61242 128 128 128
0.829002 -2.06958 0.615972 128 128 128
0.80075 -2.07238 0.613942 128 128 128
0.77492 -2.08114 0.613689 128 128 128
0.751284 -2.09596 0.615211 128 128 128
0.731822 -2.1233 0.620286 128 128 128
0.70906 -2.14222 0.623078 128 128 128
0.683891 -2.15445 0.624093 128 128 128
0.656274 -2.15898 0.623078 128 128 128
0.631624 -2.17337 0.624854 128 128 128
0.607756 -2.19121 0.627645 128 128 128
0.583792 -2.20972 0.63069 128 128 128
0.55852 -2.22423 0.63272 128 128 128
0.531857 -2.23373 0.633482 128 128 128
0.504832 -2.24198 0.633989 128 128 128
0.478692 -2.25463 0.635766 128 128 128
0.450988 -2.26033 0.635766 128 128 128
0.425176 -2.27616 0.638557 128 128 128
0.399376 -2.29359 0.641856 128 128 128
0.3712 -2.29832 0.641856 128 128 128
0.343255 -2.30461 0.642363 128 128 128
0.315079 -2.30961 0.642617 128 128 128
0.288028 -2.32386 0.645408 128 128 128
0.260135 -2.33299 0.646931 128 128 128
0.231774 -2.33889 0.647692 128 128 128
0.203475 -2.34638 0.648961 128 128 128
0.174811 -2.35063 0.649468 128 128 128
0.146557 -2.36225 0.652006 128 128 128
0.1178 -2.3687 0.653275 128 128 128
0.0894584 -2.3893 0.65835 128 128 128
0.0605294 -2.40569 0.66241 128 128 128
0.0310293 -2.40818 0.662918 128 128 128
0.00149654 -2.42676 0.667739 128 128 128
-0.0284232 -2.43917 0.671038 128 128 128
-0.0585116 -2.44541 0.672814 128 128 128
-0.0886195 -2.4474 0.673575 128 128 128
-0.119109 -2.45579 0.676113 128 128 128
-0.150109 -2.46863 0.679919 128 128 128
-0.180952 -2.47432 0.681949 128 128 128
-0.212285 -2.48348 0.684995 128 128 128
-0.243775 -2.49128 0.687786 128 128 128
-0.273696 -2.48233 0.686263 128 128 128
-0.251599 -2.04864 0.57258 128 128 128
-0.278656 -2.05978 0.576386 128 128 128
-0.297716 -2.0141 0.565221 128 128 128
-0.331257 -2.06569 0.579939 128 128 128
-0.433118 -2.50568 0.69819 128 128 128
-0.465417 -2.50873 0.700474 128 128 128
-0.496168 -2.50283 0.700474 128 128 128
-0.527442 -2.49939 0.701235 128 128 128
-0.560393 -2.50312 0.704026 128 128 128
-0.592402 -2.5017 0.705549 128 128 128
-0.625397 -2.50363 0.708087 128 128 128
-0.658772 -2.50606 0.710878 128 128 128
-0.693586 -2.5127 0.714938 128 128 128
-0.72732 -2.51423 0.717729 128 128 128
-0.754762 -2.494 0.714684 128 128 128
-0.790549 -2.50115 0.719252 128 128 128
-0.821788 -2.4931 0.719759 128 128 128
-0.858905 -2.50205 0.725088 128 128 128
-0.884997 -2.47856 0.721536 128 128 128
-0.929456 -2.50561 0.732194 128 128 128
-0.961522 -2.49763 0.733209 128 128 128
-0.993532 -2.48923 0.734224 128 128 128
-1.03176 -2.49563 0.739553 128 128 128
-1.06344 -2.48545 0.740314 128 128 128
-1.10325 -2.49345 0.746404 128 128 128
-1.13256 -2.47708 0.745643 128 128 128
-1.16493 -2.46737 0.746912 128 128 128
-1.20147 -2.46594 0.750718 128 128 128
-1.23554 -2.45879 0.753002 128 128 128
-1.26474 -2.44172 0.752494 128 128 128
-1.30143 -2.43882 0.756301 128 128 128
-1.34057 -2.43963 0.761376 128 128 128
-1.36898 -2.42046 0.760614 128 128 128
-1.40635 -2.41686 0.764675 128 128 128
-1.43392 -2.3961 0.76366 128 128 128
-1.46524 -2.38162 0.764675 128 128 128
-1.49952 -2.37164 0.767212 128 128 128
-1.53536 -2.36361 0.770511 128 128 128
-1.56532 -2.3462 0.771019 128 128 128
-1.59126 -2.32282 0.76975 128 128 128
-1.63021 -2.31816 0.774571 128 128 128
-1.66815 -2.31132 0.778885 128 128 128
-1.7056 -2.30311 0.782945 128 128 128
-1.73841 -2.28817 0.784975 128 128 128
-1.76992 -2.27125 0.786498 128 128 128
-1.81516 -2.27128 0.793857 128 128 128
-1.84658 -2.25332 0.795379 128 128 128
-1.87347 -2.22975 0.795126 128 128 128
-1.90258 -2.20879 0.795887 128 128 128
-1.94426 -2.20196 0.801723 128 128 128
-1.96724 -2.17363 0.800201 128 128 128
-2.0056 -2.1621 0.804768 128 128 128
-2.04664 -2.15275 0.810351 128 128 128
-2.0756 -2.13025 0.811366 128 128 128
-2.10159 -2.10462 0.811366 128 128 128
-2.14178 -2.09287 0.816695 128 128 128
-2.1708 -2.06977 0.817964 128 128 128
-2.20028 -2.04693 0.819486 128 128 128
-2.21951 -2.01457 0.817456 128 128 128
-2.25492 -1.99681 0.821263 128 128 128
-2.29096 -1.97911 0.825323 128 128 128
-2.31433 -1.95022 0.825069 128 128 128
-2.3493 -1.93089 0.828875 128 128 128
-2.37055 -1.9001 0.828114 128 128 128
-2.39598 -1.87265 0.828875 128 128 128
-2.42801 -1.85015 0.83192 128 128 128
-2.45286 -1.82195 0.832682 128 128 128
-2.48129 -1.79625 0.834712 128 128 128
-2.50631 -1.7679 0.835727 128 128 128
-2.53977 -1.74523 0.839533 128 128 128
-2.56582 -1.71716 0.841056 128 128 128
-0.913706 -0.594337 0.317046 128 128 128
-0.871935 -0.551973 0.30182 128 128 128
-0.888517 -0.547332 0.304865 128 128 128
-0.891851 -0.534394 0.30385 128 128 128
-0.906693 -0.52829 0.306388 128 128 128
-0.909743 -0.515213 0.305373 128 128 128
-0.934628 -0.514293 0.310955 128 128 128
-0.959624 -0.512838 0.316538 128 128 128
-2.81582 -1.46362 0.86364 128 128 128
-2.82925 -1.42678 0.862371 128 128 128
-2.85697 -1.39706 0.865416 128 128 128
-2.88439 -1.36687 0.868462 128 128 128
-2.90886 -1.335 0.870745 128 128 128
-2.93474 -1.30353 0.873537 128 128 128
-2.95141 -1.2678 0.873791 128 128 128
-2.96942 -1.2326 0.874552 128 128 128
-2.9924 -1.19931 0.876836 128 128 128
-3.01772 -1.16669 0.879881 128 128 128
-3.1977 -0.929983 0.904749 128 128 128
-3.14364 -0.872536 0.886986 128 128 128
-3.15785 -0.834884 0.888001 128 128 128
-3.15191 -0.792055 0.883687 128 128 128
-3.17362 -0.756236 0.886986 128 128 128
-3.19021 -0.718938 0.889016 128 128 128
-3.19785 -0.679534 0.888762 128 128 128
-3.19741 -0.638532 0.886478 128 128 128
-3.21451 -0.601028 0.889016 128 128 128
-3.22355 -0.561869 0.889524 128 128 128
-3.24071 -0.523972 0.892315 128 128 128
-3.24689 -0.484164 0.892315 128 128 128
-3.24205 -0.442838 0.889524 128 128 128
-3.24436 -0.402661 0.888762 128 128 128
-3.32952 0.00192966 0.815269 128 128 128
-3.35941 0.0432121 0.822369 128 128 128
-3.34501 0.0840752 0.819162 128 128 128
-3.33692 0.124854 0.817559 128 128 128
-3.31569 0.164804 0.812979 128 128 128
-3.32933 0.371194 0.820079 128 128 128
-3.30038 0.409 0.814353 128 128 128
-3.29704 0.449735 0.814811 128 128 128
-3.29512 0.490739 0.815727 128 128 128
-3.29365 0.53192 0.816872 128 128 128
-3.27825 0.570785 0.814811 128 128 128
-3.27961 0.61259 0.816872 128 128 128
-3.27184 0.65279 0.816872 128 128 128
-3.26073 0.692282 0.816185 128 128 128
-3.24345 0.730309 0.814124 128 128 128
-3.22477 0.76779 0.811833 128 128 128
-3.1934 0.801826 0.806566 128 128 128
-3.18401 0.88309 0.809314 128 128 128
-3.04298 1.26246 0.807024 128 128 128
-3.01385 1.29394 0.803588 128 128 128
-3.00041 1.33201 0.804275 128 128 128
-2.9803 1.3671 0.803359 128 128 128
-2.95803 1.40107 0.801985 128 128 128
-2.94061 1.43726 0.801985 128 128 128
-2.92015 1.47192 0.801298 128 128 128
-2.901 1.50719 0.801069 128 128 128
-2.87971 1.5413 0.800382 128 128 128
-2.8478 1.56946 0.796946 128 128 128
-2.82833 1.60429 0.796946 128 128 128
-2.81347 1.64182 0.798321 128 128 128
-2.77726 1.66669 0.793969 128 128 128
-2.76074 1.70321 0.795114 128 128 128
-2.73224 1.73226 0.793053 128 128 128
-2.70181 1.7598 0.790534 128 128 128
-2.6695 1.78577 0.787556 128 128 128
-2.64979 1.82005 0.788243 128 128 128
-2.63044 1.85468 0.789159 128 128 128
-2.59251 1.87596 0.784808 128 128 128
-2.56227 1.9024 0.782747 128 128 128
-2.53873 1.9337 0.782747 128 128 128
-2.49642 1.9503 0.77725 128 128 128
-2.46395 1.97409 0.77473 128 128 128
-2.44555 2.00912 0.776563 128 128 128
-2.41401 2.03333 0.774501 128 128 128
-2.37931 2.05452 0.771524 128 128 128
-2.34737 2.07775 0.769463 128 128 128
-2.3181 2.10312 0.768318 128 128 128
-2.28855 2.12809 0.767173 128 128 128
-2.23763 2.13248 0.759156 128 128 128
-2.21547 2.16386 0.760531 128 128 128
-2.18325 2.18537 0.758698 128 128 128
-2.1522 2.20781 0.757324 128 128 128
-2.11891 2.2277 0.755263 128 128 128
-2.09142 2.25353 0.755263 128 128 128
-2.0636 2.27903 0.755263 128 128 128
-2.03162 2.2998 0.753889 128 128 128
-1.98992 2.30905 0.749079 128 128 128
-1.96143 2.3333 0.749079 128 128 128
-1.9345 2.35945 0.749766 128 128 128
-1.90176 2.37845 0.748392 128 128 128
-1.86586 2.39316 0.745873 128 128 128
-1.83106 2.40889 0.743811 128 128 128
-1.8002 2.42961 0.743353 128 128 128
-1.75432 2.4294 0.73694 128 128 128
-1.7255 2.45234 0.737399 128 128 128
-1.69143 2.46771 0.735795 128 128 128
-1.6594 2.48585 0.735108 128 128 128
-1.62189 2.4954 0.732131 128 128 128
-1.5927 2.51759 0.732818 128 128 128
-1.54794 2.51454 0.726634 128 128 128
-1.51647 2.53251 0.726405 128 128 128
-1.48674 2.55346 0.727092 128 128 128
-1.44764 2.55795 0.723428 128 128 128
-1.40585 2.55674 0.718389 128 128 128
-1.37529 2.57552 0.718847 128 128 128
-1.3333 2.57231 0.713579 128 128 128
-1.29509 2.57542 0.710144 128 128 128
-1.26382 2.592 0.710373 128 128 128
-1.22486 2.59234 0.706479 128 128 128
-1.18933 2.5992 0.704418 128 128 128
-1.1542 2.60648 0.702586 128 128 128
-1.11678 2.60791 0.69938 128 128 128
-1.08358 2.61872 0.698692 128 128 128
-1.04884 2.62549 0.697089 128 128 128
-1.01445 2.63271 0.695715 128 128 128
-0.981056 2.64222 0.695028 128 128 128
-0.945622 2.6458 0.692967 128 128 128
-0.910562 2.64984 0.691134 128 128 128
-0.876154 2.65527 0.68976 128 128 128
-0.842335 2.6621 0.688844 128 128 128
-0.806794 2.66292 0.686554 128 128 128
-0.770552 2.66046 0.683576 128 128 128
-0.738362 2.67159 0.684034 128 128 128
-0.704044 2.6748 0.68266 128 128 128
-0.668818 2.67379 0.68037 128 128 128
-0.632831 2.66853 0.677164 128 128 128
-0.598344 2.6685 0.675331 128 128 128
-0.563154 2.66421 0.672583 128 128 128
-0.529288 2.66519 0.671209 128 128 128
-0.49266 2.65042 0.66617 128 128 128
-0.458287 2.64571 0.663651 128 128 128
-0.426856 2.65787 0.665254 128 128 128
-0.390256 2.63594 0.658841 128 128 128
-0.355941 2.62606 0.655406 128 128 128
-0.324745 2.63892 0.657467 128 128 128
-0.289487 2.61658 0.651283 128 128 128
-0.256981 2.61606 0.650367 128 128 128
-0.224122 2.61029 0.648306 128 128 128
-0.191095 2.59925 0.645099 128 128 128
-0.158488 2.58974 0.642351 128 128 128
-0.126696 2.59149 0.642351 128 128 128
-0.0947146 2.58799 0.641206 128 128 128
-0.0627274 2.57922 0.638915 128 128 128
-0.0310104 2.57396 0.637541 128 128 128
0.00056091 2.56441 0.635251 128 128 128
0.0320027 2.56226 0.634793 128 128 128
0.0635458 2.56557 0.635709 128 128 128
0.0949118 2.56168 0.635022 128 128 128
0.125796 2.54963 0.632503 128 128 128
0.157013 2.54692 0.632274 128 128 128
0.187962 2.54092 0.631357 128 128 128
0.218106 2.52678 0.628609 128 128 128
0.247348 2.50648 0.624487 128 128 128
0.278088 2.50326 0.624487 128 128 128
0.307577 2.49 0.622196 128 128 128
0.335456 2.46675 0.617616 128 128 128
0.364979 2.45764 0.61647 128 128 128
0.394485 2.44913 0.615554 128 128 128
0.422156 2.43068 0.612348 128 128 128
0.450513 2.41766 0.610516 128 128 128
0.478231 2.40241 0.608225 128 128 128
0.505237 2.38494 0.605477 128 128 128
0.533606 2.37476 0.604561 128 128 128
0.560668 2.35951 0.6025 128 128 128
0.586246 2.33924 0.599293 128 128 128
0.613159 2.32529 0.59769 128 128 128
0.640341 2.3129 0.596545 128 128 128
0.667039 2.29926 0.595171 128 128 128
0.690941 2.27693 0.591735 128 128 128
0.71617 2.25994 0.589674 128 128 128
0.7417 2.24451 0.588071 128 128 128
0.768233 2.23248 0.587384 128 128 128
0.792934 2.21556 0.585551 128 128 128
0.821767 2.21022 0.586697 128 128 128
0.843548 2.18636 0.583261 128 128 128
0.869589 2.17403 0.582803 128 128 128
0.892835 2.15511 0.580742 128 128 128
0.915748 2.13595 0.57868 128 128 128
0.94189 2.12455 0.57868 128 128 128
0.966263 2.10929 0.577764 128 128 128
0.988733 2.09024 0.575932 128 128 128
1.01345 2.0762 0.575474 128 128 128
1.03666 2.05927 0.574329 128 128 128
1.05555 2.03431 0.571122 128 128 128
1.07675 2.01434 0.56929 128 128 128
1.09339 1.98649 0.565397 128 128 128
1.12346 1.98308 0.568145 128 128 128
1.13787 1.95234 0.563564 128 128 128
1.16426 1.9424 0.56471 128 128 128
1.18186 1.91803 0.561961 128 128 128
1.20113 1.89681 0.560129 128 128 128
1.21846 1.87296 0.55761 128 128 128
1.23756 1.85221 0.556006 128 128 128
1.25302 1.82646 0.553029 128 128 128
1.27477 1.81015 0.5528 128 128 128
1.29918 1.79753 0.553716 128 128 128
1.32056 1.78067 0.553487 128 128 128
1.33699 1.75736 0.551426 128 128 128
1.35485 1.73623 0.550052 128 128 128
1.37118 1.7134 0.548219 128 128 128
1.36426 1.66263 0.537913 128 128 128
1.37199 1.63089 0.533332 128 128 128
1.07207 1.24449 0.418359 128 128 128
1.08597 1.22978 0.417901 128 128 128
1.11146 1.22789 0.421565 128 128 128
1.45169 1.56303 0.53379 128 128 128
1.46606 1.54017 0.532187 128 128 128
1.49098 1.52832 0.534249 128 128 128
1.50066 1.50098 0.531271 128 128 128
1.51547 1.47906 0.530126 128 128 128
1.52927 1.45633 0.528752 128 128 128
1.54274 1.43349 0.527378 128 128 128
1.56238 1.41641 0.528065 128 128 128
1.57965 1.39713 0.528065 128 128 128
1.59815 1.3789 0.528523 128 128 128
1.61197 1.35669 0.527607 128 128 128
1.62774 1.33619 0.527378 128 128 128
1.63793 1.31126 0.525545 128 128 128
1.64698 1.28568 0.523484 128 128 128
1.64557 1.25244 0.518445 128 128 128
1.66081 1.23215 0.518445 128 128 128
1.67265 1.2094 0.517529 128 128 128
1.69533 1.19437 0.51982 128 128 128
1.70986 1.17348 0.51982 128 128 128
1.24441 0.833111 0.384234 128 128 128
1.23821 0.80719 0.379653 128 128 128
1.75189 1.10975 0.51982 128 128 128
1.66665 1.02758 0.492565 128 128 128
1.77526 1.06443 0.518903 128 128 128
1.77219 1.03328 0.514552 128 128 128
1.78389 1.01097 0.514323 128 128 128
1.7936 0.987602 0.513636 128 128 128
1.80472 0.96506 0.513407 128 128 128
1.8147 0.941947 0.512949 128 128 128
1.82612 0.919607 0.512949 128 128 128
1.82239 0.889897 0.509055 128 128 128
1.83053 0.866222 0.508368 128 128 128
1.83748 0.842079 0.507452 128 128 128
1.84678 0.819074 0.507223 128 128 128
1.85759 0.796731 0.507452 128 128 128
1.84293 0.763861 0.501268 128 128 128
1.8594 0.744067 0.5031 128 128 128
1.8693 0.721542 0.503329 128 128 128
1.88166 0.699898 0.504246 128 128 128
1.89103 0.677081 0.504475 128 128 128
1.89459 0.652249 0.503329 128 128 128
1.8969 0.627128 0.501955 128 128 128
1.90167 0.602926 0.501268 128 128 128
1.90147 0.577297 0.499436 128 128 128
1.90841 0.55392 0.499436 128 128 128
1.90943 0.528911 0.498062 128 128 128
1.90919 0.503715 0.496458 128 128 128
1.91428 0.480014 0.496229 128 128 128
1.92476 0.457602 0.497375 128 128 128
1.92358 0.432467 0.495771 128 128 128
1.9297 0.409029 0.496 128 128 128
1.92884 0.384189 0.494626 128 128 128
1.95639 0.364725 0.500123 128 128 128
1.93097 0.335584 0.493023 128 128 128
1.94456 0.313392 0.495313 128 128 128
1.95404 0.290352 0.496687 128 128 128
1.93623 0.263507 0.491649 128 128 128
1.95284 0.241371 0.494855 128 128 128
1.94598 0.216333 0.492565 128 128 128
1.94268 0.191874 0.491191 128 128 128
1.94198 0.167775 0.490504 128 128 128
1.93903 0.143582 0.489359 128 128 128
1.94065 0.119776 0.489359 128 128 128
1.94684 0.0961822 0.490504 128 128 128
1.93328 0.071773 0.487068 128 128 128
1.93109 0.0479768 0.486381 128 128 128
1.92959 0.0242553 0.485923 128 128 128
1.93363 0.000567524 0.486839 128 128 128
1.93155 -0.0231338 0.486381 128 128 128
1.9282 -0.0467583 0.485694 128 128 128
1.93235 -0.0706046 0.486839 128 128 128
1.94106 -0.0948071 0.489129 128 128 128
1.9378 -0.118497 0.488671 128 128 128
1.93426 -0.142121 0.488213 128 128 128
1.92171 -0.164909 0.485694 128 128 128
1.92244 -0.18877 0.486381 128 128 128
1.92578 -0.213002 0.487755 128 128 128
1.92109 -0.236376 0.487297 128 128 128
1.91323 -0.259269 0.486152 128 128 128
1.91086 -0.282873 0.486381 128 128 128
1.91205 -0.307082 0.487526 128 128 128
1.90814 -0.330523 0.487526 128 128 128
1.90107 -0.353374 0.486839 128 128 128
1.94431 -0.386257 0.498291 128 128 128
1.90611 -0.402972 0.490275 128 128 128
1.89722 -0.425473 0.489359 128 128 128
1.88523 -0.447136 0.487755 128 128 128
1.86544 -0.466664 0.48432 128 128 128
1.87086 -0.492518 0.487068 128 128 128
1.85999 -0.514133 0.485923 128 128 128
1.86662 -0.540738 0.489129 128 128 128
1.86171 -0.564172 0.489588 128 128 128
1.85465 -0.586976 0.489588 128 128 128
1.851 -0.610919 0.490504 128 128 128
1.83968 -0.632314 0.489588 128 128 128
1.81988 -0.650558 0.48661 128 128 128
1.81358 -0.673523 0.487068 128 128 128
1.81335 -0.698896 0.489129 128 128 128
1.81005 -0.723274 0.490504 128 128 128
1.78397 -0.738323 0.486152 128 128 128
1.71398 -0.733972 0.470578 128 128 128
1.73863 -0.77 0.479281 128 128 128
1.79184 -0.820171 0.495542 128 128 128
1.78076 -0.84168 0.495313 128 128 128
1.76855 -0.862612 0.494855 128 128 128
1.75783 -0.88425 0.494855 128 128 128
1.74857 -0.906654 0.495313 128 128 128
1.73474 -0.926662 0.494626 128 128 128
1.70132 -0.96318 0.491878 128 128 128
1.21566 -1.68134 0.520049 128 128 128
0.947325 -1.94059 0.539974 128 128 128
0.924268 -1.95383 0.540432 128 128 128
0.901838 -1.96857 0.541348 128 128 128
0.881934 -1.98928 0.543868 128 128 128
0.863185 -2.01338 0.547303 128 128 128
0.842121 -2.03282 0.549594 128 128 128
0.82107 -2.05296 0.552113 128 128 128
0.796862 -2.0656 0.5528 128 128 128
0.771116 -2.07431 0.552571 128 128 128
0.749845 -2.09554 0.555548 128 128 128
0.727223 -2.1138 0.557839 128 128 128
0.701836 -2.12441 0.558297 128 128 128
0.679806 -2.14586 0.561503 128 128 128
0.657635 -2.16802 0.564939 128 128 128
0.63152 -2.1778 0.565397 128 128 128
0.604231 -2.18351 0.564939 128 128 128
0.579855 -2.20018 0.567229 128 128 128
0.555864 -2.21941 0.570206 128 128 128
0.529033 -2.22796 0.570664 128 128 128
0.502923 -2.23998 0.572039 128 128 128
0.475796 -2.24789 0.572497 128 128 128
0.449869 -2.26216 0.574558 128 128 128
0.422605 -2.27038 0.575245 128 128 128
0.397182 -2.28978 0.57868 128 128 128
0.370888 -2.30602 0.581429 128 128 128
0.343409 -2.31618 0.582803 128 128 128
0.315347 -2.32311 0.58349 128 128 128
0.286581 -2.32487 0.583032 128 128 128
0.258346 -2.33112 0.583719 128 128 128
0.230189 -2.33896 0.584864 128 128 128
0.202368 -2.35228 0.587384 128 128 128
0.174046 -2.36235 0.589216 128 128 128
0.145449 -2.37111 0.590819 128 128 128
0.116479 -2.37563 0.591506 128 128 128
0.0879309 -2.39439 0.595629 128 128 128
0.0585193 -2.39432 0.5954 128 128 128
0.0291533 -2.3968 0.595858 128 128 128
-0.000280542 -2.40769 0.598377 128 128 128
-0.0299634 -2.41724 0.600667 128 128 128
-0.0602652 -2.44102 0.606393 128 128 128
-0.0900278 -2.43523 0.605248 128 128 128
-0.121093 -2.45727 0.610745 128 128 128
-0.151423 -2.45852 0.611432 128 128 128
-0.182095 -2.46327 0.613035 128 128 128
-0.213843 -2.4783 0.617158 128 128 128
-0.245017 -2.48324 0.61899 128 128 128
-0.275472 -2.48004 0.61899 128 128 128
-0.303225 -2.45523 0.613951 128 128 128
-0.276259 -2.03666 0.515468 128 128 128
-0.302243 -2.03986 0.517071 128 128 128
-0.334288 -2.07923 0.527378 128 128 128
-0.371884 -2.144 0.543868 128 128 128
-0.469041 -2.5162 0.634106 128 128 128
-0.501033 -2.51598 0.63548 128 128 128
-0.53248 -2.5125 0.636167 128 128 128
-0.565207 -2.51432 0.638228 128 128 128
-0.599418 -2.52139 0.641664 128 128 128
-0.630315 -2.51385 0.641664 128 128 128
-0.662615 -2.51157 0.643038 128 128 128
-0.694431 -2.507 0.643954 128 128 128
-0.727325 -2.50576 0.645786 128 128 128
-0.759726 -2.50224 0.647161 128 128 128
-0.794809 -2.50664 0.650596 128 128 128
-0.828273 -2.50501 0.652657 128 128 128
-0.863089 -2.50661 0.655635 128 128 128
-0.900375 -2.51415 0.660215 128 128 128
-0.934909 -2.51294 0.662735 128 128 128
-0.967436 -2.50582 0.66388 128 128 128
-1.00356 -2.50731 0.667315 128 128 128
-1.04024 -2.50918 0.67098 128 128 128
-1.07134 -2.49712 0.671209 128 128 128
-1.10863 -2.4989 0.675102 128 128 128
-1.14084 -2.48865 0.676018 128 128 128
-1.17422 -2.48061 0.677622 128 128 128
-1.21014 -2.47738 0.680599 128 128 128
-1.24616 -2.47364 0.683576 128 128 128
-1.27912 -2.46334 0.684951 128 128 128
-1.3088 -2.4466 0.684722 128 128 128
-1.3472 -2.44569 0.688844 128 128 128
-1.38144 -2.43659 0.690905 128 128 128
-1.41222 -2.42113 0.691363 128 128 128
-1.44333 -2.40612 0.692051 128 128 128
-1.47941 -2.39899 0.695028 128 128 128
-1.51187 -2.38558 0.696402 128 128 128
-1.54475 -2.37255 0.698005 128 128 128
-1.57538 -2.35584 0.698692 128 128 128
-1.6108 -2.34595 0.701441 128 128 128
-1.64396 -2.33237 0.703273 128 128 128
-1.67646 -2.31753 0.704876 128 128 128
-1.71175 -2.30616 0.707625 128 128 128
-1.75232 -2.30122 0.712434 128 128 128
-1.77743 -2.27572 0.711289 128 128 128
-1.8162 -2.26739 0.715412 128 128 128
-1.85564 -2.25921 0.719763 128 128 128
-1.88134 -2.23404 0.719076 128 128 128
-1.92582 -2.23065 0.72526 128 128 128
-1.95305 -2.20685 0.72526 128 128 128
-2.00094 -2.20576 0.732589 128 128 128
-2.01126 -2.16324 0.726863 128 128 128
-2.05514 -2.1567 0.732818 128 128 128
-2.08895 -2.13896 0.735337 128 128 128
-2.12193 -2.12004 0.737628 128 128 128
-2.15477 -2.10063 0.739918 128 128 128
-2.18674 -2.08005 0.741979 128 128 128
-2.21496 -2.05571 0.742895 128 128 128
-2.24797 -2.03555 0.745415 128 128 128
-2.27789 -2.01231 0.747018 128 128 128
-2.30905 -1.98992 0.749079 128 128 128
-2.34001 -1.96706 0.75114 128 128 128
-2.35945 -1.9345 0.749766 128 128 128
-2.38682 -1.90844 0.750911 128 128 128
-2.4116 -1.8802 0.751369 128 128 128
-2.4407 -1.85517 0.753202 128 128 128
-2.4758 -1.83433 0.756866 128 128 128
-2.49813 -1.80381 0.756866 128 128 128
-2.51928 -1.77246 0.756637 128 128 128
-2.54807 -1.74636 0.758698 128 128 128
-2.59119 -1.72952 0.764882 128 128 128
-2.61222 -1.69759 0.764882 128 128 128
-0.922803 -0.586809 0.289186 128 128 128
-0.932424 -0.576968 0.289873 128 128 128
-0.92021 -0.554007 0.284605 128 128 128
-0.921888 -0.539741 0.283231 128 128 128
-0.958963 -0.545606 0.291476 128 128 128
-0.956197 -0.52865 0.288957 128 128 128
-0.972064 -0.521907 0.291476 128 128 128
-1.01299 -0.527809 0.300637 128 128 128
-2.86348 -1.43944 0.785953 128 128 128
-2.8748 -1.40122 0.78435 128 128 128
-2.91203 -1.37537 0.789618 128 128 128
-2.93755 -1.34357 0.791908 128 128 128
-2.95471 -1.30781 0.792137 128 128 128
-2.97232 -1.27222 0.792595 128 128 128
-3.00751 -1.24381 0.797634 128 128 128
-3.02074 -1.20609 0.797176 128 128 128
-3.03895 -1.17032 0.798092 128 128 128
-3.05125 -1.13227 0.797634 128 128 128
-3.06492 -1.09474 0.797634 128 128 128
-3.0901 -1.06114 0.800611 128 128 128
-3.11306 -1.02648 0.80313 128 128 128
-3.12356 -0.987617 0.802672 128 128 128
-3.12613 -0.946402 0.800382 128 128 128
-3.14592 -0.910394 0.802443 128 128 128
-3.16437 -0.873783 0.804275 128 128 128
-3.18333 -0.837103 0.806337 128 128 128
-3.17825 -0.794219 0.802672 128 128 128
-3.21958 -0.721059 0.808169 128 128 128
-3.21962 -0.679697 0.806108 128 128 128
-3.23249 -0.641077 0.807253 128 128 128
-3.2449 -0.602243 0.808398 128 128 128
-3.253 -0.562543 0.808627 128 128 128
-3.25966 -0.522581 0.808627 128 128 128
-3.26583 -0.482541 0.808627 128 128 128
-3.28308 -0.443979 0.811375 128 128 128
-3.28829 -0.403657 0.811375 128 128 128
-3.29396 -0.36338 0.811604 128 128 128
-3.2972 -0.322837 0.811375 128 128 128
-3.298 -0.282105 0.810688 128 128 128
-3.3051 -0.241892 0.811604 128 128 128
-3.30491 -0.201141 0.810917 128 128 128
-3.31685 -0.16103 0.813208 128 128 128
-3.31955 -0.120349 0.813437 128 128 128
-3.31883 -0.0795598 0.812979 128 128 128
-3.30982 -0.0387247 0.810688 128 128 128
-3.36293 0.122426 0.739203 128 128 128
-3.35335 0.163307 0.737559 128 128 128
-3.37161 0.205689 0.741875 128 128 128
-3.35126 0.245767 0.738176 128 128 128
-3.38602 0.290117 0.746191 128 128 128
-3.36175 0.329649 0.741875 128 128 128
-3.35064 0.370129 0.740436 128 128 128
-3.35556 0.412408 0.742492 128 128 128
-3.33764 0.451854 0.73982 128 128 128
-3.32991 0.492492 0.739409 128 128 128
-3.31299 0.531617 0.737148 128 128 128
-3.31971 0.574563 0.740025 128 128 128
-3.32107 0.616863 0.741875 128 128 128
-3.29501 0.653959 0.73797 128 128 128
-3.28195 0.693335 0.736943 128 128 128
-3.28179 0.73548 0.738792 128 128 128
-3.07601 1.22862 0.728105 128 128 128
-3.0589 1.26553 0.727694 128 128 128
-3.03684 1.30028 0.726255 128 128 128
-3.02781 1.34061 0.7279 128 128 128
-3.00401 1.37441 0.726255 128 128 128
-2.98515 1.41034 0.725844 128 128 128
-2.97026 1.44815 0.726461 128 128 128
-2.94177 1.47922 0.723995 128 128 128
-2.92079 1.51386 0.723378 128 128 128
-2.90113 1.54913 0.723173 128 128 128
-2.88104 1.58414 0.722967 128 128 128
-2.85542 1.616 0.721529 128 128 128
-2.83284 1.64945 0.720912 128 128 128
-2.80398 1.67906 0.718857 128 128 128
-2.78067 1.71181 0.71824 128 128 128
-2.75118 1.74057 0.716185 128 128 128
-2.72222 1.7694 0.714335 128 128 128
-2.69786 1.80105 0.713719 128 128 128
-2.68363 1.83955 0.715774 128 128 128
-2.65285 1.86671 0.713719 128 128 128
-2.6226 1.89397 0.711869 128 128 128
-2.58815 1.91786 0.708992 128 128 128
-2.55663 1.94356 0.706937 128 128 128
-2.5295 1.97238 0.706114 128 128 128
-2.5051 2.00327 0.706114 128 128 128
-2.4667 2.0227 0.702415 128 128 128
-2.44694 2.05722 0.703854 128 128 128
-2.40149 2.06985 0.698305 128 128 128
-2.35243 2.07844 0.691728 128 128 128
-2.35069 2.12882 0.69851 128 128 128
-2.30861 2.14287 0.693989 128 128 128
-2.26724 2.15688 0.689673 128 128 128
-2.24621 2.19 0.691317 128 128 128
-2.21224 2.21049 0.689262 128 128 128
-2.16785 2.21997 0.684124 128 128 128
-2.13909 2.24499 0.683713 128 128 128
-2.10471 2.26391 0.681657 128 128 128
-2.06493 2.27652 0.677958 128 128 128
-2.04138 2.30682 0.679397 128 128 128
-2.00908 2.32725 0.678164 128 128 128
-1.97596 2.34649 0.676725 128 128 128
-1.9408 2.363 0.67467 128 128 128
-1.91594 2.39199 0.676108 128 128 128
-1.8774 2.40375 0.673026 128 128 128
-1.84835 2.42739 0.673231 128 128 128
-1.81142 2.44046 0.670765 128 128 128
-1.77789 2.45775 0.669532 128 128 128
-1.74422 2.47459 0.668299 128 128 128
-1.70651 2.48532 0.665627 128 128 128
-1.66826 2.49469 0.66275 128 128 128
-1.63325 2.50841 0.661105 128 128 128
-1.60654 2.53488 0.66275 128 128 128
-1.5604 2.53025 0.656789 128 128 128
-1.52772 2.54669 0.656173 128 128 128
-1.48204 2.54074 0.650213 128 128 128
-1.45655 2.56895 0.652679 128 128 128
-1.41263 2.56435 0.647335 128 128 128
-1.38383 2.58667 0.648569 128 128 128
-1.34656 2.59303 0.646102 128 128 128
-1.30583 2.59189 0.641992 128 128 128
-1.27091 2.60156 0.640553 128 128 128
-1.23176 2.60193 0.637059 128 128 128
-1.19403 2.6044 0.634182 128 128 128
-1.16118 2.61706 0.633771 128 128 128
-1.1255 2.62302 0.631921 128 128 128
-1.0921 2.63393 0.631305 128 128 128
-1.05642 2.63895 0.629455 128 128 128
-1.01972 2.64077 0.626989 128 128 128
-0.984163 2.64483 0.625139 128 128 128
-0.952293 2.65855 0.62555 128 128 128
-0.917044 2.66263 0.623906 128 128 128
-0.879992 2.66068 0.621029 128 128 128
-0.84609 2.66755 0.620207 128 128 128
-0.812152 2.67398 0.619385 128 128 128
-0.776816 2.67529 0.617535 128 128 128
-0.740524 2.67236 0.614863 128 128 128
-0.705923 2.67463 0.613424 128 128 128
-0.67114 2.6755 0.61178 128 128 128
-0.634626 2.6683 0.608492 128 128 128
-0.603341 2.68257 0.609931 128 128 128
-0.565085 2.66488 0.604587 128 128 128
-0.531382 2.66682 0.603559 128 128 128
-0.498796 2.6741 0.603765 128 128 128
-0.463421 2.66556 0.600682 128 128 128
-0.428176 2.65559 0.597394 128 128 128
-0.3957 2.66161 0.597599 128 128 128
-0.360358 2.64687 0.593489 128 128 128
-0.326764 2.64235 0.591639 128 128 128
-0.291814 2.62379 0.586912 128 128 128
-0.259884 2.6301 0.587529 128 128 128
-0.224961 2.60287 0.581158 128 128 128
-0.193003 2.60543 0.581158 128 128 128
-0.160529 2.59979 0.579513 128 128 128
-0.128419 2.59765 0.578691 128 128 128
-0.0963845 2.59512 0.577869 128 128 128
-0.0643821 2.59024 0.576636 128 128 128
-0.0325141 2.58496 0.575403 128 128 128
-0.000785345 2.5793 0.57417 128 128 128
0.0308218 2.5752 0.573348 128 128 128
0.0623979 2.57365 0.573142 128 128 128
0.0936237 2.56291 0.571087 128 128 128
0.124784 2.5557 0.569854 128 128 128
0.155486 2.54323 0.567593 128 128 128
0.186114 2.53332 0.565949 128 128 128
0.216439 2.52207 0.564099 128 128 128
0.246041 2.50559 0.561222 128 128 128
0.276128 2.49654 0.559989 128 128 128
0.3071 2.49588 0.560606 128 128 128
0.335611 2.47641 0.557317 128 128 128
0.362405 2.4479 0.552179 128 128 128
0.391025 2.43457 0.55033 128 128 128
0.418874 2.41802 0.547863 128 128 128
0.448158 2.41077 0.547452 128 128 128
0.478469 2.40893 0.548274 128 128 128
0.503956 2.38372 0.544164 128 128 128
0.532316 2.37354 0.543342 128 128 128
0.558473 2.35445 0.54067 128 128 128
0.584243 2.33507 0.537998 128 128 128
0.610616 2.31921 0.536149 128 128 128
0.637729 2.30682 0.535121 128 128 128
0.661641 2.28378 0.531833 128 128 128
0.689899 2.27643 0.532038 128 128 128
0.713066 2.25286 0.52875 128 128 128
0.741577 2.24673 0.529366 128 128 128
0.767822 2.23375 0.528544 128 128 128
0.793531 2.21955 0.527517 128 128 128
0.819348 2.20598 0.526695 128 128 128
0.842491 2.18571 0.524434 128 128 128
0.869249 2.17521 0.524434 128 128 128
0.891766 2.15443 0.522173 128 128 128
0.916597 2.13972 0.521351 128 128 128
0.941598 2.12563 0.520734 128 128 128
0.966392 2.11124 0.520118 128 128 128
0.989303 2.09303 0.518679 128 128 128
1.00377 2.05786 0.513336 128 128 128
1.0329 2.05325 0.515185 128 128 128
1.04992 2.02478 0.511486 128 128 128
1.07331 2.00915 0.510869 128 128 128
1.09647 1.99326 0.510253 128 128 128
1.11507 1.96943 0.507787 128 128 128
1.13472 1.94799 0.505937 128 128 128
1.15603 1.92971 0.504909 128 128 128
1.18116 1.91788 0.505526 128 128 128
1.19729 1.89166 0.502649 128 128 128
1.21615 1.87026 0.501004 128 128 128
1.23629 1.85113 0.499977 128 128 128
1.2567 1.83259 0.499155 128 128 128
1.27122 1.80582 0.496277 128 128 128
1.27954 1.77104 0.491345 128 128 128
1.28487 1.73318 0.48559 128 128 128
1.32617 1.74378 0.492578 128 128 128
1.33724 1.71425 0.489084 128 128 128
1.35573 1.69465 0.488262 128 128 128
1.37271 1.67334 0.487029 128 128 128
1.04378 1.24048 0.372965 128 128 128
1.05829 1.22684 0.372759 128 128 128
1.08816 1.23063 0.377486 128 128 128
1.43149 1.58002 0.480247 128 128 128
1.44944 1.5609 0.479836 128 128 128
1.46984 1.54442 0.480247 128 128 128
1.48595 1.52346 0.479425 128 128 128
1.50176 1.50234 0.478603 128 128 128
1.51729 1.48106 0.477781 128 128 128
1.53181 1.45895 0.476753 128 128 128
1.54458 1.43538 0.475314 128 128 128
1.56353 1.41763 0.475725 128 128 128
1.57055 1.38926 0.472848 128 128 128
1.59933 1.38011 0.476136 128 128 128
1.60342 1.34966 0.472643 128 128 128
1.61986 1.32988 0.472643 128 128 128
1.63682 1.31052 0.472848 128 128 128
1.64584 1.28491 0.470998 128 128 128
1.66149 1.26461 0.470998 128 128 128
1.6761 1.24355 0.470793 128 128 128
1.68885 1.22116 0.470176 128 128 128
1.68612 1.18793 0.465655 128 128 128
1.30698 0.896644 0.365361 128 128 128
1.24144 0.829366 0.346042 128 128 128
1.39337 0.906514 0.381597 128 128 128
1.72998 1.09591 0.462572 128 128 128
1.75246 1.08025 0.464833 128 128 128
1.76642 1.05917 0.465038 128 128 128
1.77844 1.03692 0.464833 128 128 128
1.78848 1.01356 0.464216 128 128 128
1.79478 0.988232 0.462778 128 128 128
1.80505 0.965209 0.462367 128 128 128
1.81329 0.94118 0.461544 128 128 128
1.82033 0.916654 0.460517 128 128 128
1.82265 0.889947 0.458462 128 128 128
1.83874 0.870028 0.459695 128 128 128
1.79147 0.82086 0.446336 128 128 128
1.84523 0.818284 0.456406 128 128 128
1.85423 0.795192 0.456201 128 128 128
1.853 0.767875 0.453735 128 128 128
1.86592 0.746534 0.454557 128 128 128
1.87677 0.724286 0.454968 128 128 128
1.88001 0.69915 0.453735 128 128 128
1.88108 0.673383 0.45209 128 128 128
1.89105 0.650887 0.452502 128 128 128
1.88589 0.623324 0.449624 128 128 128
1.89526 0.600726 0.450035 128 128 128
1.90811 0.579133 0.451268 128 128 128
1.90192 0.551847 0.448391 128 128 128
1.90477 0.527418 0.447569 128 128 128
1.93097 0.509259 0.451885 128 128 128
1.9124 0.479321 0.446541 128 128 128
1.92575 0.457632 0.448186 128 128 128
1.90927 0.429016 0.443459 128 128 128
1.91917 0.406571 0.444486 128 128 128
1.93074 0.384332 0.445925 128 128 128
1.93146 0.35989 0.445103 128 128 128
1.92705 0.334648 0.443253 128 128 128
1.93681 0.311912 0.444486 128 128 128
1.93952 0.287977 0.444281 128 128 128
1.94097 0.263889 0.44387 128 128 128
1.9363 0.239086 0.442225 128 128 128
1.93519 0.214872 0.441403 128 128 128
1.93476 0.190818 0.440787 128 128 128
1.92623 0.166128 0.438526 128 128 128
1.91349 0.141386 0.435443 128 128 128
1.94145 0.119536 0.440992 128 128 128
1.94571 0.0958487 0.441609 128 128 128
1.94087 0.0717437 0.440376 128 128 128
1.93475 0.0477471 0.438937 128 128 128
1.93421 0.0239883 0.438732 128 128 128
1.93338 0.000249865 0.438526 128 128 128
1.93324 -0.0234758 0.438526 128 128 128
1.92987 -0.0471282 0.43791 128 128 128
1.92524 -0.0706663 0.437087 128 128 128
1.91347 -0.0937674 0.434827 128 128 128
1.9239 -0.117952 0.437293 128 128 128
1.91938 -0.141339 0.436676 128 128 128
1.91653 -0.164799 0.436471 128 128 128
1.91241 -0.188115 0.43606 128 128 128
1.92163 -0.212854 0.438526 128 128 128
1.91693 -0.236181 0.438115 128 128 128
1.91971 -0.260472 0.439348 128 128 128
1.91927 -0.284439 0.439965 128 128 128
1.89534 -0.304722 0.435649 128 128 128
1.92232 -0.333286 0.442225 128 128 128
1.90943 -0.355246 0.440376 128 128 128
1.9078 -0.379221 0.440992 128 128 128
1.8963 -0.401191 0.439554 128 128 128
1.88073 -0.422081 0.437293 128 128 128
0.923261 -1.95105 0.485796 128 128 128
0.903332 -1.97113 0.487851 128 128 128
0.882254 -1.98922 0.489495 128 128 128
0.86164 -2.00889 0.491551 128 128 128
0.840301 -2.02745 0.4934 128 128 128
0.821548 -2.05305 0.496894 128 128 128
0.795233 -2.06024 0.496277 128 128 128
0.773992 -2.08084 0.498744 128 128 128
0.74972 -2.09387 0.499566 128 128 128
0.728437 -2.11587 0.502443 128 128 128
0.703032 -2.1265 0.502854 128 128 128
0.678366 -2.13963 0.503882 128 128 128
0.660319 -2.17495 0.509842 128 128 128
0.631666 -2.17631 0.508403 128 128 128
0.606482 -2.18956 0.509636 128 128 128
0.581819 -2.20535 0.511486 128 128 128
0.556144 -2.21802 0.512719 128 128 128
0.531607 -2.2361 0.515185 128 128 128
0.504987 -2.24627 0.516007 128 128 128
0.479215 -2.26092 0.517857 128 128 128
0.452584 -2.27238 0.51909 128 128 128
0.425564 -2.28258 0.520118 128 128 128
0.39853 -2.29341 0.521351 128 128 128
0.371763 -2.30683 0.523201 128 128 128
0.343427 -2.31121 0.523201 128 128 128
0.315304 -2.31719 0.523612 128 128 128
0.28805 -2.3306 0.525667 128 128 128
0.259972 -2.33882 0.526695 128 128 128
0.232219 -2.35158 0.52875 128 128 128
0.203853 -2.3601 0.529983 128 128 128
0.174511 -2.35754 0.528955 128 128 128
0.146905 -2.38099 0.533477 128 128 128
0.117725 -2.3836 0.533682 128 128 128
0.0884655 -2.38486 0.533682 128 128 128
0.0590937 -2.38185 0.53286 128 128 128
0.0304372 -2.42643 0.542109 128 128 128
0.000664457 -2.43348 0.543547 128 128 128
-0.0292989 -2.44211 0.545397 128 128 128
-0.0593347 -2.4445 0.546014 128 128 128
-0.0896801 -2.45337 0.548069 128 128 128
-0.120441 -2.46577 0.550946 128 128 128
-0.15146 -2.4768 0.553618 128 128 128
-0.182626 -2.48549 0.555879 128 128 128
-0.213446 -2.48697 0.556701 128 128 128
-0.245946 -2.50461 0.561017 128 128 128
-0.277734 -2.51114 0.563072 128 128 128
-0.308171 -2.50462 0.562455 128 128 128
-0.281286 -2.07392 0.472026 128 128 128
-0.302859 -2.04417 0.466477 128 128 128
-0.324674 -2.02 0.462161 128 128 128
-0.354433 -2.0448 0.468327 128 128 128
-0.468132 -2.51854 0.570471 128 128 128
-0.501475 -2.52509 0.573142 128 128 128
-0.533433 -2.52353 0.57417 128 128 128
-0.566283 -2.52539 0.57602 128 128 128
-0.597907 -2.52111 0.576636 128 128 128
-0.630933 -2.52213 0.578486 128 128 128
-0.661836 -2.5142 0.578486 128 128 128
-0.697323 -2.52287 0.582185 128 128 128
-0.727958 -2.51318 0.58198 128 128 128
-0.76526 -2.5256 0.586707 128 128 128
-0.799733 -2.52722 0.589173 128 128 128
-0.834667 -2.5293 0.591845 128 128 128
-0.867865 -2.52534 0.593283 128 128 128
-0.899448 -2.51635 0.593694 128 128 128
-0.935363 -2.51888 0.596777 128 128 128
-0.971826 -2.52183 0.600066 128 128 128
-1.00379 -2.51244 0.600682 128 128 128
-1.04688 -2.52978 0.607464 128 128 128
-1.079 -2.51944 0.608081 128 128 128
-1.113 -2.51317 0.609725 128 128 128
-1.14905 -2.5109 0.612397 128 128 128
-1.18228 -2.50192 0.61363 128 128 128
-1.21632 -2.49426 0.615274 128 128 128
-1.25167 -2.48877 0.617535 128 128 128
-1.28437 -2.47756 0.618562 128 128 128
-1.31882 -2.46939 0.620412 128 128 128
-1.35279 -2.45988 0.622056 128 128 128
-1.38721 -2.45076 0.623906 128 128 128
-1.41718 -2.43355 0.623906 128 128 128
-1.45598 -2.4311 0.627605 128 128 128
-1.48417 -2.41055 0.626989 128 128 128
-1.51573 -2.39546 0.627811 128 128 128
-1.54767 -2.38078 0.628839 128 128 128
-1.58872 -2.37952 0.63336 128 128 128
-1.61393 -2.3542 0.631921 128 128 128
-1.65396 -2.35023 0.636032 128 128 128
-1.69183 -2.34245 0.63932 128 128 128
-1.72453 -2.32702 0.640759 128 128 128
-1.75414 -2.30724 0.64117 128 128 128
-1.79856 -2.30638 0.646719 128 128 128
-1.83589 -2.29561 0.649802 128 128 128
-1.86764 -2.27745 0.651035 128 128 128
-1.90049 -2.26035 0.652679 128 128 128
-1.93255 -2.24205 0.654118 128 128 128
-1.97935 -2.24018 0.660283 128 128 128
-2.01063 -2.22007 0.661516 128 128 128
-2.04172 -2.19954 0.66275 128 128 128
-2.06923 -2.17503 0.662955 128 128 128
-2.10669 -2.16069 0.666243 128 128 128
-2.13996 -2.1416 0.668299 128 128 128
-2.16538 -2.11449 0.668093 128 128 128
-2.19966 -2.09586 0.670559 128 128 128
-2.22952 -2.07271 0.671792 128 128 128
-2.26348 -2.05309 0.674259 128 128 128
-2.2929 -2.02905 0.675492 128 128 128
-2.31985 -2.00268 0.676108 128 128 128
-2.35173 -1.98037 0.678164 128 128 128
-2.37661 -1.95198 0.678369 128 128 128
-2.40344 -1.92512 0.679191 128 128 128
-2.43537 -1.90211 0.681452 128 128 128
-2.45852 -1.87208 0.681452 128 128 128
-2.49074 -1.84878 0.683918 128 128 128
-2.52672 -1.82783 0.687412 128 128 128
-2.55055 -1.79781 0.687823 128 128 128
-2.5821 -1.77303 0.690289 128 128 128
-2.60529 -1.7423 0.6907 128 128 128
-0.924389 -0.600858 0.264039 128 128 128
-0.919298 -0.581605 0.260956 128 128 128
-0.928031 -0.571308 0.261367 128 128 128
-0.930777 -0.557357 0.260339 128 128 128
-0.936701 -0.5454 0.260134 128 128 128
-0.947579 -0.53628 0.261161 128 128 128
-0.963516 -0.529809 0.263422 128 128 128
-0.973396 -0.519794 0.264244 128 128 128
-0.967545 -0.50149 0.261367 128 128 128
-2.88548 -1.45391 0.711047 128 128 128
-2.91893 -1.42613 0.714746 128 128 128
-2.93002 -1.38727 0.713308 128 128 128
-2.97529 -1.36428 0.719884 128 128 128
-2.98286 -1.32369 0.717829 128 128 128
-2.99618 -1.28583 0.717213 128 128 128
-3.02348 -1.25384 0.719884 128 128 128
-3.03864 -1.21664 0.719884 128 128 128
-3.05334 -1.17926 0.719884 128 128 128
-3.17897 -0.923334 0.727694 128 128 128
-3.19195 -0.884777 0.728105 128 128 128
-3.20635 -0.846541 0.728927 128 128 128
-3.20796 -0.804983 0.727078 128 128 128
-3.23092 -0.768733 0.729955 128 128 128
-3.24107 -0.729242 0.73016 128 128 128
-3.25073 -0.689617 0.730366 128 128 128
-3.26662 -0.651208 0.73201 128 128 128
-3.26475 -0.609273 0.729955 128 128 128
-3.27102 -0.568995 0.729749 128 128 128
-3.31157 -0.534282 0.736943 128 128 128
-3.29464 -0.490138 0.73201 128 128 128
-3.32368 -0.452851 0.736943 128 128 128
-3.33348 -0.247314 0.734476 128 128 128
-3.36655 -0.208274 0.740847 128 128 128
-3.3581 -0.166409 0.738587 128 128 128
-3.36086 -0.125224 0.738792 128 128 128
-3.39817 -0.0020664 0.658171 128 128 128
-3.39303 0.0395714 0.657266 128 128 128
-3.36967 0.0806382 0.653106 128 128 128
-3.38809 0.122718 0.656724 128 128 128
-3.40401 0.165165 0.659979 128 128 128
-3.41448 0.207716 0.66233 128 128 128
-3.35823 0.412108 0.655458 128 128 128
-3.36169 0.454484 0.657085 128 128 128
-3.35781 0.495992 0.657447 128 128 128
-3.35147 0.53716 0.657447 128 128 128
-3.35334 0.579766 0.659075 128 128 128
-3.33728 0.619248 0.657447 128 128 128
-3.31689 0.657653 0.655096 128 128 128
-3.32107 0.700962 0.657447 128 128 128
-3.31222 0.741664 0.657447 128 128 128
-3.28278 0.777471 0.653649 128 128 128
-3.26822 0.816499 0.652745 128 128 128
-3.26271 0.8578 0.653649 128 128 128
-3.24815 0.896722 0.652926 128 128 128
-3.17699 1.26829 0.66233 128 128 128
-3.08034 1.27364 0.646234 128 128 128
-3.06719 1.31251 0.646776 128 128 128
-3.03287 1.34207 0.643159 128 128 128
-3.02243 1.38206 0.644425 128 128 128
-3.00613 1.41946 0.644606 128 128 128
-2.977 1.45063 0.642255 128 128 128
-2.96425 1.48971 0.64334 128 128 128
-2.94312 1.52461 0.642797 128 128 128
-2.92246 1.55969 0.642436 128 128 128
-2.88673 1.58641 0.638999 128 128 128
-2.87475 1.62609 0.640627 128 128 128
-2.84693 1.65678 0.638999 128 128 128
-2.8247 1.69058 0.638637 128 128 128
-2.80207 1.72408 0.638276 128 128 128
-2.78236 1.75939 0.638637 128 128 128
-2.73831 1.77891 0.633754 128 128 128
-2.70891 1.80746 0.632126 128 128 128
-2.68896 1.84223 0.632669 128 128 128
-2.65168 1.86489 0.629413 128 128 128
-2.62541 1.89498 0.62869 128 128 128
-2.59564 1.92237 0.627243 128 128 128
-2.56403 1.94812 0.625434 128 128 128
-2.53373 1.97459 0.623988 128 128 128
-2.49703 1.9957 0.621094 128 128 128
-2.46551 2.02057 0.619466 128 128 128
-2.44129 2.05131 0.619647 128 128 128
-2.41295 2.07854 0.618923 128 128 128
-2.37474 2.09691 0.615849 128 128 128
-2.33645 2.11466 0.612774 128 128 128
-2.31033 2.14317 0.612774 128 128 128
-2.27744 2.16525 0.611146 128 128 128
-2.231 2.1738 0.606082 128 128 128
-2.20416 2.20101 0.606082 128 128 128
-2.17973 2.23071 0.606806 128 128 128
-2.14541 2.25016 0.604997 128 128 128
-2.11563 2.27416 0.604454 128 128 128
-2.0869 2.29922 0.604274 128 128 128
-2.05137 2.31655 0.602284 128 128 128
-2.01637 2.3341 0.600475 128 128 128
-1.98125 2.35114 0.598667 128 128 128
-1.95474 2.37831 0.59939 128 128 128
-1.92356 2.39982 0.598848 128 128 128
-1.89034 2.41859 0.597763 128 128 128
-1.85219 2.43064 0.59523 128 128 128
-1.80583 2.43106 0.590166 128 128 128
-1.77874 2.45702 0.591071 128 128 128
-1.74619 2.47545 0.590347 128 128 128
-1.7079 2.48533 0.587815 128 128 128
-1.66908 2.49383 0.585102 128 128 128
-1.64157 2.51907 0.586187 128 128 128
-1.59844 2.51991 0.582027 128 128 128
-1.56843 2.54101 0.582389 128 128 128
-1.52046 2.53222 0.576421 128 128 128
-1.48581 2.54474 0.575155 128 128 128
-1.45204 2.5585 0.57425 128 128 128
-1.41912 2.57354 0.573708 128 128 128
-1.38372 2.58382 0.572261 128 128 128
-1.34875 2.59449 0.570995 128 128 128
-1.30223 2.58185 0.565026 128 128 128
-1.26743 2.59145 0.56376 128 128 128
-1.23344 2.60236 0.562856 128 128 128
-1.19895 2.61193 0.561771 128 128 128
-1.16562 2.62375 0.561228 128 128 128
-1.12637 2.62158 0.557973 128 128 128
-1.09411 2.63521 0.557973 128 128 128
-1.0606 2.64569 0.55743 128 128 128
-1.02487 2.65025 0.555802 128 128 128
-0.988162 2.65156 0.553632 128 128 128
-0.954887 2.66164 0.55327 128 128 128
-0.921514 2.67129 0.552909 128 128 128
-0.88158 2.66092 0.548749 128 128 128
-0.851825 2.68091 0.550557 128 128 128
-0.810883 2.66481 0.545493 128 128 128
-0.778121 2.67456 0.545493 128 128 128
-0.740791 2.66779 0.542419 128 128 128
-0.708498 2.67858 0.54278 128 128 128
-0.671521 2.67085 0.539706 128 128 128
-0.637334 2.67315 0.53862 128 128 128
-0.601688 2.66829 0.536269 128 128 128
-0.565039 2.65719 0.532833 128 128 128
-0.529328 2.64849 0.529939 128 128 128
-0.49571 2.64898 0.528854 128 128 128
-0.461657 2.64615 0.527226 128 128 128
-0.428683 2.6487 0.526684 128 128 128
-0.392841 2.63138 0.522524 128 128 128
-0.35907 2.62528 0.520534 128 128 128
-0.326347 2.62559 0.519811 128 128 128
-0.293132 2.6206 0.518183 128 128 128
-0.259993 2.61421 0.516374 128 128 128
-0.227055 2.6074 0.514566 128 128 128
-0.194538 2.60313 0.5133 128 128 128
-0.162519 2.60434 0.513119 128 128 128
-0.130071 2.59631 0.51131 128 128 128
-0.0980223 2.5928 0.510406 128 128 128
-0.0661973 2.59381 0.510406 128 128 128
-0.0342472 2.58459 0.508597 128 128 128
-0.00253279 2.57596 0.50697 128 128 128
0.0290279 2.57187 0.506246 128 128 128
0.0604877 2.56738 0.505523 128 128 128
0.0919153 2.56448 0.505161 128 128 128
0.12289 2.55334 0.503352 128 128 128
0.153362 2.53789 0.50082 128 128 128
0.183766 2.52601 0.499012 128 128 128
0.214495 2.52063 0.498469 128 128 128
0.243666 2.50019 0.495213 128 128 128
0.273893 2.4931 0.49449 128 128 128
0.302894 2.47686 0.492139 128 128 128
0.332336 2.46614 0.490873 128 128 128
0.362284 2.45993 0.490511 128 128 128
0.389622 2.43782 0.487256 128 128 128
0.416978 2.41832 0.484543 128 128 128
0.44572 2.40819 0.483638 128 128 128
0.47216 2.38711 0.480744 128 128 128
0.501418 2.38113 0.480744 128 128 128
0.528008 2.36329 0.478574 128 128 128
0.554008 2.34419 0.476223 128 128 128
0.580099 2.32672 0.474233 128 128 128
0.606598 2.31182 0.472787 128 128 128
0.63571 2.30705 0.473329 128 128 128
0.659857 2.28491 0.470616 128 128 128
0.684986 2.26723 0.468808 128 128 128
0.711269 2.25396 0.467903 128 128 128
0.738257 2.2432 0.467542 128 128 128
0.764126 2.22932 0.466637 128 128 128
0.791426 2.21977 0.466637 128 128 128
0.815518 2.2016 0.465009 128 128 128
0.841764 2.18959 0.464648 128 128 128
0.867474 2.17636 0.464105 128 128 128
0.890347 2.15647 0.462297 128 128 128
0.912087 2.13453 0.460126 128 128 128
0.935418 2.11689 0.45886 128 128 128
0.956815 2.09541 0.456871 128 128 128
0.97951 2.07729 0.455605 128 128 128
1.00277 2.0607 0.4547 128 128 128
1.0271 2.04648 0.454339 128 128 128
1.04714 2.02412 0.452349 128 128 128
1.06633 2.00072 0.450179 128 128 128
1.08986 1.98576 0.449817 128 128 128
1.1088 1.96282 0.447828 128 128 128
1.13083 1.94567 0.447104 128 128 128
1.15411 1.9308 0.446923 128 128 128
1.16739 1.89976 0.443306 128 128 128
1.18798 1.88113 0.442402 128 128 128
1.20776 1.86147 0.441316 128 128 128
1.22613 1.83997 0.43987 128 128 128
1.24583 1.82073 0.438965 128 128 128
1.25845 1.79164 0.435891 128 128 128
1.27457 1.76809 0.434082 128 128 128
1.29031 1.74442 0.432273 128 128 128
1.30745 1.72298 0.431007 128 128 128
1.32668 1.70448 0.430465 128 128 128
1.35549 1.69805 0.432816 128 128 128
1.36249 1.66457 0.428837 128 128 128
1.03114 1.23026 0.328458 128 128 128
1.05452 1.22719 0.330809 128 128 128
1.07406 1.21931 0.332076 128 128 128
1.42666 1.57823 0.424496 128 128 128
1.44525 1.55989 0.424315 128 128 128
1.47243 1.55058 0.426486 128 128 128
1.48379 1.52465 0.424496 128 128 128
1.50239 1.50633 0.424496 128 128 128
1.51512 1.48229 0.423049 128 128 128
1.53035 1.46087 0.422326 128 128 128
1.54672 1.44064 0.421964 128 128 128
1.55918 1.41693 0.420698 128 128 128
1.57276 1.39444 0.419794 128 128 128
1.58752 1.37311 0.419251 128 128 128
1.60425 1.35352 0.419251 128 128 128
1.62454 1.33685 0.420156 128 128 128
1.61624 1.29716 0.414368 128 128 128
1.63437 1.27905 0.414911 128 128 128
1.64916 1.2583 0.41473 128 128 128
1.66843 1.24089 0.415634 128 128 128
1.68353 1.22032 0.415634 128 128 128
1.69838 1.19957 0.415634 128 128 128
1.2343 0.850636 0.308925 128 128 128
1.21274 0.814133 0.301872 128 128 128
1.36284 0.890286 0.332618 128 128 128
1.72859 1.09797 0.409846 128 128 128
1.72937 1.06894 0.407133 128 128 128
1.75248 1.0537 0.409304 128 128 128
1.76868 1.0341 0.410027 128 128 128
1.77782 1.01038 0.409304 128 128 128
1.77974 0.9828 0.407133 128 128 128
1.78386 0.956717 0.405506 128 128 128
1.79022 0.93204 0.404421 128 128 128
1.79713 0.907793 0.403516 128 128 128
1.80283 0.883085 0.402431 128 128 128
1.8082 0.858375 0.401346 128 128 128
1.80965 0.832031 0.399537 128 128 128
1.82242 0.810955 0.40008 128 128 128
1.825 0.785434 0.398633 128 128 128
1.83723 0.764107 0.399176 128 128 128
1.8145 0.72874 0.392845 128 128 128
1.86736 0.723384 0.401527 128 128 128
1.85489 0.692545 0.397367 128 128 128
1.85121 0.66543 0.395016 128 128 128
1.86668 0.645218 0.396463 128 128 128
1.86231 0.618258 0.394111 128 128 128
1.85944 0.592097 0.392122 128 128 128
1.87504 0.571799 0.39375 128 128 128
1.8753 0.546832 0.392484 128 128 128
1.88566 0.524826 0.393207 128 128 128
1.89291 0.501896 0.393388 128 128 128
1.88462 0.475053 0.390675 128 128 128
1.8903 0.45189 0.390675 128 128 128
1.89187 0.427799 0.389952 128 128 128
1.90179 0.405567 0.390856 128 128 128
1.91048 0.382964 0.391579 128 128 128
1.90247 0.357157 0.389228 128 128 128
1.90574 0.333616 0.389047 128 128 128
1.90095 0.308804 0.387419 128 128 128
1.90362 0.285309 0.387239 128 128 128
1.90795 0.262059 0.387419 128 128 128
1.91005 0.238506 0.387239 128 128 128
1.91185 0.214941 0.387058 128 128 128
1.91337 0.191368 0.386877 128 128 128
1.91949 0.168209 0.3876 128 128 128
1.91356 0.144066 0.386153 128 128 128
1.91224 0.120394 0.385611 128 128 128
1.91456 0.0969664 0.385792 128 128 128
1.91462 0.0734288 0.385611 128 128 128
1.92423 0.0501401 0.387239 128 128 128
1.9188 0.026454 0.386153 128 128 128
1.92783 0.00290043 0.387781 128 128 128
1.9287 -0.0207699 0.387962 128 128 128
1.92732 -0.0444118 0.387781 128 128 128
1.91189 -0.0675082 0.385068 128 128 128
1.90797 -0.0908185 0.384526 128 128 128
1.92143 -0.115138 0.387239 128 128 128
1.91007 -0.13798 0.38543 128 128 128
1.90039 -0.160729 0.383983 128 128 128
1.91785 -0.185977 0.3876 128 128 128
1.89979 -0.207755 0.384707 128 128 128
1.89221 -0.230448 0.383802 128 128 128
1.89899 -0.25498 0.385611 128 128 128
1.89572 -0.278264 0.385611 128 128 128
1.87565 -0.298841 0.382536 128 128 128
1.87378 -0.322173 0.382898 128 128 128
1.87839 -0.346768 0.384526 128 128 128
1.88749 -0.372487 0.387058 128 128 128
1.88278 -0.395621 0.387058 128 128 128
1.87011 -0.416968 0.385611 128 128 128
1.86389 -0.439658 0.38543 128 128 128
1.86217 -0.463455 0.386153 128 128 128
1.85159 -0.485016 0.385249 128 128 128
1.85308 -0.509804 0.386696 128 128 128
1.84952 -0.53333 0.387239 128 128 128
1.84095 -0.555414 0.386877 128 128 128
1.83306 -0.577666 0.386696 128 128 128
1.82304 -0.59919 0.386153 128 128 128
1.81462 -0.621196 0.385973 128 128 128
1.80871 -0.644081 0.386334 128 128 128
1.80435 -0.6676 0.387058 128 128 128
1.80061 -0.691465 0.387962 128 128 128
1.79382 -0.71424 0.388324 128 128 128
1.77947 -0.733938 0.387239 128 128 128
1.764 -0.753004 0.385973 128 128 128
1.75553 -0.774993 0.386153 128 128 128
1.73337 -0.790737 0.383621 128 128 128
1.74664 -0.822895 0.388324 128 128 128
1.73553 -0.843835 0.388143 128 128 128
1.72505 -0.865069 0.388143 128 128 128
1.71168 -0.884812 0.3876 128 128 128
1.70156 -0.906215 0.387781 128 128 128
1.69376 -0.928926 0.388505 128 128 128
1.68651 -0.952067 0.389409 128 128 128
1.6713 -0.970709 0.388685 128 128 128
1.66264 -0.99317 0.389409 128 128 128
1.64865 -1.01247 0.389047 128 128 128
1.64025 -1.03525 0.389952 128 128 128
1.62083 -1.05101 0.388505 128 128 128
1.607 -1.07027 0.388324 128 128 128
1.25728 -1.69055 0.420698 128 128 128
1.20939 -1.66838 0.412198 128 128 128
1.20976 -1.71286 0.41889 128 128 128
0.968305 -1.91752 0.428294 128 128 128
0.945563 -1.93103 0.428656 128 128 128
0.902797 -1.96438 0.430826 128 128 128
0.880216 -1.97891 0.43155 128 128 128
0.86167 -2.00313 0.434263 128 128 128
0.833641 -2.00537 0.432635 128 128 128
0.812251 -2.02367 0.434263 128 128 128
0.794779 -2.05276 0.438061 128 128 128
0.774661 -2.07619 0.440774 128 128 128
0.751109 -2.0911 0.441859 128 128 128
0.725392 -2.10015 0.441859 128 128 128
0.699873 -2.10983 0.44204 128 128 128
0.673929 -2.11826 0.44204 128 128 128
0.651874 -2.13955 0.444572 128 128 128
0.628303 -2.15684 0.446381 128 128 128
0.605453 -2.17766 0.448913 128 128 128
0.580435 -2.19158 0.450179 128 128 128
0.555404 -2.20617 0.451626 128 128 128
0.530103 -2.22048 0.453073 128 128 128
0.504104 -2.23257 0.454158 128 128 128
0.478497 -2.24725 0.455785 128 128 128
0.452032 -2.25874 0.456871 128 128 128
0.423921 -2.26219 0.456509 128 128 128
0.39948 -2.2866 0.460126 128 128 128
0.371857 -2.29424 0.460669 128 128 128
0.344825 -2.30642 0.462116 128 128 128
0.317419 -2.3173 0.463382 128 128 128
0.289917 -2.32883 0.464829 128 128 128
0.261209 -2.33123 0.464648 128 128 128
0.233444 -2.34307 0.466275 128 128 128
0.20526 -2.35262 0.467542 128 128 128
0.177092 -2.36477 0.46935 128 128 128
0.148298 -2.37069 0.470074 128 128 128
0.119434 -2.37725 0.470978 128 128 128
0.0906086 -2.38836 0.472787 128 128 128
0.0614108 -2.39421 0.473691 128 128 128
0.0320946 -2.40068 0.474776 128 128 128
0.00262875 -2.4068 0.475861 128 128 128
-0.0269823 -2.41255 0.476946 128 128 128
-0.057154 -2.43465 0.481106 128 128 128
-0.0874309 -2.44458 0.483096 128 128 128
-0.118351 -2.46198 0.486532 128 128 128
-0.149223 -2.47114 0.488522 128 128 128
-0.180047 -2.47599 0.489788 128 128 128
-0.211777 -2.48927 0.492681 128 128 128
-0.242696 -2.4904 0.493405 128 128 128
-0.274111 -2.49506 0.494852 128 128 128
-0.306401 -2.50517 0.497384 128 128 128
-0.336722 -2.4983 0.496841 128 128 128
-0.304339 -2.07082 0.418166 128 128 128
-0.325965 -2.04362 0.413825 128 128 128
-0.351357 -2.04141 0.414187 128 128 128
-0.383424 -2.07465 0.421241 128 128 128
-0.499099 -2.52214 0.506065 128 128 128
-0.533688 -2.53314 0.509321 128 128 128
-0.564085 -2.52352 0.508778 128 128 128
-0.596149 -2.52119 0.509682 128 128 128
-0.631115 -2.5299 0.512757 128 128 128
-0.663118 -2.52577 0.513481 128 128 128
-0.695641 -2.52313 0.514566 128 128 128
-0.728472 -2.52102 0.515832 128 128 128
-0.761642 -2.51941 0.517279 128 128 128
-0.79637 -2.52206 0.51963 128 128 128
-0.828805 -2.51677 0.520534 128 128 128
-0.859948 -2.50734 0.520715 128 128 128
-0.894634 -2.50771 0.522885 128 128 128
-0.936323 -2.52603 0.528673 128 128 128
-0.962288 -2.50151 0.526141 128 128 128
-1.00535 -2.52055 0.53229 128 128 128
-1.03658 -2.50894 0.532471 128 128 128
-1.07738 -2.51952 0.537174 128 128 128
-1.10582 -2.50072 0.536088 128 128 128
-1.1434 -2.50216 0.539163 128 128 128
-1.17738 -2.49505 0.54061 128 128 128
-1.21266 -2.49013 0.542599 128 128 128
-1.24756 -2.48385 0.544408 128 128 128
-1.28565 -2.48319 0.547483 128 128 128
-1.32206 -2.4785 0.549834 128 128 128
-1.35902 -2.47414 0.552366 128 128 128
-1.39122 -2.4607 0.55309 128 128 128
-1.42082 -2.44259 0.552909 128 128 128
-1.45625 -2.43425 0.554898 128 128 128
-1.48808 -2.41955 0.555622 128 128 128
-1.52609 -2.41439 0.558515 128 128 128
-1.55399 -2.39301 0.557973 128 128 128
-1.58871 -2.38194 0.559781 128 128 128
-1.62172 -2.36793 0.561047 128 128 128
-1.65235 -2.35027 0.56159 128 128 128
-1.68857 -2.34017 0.563941 128 128 128
-1.72595 -2.33112 0.566654 128 128 128
-1.76396 -2.32228 0.569548 128 128 128
-1.79657 -2.30588 0.570814 128 128 128
-1.83026 -2.29057 0.572442 128 128 128
-1.86323 -2.27402 0.573889 128 128 128
-1.90747 -2.27054 0.578591 128 128 128
-1.9384 -2.25068 0.579495 128 128 128
-1.98152 -2.2444 0.583836 128 128 128
-2.00891 -2.21991 0.583836 128 128 128
-2.03801 -2.19726 0.584379 128 128 128
-2.07975 -2.18774 0.588358 128 128 128
-2.10644 -2.16206 0.588358 128 128 128
-2.14047 -2.14369 0.590347 128 128 128
-2.1807 -2.13099 0.593964 128 128 128
-2.2131 -2.11017 0.595592 128 128 128
-2.23955 -2.08352 0.595773 128 128 128
-2.26495 -2.05588 0.595773 128 128 128
-2.30328 -2.03965 0.599029 128 128 128
-2.33037 -2.01316 0.599571 128 128 128
-2.35942 -1.98821 0.600656 128 128 128
-2.38592 -1.96097 0.601199 128 128 128
-2.41749 -1.93769 0.603008 128 128 128
-2.44186 -1.90848 0.603188 128 128 128
-2.47527 -1.88611 0.60554 128 128 128
-2.50139 -1.85793 0.606263 128 128 128
-2.53038 -1.8317 0.60771 128 128 128
-2.5575 -1.80391 0.608795 128 128 128
-2.59161 -1.78073 0.611508 128 128 128
-2.62472 -1.75643 0.61404 128 128 128
-2.63701 -1.7182 0.612051 128 128 128
-0.938933 -0.598553 0.238027 128 128 128
-0.916054 -0.568429 0.231516 128 128 128
-0.897644 -0.54199 0.22609 128 128 128
-0.924628 -0.542808 0.230431 128 128 128
-0.920091 -0.525125 0.22808 128 128 128
-0.966113 -0.535586 0.236399 128 128 128
-0.976083 -0.525543 0.237123 128 128 128
-0.984205 -0.51443 0.237484 128 128 128
-2.89732 -1.4608 0.629956 128 128 128
-2.9221 -1.42858 0.631403 128 128 128
-2.9483 -1.39682 0.633212 128 128 128
-2.97685 -1.36585 0.635563 128 128 128
-2.99519 -1.33001 0.635924 128 128 128
-3.02756 -1.30012 0.63918 128 128 128
-3.04419 -1.26325 0.639361 128 128 128
-3.05307 -1.22324 0.638095 128 128 128
-3.07703 -1.18922 0.639903 128 128 128
-3.09231 -1.15171 0.640084 128 128 128
-3.10807 -1.11434 0.640446 128 128 128
-3.13081 -1.07931 0.642255 128 128 128
-3.15222 -1.04358 0.643882 128 128 128
-3.15729 -1.00244 0.642436 128 128 128
-3.17971 -0.966758 0.644425 128 128 128
-3.1885 -0.926845 0.643882 128 128 128
-3.20627 -0.88948 0.645148 128 128 128
-3.22646 -0.852569 0.646957 128 128 128
-3.23286 -0.811957 0.646234 128 128 128
-3.25661 -0.733449 0.647138 128 128 128
-3.26344 -0.693024 0.646776 128 128 128
-3.26398 -0.651394 0.645329 128 128 128
-3.2901 -0.6147 0.648766 128 128 128
-3.30806 -0.576123 0.650755 128 128 128
-3.3042 -0.533772 0.648766 128 128 128
-3.33482 -0.496778 0.653287 128 128 128
-3.34067 -0.455818 0.653287 128 128 128
-3.34406 -0.414548 0.652926 128 128 128
-3.34889 -0.37348 0.652926 128 128 128
-3.35224 -0.33226 0.652745 128 128 128
-3.35607 -0.291098 0.652745 128 128 128
-3.38489 -0.251759 0.657447 128 128 128
-3.34748 -0.207752 0.650032 128 128 128
-3.36746 -0.167517 0.653287 128 128 128
-3.38892 -0.126893 0.656905 128 128 128
-3.3912 -0.0853197 0.657085 128 128 128
-3.41166 -0.0439282 0.660703 128 128 128
-3.44091 0.169328 0.581386 128 128 128
-3.42576 0.210757 0.579346 128 128 128
-3.417 0.252346 0.578404 128 128 128
-3.45203 0.297552 0.584525 128 128 128
-3.42747 0.337865 0.581229 128 128 128
-3.42111 0.379683 0.580915 128 128 128
-3.40933 0.420792 0.579817 128 128 128
-3.41174 0.463659 0.581072 128 128 128
-3.39797 0.504335 0.579817 128 128 128
-3.39738 0.546935 0.580759 128 128 128
-3.38263 0.587236 0.579503 128 128 128
-3.38876 0.631229 0.5817 128 128 128
-3.36526 0.669688 0.579189 128 128 128
-3.35775 0.711139 0.579346 128 128 128
-3.35552 0.753803 0.580445 128 128 128
-3.2165 1.10687 0.57448 128 128 128
-3.15967 1.17481 0.569615 128 128 128
-3.15791 1.21847 0.571812 128 128 128
-3.12346 1.24943 0.568516 128 128 128
-3.09877 1.28389 0.566947 128 128 128
-3.08369 1.32221 0.567104 128 128 128
-3.06543 1.35915 0.56679 128 128 128
-3.04133 1.39338 0.565534 128 128 128
-3.02222 1.42975 0.56522 128 128 128
-3.00444 1.46673 0.56522 128 128 128
-2.97563 1.49817 0.563337 128 128 128
-2.96491 1.53866 0.564749 128 128 128
-2.93013 1.56655 0.561924 128 128 128
-2.91847 1.60668 0.563337 128 128 128
-2.88822 1.63653 0.561453 128 128 128
-2.87048 1.67334 0.561924 128 128 128
-2.83702 1.70083 0.55957 128 128 128
-2.81594 1.73552 0.55957 128 128 128
-2.79443 1.76994 0.55957 128 128 128
-2.76173 1.7971 0.55753 128 128 128
-2.74029 1.83141 0.557687 128 128 128
-2.7111 1.86043 0.556431 128 128 128
-2.68887 1.89413 0.556588 128 128 128
-2.65261 1.91773 0.554077 128 128 128
-2.61936 1.94308 0.552193 128 128 128
-2.59689 1.97627 0.552507 128 128 128
-2.56076 1.99888 0.550153 128 128 128
-2.53218 2.02707 0.549368 128 128 128
-2.50177 2.0536 0.54827 128 128 128
-2.46656 2.07589 0.546229 128 128 128
-2.43267 2.09891 0.544503 128 128 128
-2.40155 2.12402 0.543404 128 128 128
-2.36579 2.14471 0.541364 128 128 128
-2.34001 2.17426 0.541521 128 128 128
-2.29098 2.1817 0.536655 128 128 128
-2.27039 2.21586 0.538068 128 128 128
-2.22976 2.23029 0.535086 128 128 128
-2.19049 2.24547 0.532417 128 128 128
-2.15869 2.26789 0.531476 128 128 128
-2.12061 2.28336 0.529121 128 128 128
-2.08712 2.30336 0.527866 128 128 128
-2.06066 2.33102 0.528337 128 128 128
-2.03254 2.35688 0.528494 128 128 128
-1.99075 2.36653 0.525355 128 128 128
-1.95591 2.38391 0.523942 128 128 128
-1.92466 2.40542 0.523471 128 128 128
-1.89135 2.42419 0.522529 128 128 128
-1.85966 2.44486 0.522059 128 128 128
-1.8307 2.46908 0.522372 128 128 128
-1.78984 2.47696 0.519547 128 128 128
-1.76273 2.50358 0.520489 128 128 128
-1.71398 2.49897 0.515467 128 128 128
-1.68044 2.51571 0.514682 128 128 128
-1.64675 2.532 0.513897 128 128 128
-1.61133 2.54535 0.512641 128 128 128
-1.57738 2.56073 0.511857 128 128 128
-1.53568 2.56295 0.508718 128 128 128
-1.50361 2.58075 0.508561 128 128 128
-1.46452 2.58612 0.506206 128 128 128
-1.41981 2.58054 0.501969 128 128 128
-1.3899 2.60125 0.502597 128 128 128
-1.34877 2.60058 0.499458 128 128 128
-1.31187 2.60724 0.497731 128 128 128
-1.27501 2.61338 0.496005 128 128 128
-1.23608 2.61454 0.493493 128 128 128
-1.19773 2.61605 0.491139 128 128 128
-1.16554 2.63055 0.491139 128 128 128
-1.13045 2.6383 0.49004 128 128 128
-1.09571 2.6465 0.489099 128 128 128
-1.06022 2.65241 0.487843 128 128 128
-1.02652 2.66246 0.487372 128 128 128
-0.989297 2.66282 0.485332 128 128 128
-0.954215 2.66826 0.484233 128 128 128
-0.91947 2.67416 0.483292 128 128 128
-0.884414 2.67868 0.482193 128 128 128
-0.850879 2.68745 0.481879 128 128 128
-0.814679 2.68729 0.480152 128 128 128
-0.779988 2.6914 0.479211 128 128 128
-0.741628 2.68173 0.476072 128 128 128
-0.706899 2.68395 0.474973 128 128 128
-0.672948 2.68859 0.474345 128 128 128
-0.635106 2.67647 0.471049 128 128 128
-0.601564 2.68117 0.470578 128 128 128
-0.566159 2.67675 0.468695 128 128 128
-0.530374 2.66897 0.466341 128 128 128
-0.494865 2.66072 0.463986 128 128 128
-0.460147 2.65491 0.462103 128 128 128
-0.424704 2.64281 0.459278 128 128 128
-0.391369 2.64196 0.458336 128 128 128
-0.35732 2.63482 0.456453 128 128 128
-0.325566 2.64391 0.457238 128 128 128
-0.290695 2.62611 0.453785 128 128 128
-0.257767 2.6226 0.452686 128 128 128
-0.224884 2.61769 0.45143 128 128 128
-0.192379 2.61533 0.450646 128 128 128
-0.159845 2.6106 0.449547 128 128 128
-0.127211 2.60052 0.447664 128 128 128
-0.0951427 2.59794 0.447036 128 128 128
-0.0633284 2.60188 0.447507 128 128 128
-0.0312083 2.58764 0.445152 128 128 128
0.000548986 2.58586 0.444838 128 128 128
0.0322105 2.57973 0.443897 128 128 128
0.0635063 2.56433 0.441542 128 128 128
0.0947174 2.55645 0.440444 128 128 128
0.125793 2.54918 0.439502 128 128 128
0.156584 2.53955 0.438246 128 128 128
0.187013 2.52759 0.436677 128 128 128
0.21599 2.50149 0.43291 128 128 128
0.246574 2.49767 0.432753 128 128 128
0.27612 2.48464 0.431184 128 128 128
0.304781 2.46636 0.428829 128 128 128
0.33383 2.45363 0.427417 128 128 128
0.364927 2.45618 0.428515 128 128 128
0.391752 2.43104 0.425219 128 128 128
0.420376 2.41924 0.424121 128 128 128
0.444618 2.38477 0.419412 128 128 128
0.473464 2.3772 0.419098 128 128 128
0.502192 2.36928 0.418784 128 128 128
0.529284 2.35426 0.417372 128 128 128
0.556311 2.3399 0.416116 128 128 128
0.583546 2.32715 0.415175 128 128 128
0.610551 2.31408 0.414233 128 128 128
0.636534 2.29785 0.41282 128 128 128
0.66441 2.28892 0.412663 128 128 128
0.691016 2.27587 0.411879 128 128 128
0.717701 2.26345 0.411251 128 128 128
0.742947 2.24697 0.409995 128 128 128
0.768859 2.23301 0.40921 128 128 128
0.793545 2.21597 0.407955 128 128 128
0.817928 2.19866 0.406699 128 128 128
0.841651 2.18016 0.405287 128 128 128
0.866142 2.16417 0.404345 128 128 128
0.89339 2.1552 0.404659 128 128 128
0.917826 2.13953 0.403874 128 128 128
0.938414 2.11547 0.401677 128 128 128
0.961426 2.09751 0.400578 128 128 128
0.983717 2.07841 0.399322 128 128 128
1.00698 2.06174 0.398538 128 128 128
1.02466 2.03423 0.395869 128 128 128
1.04273 2.00835 0.393515 128 128 128
1.06963 1.99976 0.3943 128 128 128
1.08361 1.96744 0.390847 128 128 128
1.10622 1.95142 0.390376 128 128 128
1.12312 1.92575 0.388179 128 128 128
1.14921 1.91606 0.388964 128 128 128
1.16901 1.89593 0.387865 128 128 128
1.18374 1.86808 0.385354 128 128 128
1.21088 1.86004 0.386609 128 128 128
1.23306 1.84422 0.386452 128 128 128
1.24611 1.8151 0.383784 128 128 128
1.26488 1.79483 0.382843 128 128 128
1.28507 1.77677 0.382372 128 128 128
1.28914 1.73706 0.377663 128 128 128
1.30856 1.71875 0.377192 128 128 128
1.33138 1.7049 0.377663 128 128 128
1.35343 1.68998 0.377977 128 128 128
1.02397 1.24638 0.290241 128 128 128
1.01821 1.20878 0.285062 128 128 128
1.05876 1.22611 0.29134 128 128 128
1.40922 1.59267 0.371856 128 128 128
1.42734 1.57379 0.371542 128 128 128
1.44788 1.55761 0.371856 128 128 128
1.46689 1.53972 0.371856 128 128 128
1.48429 1.52019 0.371542 128 128 128
1.50005 1.49907 0.370914 128 128 128
1.51621 1.47848 0.370443 128 128 128
1.51994 1.44614 0.367304 128 128 128
1.53902 1.42872 0.367618 128 128 128
1.53741 1.39248 0.363537 128 128 128
1.57657 1.39314 0.368246 128 128 128
1.58009 1.36207 0.365421 128 128 128
1.60802 1.35212 0.367775 128 128 128
1.62449 1.33228 0.367775 128 128 128
1.63995 1.31163 0.367618 128 128 128
1.64658 1.28411 0.365735 128 128 128
1.652 1.25603 0.363694 128 128 128
1.66887 1.23684 0.364008 128 128 128
1.68153 1.21454 0.363537 128 128 128
1.6624 1.16991 0.356945 128 128 128
1.20846 0.828019 0.266698 128 128 128
1.24973 0.833986 0.272662 128 128 128
1.7184 1.11709 0.359614 128 128 128
1.72781 1.09328 0.358829 128 128 128
1.75118 1.07821 0.360712 128 128 128
1.75073 1.04851 0.358201 128 128 128
1.76091 1.02546 0.35773 128 128 128
1.7725 1.00329 0.357573 128 128 128
1.78468 0.981459 0.357573 128 128 128
1.79049 0.956223 0.356475 128 128 128
1.8091 0.93782 0.35773 128 128 128
1.80019 0.90533 0.35412 128 128 128
1.8014 0.878403 0.352394 128 128 128
1.79509 0.848202 0.349412 128 128 128
1.81254 0.829402 0.350667 128 128 128
1.81988 0.805896 0.350197 128 128 128
1.826 0.781945 0.349569 128 128 128
1.82998 0.757209 0.348627 128 128 128
1.83914 0.734695 0.348627 128 128 128
1.84525 0.711004 0.348156 128 128 128
1.86124 0.691061 0.349412 128 128 128
1.84913 0.660843 0.345959 128 128 128
1.85616 0.63778 0.345802 128 128 128
1.86666 0.615884 0.346273 128 128 128
1.87314 0.592632 0.346116 128 128 128
1.87554 0.568167 0.345331 128 128 128
1.87479 0.542905 0.344075 128 128 128
1.88892 0.521967 0.345331 128 128 128
1.89519 0.498748 0.345331 128 128 128
1.89254 0.473291 0.343919 128 128 128
1.89533 0.449346 0.343448 128 128 128
1.89588 0.42497 0.342663 128 128 128
1.89709 0.400853 0.342035 128 128 128
1.89993 0.377157 0.341721 128 128 128
1.89956 0.352908 0.340936 128 128 128
1.90083 0.329064 0.340466 128 128 128
1.90082 0.305084 0.339838 128 128 128
1.91126 0.282752 0.340936 128 128 128
1.91361 0.259143 0.340779 128 128 128
1.91566 0.235519 0.340623 128 128 128
1.91546 0.211666 0.340152 128 128 128
1.91497 0.187853 0.339681 128 128 128
1.91221 0.163914 0.338896 128 128 128
1.91605 0.140582 0.33921 128 128 128
1.91763 0.117059 0.33921 128 128 128
1.92287 0.0937127 0.339838 128 128 128
1.92091 0.0699991 0.339367 128 128 128
1.9236 0.0464704 0.339681 128 128 128
1.92106 0.0228241 0.33921 128 128 128
1.91823 -0.0007529 0.338739 128 128 128
1.91512 -0.0242571 0.338268 128 128 128
1.91468 -0.0477567 0.338268 128 128 128
1.91296 -0.0712131 0.338111 128 128 128
1.91391 -0.094779 0.338425 128 128 128
1.91458 -0.118379 0.338739 128 128 128
1.912 -0.141793 0.338582 128 128 128
1.91503 -0.165667 0.339367 128 128 128
1.90401 -0.188287 0.337954 128 128 128
1.90646 -0.21218 0.338739 128 128 128
1.90078 -0.235198 0.338268 128 128 128
1.89677 -0.258373 0.338111 128 128 128
1.89736 -0.282208 0.338739 128 128 128
1.89083 -0.305001 0.338268 128 128 128
1.88695 -0.328181 0.338268 128 128 128
1.88472 -0.351673 0.338582 128 128 128
1.87639 -0.374006 0.337954 128 128 128
1.87069 -0.396799 0.337797 128 128 128
1.86857 -0.420374 0.338268 128 128 128
1.86519 -0.443728 0.338582 128 128 128
1.86056 -0.466823 0.338739 128 128 128
1.85756 -0.490374 0.33921 128 128 128
1.85045 -0.51287 0.339053 128 128 128
1.84497 -0.535814 0.33921 128 128 128
1.83542 -0.557555 0.338739 128 128 128
1.83126 -0.58093 0.33921 128 128 128
1.82587 -0.603978 0.339524 128 128 128
1.82393 -0.628264 0.340466 128 128 128
1.81515 -0.650267 0.340309 128 128 128
1.81259 -0.674556 0.34125 128 128 128
0.944721 -1.93718 0.376408 128 128 128
0.924258 -1.95576 0.377663 128 128 128
0.898953 -1.96427 0.377192 128 128 128
0.880388 -1.98779 0.37939 128 128 128
0.857486 -2.00207 0.380017 128 128 128
0.833987 -2.01518 0.380488 128 128 128
0.813232 -2.03535 0.382215 128 128 128
0.789973 -2.04978 0.382999 128 128 128
0.768203 -2.06858 0.384569 128 128 128
0.74709 -2.08994 0.386609 128 128 128
0.722994 -2.10362 0.387394 128 128 128
0.697435 -2.11327 0.387551 128 128 128
0.674734 -2.13202 0.389278 128 128 128
0.650816 -2.1477 0.390533 128 128 128
0.626339 -2.16217 0.391632 128 128 128
0.599231 -2.16779 0.391318 128 128 128
0.576616 -2.19026 0.393829 128 128 128
0.554259 -2.21537 0.396811 128 128 128
0.527946 -2.22584 0.397439 128 128 128
0.504275 -2.24854 0.400107 128 128 128
0.477258 -2.25745 0.400578 128 128 128
0.450678 -2.26895 0.40152 128 128 128
0.423887 -2.28014 0.402461 128 128 128
0.396889 -2.291 0.403403 128 128 128
0.370317 -2.30545 0.404973 128 128 128
0.343014 -2.31666 0.406071 128 128 128
0.315358 -2.32657 0.407013 128 128 128
0.287269 -2.33418 0.407641 128 128 128
0.259258 -2.34342 0.408583 128 128 128
0.231452 -2.35626 0.410152 128 128 128
0.2032 -2.36679 0.411408 128 128 128
0.174506 -2.37403 0.412192 128 128 128
0.146029 -2.38684 0.413919 128 128 128
0.116874 -2.39141 0.41439 128 128 128
0.0877023 -2.3976 0.415175 128 128 128
0.0584698 -2.40639 0.41643 128 128 128
0.0290595 -2.4168 0.418 128 128 128
-0.000603584 -2.4071 0.41643 128 128 128
-0.0304378 -2.4316 0.420354 128 128 128
-0.0606101 -2.44487 0.422551 128 128 128
-0.0911125 -2.45775 0.424749 128 128 128
-0.122229 -2.47618 0.427888 128 128 128
-0.152848 -2.47844 0.428515 128 128 128
-0.183467 -2.47933 0.428986 128 128 128
-0.214808 -2.48772 0.430713 128 128 128
-0.246477 -2.49669 0.432596 128 128 128
-0.2784 -2.50525 0.43448 128 128 128
-0.311413 -2.52027 0.437462 128 128 128
-0.342185 -2.51528 0.437305 128 128 128
-0.342223 -2.3028 0.403874 128 128 128
-0.327863 -2.0332 0.361183 128 128 128
-0.351778 -2.02318 0.360241 128 128 128
-0.38073 -2.04105 0.363851 128 128 128
-0.505206 -2.53703 0.444995 128 128 128
-0.537527 -2.53644 0.445937 128 128 128
-0.570557 -2.53832 0.44735 128 128 128
-0.603715 -2.53978 0.448762 128 128 128
-0.635795 -2.53601 0.44939 128 128 128
-0.668376 -2.53375 0.450332 128 128 128
-0.701787 -2.53392 0.451744 128 128 128
-0.733379 -2.52702 0.452058 128 128 128
-0.768057 -2.53012 0.454099 128 128 128
-0.80173 -2.52897 0.455511 128 128 128
-0.840441 -2.54239 0.459435 128 128 128
-0.871256 -2.53095 0.459278 128 128 128
-0.908566 -2.53774 0.46226 128 128 128
-0.942733 -2.53473 0.463673 128 128 128
-0.975543 -2.52758 0.464457 128 128 128
-1.01638 -2.54018 0.468695 128 128 128
-1.04974 -2.53299 0.469637 128 128 128
-1.08658 -2.53354 0.471991 128 128 128
-1.11999 -2.52543 0.472933 128 128 128
-1.15336 -2.51688 0.473874 128 128 128
-1.1888 -2.51236 0.475601 128 128 128
-1.22344 -2.50557 0.477013 128 128 128
-1.26474 -2.51155 0.48078 128 128 128
-1.29592 -2.49671 0.480937 128 128 128
-1.33437 -2.49543 0.483605 128 128 128
-1.36347 -2.47627 0.483135 128 128 128
-1.39862 -2.46795 0.484704 128 128 128
-1.43824 -2.46682 0.487686 128 128 128
-1.46891 -2.44983 0.487843 128 128 128
-1.50612 -2.44339 0.49004 128 128 128
-1.53335 -2.42055 0.489256 128 128 128
-1.56778 -2.40901 0.490668 128 128 128
-1.60216 -2.39698 0.492081 128 128 128
-1.63145 -2.37714 0.492081 128 128 128
-1.67358 -2.37551 0.495691 128 128 128
-1.70954 -2.3644 0.497574 128 128 128
-1.74842 -2.35673 0.500242 128 128 128
-1.79156 -2.35397 0.504009 128 128 128
-1.82639 -2.33959 0.505579 128 128 128
-1.85743 -2.32009 0.506206 128 128 128
-1.88576 -2.29712 0.506206 128 128 128
-1.92397 -2.2859 0.508718 128 128 128
-1.96091 -2.27259 0.510915 128 128 128
-2.00238 -2.2639 0.514211 128 128 128
-2.032 -2.24135 0.514682 128 128 128
-2.07078 -2.22855 0.51735 128 128 128
-2.10478 -2.21013 0.51892 128 128 128
-2.13381 -2.18625 0.51939 128 128 128
-2.16257 -2.162 0.519861 128 128 128
-2.19459 -2.14082 0.521117 128 128 128
-2.22499 -2.11781 0.522059 128 128 128
-2.26166 -2.10043 0.524413 128 128 128
-2.29092 -2.07584 0.525198 128 128 128
-2.31696 -2.04822 0.525355 128 128 128
-2.34865 -2.02545 0.526767 128 128 128
-2.37409 -1.99711 0.526924 128 128 128
-2.40758 -1.97534 0.528808 128 128 128
-2.43318 -1.94689 0.529121 128 128 128
-2.46389 -1.92235 0.530534 128 128 128
-2.50615 -1.90633 0.534301 128 128 128
-2.53174 -1.8772 0.534772 128 128 128
-2.56259 -1.85177 0.536341 128 128 128
-2.59803 -1.82929 0.538852 128 128 128
-2.64227 -1.81236 0.54309 128 128 128
-2.66185 -1.77816 0.542619 128 128 128
-2.69671 -1.75398 0.54513 128 128 128
-0.945311 -0.597431 0.211608 128 128 128
-0.923989 -0.568162 0.206272 128 128 128
-0.920729 -0.550685 0.204389 128 128 128
-0.932536 -0.54233 0.20533 128 128 128
-0.927093 -0.524027 0.203133 128 128 128
-0.938644 -0.515469 0.204075 128 128 128
-0.957091 -0.510433 0.206272 128 128 128
-0.99396 -0.514578 0.211765 128 128 128
-2.93623 -1.4776 0.556274 128 128 128
-2.95947 -1.44406 0.557216 128 128 128
-2.97518 -1.40679 0.556902 128 128 128
-3.00479 -1.37593 0.559099 128 128 128
-3.03499 -1.34496 0.561453 128 128 128
-3.04672 -1.30567 0.560669 128 128 128
-3.07347 -1.27272 0.562552 128 128 128
-3.08794 -1.23454 0.562395 128 128 128
-3.11575 -1.20154 0.564592 128 128 128
-3.2083 -0.930058 0.564749 128 128 128
-3.25564 -0.900638 0.570714 128 128 128
-3.27026 -0.861626 0.571341 128 128 128
-3.28347 -0.822151 0.571812 128 128 128
-3.30195 -0.783852 0.573225 128 128 128
-3.29205 -0.738939 0.570086 128 128 128
-3.32309 -0.703197 0.573696 128 128 128
-3.33244 -0.662557 0.573853 128 128 128
-3.33741 -0.62107 0.573382 128 128 128
-3.32921 -0.577362 0.570871 128 128 128
-3.3614 -0.54055 0.574951 128 128 128
-3.37168 -0.499841 0.575579 128 128 128
-3.37756 -0.458428 0.575579 128 128 128
-3.38293 -0.416945 0.575579 128 128 128
-3.39833 -0.250377 0.575422 128 128 128
-3.42875 -0.21036 0.579817 128 128 128
-3.44488 -0.168951 0.582014 128 128 128
-3.42597 -0.125894 0.578718 128 128 128
-3.4583 -0.00502683 0.496051 128 128 128
-3.44323 0.0372342 0.494067 128 128 128
-3.45738 0.0798455 0.496051 128 128 128
-3.48288 0.123244 0.499622 128 128 128
-3.47121 0.165491 0.4983 128 128 128
-3.46793 0.208016 0.498167 128 128 128
-3.43094 0.418101 0.495787 128 128 128
-3.42751 0.460439 0.496051 128 128 128
-3.42847 0.503481 0.496977 128 128 128
-3.41322 0.544101 0.495787 128 128 128
-3.41312 0.58713 0.496713 128 128 128
-3.39884 0.627702 0.495787 128 128 128
-3.40158 0.671488 0.497242 128 128 128
-3.38435 0.711335 0.496051 128 128 128
-3.37247 0.752162 0.495655 128 128 128
-3.36105 0.793033 0.49539 128 128 128
-3.33291 0.87326 0.494332 128 128 128
-3.14767 0.907632 0.471716 128 128 128
-3.16689 1.26107 0.489438 128 128 128
-3.11821 1.28619 0.484677 128 128 128
-3.10674 1.32631 0.485339 128 128 128
-3.07936 1.35952 0.483751 128 128 128
-3.06334 1.39762 0.483884 128 128 128
-3.04327 1.43383 0.483487 128 128 128
-3.02545 1.47107 0.483487 128 128 128
-3.00717 1.50809 0.483487 128 128 128
-2.9814 1.54123 0.482429 128 128 128
-2.95964 1.5763 0.482032 128 128 128
-2.9392 1.61202 0.4819 128 128 128
-2.91144 1.64357 0.48071 128 128 128
-2.88848 1.67768 0.480313 128 128 128
-2.86002 1.70841 0.479122 128 128 128
-2.83631 1.74182 0.478726 128 128 128
-2.81304 1.77544 0.478461 128 128 128
-2.78356 1.80496 0.477271 128 128 128
-2.76285 1.84008 0.477535 128 128 128
-2.72944 1.86656 0.475816 128 128 128
-2.68849 1.88737 0.472906 128 128 128
-2.66352 1.91906 0.472642 128 128 128
-2.62942 1.94392 0.470923 128 128 128
-2.60773 1.97784 0.471319 128 128 128
-2.57389 2.00238 0.469732 128 128 128
-2.54061 2.02701 0.468277 128 128 128
-2.50634 2.05049 0.46669 128 128 128
-2.4772 2.0779 0.466029 128 128 128
-2.44701 2.10426 0.465236 128 128 128
-2.41209 2.12625 0.463649 128 128 128
-2.37553 2.14638 0.461797 128 128 128
-2.34247 2.1693 0.460607 128 128 128
-2.30634 2.189 0.458887 128 128 128
-2.28002 2.21783 0.459019 128 128 128
-2.22458 2.21761 0.453729 128 128 128
-2.20413 2.25184 0.455052 128 128 128
-2.17086 2.27297 0.453994 128 128 128
-2.14145 2.29799 0.453729 128 128 128
-2.10577 2.31602 0.452274 128 128 128
-2.07128 2.335 0.451084 128 128 128
-2.03793 2.35499 0.450158 128 128 128
-2.00377 2.37376 0.4491 128 128 128
-1.96694 2.38898 0.447513 128 128 128
-1.9381 2.41371 0.447645 128 128 128
-1.90589 2.43419 0.447116 128 128 128
-1.86867 2.44793 0.445529 128 128 128
-1.83495 2.4659 0.444736 128 128 128
-1.80048 2.48261 0.44381 128 128 128
-1.75846 2.48831 0.441165 128 128 128
-1.72835 2.51052 0.441297 128 128 128
-1.68089 2.50682 0.437329 128 128 128
-1.65757 2.53889 0.439181 128 128 128
-1.62204 2.55234 0.438123 128 128 128
-1.57864 2.55265 0.435081 128 128 128
-1.54311 2.56503 0.434023 128 128 128
-1.50153 2.56665 0.431378 128 128 128
-1.45966 2.56677 0.428601 128 128 128
-1.42996 2.58796 0.42913 128 128 128
-1.39155 2.59308 0.427278 128 128 128
-1.3546 2.60028 0.425823 128 128 128
-1.32036 2.61228 0.425162 128 128 128
-1.27646 2.60424 0.421591 128 128 128
-1.24568 2.6224 0.421988 128 128 128
-1.20927 2.62848 0.420665 128 128 128
-1.17411 2.63678 0.419739 128 128 128
-1.13932 2.64552 0.418946 128 128 128
-1.10639 2.65839 0.418814 128 128 128
-1.07 2.66256 0.417491 128 128 128
-1.03439 2.66809 0.416433 128 128 128
-0.998805 2.67315 0.415375 128 128 128
-0.963587 2.67868 0.414449 128 128 128
-0.927093 2.67999 0.412994 128 128 128
-0.889156 2.67611 0.410878 128 128 128
-0.85505 2.68304 0.410349 128 128 128
-0.816876 2.67626 0.407969 128 128 128
-0.785631 2.69179 0.408762 128 128 128
-0.749099 2.68881 0.407043 128 128 128
-0.714023 2.69014 0.405985 128 128 128
-0.674929 2.67466 0.402678 128 128 128
-0.641139 2.67888 0.402149 128 128 128
-0.605389 2.67398 0.40043 128 128 128
-0.570268 2.67054 0.398975 128 128 128
-0.534742 2.66373 0.397124 128 128 128
-0.498561 2.65157 0.394611 128 128 128
-0.467852 2.66823 0.396065 128 128 128
-0.427974 2.62974 0.390114 128 128 128
-0.396546 2.64068 0.390907 128 128 128
-0.36264 2.63454 0.389453 128 128 128
-0.329066 2.62895 0.38813 128 128 128
-0.297219 2.63673 0.388659 128 128 128
-0.263767 2.62933 0.387204 128 128 128
-0.23097 2.62645 0.386411 128 128 128
-0.198575 2.62711 0.386146 128 128 128
-0.165405 2.6145 0.384162 128 128 128
-0.133064 2.61139 0.383501 128 128 128
-0.100788 2.60688 0.382708 128 128 128
-0.0685434 2.59801 0.381385 128 128 128
-0.0365818 2.59271 0.380591 128 128 128
-0.00476011 2.58503 0.379533 128 128 128
0.0267966 2.57102 0.377682 128 128 128
0.0580326 2.55762 0.375962 128 128 128
0.0893418 2.55473 0.375698 128 128 128
0.120154 2.54255 0.374243 128 128 128
0.150681 2.53 0.372788 128 128 128
0.180845 2.5161 0.371201 128 128 128
0.21103 2.50579 0.370143 128 128 128
0.240795 2.49315 0.368821 128 128 128
0.267994 2.45947 0.364721 128 128 128
0.299487 2.46681 0.366176 128 128 128
0.32734 2.44527 0.363795 128 128 128
0.356307 2.43421 0.362869 128 128 128
0.383637 2.41399 0.360753 128 128 128
0.41154 2.39934 0.35943 128 128 128
0.439866 2.38826 0.358637 128 128 128
0.468368 2.37879 0.358108 128 128 128
0.495269 2.3622 0.356653 128 128 128
0.523786 2.35401 0.356389 128 128 128
0.550346 2.33776 0.355066 128 128 128
0.578271 2.32794 0.354669 128 128 128
0.605029 2.31396 0.353743 128 128 128
0.631002 2.29776 0.352553 128 128 128
0.659152 2.28985 0.352553 128 128 128
0.685765 2.27684 0.351892 128 128 128
0.712756 2.26542 0.351495 128 128 128
0.732116 2.23109 0.347924 128 128 128
0.76105 2.22662 0.348585 128 128 128
0.786649 2.21245 0.347924 128 128 128
0.812705 2.19984 0.347527 128 128 128
0.835718 2.17953 0.346073 128 128 128
0.857252 2.15622 0.344221 128 128 128
0.88289 2.14371 0.343956 128 128 128
0.905618 2.12451 0.342766 128 128 128
0.928811 2.1069 0.34184 128 128 128
0.952121 2.08993 0.341047 128 128 128
0.973037 2.06823 0.339592 128 128 128
0.994868 2.04901 0.338534 128 128 128
1.01905 2.03488 0.338269 128 128 128
1.04166 2.01782 0.337608 128 128 128
1.05934 1.99177 0.335624 128 128 128
1.07271 1.95864 0.332582 128 128 128
1.0952 1.94274 0.332186 128 128 128
1.11547 1.92316 0.33126 128 128 128
1.13797 1.90763 0.330995 128 128 128
1.16181 1.89436 0.331128 128 128 128
1.1749 1.86405 0.328615 128 128 128
1.1939 1.84367 0.327689 128 128 128
1.21369 1.82476 0.327028 128 128 128
1.22926 1.79992 0.325441 128 128 128
1.2484 1.78065 0.324779 128 128 128
1.26958 1.76439 0.324647 128 128 128
1.29114 1.74868 0.324647 128 128 128
1.3053 1.72323 0.32306 128 128 128
1.32269 1.7024 0.322266 128 128 128
1.34658 1.68991 0.322928 128 128 128
1.00075 1.22644 0.245822 128 128 128
0.995309 1.18979 0.24159 128 128 128
1.05837 1.23379 0.251509 128 128 128
1.41015 1.60174 0.319357 128 128 128
1.4317 1.58652 0.319754 128 128 128
1.4396 1.55648 0.317505 128 128 128
1.45927 1.53942 0.317637 128 128 128
1.47528 1.51856 0.317108 128 128 128
1.49171 1.49823 0.316712 128 128 128
1.50927 1.47912 0.316579 128 128 128
1.52515 1.45844 0.316183 128 128 128
1.54003 1.43691 0.315654 128 128 128
1.56049 1.42057 0.316183 128 128 128
1.56741 1.39212 0.314331 128 128 128
1.58212 1.37084 0.313934 128 128 128
1.58518 1.33983 0.311554 128 128 128
1.59078 1.31147 0.309702 128 128 128
1.60598 1.29123 0.30957 128 128 128
1.6467 1.29094 0.313802 128 128 128
1.63718 1.25143 0.30957 128 128 128
1.65003 1.22947 0.309173 128 128 128
1.65294 1.20041 0.307189 128 128 128
1.64486 1.16405 0.303486 128 128 128
1.20141 0.829613 0.229422 128 128 128
1.2049 0.8104 0.228364 128 128 128
1.69241 1.10651 0.304412 128 128 128
1.69665 1.07982 0.302957 128 128 128
1.67434 1.03707 0.297402 128 128 128
1.72774 1.04091 0.303751 128 128 128
1.73011 1.01364 0.302163 128 128 128
1.73983 0.990868 0.301767 128 128 128
1.74925 0.968008 0.30137 128 128 128
1.76013 0.946001 0.301238 128 128 128
1.76984 0.923417 0.300973 128 128 128
1.77927 0.900737 0.300709 128 128 128
1.76792 0.867959 0.297402 128 128 128
1.79905 0.855952 0.300444 128 128 128
1.7986 0.828854 0.298857 128 128 128
1.79505 0.800691 0.296873 128 128 128
1.80747 0.779775 0.29727 128 128 128
1.80042 0.750703 0.294889 128 128 128
1.80214 0.725606 0.293831 128 128 128
1.81461 0.704864 0.29436 128 128 128
1.82312 0.682543 0.29436 128 128 128
1.83416 0.661122 0.294757 128 128 128
1.83745 0.63695 0.294096 128 128 128
1.84418 0.614043 0.293963 128 128 128
1.8478 0.590167 0.293434 128 128 128
1.86439 0.570327 0.294757 128 128 128
1.85792 0.543537 0.292905 128 128 128
1.86254 0.520167 0.292641 128 128 128
1.87453 0.498789 0.293434 128 128 128
1.86898 0.472854 0.291847 128 128 128
1.87753 0.450571 0.292244 128 128 128
1.87905 0.426627 0.291715 128 128 128
1.88608 0.403948 0.29198 128 128 128
1.88701 0.379997 0.291451 128 128 128
1.88276 0.355177 0.29026 128 128 128
1.89577 0.333573 0.291451 128 128 128
1.8958 0.309653 0.290922 128 128 128
1.90044 0.286511 0.291054 128 128 128
1.8989 0.2625 0.290393 128 128 128
1.91379 0.240637 0.29198 128 128 128
1.91364 0.216805 0.291583 128 128 128
1.90235 0.191941 0.289731 128 128 128
1.90752 0.168838 0.290128 128 128 128
1.90451 0.145051 0.289467 128 128 128
1.90911 0.121852 0.289864 128 128 128
1.89858 0.0978281 0.288276 128 128 128
1.89964 0.0745222 0.288276 128 128 128
1.92023 0.0516976 0.290922 128 128 128
1.90883 0.02798 0.289335 128 128 128
1.90704 0.00455302 0.28907 128 128 128
1.90497 -0.018826 0.288806 128 128 128
1.90559 -0.0422255 0.288938 128 128 128
1.91582 -0.0660048 0.290393 128 128 128
1.90398 -0.0889783 0.288938 128 128 128
1.8978 -0.112034 0.288276 128 128 128
1.91407 -0.136622 0.290657 128 128 128
1.90336 -0.159337 0.289467 128 128 128
1.89831 -0.182392 0.28907 128 128 128
1.89297 -0.205346 0.288673 128 128 128
1.88932 -0.22844 0.288541 128 128 128
1.89325 -0.252539 0.289467 128 128 128
1.87923 -0.274157 0.288012 128 128 128
1.89236 -0.299869 0.29026 128 128 128
1.89342 -0.323914 0.290922 128 128 128
1.86981 -0.343502 0.288276 128 128 128
1.87129 -0.36758 0.28907 128 128 128
1.86955 -0.391131 0.289467 128 128 128
1.86654 -0.414478 0.289731 128 128 128
1.85456 -0.435751 0.288806 128 128 128
1.85196 -0.459198 0.289202 128 128 128
1.8481 -0.482394 0.289467 128 128 128
1.8344 -0.502924 0.288409 128 128 128
1.83475 -0.527328 0.289335 128 128 128
1.82625 -0.549229 0.28907 128 128 128
1.81559 -0.570402 0.288541 128 128 128
1.81787 -0.595745 0.289864 128 128 128
1.80948 -0.617686 0.289731 128 128 128
1.7999 -0.639178 0.289467 128 128 128
1.79471 -0.662252 0.289864 128 128 128
1.78922 -0.685296 0.29026 128 128 128
1.77976 -0.706833 0.290128 128 128 128
1.77461 -0.730136 0.290657 128 128 128
1.77281 -0.75498 0.291715 128 128 128
1.77066 -0.77989 0.292773 128 128 128
1.74563 -0.794547 0.290525 128 128 128
1.74202 -0.818874 0.291451 128 128 128
1.73095 -0.839755 0.291318 128 128 128
1.72583 -0.863605 0.292112 128 128 128
1.71246 -0.88335 0.291715 128 128 128
1.70587 -0.906633 0.292376 128 128 128
1.69201 -0.926066 0.29198 128 128 128
1.6831 -0.948224 0.292376 128 128 128
1.67048 -0.968308 0.292244 128 128 128
1.66188 -0.990772 0.292773 128 128 128
1.65044 -1.01161 0.292905 128 128 128
1.63706 -1.03126 0.292773 128 128 128
1.62594 -1.05235 0.293038 128 128 128
1.62033 -1.07718 0.294228 128 128 128
1.60862 -1.0981 0.294493 128 128 128
1.59097 -1.11491 0.293831 128 128 128
1.5844 -1.13957 0.295022 128 128 128
1.56711 -1.15657 0.294493 128 128 128
1.57253 -1.19071 0.297799 128 128 128
1.5578 -1.20992 0.297799 128 128 128
1.54361 -1.22956 0.297931 128 128 128
1.33975 -1.54611 0.307586 128 128 128
1.32323 -1.56546 0.308115 128 128 128
1.30644 -1.58465 0.308644 128 128 128
1.24722 -1.63166 0.308644 128 128 128
1.25487 -1.68425 0.31486 128 128 128
1.2405 -1.70836 0.316315 128 128 128
1.22001 -1.72427 0.316447 128 128 128
1.19988 -1.74074 0.316712 128 128 128
1.0549 -1.85279 0.319092 128 128 128
1.034 -1.86907 0.319621 128 128 128
0.994215 -1.9062 0.321473 128 128 128
0.969411 -1.9156 0.321076 128 128 128
0.946265 -1.92824 0.321208 128 128 128
0.928893 -1.95315 0.323192 128 128 128
0.899485 -1.95269 0.321473 128 128 128
0.88269 -1.97989 0.323853 128 128 128
0.85481 -1.98237 0.322663 128 128 128
0.838011 -2.01102 0.325308 128 128 128
0.814375 -2.02392 0.325705 128 128 128
0.790905 -2.03746 0.326234 128 128 128
0.76688 -2.0498 0.326631 128 128 128
0.747684 -2.07585 0.329011 128 128 128
0.723122 -2.08768 0.329408 128 128 128
0.699627 -2.10298 0.330334 128 128 128
0.676164 -2.11897 0.331392 128 128 128
0.654431 -2.14133 0.333376 128 128 128
0.630315 -2.15682 0.334434 128 128 128
0.605123 -2.16917 0.335095 128 128 128
0.580482 -2.1841 0.336153 128 128 128
0.555565 -2.19875 0.337211 128 128 128
0.53244 -2.22179 0.33946 128 128 128
0.506657 -2.23493 0.340386 128 128 128
0.480426 -2.2468 0.341179 128 128 128
0.452819 -2.25252 0.341179 128 128 128
0.427869 -2.27253 0.343163 128 128 128
0.401477 -2.2864 0.344353 128 128 128
0.374335 -2.29702 0.345147 128 128 128
0.347431 -2.31027 0.346337 128 128 128
0.320792 -2.32712 0.348056 128 128 128
0.292697 -2.33482 0.348585 128 128 128
0.264462 -2.34218 0.349114 128 128 128
0.236284 -2.35116 0.349908 128 128 128
0.208182 -2.36277 0.351098 128 128 128
0.179831 -2.37405 0.352289 128 128 128
0.151295 -2.38597 0.353611 128 128 128
0.122493 -2.39755 0.354934 128 128 128
0.0931361 -2.40085 0.355198 128 128 128
0.0638148 -2.40776 0.355992 128 128 128
0.0343379 -2.41431 0.356785 128 128 128
0.00470955 -2.4195 0.357447 128 128 128
-0.0251597 -2.43424 0.35943 128 128 128
-0.0551499 -2.43871 0.360092 128 128 128
-0.0855066 -2.44973 0.361679 128 128 128
-0.116529 -2.4683 0.364324 128 128 128
-0.146931 -2.46866 0.364588 128 128 128
-0.177505 -2.47063 0.365117 128 128 128
-0.210521 -2.49987 0.36935 128 128 128
-0.240408 -2.4892 0.368292 128 128 128
-0.273115 -2.50577 0.370937 128 128 128
-0.304207 -2.50518 0.371333 128 128 128
-0.33506 -2.50224 0.371466 128 128 128
-0.366467 -2.50284 0.372127 128 128 128
-0.323758 -2.04112 0.310363 128 128 128
-0.348273 -2.03406 0.309967 128 128 128
-0.373933 -2.03353 0.310496 128 128 128
-0.397507 -2.02198 0.30957 128 128 128
-0.533193 -2.54161 0.38112 128 128 128
-0.566294 -2.54358 0.382311 128 128 128
-0.60021 -2.54801 0.383898 128 128 128
-0.632636 -2.54526 0.384559 128 128 128
-0.664579 -2.54018 0.384956 128 128 128
-0.696758 -2.53566 0.385485 128 128 128
-0.728649 -2.52977 0.385882 128 128 128
-0.764237 -2.53582 0.387998 128 128 128
-0.797092 -2.53192 0.388791 128 128 128
-0.829967 -2.52759 0.389585 128 128 128
-0.861888 -2.52003 0.389982 128 128 128
-0.901423 -2.53353 0.39342 128 128 128
-0.937967 -2.53715 0.395536 128 128 128
-0.974021 -2.53839 0.397388 128 128 128
-1.00841 -2.53453 0.398578 128 128 128
-1.04247 -2.5293 0.399636 128 128 128
-1.07694 -2.52451 0.400827 128 128 128
-1.11827 -2.53467 0.404265 128 128 128
-1.15136 -2.52526 0.404927 128 128 128
-1.18692 -2.5208 0.406381 128 128 128
-1.22385 -2.51852 0.408233 128 128 128
-1.26089 -2.51571 0.410085 128 128 128
-1.2935 -2.50357 0.410614 128 128 128
-1.32973 -2.498 0.412201 128 128 128
-1.36362 -2.48757 0.413127 128 128 128
-1.39746 -2.47669 0.414052 128 128 128
-1.42875 -2.46107 0.414317 128 128 128
-1.46801 -2.45865 0.416697 128 128 128
-1.50171 -2.44636 0.417623 128 128 128
-1.53162 -2.42775 0.417623 128 128 128
-1.56832 -2.41957 0.419343 128 128 128
-1.59844 -2.40097 0.419475 128 128 128
-1.62947 -2.38363 0.419872 128 128 128
-1.66715 -2.37561 0.421855 128 128 128
-1.70953 -2.37345 0.424897 128 128 128
-1.7462 -2.36265 0.426617 128 128 128
-1.78226 -2.35051 0.428204 128 128 128
-1.82011 -2.34019 0.430188 128 128 128
-1.85365 -2.32387 0.431246 128 128 128
-1.89271 -2.31397 0.433494 128 128 128
-1.92479 -2.29513 0.434288 128 128 128
-1.95087 -2.26908 0.433891 128 128 128
-1.9976 -2.26651 0.437726 128 128 128
-2.03192 -2.24917 0.439049 128 128 128
-2.06679 -2.23206 0.440504 128 128 128
-2.09949 -2.21227 0.441562 128 128 128
-2.12717 -2.18705 0.441694 128 128 128
-2.16506 -2.172 0.44381 128 128 128
-2.20432 -2.15773 0.446191 128 128 128
-2.23135 -2.1312 0.446323 128 128 128
-2.26605 -2.11176 0.44791 128 128 128
-2.29619 -2.08779 0.448703 128 128 128
-2.3261 -2.06339 0.449497 128 128 128
-2.35349 -2.03664 0.449894 128 128 128
-2.38741 -2.01526 0.451481 128 128 128
-2.41196 -1.98581 0.451481 128 128 128
-2.44698 -1.96474 0.453332 128 128 128
-2.47793 -1.94005 0.454523 128 128 128
-2.51339 -1.91851 0.456507 128 128 128
-2.54311 -1.89225 0.457565 128 128 128
-2.5822 -1.87251 0.46021 128 128 128
-2.61471 -1.84754 0.461797 128 128 128
-2.64208 -1.81868 0.46259 128 128 128
-2.67327 -1.79218 0.464045 128 128 128
-2.70503 -1.76573 0.465632 128 128 128
-2.73319 -1.73664 0.46669 128 128 128
-0.958021 -0.595384 0.185117 128 128 128
-0.957605 -0.578994 0.183926 128 128 128
-0.935526 -0.55022 0.179429 128 128 128
-0.942207 -0.538698 0.179429 128 128 128
-0.941801 -0.52327 0.178371 128 128 128
-0.95864 -0.517283 0.179959 128 128 128
-0.993946 -0.520553 0.184323 128 128 128
-1.00557 -0.510993 0.185117 128 128 128
-2.98277 -1.46135 0.4778 128 128 128
-3.00227 -1.42548 0.478064 128 128 128
-3.02044 -1.38895 0.478197 128 128 128
-3.04088 -1.35338 0.478726 128 128 128
-3.06728 -1.32026 0.480181 128 128 128
-3.0805 -1.28139 0.479784 128 128 128
-3.10796 -1.24828 0.481503 128 128 128
-3.12212 -1.20968 0.481371 128 128 128
-3.13022 -1.16886 0.480445 128 128 128
-3.16019 -1.13604 0.482693 128 128 128
-3.17577 -1.09782 0.482958 128 128 128
-3.189 -1.05877 0.482958 128 128 128
-3.2027 -1.01985 0.48309 128 128 128
-3.22351 -0.983066 0.48428 128 128 128
-3.24485 -0.946199 0.485603 128 128 128
-3.24189 -0.902338 0.483619 128 128 128
-3.26485 -0.738265 0.481239 128 128 128
-3.29888 -0.70349 0.484677 128 128 128
-3.33448 -0.668377 0.48838 128 128 128
-3.35997 -0.630679 0.490761 128 128 128
-3.3782 -0.591267 0.492216 128 128 128
-3.37542 -0.548189 0.490893 128 128 128
-3.39267 -0.508329 0.492348 128 128 128
-3.38884 -0.46532 0.491026 128 128 128
-3.41397 -0.426132 0.493671 128 128 128
-3.42189 -0.384534 0.494067 128 128 128
-3.42537 -0.342416 0.493935 128 128 128
-3.42832 -0.30027 0.493803 128 128 128
-3.47327 -0.261252 0.499358 128 128 128
-3.45445 -0.217266 0.496448 128 128 128
-3.4519 -0.174613 0.495787 128 128 128
-3.46171 -0.132534 0.496845 128 128 128
-3.45218 -0.089773 0.49539 128 128 128
-3.46194 -0.0475149 0.49658 128 128 128
-3.49819 0.172732 0.416355 128 128 128
-3.50772 0.216377 0.417653 128 128 128
-3.48695 0.258092 0.415706 128 128 128
-3.4855 0.301033 0.415922 128 128 128
-3.49737 0.34534 0.417653 128 128 128
-3.48299 0.387137 0.416571 128 128 128
-3.47798 0.42985 0.416571 128 128 128
-3.48229 0.473834 0.417653 128 128 128
-3.46835 0.515366 0.416788 128 128 128
-3.46078 0.557731 0.416679 128 128 128
-3.45172 0.599819 0.416463 128 128 128
-3.4441 0.642131 0.416463 128 128 128
-3.43693 0.684541 0.416571 128 128 128
-3.42536 0.726049 0.416247 128 128 128
-3.42492 0.769988 0.41722 128 128 128
-3.48889 0.874812 0.426631 128 128 128
-3.21736 1.24202 0.410513 128 128 128
-3.17603 1.27107 0.407485 128 128 128
-3.15284 1.30691 0.406619 128 128 128
-3.14205 1.34785 0.407268 128 128 128
-3.10073 1.37543 0.404348 128 128 128
-3.09899 1.42042 0.406187 128 128 128
-3.06425 1.45027 0.404131 128 128 128
-3.03729 1.4834 0.40305 128 128 128
-3.01797 1.52011 0.402941 128 128 128
-2.99644 1.55566 0.402617 128 128 128
-2.96485 1.58576 0.401102 128 128 128
-2.95736 1.62873 0.402617 128 128 128
-2.92763 1.65951 0.401427 128 128 128
-2.89588 1.68881 0.400021 128 128 128
-2.86897 1.72064 0.399263 128 128 128
-2.8561 1.76093 0.400345 128 128 128
-2.8242 1.78946 0.399047 128 128 128
-2.80369 1.82507 0.399263 128 128 128
-2.76538 1.84885 0.397208 128 128 128
-2.74494 1.88433 0.397533 128 128 128
-2.71023 1.90986 0.396018 128 128 128
-2.69787 1.95113 0.397533 128 128 128
-2.65136 1.96751 0.394504 128 128 128
-2.62148 1.99568 0.393747 128 128 128
-2.59601 2.02709 0.393638 128 128 128
-2.55541 2.04637 0.391475 128 128 128
-2.53011 2.07758 0.391475 128 128 128
-2.4991 2.10399 0.390718 128 128 128
-2.45954 2.12281 0.388771 128 128 128
-2.4266 2.14691 0.387797 128 128 128
-2.39713 2.17386 0.387364 128 128 128
-2.35789 2.19161 0.385526 128 128 128
-2.35098 2.23957 0.388554 128 128 128
-2.28133 2.22729 0.382172 128 128 128
-2.25242 2.25372 0.381956 128 128 128
-2.21696 2.27336 0.380766 128 128 128
-2.18272 2.29392 0.379792 128 128 128
-2.13952 2.30451 0.377413 128 128 128
-2.10974 2.32912 0.377196 128 128 128
-2.07705 2.35036 0.376547 128 128 128
-2.03636 2.36213 0.3746 128 128 128
-2.00978 2.38998 0.375033 128 128 128
-1.97715 2.41062 0.374492 128 128 128
-1.94058 2.42617 0.373302 128 128 128
-1.91128 2.45058 0.37341 128 128 128
-1.87143 2.46119 0.371679 128 128 128
-1.83575 2.47679 0.370706 128 128 128
-1.80464 2.49832 0.370598 128 128 128
-1.77213 2.51784 0.370273 128 128 128
-1.72928 2.52219 0.368002 128 128 128
-1.68936 2.52999 0.366271 128 128 128
-1.65765 2.5497 0.366163 128 128 128
-1.62357 2.56565 0.365622 128 128 128
-1.59197 2.58538 0.365622 128 128 128
-1.54478 2.57914 0.362377 128 128 128
-1.50601 2.58588 0.360862 128 128 128
-1.47661 2.60849 0.361403 128 128 128
-1.43298 2.60552 0.358807 128 128 128
-1.39762 2.61677 0.35805 128 128 128
-1.35624 2.61607 0.355886 128 128 128
-1.32001 2.62453 0.354913 128 128 128
-1.28509 2.63517 0.354264 128 128 128
-1.24373 2.63187 0.351992 128 128 128
-1.20761 2.6388 0.351018 128 128 128
-1.17151 2.64524 0.350045 128 128 128
-1.13739 2.65576 0.349612 128 128 128
-1.10243 2.66401 0.348963 128 128 128
-1.06671 2.66996 0.348098 128 128 128
-1.03064 2.6745 0.347124 128 128 128
-0.996703 2.68415 0.3468 128 128 128
-0.960674 2.68775 0.345826 128 128 128
-0.926971 2.69746 0.34561 128 128 128
-0.891616 2.70203 0.344853 128 128 128
-0.85749 2.70992 0.344528 128 128 128
-0.815798 2.69265 0.341391 128 128 128
-0.779646 2.69196 0.340201 128 128 128
-0.741778 2.68408 0.338254 128 128 128
-0.709038 2.69394 0.338362 128 128 128
-0.674234 2.69569 0.337605 128 128 128
-0.639264 2.69602 0.33674 128 128 128
-0.602427 2.68717 0.334901 128 128 128
-0.565697 2.67686 0.332954 128 128 128
-0.5297 2.668 0.331223 128 128 128
-0.496374 2.67136 0.330898 128 128 128
-0.460833 2.66158 0.329167 128 128 128
-0.426714 2.6582 0.328194 128 128 128
-0.390266 2.63767 0.325381 128 128 128
-0.357333 2.63832 0.324949 128 128 128
-0.324442 2.63856 0.324516 128 128 128
-0.291709 2.63938 0.324192 128 128 128
-0.257932 2.62891 0.322677 128 128 128
-0.225054 2.62495 0.32192 128 128 128
-0.192385 2.62156 0.321271 128 128 128
-0.160445 2.62769 0.321704 128 128 128
-0.127355 2.61259 0.319865 128 128 128
-0.0949914 2.606 0.318999 128 128 128
-0.0629065 2.603 0.318567 128 128 128
-0.0308603 2.59562 0.317701 128 128 128
0.000995185 2.58885 0.316944 128 128 128
0.0325349 2.56975 0.314889 128 128 128
0.0642614 2.57711 0.315754 128 128 128
0.0952618 2.55924 0.313915 128 128 128
0.125833 2.541 0.312076 128 128 128
0.156823 2.53628 0.311752 128 128 128
0.186695 2.51731 0.309913 128 128 128
0.217146 2.50988 0.309372 128 128 128
0.245886 2.48625 0.3071 128 128 128
0.274627 2.46724 0.305369 128 128 128
0.305734 2.47059 0.306127 128 128 128
0.334692 2.4568 0.305045 128 128 128
0.360589 2.42399 0.301908 128 128 128
0.390308 2.41938 0.301908 128 128 128
0.417591 2.4007 0.300393 128 128 128
0.445928 2.38953 0.299744 128 128 128
0.474636 2.38095 0.29942 128 128 128
0.501761 2.36522 0.298338 128 128 128
0.530095 2.35597 0.298014 128 128 128
0.555523 2.33478 0.296391 128 128 128
0.583891 2.32683 0.296283 128 128 128
0.611134 2.31468 0.295742 128 128 128
0.637903 2.30126 0.295093 128 128 128
0.66222 2.27989 0.293579 128 128 128
0.688417 2.26588 0.29293 128 128 128
0.715271 2.25442 0.292605 128 128 128
0.742571 2.24453 0.292497 128 128 128
0.769089 2.23243 0.292172 128 128 128
0.78973 2.2041 0.290009 128 128 128
0.815333 2.19051 0.289576 128 128 128
0.83643 2.1655 0.287845 128 128 128
0.864049 2.15784 0.28817 128 128 128
0.883618 2.13055 0.286223 128 128 128
0.909696 2.11954 0.286223 128 128 128
0.929999 2.09549 0.284708 128 128 128
0.956058 2.08483 0.284817 128 128 128
0.976046 2.06125 0.28341 128 128 128
0.999088 2.04465 0.282869 128 128 128
1.01606 2.01626 0.280922 128 128 128
1.0389 2.0001 0.28049 128 128 128
1.06289 1.98633 0.280382 128 128 128
1.07665 1.95397 0.278002 128 128 128
1.10054 1.94061 0.278002 128 128 128
1.11877 1.91751 0.276812 128 128 128
1.1417 1.90279 0.276704 128 128 128
1.15923 1.87932 0.275514 128 128 128
1.17742 1.8574 0.27454 128 128 128
1.19525 1.83531 0.273567 128 128 128
1.21382 1.81472 0.272809 128 128 128
1.23656 1.8005 0.272918 128 128 128
1.25112 1.77463 0.271511 128 128 128
1.26756 1.75189 0.270538 128 128 128
1.28008 1.72422 0.268915 128 128 128
1.30957 1.71946 0.27043 128 128 128
1.32568 1.69699 0.269564 128 128 128
1.00915 1.2591 0.210826 128 128 128
0.989845 1.20435 0.204877 128 128 128
1.01223 1.20124 0.206175 128 128 128
1.023 1.18421 0.205526 128 128 128
1.0335 1.1671 0.204877 128 128 128
1.04308 1.14917 0.20412 128 128 128
1.0456 1.1239 0.202281 128 128 128
1.05931 1.11099 0.202281 128 128 128
1.06592 1.09079 0.201199 128 128 128
1.07431 1.0727 0.200442 128 128 128
1.08668 1.05874 0.200334 128 128 128
1.11831 1.06315 0.203146 128 128 128
1.14802 1.06492 0.205634 128 128 128
1.22729 1.11084 0.21537 128 128 128
1.54688 1.36639 0.259829 128 128 128
1.56579 1.34926 0.260153 128 128 128
1.58679 1.33378 0.260802 128 128 128
1.60919 1.31925 0.261668 128 128 128
1.61672 1.29257 0.260478 128 128 128
1.62933 1.27019 0.260045 128 128 128
1.64163 1.24769 0.259612 128 128 128
1.65362 1.22508 0.25918 128 128 128
1.66611 1.20295 0.258855 128 128 128
1.18581 0.833739 0.192978 128 128 128
1.20087 0.8225 0.193627 128 128 128
1.65058 1.10159 0.251175 128 128 128
1.68397 1.09426 0.253771 128 128 128
1.70735 1.0799 0.255069 128 128 128
1.71201 1.05365 0.253987 128 128 128
1.7231 1.03154 0.253771 128 128 128
1.73563 1.01032 0.253771 128 128 128
1.74358 0.986492 0.25323 128 128 128
1.7512 0.962624 0.252689 128 128 128
1.76463 0.941999 0.252906 128 128 128
1.76988 0.917067 0.252148 128 128 128
1.76679 0.888126 0.250418 128 128 128
1.75701 0.856346 0.24793 128 128 128
1.78896 0.844924 0.250526 128 128 128
1.78744 0.817524 0.24912 128 128 128
1.80279 0.797946 0.249769 128 128 128
1.80331 0.771845 0.248687 128 128 128
1.81265 0.749657 0.248687 128 128 128
1.8171 0.72551 0.248146 128 128 128
1.82586 0.703157 0.248146 128 128 128
1.82969 0.678966 0.247605 128 128 128
1.83508 0.655456 0.247281 128 128 128
1.84111 0.632241 0.247064 128 128 128
1.84212 0.607416 0.246307 128 128 128
1.85133 0.585365 0.246523 128 128 128
1.85362 0.561159 0.245983 128 128 128
1.86132 0.538647 0.246091 128 128 128
1.8697 0.516296 0.246307 128 128 128
1.86725 0.491031 0.245333 128 128 128
1.87217 0.467839 0.245225 128 128 128
1.87487 0.44414 0.244901 128 128 128
1.87921 0.420881 0.244793 128 128 128
1.88131 0.39717 0.244468 128 128 128
1.88507 0.37386 0.24436 128 128 128
1.88854 0.350517 0.244252 128 128 128
1.8927 0.327315 0.244252 128 128 128
1.89363 0.30359 0.243927 128 128 128
1.89819 0.280475 0.244035 128 128 128
1.89854 0.256759 0.243711 128 128 128
1.9045 0.233807 0.244035 128 128 128
1.90723 0.210418 0.244035 128 128 128
1.90967 0.186998 0.244035 128 128 128
1.90786 0.163207 0.243603 128 128 128
1.91071 0.139856 0.243711 128 128 128
1.9093 0.116215 0.243386 128 128 128
1.91059 0.0927761 0.243386 128 128 128
1.91158 0.0693233 0.243386 128 128 128
1.91129 0.0458355 0.243278 128 128 128
1.91569 0.0224268 0.243711 128 128 128
1.91482 -0.00108341 0.243603 128 128 128
1.91566 -0.0245933 0.243711 128 128 128
1.9023 -0.047784 0.242305 128 128 128
1.90852 -0.0713798 0.243062 128 128 128
1.90353 -0.0946003 0.242629 128 128 128
1.90222 -0.117952 0.242629 128 128 128
1.89667 -0.140995 0.242196 128 128 128
1.89678 -0.164429 0.242413 128 128 128
1.89462 -0.187693 0.242413 128 128 128
1.89217 -0.210929 0.242413 128 128 128
1.8924 -0.234498 0.242737 128 128 128
1.88741 -0.257435 0.242521 128 128 128
1.88411 -0.280577 0.242521 128 128 128
1.88936 -0.305097 0.243495 128 128 128
1.87959 -0.327241 0.242846 128 128 128
1.87641 -0.350463 0.242954 128 128 128
1.86807 -0.372688 0.242521 128 128 128
1.86336 -0.395584 0.242521 128 128 128
1.86224 -0.419291 0.242954 128 128 128
1.85212 -0.440965 0.242413 128 128 128
1.84946 -0.464384 0.242737 128 128 128
1.84555 -0.487551 0.242954 128 128 128
1.84038 -0.510427 0.243062 128 128 128
1.83589 -0.533527 0.243278 128 128 128
1.83301 -0.55717 0.243711 128 128 128
1.82603 -0.579621 0.243711 128 128 128
1.81312 -0.600116 0.243062 128 128 128
1.80844 -0.62329 0.243386 128 128 128
1.79597 -0.643762 0.242846 128 128 128
1.79167 -0.667138 0.243278 128 128 128
1.78149 -0.688358 0.243062 128 128 128
1.78122 -0.713489 0.244035 128 128 128
1.77231 -0.760903 0.245117 128 128 128
1.76193 -0.782192 0.245009 128 128 128
1.74949 -0.802513 0.244684 128 128 128
1.7404 -0.824347 0.244793 128 128 128
1.72926 -0.845206 0.244684 128 128 128
1.71876 -0.866363 0.244684 128 128 128
0.965919 -1.92129 0.26924 128 128 128
0.93878 -1.92586 0.268374 128 128 128
0.924005 -1.9561 0.270646 128 128 128
0.901173 -1.97 0.27097 128 128 128
0.877736 -1.98273 0.271187 128 128 128
0.854123 -1.99518 0.271403 128 128 128
0.831096 -2.00919 0.271836 128 128 128
0.807855 -2.02293 0.272269 128 128 128
0.789054 -2.04845 0.274107 128 128 128
0.764204 -2.05892 0.274216 128 128 128
0.74156 -2.07563 0.275081 128 128 128
0.721857 -2.10149 0.277028 128 128 128
0.697574 -2.11491 0.277569 128 128 128
0.672769 -2.1271 0.278002 128 128 128
0.646905 -2.13615 0.27811 128 128 128
0.622304 -2.14965 0.278759 128 128 128
0.599592 -2.17054 0.280273 128 128 128
0.574432 -2.1835 0.280922 128 128 128
0.550494 -2.20196 0.28222 128 128 128
0.522052 -2.20275 0.281571 128 128 128
0.500648 -2.23421 0.284384 128 128 128
0.476283 -2.25477 0.286006 128 128 128
0.449548 -2.26532 0.286547 128 128 128
0.422262 -2.2736 0.286872 128 128 128
0.39654 -2.29134 0.288278 128 128 128
0.369341 -2.30192 0.288927 128 128 128
0.342379 -2.31513 0.289901 128 128 128
0.314344 -2.32212 0.290225 128 128 128
0.287165 -2.33665 0.291415 128 128 128
0.260553 -2.35877 0.29347 128 128 128
0.231881 -2.36476 0.293795 128 128 128
0.202844 -2.36743 0.293795 128 128 128
0.174509 -2.37965 0.294877 128 128 128
0.145783 -2.38955 0.295742 128 128 128
0.116644 -2.39513 0.296175 128 128 128
0.0874636 -2.40235 0.296824 128 128 128
0.0580991 -2.40821 0.297365 128 128 128
0.0286287 -2.4157 0.298122 128 128 128
-0.00101679 -2.42382 0.298987 128 128 128
-0.0309659 -2.44052 0.300826 128 128 128
-0.0613736 -2.45884 0.302881 128 128 128
-0.091871 -2.46685 0.303855 128 128 128
-0.122039 -2.46355 0.303639 128 128 128
-0.153417 -2.48072 0.305694 128 128 128
-0.184359 -2.48559 0.306451 128 128 128
-0.216209 -2.49899 0.308182 128 128 128
-0.247249 -2.5001 0.308615 128 128 128
-0.279442 -2.51071 0.310129 128 128 128
-0.311447 -2.51696 0.311211 128 128 128
-0.34485 -2.53167 0.313266 128 128 128
-0.376183 -2.52921 0.313482 128 128 128
-0.386048 -2.39288 0.298987 128 128 128
-0.356791 -2.05003 0.261668 128 128 128
-0.380467 -2.03768 0.260802 128 128 128
-0.410095 -2.05626 0.263398 128 128 128
-0.542709 -2.55877 0.319865 128 128 128
-0.572327 -2.54416 0.318999 128 128 128
-0.606259 -2.54855 0.320297 128 128 128
-0.640144 -2.55152 0.321487 128 128 128
-0.673939 -2.55309 0.322569 128 128 128
-0.704689 -2.54271 0.322353 128 128 128
-0.738053 -2.54151 0.323218 128 128 128
-0.773224 -2.54558 0.324732 128 128 128
-0.805904 -2.54064 0.325273 128 128 128
-0.841385 -2.54377 0.326788 128 128 128
-0.877387 -2.54736 0.32841 128 128 128
-0.91059 -2.54202 0.329059 128 128 128
-0.947948 -2.54743 0.331006 128 128 128
-0.987006 -2.55601 0.333386 128 128 128
-1.02125 -2.55109 0.334252 128 128 128
-1.05666 -2.54847 0.335442 128 128 128
-1.09295 -2.54719 0.336848 128 128 128
-1.13097 -2.54903 0.338687 128 128 128
-1.16672 -2.54491 0.339877 128 128 128
-1.20338 -2.54208 0.341283 128 128 128
-1.24059 -2.53963 0.342797 128 128 128
-1.27256 -2.52599 0.343014 128 128 128
-1.30895 -2.52077 0.344312 128 128 128
-1.34447 -2.51329 0.345393 128 128 128
-1.37569 -2.49747 0.345502 128 128 128
-1.4126 -2.49165 0.346908 128 128 128
-1.44558 -2.47842 0.347449 128 128 128
-1.47895 -2.46561 0.348098 128 128 128
-1.51326 -2.45405 0.348963 128 128 128
-1.54592 -2.43949 0.349504 128 128 128
-1.58171 -2.42951 0.350694 128 128 128
-1.61803 -2.41983 0.351992 128 128 128
-1.64816 -2.40062 0.3521 128 128 128
-1.68551 -2.39159 0.353615 128 128 128
-1.72754 -2.38845 0.355994 128 128 128
-1.76916 -2.38384 0.358266 128 128 128
-1.8049 -2.37066 0.359456 128 128 128
-1.83936 -2.35538 0.360429 128 128 128
-1.87992 -2.34738 0.362485 128 128 128
-1.90732 -2.3226 0.362268 128 128 128
-1.9536 -2.32032 0.365297 128 128 128
-1.98582 -2.30069 0.365946 128 128 128
-2.02049 -2.28359 0.367028 128 128 128
-2.0497 -2.2601 0.367244 128 128 128
-2.09284 -2.25153 0.369732 128 128 128
-2.13059 -2.23648 0.371355 128 128 128
-2.15579 -2.20803 0.37103 128 128 128
-2.18905 -2.18774 0.372004 128 128 128
-2.22285 -2.16766 0.373086 128 128 128
-2.25504 -2.1457 0.373951 128 128 128
-2.28703 -2.12328 0.374816 128 128 128
-2.31881 -2.10039 0.375682 128 128 128
-2.35036 -2.07705 0.376547 128 128 128
-2.37567 -2.04805 0.376547 128 128 128
-2.40747 -2.02451 0.377521 128 128 128
-2.43521 -1.99733 0.377953 128 128 128
-2.48437 -1.98718 0.381415 128 128 128
-2.50857 -1.95654 0.381415 128 128 128
-2.54426 -1.93464 0.383038 128 128 128
-2.58457 -1.91571 0.385309 128 128 128
-2.6103 -1.8856 0.385634 128 128 128
-2.64788 -1.86373 0.387581 128 128 128
-2.67055 -1.8311 0.387581 128 128 128
-2.70687 -1.80758 0.38942 128 128 128
-2.74301 -1.78344 0.391259 128 128 128
-2.77477 -1.75603 0.392557 128 128 128
-0.952885 -0.585756 0.156956 128 128 128
-0.960854 -0.574529 0.157064 128 128 128
-0.95495 -0.555184 0.155442 128 128 128
-0.964285 -0.544894 0.155766 128 128 128
-0.98135 -0.538774 0.157064 128 128 128
-0.994901 -0.53044 0.15793 128 128 128
-1.00486 -0.520023 0.158363 128 128 128
-3.00367 -1.51092 0.401102 128 128 128
-2.99965 -1.46304 0.398398 128 128 128
-3.02367 -1.4291 0.399155 128 128 128
-3.0455 -1.39396 0.399696 128 128 128
-3.07237 -1.36091 0.400886 128 128 128
-3.09433 -1.32546 0.401535 128 128 128
-3.10393 -1.28472 0.400778 128 128 128
-3.13054 -1.25097 0.402076 128 128 128
-3.14473 -1.2121 0.401968 128 128 128
-3.35551 -0.972168 0.415381 128 128 128
-3.30108 -0.912614 0.407917 128 128 128
-3.32645 -0.875838 0.40954 128 128 128
-3.34659 -0.837368 0.410622 128 128 128
-3.36242 -0.797616 0.411271 128 128 128
-3.36129 -0.753897 0.410081 128 128 128
-3.38974 -0.716713 0.412244 128 128 128
-3.409 -0.677196 0.413434 128 128 128
-3.40826 -0.633673 0.412461 128 128 128
-3.41578 -0.5918 0.412461 128 128 128
-3.43358 -0.551578 0.41365 128 128 128
-3.44992 -0.510861 0.414732 128 128 128
-3.4579 -0.468754 0.414949 128 128 128
-3.48996 -0.213533 0.415706 128 128 128
-3.49431 -0.170787 0.415922 128 128 128
-3.49614 -0.127894 0.415922 128 128 128
-3.52445 -0.00748883 0.331284 128 128 128
-3.52128 0.0357284 0.331034 128 128 128
-3.53652 0.0793126 0.33237 128 128 128
-3.52433 0.122313 0.331451 128 128 128
-3.52355 0.1656 0.331535 128 128 128
-3.53419 0.209609 0.33262 128 128 128
-3.49589 0.423634 0.331034 128 128 128
-3.50129 0.467967 0.331952 128 128 128
-3.49627 0.511043 0.332036 128 128 128
-3.4799 0.552336 0.331201 128 128 128
-3.48071 0.596353 0.331869 128 128 128
-3.46431 0.637389 0.331117 128 128 128
-3.46503 0.681594 0.331869 128 128 128
-3.4564 0.724064 0.331869 128 128 128
-3.43851 0.764469 0.331117 128 128 128
-3.40947 0.802022 0.329447 128 128 128
-3.44191 0.854412 0.333121 128 128 128
-3.3878 0.8852 0.329364 128 128 128
-3.4055 0.934651 0.331869 128 128 128
-3.21231 1.27664 0.325606 128 128 128
-3.18627 1.31178 0.324687 128 128 128
-3.1571 1.34529 0.323518 128 128 128
-3.144 1.38555 0.323852 128 128 128
-3.12042 1.42112 0.323268 128 128 128
-3.08382 1.45038 0.321514 128 128 128
-3.06489 1.48768 0.321431 128 128 128
-3.03572 1.51981 0.320429 128 128 128
-3.01772 1.55741 0.320512 128 128 128
-2.99047 1.5901 0.319761 128 128 128
-2.97335 1.62812 0.320011 128 128 128
-2.94621 1.66056 0.319343 128 128 128
-2.91786 1.69208 0.318591 128 128 128
-2.89345 1.72572 0.318257 128 128 128
-2.86441 1.7564 0.317506 128 128 128
-2.83843 1.78876 0.317088 128 128 128
-2.82045 1.82617 0.317506 128 128 128
-2.78373 1.85124 0.316086 128 128 128
-2.7608 1.88526 0.316086 128 128 128
-2.73175 1.91499 0.315502 128 128 128
-2.70643 1.9472 0.315335 128 128 128
-2.68073 1.97908 0.315168 128 128 128
-2.64116 2.00038 0.313581 128 128 128
-2.61248 2.02958 0.313164 128 128 128
-2.57882 2.05464 0.312245 128 128 128
-2.5457 2.07982 0.31141 128 128 128
-2.51388 2.10578 0.310742 128 128 128
-2.48558 2.13452 0.310492 128 128 128
-2.448 2.15497 0.309239 128 128 128
-2.40141 2.1668 0.306984 128 128 128
-2.37391 2.19543 0.306901 128 128 128
-2.32945 2.20792 0.304897 128 128 128
-2.30718 2.24121 0.305481 128 128 128
-2.26681 2.25668 0.303978 128 128 128
-2.22571 2.27079 0.302392 128 128 128
-2.18942 2.28928 0.30139 128 128 128
-2.15505 2.30941 0.300638 128 128 128
-2.11985 2.3283 0.299803 128 128 128
-2.09112 2.35414 0.299803 128 128 128
-2.0549 2.37133 0.298885 128 128 128
-2.02244 2.39256 0.298467 128 128 128
-1.9847 2.40719 0.297382 128 128 128
-1.95501 2.43137 0.297382 128 128 128
-1.9195 2.44811 0.29663 128 128 128
-1.88931 2.47148 0.29663 128 128 128
-1.84814 2.48008 0.295127 128 128 128
-1.81581 2.50016 0.294876 128 128 128
-1.7758 2.50922 0.29354 128 128 128
-1.74036 2.52426 0.292872 128 128 128
-1.70094 2.53301 0.29162 128 128 128
-1.67136 2.55619 0.29187 128 128 128
-1.63399 2.56725 0.290952 128 128 128
-1.58822 2.56422 0.288697 128 128 128
-1.55356 2.57839 0.288196 128 128 128
-1.51878 2.5921 0.287695 128 128 128
-1.4785 2.59581 0.286275 128 128 128
-1.44316 2.60765 0.285691 128 128 128
-1.39552 2.59618 0.282935 128 128 128
-1.36402 2.61399 0.283019 128 128 128
-1.32331 2.61363 0.281432 128 128 128
-1.28807 2.62341 0.280848 128 128 128
-1.2545 2.63631 0.280597 128 128 128
-1.21623 2.63883 0.279428 128 128 128
-1.18052 2.64627 0.27876 128 128 128
-1.14677 2.65781 0.27851 128 128 128
-1.11292 2.66893 0.278259 128 128 128
-1.07527 2.67036 0.277174 128 128 128
-1.0381 2.6722 0.276172 128 128 128
-1.00245 2.67727 0.275503 128 128 128
-0.966486 2.68093 0.274752 128 128 128
-0.934815 2.69635 0.275086 128 128 128
-0.895699 2.68965 0.273499 128 128 128
-0.859606 2.69094 0.272664 128 128 128
-0.823907 2.69271 0.271913 128 128 128
-0.787738 2.69209 0.270994 128 128 128
-0.753042 2.6958 0.270493 128 128 128
-0.715315 2.68749 0.26899 128 128 128
-0.678392 2.68061 0.267654 128 128 128
-0.643827 2.68194 0.26707 128 128 128
-0.609332 2.68284 0.266485 128 128 128
-0.57035 2.66185 0.264063 128 128 128
-0.536274 2.66181 0.263479 128 128 128
-0.501919 2.65937 0.262727 128 128 128
-0.467361 2.65453 0.261809 128 128 128
-0.433795 2.65417 0.261308 128 128 128
-0.398837 2.64352 0.259972 128 128 128
-0.365421 2.6413 0.259387 128 128 128
-0.332611 2.64262 0.259137 128 128 128
-0.299049 2.6366 0.258302 128 128 128
-0.266277 2.63611 0.257968 128 128 128
-0.23261 2.62428 0.256715 128 128 128
-0.20076 2.63191 0.257133 128 128 128
-0.167205 2.61428 0.255463 128 128 128
-0.134762 2.60917 0.254878 128 128 128
-0.102583 2.60665 0.254544 128 128 128
-0.0704347 2.60173 0.254043 128 128 128
-0.0383434 2.59044 0.253041 128 128 128
-0.00654478 2.58374 0.252456 128 128 128
0.0250948 2.57765 0.251955 128 128 128
0.056584 2.57117 0.251454 128 128 128
0.0873827 2.54937 0.249701 128 128 128
0.117128 2.51625 0.247029 128 128 128
0.148358 2.5206 0.24753 128 128 128
0.179062 2.5156 0.247279 128 128 128
0.209581 2.50925 0.246945 128 128 128
0.236973 2.47177 0.244022 128 128 128
0.267614 2.47165 0.244273 128 128 128
0.296715 2.45829 0.243438 128 128 128
0.324996 2.44063 0.242269 128 128 128
0.352744 2.42168 0.241016 128 128 128
0.381334 2.41028 0.240432 128 128 128
0.408003 2.38872 0.239012 128 128 128
0.437104 2.38255 0.238929 128 128 128
0.464181 2.36626 0.23801 128 128 128
0.491952 2.35453 0.237509 128 128 128
0.518852 2.33957 0.236758 128 128 128
0.547523 2.33302 0.236758 128 128 128
0.575388 2.32323 0.236507 128 128 128
0.602842 2.31214 0.236173 128 128 128
0.63117 2.30456 0.236173 128 128 128
0.658574 2.29377 0.235923 128 128 128
0.680906 2.26644 0.234253 128 128 128
0.708667 2.25791 0.234253 128 128 128
0.731959 2.2358 0.233083 128 128 128
0.759987 2.22853 0.23325 128 128 128
0.783595 2.20871 0.232332 128 128 128
0.808909 2.19426 0.231914 128 128 128
0.829336 2.16742 0.230411 128 128 128
0.85218 2.14783 0.229576 128 128 128
0.876952 2.13352 0.229242 128 128 128
0.901892 2.11985 0.228992 128 128 128
0.9226 2.09678 0.227906 128 128 128
0.944949 2.07805 0.227238 128 128 128
0.964427 2.05368 0.226069 128 128 128
0.985194 2.03273 0.225234 128 128 128
1.0047 2.0098 0.224232 128 128 128
1.02562 1.99024 0.223564 128 128 128
1.04575 1.96959 0.222812 128 128 128
1.06984 1.95661 0.222812 128 128 128
1.08789 1.93292 0.22181 128 128 128
1.10702 1.91167 0.221059 128 128 128
1.12886 1.89538 0.220808 128 128 128
1.14786 1.87459 0.22014 128 128 128
1.16439 1.85025 0.219138 128 128 128
1.18429 1.83165 0.218721 128 128 128
1.20613 1.81615 0.218637 128 128 128
1.21932 1.78805 0.217301 128 128 128
1.24002 1.77132 0.217134 128 128 128
1.26458 1.76001 0.217552 128 128 128
1.2849 1.74276 0.217385 128 128 128
1.29654 1.71416 0.216049 128 128 128
1.31932 1.70048 0.216299 128 128 128
1.02789 1.29329 0.17438 128 128 128
0.964762 1.18421 0.163942 128 128 128
1.01254 1.21197 0.168284 128 128 128
1.26919 1.48039 0.199348 128 128 128
1.40265 1.59546 0.213961 128 128 128
1.42346 1.57961 0.214128 128 128 128
1.43799 1.5569 0.213544 128 128 128
1.44875 1.53047 0.212542 128 128 128
1.46812 1.51329 0.212625 128 128 128
1.48658 1.49516 0.212625 128 128 128
1.49484 1.46705 0.211456 128 128 128
1.5048 1.44103 0.210537 128 128 128
1.51799 1.41838 0.210036 128 128 128
1.23652 1.12832 0.176217 128 128 128
1.12497 1.00204 0.162189 128 128 128
1.12361 0.976425 0.160686 128 128 128
1.15836 0.981834 0.163191 128 128 128
1.14031 0.94286 0.159934 128 128 128
1.1549 0.931289 0.160268 128 128 128
1.15839 0.910908 0.159433 128 128 128
1.1679 0.895416 0.159266 128 128 128
1.1764 0.879233 0.159015 128 128 128
1.18791 0.865315 0.159099 128 128 128
1.18215 0.83918 0.157429 128 128 128
1.18415 0.818965 0.156594 128 128 128
1.62302 1.09158 0.199849 128 128 128
1.67136 1.09444 0.203356 128 128 128
1.68971 1.07705 0.203857 128 128 128
1.68499 1.04524 0.202104 128 128 128
1.69428 1.02243 0.201769 128 128 128
1.7067 1.00156 0.201769 128 128 128
1.71539 0.978577 0.201435 128 128 128
1.73076 0.959378 0.201769 128 128 128
1.7222 0.927242 0.199849 128 128 128
1.74052 0.909717 0.200517 128 128 128
1.75244 0.888738 0.2006 128 128 128
1.76053 0.865852 0.20035 128 128 128
1.76652 0.842048 0.199932 128 128 128
1.77129 0.817811 0.199431 128 128 128
1.77573 0.793585 0.19893 128 128 128
1.79449 0.775669 0.199765 128 128 128
1.80571 0.754354 0.199932 128 128 128
1.80836 0.729542 0.199348 128 128 128
1.80881 0.70406 0.198596 128 128 128
1.82572 0.684943 0.199348 128 128 128
1.82742 0.66013 0.198763 128 128 128
1.82314 0.633429 0.197678 128 128 128
1.82037 0.607559 0.196759 128 128 128
1.82864 0.585477 0.196843 128 128 128
1.83855 0.563863 0.197093 128 128 128
1.85394 0.543766 0.197845 128 128 128
1.85759 0.520174 0.197594 128 128 128
1.85131 0.494025 0.196509 128 128 128
1.85433 0.47054 0.196258 128 128 128
1.85803 0.447286 0.196091 128 128 128
1.86921 0.425768 0.196592 128 128 128
1.87625 0.403212 0.196759 128 128 128
1.88203 0.380353 0.196843 128 128 128
1.87186 0.354478 0.19559 128 128 128
1.88491 0.333023 0.196342 128 128 128
1.88098 0.308593 0.195674 128 128 128
1.88758 0.285929 0.195924 128 128 128
1.89589 0.263419 0.196342 128 128 128
1.9059 0.240995 0.196926 128 128 128
1.90376 0.217034 0.196509 128 128 128
1.89736 0.192768 0.195757 128 128 128
1.90057 0.169556 0.195841 128 128 128
1.89357 0.145552 0.195089 128 128 128
1.89819 0.12249 0.19534 128 128 128
1.89259 0.0988377 0.194755 128 128 128
1.90959 0.0762081 0.196091 128 128 128
1.91237 0.0528197 0.196258 128 128 128
1.90989 0.0293082 0.196008 128 128 128
1.91708 0.00587574 0.196592 128 128 128
1.91701 -0.0176502 0.196592 128 128 128
1.91665 -0.0411735 0.196592 128 128 128
1.88313 -0.0635132 0.193837 128 128 128
1.8852 -0.0867611 0.194087 128 128 128
1.89096 -0.11031 0.194672 128 128 128
1.89343 -0.133795 0.195006 128 128 128
1.88172 -0.156176 0.194171 128 128 128
1.89057 -0.180319 0.195089 128 128 128
1.88128 -0.202744 0.194505 128 128 128
1.8747 -0.225331 0.194171 128 128 128
1.87278 -0.248452 0.194254 128 128 128
1.88832 -0.274175 0.195841 128 128 128
1.87104 -0.295124 0.194672 128 128 128
1.86924 -0.318402 0.194839 128 128 128
1.86813 -0.34186 0.195089 128 128 128
1.86575 -0.365146 0.195256 128 128 128
1.8582 -0.387398 0.195006 128 128 128
1.86595 -0.412998 0.196091 128 128 128
1.8588 -0.435406 0.195924 128 128 128
1.83978 -0.454807 0.194755 128 128 128
1.85431 -0.482663 0.196509 128 128 128
1.8492 -0.505647 0.196592 128 128 128
1.8285 -0.524153 0.19534 128 128 128
1.81907 -0.545687 0.195089 128 128 128
1.81604 -0.569168 0.195423 128 128 128
1.81365 -0.592969 0.195841 128 128 128
1.80058 -0.613241 0.19534 128 128 128
1.79104 -0.634622 0.195173 128 128 128
1.7934 -0.660362 0.196091 128 128 128
1.78144 -0.680889 0.195757 128 128 128
1.77202 -0.702329 0.195674 128 128 128
1.77432 -0.728587 0.196676 128 128 128
1.76983 -0.752264 0.197093 128 128 128
1.74497 -0.767077 0.195674 128 128 128
1.74993 -0.795057 0.19701 128 128 128
1.72562 -0.809669 0.195674 128 128 128
1.71734 -0.831657 0.195841 128 128 128
1.70879 -0.853563 0.196008 128 128 128
1.70261 -0.876758 0.196425 128 128 128
1.68909 -0.896179 0.196175 128 128 128
1.67884 -0.917319 0.196258 128 128 128
1.67179 -0.940303 0.196676 128 128 128
1.65668 -0.958744 0.196342 128 128 128
1.64736 -0.980537 0.196592 128 128 128
1.64284 -1.00538 0.197344 128 128 128
1.63038 -1.02546 0.197344 128 128 128
1.61684 -1.04485 0.19726 128 128 128
1.62296 -1.07732 0.199181 128 128 128
1.6088 -1.0966 0.199097 128 128 128
1.58217 -1.10709 0.197761 128 128 128
1.57978 -1.13458 0.19893 128 128 128
1.56494 -1.15329 0.198847 128 128 128
1.55543 -1.17602 0.199348 128 128 128
1.54324 -1.19686 0.199598 128 128 128
1.53077 -1.21757 0.199849 128 128 128
1.51649 -1.2369 0.199932 128 128 128
1.49814 -1.25285 0.199598 128 128 128
1.48945 -1.27699 0.20035 128 128 128
1.48189 -1.30243 0.201268 128 128 128
1.4621 -1.31717 0.200851 128 128 128
1.44802 -1.33705 0.201101 128 128 128
1.42933 -1.35266 0.200851 128 128 128
1.41477 -1.37218 0.201101 128 128 128
1.29351 -1.56671 0.206195 128 128 128
1.27731 -1.58635 0.206613 128 128 128
1.2602 -1.60505 0.206947 128 128 128
1.24343 -1.62435 0.207364 128 128 128
1.23173 -1.65069 0.208533 128 128 128
1.21547 -1.67133 0.209118 128 128 128
1.20119 -1.69507 0.210036 128 128 128
1.15037 -1.66616 0.205611 128 128 128
1.12596 -1.67436 0.205026 128 128 128
1.14288 -1.74565 0.210788 128 128 128
1.14861 -1.80245 0.215047 128 128 128
1.10755 -1.78589 0.21204 128 128 128
1.09222 -1.81045 0.213126 128 128 128
1.06741 -1.81941 0.212709 128 128 128
1.04992 -1.84104 0.213544 128 128 128
1.0364 -1.87036 0.21513 128 128 128
1.01337 -1.88294 0.21513 128 128 128
0.992024 -1.89877 0.215464 128 128 128
0.969995 -1.91347 0.215715 128 128 128
0.947755 -1.92792 0.215965 128 128 128
0.925306 -1.9421 0.216216 128 128 128
0.904731 -1.96056 0.216884 128 128 128
0.883437 -1.97789 0.217468 128 128 128
0.859492 -1.98949 0.217552 128 128 128
0.834631 -1.99897 0.217468 128 128 128
0.813376 -2.01739 0.21822 128 128 128
0.791076 -2.03372 0.218804 128 128 128
0.768844 -2.05075 0.219472 128 128 128
0.743957 -2.06096 0.219556 128 128 128
0.721861 -2.07936 0.220391 128 128 128
0.697858 -2.09279 0.220808 128 128 128
0.674841 -2.10974 0.22156 128 128 128
0.651222 -2.12549 0.222228 128 128 128
0.627875 -2.14289 0.223063 128 128 128
0.601531 -2.15043 0.223063 128 128 128
0.579685 -2.17499 0.224566 128 128 128
0.554653 -2.18871 0.225151 128 128 128
0.52914 -2.20117 0.225652 128 128 128
0.504501 -2.21819 0.22657 128 128 128
0.480353 -2.23883 0.227823 128 128 128
0.454406 -2.25237 0.228491 128 128 128
0.428198 -2.26562 0.229159 128 128 128
0.402248 -2.2815 0.230077 128 128 128
0.375813 -2.2961 0.230912 128 128 128
0.348786 -2.30842 0.23158 128 128 128
0.321918 -2.32339 0.232499 128 128 128
0.294858 -2.33903 0.233501 128 128 128
0.266797 -2.34842 0.234002 128 128 128
0.23855 -2.35746 0.234503 128 128 128
0.209949 -2.36419 0.234837 128 128 128
0.181515 -2.37453 0.235505 128 128 128
0.152921 -2.38553 0.236257 128 128 128
0.123935 -2.3932 0.236758 128 128 128
0.0948211 -2.40151 0.237342 128 128 128
0.0654709 -2.40748 0.23776 128 128 128
0.0360284 -2.41607 0.238428 128 128 128
0.00639577 -2.43526 0.240014 128 128 128
-0.0235341 -2.43915 0.240348 128 128 128
-0.0534878 -2.43967 0.240432 128 128 128
-0.0834936 -2.44082 0.240599 128 128 128
-0.114542 -2.46251 0.242519 128 128 128
-0.144451 -2.45594 0.242102 128 128 128
-0.176314 -2.47784 0.244106 128 128 128
-0.206454 -2.47251 0.243855 128 128 128
-0.23939 -2.49657 0.24611 128 128 128
-0.271315 -2.50533 0.247112 128 128 128
-0.303733 -2.51566 0.248281 128 128 128
-0.337243 -2.53149 0.249951 128 128 128
-0.368719 -2.53012 0.250202 128 128 128
-0.400054 -2.52737 0.250369 128 128 128
-0.358036 -2.09903 0.214379 128 128 128
-0.373245 -2.03765 0.209535 128 128 128
-0.396675 -2.02509 0.208867 128 128 128
-0.426426 -2.04347 0.210871 128 128 128
-0.567106 -2.55546 0.255296 128 128 128
-0.598881 -2.55025 0.255463 128 128 128
-0.633026 -2.55431 0.256465 128 128 128
-0.666094 -2.5531 0.257049 128 128 128
-0.698699 -2.54954 0.257467 128 128 128
-0.734911 -2.558 0.25897 128 128 128
-0.765382 -2.54593 0.258719 128 128 128
-0.800467 -2.5487 0.259805 128 128 128
-0.832929 -2.54247 0.260139 128 128 128
-0.867945 -2.54337 0.261141 128 128 128
-0.902774 -2.54285 0.262059 128 128 128
-0.942913 -2.55588 0.26423 128 128 128
-0.974922 -2.54597 0.264397 128 128 128
-1.01052 -2.54493 0.265399 128 128 128
-1.05119 -2.55536 0.267487 128 128 128
-1.08599 -2.55051 0.268239 128 128 128
-1.12083 -2.5452 0.26899 128 128 128
-1.15902 -2.54666 0.27041 128 128 128
-1.19359 -2.53946 0.271078 128 128 128
-1.22771 -2.53089 0.271662 128 128 128
-1.26673 -2.53166 0.273165 128 128 128
-1.30503 -2.53009 0.274501 128 128 128
-1.3402 -2.5218 0.275253 128 128 128
-1.3744 -2.51127 0.275837 128 128 128
-1.40708 -2.49769 0.276172 128 128 128
-1.44012 -2.48454 0.276589 128 128 128
-1.47255 -2.4701 0.276923 128 128 128
-1.51006 -2.46373 0.278092 128 128 128
-1.54071 -2.44586 0.278176 128 128 128
-1.58038 -2.44181 0.279679 128 128 128
-1.6152 -2.4297 0.28043 128 128 128
-1.65221 -2.42038 0.281516 128 128 128
-1.68408 -2.40319 0.28185 128 128 128
-1.73035 -2.40578 0.284271 128 128 128
-1.76448 -2.39077 0.284939 128 128 128
-1.79309 -2.36814 0.284856 128 128 128
-1.83732 -2.36562 0.286944 128 128 128
-1.87429 -2.35301 0.288029 128 128 128
-1.9125 -2.3414 0.289282 128 128 128
-1.9475 -2.32539 0.290117 128 128 128
-1.98044 -2.3066 0.290701 128 128 128
-2.01255 -2.2866 0.291202 128 128 128
-2.05383 -2.27652 0.292872 128 128 128
-2.09109 -2.26137 0.294041 128 128 128
-2.12349 -2.2406 0.294626 128 128 128
-2.15361 -2.21723 0.29496 128 128 128
-2.19262 -2.20262 0.296379 128 128 128
-2.21735 -2.17346 0.296129 128 128 128
-2.25611 -2.15778 0.297549 128 128 128
-2.28753 -2.13468 0.298133 128 128 128
-2.31281 -2.10578 0.29805 128 128 128
-2.3534 -2.09046 0.29972 128 128 128
-2.37586 -2.05881 0.299386 128 128 128
-2.40856 -2.03593 0.300221 128 128 128
-2.43875 -2.01065 0.300805 128 128 128
-2.48501 -1.99803 0.303143 128 128 128
-2.51719 -1.97352 0.303978 128 128 128
-2.55231 -1.95094 0.305147 128 128 128
-2.57686 -1.92007 0.305231 128 128 128
-2.60991 -1.89531 0.306233 128 128 128
-2.65007 -1.87521 0.307986 128 128 128
-2.67945 -1.84707 0.308655 128 128 128
-2.71434 -1.82236 0.309907 128 128 128
-2.739 -1.79055 0.310158 128 128 128
-2.76834 -1.76161 0.310909 128 128 128
-0.970249 -0.603839 0.13171 128 128 128
-0.967336 -0.585729 0.130708 128 128 128
-0.960684 -0.565772 0.129372 128 128 128
-0.97362 -0.557385 0.129956 128 128 128
-0.983004 -0.546839 0.130207 128 128 128
-0.996668 -0.5385 0.130875 128 128 128
-1.00055 -0.524849 0.130624 128 128 128
-1.01047 -0.514327 0.130958 128 128 128
-3.00203 -1.47333 0.31617 128 128 128
-3.03789 -1.44492 0.31784 128 128 128
-3.06445 -1.41169 0.318675 128 128 128
-3.07517 -1.37115 0.31809 128 128 128
-3.10367 -1.33842 0.319176 128 128 128
-3.11618 -1.29871 0.318842 128 128 128
-3.1402 -1.26371 0.319594 128 128 128
-3.1564 -1.22544 0.319677 128 128 128
-3.18614 -1.19218 0.321013 128 128 128
-3.1996 -1.15266 0.32093 128 128 128
-3.23328 -1.12013 0.322683 128 128 128
-3.25624 -1.08351 0.323518 128 128 128
-3.28164 -1.04739 0.324604 128 128 128
-3.27518 -1.00124 0.322934 128 128 128
-3.31497 -0.969046 0.325355 128 128 128
-3.31701 -0.925626 0.32452 128 128 128
-3.43328 -0.77864 0.33095 128 128 128
-3.38702 -0.72463 0.32619 128 128 128
-3.42302 -0.688482 0.328528 128 128 128
-3.43513 -0.647158 0.328862 128 128 128
-3.44575 -0.605469 0.329113 128 128 128
-3.46178 -0.564573 0.329865 128 128 128
-3.46845 -0.522049 0.329865 128 128 128
-3.46373 -0.47796 0.328946 128 128 128
-3.48021 -0.436772 0.329865 128 128 128
-3.48531 -0.394031 0.329865 128 128 128
-3.49187 -0.351429 0.330032 128 128 128
-3.50485 -0.30933 0.330783 128 128 128
-3.5054 -0.266074 0.330533 128 128 128
-3.51835 -0.223658 0.331368 128 128 128
-3.51486 -0.180167 0.330867 128 128 128
-3.52676 -0.137397 0.331702 128 128 128
-3.52818 -0.0941081 0.331702 128 128 128
-3.53904 -0.0509371 0.332537 128 128 128
-3.55802 0.263944 0.247312 128 128 128
-3.5575 0.307844 0.247489 128 128 128
-3.54451 0.350596 0.246958 128 128 128
-3.53994 0.394066 0.246958 128 128 128
-3.53484 0.437477 0.246958 128 128 128
-3.54206 0.482569 0.247725 128 128 128
-3.5339 0.525706 0.247607 128 128 128
-3.51339 0.566812 0.246781 128 128 128
-3.50715 0.610055 0.24684 128 128 128
-3.49842 0.652864 0.246781 128 128 128
-3.49014 0.695746 0.246781 128 128 128
-3.46865 0.735835 0.246015 128 128 128
-3.44572 0.775282 0.245189 128 128 128
-3.39079 0.850877 0.243067 128 128 128
-3.26393 1.26063 0.243244 128 128 128
-3.22319 1.29058 0.241652 128 128 128
-3.21264 1.33232 0.242006 128 128 128
-3.2144 1.37951 0.243185 128 128 128
-3.18172 1.41198 0.242183 128 128 128
-3.14781 1.44343 0.241121 128 128 128
-3.11994 1.47726 0.240473 128 128 128
-3.08812 1.50886 0.239588 128 128 128
-3.06313 1.5435 0.239176 128 128 128
-3.04927 1.58374 0.239529 128 128 128
-3.02345 1.61774 0.239117 128 128 128
-3.00074 1.65328 0.23894 128 128 128
-2.96807 1.68309 0.238114 128 128 128
-2.93167 1.71034 0.237053 128 128 128
-2.90018 1.74002 0.236346 128 128 128
-2.88116 1.77705 0.236523 128 128 128
-2.85661 1.81067 0.236346 128 128 128
-2.82246 1.83797 0.23552 128 128 128
-2.79554 1.8697 0.235226 128 128 128
-2.76827 1.90104 0.234931 128 128 128
-2.7431 1.93371 0.234813 128 128 128
-2.71674 1.96548 0.234636 128 128 128
-2.69322 1.99926 0.234695 128 128 128
-2.65974 2.02551 0.234046 128 128 128
-2.62681 2.05186 0.233457 128 128 128
-2.59364 2.0777 0.232867 128 128 128
-2.56101 2.10367 0.232337 128 128 128
-2.52889 2.1298 0.231865 128 128 128
-2.49349 2.15285 0.231157 128 128 128
-2.46015 2.17733 0.230627 128 128 128
-2.41698 2.19261 0.22933 128 128 128
-2.39647 2.22822 0.22986 128 128 128
-2.35377 2.243 0.228622 128 128 128
-2.33178 2.2773 0.229094 128 128 128
-2.28672 2.2888 0.227679 128 128 128
-2.23406 2.29168 0.225615 128 128 128
-2.20577 2.31892 0.225615 128 128 128
-2.1785 2.34728 0.225733 128 128 128
-2.13412 2.35682 0.224377 128 128 128
-2.09445 2.37087 0.223434 128 128 128
-2.05477 2.3843 0.222491 128 128 128
-2.02471 2.40857 0.222432 128 128 128
-1.99437 2.43246 0.222373 128 128 128
-1.95813 2.44896 0.221783 128 128 128
-1.91811 2.46021 0.22084 128 128 128
-1.88959 2.48595 0.221017 128 128 128
-1.8524 2.50013 0.220368 128 128 128
-1.82216 2.52348 0.220427 128 128 128
-1.77956 2.52933 0.219248 128 128 128
-1.7467 2.5485 0.219071 128 128 128
-1.70586 2.55564 0.218069 128 128 128
-1.66566 2.56299 0.217125 128 128 128
-1.62821 2.57396 0.216477 128 128 128
-1.59388 2.5895 0.216182 128 128 128
-1.56147 2.608 0.216123 128 128 128
-1.52231 2.61489 0.215298 128 128 128
-1.47732 2.6108 0.213765 128 128 128
-1.44036 2.61998 0.213175 128 128 128
-1.40151 2.62513 0.21235 128 128 128
-1.36 2.62441 0.211171 128 128 128
-1.3223 2.6302 0.210463 128 128 128
-1.27942 2.6247 0.209048 128 128 128
-1.24669 2.6393 0.208989 128 128 128
-1.21503 2.65622 0.209107 128 128 128
-1.17466 2.65359 0.207987 128 128 128
-1.13847 2.65955 0.207456 128 128 128
-1.10269 2.66594 0.206985 128 128 128
-1.07064 2.68112 0.207103 128 128 128
-1.0355 2.68847 0.206749 128 128 128
-1.00034 2.69536 0.206395 128 128 128
-0.962482 2.69427 0.20557 128 128 128
-0.927074 2.69928 0.205157 128 128 128
-0.892315 2.70571 0.204862 128 128 128
-0.852413 2.69552 0.203565 128 128 128
-0.818401 2.70291 0.203388 128 128 128
-0.781835 2.70124 0.202681 128 128 128
-0.745699 2.70005 0.202032 128 128 128
-0.70793 2.69162 0.200971 128 128 128
-0.674119 2.6972 0.200794 128 128 128
-0.638663 2.69556 0.200205 128 128 128
-0.597664 2.66813 0.198082 128 128 128
-0.566324 2.6821 0.198495 128 128 128
-0.531031 2.6771 0.197787 128 128 128
-0.495947 2.67164 0.19708 128 128 128
-0.461418 2.66769 0.19649 128 128 128
-0.426269 2.65836 0.195606 128 128 128
-0.391711 2.65056 0.194839 128 128 128
-0.357946 2.64626 0.194309 128 128 128
-0.324957 2.64649 0.194073 128 128 128
-0.290696 2.63441 0.19313 128 128 128
-0.257857 2.63281 0.192835 128 128 128
-0.22493 2.62881 0.192422 128 128 128
-0.19214 2.62441 0.192009 128 128 128
-0.159308 2.6166 0.19142 128 128 128
-0.126746 2.60939 0.190889 128 128 128
-0.0944949 2.60476 0.190535 128 128 128
-0.0623767 2.59974 0.190182 128 128 128
-0.0304082 2.59531 0.189887 128 128 128
0.00144202 2.58251 0.18912 128 128 128
0.033035 2.57432 0.188649 128 128 128
0.0645988 2.57272 0.18859 128 128 128
0.0950615 2.54181 0.186821 128 128 128
0.126246 2.54045 0.186821 128 128 128
0.155329 2.50483 0.184817 128 128 128
0.185835 2.49975 0.18464 128 128 128
0.215726 2.48833 0.184109 128 128 128
0.245364 2.47655 0.183578 128 128 128
0.274856 2.46542 0.183107 128 128 128
0.302401 2.44006 0.18181 128 128 128
0.332187 2.43518 0.181751 128 128 128
0.359994 2.4171 0.180925 128 128 128
0.38947 2.41151 0.180866 128 128 128
0.416985 2.39475 0.180159 128 128 128
0.444878 2.3816 0.179687 128 128 128
0.472707 2.36911 0.179274 128 128 128
0.499263 2.35141 0.178567 128 128 128
0.527424 2.34218 0.17839 128 128 128
0.556588 2.33748 0.178508 128 128 128
0.583775 2.32466 0.178154 128 128 128
0.607932 2.30091 0.177152 128 128 128
0.634791 2.28847 0.176857 128 128 128
0.660323 2.27188 0.176327 128 128 128
0.689022 2.26647 0.176503 128 128 128
0.713165 2.24642 0.175796 128 128 128
0.740052 2.23561 0.175678 128 128 128
0.757687 2.19804 0.173909 128 128 128
0.788976 2.20079 0.174676 128 128 128
0.811054 2.17784 0.17385 128 128 128
0.830891 2.15003 0.17273 128 128 128
0.85573 2.13597 0.172494 128 128 128
0.882641 2.12715 0.172612 128 128 128
0.901598 2.09964 0.171551 128 128 128
0.921632 2.07564 0.170726 128 128 128
0.946202 2.06236 0.170608 128 128 128
0.965464 2.03796 0.169782 128 128 128
0.985145 2.0152 0.169075 128 128 128
1.0098 2.00295 0.169075 128 128 128
1.03017 1.98244 0.168544 128 128 128
1.05395 1.96877 0.168485 128 128 128
1.07369 1.94781 0.167955 128 128 128
1.09456 1.92928 0.167601 128 128 128
1.11514 1.91053 0.167247 128 128 128
1.12926 1.88129 0.166186 128 128 128
1.15174 1.86644 0.166127 128 128 128
1.16922 1.84373 0.165537 128 128 128
1.19012 1.82673 0.16536 128 128 128
1.20912 1.80701 0.165007 128 128 128
1.22725 1.78628 0.164594 128 128 128
1.24793 1.76945 0.164476 128 128 128
1.26662 1.74996 0.164181 128 128 128
1.28325 1.72787 0.16371 128 128 128
1.29952 1.70563 0.163238 128 128 128
1.01264 1.2953 0.1337 128 128 128
0.954847 1.19081 0.126743 128 128 128
0.994088 1.2091 0.129042 128 128 128
1.08791 1.29075 0.136294 128 128 128
1.39384 1.61367 0.16253 128 128 128
1.4056 1.58747 0.161823 128 128 128
1.42296 1.56788 0.161646 128 128 128
1.44142 1.54957 0.161587 128 128 128
1.44724 1.51803 0.160467 128 128 128
1.46785 1.5023 0.160644 128 128 128
1.46994 1.46794 0.159288 128 128 128
1.42854 1.39192 0.154394 128 128 128
1.50697 1.4328 0.159406 128 128 128
1.51054 1.40129 0.158285 128 128 128
1.52319 1.37862 0.157932 128 128 128
1.54971 1.36842 0.158698 128 128 128
1.55354 1.33822 0.157696 128 128 128
1.56908 1.31841 0.157637 128 128 128
1.57897 1.29399 0.157165 128 128 128
1.59161 1.27202 0.156929 128 128 128
1.60867 1.25362 0.157047 128 128 128
1.61043 1.22351 0.156045 128 128 128
1.62773 1.20544 0.156222 128 128 128
1.19417 0.861428 0.123559 128 128 128
1.16221 0.816821 0.120493 128 128 128
1.24788 0.85445 0.125918 128 128 128
1.64673 1.09861 0.15351 128 128 128
1.66762 1.08322 0.15404 128 128 128
1.68416 1.06481 0.154276 128 128 128
1.69285 1.04144 0.153982 128 128 128
1.70208 1.01854 0.153746 128 128 128
1.71187 0.996067 0.153569 128 128 128
1.71267 0.968588 0.152802 128 128 128
1.71743 0.943648 0.152331 128 128 128
1.73416 0.925324 0.152684 128 128 128
1.74627 0.904434 0.152743 128 128 128
1.751 0.879795 0.152331 128 128 128
1.79127 0.872689 0.154276 128 128 128
1.76394 0.832717 0.1518 128 128 128
1.76404 0.806436 0.151152 128 128 128
1.78202 0.788368 0.151682 128 128 128
1.79156 0.76644 0.151682 128 128 128
1.79991 0.744016 0.151623 128 128 128
1.80427 0.720019 0.151328 128 128 128
1.81111 0.697105 0.15121 128 128 128
1.81391 0.672741 0.150857 128 128 128
1.81827 0.649086 0.150621 128 128 128
1.82515 0.626399 0.150562 128 128 128
1.83175 0.603641 0.150503 128 128 128
1.83807 0.580816 0.150444 128 128 128
1.84315 0.557637 0.150326 128 128 128
1.84986 0.534976 0.150326 128 128 128
1.85724 0.512502 0.150385 128 128 128
1.85857 0.4884 0.15009 128 128 128
1.86151 0.464828 0.149913 128 128 128
1.87776 0.444486 0.150562 128 128 128
1.87139 0.418786 0.149854 128 128 128
1.86955 0.394343 0.149442 128 128 128
1.87229 0.370981 0.149324 128 128 128
1.87376 0.347429 0.149147 128 128 128
1.87886 0.32458 0.149206 128 128 128
1.88369 0.301658 0.149265 128 128 128
1.88626 0.278373 0.149206 128 128 128
1.88855 0.25507 0.149147 128 128 128
1.89054 0.231753 0.149088 128 128 128
1.89424 0.208646 0.149147 128 128 128
1.89566 0.185287 0.149088 128 128 128
1.88884 0.16124 0.148557 128 128 128
1.89665 0.138489 0.148911 128 128 128
1.89323 0.114898 0.148616 128 128 128
1.8935 0.0916078 0.148557 128 128 128
1.89248 0.0682914 0.148439 128 128 128
1.89218 0.0450381 0.148381 128 128 128
1.8896 0.0217781 0.148204 128 128 128
1.89172 -0.00141188 0.148322 128 128 128
1.89056 -0.0246138 0.148263 128 128 128
1.8961 -0.0479593 0.148616 128 128 128
1.88639 -0.0708927 0.148086 128 128 128
1.88638 -0.0940853 0.148145 128 128 128
1.88708 -0.11735 0.148263 128 128 128
1.88649 -0.140571 0.148322 128 128 128
1.88761 -0.163968 0.148498 128 128 128
1.88446 -0.187022 0.148439 128 128 128
1.87309 -0.209142 0.147909 128 128 128
1.87137 -0.232234 0.147968 128 128 128
1.86641 -0.254913 0.14785 128 128 128
1.87005 -0.278823 0.148263 128 128 128
1.87831 -0.303654 0.14897 128 128 128
1.86068 -0.324291 0.148145 128 128 128
1.86146 -0.348013 0.148439 128 128 128
1.86097 -0.371609 0.148675 128 128 128
1.84943 -0.392971 0.148263 128 128 128
1.84544 -0.415855 0.148322 128 128 128
1.84797 -0.440316 0.148793 128 128 128
1.83952 -0.462233 0.148616 128 128 128
1.83178 -0.484263 0.148498 128 128 128
1.83244 -0.508569 0.148911 128 128 128
1.82702 -0.531296 0.14897 128 128 128
1.81654 -0.552517 0.148734 128 128 128
1.81914 -0.577782 0.149324 128 128 128
1.80907 -0.599123 0.149147 128 128 128
1.79969 -0.620628 0.149029 128 128 128
1.78818 -0.641321 0.148793 128 128 128
1.78298 -0.66426 0.14897 128 128 128
1.78028 -0.688246 0.149324 128 128 128
1.78005 -0.713377 0.149854 128 128 128
1.76292 -0.75724 0.149913 128 128 128
1.74711 -0.775985 0.149501 128 128 128
1.74018 -0.798613 0.149678 128 128 128
1.73476 -0.822042 0.149972 128 128 128
1.72364 -0.84283 0.149913 128 128 128
1.71317 -0.863918 0.149913 128 128 128
1.70155 -0.884417 0.149854 128 128 128
1.68969 -0.90476 0.149795 128 128 128
1.67933 -0.925909 0.149854 128 128 128
1.67479 -0.950384 0.150326 128 128 128
1.66301 -0.970864 0.150326 128 128 128
1.66381 -0.998898 0.15121 128 128 128
1.64208 -1.01348 0.150562 128 128 128
1.63036 -1.03409 0.150621 128 128 128
1.62173 -1.05674 0.150916 128 128 128
1.60781 -1.07601 0.150857 128 128 128
1.59778 -1.09791 0.151093 128 128 128
1.00532 -1.88383 0.162707 128 128 128
0.98672 -1.90489 0.163297 128 128 128
0.965065 -1.92042 0.163533 128 128 128
0.940112 -1.92943 0.163356 128 128 128
0.917645 -1.94352 0.163533 128 128 128
0.894141 -1.95555 0.163592 128 128 128
0.873717 -1.97459 0.164122 128 128 128
0.850599 -1.98791 0.164299 128 128 128
0.828815 -2.00466 0.164712 128 128 128
0.806005 -2.01931 0.165007 128 128 128
0.782242 -2.03184 0.165184 128 128 128
0.759684 -2.04784 0.165596 128 128 128
0.737523 -2.06547 0.166127 128 128 128
0.711796 -2.07342 0.166068 128 128 128
0.691934 -2.09906 0.167129 128 128 128
0.663109 -2.09788 0.16654 128 128 128
0.648035 -2.1412 0.168721 128 128 128
0.620876 -2.14612 0.168544 128 128 128
0.597954 -2.16608 0.169311 128 128 128
0.571837 -2.17519 0.169428 128 128 128
0.548254 -2.19463 0.170195 128 128 128
0.522434 -2.20605 0.17049 128 128 128
0.497072 -2.22008 0.170961 128 128 128
0.472065 -2.23676 0.17161 128 128 128
0.447307 -2.25609 0.172435 128 128 128
0.420866 -2.26828 0.172848 128 128 128
0.395729 -2.28901 0.173791 128 128 128
0.369512 -2.30552 0.174499 128 128 128
0.340167 -2.30297 0.174086 128 128 128
0.313626 -2.31983 0.174853 128 128 128
0.286845 -2.33738 0.175678 128 128 128
0.25891 -2.34767 0.176091 128 128 128
0.230961 -2.35961 0.176621 128 128 128
0.203272 -2.37718 0.177506 128 128 128
0.174158 -2.38049 0.177565 128 128 128
0.145422 -2.39042 0.178036 128 128 128
0.116371 -2.39801 0.17839 128 128 128
0.0875954 -2.41721 0.179451 128 128 128
0.057877 -2.41611 0.179333 128 128 128
0.0282232 -2.41664 0.179333 128 128 128
-0.00143531 -2.42878 0.180041 128 128 128
-0.0313384 -2.43657 0.180513 128 128 128
-0.0614574 -2.44498 0.181043 128 128 128
-0.0917875 -2.45302 0.181574 128 128 128
-0.123011 -2.47464 0.18293 128 128 128
-0.15343 -2.47394 0.182989 128 128 128
-0.184733 -2.48482 0.183755 128 128 128
-0.215897 -2.49032 0.184227 128 128 128
-0.247616 -2.4994 0.184934 128 128 128
-0.28124 -2.52296 0.186526 128 128 128
-0.312424 -2.5213 0.186644 128 128 128
-0.34576 -2.53509 0.187705 128 128 128
-0.377283 -2.53361 0.187882 128 128 128
-0.410725 -2.54358 0.188767 128 128 128
-0.415107 -2.38393 0.17951 128 128 128
-0.383835 -2.05381 0.159995 128 128 128
-0.40453 -2.02643 0.158639 128 128 128
-0.431848 -2.03303 0.159347 128 128 128
-0.577958 -2.56717 0.192009 128 128 128
-0.610572 -2.56474 0.192304 128 128 128
-0.641999 -2.55706 0.192304 128 128 128
-0.67562 -2.55768 0.192835 128 128 128
-0.708021 -2.55304 0.193071 128 128 128
-0.741522 -2.55183 0.193542 128 128 128
-0.777708 -2.55878 0.194545 128 128 128
-0.808446 -2.54714 0.194427 128 128 128
-0.848099 -2.56262 0.196019 128 128 128
-0.882405 -2.56051 0.196549 128 128 128
-0.918805 -2.56359 0.197434 128 128 128
-0.956457 -2.56896 0.198495 128 128 128
-0.988988 -2.55983 0.198672 128 128 128
-1.02848 -2.56789 0.199969 128 128 128
-1.06068 -2.55692 0.200087 128 128 128
-1.10063 -2.5639 0.201384 128 128 128
-1.13768 -2.56297 0.202209 128 128 128
-1.17361 -2.5588 0.202858 128 128 128
-1.21005 -2.55504 0.203565 128 128 128
-1.24306 -2.54358 0.203801 128 128 128
-1.28137 -2.5424 0.204744 128 128 128
-1.31615 -2.53358 0.205216 128 128 128
-1.34949 -2.52164 0.205511 128 128 128
-1.38996 -2.52238 0.20669 128 128 128
-1.42426 -2.51121 0.207103 128 128 128
-1.45647 -2.49613 0.207279 128 128 128
-1.49367 -2.4892 0.208046 128 128 128
-1.52672 -2.47493 0.208341 128 128 128
-1.55804 -2.4577 0.208459 128 128 128
-1.5968 -2.45178 0.209402 128 128 128
-1.63397 -2.44279 0.210168 128 128 128
-1.67625 -2.44066 0.211465 128 128 128
-1.70838 -2.42317 0.211701 128 128 128
-1.74676 -2.41416 0.212586 128 128 128
-1.78279 -2.40137 0.213234 128 128 128
-1.81938 -2.38884 0.213942 128 128 128
-1.8676 -2.39073 0.215769 128 128 128
-1.89305 -2.36296 0.215416 128 128 128
-1.94724 -2.37041 0.217774 128 128 128
-1.97425 -2.34405 0.217597 128 128 128
-2.012 -2.33022 0.218423 128 128 128
-2.04177 -2.30685 0.21854 128 128 128
-2.08065 -2.29346 0.219484 128 128 128
-2.11611 -2.2758 0.220132 128 128 128
-2.14663 -2.25255 0.220368 128 128 128
-2.17829 -2.23033 0.220722 128 128 128
-2.20691 -2.20484 0.22084 128 128 128
-2.24666 -2.19014 0.221901 128 128 128
-2.27337 -2.1624 0.221901 128 128 128
-2.30851 -2.1425 0.222609 128 128 128
-2.33685 -2.11602 0.222785 128 128 128
-2.37012 -2.09379 0.223375 128 128 128
-2.41075 -2.07759 0.224554 128 128 128
-2.44523 -2.05556 0.225262 128 128 128
-2.47953 -2.033 0.225969 128 128 128
-2.51521 -2.01115 0.226795 128 128 128
-2.54993 -1.98812 0.227561 128 128 128
-2.58208 -1.96272 0.228151 128 128 128
-2.6172 -1.93921 0.228976 128 128 128
-2.64808 -1.91221 0.229507 128 128 128
-2.6844 -1.88877 0.23045 128 128 128
-2.71396 -1.8602 0.230922 128 128 128
-2.74655 -1.83341 0.231629 128 128 128
-2.78055 -1.80719 0.232454 128 128 128
-2.81855 -1.78308 0.233575 128 128 128
-0.972992 -0.59792 0.104044 128 128 128
-0.962275 -0.575158 0.102806 128 128 128
-0.945973 -0.549736 0.101214 128 128 128
-0.956991 -0.540546 0.101509 128 128 128
-0.961803 -0.527799 0.101391 128 128 128
-0.97349 -0.518779 0.101745 128 128 128
-0.998391 -0.516448 0.102983 128 128 128
-1.01981 -0.511786 0.103985 128 128 128
-3.03828 -1.48125 0.236228 128 128 128
-3.04991 -1.44087 0.235815 128 128 128
-3.07462 -1.40666 0.236287 128 128 128
-3.20824 -1.3273 0.241652 128 128 128
-3.17702 -1.26892 0.238645 128 128 128
-3.21191 -1.23738 0.239883 128 128 128
-3.36759 -0.97504 0.243656 128 128 128
-3.36102 -0.928583 0.242536 128 128 128
-3.37892 -0.889049 0.242949 128 128 128
-3.40894 -0.852368 0.244128 128 128 128
-3.42498 -0.811854 0.244482 128 128 128
-3.44442 -0.77195 0.245071 128 128 128
-3.4507 -0.729004 0.244895 128 128 128
-3.45058 -0.684851 0.244364 128 128 128
-3.46756 -0.644099 0.244895 128 128 128
-3.50274 -0.518082 0.24572 128 128 128
-3.50685 -0.47479 0.245602 128 128 128
-3.09475 1.54878 0.156907 128 128 128
-3.07285 1.58526 0.156803 128 128 128
-3.03464 1.61298 0.156078 128 128 128
-3.01462 1.6501 0.156078 128 128 128
-2.98631 1.68255 0.155767 128 128 128
-2.95248 1.71153 0.155249 128 128 128
-2.93468 1.74969 0.155387 128 128 128
-2.90277 1.77929 0.154972 128 128 128
-2.87058 1.80837 0.154558 128 128 128
-2.84985 1.84455 0.154627 128 128 128
-2.82284 1.87661 0.154454 128 128 128
-2.79383 1.90716 0.154212 128 128 128
-2.76285 1.93613 0.153901 128 128 128
-2.73321 1.9658 0.153659 128 128 128
-2.7137 2.00276 0.153867 128 128 128
-2.67459 2.02503 0.153245 128 128 128
-2.65348 2.06077 0.153417 128 128 128
-2.61472 2.08258 0.15283 128 128 128
-2.5851 2.11134 0.152657 128 128 128
-2.54445 2.1307 0.152001 128 128 128
-2.50902 2.15394 0.151586 128 128 128
-2.4794 2.18192 0.151448 128 128 128
-2.44577 2.20615 0.151137 128 128 128
-2.41851 2.236 0.151137 128 128 128
-2.37132 2.24692 0.150204 128 128 128
-2.33283 2.2654 0.149686 128 128 128
-2.29141 2.28044 0.149029 128 128 128
-2.25836 2.30339 0.148788 128 128 128
-2.22096 2.32153 0.148338 128 128 128
-2.19162 2.34788 0.148304 128 128 128
-2.15122 2.36202 0.147717 128 128 128
-2.10417 2.36805 0.146784 128 128 128
-2.07365 2.39218 0.146715 128 128 128
-2.04156 2.41439 0.146576 128 128 128
-2.00543 2.43154 0.146231 128 128 128
-1.97043 2.44973 0.145954 128 128 128
-1.93468 2.46665 0.145643 128 128 128
-1.90063 2.48543 0.145436 128 128 128
-1.86641 2.50376 0.145229 128 128 128
-1.83613 2.52728 0.145263 128 128 128
-1.79575 2.53656 0.144711 128 128 128
-1.75373 2.54276 0.144054 128 128 128
-1.72128 2.56243 0.143985 128 128 128
-1.68316 2.57332 0.14357 128 128 128
-1.64288 2.58028 0.143018 128 128 128
-1.60952 2.59769 0.142914 128 128 128
-1.56465 2.59583 0.14205 128 128 128
-1.5357 2.62002 0.142258 128 128 128
-1.49307 2.62041 0.141532 128 128 128
-1.44872 2.61667 0.140668 128 128 128
-1.41556 2.63248 0.140599 128 128 128
-1.37438 2.63281 0.139943 128 128 128
-1.33161 2.62896 0.139148 128 128 128
-1.29925 2.6451 0.139148 128 128 128
-1.25984 2.6464 0.138595 128 128 128
-1.22602 2.65894 0.138492 128 128 128
-1.18802 2.66191 0.138042 128 128 128
-1.1525 2.66986 0.1378 128 128 128
-1.11466 2.67181 0.137351 128 128 128
-1.0803 2.68157 0.137213 128 128 128
-1.04479 2.68811 0.136971 128 128 128
-1.00788 2.69042 0.136591 128 128 128
-0.973776 2.69977 0.136488 128 128 128
-0.940246 2.71057 0.136453 128 128 128
-0.899676 2.70009 0.135658 128 128 128
-0.866474 2.71092 0.135658 128 128 128
-0.82557 2.6965 0.13476 128 128 128
-0.790181 2.69875 0.134484 128 128 128
-0.75513 2.7015 0.134242 128 128 128
-0.717061 2.69221 0.133585 128 128 128
-0.683725 2.69984 0.133551 128 128 128
-0.647758 2.69636 0.133136 128 128 128
-0.612199 2.69338 0.132756 128 128 128
-0.575979 2.68603 0.132238 128 128 128
-0.539836 2.67721 0.131685 128 128 128
-0.50326 2.66399 0.130994 128 128 128
-0.467951 2.6552 0.130476 128 128 128
-0.434053 2.65285 0.130199 128 128 128
-0.400431 2.65106 0.129958 128 128 128
-0.366918 2.64884 0.129716 128 128 128
-0.333027 2.64223 0.129336 128 128 128
-0.300355 2.64414 0.129266 128 128 128
-0.267092 2.63967 0.12899 128 128 128
-0.233201 2.62582 0.128403 128 128 128
-0.200662 2.6245 0.128265 128 128 128
-0.168315 2.62477 0.128195 128 128 128
-0.135841 2.62165 0.128023 128 128 128
-0.103432 2.61712 0.127815 128 128 128
-0.0706654 2.59322 0.126952 128 128 128
-0.0387566 2.58789 0.126744 128 128 128
-0.00697861 2.57318 0.126226 128 128 128
0.0246099 2.57407 0.126261 128 128 128
0.0557056 2.5526 0.125535 128 128 128
0.0870257 2.55172 0.125535 128 128 128
0.117615 2.53549 0.125017 128 128 128
0.147518 2.5139 0.124326 128 128 128
0.177416 2.49894 0.123877 128 128 128
0.207646 2.4916 0.123704 128 128 128
0.237528 2.4819 0.123462 128 128 128
0.266005 2.46092 0.12284 128 128 128
0.2957 2.4535 0.122702 128 128 128
0.323519 2.43285 0.122115 128 128 128
0.35204 2.4198 0.121804 128 128 128
0.380763 2.40937 0.121596 128 128 128
0.408943 2.39664 0.12132 128 128 128
0.43705 2.38456 0.121078 128 128 128
0.465311 2.37412 0.120905 128 128 128
0.493792 2.36529 0.120802 128 128 128
0.521038 2.35125 0.120525 128 128 128
0.547784 2.33593 0.120214 128 128 128
0.574233 2.3203 0.119903 128 128 128
0.601396 2.30825 0.119731 128 128 128
0.626491 2.28913 0.119316 128 128 128
0.652318 2.27359 0.119039 128 128 128
0.681036 2.26828 0.119143 128 128 128
0.704009 2.24451 0.11859 128 128 128
0.729625 2.23 0.118383 128 128 128
0.754668 2.21426 0.118141 128 128 128
0.776414 2.18977 0.117588 128 128 128
0.801145 2.17446 0.117381 128 128 128
0.825258 2.15793 0.117139 128 128 128
0.849087 2.14114 0.116897 128 128 128
0.869959 2.11763 0.116414 128 128 128
0.896273 2.10771 0.116448 128 128 128
0.914396 2.07919 0.115792 128 128 128
0.93154 2.04963 0.115101 128 128 128
0.952785 2.02991 0.11479 128 128 128
0.974125 2.01087 0.114513 128 128 128
0.996487 1.9943 0.114341 128 128 128
1.02226 1.98458 0.114444 128 128 128
1.03996 1.95954 0.113961 128 128 128
1.06248 1.94401 0.113857 128 128 128
1.07741 1.91516 0.113235 128 128 128
1.09933 1.8992 0.113131 128 128 128
1.11588 1.87441 0.112682 128 128 128
1.14089 1.86399 0.11282 128 128 128
1.15728 1.83971 0.112406 128 128 128
1.17433 1.81698 0.11206 128 128 128
1.19986 1.80742 0.112268 128 128 128
1.22251 1.79339 0.112302 128 128 128
1.24156 1.77416 0.112129 128 128 128
1.25914 1.75312 0.111888 128 128 128
1.27343 1.72789 0.111473 128 128 128
1.29454 1.71214 0.111473 128 128 128
1.02813 1.32706 0.0953032 128 128 128
0.926483 1.16673 0.0887731 128 128 128
0.985682 1.21018 0.0912262 128 128 128
1.07435 1.28602 0.0951996 128 128 128
1.37688 1.60605 0.110402 128 128 128
1.39186 1.58379 0.11016 128 128 128
1.40851 1.56362 0.110022 128 128 128
1.42623 1.54475 0.109953 128 128 128
1.44302 1.52496 0.109849 128 128 128
1.45326 1.49854 0.109434 128 128 128
1.46236 1.4714 0.108985 128 128 128
1.48031 1.45334 0.108985 128 128 128
1.49658 1.43369 0.108916 128 128 128
1.50456 1.40636 0.108467 128 128 128
1.51874 1.3851 0.108329 128 128 128
1.54086 1.371 0.108571 128 128 128
1.56362 1.35722 0.108847 128 128 128
1.56335 1.32375 0.108087 128 128 128
1.5787 1.30383 0.108052 128 128 128
1.57198 1.26623 0.10705 128 128 128
1.58504 1.24499 0.106947 128 128 128
1.60019 1.22545 0.106947 128 128 128
1.60148 1.19558 0.106359 128 128 128
1.33116 0.969427 0.0941976 128 128 128
1.15273 0.818711 0.0861473 128 128 128
1.18575 0.820362 0.0871147 128 128 128
1.64493 1.10666 0.105807 128 128 128
1.65922 1.08694 0.105841 128 128 128
1.66231 1.06007 0.105427 128 128 128
1.66754 1.03486 0.105116 128 128 128
1.69211 1.02153 0.105599 128 128 128
1.69675 0.996148 0.105288 128 128 128
1.70885 0.975251 0.105288 128 128 128
1.71719 0.952276 0.10515 128 128 128
1.72874 0.931131 0.10515 128 128 128
1.72851 0.90385 0.104701 128 128 128
1.73858 0.88212 0.104666 128 128 128
1.75197 0.862037 0.10477 128 128 128
1.75429 0.836617 0.104459 128 128 128
1.76443 0.815026 0.104459 128 128 128
1.76242 0.788034 0.10401 128 128 128
1.78849 0.773454 0.104632 128 128 128
1.78861 0.747613 0.104286 128 128 128
1.80322 0.72784 0.104494 128 128 128
1.80269 0.70205 0.104148 128 128 128
1.80837 0.678827 0.104045 128 128 128
1.80527 0.652531 0.10363 128 128 128
1.81314 0.630328 0.10363 128 128 128
1.82549 0.609604 0.103803 128 128 128
1.83378 0.587459 0.103837 128 128 128
1.84085 0.564912 0.103837 128 128 128
1.84573 0.54172 0.103768 128 128 128
1.83683 0.514746 0.103215 128 128 128
1.8517 0.49447 0.103526 128 128 128
1.85763 0.471709 0.103526 128 128 128
1.85161 0.446093 0.103112 128 128 128
1.8628 0.424658 0.103319 128 128 128
1.86787 0.401766 0.103319 128 128 128
1.86776 0.377834 0.103146 128 128 128
1.86734 0.353965 0.102973 128 128 128
1.86958 0.330679 0.102904 128 128 128
1.86955 0.307072 0.102766 128 128 128
1.88603 0.286028 0.103215 128 128 128
1.88939 0.262862 0.103215 128 128 128
1.88554 0.238792 0.102973 128 128 128
1.88336 0.215079 0.102801 128 128 128
1.88586 0.191951 0.102801 128 128 128
1.88707 0.168707 0.102766 128 128 128
1.89498 0.145985 0.102973 128 128 128
1.88765 0.122158 0.102662 128 128 128
1.88901 0.0989842 0.102662 128 128 128
1.89108 0.0758336 0.102697 128 128 128
1.88987 0.05257 0.102628 128 128 128
1.88638 0.0293207 0.10249 128 128 128
1.88959 0.00617327 0.102593 128 128 128
1.89053 -0.0170265 0.102628 128 128 128
1.88318 -0.0400614 0.102386 128 128 128
1.89154 -0.0634884 0.102697 128 128 128
1.88562 -0.0864563 0.102524 128 128 128
1.88841 -0.10983 0.102662 128 128 128
1.88493 -0.132851 0.102593 128 128 128
1.88017 -0.155718 0.10249 128 128 128
1.87016 -0.178004 0.102213 128 128 128
1.86684 -0.200832 0.102179 128 128 128
1.86225 -0.223483 0.10211 128 128 128
1.86036 -0.246452 0.102144 128 128 128
1.8562 -0.269118 0.10211 128 128 128
1.86756 -0.29424 0.102628 128 128 128
1.86283 -0.316966 0.102593 128 128 128
1.85782 -0.33962 0.102559 128 128 128
1.85351 -0.362393 0.102559 128 128 128
1.8411 -0.383464 0.102282 128 128 128
1.84503 -0.407989 0.102593 128 128 128
1.83989 -0.430599 0.102593 128 128 128
1.83446 -0.453145 0.102593 128 128 128
1.83166 -0.476384 0.102697 128 128 128
1.82568 -0.498825 0.102697 128 128 128
1.8271 -0.523409 0.102973 128 128 128
1.8215 -0.54608 0.103008 128 128 128
1.81371 -0.568091 0.102973 128 128 128
1.8047 -0.58968 0.102904 128 128 128
1.79733 -0.611782 0.102904 128 128 128
1.79157 -0.634463 0.102973 128 128 128
1.77896 -0.654666 0.102801 128 128 128
1.77359 -0.677522 0.102904 128 128 128
1.76236 -0.698126 0.102801 128 128 128
1.75366 -0.719701 0.102801 128 128 128
1.76124 -0.748235 0.103423 128 128 128
1.74278 -0.765752 0.103077 128 128 128
1.73507 -0.787911 0.103146 128 128 128
1.72437 -0.808718 0.103112 128 128 128
1.71791 -0.831567 0.10325 128 128 128
1.70668 -0.852137 0.103215 128 128 128
1.69965 -0.874854 0.103354 128 128 128
1.69231 -0.897525 0.103492 128 128 128
1.6838 -0.919668 0.103595 128 128 128
1.67674 -0.942719 0.103768 128 128 128
1.66677 -0.964229 0.103837 128 128 128
1.64967 -0.981533 0.10363 128 128 128
1.64601 -1.00694 0.103975 128 128 128
1.63607 -1.02866 0.104079 128 128 128
1.62248 -1.04812 0.104045 128 128 128
1.61615 -1.07238 0.104321 128 128 128
1.60452 -1.09326 0.10439 128 128 128
1.5779 -1.10368 0.103837 128 128 128
1.56504 -1.12354 0.103872 128 128 128
1.55275 -1.14385 0.103941 128 128 128
1.54257 -1.16584 0.104114 128 128 128
1.53367 -1.18898 0.104355 128 128 128
1.51974 -1.20834 0.10439 128 128 128
1.50944 -1.23069 0.104597 128 128 128
1.49576 -1.25041 0.104666 128 128 128
1.48712 -1.27454 0.104977 128 128 128
1.46987 -1.29137 0.104908 128 128 128
1.45761 -1.31266 0.105081 128 128 128
1.4414 -1.33045 0.105081 128 128 128
1.42496 -1.34804 0.105081 128 128 128
1.41118 -1.36821 0.105219 128 128 128
1.39357 -1.38472 0.105185 128 128 128
1.37647 -1.40171 0.105185 128 128 128
1.37504 -1.43513 0.105979 128 128 128
1.35801 -1.45263 0.106014 128 128 128
1.22778 -1.64479 0.108225 128 128 128
1.22041 -1.67753 0.108985 128 128 128
1.18762 -1.67524 0.10826 128 128 128
1.1834 -1.71357 0.109262 128 128 128
1.16284 -1.72879 0.109296 128 128 128
1.14154 -1.74293 0.109296 128 128 128
1.12167 -1.75934 0.1094 128 128 128
1.12311 -1.81038 0.11092 128 128 128
1.08433 -1.79662 0.109814 128 128 128
1.07834 -1.8374 0.11092 128 128 128
1.05522 -1.84962 0.110886 128 128 128
1.02278 -1.84493 0.110195 128 128 128
1.01234 -1.88025 0.111093 128 128 128
0.990576 -1.89519 0.111197 128 128 128
0.968145 -1.90899 0.111266 128 128 128
0.94904 -1.9297 0.111611 128 128 128
0.926145 -1.94301 0.11168 128 128 128
0.903066 -1.95604 0.111749 128 128 128
0.881431 -1.97246 0.111957 128 128 128
0.859529 -1.98863 0.112164 128 128 128
0.834293 -1.99718 0.112095 128 128 128
0.810838 -2.01005 0.112198 128 128 128
0.788276 -2.02545 0.112406 128 128 128
0.766155 -2.04246 0.112682 128 128 128
0.743398 -2.05829 0.112924 128 128 128
0.72102 -2.07576 0.113235 128 128 128
0.694549 -2.08161 0.113131 128 128 128
0.67077 -2.09569 0.113339 128 128 128
0.64908 -2.11714 0.113822 128 128 128
0.626404 -2.13646 0.114237 128 128 128
0.602013 -2.15073 0.114479 128 128 128
0.57711 -2.16375 0.114686 128 128 128
0.555637 -2.19102 0.115412 128 128 128
0.530797 -2.20643 0.115723 128 128 128
0.505221 -2.2196 0.115964 128 128 128
0.483149 -2.25007 0.116828 128 128 128
0.455893 -2.25779 0.116897 128 128 128
0.430177 -2.27402 0.117277 128 128 128
0.403099 -2.28405 0.11745 128 128 128
0.376 -2.29474 0.117657 128 128 128
0.349585 -2.31104 0.118072 128 128 128
0.323234 -2.33001 0.11859 128 128 128
0.295604 -2.34174 0.118867 128 128 128
0.267625 -2.35214 0.119109 128 128 128
0.239038 -2.35823 0.119212 128 128 128
0.210602 -2.36696 0.11942 128 128 128
0.182436 -2.38133 0.119834 128 128 128
0.153762 -2.39236 0.120145 128 128 128
0.124593 -2.39806 0.120283 128 128 128
0.0951182 -2.39841 0.120249 128 128 128
0.0656789 -2.3994 0.120249 128 128 128
0.0365791 -2.42601 0.121147 128 128 128
0.00681024 -2.43027 0.121285 128 128 128
-0.0231465 -2.44216 0.1217 128 128 128
-0.0532072 -2.44569 0.121838 128 128 128
-0.0835004 -2.45284 0.122115 128 128 128
-0.114073 -2.46162 0.12246 128 128 128
-0.144693 -2.46701 0.122702 128 128 128
-0.176765 -2.48997 0.123566 128 128 128
-0.207984 -2.49558 0.123842 128 128 128
-0.239657 -2.50378 0.124222 128 128 128
-0.272217 -2.51754 0.124809 128 128 128
-0.30406 -2.52195 0.125086 128 128 128
-0.337119 -2.53388 0.125639 128 128 128
-0.369352 -2.53746 0.125915 128 128 128
-0.401251 -2.53767 0.126088 128 128 128
-0.436604 -2.55718 0.126952 128 128 128
-0.436323 -2.38063 0.12094 128 128 128
-0.400187 -2.04469 0.109296 128 128 128
-0.42175 -2.023 0.108709 128 128 128
-0.450246 -2.03425 0.109296 128 128 128
-0.602011 -2.56547 0.128368 128 128 128
-0.637799 -2.57534 0.12899 128 128 128
-0.669608 -2.56829 0.129025 128 128 128
-0.701074 -2.55988 0.129025 128 128 128
-0.735761 -2.5626 0.129439 128 128 128
-0.769754 -2.56199 0.12975 128 128 128
-0.806548 -2.56951 0.130372 128 128 128
-0.838644 -2.56132 0.130441 128 128 128
-0.877788 -2.57352 0.13127 128 128 128
-0.909639 -2.5635 0.131305 128 128 128
-0.942417 -2.55589 0.131443 128 128 128
-0.981958 -2.56559 0.132238 128 128 128
-1.02114 -2.57284 0.132963 128 128 128
-1.05492 -2.56566 0.133171 128 128 128
-1.09182 -2.56539 0.133654 128 128 128
-1.12524 -2.55637 0.133827 128 128 128
-1.17272 -2.57782 0.135175 128 128 128
-1.20213 -2.55872 0.135002 128 128 128
-1.24306 -2.56354 0.135762 128 128 128
-1.27577 -2.55078 0.135866 128 128 128
-1.31203 -2.54469 0.136246 128 128 128
-1.34833 -2.5381 0.136626 128 128 128
-1.38178 -2.52574 0.136799 128 128 128
-1.4166 -2.51556 0.137075 128 128 128
-1.45188 -2.50576 0.137386 128 128 128
-1.48509 -2.49205 0.137559 128 128 128
-1.52393 -2.48726 0.138111 128 128 128
-1.55327 -2.46668 0.138042 128 128 128
-1.59539 -2.46588 0.138802 128 128 128
-1.62775 -2.44944 0.138941 128 128 128
-1.66954 -2.4466 0.139666 128 128 128
-1.70461 -2.43329 0.139977 128 128 128
-1.75012 -2.43407 0.14091 128 128 128
-1.78877 -2.42447 0.141428 128 128 128
-1.82141 -2.40631 0.141601 128 128 128
-1.86308 -2.39955 0.142292 128 128 128
-1.90174 -2.38822 0.14281 128 128 128
-1.9385 -2.37399 0.143225 128 128 128
-1.97134 -2.35461 0.143432 128 128 128
-2.01313 -2.34539 0.144123 128 128 128
-2.04837 -2.32801 0.144469 128 128 128
-2.07678 -2.3027 0.144469 128 128 128
-2.10489 -2.27704 0.144469 128 128 128
-2.14575 -2.2648 0.145125 128 128 128
-2.17547 -2.24045 0.145229 128 128 128
-2.21127 -2.22207 0.145643 128 128 128
-2.24123 -2.19757 0.145782 128 128 128
-2.27164 -2.17335 0.145954 128 128 128
-2.31058 -2.15689 0.146542 128 128 128
-2.34057 -2.13173 0.146715 128 128 128
-2.3845 -2.11876 0.147544 128 128 128
-2.4073 -2.08672 0.147406 128 128 128
-2.45106 -2.07249 0.148235 128 128 128
-2.49252 -2.05559 0.14896 128 128 128
-2.52223 -2.0286 0.149168 128 128 128
-2.56032 -2.00796 0.149755 128 128 128
-2.59033 -1.98063 0.149997 128 128 128
-2.62968 -1.96003 0.150653 128 128 128
-2.66486 -1.93582 0.151137 128 128 128
-2.69576 -1.90816 0.151448 128 128 128
-2.72145 -1.87663 0.151552 128 128 128
-2.75839 -1.85255 0.152139 128 128 128
-2.79263 -1.8262 0.152623 128 128 128
-2.82242 -1.79662 0.152934 128 128 128
-2.84766 -1.76395 0.153072 128 128 128
-0.979409 -0.59321 0.0768532 128 128 128
-0.974535 -0.574087 0.0763694 128 128 128
-0.96065 -0.550237 0.0755402 128 128 128
-0.973455 -0.541788 0.0757821 128 128 128
-0.984435 -0.532162 0.0759548 128 128 128
-1.01128 -0.530651 0.0767495 128 128 128
-1.0311 -0.524957 0.0772678 128 128 128
-1.05452 -0.520613 0.0779242 128 128 128
-3.05995 -1.45603 0.154419 128 128 128
-1.04518 -0.484563 0.077095 128 128 128
-3.19339 -1.42435 0.158151 128 128 128
-3.15646 -1.36176 0.156112 128 128 128
-3.18585 -1.3283 0.156596 128 128 128
-3.26348 -1.22166 0.157736 128 128 128
-3.25001 -1.17139 0.1567 128 128 128
-3.22271 1.43015 0.0736133 128 128 128
-3.21583 1.47459 0.0737348 128 128 128
-3.09788 1.60896 0.073259 128 128 128
-3.08231 1.64921 0.0733096 128 128 128
-3.03556 1.67245 0.0730059 128 128 128
-3.00698 1.70513 0.0729148 128 128 128
-2.97719 1.73687 0.0728136 128 128 128
-2.95394 1.77225 0.0727933 128 128 128
-2.9209 1.80154 0.0726617 128 128 128
-2.88083 1.82602 0.0724492 128 128 128
-2.85569 1.85959 0.0724188 128 128 128
-2.82517 1.8895 0.0723277 128 128 128
-2.79765 1.9212 0.0722771 128 128 128
-2.76732 1.95078 0.0721961 128 128 128
-2.73994 1.98225 0.0721556 128 128 128
-2.70978 2.01155 0.0720848 128 128 128
-2.6833 2.04344 0.0720645 128 128 128
-2.64699 2.0676 0.0719228 128 128 128
-2.62532 2.10305 0.0719734 128 128 128
-2.5939 2.13067 0.0719025 128 128 128
-2.55302 2.15011 0.0717102 128 128 128
-2.52569 2.18062 0.0717001 128 128 128
-2.49874 2.21145 0.0717001 128 128 128
-2.45734 2.22919 0.0715078 128 128 128
-2.41954 2.24965 0.071366 128 128 128
-2.38596 2.27365 0.0712851 128 128 128
-2.34571 2.29089 0.071113 128 128 128
-2.31035 2.31243 0.0710117 128 128 128
-2.26923 2.32773 0.0708295 128 128 128
-2.22877 2.34309 0.0706574 128 128 128
-2.19849 2.3688 0.0706372 128 128 128
-2.15583 2.38078 0.0704347 128 128 128
-2.1238 2.40406 0.0703942 128 128 128
-2.08891 2.42388 0.0703133 128 128 128
-2.05579 2.44551 0.0702627 128 128 128
-2.00025 2.43963 0.0698577 128 128 128
-1.97391 2.46868 0.0699185 128 128 128
-1.93794 2.48562 0.0698274 128 128 128
-1.90244 2.50285 0.0697464 128 128 128
-1.86384 2.51556 0.0696148 128 128 128
-1.82815 2.53176 0.0695338 128 128 128
-1.79406 2.54992 0.0694832 128 128 128
-1.75585 2.56185 0.0693617 128 128 128
-1.72094 2.57821 0.069301 128 128 128
-1.6859 2.59411 0.0692403 128 128 128
-1.64164 2.59517 0.0690074 128 128 128
-1.60442 2.60661 0.0689062 128 128 128
-1.56975 2.62181 0.0688556 128 128 128
-1.5299 2.62792 0.0687038 128 128 128
-1.4936 2.63953 0.0686228 128 128 128
-1.45145 2.64014 0.0684203 128 128 128
-1.41282 2.64629 0.0682887 128 128 128
-1.37287 2.64923 0.0681268 128 128 128
-1.33666 2.65873 0.0680458 128 128 128
-1.29823 2.66325 0.0679142 128 128 128
-1.25946 2.66632 0.0677725 128 128 128
-1.21582 2.65794 0.0675093 128 128 128
-1.18271 2.67175 0.0674991 128 128 128
-1.1459 2.67687 0.0673979 128 128 128
-1.10913 2.68149 0.0672967 128 128 128
-1.07243 2.68561 0.0671955 128 128 128
-1.03795 2.69484 0.067155 128 128 128
-1.00167 2.69894 0.0670639 128 128 128
-0.965781 2.7035 0.0669829 128 128 128
-0.92928 2.70569 0.0668817 128 128 128
-0.896321 2.71784 0.0668918 128 128 128
-0.856862 2.70957 0.0666893 128 128 128
-0.819774 2.70744 0.0665577 128 128 128
-0.782311 2.70289 0.0664059 128 128 128
-0.74775 2.70747 0.0663553 128 128 128
-0.711411 2.70483 0.0662338 128 128 128
-0.674278 2.69784 0.0660718 128 128 128
-0.638349 2.69424 0.0659504 128 128 128
-0.601296 2.68431 0.0657682 128 128 128
-0.565411 2.67779 0.0656264 128 128 128
-0.531923 2.68158 0.0655961 128 128 128
-0.49678 2.67611 0.0654746 128 128 128
-0.45963 2.65737 0.0652215 128 128 128
-0.424762 2.64899 0.0650798 128 128 128
-0.391489 2.64906 0.0650292 128 128 128
-0.358144 2.64772 0.0649685 128 128 128
-0.325014 2.64695 0.0649178 128 128 128
-0.290965 2.63683 0.0647761 128 128 128
-0.258193 2.63622 0.0647356 128 128 128
-0.225394 2.63421 0.064685 128 128 128
-0.191949 2.62182 0.0645332 128 128 128
-0.160006 2.62797 0.0645737 128 128 128
-0.126862 2.61176 0.0643915 128 128 128
-0.0946553 2.60912 0.064351 128 128 128
-0.0622383 2.59409 0.064189 128 128 128
-0.0303879 2.59366 0.0641789 128 128 128
0.0014419 2.57984 0.0640372 128 128 128
0.0328664 2.56063 0.0638448 128 128 128
0.0640655 2.55103 0.0637537 128 128 128
0.0954395 2.55205 0.063774 128 128 128
0.12562 2.52772 0.0635412 128 128 128
0.155403 2.50603 0.0633387 128 128 128
0.18607 2.50293 0.0633286 128 128 128
0.215999 2.4915 0.0632375 128 128 128
0.245086 2.47373 0.0630856 128 128 128
0.274542 2.46259 0.0630047 128 128 128
0.301802 2.43521 0.0627617 128 128 128
0.330721 2.42439 0.0626909 128 128 128
0.359566 2.41421 0.0626301 128 128 128
0.387894 2.40172 0.0625491 128 128 128
0.415628 2.38693 0.0624479 128 128 128
0.44324 2.3728 0.0623568 128 128 128
0.471544 2.36326 0.0623163 128 128 128
0.500095 2.35534 0.0622961 128 128 128
0.52677 2.33927 0.0621948 128 128 128
0.555668 2.3336 0.062205 128 128 128
0.580375 2.31109 0.062043 128 128 128
0.607927 2.30089 0.0620126 128 128 128
0.635583 2.29133 0.0619924 128 128 128
0.661982 2.2776 0.0619316 128 128 128
0.682624 2.24538 0.0616786 128 128 128
0.708013 2.23016 0.0616077 128 128 128
0.733759 2.21656 0.0615571 128 128 128
0.759277 2.20266 0.0615065 128 128 128
0.779849 2.17529 0.0613142 128 128 128
0.807878 2.1693 0.0613546 128 128 128
0.82472 2.13403 0.0610813 128 128 128
0.853074 2.12932 0.0611421 128 128 128
0.87072 2.09837 0.0609194 128 128 128
0.894435 2.08293 0.0608688 128 128 128
0.913444 2.05717 0.0607068 128 128 128
0.936538 2.04126 0.0606562 128 128 128
0.970068 2.0477 0.0608586 128 128 128
0.982403 2.00958 0.0605651 128 128 128
0.999795 1.98308 0.0604031 128 128 128
1.02636 1.9751 0.0604537 128 128 128
1.04109 1.94472 0.0602513 128 128 128
1.06343 1.92917 0.0602209 128 128 128
1.08604 1.91423 0.0602007 128 128 128
1.1029 1.88953 0.0600691 128 128 128
1.12395 1.87242 0.0600286 128 128 128
1.1416 1.84998 0.0599273 128 128 128
1.16368 1.83498 0.0599172 128 128 128
1.18174 1.81386 0.0598362 128 128 128
1.20003 1.7934 0.0597654 128 128 128
1.22138 1.77772 0.0597553 128 128 128
1.24137 1.76014 0.0597249 128 128 128
1.26054 1.74153 0.0596844 128 128 128
1.27705 1.71951 0.0596034 128 128 128
1.02436 1.34402 0.0550279 128 128 128
0.940492 1.20286 0.0533779 128 128 128
0.962055 1.19982 0.0534893 128 128 128
1.06425 1.29459 0.0548862 128 128 128
1.36463 1.6196 0.0593605 128 128 128
1.38179 1.59971 0.05932 128 128 128
1.39933 1.58038 0.0592896 128 128 128
1.41728 1.56161 0.0592694 128 128 128
1.4234 1.53018 0.059077 128 128 128
1.43931 1.5097 0.0590365 128 128 128
1.45913 1.49335 0.0590568 128 128 128
1.47735 1.47534 0.0590568 128 128 128
1.47959 1.44173 0.0588341 128 128 128
1.48921 1.41588 0.0587227 128 128 128
1.50574 1.39682 0.0587126 128 128 128
1.52425 1.37958 0.0587329 128 128 128
1.54031 1.36011 0.0587227 128 128 128
1.55007 1.33523 0.0586316 128 128 128
1.55639 1.30774 0.0585 128 128 128
1.57078 1.28727 0.0584798 128 128 128
1.57943 1.26227 0.0583887 128 128 128
1.59559 1.24341 0.0583988 128 128 128
1.59959 1.21526 0.0582571 128 128 128
1.58306 1.17231 0.0578623 128 128 128
1.15725 0.834745 0.0523657 128 128 128
1.13879 0.800329 0.0520114 128 128 128
1.62266 1.11155 0.0578319 128 128 128
1.63784 1.09267 0.0578522 128 128 128
1.6637 1.08067 0.058004 128 128 128
1.66754 1.05428 0.0578927 128 128 128
1.68206 1.03479 0.0579129 128 128 128
1.68691 1.00944 0.0578218 128 128 128
1.69399 0.985647 0.0577611 128 128 128
1.70595 0.964784 0.0577611 128 128 128
1.72029 0.945224 0.0577914 128 128 128
1.72912 0.922628 0.0577611 128 128 128
1.72699 0.894432 0.0576092 128 128 128
1.74141 0.87497 0.0576497 128 128 128
1.75022 0.852657 0.0576295 128 128 128
1.7488 0.825558 0.0574979 128 128 128
1.75698 0.803202 0.0574776 128 128 128
1.77311 0.784417 0.0575485 128 128 128
1.76973 0.757084 0.0574068 128 128 128
1.78813 0.739136 0.057508 128 128 128
1.79521 0.716395 0.0574878 128 128 128
1.79547 0.691073 0.0573967 128 128 128
1.80381 0.668988 0.0573967 128 128 128
1.80812 0.645454 0.0573562 128 128 128
1.8159 0.623217 0.0573562 128 128 128
1.82341 0.600887 0.0573562 128 128 128
1.82493 0.576653 0.0572954 128 128 128
1.82996 0.553635 0.0572752 128 128 128
1.83565 0.530858 0.0572651 128 128 128
1.8401 0.507759 0.0572448 128 128 128
1.84426 0.48463 0.0572246 128 128 128
1.84813 0.461476 0.0572043 128 128 128
1.85171 0.4383 0.0571841 128 128 128
1.85694 0.415543 0.0571841 128 128 128
1.86093 0.392517 0.057174 128 128 128
1.87443 0.371407 0.0572651 128 128 128
1.86803 0.346364 0.0571537 128 128 128
1.87116 0.323243 0.0571436 128 128 128
1.86906 0.299304 0.0570829 128 128 128
1.87259 0.276345 0.0570829 128 128 128
1.87386 0.253076 0.0570626 128 128 128
1.8798 0.230429 0.057093 128 128 128
1.88547 0.207674 0.0571233 128 128 128
1.88589 0.184325 0.0571031 128 128 128
1.87804 0.160311 0.0570019 128 128 128
1.88087 0.137326 0.057012 128 128 128
1.88441 0.114357 0.0570322 128 128 128
1.88766 0.0913215 0.0570525 128 128 128
1.88764 0.0681133 0.0570424 128 128 128
1.88934 0.0449684 0.0570525 128 128 128
1.88175 0.0216821 0.0569715 128 128 128
1.88887 -0.00141175 0.0570424 128 128 128
1.87971 -0.0244802 0.0569513 128 128 128
1.87327 -0.0473978 0.0568905 128 128 128
1.86755 -0.0701979 0.0568399 128 128 128
1.86755 -0.0931595 0.05685 128 128 128
1.87525 -0.116623 0.0569411 128 128 128
1.87368 -0.139626 0.0569411 128 128 128
1.8768 -0.163037 0.0569917 128 128 128
1.87665 -0.186253 0.057012 128 128 128
1.86429 -0.208165 0.0569108 128 128 128
1.86854 -0.231885 0.0569816 128 128 128
1.86555 -0.254797 0.0569816 128 128 128
1.86426 -0.277964 0.0570019 128 128 128
1.85874 -0.300503 0.0569816 128 128 128
1.85393 -0.323119 0.0569715 128 128 128
1.85572 -0.346944 0.0570322 128 128 128
1.84053 -0.367544 0.0569209 128 128 128
1.84762 -0.392588 0.0570424 128 128 128
1.84267 -0.415232 0.0570424 128 128 128
1.83938 -0.438275 0.0570626 128 128 128
1.83677 -0.461543 0.057093 128 128 128
1.83194 -0.484303 0.0571031 128 128 128
1.82296 -0.505947 0.0570727 128 128 128
1.82718 -0.531344 0.0571841 128 128 128
1.81191 -0.551113 0.057093 128 128 128
1.80501 -0.573307 0.057093 128 128 128
1.80544 -0.597923 0.057174 128 128 128
1.78284 -0.614828 0.057012 128 128 128
1.79116 -0.642388 0.0571841 128 128 128
1.7719 -0.660138 0.0570626 128 128 128
1.76646 -0.682912 0.057093 128 128 128
1.76259 -0.706395 0.0571436 128 128 128
1.74088 -0.773224 0.0572043 128 128 128
1.73217 -0.794945 0.0572144 128 128 128
1.72499 -0.817424 0.0572448 128 128 128
1.71573 -0.83897 0.0572549 128 128 128
1.7062 -0.860411 0.0572651 128 128 128
1.69463 -0.880823 0.0572549 128 128 128
1.68457 -0.902024 0.0572651 128 128 128
1.6725 -0.922146 0.0572549 128 128 128
1.66193 -0.943094 0.0572651 128 128 128
1.65109 -0.963921 0.0572752 128 128 128
1.66744 -1.00108 0.0576092 128 128 128
1.6346 -1.00887 0.0573663 128 128 128
1.62463 -1.03046 0.0573967 128 128 128
1.61522 -1.0525 0.0574372 128 128 128
1.60135 -1.07169 0.057427 128 128 128
1.58973 -1.09239 0.0574473 128 128 128
1.57048 -1.10778 0.0573764 128 128 128
1.56406 -1.13224 0.0574675 128 128 128
1.55246 -1.15314 0.0574979 128 128 128
1.5358 -1.17029 0.0574675 128 128 128
1.52921 -1.1952 0.0575687 128 128 128
1.51521 -1.2145 0.0575789 128 128 128
1.50251 -1.23491 0.0576092 128 128 128
1.48724 -1.25325 0.0576092 128 128 128
1.47856 -1.27729 0.0577003 128 128 128
1.45903 -1.29202 0.0576497 128 128 128
1.44159 -1.30849 0.0576295 128 128 128
1.43201 -1.3322 0.0577206 128 128 128
1.07833 -1.80184 0.0591783 128 128 128
1.05764 -1.81753 0.0592086 128 128 128
1.03822 -1.83559 0.0592694 128 128 128
1.01706 -1.85082 0.0592997 128 128 128
0.999927 -1.87375 0.0594212 128 128 128
0.983765 -1.89919 0.059573 128 128 128
0.960834 -1.91201 0.0595832 128 128 128
0.93993 -1.92905 0.0596439 128 128 128
0.917041 -1.94225 0.0596642 128 128 128
0.893554 -1.95427 0.0596743 128 128 128
0.870721 -1.96783 0.0597046 128 128 128
0.849265 -1.9848 0.0597755 128 128 128
0.827522 -2.00154 0.0598464 128 128 128
0.806239 -2.0199 0.0599375 128 128 128
0.782111 -2.0315 0.0599577 128 128 128
0.761651 -2.05313 0.0600893 128 128 128
0.737409 -2.06515 0.0601197 128 128 128
0.713637 -2.07877 0.0601703 128 128 128
0.691524 -2.09782 0.0602816 128 128 128
0.667842 -2.11282 0.0603525 128 128 128
0.643025 -2.12468 0.060393 128 128 128
0.619967 -2.14298 0.0605043 128 128 128
0.595489 -2.15717 0.0605752 128 128 128
0.569737 -2.16722 0.0606056 128 128 128
0.548686 -2.19635 0.0608384 128 128 128
0.52354 -2.21071 0.0609194 128 128 128
0.499439 -2.23062 0.0610611 128 128 128
0.472856 -2.2405 0.0611016 128 128 128
0.447862 -2.25888 0.0612332 128 128 128
0.420657 -2.26716 0.0612635 128 128 128
0.394342 -2.28101 0.0613546 128 128 128
0.368226 -2.29753 0.0614761 128 128 128
0.341765 -2.31374 0.0615976 128 128 128
0.314556 -2.32668 0.0616887 128 128 128
0.286593 -2.33533 0.0617393 128 128 128
0.259455 -2.35258 0.061881 128 128 128
0.23135 -2.36355 0.061962 128 128 128
0.202414 -2.36721 0.0619721 128 128 128
0.174599 -2.38647 0.0621442 128 128 128
0.145606 -2.39342 0.0621948 128 128 128
0.116568 -2.40202 0.0622657 128 128 128
0.0872294 -2.40727 0.0623062 128 128 128
0.0580985 -2.42515 0.0624783 128 128 128
0.0283827 -2.42968 0.0625188 128 128 128
-0.00143532 -2.42884 0.0625086 128 128 128
-0.0313271 -2.43564 0.0625795 128 128 128
-0.0614842 -2.44607 0.0626909 128 128 128
-0.0920494 -2.46012 0.0628427 128 128 128
-0.123116 -2.47678 0.0630249 128 128 128
-0.154237 -2.48706 0.0631464 128 128 128
-0.185481 -2.49496 0.0632476 128 128 128
-0.216514 -2.49747 0.0632982 128 128 128
-0.248616 -2.50956 0.0634501 128 128 128
-0.280496 -2.51625 0.0635513 128 128 128
-0.315271 -2.54438 0.0638752 128 128 128
-0.347548 -2.54825 0.0639562 128 128 128
-0.37938 -2.54775 0.0639967 128 128 128
-0.411887 -2.5508 0.0640777 128 128 128
-0.444013 -2.55048 0.0641283 128 128 128
-0.458985 -2.45734 0.0632274 128 128 128
-0.413593 -2.07199 0.0593099 128 128 128
-0.431738 -2.03251 0.0589556 128 128 128
-0.457524 -2.03097 0.0589961 128 128 128
-0.607432 -2.55153 0.0644725 128 128 128
-0.646717 -2.57589 0.0648065 128 128 128
-0.679298 -2.57163 0.064847 128 128 128
-0.712405 -2.56888 0.0649077 128 128 128
-0.744432 -2.56186 0.064928 128 128 128
-0.779008 -2.56306 0.0650393 128 128 128
-0.814328 -2.5657 0.0651709 128 128 128
-0.853595 -2.57925 0.065424 128 128 128
-0.886808 -2.57331 0.0654746 128 128 128
-0.924721 -2.58012 0.0656669 128 128 128
-0.957011 -2.57045 0.0656872 128 128 128
-0.99928 -2.58651 0.0659909 128 128 128
-1.03652 -2.58797 0.0661427 128 128 128
-1.07317 -2.58707 0.0662743 128 128 128
-1.11154 -2.58933 0.0664464 128 128 128
-1.14606 -2.58189 0.0665172 128 128 128
-1.18224 -2.57763 0.0666286 128 128 128
-1.2172 -2.57016 0.0667096 128 128 128
-1.25392 -2.56582 0.0668311 128 128 128
-1.2907 -2.56095 0.0669525 128 128 128
-1.32848 -2.55735 0.0670942 128 128 128
-1.36118 -2.5435 0.0671246 128 128 128
-1.39711 -2.53536 0.0672258 128 128 128
-1.42861 -2.5189 0.067236 128 128 128
-1.46495 -2.51068 0.0673473 128 128 128
-1.49977 -2.49938 0.0674283 128 128 128
-1.53242 -2.48419 0.0674688 128 128 128
-1.57403 -2.48294 0.0676814 128 128 128
-1.61092 -2.47349 0.0678028 128 128 128
-1.65727 -2.47765 0.0680964 128 128 128
-1.69264 -2.46454 0.0681875 128 128 128
-1.72391 -2.44522 0.0682077 128 128 128
-1.7737 -2.45144 0.0685519 128 128 128
-1.80424 -2.43029 0.068562 128 128 128
-1.84362 -2.4207 0.068724 128 128 128
-1.87565 -2.40104 0.0687645 128 128 128
-1.91497 -2.39034 0.0689265 128 128 128
-1.96256 -2.38907 0.06922 128 128 128
-2.00138 -2.37629 0.0693719 128 128 128
-2.02974 -2.35079 0.0693617 128 128 128
-2.06373 -2.3317 0.0694427 128 128 128
-2.09555 -2.3099 0.0694933 128 128 128
-2.12782 -2.28841 0.0695541 128 128 128
-2.17022 -2.27733 0.0697666 128 128 128
-2.19382 -2.24623 0.0697059 128 128 128
-2.23253 -2.23046 0.0698679 128 128 128
-2.26832 -2.21127 0.0699893 128 128 128
-2.30615 -2.19361 0.0701412 128 128 128
-2.34755 -2.17876 0.0703436 128 128 128
-2.383 -2.15784 0.0704651 128 128 128
-2.42428 -2.14168 0.0706676 128 128 128
-2.45795 -2.1183 0.0707688 128 128 128
-2.48682 -2.09056 0.0708093 128 128 128
-2.53703 -2.08018 0.0711332 128 128 128
-2.55612 -2.04389 0.0710522 128 128 128
-2.59835 -2.0259 0.0712749 128 128 128
-2.63416 -2.00234 0.0714166 128 128 128
-2.66496 -1.97463 0.0714976 128 128 128
-2.69952 -1.94939 0.0716292 128 128 128
-2.72406 -1.9167 0.0716393 128 128 128
-2.75645 -1.88934 0.0717507 128 128 128
-2.78774 -1.86093 0.0718519 128 128 128
-2.81791 -1.83149 0.071943 128 128 128
-2.84524 -1.79998 0.0720038 128 128 128
-2.86456 -1.76336 0.0719734 128 128 128
-0.992166 -0.593073 0.0496224 128 128 128
-0.983818 -0.57179 0.0494402 128 128 128
-3.0939 -1.46167 0.0725605 128 128 128
-3.12069 -1.42776 0.0726617 128 128 128
-3.25546 1.43414 -0.0123362 128 128 128
-3.25944 1.48395 -0.0126797 128 128 128
-3.14006 1.57152 -0.0116779 128 128 128
-3.13208 1.61591 -0.011864 128 128 128
-3.10495 1.65046 -0.0117495 128 128 128
-3.05642 1.67304 -0.0112915 128 128 128
-2.90158 1.82795 -0.0105044 128 128 128
-2.88648 1.86832 -0.0106332 128 128 128
-2.86333 1.9036 -0.0106332 128 128 128
-2.78942 1.90414 -0.00976021 128 128 128
-2.78875 1.95433 -0.0101609 128 128 128
-2.75888 1.98431 -0.0100607 128 128 128
-2.7295 2.01445 -0.00997488 128 128 128
-2.69741 2.04235 -0.00984608 128 128 128
-2.67135 2.07468 -0.00983176 128 128 128
-2.63553 2.0992 -0.00964572 128 128 128
-2.60338 2.12631 -0.00953123 128 128 128
-2.57633 2.15746 -0.00951692 128 128 128
-2.54966 2.18891 -0.00951692 128 128 128
-2.50911 2.20813 -0.00925932 128 128 128
-2.47812 2.2354 -0.00918776 128 128 128
-2.4461 2.26156 -0.00910189 128 128 128
-2.39641 2.27075 -0.00867256 128 128 128
-2.35618 2.28813 -0.00842927 128 128 128
-2.32439 2.31334 -0.00835771 128 128 128
-2.29513 2.34098 -0.0083434 128 128 128
-2.24897 2.35088 -0.00798562 128 128 128
-2.22676 2.38562 -0.00812873 128 128 128
-2.17177 2.38464 -0.0075849 128 128 128
-2.14102 2.40962 -0.00755628 128 128 128
-2.09886 2.42134 -0.00728437 128 128 128
-2.0561 2.43163 -0.00699814 128 128 128
-2.02483 2.45513 -0.00696952 128 128 128
-1.97766 2.45874 -0.00658312 128 128 128
-1.94918 2.48518 -0.00662605 128 128 128
-1.91308 2.50176 -0.00649725 128 128 128
-1.87806 2.51943 -0.00639707 128 128 128
-1.84172 2.535 -0.00626827 128 128 128
-1.80701 2.55251 -0.00618241 128 128 128
-1.77386 2.57202 -0.00613947 128 128 128
-1.73548 2.58363 -0.00596774 128 128 128
-1.696 2.593 -0.00576738 128 128 128
-1.6603 2.60771 -0.0056672 128 128 128
-1.61714 2.61003 -0.00536667 128 128 128
-1.57777 2.61768 -0.00516631 128 128 128
-1.54351 2.63339 -0.00510906 128 128 128
-1.50565 2.64257 -0.00495164 128 128 128
-1.46248 2.64159 -0.00463679 128 128 128
-1.42476 2.64964 -0.00447937 128 128 128
-1.38752 2.65805 -0.00433626 128 128 128
-1.34308 2.65167 -0.00396417 128 128 128
-1.30384 2.65448 -0.0037495 128 128 128
-1.26689 2.66125 -0.00360639 128 128 128
-1.23038 2.66842 -0.00347759 128 128 128
-1.19347 2.67418 -0.00333447 128 128 128
-1.15464 2.67485 -0.00311981 128 128 128
-1.12058 2.68604 -0.00307687 128 128 128
-1.08642 2.69681 -0.00303394 128 128 128
-1.04855 2.69782 -0.0028479 128 128 128
-1.01222 2.70205 -0.00271909 128 128 128
-0.977969 2.71144 -0.00267616 128 128 128
-0.941031 2.71284 -0.00251874 128 128 128
-0.904522 2.7147 -0.00237563 128 128 128
-0.867503 2.71416 -0.00220389 128 128 128
-0.82976 2.71025 -0.00198922 128 128 128
-0.791965 2.70487 -0.00176024 128 128 128
-0.757373 2.70957 -0.00168869 128 128 128
-0.723554 2.71673 -0.00166006 128 128 128
-0.681862 2.69243 -0.00117348 128 128 128
-0.645752 2.68795 -0.000987437 128 128 128
-0.611837 2.69177 -0.00093019 128 128 128
-0.57501 2.68148 -0.00067259 128 128 128
-0.541276 2.68441 -0.000615343 128 128 128
-0.504057 2.66825 -0.000286188 128 128 128
-0.469727 2.66537 -0.000157386 128 128 128
-0.433303 2.64823 0.000171773 128 128 128
-0.400181 2.64939 0.000229016 128 128 128
-0.365603 2.63924 0.000443686 128 128 128
-0.333312 2.64452 0.000429373 128 128 128
-0.299609 2.63748 0.000586797 128 128 128
-0.266923 2.63798 0.000629731 128 128 128
-0.233835 2.63308 0.00074422 128 128 128
-0.201057 2.62977 0.000830088 128 128 128
-0.168021 2.62007 0.00100182 128 128 128
-0.136007 2.62493 0.00095889 128 128 128
-0.102759 2.59942 0.00134529 128 128 128
-0.0708523 2.60049 0.00134529 128 128 128
-0.0388678 2.59616 0.00141685 128 128 128
-0.00698716 2.58044 0.00164583 128 128 128
0.0245574 2.56934 0.00180325 128 128 128
0.0557815 2.55585 0.0019893 128 128 128
0.086429 2.53498 0.00227552 128 128 128
0.116764 2.51775 0.0025045 128 128 128
0.14657 2.49816 0.0027621 128 128 128
0.17707 2.49418 0.00279072 128 128 128
0.206988 2.48385 0.00290521 128 128 128
0.236291 2.46918 0.00307695 128 128 128
0.265483 2.45616 0.00322006 128 128 128
0.294149 2.4408 0.00339179 128 128 128
0.322879 2.42809 0.0035206 128 128 128
0.352214 2.42098 0.00356353 128 128 128
0.379847 2.40364 0.00374958 128 128 128
0.408296 2.39289 0.00383544 128 128 128
0.435448 2.3759 0.00400718 128 128 128
0.463407 2.36449 0.00409304 128 128 128
0.491976 2.35667 0.00412166 128 128 128
0.520205 2.34752 0.0041646 128 128 128
0.546445 2.33026 0.00432202 128 128 128
0.573791 2.31853 0.00439358 128 128 128
0.598901 2.29874 0.00457963 128 128 128
0.624941 2.2835 0.00469412 128 128 128
0.64931 2.26317 0.00488016 128 128 128
0.674721 2.24738 0.00499465 128 128 128
0.701046 2.23511 0.0050519 128 128 128
0.729984 2.23109 0.00498034 128 128 128
0.751473 2.20494 0.00523794 128 128 128
0.774445 2.18425 0.00540968 128 128 128
0.802233 2.17739 0.00536674 128 128 128
0.81526 2.13192 0.00591057 128 128 128
0.844692 2.13011 0.00578177 128 128 128
0.865426 2.10665 0.00598212 128 128 128
0.884927 2.08116 0.0062111 128 128 128
0.911612 2.07289 0.00616817 128 128 128
0.931166 2.04881 0.00636853 128 128 128
0.950268 2.02457 0.00656888 128 128 128
0.971541 2.00556 0.00668337 128 128 128
0.989351 1.98008 0.00689804 128 128 128
1.01082 1.96246 0.00698391 128 128 128
1.03341 1.94726 0.00702684 128 128 128
1.05242 1.92567 0.00716995 128 128 128
1.07499 1.91087 0.00719858 128 128 128
1.09484 1.89148 0.00729876 128 128 128
1.11746 1.87705 0.00731307 128 128 128
1.13884 1.86064 0.007356 128 128 128
1.15945 1.84314 0.00741325 128 128 128
1.17545 1.81871 0.00758498 128 128 128
1.19601 1.80165 0.00762791 128 128 128
1.21634 1.78436 0.00767085 128 128 128
1.23527 1.76521 0.0077424 128 128 128
1.25801 1.75154 0.00771378 128 128 128
1.27405 1.72874 0.00784258 128 128 128
1.20873 1.59908 0.00988908 128 128 128
0.899028 1.16123 0.0175599 128 128 128
0.95189 1.19855 0.0166726 128 128 128
1.02733 1.26105 0.0152987 128 128 128
1.35066 1.61519 0.00844365 128 128 128
1.36908 1.59698 0.00847227 128 128 128
1.38262 1.57331 0.00860107 128 128 128
1.40518 1.55993 0.00852952 128 128 128
1.41266 1.5301 0.00877281 128 128 128
1.42857 1.50975 0.00883006 128 128 128
1.4442 1.48924 0.0088873 128 128 128
1.46308 1.47212 0.00887299 128 128 128
1.45887 1.43238 0.00931664 128 128 128
1.47562 1.41368 0.00933095 128 128 128
1.48993 1.39274 0.00938819 128 128 128
1.52393 1.38981 0.00905903 128 128 128
1.53413 1.36504 0.00918783 128 128 128
1.52581 1.32453 0.0096601 128 128 128
1.54806 1.31086 0.00954561 128 128 128
1.54704 1.27779 0.00986046 128 128 128
1.56261 1.25871 0.00986046 128 128 128
1.57872 1.24005 0.00984615 128 128 128
1.58349 1.21271 0.0100322 128 128 128
1.583 1.18185 0.0103041 128 128 128
1.12696 0.821464 0.0186189 128 128 128
1.14104 0.810456 0.0185474 128 128 128
1.60484 1.10861 0.0106619 128 128 128
1.6233 1.09218 0.010576 128 128 128
1.63407 1.07053 0.010619 128 128 128
1.65806 1.05737 0.0104329 128 128 128
1.65815 1.02906 0.0106476 128 128 128
1.67408 1.01069 0.0105903 128 128 128
1.68463 0.989065 0.010619 128 128 128
1.69925 0.969799 0.010576 128 128 128
1.7049 0.945491 0.0106762 128 128 128
1.71108 0.921664 0.0107621 128 128 128
1.71428 0.896443 0.0108909 128 128 128
1.72337 0.874438 0.0109195 128 128 128
1.74474 0.858499 0.0107478 128 128 128
1.7425 0.831024 0.0109481 128 128 128
1.75529 0.81083 0.0109052 128 128 128
1.78156 0.796542 0.0106476 128 128 128
1.76915 0.765139 0.010991 128 128 128
1.77471 0.741836 0.0110483 128 128 128
1.78925 0.722236 0.0109624 128 128 128
1.79052 0.697337 0.0110769 128 128 128
1.80363 0.677059 0.0110054 128 128 128
1.80333 0.651834 0.0111342 128 128 128
1.80836 0.628676 0.0111771 128 128 128
1.81309 0.605493 0.01122 128 128 128
1.81753 0.582288 0.011263 128 128 128
1.82262 0.559358 0.0112916 128 128 128
1.82839 0.53667 0.0113059 128 128 128
1.8358 0.51446 0.0112916 128 128 128
1.84197 0.491893 0.0112916 128 128 128
1.84108 0.467544 0.0113918 128 128 128
1.84571 0.444683 0.0114061 128 128 128
1.85298 0.422441 0.0113775 128 128 128
1.85607 0.399253 0.0114061 128 128 128
1.85691 0.375662 0.0114633 128 128 128
1.86039 0.352662 0.0114776 128 128 128
1.85867 0.328773 0.0115635 128 128 128
1.85664 0.30498 0.0116494 128 128 128
1.85827 0.281877 0.011678 128 128 128
1.86258 0.259188 0.0116637 128 128 128
1.86463 0.236188 0.011678 128 128 128
1.87533 0.214179 0.0115635 128 128 128
1.8619 0.189563 0.0117925 128 128 128
1.87106 0.167309 0.0116923 128 128 128
1.87297 0.144336 0.0116923 128 128 128
1.8746 0.121341 0.0116923 128 128 128
1.87295 0.0981765 0.0117352 128 128 128
1.87402 0.075185 0.0117352 128 128 128
1.8688 0.052028 0.0118211 128 128 128
1.8573 0.0289296 0.0119928 128 128 128
1.86952 0.00614962 0.0118211 128 128 128
1.86745 -0.0167705 0.0118497 128 128 128
1.86411 -0.0396157 0.0118927 128 128 128
1.86848 -0.0626663 0.0118211 128 128 128
1.87056 -0.0857343 0.0117782 128 128 128
1.86538 -0.108442 0.0118354 128 128 128
1.86889 -0.131687 0.0117639 128 128 128
1.85717 -0.153765 0.011907 128 128 128
1.85515 -0.176544 0.011907 128 128 128
1.85483 -0.199514 0.0118783 128 128 128
1.85125 -0.222139 0.0118927 128 128 128
1.85334 -0.245507 0.0118211 128 128 128
1.85018 -0.268232 0.0118211 128 128 128
1.8428 -0.290286 0.0118783 128 128 128
1.8391 -0.312878 0.0118783 128 128 128
1.83316 -0.335059 0.011907 128 128 128
1.83676 -0.359081 0.0117925 128 128 128
1.81851 -0.378711 0.0119928 128 128 128
1.83129 -0.404921 0.0117352 128 128 128
1.82327 -0.426673 0.0117782 128 128 128
1.81304 -0.447807 0.0118497 128 128 128
1.81418 -0.471798 0.0117495 128 128 128
1.80344 -0.492697 0.0118211 128 128 128
1.80014 -0.515623 0.0117782 128 128 128
1.78984 -0.536518 0.0118354 128 128 128
1.78503 -0.559043 0.0118068 128 128 128
1.78564 -0.583407 0.0116923 128 128 128
1.77834 -0.605275 0.0116923 128 128 128
1.77078 -0.627053 0.0116923 128 128 128
1.76764 -0.650472 0.0116207 128 128 128
1.76419 -0.673909 0.0115492 128 128 128
1.75486 -0.695137 0.0115635 128 128 128
1.74065 -0.71433 0.0116494 128 128 128
1.73635 -0.737601 0.0115778 128 128 128
1.73083 -0.76047 0.0115206 128 128 128
1.72319 -0.782483 0.0114919 128 128 128
1.72521 -0.809114 0.0113059 128 128 128
1.70796 -0.826724 0.0114204 128 128 128
1.69947 -0.848518 0.0113918 128 128 128
1.6836 -0.866553 0.0114776 128 128 128
1.67637 -0.889029 0.0114204 128 128 128
1.6741 -0.914345 0.0112773 128 128 128
1.66275 -0.93482 0.0112773 128 128 128
1.65202 -0.955656 0.011263 128 128 128
1.64618 -0.979449 0.0111628 128 128 128
1.63404 -0.999576 0.0111628 128 128 128
1.62165 -1.01955 0.0111628 128 128 128
1.60985 -1.03992 0.0111485 128 128 128
1.61028 -1.06847 0.0109195 128 128 128
1.59705 -1.08815 0.0109195 128 128 128
1.57621 -1.10249 0.0110483 128 128 128
1.56337 -1.12234 0.011034 128 128 128
1.55109 -1.14263 0.0110054 128 128 128
1.54173 -1.1652 0.0109195 128 128 128
1.52889 -1.18526 0.0108909 128 128 128
1.51502 -1.20456 0.0108766 128 128 128
1.50089 -1.22369 0.0108622 128 128 128
1.48653 -1.24266 0.0108479 128 128 128
1.47117 -1.26081 0.0108479 128 128 128
1.46083 -1.2834 0.0107478 128 128 128
1.44498 -1.30123 0.0107478 128 128 128
1.4355 -1.32498 0.010619 128 128 128
1.41696 -1.34043 0.0106619 128 128 128
1.40828 -1.36539 0.0105045 128 128 128
1.39708 -1.38822 0.01039 128 128 128
1.36876 -1.39382 0.010619 128 128 128
1.35362 -1.41268 0.010576 128 128 128
1.34436 -1.43797 0.0104043 128 128 128
1.34476 -1.47434 0.0100179 128 128 128
1.31662 -1.47951 0.0102326 128 128 128
1.3121 -1.51144 0.00993202 128 128 128
1.29474 -1.52895 0.0099034 128 128 128
1.16641 -1.68887 0.00920215 128 128 128
1.17008 -1.73961 0.00857245 128 128 128
1.13609 -1.73457 0.00890161 128 128 128
1.11793 -1.75345 0.00881574 128 128 128
1.09738 -1.76873 0.00878712 128 128 128
1.08023 -1.78978 0.00865832 128 128 128
1.05869 -1.80377 0.00864401 128 128 128
1.04536 -1.83227 0.00838641 128 128 128
1.01942 -1.83883 0.00848659 128 128 128
0.999136 -1.85561 0.00841503 128 128 128
0.987828 -1.88991 0.00805725 128 128 128
0.965913 -1.90456 0.00801432 128 128 128
0.942029 -1.91538 0.00802863 128 128 128
0.921453 -1.93312 0.00792845 128 128 128
0.899331 -1.94791 0.0078712 128 128 128
0.879016 -1.96703 0.0077424 128 128 128
0.858762 -1.98685 0.00759929 128 128 128
0.83585 -2.00093 0.00754205 128 128 128
0.811605 -2.01197 0.00752774 128 128 128
0.788298 -2.0255 0.00747049 128 128 128
0.764781 -2.03877 0.00741325 128 128 128
0.739704 -2.048 0.00741325 128 128 128
0.721371 -2.07677 0.00711271 128 128 128
0.694887 -2.08262 0.00715564 128 128 128
0.671399 -2.09766 0.00705547 128 128 128
0.64619 -2.10766 0.00702684 128 128 128
0.62531 -2.13271 0.00676924 128 128 128
0.600698 -2.146 0.00668337 128 128 128
0.57867 -2.16964 0.00644008 128 128 128
0.554931 -2.18822 0.00626835 128 128 128
0.529661 -2.20167 0.00616817 128 128 128
0.506788 -2.22654 0.00589626 128 128 128
0.480468 -2.23748 0.0058247 128 128 128
0.454348 -2.25007 0.00572452 128 128 128
0.429465 -2.27022 0.00550985 128 128 128
0.401745 -2.2763 0.00549554 128 128 128
0.375222 -2.28994 0.00536674 128 128 128
0.34798 -2.30031 0.00528087 128 128 128
0.321354 -2.31629 0.00510914 128 128 128
0.294512 -2.33296 0.00492309 128 128 128
0.267642 -2.3523 0.00469412 128 128 128
0.239649 -2.36436 0.00456531 128 128 128
0.210877 -2.37011 0.00452238 128 128 128
0.182524 -2.38249 0.00437927 128 128 128
0.153648 -2.39054 0.0042934 128 128 128
0.124502 -2.39624 0.00423615 128 128 128
0.0953907 -2.40558 0.00412166 128 128 128
0.0660948 -2.41557 0.00399287 128 128 128
0.0364875 -2.41919 0.00394993 128 128 128
0.00680457 -2.42546 0.00386406 128 128 128
-0.0231708 -2.44436 0.00359215 128 128 128
-0.0532118 -2.44589 0.00356353 128 128 128
-0.0839708 -2.46604 0.00326299 128 128 128
-0.114274 -2.46582 0.00324868 128 128 128
-0.144826 -2.46922 0.00317712 128 128 128
-0.176274 -2.48321 0.00294815 128 128 128
-0.208934 -2.50677 0.00257606 128 128 128
-0.240648 -2.51397 0.00243294 128 128 128
-0.272462 -2.51977 0.00230414 128 128 128
-0.30506 -2.53013 0.00210379 128 128 128
-0.337153 -2.53413 0.0019893 128 128 128
-0.370845 -2.5476 0.00173169 128 128 128
-0.403814 -2.55372 0.00157427 128 128 128
-0.435462 -2.55055 0.00154565 128 128 128
-0.469274 -2.55877 0.00134529 128 128 128
-0.471552 -2.40569 0.00349197 128 128 128
-0.429577 -2.06019 0.00845796 128 128 128
-0.45134 -2.03915 0.00868694 128 128 128
-0.482766 -2.06071 0.00828623 128 128 128
-0.636904 -2.57175 0.000658352 128 128 128
-0.670699 -2.57245 0.000529554 128 128 128
-0.706199 -2.57848 0.000314884 128 128 128
-0.73862 -2.57251 0.00027195 128 128 128
-0.772735 -2.57186 0.000143148 128 128 128
-0.807848 -2.57363 -2.85842e-05 128 128 128
-0.844995 -2.58062 -0.000286188 128 128 128
-0.879193 -2.57762 -0.000400677 128 128 128
-0.922173 -2.59866 -0.000887256 128 128 128
-0.950521 -2.57777 -0.000744145 128 128 128
-0.993921 -2.59671 -0.00121642 128 128 128
-1.03164 -2.59918 -0.00144539 128 128 128
-1.06116 -2.58078 -0.00135953 128 128 128
-1.09983 -2.58412 -0.00161713 128 128 128
-1.13832 -2.58597 -0.00186042 128 128 128
-1.17371 -2.58 -0.00198922 128 128 128
-1.21211 -2.57987 -0.0022182 128 128 128
-1.25067 -2.57919 -0.00244718 128 128 128
-1.28358 -2.56632 -0.00249011 128 128 128
-1.32094 -2.56192 -0.00267616 128 128 128
-1.35746 -2.55523 -0.00283358 128 128 128
-1.3916 -2.54364 -0.00291945 128 128 128
-1.42566 -2.53159 -0.00300532 128 128 128
-1.46114 -2.52169 -0.00313412 128 128 128
-1.49813 -2.51387 -0.00330585 128 128 128
-1.5362 -2.50722 -0.00350621 128 128 128
-1.57432 -2.50001 -0.00370657 128 128 128
-1.61359 -2.49393 -0.00393555 128 128 128
-1.65128 -2.48475 -0.00412159 128 128 128
-1.6873 -2.47255 -0.0042647 128 128 128
-1.73476 -2.47621 -0.00469404 128 128 128
-1.76969 -2.46122 -0.00480853 128 128 128
-1.80214 -2.44253 -0.00486577 128 128 128
-1.84346 -2.43537 -0.00513769 128 128 128
-1.88181 -2.42361 -0.00533804 128 128 128
-1.92514 -2.41752 -0.00565289 128 128 128
-1.96036 -2.40068 -0.00578169 128 128 128
-1.99289 -2.38027 -0.00585325 128 128 128
-2.02064 -2.35412 -0.00582463 128 128 128
-2.06922 -2.35164 -0.00625396 128 128 128
-2.09591 -2.32385 -0.00621103 128 128 128
-2.12971 -2.30382 -0.00632552 128 128 128
-2.16608 -2.28621 -0.00649725 128 128 128
-2.19537 -2.26089 -0.00652587 128 128 128
-2.2406 -2.25148 -0.00688365 128 128 128
-2.27807 -2.2336 -0.00708401 128 128 128
-2.31182 -2.21169 -0.00721281 128 128 128
-2.35708 -2.20019 -0.00757059 128 128 128
-2.37428 -2.16236 -0.00738455 128 128 128
-2.4186 -2.14898 -0.00772802 128 128 128
-2.45311 -2.12633 -0.00788544 128 128 128
-2.48895 -2.10445 -0.00807149 128 128 128
-2.53081 -2.08708 -0.00837202 128 128 128
-2.57728 -2.07276 -0.00875842 128 128 128
-2.60331 -2.0416 -0.00877273 128 128 128
-2.63453 -2.01435 -0.00888722 128 128 128
-2.66226 -1.98425 -0.00894447 128 128 128
-2.71151 -1.96962 -0.00938812 128 128 128
-2.72813 -1.93101 -0.00925932 128 128 128
-2.74667 -1.89398 -0.00917345 128 128 128
-2.78466 -1.87015 -0.00943105 128 128 128
-2.82583 -1.84786 -0.0097459 128 128 128
-2.83816 -1.80661 -0.00957416 128 128 128
-2.87373 -1.78005 -0.00980314 128 128 128
-2.89364 -1.74362 -0.00977452 128 128 128
-0.960246 -0.550007 0.0227406 128 128 128
-0.931031 -0.518373 0.0233273 128 128 128
-1.02267 -0.520703 0.0221538 128 128 128
-1.05054 -0.518665 0.0218103 128 128 128
-3.14818 -1.49789 -0.0113201 128 128 128
-3.14361 -1.44871 -0.0109623 128 128 128
-3.19934 -1.38021 -0.0112915 128 128 128
-3.1948 -1.33202 -0.0109623 128 128 128
-2.93808 1.81283 -0.0957853 128 128 128
-2.91984 1.85143 -0.0959807 128 128 128
-2.83488 1.94747 -0.0952772 128 128 128
-2.78627 1.96484 -0.0941046 128 128 128
-2.75466 1.99361 -0.0937528 128 128 128
-2.7383 2.08604 -0.0953944 128 128 128
-2.66445 2.08197 -0.0930102 128 128 128
-2.6387 2.11451 -0.0930102 128 128 128
-2.62105 2.15371 -0.0934401 128 128 128
-2.57913 2.17284 -0.0926584 128 128 128
-2.5379 2.19192 -0.0919158 128 128 128
-2.51231 2.22423 -0.091994 128 128 128
-2.47816 2.24885 -0.0916422 128 128 128
-2.45184 2.28045 -0.0917204 128 128 128
-2.4092 2.29658 -0.0909387 128 128 128
-2.37011 2.3155 -0.0903524 128 128 128
-2.34081 2.34371 -0.0903133 128 128 128
-2.18408 2.41279 -0.0880464 128 128 128
-2.14637 2.43043 -0.0875773 128 128 128
-2.10333 2.44145 -0.0867956 128 128 128
-2.05777 2.44872 -0.0858576 128 128 128
-2.0149 2.45834 -0.0850759 128 128 128
-1.98832 2.48756 -0.0853104 128 128 128
-1.94597 2.4968 -0.0845678 128 128 128
-1.90611 2.50856 -0.0839815 128 128 128
-1.8728 2.52856 -0.0838251 128 128 128
-1.83812 2.54649 -0.0835906 128 128 128
-1.80098 2.56068 -0.0831998 128 128 128
-1.76603 2.57765 -0.0829653 128 128 128
-1.72816 2.58998 -0.0825353 128 128 128
-1.69135 2.60346 -0.0821836 128 128 128
-1.6582 2.62233 -0.0821054 128 128 128
-1.61018 2.61695 -0.0809328 128 128 128
-1.57383 2.62966 -0.0806201 128 128 128
-1.54144 2.64877 -0.0806201 128 128 128
-1.49799 2.64836 -0.0797603 128 128 128
-1.45912 2.65516 -0.0792522 128 128 128
-1.42219 2.66494 -0.0789004 128 128 128
-1.38524 2.6742 -0.0785486 128 128 128
-1.34064 2.66779 -0.0775324 128 128 128
-1.30167 2.67147 -0.0769852 128 128 128
-1.26537 2.68002 -0.0766725 128 128 128
-1.22532 2.6799 -0.0760081 128 128 128
-1.18344 2.67463 -0.0751482 128 128 128
-1.1462 2.67885 -0.0747182 128 128 128
-1.11171 2.68902 -0.0745619 128 128 128
-1.07455 2.69225 -0.074132 128 128 128
-1.04035 2.70244 -0.0740147 128 128 128
-1.00293 2.70376 -0.0735457 128 128 128
-0.967659 2.71022 -0.0733112 128 128 128
-0.933353 2.71906 -0.0731939 128 128 128
-0.895217 2.71607 -0.0726076 128 128 128
-0.855788 2.7078 -0.0718259 128 128 128
-0.816988 2.69993 -0.0710833 128 128 128
-0.782403 2.70495 -0.0708879 128 128 128
-0.748884 2.71339 -0.0708488 128 128 128
-0.710441 2.70305 -0.0700671 128 128 128
-0.674306 2.69993 -0.069598 128 128 128
-0.638816 2.69828 -0.0692072 128 128 128
-0.599313 2.67764 -0.0680737 128 128 128
-0.565582 2.68088 -0.0679174 128 128 128
-0.530499 2.67684 -0.0674874 128 128 128
-0.496331 2.67627 -0.0672138 128 128 128
-0.458845 2.65558 -0.0661585 128 128 128
-0.424321 2.64917 -0.0656895 128 128 128
-0.389876 2.64133 -0.0651814 128 128 128
-0.357702 2.64789 -0.0652596 128 128 128
-0.323228 2.63622 -0.0646342 128 128 128
-0.291293 2.64396 -0.0647905 128 128 128
-0.257848 2.63739 -0.0643997 128 128 128
-0.224352 2.62741 -0.0638916 128 128 128
-0.19136 2.62 -0.0635007 128 128 128
-0.158828 2.61617 -0.0632662 128 128 128
-0.126467 2.61293 -0.0630708 128 128 128
-0.0942104 2.60929 -0.0628754 128 128 128
-0.0617701 2.59327 -0.0622109 128 128 128
-0.0298095 2.58284 -0.061781 128 128 128
0.00188574 2.57202 -0.061351 128 128 128
0.033311 2.56081 -0.0609211 128 128 128
0.0643872 2.54623 -0.0603739 128 128 128
0.0951475 2.53226 -0.0598658 128 128 128
0.124787 2.50196 -0.0587323 128 128 128
0.155235 2.49625 -0.058576 128 128 128
0.185708 2.49217 -0.0584978 128 128 128
0.214472 2.4688 -0.057677 128 128 128
0.245046 2.46896 -0.0577943 128 128 128
0.273229 2.4469 -0.0570516 128 128 128
0.30201 2.43344 -0.0566608 128 128 128
0.330233 2.41767 -0.0561918 128 128 128
0.358849 2.40652 -0.0559182 128 128 128
0.386605 2.39108 -0.0554882 128 128 128
0.415748 2.38517 -0.0554491 128 128 128
0.442789 2.36811 -0.0549801 128 128 128
0.469474 2.35073 -0.0545111 128 128 128
0.499736 2.35164 -0.0547847 128 128 128
0.52505 2.32973 -0.0541593 128 128 128
0.553369 2.32214 -0.0541202 128 128 128
0.582066 2.31614 -0.0541593 128 128 128
0.608151 2.30013 -0.0538075 128 128 128
0.630997 2.27323 -0.0530258 128 128 128
0.654946 2.25188 -0.0524786 128 128 128
0.678177 2.22934 -0.0518924 128 128 128
0.707597 2.22751 -0.052166 128 128 128
0.729861 2.20348 -0.0515406 128 128 128
0.752292 2.18113 -0.0509934 128 128 128
0.777654 2.16797 -0.0508371 128 128 128
0.800368 2.14797 -0.0504071 128 128 128
0.828106 2.14171 -0.0505635 128 128 128
0.843931 2.10541 -0.0494691 128 128 128
0.866643 2.08751 -0.0491564 128 128 128
0.887074 2.06478 -0.0486483 128 128 128
0.912751 2.05465 -0.0486873 128 128 128
0.928321 2.02241 -0.0477884 128 128 128
0.950077 2.00454 -0.0475148 128 128 128
0.971535 1.98644 -0.0472412 128 128 128
0.993591 1.96991 -0.0470458 128 128 128
1.01355 1.94959 -0.046694 128 128 128
1.03787 1.93788 -0.0467331 128 128 128
1.0553 1.91362 -0.046225 128 128 128
1.07821 1.89966 -0.0461859 128 128 128
1.10044 1.88456 -0.0461077 128 128 128
1.11474 1.85634 -0.0454433 128 128 128
1.13639 1.84082 -0.0453651 128 128 128
1.15783 1.82505 -0.0452869 128 128 128
1.1785 1.80819 -0.0451697 128 128 128
1.19227 1.78113 -0.0445834 128 128 128
1.21065 1.76143 -0.0443489 128 128 128
1.23793 1.7546 -0.0447397 128 128 128
1.24882 1.72471 -0.0440362 128 128 128
0.908476 1.22216 -0.0203113 128 128 128
0.922195 1.20933 -0.0202332 128 128 128
0.939425 1.20107 -0.0203895 128 128 128
0.992191 1.23703 -0.0227737 128 128 128
1.33638 1.62558 -0.043059 128 128 128
1.35044 1.60217 -0.0427073 128 128 128
1.36347 1.57792 -0.0423164 128 128 128
1.37479 1.55208 -0.0418474 128 128 128
1.3944 1.53584 -0.0418865 128 128 128
1.40838 1.51349 -0.0416129 128 128 128
1.37447 1.4411 -0.0386424 128 128 128
1.4451 1.47847 -0.0416129 128 128 128
1.44052 1.43802 -0.0403622 128 128 128
1.45663 1.41884 -0.040284 128 128 128
1.4609 1.38845 -0.0395804 128 128 128
1.4932 1.3847 -0.0404012 128 128 128
1.49157 1.3495 -0.0394241 128 128 128
1.5215 1.34301 -0.0401276 128 128 128
1.52424 1.31249 -0.0394241 128 128 128
1.54176 1.29497 -0.0395023 128 128 128
1.54981 1.26962 -0.0391114 128 128 128
1.56917 1.25362 -0.0393069 128 128 128
1.56868 1.22198 -0.0385251 128 128 128
1.58117 1.20082 -0.0384079 128 128 128
1.14466 0.846902 -0.0164419 128 128 128
1.13796 0.820503 -0.0156211 128 128 128
1.24109 0.872048 -0.0200768 128 128 128
1.62171 1.11049 -0.0376262 128 128 128
1.62441 1.08329 -0.0371181 128 128 128
1.64512 1.06818 -0.0374698 128 128 128
1.6522 1.04417 -0.0371962 128 128 128
1.66318 1.02277 -0.0371181 128 128 128
1.66532 0.996119 -0.036649 128 128 128
1.6826 0.978626 -0.0368836 128 128 128
1.69014 0.955442 -0.0366881 128 128 128
1.70086 0.934148 -0.036649 128 128 128
1.70515 0.909439 -0.0363364 128 128 128
1.71706 0.888906 -0.0363754 128 128 128
1.73855 0.873157 -0.0368445 128 128 128
1.73118 0.842994 -0.0360628 128 128 128
1.73958 0.820833 -0.0359846 128 128 128
1.75134 0.800255 -0.0360628 128 128 128
1.75098 0.774251 -0.0356328 128 128 128
1.76219 0.753493 -0.035711 128 128 128
1.77038 0.731429 -0.0356719 128 128 128
1.78015 0.71002 -0.035711 128 128 128
1.78313 0.685964 -0.0354765 128 128 128
1.79048 0.663683 -0.0354374 128 128 128
1.79567 0.640652 -0.0353201 128 128 128
1.81284 0.621817 -0.035711 128 128 128
1.80705 0.595138 -0.0351638 128 128 128
1.81327 0.572616 -0.0351247 128 128 128
1.8192 0.550032 -0.0350856 128 128 128
1.82678 0.527944 -0.0351247 128 128 128
1.82734 0.503889 -0.0348902 128 128 128
1.83532 0.481936 -0.0349684 128 128 128
1.83528 0.457922 -0.0347339 128 128 128
1.83881 0.434904 -0.0346557 128 128 128
1.84206 0.411869 -0.0345775 128 128 128
1.84307 0.388406 -0.0344212 128 128 128
1.85063 0.366344 -0.0345384 128 128 128
1.85794 0.344154 -0.0346557 128 128 128
1.85316 0.319793 -0.0343039 128 128 128
1.853 0.296394 -0.0341476 128 128 128
1.85452 0.273339 -0.0340694 128 128 128
1.8607 0.250964 -0.0341867 128 128 128
1.86067 0.227745 -0.0340694 128 128 128
1.86233 0.204785 -0.0340303 128 128 128
1.86271 0.18172 -0.0339522 128 128 128
1.8648 0.158848 -0.0339522 128 128 128
1.86661 0.135952 -0.0339522 128 128 128
1.86515 0.112852 -0.0338349 128 128 128
1.86939 0.0901021 -0.0339522 128 128 128
1.86137 0.066826 -0.0336004 128 128 128
1.86005 0.0439306 -0.0335222 128 128 128
1.86244 0.0211257 -0.0336004 128 128 128
1.86656 -0.00173183 -0.0337567 128 128 128
1.8644 -0.0246123 -0.0336786 128 128 128
1.85597 -0.0472916 -0.0333659 128 128 128
1.85525 -0.0700636 -0.0333659 128 128 128
1.85724 -0.0929728 -0.0334831 128 128 128
1.85496 -0.115696 -0.033444 128 128 128
1.85241 -0.138376 -0.033405 128 128 128
1.85455 -0.161442 -0.0335613 128 128 128
1.85044 -0.183991 -0.0334831 128 128 128
1.85003 -0.206906 -0.0335613 128 128 128
1.84339 -0.229103 -0.033405 128 128 128
1.83945 -0.251572 -0.0333659 128 128 128
1.84116 -0.27486 -0.0335613 128 128 128
1.83173 -0.29648 -0.0333268 128 128 128
1.83091 -0.319449 -0.033444 128 128 128
1.8239 -0.341343 -0.0333268 128 128 128
1.82938 -0.365651 -0.0337176 128 128 128
1.82475 -0.388073 -0.0337176 128 128 128
1.81303 -0.408902 -0.033444 128 128 128
1.80399 -0.430196 -0.0332877 128 128 128
1.80536 -0.454002 -0.0335613 128 128 128
1.80351 -0.477142 -0.0337176 128 128 128
1.79463 -0.498438 -0.0336004 128 128 128
1.78646 -0.519866 -0.0335222 128 128 128
1.78377 -0.542911 -0.0336786 128 128 128
1.7865 -0.567779 -0.0340694 128 128 128
1.77371 -0.587778 -0.0338349 128 128 128
1.76164 -0.607873 -0.0336395 128 128 128
1.76251 -0.632477 -0.0339912 128 128 128
1.75649 -0.654755 -0.0340694 128 128 128
1.739 -0.672662 -0.0336786 128 128 128
1.73154 -0.694323 -0.0337176 128 128 128
1.73397 -0.72011 -0.0341867 128 128 128
1.74429 -0.749606 -0.0350075 128 128 128
1.72125 -0.764878 -0.0344212 128 128 128
1.71174 -0.785943 -0.0344212 128 128 128
1.71009 -0.810736 -0.0347729 128 128 128
1.69642 -0.829907 -0.0346166 128 128 128
1.69325 -0.854258 -0.0349293 128 128 128
1.68175 -0.874512 -0.0348902 128 128 128
1.67266 -0.896026 -0.0349684 128 128 128
1.66504 -0.918413 -0.0351247 128 128 128
1.65364 -0.938776 -0.0351247 128 128 128
1.63941 -0.957488 -0.0350075 128 128 128
1.63953 -0.984729 -0.0355547 128 128 128
1.62307 -1.00215 -0.0353592 128 128 128
1.61318 -1.0236 -0.0354765 128 128 128
1.6005 -1.04332 -0.0354765 128 128 128
1.58924 -1.06399 -0.0355547 128 128 128
1.57936 -1.08567 -0.035711 128 128 128
1.57 -1.10785 -0.0359064 128 128 128
1.55224 -1.12411 -0.035711 128 128 128
1.54475 -1.14783 -0.0360237 128 128 128
1.53293 -1.16852 -0.0361409 128 128 128
1.51926 -1.18786 -0.03618 128 128 128
1.50691 -1.20829 -0.0362973 128 128 128
1.49351 -1.22796 -0.0363754 128 128 128
1.47757 -1.24555 -0.0363364 128 128 128
1.46596 -1.26685 -0.0365318 128 128 128
1.4518 -1.28607 -0.03661 128 128 128
1.4359 -1.30379 -0.03661 128 128 128
1.42346 -1.32471 -0.0368054 128 128 128
1.41071 -1.34552 -0.0370008 128 128 128
1.40053 -1.36902 -0.0373526 128 128 128
1.38574 -1.38822 -0.0374698 128 128 128
1.36511 -1.40154 -0.0372744 128 128 128
1.35952 -1.4305 -0.0379389 128 128 128
1.15599 -1.73327 -0.0422383 128 128 128
1.133 -1.74481 -0.042121 128 128 128
1.11471 -1.76365 -0.0423555 128 128 128
1.08984 -1.77209 -0.042121 128 128 128
1.07263 -1.79304 -0.0424728 128 128 128
1.05306 -1.81039 -0.0426682 128 128 128
1.03963 -1.83883 -0.0433717 128 128 128
1.01843 -1.85407 -0.043489 128 128 128
0.999841 -1.87436 -0.0438408 128 128 128
0.977224 -1.88738 -0.0438798 128 128 128
0.954439 -1.90012 -0.0439189 128 128 128
0.933678 -1.91708 -0.0441534 128 128 128
0.912644 -1.93381 -0.044388 128 128 128
0.892172 -1.95214 -0.0447006 128 128 128
0.868554 -1.96385 -0.0447397 128 128 128
0.849898 -1.98722 -0.0452869 128 128 128
0.825448 -1.9975 -0.0452869 128 128 128
0.800873 -2.00748 -0.0452869 128 128 128
0.777975 -2.02182 -0.0454823 128 128 128
0.759369 -2.04807 -0.0461859 128 128 128
0.734515 -2.05818 -0.046225 128 128 128
0.707254 -2.06137 -0.0459905 128 128 128
0.687542 -2.08697 -0.046694 128 128 128
0.662785 -2.09811 -0.0468112 128 128 128
0.638727 -2.11182 -0.0470458 128 128 128
0.615545 -2.1291 -0.0474366 128 128 128
0.591235 -2.14323 -0.0477102 128 128 128
0.570488 -2.17159 -0.0485701 128 128 128
0.545494 -2.18521 -0.0488437 128 128 128
0.521867 -2.20535 -0.0493909 128 128 128
0.494764 -2.21159 -0.0493909 128 128 128
0.471309 -2.23509 -0.0500944 128 128 128
0.443845 -2.24071 -0.0500944 128 128 128
0.419238 -2.2617 -0.0507198 128 128 128
0.394182 -2.28243 -0.0513452 128 128 128
0.365985 -2.28611 -0.0513061 128 128 128
0.340978 -2.31118 -0.0521269 128 128 128
0.312724 -2.31619 -0.052166 128 128 128
0.287574 -2.34663 -0.0532213 128 128 128
0.260075 -2.3619 -0.0536903 128 128 128
0.230876 -2.36292 -0.0536121 128 128 128
0.202289 -2.37055 -0.0538075 128 128 128
0.173404 -2.37585 -0.0539248 128 128 128
0.145212 -2.39375 -0.0545502 128 128 128
0.116217 -2.40334 -0.0548628 128 128 128
0.0867153 -2.40459 -0.0548628 128 128 128
0.0576383 -2.42345 -0.0555664 128 128 128
0.0279186 -2.42597 -0.0556446 128 128 128
-0.00185326 -2.42313 -0.0555273 128 128 128
-0.0317884 -2.43892 -0.0561527 128 128 128
-0.0619874 -2.44933 -0.0565826 128 128 128
-0.0925208 -2.46137 -0.0570907 128 128 128
-0.123457 -2.47502 -0.057677 128 128 128
-0.15462 -2.48628 -0.0581851 128 128 128
-0.185856 -2.49416 -0.058576 128 128 128
-0.217652 -2.50563 -0.0591232 128 128 128
-0.248678 -2.50575 -0.0592404 128 128 128
-0.281285 -2.5194 -0.0599049 128 128 128
-0.314754 -2.53658 -0.0607257 128 128 128
-0.348417 -2.55134 -0.0614683 128 128 128
-0.380581 -2.5528 -0.0617028 128 128 128
-0.412833 -2.55386 -0.0619373 128 128 128
-0.447049 -2.56534 -0.0626018 128 128 128
-0.479412 -2.56457 -0.0627972 128 128 128
-0.510652 -2.55751 -0.0627581 128 128 128
-0.441522 -2.07695 -0.0438017 128 128 128
-0.464785 -2.06163 -0.0434108 128 128 128
-0.494209 -2.07327 -0.0441144 128 128 128
-0.644519 -2.56524 -0.0642043 128 128 128
-0.681047 -2.57646 -0.064986 128 128 128
-0.715814 -2.57946 -0.065455 128 128 128
-0.748806 -2.57528 -0.0656504 128 128 128
-0.783255 -2.57546 -0.0660413 128 128 128
-0.822955 -2.59137 -0.0670966 128 128 128
-0.856261 -2.58582 -0.067292 128 128 128
-0.896386 -2.59969 -0.0683082 128 128 128
-0.929905 -2.59319 -0.0685037 128 128 128
-0.966186 -2.59376 -0.0690118 128 128 128
-1.00334 -2.59569 -0.069598 128 128 128
-1.04217 -2.60081 -0.0703407 128 128 128
-1.08128 -2.60537 -0.0710833 128 128 128
-1.11908 -2.60568 -0.0716696 128 128 128
-1.1534 -2.59723 -0.0719041 128 128 128
-1.19268 -2.59923 -0.0726076 128 128 128
-1.22705 -2.58982 -0.0728421 128 128 128
-1.26356 -2.58444 -0.0732721 128 128 128
-1.29563 -2.56963 -0.0733112 128 128 128
-1.33765 -2.57394 -0.0742101 128 128 128
-1.37008 -2.55909 -0.0742883 128 128 128
-1.40331 -2.54559 -0.0744446 128 128 128
-1.43789 -2.53426 -0.0747182 128 128 128
-1.48147 -2.538 -0.0756954 128 128 128
-1.51507 -2.52392 -0.0758908 128 128 128
-1.5475 -2.50769 -0.0760081 128 128 128
-1.58992 -2.50708 -0.0768679 128 128 128
-1.62929 -2.50078 -0.0774933 128 128 128
-1.66374 -2.48641 -0.0777669 128 128 128
-1.71166 -2.49134 -0.0789786 128 128 128
-1.74786 -2.47832 -0.0793694 128 128 128
-1.78751 -2.46964 -0.0799948 128 128 128
-1.83376 -2.46919 -0.0810501 128 128 128
-1.97553 -2.40403 -0.0824572 128 128 128
-2.01518 -2.39184 -0.0830825 128 128 128
-2.04242 -2.36466 -0.0829653 128 128 128
-2.07989 -2.34915 -0.0834734 128 128 128
-2.10387 -2.31827 -0.0831998 128 128 128
-2.16345 -2.32595 -0.0849977 128 128 128
-2.19596 -2.30356 -0.0852322 128 128 128
-2.22058 -2.27287 -0.0850368 128 128 128
-2.26455 -2.26169 -0.0859358 128 128 128
-2.3043 -2.24559 -0.0866002 128 128 128
-2.34471 -2.22955 -0.0873037 128 128 128
-2.38581 -2.21352 -0.0880464 128 128 128
-2.40835 -2.18006 -0.0878119 128 128 128
-2.45588 -2.16887 -0.0889062 128 128 128
-2.47172 -2.12943 -0.088359 128 128 128
-2.54202 -2.13624 -0.090626 128 128 128
-2.56109 -2.09918 -0.0902742 128 128 128
-3.30474 1.4566 -0.189218 128 128 128
-3.26664 1.48792 -0.187825 128 128 128
-3.24543 1.52662 -0.187635 128 128 128
-2.66139 2.12059 -0.175986 128 128 128
-2.63053 2.1493 -0.175606 128 128 128
-2.60167 2.17949 -0.175416 128 128 128
-2.5596 2.19823 -0.17415 128 128 128
-2.53093 2.22816 -0.174023 128 128 128
-2.48786 2.24499 -0.172694 128 128 128
-2.45719 2.27264 -0.17244 128 128 128
-2.42912 2.30262 -0.17244 128 128 128
-2.39853 2.33017 -0.17225 128 128 128
-2.36481 2.35449 -0.171807 128 128 128
-2.33714 2.38476 -0.171934 128 128 128
-2.28772 2.39232 -0.170098 128 128 128
-2.16833 2.44129 -0.167249 128 128 128
-2.12712 2.45488 -0.166172 128 128 128
-2.08461 2.4663 -0.164969 128 128 128
-2.05038 2.48707 -0.164589 128 128 128
-1.98974 2.47467 -0.16155 128 128 128
-2.02562 2.58381 -0.168388 128 128 128
-1.97439 2.58307 -0.166362 128 128 128
-1.88837 2.53422 -0.160601 128 128 128
-1.85479 2.55397 -0.160347 128 128 128
-1.81813 2.5692 -0.159778 128 128 128
-1.77798 2.57898 -0.158828 128 128 128
-1.74398 2.59729 -0.158575 128 128 128
-1.70762 2.61181 -0.158068 128 128 128
-1.67009 2.62414 -0.157435 128 128 128
-1.63514 2.64019 -0.157118 128 128 128
-1.5908 2.64038 -0.155662 128 128 128
-1.55324 2.65108 -0.155029 128 128 128
-1.51369 2.6578 -0.154143 128 128 128
-1.4747 2.66481 -0.15332 128 128 128
-1.43293 2.66599 -0.152117 128 128 128
-1.39412 2.67187 -0.151294 128 128 128
-1.35538 2.67719 -0.150471 128 128 128
-1.3097 2.66763 -0.148635 128 128 128
-1.27986 2.68981 -0.149078 128 128 128
-1.23301 2.67538 -0.146988 128 128 128
-1.19847 2.68667 -0.146735 128 128 128
-1.16147 2.692 -0.146102 128 128 128
-1.12299 2.69315 -0.145216 128 128 128
-1.08799 2.7021 -0.144899 128 128 128
-1.04935 2.70128 -0.143949 128 128 128
-1.01403 2.70834 -0.143569 128 128 128
-0.977012 2.71025 -0.142873 128 128 128
-0.9414 2.71543 -0.14243 128 128 128
-0.90518 2.71826 -0.14186 128 128 128
-0.868429 2.7187 -0.141164 128 128 128
-0.828607 2.70815 -0.139771 128 128 128
-0.794753 2.71619 -0.139644 128 128 128
-0.75869 2.71613 -0.139011 128 128 128
-0.721472 2.71076 -0.138061 128 128 128
-0.685475 2.70876 -0.137365 128 128 128
-0.647782 2.69853 -0.136162 128 128 128
-0.609128 2.68193 -0.134579 128 128 128
-0.574717 2.68237 -0.134136 128 128 128
-0.540582 2.68335 -0.133756 128 128 128
-0.503756 2.66919 -0.132426 128 128 128
-0.467874 2.65747 -0.131287 128 128 128
-0.433313 2.65119 -0.130527 128 128 128
-0.400599 2.65532 -0.130464 128 128 128
-0.366902 2.65213 -0.129957 128 128 128
-0.332481 2.64157 -0.129007 128 128 128
-0.299374 2.6395 -0.128628 128 128 128
-0.266269 2.63603 -0.128184 128 128 128
-0.233121 2.63015 -0.127615 128 128 128
-0.200381 2.62684 -0.127235 128 128 128
-0.167944 2.62611 -0.127045 128 128 128
-0.135155 2.61701 -0.126348 128 128 128
-0.102351 2.60052 -0.125209 128 128 128
-0.070074 2.58761 -0.124322 128 128 128
-0.0382617 2.58429 -0.124069 128 128 128
-0.00653358 2.57259 -0.123309 128 128 128
0.0250702 2.57547 -0.123499 128 128 128
0.0559216 2.54304 -0.121473 128 128 128
0.0866241 2.5282 -0.120587 128 128 128
0.117307 2.51997 -0.120144 128 128 128
0.14768 2.50937 -0.119574 128 128 128
0.177376 2.49244 -0.118624 128 128 128
0.207188 2.48113 -0.118054 128 128 128
0.23607 2.4625 -0.117041 128 128 128
0.264745 2.44553 -0.116155 128 128 128
0.292554 2.42427 -0.115015 128 128 128
0.321749 2.41654 -0.114762 128 128 128
0.350797 2.40846 -0.114509 128 128 128
0.379223 2.39708 -0.114066 128 128 128
0.407254 2.38438 -0.113559 128 128 128
0.435211 2.37233 -0.113116 128 128 128
0.462547 2.358 -0.112546 128 128 128
0.489597 2.34336 -0.111976 128 128 128
0.517011 2.33133 -0.111596 128 128 128
0.543285 2.31509 -0.110963 128 128 128
0.569721 2.30051 -0.110457 128 128 128
0.594868 2.28176 -0.109697 128 128 128
0.62309 2.27525 -0.10976 128 128 128
0.646532 2.25209 -0.108747 128 128 128
0.672098 2.2373 -0.108304 128 128 128
0.698 2.22413 -0.107988 128 128 128
0.718999 2.19643 -0.106721 128 128 128
0.743957 2.18178 -0.106341 128 128 128
0.765645 2.15839 -0.105392 128 128 128
0.790341 2.14415 -0.105075 128 128 128
0.810145 2.11752 -0.103936 128 128 128
0.83496 2.10464 -0.103746 128 128 128
0.858057 2.08778 -0.103302 128 128 128
0.87969 2.06792 -0.102669 128 128 128
0.900562 2.04693 -0.101973 128 128 128
0.92271 2.02937 -0.10153 128 128 128
0.942861 2.00796 -0.100833 128 128 128
0.963062 1.98727 -0.1002 128 128 128
0.983794 1.96816 -0.0996935 128 128 128
1.00558 1.95151 -0.099377 128 128 128
1.02663 1.93374 -0.0989971 128 128 128
1.04981 1.92012 -0.0989338 128 128 128
1.06887 1.89927 -0.098364 128 128 128
1.09159 1.88515 -0.0983006 128 128 128
1.10645 1.85791 -0.0972876 128 128 128
1.1323 1.84929 -0.0976675 128 128 128
1.15118 1.82935 -0.0972243 128 128 128
1.16865 1.80756 -0.0966545 128 128 128
1.18742 1.7881 -0.0962746 128 128 128
1.20589 1.76845 -0.0958947 128 128 128
1.22751 1.75352 -0.0958947 128 128 128
0.886968 1.23648 -0.0566406 128 128 128
0.894951 1.21588 -0.0558809 128 128 128
0.894717 1.18493 -0.0542981 128 128 128
0.91103 1.17623 -0.054488 128 128 128
0.94408 1.18835 -0.0563874 128 128 128
0.952901 1.16973 -0.0558176 128 128 128
0.963975 1.15413 -0.055501 128 128 128
1.24762 1.45534 -0.0817126 128 128 128
1.36246 1.54992 -0.0910196 128 128 128
1.38338 1.5353 -0.0912096 128 128 128
1.39194 1.50723 -0.0902599 128 128 128
1.40964 1.48931 -0.0901966 128 128 128
1.42224 1.46618 -0.0896901 128 128 128
1.42956 1.43802 -0.0887404 128 128 128
1.44638 1.41967 -0.0886771 128 128 128
1.45286 1.39148 -0.0877274 128 128 128
1.4859 1.38851 -0.0891202 128 128 128
1.48288 1.35205 -0.0874108 128 128 128
1.50384 1.33773 -0.0877907 128 128 128
1.50429 1.30547 -0.0864611 128 128 128
1.52172 1.28819 -0.0865877 128 128 128
1.52894 1.26245 -0.0858913 128 128 128
1.53731 1.23797 -0.0853215 128 128 128
1.54766 1.21533 -0.0849416 128 128 128
1.56246 1.19624 -0.0849416 128 128 128
1.11885 0.836463 -0.0487265 128 128 128
1.12095 0.816816 -0.0480934 128 128 128
1.30782 0.927876 -0.0618323 128 128 128
1.61105 1.11248 -0.0843085 128 128 128
1.61961 1.0893 -0.0839286 128 128 128
1.63285 1.06934 -0.0839286 128 128 128
1.63406 1.04173 -0.0830422 128 128 128
1.64842 1.02265 -0.0831688 128 128 128
1.65999 1.00183 -0.0831055 128 128 128
1.67474 0.982897 -0.0832954 128 128 128
1.67539 0.955865 -0.0824724 128 128 128
1.68874 0.936198 -0.082599 128 128 128
1.69483 0.912576 -0.0822191 128 128 128
1.7121 0.894932 -0.0826623 128 128 128
1.71493 0.869808 -0.0820925 128 128 128
1.72189 0.846944 -0.0818392 128 128 128
1.72945 0.824467 -0.0816493 128 128 128
1.73581 0.801516 -0.0813961 128 128 128
1.75007 0.782181 -0.0817126 128 128 128
1.75312 0.757887 -0.0812694 128 128 128
1.76598 0.737848 -0.0815227 128 128 128
1.77582 0.716493 -0.081586 128 128 128
1.77797 0.692126 -0.0811428 128 128 128
1.77604 0.66642 -0.0804464 128 128 128
1.78127 0.643564 -0.0802564 128 128 128
1.79092 0.622308 -0.080383 128 128 128
1.79747 0.599969 -0.0803197 128 128 128
1.80565 0.578169 -0.080383 128 128 128
1.80593 0.553932 -0.0799399 128 128 128
1.80205 0.528661 -0.0792434 128 128 128
1.81128 0.507309 -0.0794334 128 128 128
1.81737 0.485043 -0.0794334 128 128 128
1.81738 0.461244 -0.0790535 128 128 128
1.82388 0.439139 -0.0791168 128 128 128
1.82718 0.416285 -0.0789902 128 128 128
1.82922 0.393208 -0.0788002 128 128 128
1.83587 0.371122 -0.0789268 128 128 128
1.83244 0.347096 -0.0784203 128 128 128
1.84147 0.325441 -0.0787369 128 128 128
1.83843 0.301703 -0.0782937 128 128 128
1.84397 0.279414 -0.0784203 128 128 128
1.84825 0.2569 -0.0784837 128 128 128
1.84532 0.233461 -0.0781038 128 128 128
1.854 0.211465 -0.0784837 128 128 128
1.84751 0.187808 -0.0779138 128 128 128
1.85465 0.165555 -0.0782304 128 128 128
1.85455 0.142634 -0.0781038 128 128 128
1.85318 0.119679 -0.0779138 128 128 128
1.85351 0.0968785 -0.0778505 128 128 128
1.84957 0.0739371 -0.077534 128 128 128
1.85034 0.0512345 -0.077534 128 128 128
1.84783 0.0284844 -0.077344 128 128 128
1.85303 0.00581147 -0.0776606 128 128 128
1.84199 -0.0168049 -0.0769641 128 128 128
1.83965 -0.0393606 -0.0768375 128 128 128
1.84302 -0.0620759 -0.0770908 128 128 128
1.8481 -0.0849757 -0.0774706 128 128 128
1.84193 -0.107347 -0.0771541 128 128 128
1.83749 -0.129725 -0.0769641 128 128 128
1.83875 -0.152518 -0.0771541 128 128 128
1.83673 -0.175071 -0.0771541 128 128 128
1.83147 -0.19727 -0.0769641 128 128 128
1.83089 -0.219973 -0.0770908 128 128 128
1.82905 -0.242558 -0.0771541 128 128 128
1.81408 -0.263239 -0.0763943 128 128 128
1.82057 -0.287056 -0.0770275 128 128 128
1.8238 -0.310563 -0.0774706 128 128 128
1.82181 -0.333284 -0.0775973 128 128 128
1.80975 -0.354066 -0.0770908 128 128 128
1.81015 -0.377276 -0.0774073 128 128 128
1.80247 -0.398808 -0.0772174 128 128 128
1.79744 -0.420897 -0.0772174 128 128 128
1.79601 -0.443889 -0.0774706 128 128 128
1.7885 -0.465388 -0.077344 128 128 128
1.78361 -0.487566 -0.0774073 128 128 128
1.78804 -0.512464 -0.0781038 128 128 128
1.77493 -0.532346 -0.0776606 128 128 128
1.77017 -0.554688 -0.0777872 128 128 128
1.76607 -0.577305 -0.0779772 128 128 128
1.76074 -0.599582 -0.0781038 128 128 128
1.75325 -0.621144 -0.0781038 128 128 128
1.7455 -0.642612 -0.0781038 128 128 128
1.74959 -0.668641 -0.0789268 128 128 128
1.73198 -0.686364 -0.0782937 128 128 128
1.7345 -0.712138 -0.0790535 128 128 128
1.72838 -0.734546 -0.0792434 128 128 128
1.71102 -0.752069 -0.0786736 128 128 128
1.71346 -0.778401 -0.0794967 128 128 128
1.69656 -0.795962 -0.0789902 128 128 128
1.68128 -0.814101 -0.0786103 128 128 128
1.67741 -0.837806 -0.0790535 128 128 128
1.67675 -0.863373 -0.0797499 128 128 128
1.66339 -0.882476 -0.07956 128 128 128
1.65593 -0.904743 -0.0798132 128 128 128
1.64384 -0.924505 -0.0797499 128 128 128
1.64358 -0.951129 -0.080573 128 128 128
1.62836 -0.969178 -0.0803197 128 128 128
1.61975 -0.991179 -0.080573 128 128 128
1.60071 -1.00672 -0.0800665 128 128 128
1.60247 -1.03552 -0.0811428 128 128 128
1.59462 -1.05843 -0.0815227 128 128 128
1.58069 -1.07735 -0.0814594 128 128 128
1.56245 -1.09323 -0.0810795 128 128 128
1.55458 -1.11641 -0.0815227 128 128 128
1.53996 -1.13481 -0.0814594 128 128 128
1.53069 -1.15724 -0.0818392 128 128 128
1.51559 -1.17532 -0.0817759 128 128 128
1.50963 -1.20068 -0.0824724 128 128 128
1.49092 -1.21596 -0.0821558 128 128 128
1.47894 -1.23673 -0.0824091 128 128 128
1.47424 -1.2639 -0.0832954 128 128 128
1.45339 -1.27727 -0.0828523 128 128 128
1.43982 -1.29702 -0.0830422 128 128 128
1.41867 -1.30984 -0.082599 128 128 128
1.41118 -1.3354 -0.0833588 128 128 128
1.38896 -1.34705 -0.0828523 128 128 128
1.38222 -1.37386 -0.0837386 128 128 128
1.36874 -1.39429 -0.0840552 128 128 128
1.35015 -1.40954 -0.0839286 128 128 128
1.33139 -1.42454 -0.083802 128 128 128
1.31784 -1.4452 -0.0841818 128 128 128
1.3139 -1.47695 -0.0855114 128 128 128
1.29568 -1.49296 -0.0855114 128 128 128
1.27919 -1.51104 -0.0857013 128 128 128
1.27386 -1.54281 -0.0870309 128 128 128
1.25733 -1.56144 -0.0872842 128 128 128
1.23869 -1.57754 -0.0873475 128 128 128
1.22529 -1.60056 -0.0879806 128 128 128
1.09397 -1.7639 -0.0917794 128 128 128
1.07481 -1.78147 -0.092096 128 128 128
1.0569 -1.80141 -0.0926025 128 128 128
1.0352 -1.81512 -0.0926658 128 128 128
1.01285 -1.82768 -0.0926658 128 128 128
0.992231 -1.84349 -0.092919 128 128 128
0.976902 -1.8697 -0.093932 128 128 128
0.95838 -1.89045 -0.0945652 128 128 128
0.935109 -1.90207 -0.0945652 128 128 128
0.930085 -1.95218 -0.0972876 128 128 128
0.895229 -1.93987 -0.0956415 128 128 128
0.875815 -1.96074 -0.0963379 128 128 128
0.853659 -1.97592 -0.0966545 128 128 128
0.830113 -1.98809 -0.0967811 128 128 128
0.806768 -2.00091 -0.0969711 128 128 128
0.784673 -2.01717 -0.0974143 128 128 128
0.762998 -2.03507 -0.0979841 128 128 128
0.738979 -2.04709 -0.098174 128 128 128
0.715756 -2.06167 -0.0985539 128 128 128
0.693856 -2.08072 -0.0992503 128 128 128
0.668573 -2.09003 -0.0993137 128 128 128
0.644328 -2.10285 -0.0996302 128 128 128
0.620984 -2.11922 -0.1002 128 128 128
0.59787 -2.13726 -0.100896 128 128 128
0.574662 -2.15601 -0.101656 128 128 128
0.550108 -2.17064 -0.102163 128 128 128
0.52644 -2.18985 -0.102986 128 128 128
0.498649 -2.19225 -0.102733 128 128 128
0.478563 -2.23042 -0.104822 128 128 128
0.45233 -2.242 -0.105202 128 128 128
0.426436 -2.25621 -0.105772 128 128 128
0.402149 -2.28093 -0.107038 128 128 128
0.375086 -2.29161 -0.107418 128 128 128
0.348263 -2.30492 -0.107988 128 128 128
0.320493 -2.31297 -0.108241 128 128 128
0.29344 -2.32763 -0.108937 128 128 128
0.266075 -2.34196 -0.109634 128 128 128
0.237414 -2.34605 -0.109697 128 128 128
0.209646 -2.36071 -0.110457 128 128 128
0.181554 -2.37505 -0.111217 128 128 128
0.152768 -2.38308 -0.111596 128 128 128
0.123962 -2.39374 -0.112166 128 128 128
0.0948041 -2.40107 -0.112546 128 128 128
0.0657146 -2.41701 -0.113496 128 128 128
0.0361419 -2.42462 -0.113939 128 128 128
0.00638736 -2.42688 -0.114066 128 128 128
-0.0235296 -2.43875 -0.114825 128 128 128
-0.0536195 -2.44526 -0.115269 128 128 128
-0.0839442 -2.4534 -0.115838 128 128 128
-0.115148 -2.47511 -0.117295 128 128 128
-0.146295 -2.48646 -0.118118 128 128 128
-0.177811 -2.49841 -0.119004 128 128 128
-0.209726 -2.51096 -0.119954 128 128 128
-0.241589 -2.51912 -0.12065 128 128 128
-0.273138 -2.52192 -0.12103 128 128 128
-0.307337 -2.54512 -0.12274 128 128 128
-0.339213 -2.54611 -0.123056 128 128 128
-0.371887 -2.55163 -0.123689 128 128 128
-0.404589 -2.55574 -0.124259 128 128 128
-0.438296 -2.56435 -0.125145 128 128 128
-0.473911 -2.58135 -0.126602 128 128 128
-0.505746 -2.57632 -0.126665 128 128 128
-0.536912 -2.56796 -0.126538 128 128 128
-0.453229 -2.04596 -0.0930457 128 128 128
-0.478302 -2.04024 -0.0930457 128 128 128
-0.505477 -2.04293 -0.0936155 128 128 128
-0.673165 -2.58003 -0.129261 128 128 128
-0.707427 -2.5812 -0.129894 128 128 128
-0.744589 -2.5915 -0.13116 128 128 128
-0.77518 -2.57835 -0.130907 128 128 128
-0.813371 -2.58958 -0.1323 128 128 128
-0.849146 -2.59172 -0.133123 128 128 128
-0.886065 -2.59621 -0.134136 128 128 128
-0.925905 -2.6077 -0.135655 128 128 128
-0.961303 -2.6055 -0.136288 128 128 128
-0.997862 -2.60562 -0.137112 128 128 128
-1.03568 -2.60801 -0.138125 128 128 128
-1.07255 -2.6071 -0.138948 128 128 128
-1.11074 -2.60842 -0.139961 128 128 128
-1.14469 -2.59916 -0.140277 128 128 128
-1.1823 -2.59762 -0.141164 128 128 128
-1.21707 -2.58924 -0.141607 128 128 128
-1.26011 -2.59744 -0.143253 128 128 128
-1.29144 -2.58089 -0.14319 128 128 128
-1.3299 -2.57814 -0.144139 128 128 128
-1.36425 -2.56691 -0.144519 128 128 128
-1.40237 -2.56222 -0.145406 128 128 128
-1.43764 -2.55177 -0.145912 128 128 128
-1.47186 -2.53911 -0.146292 128 128 128
-1.50803 -2.52942 -0.146925 128 128 128
-1.55515 -2.53708 -0.148888 128 128 128
-1.58724 -2.5195 -0.149014 128 128 128
-1.62999 -2.51824 -0.150407 128 128 128
-1.67074 -2.513 -0.151547 128 128 128
-1.70765 -2.50136 -0.152243 128 128 128
-1.75314 -2.50145 -0.15389 128 128 128
-1.78837 -2.48622 -0.154396 128 128 128
-1.8235 -2.47051 -0.154903 128 128 128
-1.86816 -2.46702 -0.156422 128 128 128
-1.90197 -2.44863 -0.156802 128 128 128
-2.04132 -2.37732 -0.158891 128 128 128
-2.07892 -2.36182 -0.159714 128 128 128
-2.10909 -2.33761 -0.159841 128 128 128
-2.14643 -2.32106 -0.160664 128 128 128
-2.1507 -2.26923 -0.158448 128 128 128
-2.26332 -2.32989 -0.166172 128 128 128
-2.26355 -2.27369 -0.16364 128 128 128
-2.30412 -2.2583 -0.164779 128 128 128
-2.35982 -2.25672 -0.167249 128 128 128
-2.37273 -2.21399 -0.165982 128 128 128
-2.41228 -2.19611 -0.167059 128 128 128
-2.45399 -2.17958 -0.168325 128 128 128
-2.50395 -2.16954 -0.170288 128 128 128
-2.54412 -2.15022 -0.171427 128 128 128
-2.56878 -2.11757 -0.171301 128 128 128
-2.59846 -2.08901 -0.171617 128 128 128
-2.63491 -2.06558 -0.172504 128 128 128
-2.6672 -2.03853 -0.173073 128 128 128
-2.62473 -1.95564 -0.167755 128 128 128
-3.28247 -1.41528 -0.186876 128 128 128
-3.29037 -1.37107 -0.186243 128 128 128
-3.34937 1.38896 -0.279829 128 128 128
-2.64256 2.17061 -0.261608 128 128 128
-2.59591 2.1862 -0.259319 128 128 128
-2.55531 2.20618 -0.257735 128 128 128
-2.53252 2.24133 -0.258263 128 128 128
-2.4908 2.25952 -0.256591 128 128 128
-2.45924 2.28653 -0.256151 128 128 128
-2.42306 2.30898 -0.255182 128 128 128
-2.39383 2.33785 -0.255094 128 128 128
-2.35228 2.35437 -0.25351 128 128 128
-2.18699 2.47552 -0.251309 128 128 128
-2.13367 2.47577 -0.248228 128 128 128
-2.08902 2.485 -0.246292 128 128 128
-2.08554 2.54356 -0.250077 128 128 128
-1.97286 2.53037 -0.242947 128 128 128
-1.92839 2.53695 -0.24101 128 128 128
-1.88524 2.54442 -0.23925 128 128 128
-1.84512 2.55525 -0.237929 128 128 128
-1.80847 2.57037 -0.237137 128 128 128
-1.77622 2.59155 -0.237049 128 128 128
-1.74041 2.60735 -0.236433 128 128 128
-1.70448 2.62267 -0.235817 128 128 128
-1.66365 2.62992 -0.234408 128 128 128
-1.62445 2.63912 -0.233264 128 128 128
-1.58836 2.65287 -0.232648 128 128 128
-1.55268 2.667 -0.23212 128 128 128
-1.51001 2.66852 -0.230359 128 128 128
-1.47571 2.68423 -0.230095 128 128 128
-1.43656 2.69071 -0.228951 128 128 128
-1.39334 2.68869 -0.227014 128 128 128
-1.35173 2.68868 -0.225342 128 128 128
-1.31339 2.69432 -0.224286 128 128 128
-1.27469 2.69853 -0.223141 128 128 128
-1.23236 2.69404 -0.221205 128 128 128
-1.19275 2.69439 -0.219796 128 128 128
-1.15567 2.69967 -0.218916 128 128 128
-1.11445 2.69432 -0.217067 128 128 128
-1.07945 2.70317 -0.216627 128 128 128
-1.0419 2.70506 -0.215571 128 128 128
-1.00689 2.71298 -0.215131 128 128 128
-0.9705 2.71669 -0.214339 128 128 128
-0.933525 2.71803 -0.21337 128 128 128
-0.896664 2.71888 -0.212402 128 128 128
-0.860224 2.72018 -0.211522 128 128 128
-0.823309 2.71909 -0.210466 128 128 128
-0.788492 2.72421 -0.210025 128 128 128
-0.751284 2.72024 -0.208793 128 128 128
-0.713023 2.71095 -0.207121 128 128 128
-0.677766 2.71177 -0.206416 128 128 128
-0.643056 2.71406 -0.205888 128 128 128
-0.604029 2.69648 -0.2036 128 128 128
-0.567387 2.68712 -0.202103 128 128 128
-0.53262 2.68509 -0.201311 128 128 128
-0.496531 2.67478 -0.199815 128 128 128
-0.461797 2.66987 -0.198846 128 128 128
-0.425202 2.65173 -0.196734 128 128 128
-0.391168 2.6469 -0.195853 128 128 128
-0.358121 2.64755 -0.195501 128 128 128
-0.324752 2.64483 -0.194885 128 128 128
-0.291832 2.64465 -0.194533 128 128 128
-0.257892 2.63316 -0.193213 128 128 128
-0.224535 2.62422 -0.192156 128 128 128
-0.191875 2.62082 -0.191628 128 128 128
-0.159333 2.61701 -0.1911 128 128 128
-0.126669 2.60782 -0.190132 128 128 128
-0.0944013 2.60221 -0.189516 128 128 128
-0.0621682 2.59123 -0.188459 128 128 128
-0.0301825 2.57685 -0.187139 128 128 128
0.00144126 2.56508 -0.186083 128 128 128
0.0327591 2.55192 -0.184938 128 128 128
0.0637542 2.53838 -0.183794 128 128 128
0.0945689 2.52845 -0.183002 128 128 128
0.125149 2.51814 -0.18221 128 128 128
0.153841 2.48062 -0.179041 128 128 128
0.184857 2.48649 -0.179745 128 128 128
0.213133 2.45824 -0.177456 128 128 128
0.242697 2.44949 -0.176928 128 128 128
0.27109 2.43147 -0.175608 128 128 128
0.300542 2.425 -0.175344 128 128 128
0.328534 2.4083 -0.174199 128 128 128
0.356893 2.3962 -0.173495 128 128 128
0.38548 2.38672 -0.173055 128 128 128
0.41474 2.38181 -0.173055 128 128 128
0.440655 2.35892 -0.17147 128 128 128
0.46918 2.35138 -0.171294 128 128 128
0.495317 2.33277 -0.17015 128 128 128
0.524343 2.32846 -0.170326 128 128 128
0.548964 2.30538 -0.16883 128 128 128
0.57915 2.3062 -0.169534 128 128 128
0.602583 2.28062 -0.167861 128 128 128
0.628664 2.26633 -0.167245 128 128 128
0.653653 2.24888 -0.166365 128 128 128
0.675996 2.22353 -0.164781 128 128 128
0.703231 2.21507 -0.164781 128 128 128
0.729423 2.20343 -0.164516 128 128 128
0.745388 2.16229 -0.161524 128 128 128
0.773545 2.15767 -0.161964 128 128 128
0.795105 2.13494 -0.160731 128 128 128
0.81981 2.12131 -0.160379 128 128 128
0.836532 2.08797 -0.158179 128 128 128
0.86476 2.08399 -0.158795 128 128 128
0.881634 2.05307 -0.156858 128 128 128
0.905954 2.04028 -0.156682 128 128 128
0.925945 2.01814 -0.155626 128 128 128
0.945956 1.99672 -0.154658 128 128 128
0.967329 1.9787 -0.154042 128 128 128
0.993329 1.97024 -0.154394 128 128 128
1.00596 1.93579 -0.152193 128 128 128
1.03011 1.92418 -0.152281 128 128 128
1.05173 1.9079 -0.151929 128 128 128
1.07408 1.89312 -0.151753 128 128 128
1.09472 1.8755 -0.151313 128 128 128
1.11458 1.85679 -0.150785 128 128 128
1.13571 1.84043 -0.150521 128 128 128
1.15075 1.81458 -0.149288 128 128 128
1.16804 1.7928 -0.148496 128 128 128
1.18885 1.77668 -0.14832 128 128 128
1.20549 1.75456 -0.147528 128 128 128
1.22808 1.74127 -0.147704 128 128 128
1.23943 1.71234 -0.146207 128 128 128
0.898365 1.20896 -0.092512 128 128 128
0.907704 1.19071 -0.0917198 128 128 128
0.947989 1.21247 -0.0954168 128 128 128
1.0406 1.29795 -0.10642 128 128 128
1.07541 1.30818 -0.109061 128 128 128
1.01314 1.2019 -0.0983216 128 128 128
0.97771 1.1313 -0.0915437 128 128 128
0.98888 1.11623 -0.0911916 128 128 128
0.988455 1.08852 -0.0893431 128 128 128
1.00309 1.07776 -0.0895191 128 128 128
1.00663 1.05527 -0.0882868 128 128 128
1.02089 1.04427 -0.0884628 128 128 128
1.03152 1.02955 -0.0881988 128 128 128
1.03552 1.00846 -0.0871425 128 128 128
1.0507 0.998429 -0.0874946 128 128 128
1.05996 0.982748 -0.0871425 128 128 128
1.06382 0.962309 -0.0861742 128 128 128
1.07555 0.949181 -0.0861742 128 128 128
1.0856 0.93461 -0.0859981 128 128 128
1.10233 0.925707 -0.0866143 128 128 128
1.32459 1.08525 -0.110733 128 128 128
1.52991 1.22265 -0.132475 128 128 128
1.5448 1.20378 -0.132475 128 128 128
1.15514 0.877137 -0.0875826 128 128 128
1.11301 0.823735 -0.0817729 128 128 128
1.12061 0.808264 -0.0815089 128 128 128
1.1614 0.816246 -0.0848538 128 128 128
1.60092 1.09664 -0.130891 128 128 128
1.61757 1.07913 -0.131243 128 128 128
1.63237 1.06028 -0.131419 128 128 128
1.63768 1.03538 -0.130627 128 128 128
1.64772 1.01363 -0.130363 128 128 128
1.65747 0.991801 -0.130099 128 128 128
1.66779 0.970383 -0.129923 128 128 128
1.67784 0.948862 -0.129747 128 128 128
1.68761 0.92724 -0.129571 128 128 128
1.69008 0.901765 -0.12869 128 128 128
1.69925 0.88004 -0.128514 128 128 128
1.71704 0.862704 -0.129218 128 128 128
1.72123 0.83851 -0.128602 128 128 128
1.73049 0.816899 -0.128514 128 128 128
1.73767 0.794357 -0.12825 128 128 128
1.73909 0.769341 -0.127458 128 128 128
1.74657 0.747157 -0.127282 128 128 128
1.75837 0.726811 -0.127546 128 128 128
1.76068 0.70259 -0.12693 128 128 128
1.76638 0.679855 -0.126666 128 128 128
1.77552 0.658475 -0.126754 128 128 128
1.78066 0.63563 -0.12649 128 128 128
1.78644 0.613083 -0.126314 128 128 128
1.79099 0.590177 -0.12605 128 128 128
1.79335 0.56665 -0.125609 128 128 128
1.79445 0.542866 -0.125081 128 128 128
1.80576 0.522191 -0.125521 128 128 128
1.81299 0.500258 -0.125609 128 128 128
1.81322 0.476449 -0.125081 128 128 128
1.80443 0.450532 -0.123761 128 128 128
1.81661 0.429966 -0.124377 128 128 128
1.82369 0.408078 -0.124553 128 128 128
1.82856 0.385667 -0.124553 128 128 128
1.83316 0.363199 -0.124553 128 128 128
1.81985 0.337395 -0.122969 128 128 128
1.82974 0.316059 -0.123497 128 128 128
1.83643 0.294056 -0.123761 128 128 128
1.82217 0.268868 -0.122176 128 128 128
1.82632 0.246621 -0.122264 128 128 128
1.83415 0.2248 -0.122705 128 128 128
1.83776 0.202385 -0.122793 128 128 128
1.83614 0.179427 -0.122441 128 128 128
1.84019 0.157052 -0.122617 128 128 128
1.8529 0.135264 -0.123585 128 128 128
1.84746 0.112089 -0.122969 128 128 128
1.83676 0.088823 -0.121912 128 128 128
1.84369 0.0664962 -0.122441 128 128 128
1.83938 0.0437443 -0.122 128 128 128
1.8358 0.0211202 -0.121648 128 128 128
1.83791 -0.00140953 -0.121824 128 128 128
1.83975 -0.023988 -0.122 128 128 128
1.84131 -0.0466117 -0.122176 128 128 128
1.83462 -0.0689836 -0.121648 128 128 128
1.8406 -0.0918344 -0.122264 128 128 128
1.84431 -0.11472 -0.122705 128 128 128
1.83879 -0.137051 -0.122353 128 128 128
1.83399 -0.159349 -0.122088 128 128 128
1.82892 -0.18155 -0.121824 128 128 128
1.83151 -0.204529 -0.122264 128 128 128
1.82787 -0.226867 -0.122176 128 128 128
1.81607 -0.248074 -0.121384 128 128 128
1.82668 -0.272388 -0.122617 128 128 128
1.82123 -0.294467 -0.122441 128 128 128
1.80865 -0.315261 -0.121648 128 128 128
1.80758 -0.337979 -0.121912 128 128 128
1.80623 -0.360719 -0.122176 128 128 128
1.80167 -0.382857 -0.122176 128 128 128
1.79489 -0.4045 -0.122 128 128 128
1.79076 -0.426726 -0.122088 128 128 128
1.79215 -0.450364 -0.122705 128 128 128
1.78745 -0.472576 -0.122793 128 128 128
1.78536 -0.495538 -0.123145 128 128 128
1.77627 -0.516578 -0.122881 128 128 128
1.76217 -0.536023 -0.122176 128 128 128
1.76306 -0.560014 -0.122881 128 128 128
1.75511 -0.581295 -0.122793 128 128 128
1.75067 -0.603761 -0.123057 128 128 128
1.73844 -0.623521 -0.122617 128 128 128
1.73999 -0.648279 -0.123497 128 128 128
1.73841 -0.672092 -0.124113 128 128 128
1.72911 -0.693005 -0.124025 128 128 128
1.72416 -0.715696 -0.124377 128 128 128
1.70884 -0.734053 -0.123761 128 128 128
1.70516 -0.75739 -0.124289 128 128 128
1.71385 -0.786555 -0.12605 128 128 128
1.69597 -0.803694 -0.125257 128 128 128
1.68777 -0.825319 -0.125433 128 128 128
1.66417 -0.83925 -0.124113 128 128 128
1.667 -0.866491 -0.125433 128 128 128
1.65537 -0.886412 -0.125345 128 128 128
1.65745 -0.913865 -0.126666 128 128 128
1.63745 -0.929225 -0.125785 128 128 128
1.62936 -0.951256 -0.126138 128 128 128
1.61586 -0.970155 -0.125962 128 128 128
1.60807 -0.992524 -0.126402 128 128 128
1.59746 -1.01325 -0.126578 128 128 128
1.58824 -1.03495 -0.12693 128 128 128
1.57791 -1.05602 -0.127194 128 128 128
1.56729 -1.077 -0.127458 128 128 128
1.55559 -1.09729 -0.127634 128 128 128
1.54523 -1.11864 -0.127986 128 128 128
1.53459 -1.13989 -0.128338 128 128 128
1.51969 -1.15803 -0.12825 128 128 128
1.51008 -1.18027 -0.128778 128 128 128
1.49859 -1.2012 -0.12913 128 128 128
1.48528 -1.22076 -0.129306 128 128 128
1.47705 -1.24467 -0.130099 128 128 128
1.4594 -1.26075 -0.129835 128 128 128
1.45053 -1.2845 -0.130627 128 128 128
1.43466 -1.30221 -0.130627 128 128 128
1.41346 -1.31497 -0.130011 128 128 128
1.40155 -1.33634 -0.130539 128 128 128
1.38932 -1.35761 -0.131067 128 128 128
1.37397 -1.37597 -0.131243 128 128 128
1.36324 -1.39914 -0.132035 128 128 128
1.3494 -1.41937 -0.132475 128 128 128
1.33391 -1.43801 -0.132739 128 128 128
1.32353 -1.46239 -0.133708 128 128 128
1.29624 -1.46808 -0.132475 128 128 128
1.28919 -1.4967 -0.133972 128 128 128
1.27265 -1.51469 -0.134236 128 128 128
1.25649 -1.53327 -0.134588 128 128 128
1.10358 -1.7454 -0.141894 128 128 128
1.08261 -1.75966 -0.141982 128 128 128
1.064 -1.77794 -0.14251 128 128 128
1.04461 -1.79517 -0.14295 128 128 128
1.02889 -1.81912 -0.144095 128 128 128
1.01033 -1.83859 -0.144799 128 128 128
0.995201 -1.86491 -0.146207 128 128 128
0.977287 -1.88671 -0.147176 128 128 128
0.947791 -1.8861 -0.145943 128 128 128
0.934623 -1.91818 -0.147968 128 128 128
0.908032 -1.9232 -0.147352 128 128 128
0.886022 -1.93782 -0.147704 128 128 128
0.865405 -1.95583 -0.148408 128 128 128
0.841731 -1.96722 -0.148496 128 128 128
0.819813 -1.98292 -0.149024 128 128 128
0.801336 -2.00763 -0.150432 128 128 128
0.777355 -2.01917 -0.150609 128 128 128
0.753907 -2.0323 -0.150961 128 128 128
0.730253 -2.04515 -0.151313 128 128 128
0.705749 -2.05584 -0.151489 128 128 128
0.686091 -2.08137 -0.153073 128 128 128
0.661099 -2.09153 -0.153249 128 128 128
0.638563 -2.10997 -0.154218 128 128 128
0.613455 -2.12052 -0.154482 128 128 128
0.590043 -2.13749 -0.155362 128 128 128
0.568337 -2.16191 -0.156946 128 128 128
0.544185 -2.17838 -0.157827 128 128 128
0.520863 -2.19943 -0.159147 128 128 128
0.493615 -2.20469 -0.159059 128 128 128
0.471267 -2.23299 -0.161083 128 128 128
0.444995 -2.24447 -0.161612 128 128 128
0.419606 -2.26151 -0.162668 128 128 128
0.394547 -2.28219 -0.164076 128 128 128
0.367776 -2.29473 -0.164781 128 128 128
0.341342 -2.3109 -0.165837 128 128 128
0.31403 -2.32281 -0.166541 128 128 128
0.287453 -2.3423 -0.167949 128 128 128
0.259017 -2.34863 -0.168214 128 128 128
0.230664 -2.35658 -0.168654 128 128 128
0.203094 -2.37512 -0.170062 128 128 128
0.174299 -2.3824 -0.170502 128 128 128
0.145416 -2.39032 -0.17103 128 128 128
0.116316 -2.3969 -0.17147 128 128 128
0.0869306 -2.39914 -0.171559 128 128 128
0.0578733 -2.41596 -0.172967 128 128 128
0.0282579 -2.41948 -0.173231 128 128 128
-0.00143513 -2.42462 -0.173671 128 128 128
-0.0315324 -2.45231 -0.176136 128 128 128
-0.0620155 -2.46767 -0.177544 128 128 128
-0.0923664 -2.46872 -0.17772 128 128 128
-0.123241 -2.47934 -0.178777 128 128 128
-0.155125 -2.5015 -0.180889 128 128 128
-0.186543 -2.50934 -0.181769 128 128 128
-0.218263 -2.51778 -0.182738 128 128 128
-0.249925 -2.52284 -0.183442 128 128 128
-0.282733 -2.53642 -0.184938 128 128 128
-0.314325 -2.53671 -0.18529 128 128 128
-0.349052 -2.55931 -0.187667 128 128 128
-0.38131 -2.56075 -0.188195 128 128 128
-0.414605 -2.56768 -0.189252 128 128 128
-0.448638 -2.57712 -0.190572 128 128 128
-0.480412 -2.5724 -0.19066 128 128 128
-0.514664 -2.57999 -0.191892 128 128 128
-0.545667 -2.57056 -0.191628 128 128 128
-0.469552 -2.08452 -0.148232 128 128 128
-0.489111 -2.0534 -0.145943 128 128 128
-0.516209 -2.05497 -0.146647 128 128 128
-0.664793 -2.5166 -0.189428 128 128 128
-0.720071 -2.59658 -0.197526 128 128 128
-0.753823 -2.59424 -0.198142 128 128 128
-0.792543 -2.60767 -0.200255 128 128 128
-0.825988 -2.6025 -0.200695 128 128 128
-0.861612 -2.60352 -0.201751 128 128 128
-0.898034 -2.60594 -0.202983 128 128 128
-0.936993 -2.61441 -0.204832 128 128 128
-0.974212 -2.61673 -0.206152 128 128 128
-1.01378 -2.62409 -0.208001 128 128 128
-1.04886 -2.61885 -0.208705 128 128 128
-1.08778 -2.62235 -0.21029 128 128 128
-1.12342 -2.61704 -0.211082 128 128 128
-1.15787 -2.60852 -0.21161 128 128 128
-1.19477 -2.60498 -0.212666 128 128 128
-1.22792 -2.59283 -0.21293 128 128 128
-1.26227 -2.58293 -0.213458 128 128 128
-1.30194 -2.58326 -0.215043 128 128 128
-1.33721 -2.57417 -0.215747 128 128 128
-1.37198 -2.56371 -0.216363 128 128 128
-1.41055 -2.55977 -0.217684 128 128 128
-1.4556 -2.56654 -0.220148 128 128 128
-1.49551 -2.56311 -0.221645 128 128 128
-1.53454 -2.55738 -0.222965 128 128 128
-1.57626 -2.55532 -0.224726 128 128 128
-1.60963 -2.53915 -0.225078 128 128 128
-1.6537 -2.53925 -0.22719 128 128 128
-1.68917 -2.52539 -0.227895 128 128 128
-1.73018 -2.51925 -0.229479 128 128 128
-1.77759 -2.52145 -0.232032 128 128 128
-1.81249 -2.5051 -0.232648 128 128 128
-1.98418 -2.41542 -0.235641 128 128 128
-2.01303 -2.39012 -0.235553 128 128 128
-2.04611 -2.36977 -0.236081 128 128 128
-2.20721 -2.37385 -0.245852 128 128 128
-2.20732 -2.31629 -0.242155 128 128 128
-2.2481 -2.30186 -0.243739 128 128 128
-2.32478 -2.3227 -0.249813 128 128 128
-2.33814 -2.27939 -0.247964 128 128 128
-2.3681 -2.25258 -0.248228 128 128 128
-2.4087 -2.23556 -0.249813 128 128 128
-2.44629 -2.2152 -0.251045 128 128 128
-2.48075 -2.19161 -0.251925 128 128 128
-2.51274 -2.16555 -0.252542 128 128 128
-2.54827 -2.14225 -0.253598 128 128 128
-2.58206 -2.11714 -0.254478 128 128 128
-3.25102 -1.48744 -0.27534 128 128 128
-3.26357 -1.44502 -0.274812 128 128 128
-3.35151 1.42977 -0.370064 128 128 128
-3.31645 1.46315 -0.367933 128 128 128
-3.27926 1.49506 -0.365578 128 128 128
-2.48676 2.24556 -0.336976 128 128 128
-2.47505 2.29078 -0.339444 128 128 128
-2.3778 2.36909 -0.337649 128 128 128
-2.33674 2.38601 -0.335742 128 128 128
-2.30249 2.40947 -0.334957 128 128 128
-2.24771 2.41062 -0.330807 128 128 128
-2.20994 2.4292 -0.329461 128 128 128
-2.15161 2.48496 -0.329798 128 128 128
-2.10495 2.49217 -0.326994 128 128 128
-2.06853 2.51091 -0.325984 128 128 128
-2.02327 2.51827 -0.323404 128 128 128
-1.91499 2.57189 -0.320713 128 128 128
-1.85764 2.55977 -0.315777 128 128 128
-1.81636 2.56857 -0.313871 128 128 128
-1.7847 2.59067 -0.313871 128 128 128
-1.75167 2.61072 -0.313646 128 128 128
-1.71028 2.61787 -0.31174 128 128 128
-1.6743 2.63278 -0.310954 128 128 128
-1.63821 2.64721 -0.310169 128 128 128
-1.60356 2.66371 -0.309721 128 128 128
-1.56273 2.66946 -0.307926 128 128 128
-1.52446 2.67892 -0.306692 128 128 128
-1.4814 2.67916 -0.304337 128 128 128
-1.43481 2.67173 -0.301084 128 128 128
-1.40192 2.68913 -0.301084 128 128 128
-1.363 2.6946 -0.299626 128 128 128
-1.32328 2.69773 -0.297944 128 128 128
-1.28242 2.6976 -0.295925 128 128 128
-1.24341 2.70049 -0.294354 128 128 128
-1.20575 2.70556 -0.293121 128 128 128
-1.16579 2.70463 -0.291214 128 128 128
-1.12223 2.69395 -0.288185 128 128 128
-1.08834 2.70568 -0.287961 128 128 128
-1.04897 2.70307 -0.286054 128 128 128
-1.01572 2.71574 -0.286054 128 128 128
-0.977621 2.7149 -0.284484 128 128 128
-0.940345 2.71542 -0.283138 128 128 128
-0.903829 2.71733 -0.282016 128 128 128
-0.869212 2.72442 -0.281568 128 128 128
-0.832823 2.72538 -0.280446 128 128 128
-0.797651 2.72967 -0.279773 128 128 128
-0.758515 2.71914 -0.277418 128 128 128
-0.724836 2.72728 -0.277306 128 128 128
-0.684293 2.70803 -0.274053 128 128 128
-0.648708 2.70655 -0.272931 128 128 128
-0.613262 2.70462 -0.27181 128 128 128
-0.57631 2.69444 -0.269791 128 128 128
-0.539701 2.68377 -0.267772 128 128 128
-0.504901 2.68042 -0.26665 128 128 128
-0.4689 2.6688 -0.264631 128 128 128
-0.43342 2.65767 -0.262724 128 128 128
-0.399017 2.651 -0.261379 128 128 128
-0.365783 2.65077 -0.260818 128 128 128
-0.331881 2.64421 -0.259584 128 128 128
-0.297535 2.6313 -0.257677 128 128 128
-0.264438 2.62684 -0.25678 128 128 128
-0.231753 2.62494 -0.256219 128 128 128
-0.199524 2.62758 -0.256219 128 128 128
-0.166279 2.61397 -0.254424 128 128 128
-0.133547 2.60291 -0.252966 128 128 128
-0.101371 2.59839 -0.252293 128 128 128
-0.0692772 2.59149 -0.251396 128 128 128
-0.0373933 2.58619 -0.250723 128 128 128
-0.00563906 2.5636 -0.248143 128 128 128
0.0257629 2.55851 -0.247583 128 128 128
0.0568729 2.54608 -0.246237 128 128 128
0.0875381 2.5293 -0.244442 128 128 128
0.118233 2.52108 -0.243657 128 128 128
0.1488 2.51349 -0.242984 128 128 128
0.17746 2.48175 -0.239619 128 128 128
0.206886 2.4675 -0.238273 128 128 128
0.236667 2.45983 -0.237712 128 128 128
0.26531 2.44291 -0.236142 128 128 128
0.293212 2.42271 -0.234235 128 128 128
0.322122 2.41302 -0.233562 128 128 128
0.350402 2.40004 -0.232553 128 128 128
0.378728 2.38869 -0.231768 128 128 128
0.406658 2.37603 -0.23087 128 128 128
0.434879 2.36597 -0.230309 128 128 128
0.461948 2.35071 -0.229188 128 128 128
0.488913 2.33611 -0.228178 128 128 128
0.515591 2.32121 -0.227169 128 128 128
0.544723 2.31761 -0.227505 128 128 128
0.570233 2.29918 -0.226159 128 128 128
0.595878 2.2824 -0.225038 128 128 128
0.620141 2.26151 -0.223468 128 128 128
0.648674 2.25659 -0.223804 128 128 128
0.669409 2.22563 -0.221112 128 128 128
0.692778 2.20493 -0.219654 128 128 128
0.718228 2.19155 -0.219093 128 128 128
0.742487 2.17505 -0.218196 128 128 128
0.766449 2.15829 -0.217299 128 128 128
0.78942 2.1394 -0.216177 128 128 128
0.807046 2.1073 -0.213485 128 128 128
0.83174 2.09447 -0.213149 128 128 128
0.854722 2.07768 -0.212363 128 128 128
0.872336 2.04876 -0.21012 128 128 128
0.895401 2.03336 -0.209559 128 128 128
0.919873 2.02131 -0.209447 128 128 128
0.934426 1.98831 -0.206755 128 128 128
0.957885 1.9749 -0.206531 128 128 128
0.98294 1.96477 -0.206755 128 128 128
1.00378 1.94639 -0.20597 128 128 128
1.01683 1.91376 -0.20339 128 128 128
1.04167 1.90375 -0.203727 128 128 128
1.06202 1.88564 -0.203054 128 128 128
1.08358 1.86988 -0.202717 128 128 128
1.10644 1.85645 -0.202717 128 128 128
1.12133 1.83003 -0.201035 128 128 128
1.13999 1.81026 -0.20025 128 128 128
1.16266 1.79696 -0.200362 128 128 128
1.18462 1.78256 -0.200362 128 128 128
1.20416 1.76461 -0.199913 128 128 128
1.22001 1.74157 -0.198792 128 128 128
1.225 1.70391 -0.195651 128 128 128
0.867904 1.17849 -0.123979 128 128 128
0.887711 1.17487 -0.124989 128 128 128
0.933214 1.20386 -0.130709 128 128 128
1.29721 1.62933 -0.193857 128 128 128
1.26986 1.55565 -0.185444 128 128 128
1.13991 1.36269 -0.15931 128 128 128
1.16692 1.36065 -0.161105 128 128 128
1.25391 1.42592 -0.173106 128 128 128
1.28665 1.42737 -0.175686 128 128 128
1.36016 1.47194 -0.184996 128 128 128
1.38292 1.46018 -0.185781 128 128 128
1.40559 1.44808 -0.186566 128 128 128
1.42255 1.43002 -0.186454 128 128 128
1.47055 1.44231 -0.191277 128 128 128
1.45362 1.39125 -0.185893 128 128 128
1.46112 1.36451 -0.184435 128 128 128
1.47923 1.34781 -0.184659 128 128 128
1.45995 1.29794 -0.179275 128 128 128
1.46749 1.27278 -0.178042 128 128 128
1.1152 0.944784 -0.123755 128 128 128
1.09216 0.902637 -0.118708 128 128 128
1.0954 0.882953 -0.117586 128 128 128
1.10694 0.870056 -0.117698 128 128 128
1.10884 0.849782 -0.116464 128 128 128
1.1128 0.831371 -0.115567 128 128 128
1.09796 0.799592 -0.11209 128 128 128
1.13287 0.803811 -0.115567 128 128 128
1.1492 0.794351 -0.116464 128 128 128
1.17207 0.78903 -0.118259 128 128 128
1.20664 0.79086 -0.121624 128 128 128
1.61738 1.03037 -0.175238 128 128 128
1.63413 1.01306 -0.175798 128 128 128
1.65496 0.99804 -0.17692 128 128 128
1.65765 0.972145 -0.175686 128 128 128
1.6634 0.948298 -0.174901 128 128 128
1.66969 0.924936 -0.174228 128 128 128
1.68442 0.906252 -0.174677 128 128 128
1.68748 0.88139 -0.173667 128 128 128
1.70349 0.863299 -0.17434 128 128 128
1.697 0.834038 -0.172209 128 128 128
1.73045 0.824212 -0.175125 128 128 128
1.73231 0.799185 -0.174116 128 128 128
1.73199 0.773431 -0.172882 128 128 128
1.73679 0.750158 -0.172321 128 128 128
1.75596 0.732978 -0.173555 128 128 128
1.75099 0.705831 -0.171873 128 128 128
1.75952 0.68429 -0.171873 128 128 128
1.77057 0.663687 -0.172209 128 128 128
1.77578 0.640903 -0.171873 128 128 128
1.77224 0.615177 -0.170527 128 128 128
1.77211 0.590884 -0.169629 128 128 128
1.77544 0.56789 -0.169181 128 128 128
1.78702 0.547506 -0.169742 128 128 128
1.78788 0.52387 -0.169069 128 128 128
1.79992 0.503485 -0.169742 128 128 128
1.79828 0.479328 -0.168844 128 128 128
1.80113 0.456498 -0.168508 128 128 128
1.7979 0.432289 -0.167498 128 128 128
1.78756 0.4067 -0.165704 128 128 128
1.807 0.38783 -0.167386 128 128 128
1.81552 0.366404 -0.167835 128 128 128
1.81402 0.343002 -0.167162 128 128 128
1.82201 0.321397 -0.167611 128 128 128
1.81796 0.297746 -0.166713 128 128 128
1.81165 0.27395 -0.165592 128 128 128
1.82079 0.252504 -0.166265 128 128 128
1.82079 0.229774 -0.165928 128 128 128
1.81952 0.206972 -0.165479 128 128 128
1.82489 0.184923 -0.165816 128 128 128
1.82702 0.162515 -0.165816 128 128 128
1.83185 0.140303 -0.166152 128 128 128
1.8255 0.11732 -0.165255 128 128 128
1.8268 0.0949098 -0.165255 128 128 128
1.8328 0.0726711 -0.165816 128 128 128
1.83355 0.0501744 -0.165816 128 128 128
1.82508 0.0275545 -0.164806 128 128 128
1.82529 0.00515584 -0.164806 128 128 128
1.82819 -0.0172782 -0.165143 128 128 128
1.82586 -0.0396642 -0.164919 128 128 128
1.82622 -0.0621032 -0.165031 128 128 128
1.82533 -0.0845091 -0.165031 128 128 128
1.82217 -0.106782 -0.164806 128 128 128
1.82171 -0.129207 -0.164919 128 128 128
1.819 -0.151468 -0.164806 128 128 128
1.81403 -0.173488 -0.16447 128 128 128
1.82165 -0.196825 -0.165592 128 128 128
1.80824 -0.217833 -0.164358 128 128 128
1.80445 -0.239874 -0.164246 128 128 128
1.80727 -0.26287 -0.164919 128 128 128
1.79115 -0.282985 -0.16346 128 128 128
1.80223 -0.307482 -0.165143 128 128 128
1.79637 -0.329213 -0.164919 128 128 128
1.79024 -0.350846 -0.164694 128 128 128
1.78872 -0.373404 -0.165031 128 128 128
1.78788 -0.396194 -0.165479 128 128 128
1.77999 -0.417418 -0.165143 128 128 128
1.77377 -0.438989 -0.165031 128 128 128
1.76632 -0.460217 -0.164806 128 128 128
1.77491 -0.485824 -0.166489 128 128 128
1.75831 -0.504531 -0.165255 128 128 128
1.76816 -0.530963 -0.167162 128 128 128
1.76056 -0.552322 -0.16705 128 128 128
1.7546 -0.574196 -0.167162 128 128 128
1.74178 -0.593748 -0.166489 128 128 128
1.7353 -0.615412 -0.166601 128 128 128
1.7332 -0.638734 -0.167274 128 128 128
1.72709 -0.660669 -0.167498 128 128 128
1.71978 -0.682182 -0.167611 128 128 128
1.71311 -0.703994 -0.167835 128 128 128
1.70708 -0.726136 -0.168171 128 128 128
1.68714 -0.742205 -0.166825 128 128 128
1.69417 -0.770291 -0.168844 128 128 128
1.68549 -0.791447 -0.168956 128 128 128
1.6694 -0.809024 -0.168171 128 128 128
1.65313 -0.826326 -0.167386 128 128 128
1.66492 -0.857977 -0.17019 128 128 128
1.64112 -0.871326 -0.168508 128 128 128
1.64337 -0.898578 -0.17019 128 128 128
1.63394 -0.919655 -0.170415 128 128 128
1.62339 -0.940137 -0.170527 128 128 128
1.62111 -0.965601 -0.171761 128 128 128
1.60407 -0.982297 -0.171088 128 128 128
1.59609 -1.00456 -0.171648 128 128 128
1.58531 -1.02516 -0.171873 128 128 128
1.57344 -1.04508 -0.171985 128 128 128
1.56459 -1.06712 -0.172546 128 128 128
1.55463 -1.08853 -0.172994 128 128 128
1.54357 -1.10927 -0.173331 128 128 128
1.53224 -1.1299 -0.173667 128 128 128
1.52142 -1.15102 -0.174116 128 128 128
1.50405 -1.16716 -0.173667 128 128 128
1.49737 -1.19174 -0.174789 128 128 128
1.47879 -1.20687 -0.174228 128 128 128
1.473 -1.2326 -0.175574 128 128 128
1.45776 -1.25058 -0.175574 128 128 128
1.44156 -1.26772 -0.175462 128 128 128
1.42516 -1.28465 -0.17535 128 128 128
1.41366 -1.3061 -0.176023 128 128 128
1.39753 -1.32335 -0.176023 128 128 128
1.3826 -1.34178 -0.176247 128 128 128
1.37939 -1.37199 -0.178378 128 128 128
1.35967 -1.38597 -0.177929 128 128 128
1.35079 -1.41118 -0.179275 128 128 128
1.32728 -1.4211 -0.178266 128 128 128
1.31175 -1.43949 -0.178602 128 128 128
1.29728 -1.4592 -0.179163 128 128 128
1.28902 -1.48629 -0.180846 128 128 128
1.27388 -1.5058 -0.181407 128 128 128
1.2572 -1.52362 -0.181743 128 128 128
1.24524 -1.54746 -0.182977 128 128 128
1.228 -1.56498 -0.183313 128 128 128
1.21231 -1.58467 -0.183986 128 128 128
1.19514 -1.60262 -0.184435 128 128 128
1.18646 -1.63246 -0.186566 128 128 128
1.16863 -1.65014 -0.187015 128 128 128
1.14379 -1.65781 -0.186117 128 128 128
1.13772 -1.69319 -0.189034 128 128 128
1.01656 -1.8359 -0.195651 128 128 128
0.99583 -1.85175 -0.1961 128 128 128
0.974865 -1.86735 -0.196548 128 128 128
0.952771 -1.88095 -0.196773 128 128 128
0.931799 -1.89696 -0.197334 128 128 128
0.909301 -1.91005 -0.197558 128 128 128
0.886208 -1.92197 -0.19767 128 128 128
0.861345 -1.92998 -0.197334 128 128 128
0.847791 -1.96414 -0.20025 128 128 128
0.825148 -1.97807 -0.200699 128 128 128
0.801551 -1.98989 -0.200923 128 128 128
0.782804 -2.01441 -0.202717 128 128 128
0.757331 -2.022 -0.202493 128 128 128
0.733132 -2.03301 -0.202717 128 128 128
0.714282 -2.0597 -0.204849 128 128 128
0.688328 -2.06643 -0.204624 128 128 128
0.665925 -2.08419 -0.205746 128 128 128
0.6429 -2.10076 -0.206755 128 128 128
0.617905 -2.11135 -0.207092 128 128 128
0.593277 -2.12356 -0.207653 128 128 128
0.57352 -2.1547 -0.210457 128 128 128
0.546309 -2.15869 -0.21012 128 128 128
0.524843 -2.18649 -0.212588 128 128 128
0.50081 -2.20537 -0.214046 128 128 128
0.476186 -2.22302 -0.215392 128 128 128
0.450815 -2.23844 -0.216513 128 128 128
0.42459 -2.25064 -0.217299 128 128 128
0.397792 -2.26057 -0.217859 128 128 128
0.373667 -2.28785 -0.220439 128 128 128
0.346735 -2.30012 -0.221336 128 128 128
0.320095 -2.31602 -0.222682 128 128 128
0.293484 -2.33457 -0.224365 128 128 128
0.265915 -2.34787 -0.225486 128 128 128
0.237573 -2.3559 -0.226047 128 128 128
0.208989 -2.3626 -0.226496 128 128 128
0.180275 -2.36895 -0.226945 128 128 128
0.152361 -2.38982 -0.229076 128 128 128
0.122776 -2.38655 -0.228515 128 128 128
0.0939265 -2.39979 -0.229861 128 128 128
0.0646705 -2.40871 -0.230758 128 128 128
0.0351969 -2.41628 -0.231543 128 128 128
0.00555191 -2.43044 -0.233114 128 128 128
-0.0245277 -2.45219 -0.235581 128 128 128
-0.0548316 -2.46064 -0.236591 128 128 128
-0.0852748 -2.46674 -0.237376 128 128 128
-0.11578 -2.47047 -0.237937 128 128 128
-0.146811 -2.48076 -0.239282 128 128 128
-0.179488 -2.5095 -0.24276 128 128 128
-0.212047 -2.5279 -0.245115 128 128 128
-0.243246 -2.52708 -0.245339 128 128 128
-0.275763 -2.53773 -0.24691 128 128 128
-0.307731 -2.54106 -0.247695 128 128 128
-0.34102 -2.55285 -0.249489 128 128 128
-0.374499 -2.56322 -0.251172 128 128 128
-0.408284 -2.57315 -0.252854 128 128 128
-0.441522 -2.57774 -0.253976 128 128 128
-0.475115 -2.58287 -0.25521 128 128 128
-0.507548 -2.58074 -0.255658 128 128 128
-0.541026 -2.58307 -0.256668 128 128 128
-0.572032 -2.57333 -0.256331 128 128 128
-0.484047 -2.06137 -0.197782 128 128 128
-0.510511 -2.06009 -0.198343 128 128 128
-0.536258 -2.0556 -0.198567 128 128 128
-0.689678 -2.51343 -0.252966 128 128 128
-0.750569 -2.60882 -0.265192 128 128 128
-0.78339 -2.60227 -0.265529 128 128 128
-0.823052 -2.61709 -0.268445 128 128 128
-0.856039 -2.60962 -0.268781 128 128 128
-0.893483 -2.6149 -0.270688 128 128 128
-0.929515 -2.61497 -0.272034 128 128 128
-0.966373 -2.61641 -0.273604 128 128 128
-1.00769 -2.62846 -0.27652 128 128 128
-1.04245 -2.62236 -0.277306 128 128 128
-1.08024 -2.62314 -0.278988 128 128 128
-1.12213 -2.63253 -0.281792 128 128 128
-1.15435 -2.61856 -0.281792 128 128 128
-1.19053 -2.61324 -0.282914 128 128 128
-1.22972 -2.61371 -0.284821 128 128 128
-1.2617 -2.59842 -0.284821 128 128 128
-1.29929 -2.59428 -0.286279 128 128 128
-1.33423 -2.58432 -0.287064 128 128 128
-1.37192 -2.57915 -0.288522 128 128 128
-1.41639 -2.58563 -0.29155 128 128 128
-1.44655 -2.56546 -0.291214 128 128 128
-1.49441 -2.57586 -0.294915 128 128 128
-1.53203 -2.56756 -0.296261 128 128 128
-1.57384 -2.56549 -0.298504 128 128 128
-1.61636 -2.56362 -0.30086 128 128 128
-1.64715 -2.54276 -0.300748 128 128 128
-1.68926 -2.53889 -0.302991 128 128 128
-1.72816 -2.52944 -0.304561 128 128 128
-1.75392 -2.50073 -0.303552 128 128 128
-1.80716 -2.51044 -0.307926 128 128 128
-1.83842 -2.48887 -0.308038 128 128 128
-1.87363 -2.47245 -0.308935 128 128 128
-1.91422 -2.4626 -0.310842 128 128 128
-2.02018 -2.41025 -0.313758 128 128 128
-2.04961 -2.38528 -0.313758 128 128 128
-2.08399 -2.36591 -0.314656 128 128 128
-2.1162 -2.34384 -0.315217 128 128 128
-2.25456 -2.3769 -0.328564 128 128 128
-2.26553 -2.33055 -0.325648 128 128 128
-2.29817 -2.30679 -0.326321 128 128 128
-2.34052 -2.2923 -0.328564 128 128 128
-2.37423 -2.26889 -0.329461 128 128 128
-2.40626 -2.24365 -0.330134 128 128 128
-2.44097 -2.22063 -0.331256 128 128 128
-2.47548 -2.19709 -0.332377 128 128 128
-2.50902 -2.17239 -0.333387 128 128 128
-2.54917 -2.15297 -0.335406 128 128 128
-2.56388 -2.11206 -0.333723 128 128 128
-2.55549 -2.05309 -0.328788 128 128 128
-3.31897 -1.3816 -0.364568 128 128 128
-3.39748 -1.36553 -0.372083 128 128 128
-2.39816 2.22901 -0.410632 128 128 128
-2.44166 2.32589 -0.424188 128 128 128
-2.39875 2.34184 -0.421449 128 128 128
-2.36563 2.3669 -0.420628 128 128 128
-2.09579 2.49217 -0.408168 128 128 128
-1.97338 2.53014 -0.401595 128 128 128
-1.95958 2.57703 -0.405566 128 128 128
-1.92309 2.59452 -0.404471 128 128 128
-1.87544 2.59625 -0.400774 128 128 128
-1.83031 2.60044 -0.397624 128 128 128
-1.77921 2.59493 -0.392969 128 128 128
-1.74393 2.61163 -0.392147 128 128 128
-1.70526 2.62287 -0.390504 128 128 128
-1.66924 2.63774 -0.389546 128 128 128
-1.63414 2.65381 -0.388861 128 128 128
-1.59993 2.67112 -0.38845 128 128 128
-1.55954 2.67771 -0.386396 128 128 128
-1.51875 2.68286 -0.384206 128 128 128
-1.48476 2.69956 -0.383932 128 128 128
-1.43844 2.69312 -0.380098 128 128 128
-1.403 2.70617 -0.379413 128 128 128
-1.36167 2.70726 -0.376948 128 128 128
-1.32052 2.70774 -0.374484 128 128 128
-1.28381 2.71658 -0.373388 128 128 128
-1.24294 2.71592 -0.370924 128 128 128
-1.20029 2.71014 -0.367774 128 128 128
-1.16186 2.71283 -0.365994 128 128 128
-1.12431 2.71682 -0.364488 128 128 128
-1.07985 2.70282 -0.36038 128 128 128
-1.04411 2.7094 -0.359422 128 128 128
-1.00905 2.71736 -0.358737 128 128 128
-0.971292 2.71742 -0.356957 128 128 128
-0.934003 2.71789 -0.355314 128 128 128
-0.897472 2.71974 -0.353945 128 128 128
-0.862831 2.72677 -0.353397 128 128 128
-0.827291 2.73052 -0.352439 128 128 128
-0.791237 2.73191 -0.351206 128 128 128
-0.756331 2.73664 -0.350522 128 128 128
-0.718397 2.72943 -0.348194 128 128 128
-0.680273 2.71978 -0.345592 128 128 128
-0.644556 2.71829 -0.344223 128 128 128
-0.610064 2.72116 -0.343539 128 128 128
-0.570467 2.69937 -0.339431 128 128 128
-0.535558 2.69742 -0.338198 128 128 128
-0.496428 2.67166 -0.33368 128 128 128
-0.462928 2.67364 -0.333132 128 128 128
-0.428036 2.66641 -0.331352 128 128 128
-0.392664 2.65382 -0.328887 128 128 128
-0.356865 2.63489 -0.325601 128 128 128
-0.324504 2.63907 -0.325601 128 128 128
-0.29122 2.63497 -0.324506 128 128 128
-0.258474 2.63441 -0.323958 128 128 128
-0.22519 2.62652 -0.322452 128 128 128
-0.192723 2.62613 -0.322041 128 128 128
-0.159508 2.61247 -0.31985 128 128 128
-0.126657 2.5984 -0.31766 128 128 128
-0.0949437 2.60471 -0.318344 128 128 128
-0.0624595 2.58489 -0.315469 128 128 128
-0.0305991 2.57456 -0.313963 128 128 128
0.000998068 2.56682 -0.312867 128 128 128
0.0323886 2.5577 -0.311635 128 128 128
0.0634587 2.54424 -0.309855 128 128 128
0.0942396 2.53139 -0.308212 128 128 128
0.123648 2.4964 -0.303556 128 128 128
0.154698 2.50162 -0.304515 128 128 128
0.18393 2.47977 -0.301776 128 128 128
0.212904 2.46055 -0.299448 128 128 128
0.241532 2.44198 -0.297258 128 128 128
0.268536 2.41225 -0.293561 128 128 128
0.297754 2.40582 -0.29315 128 128 128
0.327921 2.40689 -0.293834 128 128 128
0.354963 2.38603 -0.291507 128 128 128
0.383431 2.3766 -0.290822 128 128 128
0.411551 2.36586 -0.29 128 128 128
0.440372 2.35966 -0.289864 128 128 128
0.464853 2.33173 -0.286714 128 128 128
0.493022 2.32391 -0.28644 128 128 128
0.521069 2.31576 -0.286167 128 128 128
0.547389 2.30051 -0.284934 128 128 128
0.573414 2.28497 -0.283702 128 128 128
0.59914 2.26914 -0.28247 128 128 128
0.625092 2.25494 -0.281511 128 128 128
0.646925 2.22712 -0.278636 128 128 128
0.676219 2.22565 -0.279594 128 128 128
0.697798 2.19924 -0.276993 128 128 128
0.72287 2.18487 -0.276171 128 128 128
0.742541 2.15522 -0.273159 128 128 128
0.767932 2.14315 -0.272748 128 128 128
0.788998 2.11964 -0.270694 128 128 128
0.813881 2.10702 -0.270283 128 128 128
0.83747 2.09136 -0.269462 128 128 128
0.853976 2.05896 -0.266175 128 128 128
0.874887 2.03831 -0.264669 128 128 128
0.899834 2.02742 -0.264669 128 128 128
0.915573 1.99641 -0.261657 128 128 128
0.93958 1.98413 -0.26152 128 128 128
0.959079 1.96265 -0.260014 128 128 128
0.981756 1.94808 -0.259603 128 128 128
1.00376 1.93237 -0.259055 128 128 128
1.02507 1.91554 -0.258371 128 128 128
1.04468 1.89587 -0.257275 128 128 128
1.06298 1.87429 -0.255906 128 128 128
1.0859 1.8611 -0.255906 128 128 128
1.1 1.83319 -0.253578 128 128 128
1.12346 1.82124 -0.253852 128 128 128
1.14254 1.8023 -0.253031 128 128 128
1.16295 1.78565 -0.25262 128 128 128
1.18313 1.76877 -0.252209 128 128 128
1.20586 1.75576 -0.252483 128 128 128
1.21762 1.72706 -0.250155 128 128 128
0.880177 1.21579 -0.165535 128 128 128
0.894441 1.2041 -0.165398 128 128 128
0.916346 1.2025 -0.167041 128 128 128
1.27896 1.63711 -0.245226 128 128 128
1.29772 1.61975 -0.244952 128 128 128
1.31247 1.59758 -0.243856 128 128 128
1.33134 1.58059 -0.24372 128 128 128
1.34417 1.55663 -0.24235 128 128 128
1.36317 1.54002 -0.24235 128 128 128
1.36467 1.50409 -0.23879 128 128 128
1.37898 1.48288 -0.237969 128 128 128
1.40322 1.4723 -0.239201 128 128 128
1.40873 1.44221 -0.236736 128 128 128
1.42142 1.41991 -0.235778 128 128 128
1.42527 1.38921 -0.233176 128 128 128
1.45225 1.38118 -0.235093 128 128 128
1.45603 1.35112 -0.232629 128 128 128
1.47177 1.33248 -0.232492 128 128 128
1.4843 1.31104 -0.231807 128 128 128
1.49202 1.28561 -0.230301 128 128 128
1.50693 1.26656 -0.230164 128 128 128
1.51853 1.24483 -0.229479 128 128 128
1.52596 1.21991 -0.22811 128 128 128
1.53379 1.19561 -0.226878 128 128 128
1.08563 0.824551 -0.146502 128 128 128
1.10363 0.817068 -0.147871 128 128 128
1.15531 0.833644 -0.154992 128 128 128
1.19704 0.841653 -0.160332 128 128 128
1.36328 0.933957 -0.186485 128 128 128
1.56488 1.04431 -0.218114 128 128 128
1.61245 1.04772 -0.223865 128 128 128
1.62602 1.02838 -0.224002 128 128 128
1.63346 1.00523 -0.223181 128 128 128
1.64567 0.985114 -0.223181 128 128 128
1.65421 0.962849 -0.222633 128 128 128
1.66935 0.944431 -0.223181 128 128 128
1.68081 0.923874 -0.223181 128 128 128
1.67892 0.896172 -0.221127 128 128 128
1.69683 0.879152 -0.222222 128 128 128
1.69156 0.850245 -0.219758 128 128 128
1.70009 0.828553 -0.219484 128 128 128
1.71102 0.808052 -0.219621 128 128 128
1.71541 0.784518 -0.218799 128 128 128
1.724 0.763007 -0.218662 128 128 128
1.73323 0.741793 -0.218662 128 128 128
1.73671 0.718193 -0.217841 128 128 128
1.74908 0.698298 -0.218388 128 128 128
1.75751 0.676782 -0.218388 128 128 128
1.76104 0.653437 -0.217704 128 128 128
1.768 0.631444 -0.217567 128 128 128
1.77561 0.6097 -0.217567 128 128 128
1.77356 0.584756 -0.216197 128 128 128
1.77588 0.561451 -0.215513 128 128 128
1.78074 0.539041 -0.215239 128 128 128
1.79197 0.518528 -0.215924 128 128 128
1.79629 0.49597 -0.21565 128 128 128
1.79554 0.472121 -0.214691 128 128 128
1.80024 0.449811 -0.214554 128 128 128
1.79406 0.424937 -0.212911 128 128 128
1.8059 0.40441 -0.21387 128 128 128
1.79619 0.379139 -0.211816 128 128 128
1.80848 0.358615 -0.212911 128 128 128
1.81469 0.336758 -0.213185 128 128 128
1.81088 0.313108 -0.21209 128 128 128
1.82046 0.291807 -0.212911 128 128 128
1.80822 0.267118 -0.21072 128 128 128
1.82118 0.246242 -0.21209 128 128 128
1.81423 0.222661 -0.21072 128 128 128
1.82667 0.201474 -0.21209 128 128 128
1.81422 0.177585 -0.210036 128 128 128
1.82219 0.155819 -0.210857 128 128 128
1.82297 0.133373 -0.21072 128 128 128
1.8136 0.110322 -0.209214 128 128 128
1.82174 0.0883997 -0.210173 128 128 128
1.8217 0.0660009 -0.210036 128 128 128
1.81841 0.0435431 -0.209488 128 128 128
1.8297 0.0213603 -0.210994 128 128 128
1.82884 -0.00109467 -0.210857 128 128 128
1.82373 -0.0234771 -0.210173 128 128 128
1.82925 -0.0460004 -0.210994 128 128 128
1.81766 -0.068045 -0.209488 128 128 128
1.82163 -0.0905877 -0.210173 128 128 128
1.82236 -0.113056 -0.210447 128 128 128
1.82084 -0.135411 -0.210447 128 128 128
1.81904 -0.157745 -0.210447 128 128 128
1.80908 -0.17928 -0.209351 128 128 128
1.80773 -0.201576 -0.209488 128 128 128
1.80708 -0.223986 -0.209762 128 128 128
1.79929 -0.245479 -0.209077 128 128 128
1.7981 -0.267831 -0.209351 128 128 128
1.79664 -0.290191 -0.209625 128 128 128
1.79782 -0.313063 -0.21031 128 128 128
1.79482 -0.335283 -0.210447 128 128 128
1.78862 -0.356896 -0.210173 128 128 128
1.77926 -0.377793 -0.209488 128 128 128
1.79092 -0.403287 -0.211816 128 128 128
1.77428 -0.422489 -0.210173 128 128 128
1.77088 -0.444711 -0.210447 128 128 128
1.77391 -0.46868 -0.211679 128 128 128
1.75657 -0.487244 -0.210036 128 128 128
1.75712 -0.510694 -0.210994 128 128 128
1.76114 -0.53538 -0.2125 128 128 128
1.75444 -0.556951 -0.2125 128 128 128
1.74748 -0.578439 -0.2125 128 128 128
1.74774 -0.602417 -0.213596 128 128 128
1.73275 -0.62115 -0.2125 128 128 128
1.72407 -0.642022 -0.212364 128 128 128
1.71884 -0.6642 -0.212774 128 128 128
1.71424 -0.686713 -0.213322 128 128 128
1.70659 -0.708077 -0.213459 128 128 128
1.70597 -0.732477 -0.214691 128 128 128
1.70229 -0.755765 -0.215513 128 128 128
1.67847 -0.77 -0.213322 128 128 128
1.67965 -0.79562 -0.214965 128 128 128
1.67154 -0.817041 -0.215239 128 128 128
1.66404 -0.838827 -0.21565 128 128 128
1.65186 -0.858272 -0.215376 128 128 128
1.64819 -0.882213 -0.216471 128 128 128
1.63811 -0.90285 -0.216608 128 128 128
1.62863 -0.923861 -0.216882 128 128 128
1.6206 -0.945772 -0.21743 128 128 128
1.60972 -0.966097 -0.217567 128 128 128
1.60449 -0.989934 -0.218662 128 128 128
1.58887 -1.00743 -0.218114 128 128 128
1.57556 -1.02631 -0.217977 128 128 128
1.57273 -1.05217 -0.219621 128 128 128
1.55888 -1.07083 -0.219484 128 128 128
1.54563 -1.08988 -0.219484 128 128 128
1.53775 -1.11283 -0.220442 128 128 128
1.52478 -1.1322 -0.220579 128 128 128
1.50919 -1.14963 -0.220305 128 128 128
1.4981 -1.1705 -0.220853 128 128 128
1.48671 -1.19127 -0.221401 128 128 128
1.47351 -1.21068 -0.221674 128 128 128
1.46309 -1.2325 -0.222496 128 128 128
1.44786 -1.25036 -0.222496 128 128 128
1.4376 -1.27263 -0.223455 128 128 128
1.41821 -1.28685 -0.22277 128 128 128
1.41029 -1.31157 -0.224276 128 128 128
1.39481 -1.32946 -0.224413 128 128 128
1.37626 -1.3444 -0.224002 128 128 128
1.36386 -1.36539 -0.224824 128 128 128
1.35392 -1.38912 -0.226193 128 128 128
1.33199 -1.4006 -0.225235 128 128 128
1.32482 -1.42773 -0.227288 128 128 128
1.31252 -1.44975 -0.228384 128 128 128
1.29726 -1.46872 -0.228932 128 128 128
1.28302 -1.48902 -0.229753 128 128 128
1.2723 -1.51375 -0.231396 128 128 128
1.25363 -1.52925 -0.231396 128 128 128
1.24282 -1.55457 -0.233176 128 128 128
1.22426 -1.57049 -0.233313 128 128 128
1.20489 -1.58539 -0.233313 128 128 128
1.18535 -1.60006 -0.233313 128 128 128
1.19697 -1.65783 -0.240707 128 128 128
1.02843 -1.81758 -0.246732 128 128 128
1.00653 -1.83094 -0.246869 128 128 128
0.989586 -1.85363 -0.248512 128 128 128
0.964483 -1.86124 -0.247827 128 128 128
0.949589 -1.88886 -0.250292 128 128 128
0.922862 -1.89325 -0.249197 128 128 128
0.906337 -1.91876 -0.251387 128 128 128
0.885612 -1.93604 -0.252346 128 128 128
0.862188 -1.94767 -0.252483 128 128 128
0.841345 -1.96539 -0.253578 128 128 128
0.81906 -1.98014 -0.254263 128 128 128
0.800218 -2.00384 -0.256317 128 128 128
0.775211 -2.01258 -0.25618 128 128 128
0.749765 -2.02009 -0.255906 128 128 128
0.728925 -2.04033 -0.257549 128 128 128
0.706733 -2.05755 -0.258781 128 128 128
0.684228 -2.07453 -0.260014 128 128 128
0.660515 -2.08844 -0.260835 128 128 128
0.63685 -2.10302 -0.261794 128 128 128
0.612651 -2.11638 -0.262615 128 128 128
0.590863 -2.13902 -0.264806 128 128 128
0.566843 -2.15473 -0.266038 128 128 128
0.542767 -2.17113 -0.267408 128 128 128
0.517915 -2.18534 -0.268503 128 128 128
0.49323 -2.20119 -0.269872 128 128 128
0.468644 -2.21871 -0.271515 128 128 128
0.444089 -2.23789 -0.273432 128 128 128
0.418771 -2.25486 -0.275076 128 128 128
0.392594 -2.26861 -0.276308 128 128 128
0.366615 -2.285 -0.277951 128 128 128
0.339856 -2.29814 -0.279183 128 128 128
0.312296 -2.30705 -0.279868 128 128 128
0.286632 -2.33234 -0.28288 128 128 128
0.258317 -2.33863 -0.283291 128 128 128
0.230766 -2.35345 -0.284934 128 128 128
0.202549 -2.364 -0.28603 128 128 128
0.174034 -2.37323 -0.286988 128 128 128
0.145385 -2.38309 -0.288084 128 128 128
0.116763 -2.39756 -0.289864 128 128 128
0.0875525 -2.40475 -0.290685 128 128 128
0.0582314 -2.41357 -0.291781 128 128 128
0.0287194 -2.42301 -0.293013 128 128 128
-0.00101661 -2.42517 -0.293287 128 128 128
-0.0310897 -2.45072 -0.296847 128 128 128
-0.0616693 -2.47095 -0.299722 128 128 128
-0.0920961 -2.47298 -0.300133 128 128 128
-0.122776 -2.47859 -0.301091 128 128 128
-0.153971 -2.48975 -0.302872 128 128 128
-0.186549 -2.51533 -0.306705 128 128 128
-0.21859 -2.52667 -0.308622 128 128 128
-0.250064 -2.52873 -0.309307 128 128 128
-0.282822 -2.54122 -0.311498 128 128 128
-0.315802 -2.55231 -0.313552 128 128 128
-0.347765 -2.55315 -0.314236 128 128 128
-0.381684 -2.56633 -0.316701 128 128 128
-0.414249 -2.5683 -0.31766 128 128 128
-0.44878 -2.58059 -0.320124 128 128 128
-0.482589 -2.58657 -0.321767 128 128 128
-0.514487 -2.58143 -0.321904 128 128 128
-0.546126 -2.57492 -0.321904 128 128 128
-0.578768 -2.57286 -0.322589 128 128 128
-0.491344 -2.06438 -0.251387 128 128 128
-0.512551 -2.04186 -0.24906 128 128 128
-0.535802 -2.02871 -0.248101 128 128 128
-0.570692 -2.05826 -0.253304 128 128 128
-0.759716 -2.61625 -0.334638 128 128 128
-0.800387 -2.63517 -0.338746 128 128 128
-0.834159 -2.62987 -0.339431 128 128 128
-0.870407 -2.63166 -0.341211 128 128 128
-0.905213 -2.62828 -0.342306 128 128 128
-0.941067 -2.62723 -0.343812 128 128 128
-0.981862 -2.6387 -0.347236 128 128 128
-1.01702 -2.63385 -0.348331 128 128 128
-1.05662 -2.63956 -0.351069 128 128 128
-1.09386 -2.6383 -0.352849 128 128 128
-1.12381 -2.61921 -0.352028 128 128 128
-1.16429 -2.62424 -0.354903 128 128 128
-1.2026 -2.62327 -0.356957 128 128 128
-1.23512 -2.60921 -0.357094 128 128 128
-1.27052 -2.60098 -0.35819 128 128 128
-1.31615 -2.61262 -0.362434 128 128 128
-1.35449 -2.60858 -0.364351 128 128 128
-1.3906 -2.59963 -0.365584 128 128 128
-1.42813 -2.59278 -0.367227 128 128 128
-1.46668 -2.58713 -0.369144 128 128 128
-1.51178 -2.59204 -0.372841 128 128 128
-1.55213 -2.58774 -0.375168 128 128 128
-1.5926 -2.58284 -0.377496 128 128 128
-1.63 -2.57231 -0.379002 128 128 128
-1.67279 -2.56955 -0.381878 128 128 128
-1.70639 -2.55212 -0.382425 128 128 128
-1.74151 -2.53671 -0.383384 128 128 128
-1.96486 -2.45354 -0.392558 128 128 128
-2.00865 -2.4461 -0.39557 128 128 128
-2.05127 -2.43642 -0.398309 128 128 128
-2.07648 -2.40582 -0.39735 128 128 128
-2.12684 -2.4039 -0.401732 128 128 128
-2.18146 -2.40552 -0.406935 128 128 128
-2.20407 -2.37131 -0.405566 128 128 128
-2.24393 -2.35556 -0.407757 128 128 128
-2.2872 -2.34274 -0.410632 128 128 128
-2.31297 -2.31169 -0.410085 128 128 128
-2.30572 -2.24854 -0.403238 128 128 128
-3.50657 1.44905 -0.574683 128 128 128
-3.39237 1.45073 -0.557663 128 128 128
-3.3662 1.48865 -0.556218 128 128 128
-3.34588 1.52903 -0.555897 128 128 128
-2.14936 2.4867 -0.49215 128 128 128
-2.12185 2.51666 -0.492953 128 128 128
-2.09457 2.54709 -0.493916 128 128 128
-1.90535 2.56354 -0.477056 128 128 128
-1.86796 2.57873 -0.475451 128 128 128
-1.83618 2.60146 -0.475451 128 128 128
-1.79295 2.60751 -0.472239 128 128 128
-1.74218 2.60141 -0.46678 128 128 128
-1.72035 2.63832 -0.469831 128 128 128
-1.69259 2.66674 -0.471276 128 128 128
-1.64163 2.65789 -0.465656 128 128 128
-1.59874 2.6609 -0.462445 128 128 128
-1.56249 2.67435 -0.461321 128 128 128
-1.52226 2.68044 -0.458912 128 128 128
-1.48973 2.69978 -0.459073 128 128 128
-1.45044 2.70655 -0.456985 128 128 128
-1.40984 2.71012 -0.454416 128 128 128
-1.36672 2.70782 -0.450884 128 128 128
-1.33036 2.71818 -0.44976 128 128 128
-1.28805 2.71556 -0.446388 128 128 128
-1.24682 2.71411 -0.443337 128 128 128
-1.20582 2.71206 -0.440286 128 128 128
-1.16701 2.71395 -0.438038 128 128 128
-1.13211 2.72442 -0.437396 128 128 128
-1.09419 2.72711 -0.435469 128 128 128
-1.05035 2.71362 -0.430812 128 128 128
-1.01319 2.71613 -0.429046 128 128 128
-0.976792 2.71999 -0.427601 128 128 128
-0.938847 2.71871 -0.425353 128 128 128
-0.903558 2.7244 -0.424389 128 128 128
-0.866482 2.72399 -0.422463 128 128 128
-0.829267 2.72214 -0.420375 128 128 128
-0.793877 2.72548 -0.419251 128 128 128
-0.757478 2.72455 -0.417485 128 128 128
-0.719211 2.7155 -0.414434 128 128 128
-0.681281 2.70593 -0.411383 128 128 128
-0.647112 2.71025 -0.410741 128 128 128
-0.610348 2.70257 -0.408172 128 128 128
-0.575708 2.7031 -0.407048 128 128 128
-0.537492 2.68479 -0.402873 128 128 128
-0.503242 2.68439 -0.401749 128 128 128
-0.466555 2.66897 -0.398216 128 128 128
-0.432984 2.66962 -0.397414 128 128 128
-0.396431 2.64935 -0.393239 128 128 128
-0.362564 2.64423 -0.391633 128 128 128
-0.328761 2.63771 -0.389867 128 128 128
-0.296259 2.64056 -0.389706 128 128 128
-0.261999 2.62534 -0.386655 128 128 128
-0.228833 2.61754 -0.384889 128 128 128
-0.19626 2.61424 -0.383926 128 128 128
-0.163501 2.60562 -0.382159 128 128 128
-0.131176 2.60052 -0.381035 128 128 128
-0.0986039 2.58418 -0.378145 128 128 128
-0.0669565 2.58816 -0.378627 128 128 128
-0.0350837 2.5799 -0.377182 128 128 128
-0.00342385 2.57027 -0.375576 128 128 128
0.0278464 2.54841 -0.372043 128 128 128
0.0587994 2.53504 -0.369956 128 128 128
0.0894288 2.52131 -0.367869 128 128 128
0.119779 2.50819 -0.365942 128 128 128
0.149213 2.48486 -0.362409 128 128 128
0.179549 2.48087 -0.362088 128 128 128
0.208366 2.4598 -0.359037 128 128 128
0.237082 2.44232 -0.356629 128 128 128
0.265291 2.42353 -0.35406 128 128 128
0.294406 2.4152 -0.353257 128 128 128
0.321761 2.39478 -0.350527 128 128 128
0.348513 2.37308 -0.347637 128 128 128
0.377922 2.37057 -0.347958 128 128 128
0.405802 2.35894 -0.346834 128 128 128
0.433815 2.34894 -0.346031 128 128 128
0.460872 2.33472 -0.344586 128 128 128
0.487646 2.3202 -0.343141 128 128 128
0.516731 2.31693 -0.343623 128 128 128
0.540331 2.29025 -0.340251 128 128 128
0.567675 2.28058 -0.339769 128 128 128
0.593353 2.26485 -0.338324 128 128 128
0.618467 2.24788 -0.336718 128 128 128
0.643804 2.23254 -0.335433 128 128 128
0.665992 2.20747 -0.332543 128 128 128
0.690346 2.19067 -0.331098 128 128 128
0.718106 2.18484 -0.33158 128 128 128
0.733939 2.14413 -0.32612 128 128 128
0.759198 2.13218 -0.325639 128 128 128
0.782897 2.11622 -0.324515 128 128 128
0.806319 2.10001 -0.323391 128 128 128
0.830196 2.08538 -0.322588 128 128 128
0.848921 2.05862 -0.319698 128 128 128
0.872953 2.04533 -0.319216 128 128 128
0.896786 2.03175 -0.318734 128 128 128
0.908903 1.99278 -0.313756 128 128 128
0.928645 1.97166 -0.31199 128 128 128
0.951471 1.95746 -0.311509 128 128 128
0.972312 1.93946 -0.310385 128 128 128
0.992401 1.92038 -0.3091 128 128 128
1.0145 1.90544 -0.308618 128 128 128
1.03637 1.89026 -0.308137 128 128 128
1.05268 1.86537 -0.305889 128 128 128
1.0735 1.84891 -0.305246 128 128 128
1.09306 1.83051 -0.304283 128 128 128
1.117 1.81948 -0.304765 128 128 128
1.13132 1.79313 -0.302356 128 128 128
1.15378 1.77994 -0.302517 128 128 128
1.1706 1.75826 -0.301071 128 128 128
1.18762 1.73726 -0.299787 128 128 128
1.20998 1.72416 -0.300108 128 128 128
0.850481 1.18291 -0.194453 128 128 128
0.874931 1.18586 -0.197182 128 128 128
0.905559 1.19624 -0.201518 128 128 128
1.27794 1.64327 -0.296094 128 128 128
1.28505 1.61128 -0.292722 128 128 128
1.30348 1.59386 -0.292401 128 128 128
1.31912 1.57322 -0.291437 128 128 128
1.33575 1.55392 -0.290795 128 128 128
1.33968 1.52041 -0.287102 128 128 128
1.35625 1.50166 -0.28662 128 128 128
1.37121 1.48129 -0.285817 128 128 128
1.38724 1.46221 -0.285336 128 128 128
1.42784 1.46838 -0.290634 128 128 128
1.41782 1.42284 -0.284212 128 128 128
1.42034 1.39086 -0.28084 128 128 128
1.44016 1.37605 -0.281482 128 128 128
1.45622 1.3576 -0.281321 128 128 128
1.46252 1.33035 -0.279073 128 128 128
1.478 1.31165 -0.278913 128 128 128
1.47978 1.28117 -0.275862 128 128 128
1.49313 1.26101 -0.27538 128 128 128
1.50162 1.23695 -0.273935 128 128 128
1.51206 1.21473 -0.272972 128 128 128
1.52997 1.19852 -0.273614 128 128 128
1.06768 0.816978 -0.176148 128 128 128
1.08476 0.809105 -0.177593 128 128 128
1.53224 1.11191 -0.265425 128 128 128
1.56918 1.1095 -0.270081 128 128 128
1.45325 1.0014 -0.244551 128 128 128
1.53437 1.02954 -0.258039 128 128 128
1.59737 1.04346 -0.267833 128 128 128
1.61005 1.02378 -0.267833 128 128 128
1.62249 1.00394 -0.267833 128 128 128
1.6313 0.981928 -0.267191 128 128 128
1.64238 0.961338 -0.267031 128 128 128
1.66092 0.945002 -0.268315 128 128 128
1.65683 0.915985 -0.265425 128 128 128
1.66969 0.896515 -0.265746 128 128 128
1.68669 0.879138 -0.26687 128 128 128
1.68678 0.853051 -0.264943 128 128 128
1.69623 0.831854 -0.264783 128 128 128
1.70631 0.810976 -0.264783 128 128 128
1.71165 0.787922 -0.26398 128 128 128
1.70584 0.760062 -0.26125 128 128 128
1.71958 0.741015 -0.262053 128 128 128
1.73858 0.72401 -0.263819 128 128 128
1.73358 0.697126 -0.261411 128 128 128
1.74016 0.675089 -0.261089 128 128 128
1.73999 0.650591 -0.259644 128 128 128
1.74784 0.62919 -0.259644 128 128 128
1.75823 0.608656 -0.260126 128 128 128
1.7562 0.58394 -0.25852 128 128 128
1.76135 0.561749 -0.258199 128 128 128
1.77661 0.542669 -0.259644 128 128 128
1.76607 0.515882 -0.256754 128 128 128
1.77227 0.494171 -0.256754 128 128 128
1.77534 0.471631 -0.256272 128 128 128
1.78386 0.450528 -0.256754 128 128 128
1.78542 0.427692 -0.256112 128 128 128
1.78475 0.404454 -0.255148 128 128 128
1.79055 0.382726 -0.255309 128 128 128
1.78639 0.358993 -0.253864 128 128 128
1.78775 0.336503 -0.253382 128 128 128
1.79467 0.315045 -0.253864 128 128 128
1.80035 0.293311 -0.254185 128 128 128
1.80479 0.27134 -0.254345 128 128 128
1.80798 0.249173 -0.254345 128 128 128
1.80209 0.225882 -0.2529 128 128 128
1.80865 0.204185 -0.253543 128 128 128
1.80709 0.181588 -0.2529 128 128 128
1.80328 0.158892 -0.251937 128 128 128
1.81001 0.137113 -0.25274 128 128 128
1.81255 0.114951 -0.2529 128 128 128
1.80889 0.0924589 -0.252097 128 128 128
1.8089 0.0702179 -0.251937 128 128 128
1.80963 0.0480146 -0.251937 128 128 128
1.80416 0.0257327 -0.250973 128 128 128
1.80434 0.00359095 -0.250973 128 128 128
1.80425 -0.0185513 -0.250973 128 128 128
1.80487 -0.0407153 -0.251134 128 128 128
1.80621 -0.0629338 -0.251455 128 128 128
1.80628 -0.0851427 -0.251616 128 128 128
1.80313 -0.107181 -0.251295 128 128 128
1.8007 -0.129227 -0.251134 128 128 128
1.79996 -0.1514 -0.251295 128 128 128
1.80091 -0.173767 -0.251776 128 128 128
1.79668 -0.195636 -0.251455 128 128 128
1.79415 -0.21767 -0.251455 128 128 128
1.79134 -0.23967 -0.251455 128 128 128
1.78241 -0.260764 -0.250492 128 128 128
1.77907 -0.282618 -0.250492 128 128 128
1.78714 -0.306456 -0.252419 128 128 128
1.78325 -0.328364 -0.252419 128 128 128
1.78102 -0.350608 -0.25274 128 128 128
1.76886 -0.3708 -0.251455 128 128 128
1.76706 -0.393128 -0.251937 128 128 128
1.76114 -0.414555 -0.251776 128 128 128
1.75975 -0.437096 -0.252419 128 128 128
1.76285 -0.460923 -0.253864 128 128 128
1.7542 -0.481731 -0.253382 128 128 128
1.74247 -0.501571 -0.252419 128 128 128
1.74185 -0.524637 -0.253382 128 128 128
1.72682 -0.543288 -0.251937 128 128 128
1.73783 -0.570324 -0.254988 128 128 128
1.72416 -0.589358 -0.253864 128 128 128
1.71123 -0.608475 -0.2529 128 128 128
1.71011 -0.631837 -0.254024 128 128 128
1.69946 -0.651709 -0.253543 128 128 128
1.69958 -0.675815 -0.254988 128 128 128
1.68843 -0.695487 -0.254506 128 128 128
1.68974 -0.720434 -0.256272 128 128 128
1.68077 -0.741116 -0.256272 128 128 128
1.67155 -0.761686 -0.256272 128 128 128
1.6603 -0.781296 -0.255951 128 128 128
1.65857 -0.80551 -0.257396 128 128 128
1.65296 -0.828022 -0.258199 128 128 128
1.6418 -0.84779 -0.258039 128 128 128
1.6365 -0.870666 -0.259002 128 128 128
1.62655 -0.891159 -0.259163 128 128 128
1.61721 -0.912026 -0.259484 128 128 128
1.61272 -0.93578 -0.260768 128 128 128
1.60196 -0.956008 -0.260929 128 128 128
1.59179 -0.97663 -0.26125 128 128 128
1.57885 -0.995562 -0.261089 128 128 128
1.57231 -1.01863 -0.262213 128 128 128
1.56707 -1.04279 -0.263659 128 128 128
1.55416 -1.06194 -0.263659 128 128 128
1.54101 -1.08093 -0.263659 128 128 128
1.53243 -1.10323 -0.264622 128 128 128
1.51798 -1.12136 -0.264461 128 128 128
1.51117 -1.14529 -0.265907 128 128 128
1.49467 -1.16192 -0.265425 128 128 128
1.48492 -1.18388 -0.266388 128 128 128
1.46571 -1.19825 -0.265425 128 128 128
1.46071 -1.22441 -0.267512 128 128 128
1.44408 -1.24096 -0.267191 128 128 128
1.43761 -1.26643 -0.269118 128 128 128
1.41392 -1.27669 -0.267352 128 128 128
1.40032 -1.29596 -0.267833 128 128 128
1.39145 -1.31985 -0.269439 128 128 128
1.37657 -1.33821 -0.26976 128 128 128
1.36213 -1.35709 -0.270242 128 128 128
1.34951 -1.37794 -0.271205 128 128 128
1.33931 -1.40155 -0.272811 128 128 128
1.32133 -1.41716 -0.27265 128 128 128
1.31246 -1.44277 -0.274738 128 128 128
1.28812 -1.45138 -0.273132 128 128 128
1.26634 -1.46259 -0.272169 128 128 128
1.25656 -1.48784 -0.274256 128 128 128
1.25323 -1.52146 -0.27811 128 128 128
1.23077 -1.5321 -0.277146 128 128 128
1.22462 -1.56343 -0.280518 128 128 128
1.20952 -1.58384 -0.281642 128 128 128
1.19235 -1.60174 -0.282285 128 128 128
1.17318 -1.61705 -0.282445 128 128 128
1.15438 -1.63294 -0.282766 128 128 128
1.14096 -1.65675 -0.284693 128 128 128
1.11999 -1.66981 -0.284533 128 128 128
1.11018 -1.69997 -0.287744 128 128 128
1.11668 -1.75684 -0.296094 128 128 128
1.09038 -1.76284 -0.294649 128 128 128
1.05801 -1.75831 -0.291277 128 128 128
0.948421 -1.87635 -0.299466 128 128 128
0.931383 -1.90026 -0.301714 128 128 128
0.908837 -1.91334 -0.302035 128 128 128
0.883646 -1.92075 -0.301393 128 128 128
0.864006 -1.94048 -0.302998 128 128 128
0.838574 -1.94731 -0.302356 128 128 128
0.817634 -1.96475 -0.303641 128 128 128
0.794928 -1.9783 -0.304283 128 128 128
0.774851 -1.99895 -0.30621 128 128 128
0.754731 -2.02034 -0.308297 128 128 128
0.733869 -2.0406 -0.310224 128 128 128
0.705243 -2.03919 -0.308458 128 128 128
0.686044 -2.0655 -0.311509 128 128 128
0.661837 -2.07752 -0.312151 128 128 128
0.639156 -2.09494 -0.313756 128 128 128
0.617795 -2.11779 -0.316326 128 128 128
0.592023 -2.12616 -0.316486 128 128 128
0.569155 -2.14568 -0.318574 128 128 128
0.545657 -2.16399 -0.3205 128 128 128
0.521567 -2.18109 -0.322267 128 128 128
0.499299 -2.20755 -0.325639 128 128 128
0.472784 -2.2164 -0.32612 128 128 128
0.446896 -2.22882 -0.327244 128 128 128
0.422579 -2.25063 -0.329974 128 128 128
0.396108 -2.26245 -0.331098 128 128 128
0.369724 -2.27591 -0.332543 128 128 128
0.343936 -2.29493 -0.334952 128 128 128
0.316544 -2.30484 -0.335915 128 128 128
0.29101 -2.33108 -0.339608 128 128 128
0.262165 -2.33252 -0.339287 128 128 128
0.23468 -2.34735 -0.341214 128 128 128
0.206279 -2.35497 -0.342017 128 128 128
0.178233 -2.36913 -0.343944 128 128 128
0.149509 -2.37705 -0.344907 128 128 128
0.120762 -2.38758 -0.346352 128 128 128
0.0918866 -2.40072 -0.348279 128 128 128
0.0625872 -2.40857 -0.349403 128 128 128
0.0331326 -2.41804 -0.350848 128 128 128
0.00345572 -2.42419 -0.351812 128 128 128
-0.0265889 -2.44774 -0.355665 128 128 128
-0.0567711 -2.45315 -0.356629 128 128 128
-0.0874189 -2.46706 -0.359037 128 128 128
-0.118417 -2.48059 -0.361446 128 128 128
-0.149213 -2.48486 -0.362409 128 128 128
-0.181879 -2.51237 -0.367226 128 128 128
-0.213375 -2.51782 -0.368511 128 128 128
-0.245905 -2.53171 -0.371241 128 128 128
-0.278481 -2.54223 -0.373489 128 128 128
-0.310141 -2.54254 -0.374131 128 128 128
-0.343447 -2.55419 -0.3767 128 128 128
-0.377376 -2.56736 -0.37959 128 128 128
-0.41058 -2.57326 -0.381357 128 128 128
-0.442296 -2.569 -0.381517 128 128 128
-0.475959 -2.57502 -0.383444 128 128 128
-0.509836 -2.5806 -0.385371 128 128 128
-0.543102 -2.58187 -0.386655 128 128 128
-0.576044 -2.58079 -0.387619 128 128 128
-0.608812 -2.57833 -0.388422 128 128 128
-0.515827 -2.07378 -0.305086 128 128 128
-0.538719 -2.05775 -0.30348 128 128 128
-0.56841 -2.06715 -0.30621 128 128 128
-0.638852 -2.21548 -0.332543 128 128 128
-0.788996 -2.61265 -0.401428 128 128 128
-0.829052 -2.62817 -0.405763 128 128 128
-0.864649 -2.62811 -0.40753 128 128 128
-0.901333 -2.63037 -0.409778 128 128 128
-0.94286 -2.64513 -0.414274 128 128 128
-0.976969 -2.63798 -0.415076 128 128 128
-1.01602 -2.64329 -0.418127 128 128 128
-1.04911 -2.63246 -0.418448 128 128 128
-1.0889 -2.63762 -0.42166 128 128 128
-1.12391 -2.63041 -0.422784 128 128 128
-1.1617 -2.62905 -0.425032 128 128 128
-1.1947 -2.61639 -0.425353 128 128 128
-1.22925 -2.60689 -0.426316 128 128 128
-1.27068 -2.61112 -0.429849 128 128 128
-1.30307 -2.59621 -0.430009 128 128 128
-1.34438 -2.59842 -0.433381 128 128 128
-1.38641 -2.60087 -0.436914 128 128 128
-1.4206 -2.58799 -0.437717 128 128 128
-1.46053 -2.58496 -0.440446 128 128 128
-1.50357 -2.58645 -0.44414 128 128 128
-1.54434 -2.58304 -0.44703 128 128 128
-1.58731 -2.58238 -0.450562 128 128 128
-1.62258 -2.56854 -0.451686 128 128 128
-1.66421 -2.56416 -0.454737 128 128 128
-1.69994 -2.5501 -0.456022 128 128 128
-1.72217 -2.51603 -0.453453 128 128 128
-1.76769 -2.51569 -0.457627 128 128 128
-1.80595 -2.5042 -0.459715 128 128 128
-1.85007 -2.50008 -0.463408 128 128 128
-1.883 -2.48033 -0.46405 128 128 128
-1.91877 -2.46404 -0.465495 128 128 128
-2.03585 -2.54895 -0.488136 128 128 128
-2.03804 -2.42724 -0.473042 128 128 128
-2.07412 -2.40952 -0.474648 128 128 128
-2.12838 -2.41197 -0.48075 128 128 128
-2.1618 -2.39006 -0.481713 128 128 128
-2.20507 -2.37854 -0.485085 128 128 128
-2.2945 -2.35619 -0.492471 128 128 128
-2.32254 -2.32716 -0.492311 128 128 128
-2.36506 -2.31227 -0.495522 128 128 128
-2.46758 -2.24088 -0.499697 128 128 128
-2.45644 -2.17644 -0.491347 128 128 128
-3.33661 -1.33778 -0.542248 128 128 128
-1.09917 -0.427993 -0.149332 128 128 128
-1.83874 2.61048 -0.559449 128 128 128
-1.80545 2.63123 -0.559078 128 128 128
-1.75882 2.63195 -0.554255 128 128 128
-1.71728 2.63934 -0.551101 128 128 128
-1.66845 2.63448 -0.545351 128 128 128
-1.64528 2.66981 -0.54869 128 128 128
-1.59318 2.65778 -0.541641 128 128 128
-1.56094 2.67798 -0.541827 128 128 128
-1.51972 2.68241 -0.538673 128 128 128
-1.48811 2.70344 -0.53923 128 128 128
-1.44694 2.70677 -0.536076 128 128 128
-1.41045 2.71821 -0.534778 128 128 128
-1.36726 2.71601 -0.530697 128 128 128
-1.33037 2.72552 -0.529213 128 128 128
-1.28968 2.72655 -0.52606 128 128 128
-1.2512 2.73145 -0.523834 128 128 128
-1.21042 2.73043 -0.520495 128 128 128
-1.17333 2.73695 -0.518825 128 128 128
-1.13099 2.73027 -0.514559 128 128 128
-1.08937 2.72387 -0.510478 128 128 128
-1.0548 2.73429 -0.509922 128 128 128
-1.01088 2.7194 -0.504357 128 128 128
-0.969477 2.7094 -0.499905 128 128 128
-0.932955 2.7118 -0.49805 128 128 128
-0.89652 2.71371 -0.496195 128 128 128
-0.862259 2.7217 -0.495638 128 128 128
-0.824795 2.71891 -0.493042 128 128 128
-0.789723 2.72317 -0.491929 128 128 128
-0.752308 2.71845 -0.489146 128 128 128
-0.715881 2.71608 -0.48692 128 128 128
-0.680583 2.71703 -0.485436 128 128 128
-0.644004 2.7118 -0.482839 128 128 128
-0.607873 2.70703 -0.480428 128 128 128
-0.572976 2.7066 -0.478944 128 128 128
-0.535299 2.69126 -0.474677 128 128 128
-0.502232 2.69763 -0.474677 128 128 128
-0.464879 2.67939 -0.47004 128 128 128
-0.427893 2.65967 -0.465217 128 128 128
-0.392185 2.64431 -0.461322 128 128 128
-0.359573 2.64795 -0.461136 128 128 128
-0.324153 2.62876 -0.456684 128 128 128
-0.290782 2.62277 -0.45483 128 128 128
-0.256639 2.60658 -0.45112 128 128 128
-0.224124 2.60366 -0.450007 128 128 128
-0.192157 2.60622 -0.450007 128 128 128
-0.159796 2.60249 -0.448894 128 128 128
-0.126971 2.58659 -0.445555 128 128 128
-0.0951095 2.58501 -0.444998 128 128 128
-0.0633803 2.58598 -0.444998 128 128 128
-0.0314286 2.56986 -0.441845 128 128 128
0.000120828 2.54745 -0.437578 128 128 128
0.0313009 2.54038 -0.43628 128 128 128
0.0622601 2.53097 -0.434611 128 128 128
0.0928502 2.51725 -0.432199 128 128 128
0.123018 2.50119 -0.429417 128 128 128
0.153403 2.49459 -0.428489 128 128 128
0.183142 2.48076 -0.426263 128 128 128
0.211643 2.45581 -0.421997 128 128 128
0.240709 2.44227 -0.419956 128 128 128
0.269475 2.42839 -0.417916 128 128 128
0.295301 2.39271 -0.411795 128 128 128
0.324904 2.39086 -0.412166 128 128 128
0.352638 2.376 -0.410125 128 128 128
0.380368 2.36276 -0.408456 128 128 128
0.408497 2.35307 -0.407528 128 128 128
0.436445 2.34305 -0.406601 128 128 128
0.463444 2.32884 -0.404931 128 128 128
0.490363 2.31529 -0.403447 128 128 128
0.516804 2.30047 -0.401778 128 128 128
0.541597 2.27961 -0.398995 128 128 128
0.569054 2.27089 -0.398624 128 128 128
0.595878 2.25993 -0.397882 128 128 128
0.617025 2.22877 -0.393245 128 128 128
0.64269 2.21536 -0.392132 128 128 128
0.66641 2.19603 -0.389906 128 128 128
0.690938 2.18019 -0.388422 128 128 128
0.718564 2.17434 -0.388979 128 128 128
0.739127 2.1477 -0.385454 128 128 128
0.763774 2.13385 -0.384527 128 128 128
0.788192 2.11971 -0.383599 128 128 128
0.803195 2.08145 -0.377849 128 128 128
0.830135 2.07509 -0.378591 128 128 128
0.846898 2.04386 -0.374325 128 128 128
0.870369 2.0297 -0.373583 128 128 128
0.892426 2.01257 -0.372284 128 128 128
0.907655 1.98092 -0.368018 128 128 128
0.932315 1.97052 -0.368203 128 128 128
0.949537 1.9448 -0.365235 128 128 128
0.9698 1.92598 -0.363751 128 128 128
0.991553 1.91044 -0.363009 128 128 128
1.01215 1.89293 -0.361896 128 128 128
1.0353 1.88036 -0.361896 128 128 128
1.05152 1.85554 -0.359299 128 128 128
1.07223 1.8391 -0.358558 128 128 128
1.09624 1.82834 -0.359114 128 128 128
1.11395 1.80722 -0.357445 128 128 128
1.1329 1.78843 -0.356332 128 128 128
1.1478 1.76368 -0.35392 128 128 128
1.16717 1.74619 -0.353178 128 128 128
1.1924 1.73741 -0.354477 128 128 128
0.851191 1.2075 -0.235574 128 128 128
0.872848 1.20652 -0.2378 128 128 128
0.885248 1.19256 -0.237058 128 128 128
1.24292 1.633 -0.344089 128 128 128
1.27495 1.63312 -0.347799 128 128 128
1.28262 1.60201 -0.344089 128 128 128
1.30093 1.58463 -0.343718 128 128 128
1.30827 1.55425 -0.340194 128 128 128
1.33879 1.55148 -0.343532 128 128 128
1.34211 1.51726 -0.339081 128 128 128
1.36393 1.50431 -0.340008 128 128 128
1.37025 1.4745 -0.336669 128 128 128
1.37267 1.4412 -0.332403 128 128 128
1.40123 1.4355 -0.335371 128 128 128
1.40624 1.40569 -0.332032 128 128 128
1.42197 1.38695 -0.331661 128 128 128
1.42964 1.36058 -0.329249 128 128 128
1.43471 1.33223 -0.326281 128 128 128
1.45023 1.31386 -0.326096 128 128 128
1.46551 1.29532 -0.32591 128 128 128
1.47683 1.27338 -0.324797 128 128 128
1.49234 1.25516 -0.324797 128 128 128
1.49928 1.22989 -0.322757 128 128 128
1.51349 1.21079 -0.322571 128 128 128
1.08607 0.846712 -0.216654 128 128 128
1.08231 0.822604 -0.213315 128 128 128
1.14361 0.847333 -0.225372 128 128 128
1.55277 1.12182 -0.318305 128 128 128
1.5608 1.09872 -0.317007 128 128 128
1.57173 1.07781 -0.31645 128 128 128
1.58648 1.05953 -0.316821 128 128 128
1.60265 1.04213 -0.317563 128 128 128
1.61034 1.01923 -0.31645 128 128 128
1.62273 0.999391 -0.31645 128 128 128
1.62813 0.975358 -0.314966 128 128 128
1.63913 0.954809 -0.314781 128 128 128
1.65072 0.934623 -0.314781 128 128 128
1.64915 0.907182 -0.311998 128 128 128
1.65496 0.884095 -0.310885 128 128 128
1.67877 0.870514 -0.313668 128 128 128
1.67967 0.844982 -0.311627 128 128 128
1.68815 0.823444 -0.311256 128 128 128
1.69546 0.801404 -0.3107 128 128 128
1.70338 0.779718 -0.310329 128 128 128
1.70294 0.754371 -0.308288 128 128 128
1.72201 0.73768 -0.310329 128 128 128
1.71822 0.711222 -0.307732 128 128 128
1.73594 0.693737 -0.309587 128 128 128
1.73791 0.669903 -0.308288 128 128 128
1.746 0.648526 -0.308288 128 128 128
1.74827 0.625062 -0.307175 128 128 128
1.74652 0.60036 -0.30532 128 128 128
1.75189 0.578265 -0.304949 128 128 128
1.75417 0.555237 -0.304022 128 128 128
1.75333 0.531383 -0.302538 128 128 128
1.76255 0.510649 -0.303095 128 128 128
1.76017 0.486619 -0.301425 128 128 128
1.7774 0.467993 -0.303651 128 128 128
1.79064 0.44806 -0.305135 128 128 128
1.796 0.426052 -0.305135 128 128 128
1.78672 0.400744 -0.302352 128 128 128
1.78381 0.377156 -0.300869 128 128 128
1.78252 0.354085 -0.299756 128 128 128
1.78287 0.331463 -0.299014 128 128 128
1.79261 0.31057 -0.300127 128 128 128
1.79435 0.288235 -0.299756 128 128 128
1.79483 0.26576 -0.299199 128 128 128
1.79796 0.243715 -0.299199 128 128 128
1.79984 0.221512 -0.299014 128 128 128
1.80828 0.200061 -0.300127 128 128 128
1.80375 0.177178 -0.298828 128 128 128
1.79894 0.154437 -0.29753 128 128 128
1.79776 0.132131 -0.296973 128 128 128
1.79728 0.109938 -0.296602 128 128 128
1.79752 0.087826 -0.296417 128 128 128
1.80042 0.0658344 -0.296788 128 128 128
1.80011 0.0437109 -0.296602 128 128 128
1.79953 0.0216049 -0.296417 128 128 128
1.79868 -0.000480214 -0.296231 128 128 128
1.8005 -0.0225759 -0.296602 128 128 128
1.80009 -0.0446691 -0.296602 128 128 128
1.78762 -0.0663273 -0.294376 128 128 128
1.79943 -0.0888798 -0.296788 128 128 128
1.8139 -0.111912 -0.299756 128 128 128
1.79475 -0.13287 -0.296417 128 128 128
1.79788 -0.155303 -0.297344 128 128 128
1.79584 -0.177354 -0.297344 128 128 128
1.78571 -0.198516 -0.29586 128 128 128
1.78412 -0.220534 -0.296046 128 128 128
1.78712 -0.243202 -0.297159 128 128 128
1.79275 -0.266408 -0.298828 128 128 128
1.77576 -0.286209 -0.296231 128 128 128
1.77889 -0.309151 -0.29753 128 128 128
1.77497 -0.330958 -0.29753 128 128 128
1.76595 -0.351758 -0.296602 128 128 128
1.75766 -0.37259 -0.29586 128 128 128
1.75487 -0.394561 -0.296231 128 128 128
1.75563 -0.417426 -0.297344 128 128 128
1.75324 -0.439654 -0.297901 128 128 128
1.74296 -0.459886 -0.296973 128 128 128
1.74855 -0.484379 -0.299199 128 128 128
1.73964 -0.504981 -0.298643 128 128 128
1.72767 -0.524582 -0.29753 128 128 128
1.72392 -0.546633 -0.298086 128 128 128
1.72548 -0.570517 -0.299756 128 128 128
1.72764 -0.59484 -0.301611 128 128 128
1.71558 -0.614343 -0.300683 128 128 128
1.70884 -0.635692 -0.300869 128 128 128
1.69724 -0.655201 -0.300127 128 128 128
1.69272 -0.677437 -0.300869 128 128 128
1.67157 -0.6929 -0.298272 128 128 128
1.68281 -0.721868 -0.302352 128 128 128
1.67742 -0.744056 -0.303095 128 128 128
1.66548 -0.763358 -0.302538 128 128 128
1.65866 -0.784997 -0.303095 128 128 128
1.6542 -0.807876 -0.304207 128 128 128
1.64679 -0.829439 -0.304764 128 128 128
1.63387 -0.848229 -0.304207 128 128 128
1.63548 -0.874694 -0.306804 128 128 128
1.62548 -0.895172 -0.30699 128 128 128
1.61352 -0.914567 -0.306804 128 128 128
1.60642 -0.936771 -0.307732 128 128 128
1.59817 -0.958433 -0.308474 128 128 128
1.58295 -0.975912 -0.307732 128 128 128
1.58248 -1.00262 -0.310329 128 128 128
1.57005 -1.02196 -0.310329 128 128 128
1.55494 -1.03952 -0.309772 128 128 128
1.54369 -1.05963 -0.310143 128 128 128
1.53861 -1.08415 -0.311998 128 128 128
1.5228 -1.10122 -0.311442 128 128 128
1.51233 -1.12217 -0.312184 128 128 128
1.49844 -1.14064 -0.312184 128 128 128
1.48356 -1.15834 -0.311998 128 128 128
1.47153 -1.1783 -0.312555 128 128 128
1.46608 -1.20374 -0.314781 128 128 128
1.44669 -1.21785 -0.313668 128 128 128
1.43982 -1.24257 -0.315708 128 128 128
1.42078 -1.25689 -0.314781 128 128 128
1.40671 -1.27555 -0.315152 128 128 128
1.39599 -1.29739 -0.31645 128 128 128
1.37996 -1.31443 -0.31645 128 128 128
1.36795 -1.33538 -0.317563 128 128 128
1.35216 -1.35276 -0.317749 128 128 128
1.34301 -1.37698 -0.319789 128 128 128
1.32601 -1.39336 -0.319789 128 128 128
1.31416 -1.41528 -0.321273 128 128 128
1.30264 -1.43785 -0.322942 128 128 128
1.29011 -1.45962 -0.324426 128 128 128
1.2721 -1.47534 -0.324426 128 128 128
1.25516 -1.49234 -0.324797 128 128 128
1.24237 -1.51447 -0.326467 128 128 128
1.22922 -1.5365 -0.328136 128 128 128
1.21209 -1.55379 -0.328693 128 128 128
1.20186 -1.58028 -0.331475 128 128 128
1.18355 -1.59648 -0.331846 128 128 128
1.16329 -1.61009 -0.331661 128 128 128
1.14118 -1.62103 -0.330919 128 128 128
1.14401 -1.66813 -0.338524 128 128 128
1.12837 -1.68939 -0.340194 128 128 128
1.10755 -1.70311 -0.340194 128 128 128
0.948464 -1.88501 -0.355033 128 128 128
0.923966 -1.89386 -0.354477 128 128 128
0.901077 -1.90594 -0.354662 128 128 128
0.878849 -1.91954 -0.355219 128 128 128
0.855626 -1.93107 -0.355404 128 128 128
0.83419 -1.94685 -0.356517 128 128 128
0.80873 -1.95331 -0.355775 128 128 128
0.792736 -1.98315 -0.359856 128 128 128
0.773297 -2.00556 -0.362453 128 128 128
0.751027 -2.02135 -0.363751 128 128 128
0.72484 -2.02671 -0.363009 128 128 128
0.702795 -2.04382 -0.364679 128 128 128
0.678896 -2.05602 -0.365421 128 128 128
0.655992 -2.07169 -0.366905 128 128 128
0.636234 -2.09839 -0.370615 128 128 128
0.609065 -2.10132 -0.369687 128 128 128
0.588746 -2.12852 -0.373583 128 128 128
0.561578 -2.13178 -0.372841 128 128 128
0.542074 -2.1652 -0.378035 128 128 128
0.520468 -2.19272 -0.382115 128 128 128
0.493305 -2.19798 -0.38193 128 128 128
0.467111 -2.20772 -0.382672 128 128 128
0.442674 -2.22677 -0.385269 128 128 128
0.417659 -2.2446 -0.38768 128 128 128
0.391767 -2.25923 -0.389535 128 128 128
0.366049 -2.27648 -0.391947 128 128 128
0.34228 -2.30899 -0.397326 128 128 128
0.313654 -2.31107 -0.396955 128 128 128
0.285633 -2.31767 -0.397511 128 128 128
0.258693 -2.33467 -0.400108 128 128 128
0.231185 -2.3494 -0.402334 128 128 128
0.202591 -2.355 -0.402891 128 128 128
0.17404 -2.36221 -0.403818 128 128 128
0.145525 -2.37201 -0.405302 128 128 128
0.116795 -2.38147 -0.406786 128 128 128
0.0876717 -2.38567 -0.407343 128 128 128
0.0589793 -2.41014 -0.411795 128 128 128
0.0296117 -2.42739 -0.414948 128 128 128
-0.000176009 -2.43248 -0.415875 128 128 128
-0.0301654 -2.44409 -0.418101 128 128 128
-0.0605578 -2.46024 -0.421255 128 128 128
-0.0915294 -2.48091 -0.425336 128 128 128
-0.122492 -2.4904 -0.427376 128 128 128
-0.153881 -2.50244 -0.429973 128 128 128
-0.185871 -2.518 -0.433312 128 128 128
-0.217511 -2.52434 -0.434982 128 128 128
-0.249623 -2.53322 -0.437207 128 128 128
-0.280798 -2.53094 -0.437393 128 128 128
-0.315191 -2.55461 -0.442587 128 128 128
-0.346779 -2.5525 -0.442958 128 128 128
-0.38052 -2.56458 -0.446111 128 128 128
-0.413363 -2.56845 -0.447781 128 128 128
-0.446359 -2.5719 -0.44945 128 128 128
-0.478424 -2.56912 -0.450007 128 128 128
-0.512784 -2.57752 -0.452789 128 128 128
-0.546609 -2.58161 -0.45483 128 128 128
-0.581686 -2.59005 -0.457797 128 128 128
-0.615238 -2.59036 -0.459281 128 128 128
-0.636494 -2.54067 -0.45112 128 128 128
-0.540381 -2.04896 -0.356703 128 128 128
-0.564961 -2.04028 -0.356332 128 128 128
-0.595421 -2.05207 -0.360042 128 128 128
-0.805675 -2.65592 -0.480613 128 128 128
-0.836132 -2.63927 -0.479315 128 128 128
-0.873382 -2.64374 -0.482283 128 128 128
-0.908313 -2.64026 -0.483767 128 128 128
-0.947587 -2.64835 -0.487662 128 128 128
-0.986853 -2.65494 -0.491372 128 128 128
-1.01971 -2.64355 -0.491558 128 128 128
-1.05353 -2.63449 -0.4923 128 128 128
-1.08766 -2.6259 -0.493227 128 128 128
-1.12135 -2.61597 -0.493969 128 128 128
-1.15774 -2.6119 -0.496009 128 128 128
-1.20115 -2.62251 -0.501203 128 128 128
-1.23912 -2.62001 -0.5038 128 128 128
-1.27549 -2.61344 -0.505655 128 128 128
-1.31982 -2.62218 -0.510849 128 128 128
-1.35506 -2.61189 -0.512147 128 128 128
-1.39951 -2.61847 -0.517156 128 128 128
-1.43722 -2.61143 -0.519382 128 128 128
-1.48125 -2.61498 -0.524019 128 128 128
-1.66988 -2.56701 -0.534778 128 128 128
-1.70234 -2.54796 -0.535149 128 128 128
-1.73737 -2.53256 -0.536447 128 128 128
-1.78585 -2.53596 -0.542198 128 128 128
-1.80935 -2.5035 -0.539786 128 128 128
-1.86334 -2.51269 -0.547206 128 128 128
-1.87917 -2.47007 -0.542569 128 128 128
-2.65265 -2.17737 -0.604524 128 128 128
-2.68684 -2.1508 -0.606379 128 128 128
-2.6929 -2.10193 -0.601556 128 128 128
-3.39161 -1.45433 -0.653309 128 128 128
-3.43622 1.47377 -0.754901 128 128 128
-3.35175 1.48641 -0.73944 128 128 128
-2.79771 2.18396 -0.714368 128 128 128
-2.75544 2.20589 -0.710189 128 128 128
-2.70496 2.27663 -0.711443 128 128 128
-1.88029 2.60149 -0.641867 128 128 128
-1.84654 2.62197 -0.64124 128 128 128
-1.8087 2.63636 -0.639151 128 128 128
-1.6363 2.58373 -0.609482 128 128 128
-1.63723 2.65694 -0.622854 128 128 128
-1.59347 2.65836 -0.618257 128 128 128
-1.55729 2.6718 -0.616795 128 128 128
-1.51524 2.67453 -0.612825 128 128 128
-1.51477 2.75208 -0.627242 128 128 128
-1.45053 2.7135 -0.613452 128 128 128
-1.40859 2.71459 -0.609482 128 128 128
-1.37166 2.72468 -0.607811 128 128 128
-1.32529 2.71493 -0.601542 128 128 128
-1.28603 2.7186 -0.598617 128 128 128
-1.25826 2.74663 -0.601542 128 128 128
-1.21418 2.73861 -0.59611 128 128 128
-1.17857 2.74881 -0.595065 128 128 128
-1.13243 2.73323 -0.588171 128 128 128
-1.09736 2.74329 -0.587335 128 128 128
-1.05379 2.73099 -0.581485 128 128 128
-1.01374 2.72629 -0.577515 128 128 128
-0.973975 2.72102 -0.573545 128 128 128
-0.933854 2.71334 -0.569157 128 128 128
-0.899876 2.72274 -0.56874 128 128 128
-0.862278 2.72052 -0.565814 128 128 128
-0.825718 2.7206 -0.563516 128 128 128
-0.789829 2.72207 -0.561636 128 128 128
-0.755327 2.72779 -0.5608 128 128 128
-0.72006 2.73023 -0.559337 128 128 128
-0.681773 2.71988 -0.555159 128 128 128
-0.644524 2.71186 -0.551607 128 128 128
-0.608001 2.70525 -0.548473 128 128 128
-0.57214 2.70007 -0.545757 128 128 128
-0.535361 2.68866 -0.541787 128 128 128
-0.501794 2.69214 -0.54116 128 128 128
-0.463242 2.66629 -0.534265 128 128 128
-0.430334 2.67081 -0.534056 128 128 128
-0.394254 2.65364 -0.529251 128 128 128
-0.36153 2.6573 -0.529042 128 128 128
-0.324391 2.62465 -0.521102 128 128 128
-0.29088 2.61677 -0.518595 128 128 128
-0.257516 2.60749 -0.515879 128 128 128
-0.225251 2.60753 -0.515252 128 128 128
-0.19274 2.60327 -0.513789 128 128 128
-0.160251 2.59665 -0.511909 128 128 128
-0.128094 2.59256 -0.510655 128 128 128
-0.0958521 2.58221 -0.508148 128 128 128
-0.0639295 2.57342 -0.506059 128 128 128
-0.0322803 2.56814 -0.504805 128 128 128
-0.000783827 2.55172 -0.501253 128 128 128
0.0304371 2.54469 -0.499791 128 128 128
0.0612583 2.52849 -0.496448 128 128 128
0.0916492 2.51093 -0.492896 128 128 128
0.121963 2.49985 -0.490806 128 128 128
0.152509 2.49621 -0.490389 128 128 128
0.182251 2.48245 -0.487881 128 128 128
0.209892 2.44788 -0.480986 128 128 128
0.238653 2.43247 -0.47827 128 128 128
0.267722 2.42255 -0.476808 128 128 128
0.295616 2.40453 -0.473674 128 128 128
0.323906 2.392 -0.471793 128 128 128
0.351498 2.37624 -0.469286 128 128 128
0.379692 2.36596 -0.468032 128 128 128
0.405666 2.34378 -0.464272 128 128 128
0.433497 2.33382 -0.463227 128 128 128
0.459992 2.31778 -0.460929 128 128 128
0.487381 2.30717 -0.459884 128 128 128
0.51501 2.29816 -0.459257 128 128 128
0.538857 2.27359 -0.455287 128 128 128
0.565046 2.26017 -0.453825 128 128 128
0.591236 2.24739 -0.452571 128 128 128
0.616151 2.23055 -0.450482 128 128 128
0.641288 2.21531 -0.44881 128 128 128
0.664434 2.19417 -0.445885 128 128 128
0.688048 2.17561 -0.443587 128 128 128
0.712847 2.16143 -0.442333 128 128 128
0.736124 2.14328 -0.440244 128 128 128
0.75708 2.11936 -0.436901 128 128 128
0.778928 2.09891 -0.434394 128 128 128
0.804979 2.09011 -0.434603 128 128 128
0.825468 2.06736 -0.431678 128 128 128
0.842142 2.03631 -0.426872 128 128 128
0.863975 2.01863 -0.425201 128 128 128
0.885105 1.99984 -0.42332 128 128 128
0.908763 1.98705 -0.422902 128 128 128
0.923017 1.95454 -0.417888 128 128 128
0.948223 1.9457 -0.418515 128 128 128
0.96718 1.92432 -0.416216 128 128 128
0.989367 1.9097 -0.41559 128 128 128
1.00903 1.89052 -0.413918 128 128 128
1.03215 1.878 -0.413918 128 128 128
1.04884 1.85414 -0.411202 128 128 128
1.06806 1.83522 -0.409739 128 128 128
1.08446 1.81191 -0.407232 128 128 128
1.10558 1.79681 -0.406814 128 128 128
1.12598 1.78063 -0.406187 128 128 128
1.144 1.76094 -0.404725 128 128 128
1.16063 1.73946 -0.402844 128 128 128
1.16415 1.6993 -0.396158 128 128 128
0.826703 1.17763 -0.263484 128 128 128
0.850847 1.18086 -0.267036 128 128 128
0.88103 1.19152 -0.272677 128 128 128
1.24613 1.64013 -0.396158 128 128 128
1.25712 1.61317 -0.393024 128 128 128
1.27499 1.59533 -0.392398 128 128 128
1.30006 1.58636 -0.394278 128 128 128
1.30492 1.55309 -0.389473 128 128 128
1.32197 1.53475 -0.388846 128 128 128
1.33162 1.50816 -0.385921 128 128 128
1.36055 1.50329 -0.389264 128 128 128
1.38089 1.48863 -0.38989 128 128 128
1.3707 1.44186 -0.381115 128 128 128
1.37666 1.41304 -0.377563 128 128 128
1.39459 1.39673 -0.377772 128 128 128
1.40812 1.3761 -0.376727 128 128 128
1.42278 1.3567 -0.376101 128 128 128
1.44003 1.3398 -0.37631 128 128 128
1.44911 1.31547 -0.37422 128 128 128
1.45781 1.29112 -0.372131 128 128 128
1.47132 1.27122 -0.371504 128 128 128
1.48082 1.24804 -0.369833 128 128 128
1.49224 1.22668 -0.368788 128 128 128
1.50107 1.20339 -0.367116 128 128 128
1.08356 0.848503 -0.250112 128 128 128
1.06741 0.815043 -0.243008 128 128 128
1.15752 0.861202 -0.26432 128 128 128
1.54482 1.11857 -0.363564 128 128 128
1.55603 1.09784 -0.362938 128 128 128
1.57019 1.07922 -0.363147 128 128 128
1.58006 1.0577 -0.362311 128 128 128
1.58718 1.0345 -0.360848 128 128 128
1.59727 1.01338 -0.360222 128 128 128
1.60959 0.993702 -0.360222 128 128 128
1.62334 0.974879 -0.360639 128 128 128
1.62673 0.949971 -0.35855 128 128 128
1.64082 0.93138 -0.359177 128 128 128
1.64784 0.908822 -0.358132 128 128 128
1.65369 0.885772 -0.356879 128 128 128
1.66183 0.864065 -0.356252 128 128 128
1.66706 0.840975 -0.354998 128 128 128
1.67989 0.821738 -0.355625 128 128 128
1.68808 0.800227 -0.355207 128 128 128
1.68621 0.774172 -0.352491 128 128 128
1.70453 0.757373 -0.35458 128 128 128
1.7047 0.732557 -0.352491 128 128 128
1.71537 0.712329 -0.352909 128 128 128
1.71944 0.689415 -0.351864 128 128 128
1.71682 0.664053 -0.349357 128 128 128
1.72575 0.643275 -0.349566 128 128 128
1.7326 0.621721 -0.349357 128 128 128
1.73639 0.599144 -0.348521 128 128 128
1.73618 0.575346 -0.34685 128 128 128
1.75057 0.556351 -0.348521 128 128 128
1.75259 0.533413 -0.347476 128 128 128
1.74773 0.508612 -0.344969 128 128 128
1.75572 0.487645 -0.345387 128 128 128
1.75117 0.463335 -0.343089 128 128 128
1.75388 0.441101 -0.342462 128 128 128
1.7563 0.418871 -0.341835 128 128 128
1.75558 0.396008 -0.340582 128 128 128
1.7718 0.376851 -0.343089 128 128 128
1.76477 0.352805 -0.340582 128 128 128
1.77955 0.333077 -0.34288 128 128 128
1.77097 0.309057 -0.340164 128 128 128
1.77946 0.288072 -0.341208 128 128 128
1.77996 0.265787 -0.340582 128 128 128
1.78503 0.244184 -0.340999 128 128 128
1.78789 0.222261 -0.340999 128 128 128
1.79145 0.200411 -0.341208 128 128 128
1.78988 0.178033 -0.340373 128 128 128
1.78706 0.155642 -0.339328 128 128 128
1.78981 0.133771 -0.339537 128 128 128
1.78937 0.11168 -0.339119 128 128 128
1.78474 0.0894324 -0.337865 128 128 128
1.78668 0.0675589 -0.338074 128 128 128
1.78347 0.0455374 -0.337239 128 128 128
1.78976 0.0237127 -0.338492 128 128 128
1.78796 0.00175026 -0.338074 128 128 128
1.79273 -0.0202571 -0.339119 128 128 128
1.78746 -0.042129 -0.338074 128 128 128
1.78583 -0.0640235 -0.337865 128 128 128
1.78589 -0.0859828 -0.338074 128 128 128
1.78177 -0.107708 -0.337447 128 128 128
1.77837 -0.129419 -0.33703 128 128 128
1.77859 -0.151403 -0.337447 128 128 128
1.76492 -0.172052 -0.33494 128 128 128
1.77143 -0.194679 -0.336821 128 128 128
1.7689 -0.216402 -0.336821 128 128 128
1.76612 -0.238093 -0.336821 128 128 128
1.77467 -0.261485 -0.339328 128 128 128
1.7665 -0.28246 -0.338283 128 128 128
1.7629 -0.304117 -0.338283 128 128 128
1.75807 -0.325547 -0.338074 128 128 128
1.73668 -0.343641 -0.334313 128 128 128
1.75338 -0.369409 -0.33891 128 128 128
1.74681 -0.390467 -0.338492 128 128 128
1.74188 -0.411874 -0.338492 128 128 128
1.73765 -0.433457 -0.338701 128 128 128
1.73787 -0.456251 -0.339955 128 128 128
1.73402 -0.478067 -0.340373 128 128 128
1.72709 -0.499036 -0.340164 128 128 128
1.7227 -0.520763 -0.340582 128 128 128
1.71991 -0.54305 -0.341417 128 128 128
1.71219 -0.563807 -0.341208 128 128 128
1.70607 -0.585095 -0.341417 128 128 128
1.69968 -0.606318 -0.341626 128 128 128
1.69394 -0.627813 -0.342044 128 128 128
1.68064 -0.646435 -0.34079 128 128 128
1.68165 -0.670653 -0.34288 128 128 128
1.69226 -0.699122 -0.347267 128 128 128
1.67008 -0.714039 -0.344133 128 128 128
1.66566 -0.736467 -0.345178 128 128 128
1.66805 -0.76216 -0.347894 128 128 128
1.65327 -0.780057 -0.346641 128 128 128
1.64181 -0.799427 -0.346223 128 128 128
1.63974 -0.823481 -0.348103 128 128 128
1.61303 -0.834963 -0.344133 128 128 128
1.62334 -0.865785 -0.349148 128 128 128
1.61345 -0.886113 -0.349357 128 128 128
1.60076 -0.90488 -0.348939 128 128 128
1.59882 -0.929884 -0.351237 128 128 128
1.58729 -0.949434 -0.351237 128 128 128
1.58051 -0.971925 -0.352491 128 128 128
1.56681 -0.990198 -0.352073 128 128 128
1.56519 -1.0163 -0.354789 128 128 128
1.55585 -1.03761 -0.355625 128 128 128
1.53333 -1.04997 -0.353118 128 128 128
1.52992 -1.07548 -0.355625 128 128 128
1.51898 -1.09589 -0.356252 128 128 128
1.50699 -1.11562 -0.35667 128 128 128
1.49318 -1.13402 -0.35667 128 128 128
1.47992 -1.15287 -0.356879 128 128 128
1.47253 -1.17645 -0.358759 128 128 128
1.45572 -1.19257 -0.358132 128 128 128
1.44845 -1.21664 -0.360222 128 128 128
1.42971 -1.23113 -0.359177 128 128 128
1.41742 -1.25118 -0.360013 128 128 128
1.41065 -1.27637 -0.36252 128 128 128
1.39273 -1.29158 -0.361893 128 128 128
1.37678 -1.30858 -0.361893 128 128 128
1.36341 -1.32811 -0.362729 128 128 128
1.35253 -1.35028 -0.3644 128 128 128
1.33654 -1.36748 -0.364609 128 128 128
1.32101 -1.38519 -0.365027 128 128 128
1.31189 -1.40991 -0.367534 128 128 128
1.2958 -1.42735 -0.367952 128 128 128
1.27819 -1.44314 -0.367952 128 128 128
1.25974 -1.45798 -0.367743 128 128 128
1.23924 -1.47033 -0.366907 128 128 128
1.22482 -1.48997 -0.368161 128 128 128
1.22658 -1.53011 -0.375056 128 128 128
1.21552 -1.55508 -0.377772 128 128 128
1.19102 -1.56287 -0.375892 128 128 128
1.17757 -1.58523 -0.377981 128 128 128
1.17175 -1.6186 -0.382996 128 128 128
1.1473 -1.62645 -0.381324 128 128 128
1.13554 -1.65252 -0.384458 128 128 128
1.11626 -1.66795 -0.384876 128 128 128
1.09731 -1.68399 -0.385503 128 128 128
1.087 -1.71386 -0.389681 128 128 128
1.07254 -1.73791 -0.392398 128 128 128
1.04963 -1.74842 -0.391771 128 128 128
1.03498 -1.773 -0.394696 128 128 128
1.01506 -1.78898 -0.395532 128 128 128
0.995856 -1.80644 -0.396785 128 128 128
0.987411 -1.84442 -0.403053 128 128 128
0.856955 -1.92995 -0.407232 128 128 128
0.835127 -1.94482 -0.408277 128 128 128
0.815303 -1.96486 -0.410575 128 128 128
0.794387 -1.9829 -0.412455 128 128 128
0.770345 -1.99341 -0.412664 128 128 128
0.748541 -2.01005 -0.414336 128 128 128
0.722505 -2.0154 -0.4135 128 128 128
0.698987 -2.02781 -0.414336 128 128 128
0.674355 -2.03717 -0.414545 128 128 128
0.659013 -2.07607 -0.42144 128 128 128
0.63801 -2.09898 -0.424783 128 128 128
0.612475 -2.10759 -0.424992 128 128 128
0.59046 -2.12909 -0.428126 128 128 128
0.565529 -2.1409 -0.42917 128 128 128
0.539687 -2.14958 -0.429588 128 128 128
0.51574 -2.16651 -0.431887 128 128 128
0.491671 -2.18413 -0.434394 128 128 128
0.46765 -2.20339 -0.437319 128 128 128
0.441714 -2.21472 -0.438572 128 128 128
0.417525 -2.23632 -0.442124 128 128 128
0.393701 -2.26248 -0.446721 128 128 128
0.366832 -2.27294 -0.447975 128 128 128
0.340477 -2.28791 -0.450273 128 128 128
0.314201 -2.30549 -0.453198 128 128 128
0.286478 -2.31402 -0.454243 128 128 128
0.258912 -2.32514 -0.455914 128 128 128
0.231589 -2.3408 -0.45863 128 128 128
0.203426 -2.35028 -0.460093 128 128 128
0.175629 -2.36723 -0.463227 128 128 128
0.146919 -2.37507 -0.464481 128 128 128
0.117715 -2.37571 -0.464272 128 128 128
0.0890394 -2.39066 -0.467197 128 128 128
0.0599916 -2.40428 -0.469913 128 128 128
0.0306765 -2.42244 -0.473674 128 128 128
0.000945932 -2.42361 -0.473883 128 128 128
-0.0289677 -2.43615 -0.476599 128 128 128
-0.0594161 -2.45712 -0.481195 128 128 128
-0.0903461 -2.47673 -0.485583 128 128 128
-0.121865 -2.4979 -0.490389 128 128 128
-0.152447 -2.49524 -0.49018 128 128 128
-0.184666 -2.51463 -0.494776 128 128 128
-0.216532 -2.52387 -0.497283 128 128 128
-0.24875 -2.53367 -0.5 128 128 128
-0.282331 -2.55278 -0.504805 128 128 128
-0.313999 -2.55203 -0.505432 128 128 128
-0.346089 -2.5538 -0.506686 128 128 128
-0.377981 -2.55323 -0.507521 128 128 128
-0.413512 -2.57446 -0.513163 128 128 128
-0.445916 -2.57401 -0.514207 128 128 128
-0.480173 -2.58276 -0.517341 128 128 128
-0.510103 -2.56805 -0.515461 128 128 128
-0.54708 -2.58742 -0.521102 128 128 128
-0.580945 -2.59005 -0.523192 128 128 128
-0.616093 -2.59699 -0.526326 128 128 128
-0.654602 -2.61579 -0.532176 128 128 128
-0.541149 -2.05833 -0.410784 128 128 128
-0.563485 -2.04117 -0.408486 128 128 128
-0.591226 -2.04349 -0.410575 128 128 128
-0.615118 -2.03234 -0.409739 128 128 128
-0.836605 -2.64248 -0.548264 128 128 128
-0.870509 -2.63666 -0.549308 128 128 128
-0.909504 -2.64519 -0.553696 128 128 128
-0.944872 -2.64211 -0.555577 128 128 128
-0.980642 -2.63948 -0.557666 128 128 128
-1.01755 -2.6391 -0.560382 128 128 128
-1.05314 -2.63458 -0.562263 128 128 128
-1.08614 -2.62327 -0.56268 128 128 128
-1.1252 -2.62591 -0.566441 128 128 128
-1.15893 -2.61548 -0.567277 128 128 128
-1.20074 -2.62239 -0.572291 128 128 128
-1.23199 -2.60569 -0.571874 128 128 128
-1.27893 -2.62111 -0.579186 128 128 128
-1.31849 -2.62006 -0.582738 128 128 128
-1.36319 -2.62798 -0.588588 128 128 128
-1.40088 -2.62139 -0.591096 128 128 128
-1.4405 -2.6177 -0.594439 128 128 128
-1.47638 -2.60663 -0.59611 128 128 128
-1.51665 -2.60267 -0.599662 128 128 128
-1.59857 -2.59461 -0.607184 128 128 128
-1.63291 -2.57893 -0.608228 128 128 128
-1.66657 -2.56197 -0.609064 128 128 128
-1.70986 -2.5592 -0.613661 128 128 128
-1.74557 -2.54447 -0.615332 128 128 128
-1.77779 -2.52446 -0.61575 128 128 128
-1.81839 -2.51591 -0.619302 128 128 128
-1.86139 -2.50989 -0.62369 128 128 128
-1.8873 -2.48064 -0.622018 128 128 128
-1.93508 -2.47962 -0.628077 128 128 128
-2.00575 -2.50603 -0.641867 128 128 128
-2.01337 -2.45329 -0.634136 128 128 128
-1.05565 -1.13939 -0.28793 128 128 128
-0.960165 -1.01175 -0.254082 128 128 128
-2.83688 -2.10341 -0.710607 128 128 128
-1.51343 -0.169935 -0.281453 128 128 128
-2.86406 2.06895 -0.804194 128 128 128
-2.85409 2.11552 -0.808866 128 128 128
-2.74163 2.19303 -0.798821 128 128 128
-2.71376 2.22589 -0.798587 128 128 128
-2.65021 2.28484 -0.796017 128 128 128
-1.67652 2.6462 -0.707944 128 128 128
-1.63014 2.64424 -0.701637 128 128 128
-1.58926 2.72543 -0.713318 128 128 128
-1.51683 2.67623 -0.694395 128 128 128
-1.51814 2.7568 -0.711449 128 128 128
-1.4406 2.69379 -0.689255 128 128 128
-1.40743 2.71126 -0.689255 128 128 128
-1.36968 2.71965 -0.686919 128 128 128
-1.33022 2.72402 -0.683648 128 128 128
-1.2942 2.73487 -0.682247 128 128 128
-1.25729 2.74348 -0.680378 128 128 128
-1.21051 2.72937 -0.672669 128 128 128
-1.17577 2.74134 -0.671968 128 128 128
-1.13608 2.74119 -0.66823 128 128 128
-1.09947 2.74771 -0.666361 128 128 128
-1.05585 2.7356 -0.65982 128 128 128
-1.02016 2.74288 -0.658418 128 128 128
-0.979864 2.73689 -0.653746 128 128 128
-0.943035 2.73952 -0.65141 128 128 128
-0.902317 2.72965 -0.646036 128 128 128
-0.862278 2.72013 -0.640897 128 128 128
-0.824307 2.71562 -0.637159 128 128 128
-0.789835 2.7218 -0.636225 128 128 128
-0.750916 2.71161 -0.631319 128 128 128
-0.718329 2.72344 -0.63202 128 128 128
-0.680117 2.71319 -0.627347 128 128 128
-0.645869 2.71755 -0.626413 128 128 128
-0.609908 2.71389 -0.623609 128 128 128
-0.574135 2.70976 -0.620806 128 128 128
-0.537793 2.70134 -0.617068 128 128 128
-0.501746 2.69244 -0.61333 128 128 128
-0.465497 2.6802 -0.608892 128 128 128
-0.430246 2.67131 -0.605387 128 128 128
-0.395283 2.66196 -0.601883 128 128 128
-0.361929 2.6618 -0.600715 128 128 128
-0.325887 2.63902 -0.594174 128 128 128
-0.292831 2.63702 -0.592772 128 128 128
-0.258146 2.6172 -0.587165 128 128 128
-0.225589 2.61532 -0.585997 128 128 128
-0.19254 2.60529 -0.58296 128 128 128
-0.159109 2.58416 -0.577354 128 128 128
-0.127337 2.58495 -0.57712 128 128 128
-0.0954964 2.5834 -0.576419 128 128 128
-0.0635174 2.57369 -0.573849 128 128 128
-0.0317409 2.55969 -0.570345 128 128 128
-0.00032147 2.55114 -0.568243 128 128 128
0.030872 2.54123 -0.565906 128 128 128
0.061706 2.52607 -0.562402 128 128 128
0.0924893 2.5193 -0.561001 128 128 128
0.122268 2.49466 -0.555394 128 128 128
0.152459 2.48618 -0.553759 128 128 128
0.181468 2.46376 -0.548853 128 128 128
0.211772 2.46232 -0.549086 128 128 128
0.238564 2.42469 -0.540676 128 128 128
0.267661 2.41579 -0.539274 128 128 128
0.296458 2.40556 -0.537639 128 128 128
0.323872 2.38633 -0.533901 128 128 128
0.351143 2.36871 -0.530631 128 128 128
0.379261 2.35846 -0.529229 128 128 128
0.405194 2.33638 -0.525024 128 128 128
0.434189 2.33314 -0.525491 128 128 128
0.459762 2.31238 -0.521753 128 128 128
0.487301 2.30276 -0.520819 128 128 128
0.512761 2.28427 -0.517782 128 128 128
0.53941 2.27213 -0.51638 128 128 128
0.56466 2.25496 -0.51381 128 128 128
0.590312 2.24034 -0.511941 128 128 128
0.616725 2.22918 -0.511007 128 128 128
0.642683 2.21677 -0.509839 128 128 128
0.664205 2.1901 -0.505167 128 128 128
0.686635 2.16788 -0.501662 128 128 128
0.712578 2.15745 -0.501195 128 128 128
0.734579 2.13566 -0.497924 128 128 128
0.754519 2.10909 -0.493486 128 128 128
0.783726 2.10879 -0.495822 128 128 128
0.799414 2.0727 -0.489047 128 128 128
0.822266 2.05641 -0.487412 128 128 128
0.842981 2.03538 -0.484608 128 128 128
0.86407 2.01594 -0.482272 128 128 128
0.88717 2.00163 -0.481338 128 128 128
0.906814 1.97998 -0.478534 128 128 128
0.924401 1.95464 -0.474797 128 128 128
0.944485 1.93528 -0.472694 128 128 128
0.96467 1.91659 -0.470825 128 128 128
0.985881 1.9003 -0.469657 128 128 128
1.00821 1.88634 -0.46919 128 128 128
1.0266 1.8653 -0.466854 128 128 128
1.04606 1.84664 -0.465218 128 128 128
1.0618 1.8219 -0.461948 128 128 128
1.08258 1.80623 -0.461247 128 128 128
1.10364 1.79115 -0.46078 128 128 128
1.12398 1.77501 -0.460079 128 128 128
1.14462 1.75945 -0.459612 128 128 128
1.15587 1.7299 -0.455173 128 128 128
0.828045 1.20624 -0.306827 128 128 128
0.847259 1.20235 -0.308696 128 128 128
0.863657 1.19422 -0.309397 128 128 128
1.13866 1.53515 -0.414524 128 128 128
1.24389 1.63487 -0.448865 128 128 128
1.26326 1.61871 -0.448632 128 128 128
1.27999 1.59929 -0.447464 128 128 128
1.30322 1.58797 -0.448865 128 128 128
1.31823 1.56665 -0.44723 128 128 128
1.31768 1.52752 -0.439988 128 128 128
1.33504 1.50978 -0.439521 128 128 128
1.34825 1.48751 -0.437652 128 128 128
1.35847 1.4623 -0.434848 128 128 128
1.37095 1.43989 -0.432979 128 128 128
1.38512 1.41947 -0.431811 128 128 128
1.40244 1.40237 -0.431811 128 128 128
1.41189 1.37758 -0.429242 128 128 128
1.41884 1.35075 -0.425971 128 128 128
1.4289 1.32728 -0.423869 128 128 128
1.44004 1.30507 -0.422233 128 128 128
1.45886 1.28988 -0.423168 128 128 128
1.46133 1.26044 -0.418963 128 128 128
1.4752 1.24116 -0.418495 128 128 128
1.49032 1.22296 -0.418495 128 128 128
1.3125 1.05013 -0.359157 128 128 128
1.05254 0.820808 -0.27599 128 128 128
1.05016 0.798402 -0.272252 128 128 128
1.51965 1.12691 -0.409852 128 128 128
1.54124 1.11388 -0.412188 128 128 128
1.54447 1.0876 -0.409151 128 128 128
1.55609 1.06746 -0.408684 128 128 128
1.57069 1.04937 -0.409151 128 128 128
1.58101 1.02842 -0.40845 128 128 128
1.59351 1.00894 -0.40845 128 128 128
1.59419 0.982164 -0.405179 128 128 128
1.61946 0.970534 -0.408917 128 128 128
1.61949 0.943725 -0.405647 128 128 128
1.62672 0.921381 -0.404478 128 128 128
1.63705 0.90088 -0.404245 128 128 128
1.6497 0.881641 -0.404712 128 128 128
1.65522 0.85864 -0.40331 128 128 128
1.66563 0.838264 -0.40331 128 128 128
1.67666 0.818188 -0.403544 128 128 128
1.68306 0.795886 -0.40261 128 128 128
1.68386 0.771117 -0.400273 128 128 128
1.69053 0.749212 -0.399573 128 128 128
1.69603 0.726875 -0.398638 128 128 128
1.70662 0.706753 -0.399105 128 128 128
1.70975 0.683587 -0.397704 128 128 128
1.71528 0.661503 -0.397003 128 128 128
1.71872 0.638707 -0.395835 128 128 128
1.73192 0.619536 -0.397236 128 128 128
1.73479 0.596652 -0.396068 128 128 128
1.73737 0.57379 -0.3949 128 128 128
1.73779 0.550367 -0.393265 128 128 128
1.74069 0.527869 -0.39233 128 128 128
1.74797 0.50674 -0.392564 128 128 128
1.75406 0.485251 -0.392564 128 128 128
1.75894 0.463441 -0.39233 128 128 128
1.7645 0.441821 -0.39233 128 128 128
1.76411 0.418783 -0.390929 128 128 128
1.76343 0.395821 -0.389527 128 128 128
1.77101 0.374758 -0.390228 128 128 128
1.77261 0.352426 -0.389527 128 128 128
1.77585 0.330468 -0.389293 128 128 128
1.77402 0.307649 -0.387892 128 128 128
1.78246 0.286632 -0.38906 128 128 128
1.77046 0.262444 -0.385322 128 128 128
1.77354 0.240698 -0.385322 128 128 128
1.77733 0.219035 -0.385556 128 128 128
1.78665 0.197963 -0.387191 128 128 128
1.78894 0.176023 -0.387191 128 128 128
1.79 0.153973 -0.386957 128 128 128
1.79951 0.132572 -0.388826 128 128 128
1.78256 0.109335 -0.384388 128 128 128
1.78668 0.0875965 -0.385088 128 128 128
1.78277 0.0654824 -0.38392 128 128 128
1.77469 0.0433797 -0.381818 128 128 128
1.78384 0.0217114 -0.38392 128 128 128
1.783 -0.000181276 -0.383687 128 128 128
1.78383 -0.0220727 -0.38392 128 128 128
1.77954 -0.0438685 -0.382986 128 128 128
1.77984 -0.065738 -0.383219 128 128 128
1.78472 -0.0878569 -0.384621 128 128 128
1.78545 -0.10987 -0.385088 128 128 128
1.77427 -0.131063 -0.382752 128 128 128
1.7735 -0.152909 -0.382986 128 128 128
1.76568 -0.174093 -0.381584 128 128 128
1.77211 -0.196706 -0.383687 128 128 128
1.76667 -0.218083 -0.382986 128 128 128
1.76772 -0.240267 -0.38392 128 128 128
1.76752 -0.262367 -0.384621 128 128 128
1.76321 -0.283884 -0.384388 128 128 128
1.75576 -0.304837 -0.383453 128 128 128
1.75666 -0.327247 -0.384621 128 128 128
1.75919 -0.350103 -0.386256 128 128 128
1.74335 -0.369255 -0.383453 128 128 128
1.74912 -0.392958 -0.386023 128 128 128
1.73849 -0.413048 -0.384621 128 128 128
1.73046 -0.433644 -0.38392 128 128 128
1.73065 -0.45633 -0.385322 128 128 128
1.72867 -0.478569 -0.386256 128 128 128
1.72173 -0.499476 -0.386023 128 128 128
1.71734 -0.52113 -0.38649 128 128 128
1.7173 -0.544216 -0.388125 128 128 128
1.70403 -0.563118 -0.38649 128 128 128
1.70159 -0.585566 -0.387658 128 128 128
1.69702 -0.607384 -0.388359 128 128 128
1.6858 -0.62681 -0.387425 128 128 128
1.68524 -0.650245 -0.389293 128 128 128
1.68074 -0.672318 -0.390228 128 128 128
1.67686 -0.69475 -0.391396 128 128 128
1.66374 -0.713363 -0.390228 128 128 128
1.66286 -0.737267 -0.39233 128 128 128
1.65634 -0.75883 -0.393031 128 128 128
1.64163 -0.776608 -0.39163 128 128 128
1.64508 -0.803084 -0.395134 128 128 128
1.6325 -0.821901 -0.394433 128 128 128
1.62488 -0.843214 -0.395134 128 128 128
1.61698 -0.864464 -0.395835 128 128 128
1.60881 -0.885646 -0.396536 128 128 128
1.60036 -0.906758 -0.397236 128 128 128
1.58659 -0.924862 -0.396536 128 128 128
1.57762 -0.94576 -0.397236 128 128 128
1.56673 -0.965558 -0.39747 128 128 128
1.5638 -0.990428 -0.40004 128 128 128
1.55153 -1.00954 -0.40004 128 128 128
1.55035 -1.03606 -0.40331 128 128 128
1.5327 -1.05171 -0.401909 128 128 128
1.51968 -1.07044 -0.401909 128 128 128
1.51037 -1.09186 -0.403077 128 128 128
1.50702 -1.11783 -0.406114 128 128 128
1.48699 -1.13153 -0.404245 128 128 128
1.47453 -1.15089 -0.404712 128 128 128
1.46106 -1.16951 -0.404946 128 128 128
1.44885 -1.1892 -0.405647 128 128 128
1.43936 -1.21127 -0.407282 128 128 128
1.42439 -1.22884 -0.407282 128 128 128
1.40993 -1.24687 -0.407515 128 128 128
1.39957 -1.26864 -0.409151 128 128 128
1.38389 -1.28572 -0.409151 128 128 128
1.37435 -1.30864 -0.411253 128 128 128
1.35819 -1.32541 -0.411253 128 128 128
1.34733 -1.34747 -0.413122 128 128 128
1.33341 -1.36668 -0.414057 128 128 128
1.31587 -1.38224 -0.413823 128 128 128
1.3041 -1.40398 -0.415692 128 128 128
1.30573 -1.44076 -0.422467 128 128 128
1.28215 -1.45012 -0.420364 128 128 128
1.26489 -1.46648 -0.420598 128 128 128
1.24617 -1.48115 -0.420364 128 128 128
1.23531 -1.50535 -0.423168 128 128 128
1.22039 -1.52494 -0.424569 128 128 128
1.20219 -1.54057 -0.424803 128 128 128
1.19674 -1.573 -0.430176 128 128 128
1.17677 -1.58678 -0.429942 128 128 128
1.16462 -1.61134 -0.432979 128 128 128
1.14924 -1.63187 -0.434848 128 128 128
1.12638 -1.64184 -0.43368 128 128 128
1.11696 -1.67171 -0.438353 128 128 128
1.10114 -1.69262 -0.440455 128 128 128
1.08237 -1.70929 -0.44139 128 128 128
1.06846 -1.73403 -0.44466 128 128 128
1.0511 -1.75368 -0.446529 128 128 128
1.03244 -1.77148 -0.447931 128 128 128
1.00967 -1.78233 -0.447464 128 128 128
0.854178 -1.92692 -0.461714 128 128 128
0.832386 -1.94172 -0.462882 128 128 128
0.810731 -1.95718 -0.464284 128 128 128
0.786653 -1.96698 -0.464284 128 128 128
0.764208 -1.98102 -0.465452 128 128 128
0.741198 -1.99389 -0.466386 128 128 128
0.727503 -2.03304 -0.474096 128 128 128
0.708838 -2.0602 -0.478768 128 128 128
0.687476 -2.08074 -0.481805 128 128 128
0.658653 -2.07883 -0.479235 128 128 128
0.633659 -2.08862 -0.479702 128 128 128
0.609609 -2.10184 -0.481104 128 128 128
0.58767 -2.12322 -0.484608 128 128 128
0.56331 -2.13685 -0.486244 128 128 128
0.538466 -2.14926 -0.487645 128 128 128
0.516556 -2.17462 -0.492318 128 128 128
0.492395 -2.19218 -0.495121 128 128 128
0.472729 -2.2323 -0.503531 128 128 128
0.442445 -2.22363 -0.500027 128 128 128
0.417625 -2.24227 -0.503298 128 128 128
0.392413 -2.26064 -0.506568 128 128 128
0.367124 -2.28064 -0.510306 128 128 128
0.339682 -2.28882 -0.51124 128 128 128
0.314199 -2.31208 -0.515913 128 128 128
0.285204 -2.31094 -0.514745 128 128 128
0.257471 -2.32006 -0.516146 128 128 128
0.229748 -2.33079 -0.518015 128 128 128
0.20281 -2.35281 -0.522688 128 128 128
0.174211 -2.359 -0.523622 128 128 128
0.145852 -2.37066 -0.525958 128 128 128
0.116894 -2.37519 -0.526659 128 128 128
0.0880293 -2.38422 -0.528528 128 128 128
0.0593526 -2.40845 -0.534135 128 128 128
0.0300316 -2.42747 -0.538574 128 128 128
0.000243831 -2.43251 -0.539742 128 128 128
-0.0299457 -2.4615 -0.54675 128 128 128
-0.0606608 -2.48233 -0.55189 128 128 128
-0.0913644 -2.4882 -0.553525 128 128 128
-0.122362 -2.49661 -0.555861 128 128 128
-0.153639 -2.50559 -0.558431 128 128 128
-0.185226 -2.51516 -0.561234 128 128 128
-0.216656 -2.51947 -0.562869 128 128 128
-0.250019 -2.54179 -0.568944 128 128 128
-0.281831 -2.54433 -0.570345 128 128 128
-0.313862 -2.54743 -0.57198 128 128 128
-0.347834 -2.56362 -0.576886 128 128 128
-0.380119 -2.56493 -0.578288 128 128 128
-0.411566 -2.56008 -0.578288 128 128 128
-0.445767 -2.57112 -0.58226 128 128 128
-0.478349 -2.57119 -0.583661 128 128 128
-0.516104 -2.5966 -0.59137 128 128 128
-0.549134 -2.59578 -0.592772 128 128 128
-0.584983 -2.60688 -0.597211 128 128 128
-0.620514 -2.61464 -0.600949 128 128 128
-0.656324 -2.62192 -0.604687 128 128 128
-0.675842 -2.56571 -0.592772 128 128 128
-0.56317 -2.03516 -0.462649 128 128 128
-0.589993 -2.03464 -0.464284 128 128 128
-0.616607 -2.03283 -0.465686 128 128 128
-0.83257 -2.62959 -0.618003 128 128 128
-0.873604 -2.64595 -0.624777 128 128 128
-0.909165 -2.64423 -0.627114 128 128 128
-0.942853 -2.63654 -0.628048 128 128 128
-0.978518 -2.63388 -0.630384 128 128 128
-1.0202 -2.64618 -0.636692 128 128 128
-1.05223 -2.63256 -0.636458 128 128 128
-1.0904 -2.63382 -0.640196 128 128 128
-1.128 -2.63276 -0.643467 128 128 128
-1.16809 -2.6365 -0.648139 128 128 128
-1.20723 -2.637 -0.65211 128 128 128
-1.24407 -2.63166 -0.65468 128 128 128
-1.2899 -2.64417 -0.662156 128 128 128
-1.52053 -2.61018 -0.681079 128 128 128
-1.55594 -2.59717 -0.682714 128 128 128
-1.5933 -2.58699 -0.685284 128 128 128
-1.62909 -2.57381 -0.687153 128 128 128
-1.60919 -2.40931 -0.65141 128 128 128
-2.62249 -2.26339 -0.787607 128 128 128
-2.6523 -2.23291 -0.788308 128 128 128
-2.66297 -2.18662 -0.783168 128 128 128
-2.71009 -2.17019 -0.789476 128 128 128
-2.74418 -2.14276 -0.791812 128 128 128
-2.85428 2.17781 -0.907958 128 128 128
-2.67756 2.25907 -0.884862 128 128 128
-2.63941 2.28289 -0.881269 128 128 128
-2.61047 2.31447 -0.881012 128 128 128
-2.56258 2.32875 -0.874083 128 128 128
-2.45374 2.40052 -0.866128 128 128 128
-2.42205 2.42839 -0.865358 128 128 128
-2.01648 2.59058 -0.826351 128 128 128
-1.85699 2.64365 -0.812493 128 128 128
-1.80098 2.63192 -0.801458 128 128 128
-1.78513 2.67877 -0.809413 128 128 128
-1.56614 2.69455 -0.782211 128 128 128
-1.51494 2.68157 -0.772459 128 128 128
-1.33753 2.74855 -0.7663 128 128 128
-1.28725 2.72977 -0.756035 128 128 128
-1.25406 2.74624 -0.756292 128 128 128
-1.21053 2.7393 -0.749876 128 128 128
-1.16925 2.73617 -0.744743 128 128 128
-1.12897 2.73422 -0.740124 128 128 128
-1.09355 2.74338 -0.738841 128 128 128
-1.05185 2.73583 -0.732939 128 128 128
-1.0105 2.72768 -0.727036 128 128 128
-0.970164 2.72074 -0.721647 128 128 128
-0.932958 2.72147 -0.718568 128 128 128
-0.892871 2.71251 -0.712922 128 128 128
-0.85778 2.71773 -0.711382 128 128 128
-0.819078 2.71046 -0.706506 128 128 128
-0.783886 2.71381 -0.70471 128 128 128
-0.747459 2.71204 -0.70163 128 128 128
-0.711194 2.70978 -0.698551 128 128 128
-0.675562 2.70892 -0.695984 128 128 128
-0.640059 2.7076 -0.693418 128 128 128
-0.60469 2.70582 -0.690852 128 128 128
-0.569066 2.70168 -0.687772 128 128 128
-0.531959 2.68854 -0.682383 128 128 128
-0.499276 2.69677 -0.682896 128 128 128
-0.461422 2.67507 -0.675454 128 128 128
-0.427199 2.67194 -0.673145 128 128 128
-0.392844 2.66646 -0.670322 128 128 128
-0.35588 2.63946 -0.661853 128 128 128
-0.322419 2.63499 -0.659543 128 128 128
-0.288497 2.62434 -0.655694 128 128 128
-0.253408 2.59786 -0.647739 128 128 128
-0.221026 2.59499 -0.646199 128 128 128
-0.188753 2.59172 -0.644659 128 128 128
-0.156423 2.58516 -0.642349 128 128 128
-0.124552 2.58399 -0.64158 128 128 128
-0.0923684 2.5718 -0.637987 128 128 128
-0.0606097 2.56404 -0.635677 128 128 128
-0.0289985 2.5501 -0.631828 128 128 128
0.00226845 2.53866 -0.628748 128 128 128
0.033336 2.53265 -0.627208 128 128 128
0.063995 2.51659 -0.623102 128 128 128
0.0944169 2.50402 -0.620023 128 128 128
0.125038 2.50075 -0.61951 128 128 128
0.155039 2.48841 -0.616687 128 128 128
0.183947 2.46512 -0.611041 128 128 128
0.212819 2.44728 -0.606935 128 128 128
0.241475 2.43102 -0.603342 128 128 128
0.26813 2.40002 -0.5959 128 128 128
0.297803 2.39847 -0.596413 128 128 128
0.324565 2.37548 -0.591281 128 128 128
0.350807 2.35221 -0.586148 128 128 128
0.378554 2.34105 -0.584352 128 128 128
0.406416 2.33147 -0.583069 128 128 128
0.432128 2.31111 -0.578963 128 128 128
0.459884 2.30279 -0.578193 128 128 128
0.486893 2.2913 -0.576653 128 128 128
0.513475 2.27856 -0.574857 128 128 128
0.537336 2.25517 -0.570237 128 128 128
0.56497 2.24841 -0.570237 128 128 128
0.591773 2.2385 -0.569467 128 128 128
0.613736 2.21152 -0.564078 128 128 128
0.640828 2.20382 -0.564078 128 128 128
0.662733 2.17916 -0.559459 128 128 128
0.686777 2.16258 -0.557149 128 128 128
0.711125 2.14757 -0.555353 128 128 128
0.730142 2.11768 -0.549451 128 128 128
0.753451 2.10128 -0.547397 128 128 128
0.780875 2.0964 -0.548681 128 128 128
0.804092 2.08036 -0.546884 128 128 128
0.816561 2.03806 -0.537646 128 128 128
0.844858 2.03591 -0.539955 128 128 128
0.860586 2.0041 -0.533796 128 128 128
0.885509 1.99427 -0.534053 128 128 128
0.906677 1.97623 -0.532 128 128 128
0.916321 1.93441 -0.523018 128 128 128
0.938712 1.92042 -0.522248 128 128 128
0.960461 1.9053 -0.521222 128 128 128
0.977061 1.88052 -0.517372 128 128 128
1.0019 1.87179 -0.518399 128 128 128
1.02151 1.85344 -0.516602 128 128 128
1.04466 1.8416 -0.516859 128 128 128
1.06131 1.81864 -0.513779 128 128 128
1.07557 1.79224 -0.509673 128 128 128
1.09952 1.78219 -0.5107 128 128 128
1.12234 1.77019 -0.511213 128 128 128
1.13234 1.73849 -0.505567 128 128 128
1.13527 1.69719 -0.496842 128 128 128
0.81248 1.18507 -0.336194 128 128 128
0.830871 1.18054 -0.33799 128 128 128
0.858362 1.18823 -0.343892 128 128 128
0.866524 1.16909 -0.34107 128 128 128
0.87376 1.14915 -0.33799 128 128 128
0.887796 1.13835 -0.33799 128 128 128
0.899881 1.12511 -0.33722 128 128 128
0.910545 1.11025 -0.335937 128 128 128
0.912867 1.08571 -0.331318 128 128 128
1.21925 1.41254 -0.450136 128 128 128
1.32895 1.50151 -0.48709 128 128 128
1.3258 1.46151 -0.478622 128 128 128
1.34561 1.44725 -0.479391 128 128 128
1.36193 1.42923 -0.478878 128 128 128
1.35365 1.38619 -0.469126 128 128 128
1.39112 1.38992 -0.476825 128 128 128
1.39628 1.3613 -0.472462 128 128 128
1.40797 1.33941 -0.470666 128 128 128
1.42075 1.31875 -0.469383 128 128 128
1.42606 1.29151 -0.465534 128 128 128
1.4418 1.27391 -0.465534 128 128 128
1.44926 1.2492 -0.462711 128 128 128
1.46151 1.22884 -0.461684 128 128 128
1.47274 1.20775 -0.460401 128 128 128
1.06706 0.854847 -0.317717 128 128 128
1.04465 0.8162 -0.306682 128 128 128
1.07539 0.819069 -0.31361 128 128 128
1.51779 1.12485 -0.456295 128 128 128
1.53147 1.10614 -0.456295 128 128 128
1.53543 1.08061 -0.453215 128 128 128
1.55576 1.06659 -0.455525 128 128 128
1.55908 1.041 -0.452446 128 128 128
1.57498 1.02389 -0.453472 128 128 128
1.5678 0.992123 -0.447313 128 128 128
1.58315 0.974829 -0.44834 128 128 128
1.59582 0.955823 -0.448596 128 128 128
1.60743 0.936168 -0.448596 128 128 128
1.61712 0.915423 -0.448083 128 128 128
1.62229 0.892262 -0.446287 128 128 128
1.63056 0.870926 -0.445517 128 128 128
1.64628 0.853509 -0.447056 128 128 128
1.64885 0.829351 -0.444747 128 128 128
1.65629 0.807789 -0.443977 128 128 128
1.66433 0.786581 -0.443464 128 128 128
1.67914 0.7685 -0.445003 128 128 128
1.6849 0.746278 -0.443977 128 128 128
1.67704 0.718353 -0.439101 128 128 128
1.68305 0.696616 -0.438331 128 128 128
1.70584 0.681616 -0.442437 128 128 128
1.70325 0.656484 -0.439358 128 128 128
1.70573 0.633526 -0.437818 128 128 128
1.71156 0.6119 -0.437305 128 128 128
1.71162 0.588353 -0.435252 128 128 128
1.71779 0.567004 -0.434995 128 128 128
1.7237 0.545592 -0.434738 128 128 128
1.71545 0.519946 -0.430632 128 128 128
1.73099 0.501524 -0.433199 128 128 128
1.73702 0.480245 -0.433199 128 128 128
1.74278 0.458893 -0.433199 128 128 128
1.74641 0.437007 -0.432685 128 128 128
1.74505 0.413996 -0.430889 128 128 128
1.73962 0.390246 -0.428066 128 128 128
1.74901 0.369858 -0.429349 128 128 128
1.74772 0.34725 -0.427809 128 128 128
1.75851 0.326999 -0.429606 128 128 128
1.75191 0.303603 -0.426783 128 128 128
1.75264 0.281628 -0.426013 128 128 128
1.75883 0.260517 -0.426783 128 128 128
1.75615 0.238148 -0.425243 128 128 128
1.76278 0.217043 -0.42627 128 128 128
1.75954 0.19477 -0.42473 128 128 128
1.76084 0.173071 -0.424473 128 128 128
1.7609 0.151288 -0.42396 128 128 128
1.76263 0.129668 -0.42396 128 128 128
1.76602 0.108142 -0.424473 128 128 128
1.76431 0.0863269 -0.423703 128 128 128
1.75558 0.0643379 -0.421137 128 128 128
1.75914 0.0428533 -0.421907 128 128 128
1.76436 0.02131 -0.42319 128 128 128
1.76546 -0.000345415 -0.423447 128 128 128
1.76725 -0.0220388 -0.42396 128 128 128
1.77265 -0.0438808 -0.4255 128 128 128
1.76618 -0.0654027 -0.42396 128 128 128
1.7527 -0.0864238 -0.420624 128 128 128
1.76115 -0.108542 -0.42319 128 128 128
1.76065 -0.13022 -0.423447 128 128 128
1.76277 -0.152157 -0.424473 128 128 128
1.75308 -0.173 -0.42242 128 128 128
1.76042 -0.195589 -0.424987 128 128 128
1.75406 -0.216695 -0.42396 128 128 128
1.75222 -0.238336 -0.424217 128 128 128
1.75394 -0.260542 -0.4255 128 128 128
1.74489 -0.28111 -0.42396 128 128 128
1.74226 -0.302669 -0.424217 128 128 128
1.73462 -0.323309 -0.42319 128 128 128
1.74189 -0.346863 -0.42627 128 128 128
1.729 -0.366389 -0.42396 128 128 128
1.72908 -0.38865 -0.425243 128 128 128
1.727 -0.410516 -0.426013 128 128 128
1.71528 -0.430018 -0.424217 128 128 128
1.71454 -0.452278 -0.4255 128 128 128
1.7191 -0.476145 -0.428323 128 128 128
1.71127 -0.496662 -0.427809 128 128 128
1.70412 -0.517342 -0.427553 128 128 128
1.70962 -0.542039 -0.430889 128 128 128
1.69825 -0.561451 -0.429606 128 128 128
1.69032 -0.581932 -0.429349 128 128 128
1.6776 -0.600664 -0.427809 128 128 128
1.6701 -0.621205 -0.427809 128 128 128
1.67947 -0.648305 -0.432685 128 128 128
1.6669 -0.66706 -0.431402 128 128 128
1.66573 -0.690442 -0.433455 128 128 128
1.64382 -0.705086 -0.429606 128 128 128
1.6474 -0.730719 -0.433199 128 128 128
1.63831 -0.75088 -0.433199 128 128 128
1.62897 -0.770928 -0.433199 128 128 128
1.63327 -0.797677 -0.437305 128 128 128
1.61732 -0.814603 -0.435508 128 128 128
1.62691 -0.844676 -0.441411 128 128 128
1.60535 -0.858626 -0.438074 128 128 128
1.5947 -0.878262 -0.438074 128 128 128
1.57792 -0.894415 -0.436278 128 128 128
1.57433 -0.91811 -0.438588 128 128 128
1.56543 -0.938858 -0.439358 128 128 128
1.55625 -0.959524 -0.440127 128 128 128
1.54192 -0.976992 -0.439358 128 128 128
1.54437 -1.00536 -0.443977 128 128 128
1.52871 -1.02208 -0.44295 128 128 128
1.52003 -1.04351 -0.444234 128 128 128
1.50868 -1.0632 -0.444747 128 128 128
1.49787 -1.08334 -0.445517 128 128 128
1.48524 -1.10222 -0.445773 128 128 128
1.47544 -1.1233 -0.447056 128 128 128
1.46458 -1.1437 -0.448083 128 128 128
1.4542 -1.16462 -0.449366 128 128 128
1.43682 -1.17992 -0.44834 128 128 128
1.42888 -1.20308 -0.450649 128 128 128
1.41254 -1.21925 -0.450136 128 128 128
1.40398 -1.24228 -0.452446 128 128 128
1.38791 -1.25876 -0.452189 128 128 128
1.37731 -1.28031 -0.453985 128 128 128
1.36987 -1.30514 -0.457065 128 128 128
1.34754 -1.31576 -0.454755 128 128 128
1.33947 -1.34042 -0.457835 128 128 128
1.32292 -1.35675 -0.457835 128 128 128
1.30485 -1.37148 -0.457322 128 128 128
1.29251 -1.39236 -0.459118 128 128 128
1.27403 -1.40668 -0.458605 128 128 128
1.26433 -1.43092 -0.461684 128 128 128
1.25423 -1.45513 -0.464764 128 128 128
1.23752 -1.47189 -0.465277 128 128 128
1.23587 -1.50718 -0.472206 128 128 128
1.21548 -1.51996 -0.471436 128 128 128
1.20088 -1.54011 -0.473232 128 128 128
1.18598 -1.56012 -0.475029 128 128 128
1.17191 -1.58156 -0.477338 128 128 128
1.15862 -1.60445 -0.480161 128 128 128
1.13551 -1.6138 -0.478622 128 128 128
1.12979 -1.64837 -0.485294 128 128 128
1.10733 -1.65889 -0.484267 128 128 128
1.09319 -1.68209 -0.487347 128 128 128
1.07093 -1.69293 -0.486577 128 128 128
1.05714 -1.71748 -0.49017 128 128 128
1.05083 -1.75523 -0.497869 128 128 128
1.02873 -1.76716 -0.497612 128 128 128
1.00981 -1.7847 -0.499152 128 128 128
0.990151 -1.8012 -0.500435 128 128 128
0.968426 -1.81407 -0.500691 128 128 128
0.953623 -1.84042 -0.505054 128 128 128
0.931399 -1.85285 -0.505311 128 128 128
0.911965 -1.87109 -0.507364 128 128 128
0.89058 -1.88564 -0.50839 128 128 128
0.763965 -1.98396 -0.519169 128 128 128
0.740565 -1.9959 -0.519938 128 128 128
0.71828 -2.01122 -0.521735 128 128 128
0.692609 -2.01714 -0.520965 128 128 128
0.671414 -2.0365 -0.524044 128 128 128
0.649558 -2.05473 -0.526867 128 128 128
0.62986 -2.08106 -0.532 128 128 128
0.59867 -2.06913 -0.526611 128 128 128
0.597247 -2.16394 -0.550734 128 128 128
0.566499 -2.15521 -0.546371 128 128 128
0.537683 -2.15261 -0.543805 128 128 128
0.514321 -2.17222 -0.547397 128 128 128
0.489092 -2.18498 -0.549194 128 128 128
0.465605 -2.2069 -0.553557 128 128 128
0.440163 -2.22098 -0.555866 128 128 128
0.41497 -2.23762 -0.558946 128 128 128
0.389108 -2.25207 -0.561512 128 128 128
0.362954 -2.26622 -0.564078 128 128 128
0.337627 -2.28772 -0.568698 128 128 128
0.309655 -2.29265 -0.568954 128 128 128
0.282657 -2.30587 -0.57152 128 128 128
0.254964 -2.31493 -0.57306 128 128 128
0.226721 -2.31981 -0.573573 128 128 128
0.198881 -2.33013 -0.575626 128 128 128
0.171234 -2.34589 -0.579219 128 128 128
0.142888 -2.35553 -0.581272 128 128 128
0.114241 -2.3629 -0.582812 128 128 128
0.0858335 -2.38151 -0.587431 128 128 128
0.0569859 -2.39978 -0.592051 128 128 128
0.0277313 -2.42059 -0.59744 128 128 128
-0.00200404 -2.43235 -0.600519 128 128 128
-0.0320522 -2.44567 -0.604112 128 128 128
-0.062506 -2.46152 -0.608475 128 128 128
-0.0933155 -2.47602 -0.612581 128 128 128
-0.124092 -2.48241 -0.614634 128 128 128
-0.15621 -2.50674 -0.621563 128 128 128
-0.187254 -2.50849 -0.622589 128 128 128
-0.220327 -2.532 -0.629518 128 128 128
-0.250799 -2.52333 -0.627978 128 128 128
-0.284359 -2.54311 -0.634137 128 128 128
-0.315787 -2.54135 -0.634651 128 128 128
-0.347877 -2.54398 -0.636447 128 128 128
-0.381232 -2.55386 -0.640296 128 128 128
-0.415038 -2.56425 -0.644402 128 128 128
-0.446138 -2.55706 -0.643889 128 128 128
-0.483579 -2.58368 -0.652614 128 128 128
-0.518876 -2.59556 -0.65749 128 128 128
-0.553929 -2.60412 -0.661596 128 128 128
-0.589483 -2.61314 -0.665959 128 128 128
-0.619475 -2.59726 -0.663649 128 128 128
-0.658179 -2.61663 -0.671092 128 128 128
-0.692975 -2.61863 -0.673914 128 128 128
-0.566658 -2.04304 -0.517629 128 128 128
-0.590601 -2.03222 -0.516602 128 128 128
-0.613232 -2.01743 -0.514549 128 128 128
-0.646768 -2.03737 -0.522248 128 128 128
-0.873629 -2.6354 -0.691878 128 128 128
-0.909387 -2.63452 -0.694701 128 128 128
-0.947222 -2.63862 -0.699064 128 128 128
-0.980209 -2.62861 -0.699577 128 128 128
-1.01869 -2.6326 -0.704196 128 128 128
-1.05526 -2.63066 -0.707276 128 128 128
-1.09564 -2.63713 -0.712922 128 128 128
-1.13022 -2.62881 -0.714462 128 128 128
-1.17067 -2.63328 -0.719851 128 128 128
-1.2122 -2.6389 -0.725753 128 128 128
-1.25571 -2.64739 -0.732682 128 128 128
-1.29236 -2.64046 -0.735248 128 128 128
-1.32511 -2.62526 -0.735505 128 128 128
-1.3693 -2.63194 -0.742434 128 128 128
-1.48199 -2.60915 -0.751416 128 128 128
-1.52367 -2.60744 -0.756548 128 128 128
-1.55905 -2.59434 -0.758345 128 128 128
-1.59738 -2.58569 -0.761681 128 128 128
-1.62692 -2.56263 -0.760654 128 128 128
-1.67041 -2.56108 -0.766557 128 128 128
-2.42647 -2.24837 -0.833023 128 128 128
-2.59559 -2.23307 -0.863818 128 128 128
-2.64207 -2.21718 -0.870491 128 128 128
-2.67881 -2.19254 -0.873827 128 128 128
-2.71081 -2.16371 -0.875623 128 128 128
-2.74631 -2.1374 -0.878703 128 128 128
-3.44137 -1.46947 -0.948248 128 128 128
-3.45288 -1.42455 -0.946452 128 128 128
-3.46741 -1.381 -0.945682 128 128 128
-3.515 1.50334 -1.0754 128 128 128
-3.50594 1.55063 -1.0785 128 128 128
-3.44737 1.5756 -1.06583 128 128 128
-3.01163 2.06265 -1.02473 128 128 128
-2.95704 2.07904 -1.01432 128 128 128
-2.77 2.21335 -0.994048 128 128 128
-2.72407 2.23198 -0.987011 128 128 128
-2.70088 2.26894 -0.9887 128 128 128
-2.56002 2.31662 -0.966742 128 128 128
-2.54196 2.35764 -0.970965 128 128 128
-2.50379 2.38007 -0.967305 128 128 128
-2.4689 2.40526 -0.965053 128 128 128
-1.41042 2.71357 -0.851044 128 128 128
-1.36404 2.70497 -0.842599 128 128 128
-1.33665 2.73357 -0.84654 128 128 128
-1.29272 2.7281 -0.839502 128 128 128
-1.25233 2.72893 -0.834717 128 128 128
-1.21641 2.73883 -0.833028 128 128 128
-1.17778 2.74209 -0.829368 128 128 128
-1.13778 2.74128 -0.824583 128 128 128
-1.10227 2.75058 -0.823175 128 128 128
-1.06185 2.7469 -0.817827 128 128 128
-1.02035 2.73904 -0.811352 128 128 128
-0.983743 2.74323 -0.808818 128 128 128
-0.944681 2.73968 -0.804033 128 128 128
-0.900719 2.7201 -0.794462 128 128 128
-0.865526 2.72546 -0.792773 128 128 128
-0.827262 2.72027 -0.787987 128 128 128
-0.790061 2.71732 -0.784046 128 128 128
-0.751515 2.70832 -0.778416 128 128 128
-0.71675 2.71177 -0.776727 128 128 128
-0.678499 2.70082 -0.770815 128 128 128
-0.643968 2.70335 -0.769126 128 128 128
-0.608209 2.69981 -0.765748 128 128 128
-0.573233 2.69863 -0.763215 128 128 128
-0.538944 2.69981 -0.761526 128 128 128
-0.503298 2.69302 -0.757585 128 128 128
-0.467075 2.68103 -0.752236 128 128 128
-0.431068 2.66762 -0.746606 128 128 128
-0.397732 2.66891 -0.74548 128 128 128
-0.363648 2.66409 -0.742665 128 128 128
-0.329031 2.65311 -0.738161 128 128 128
-0.294524 2.63979 -0.733094 128 128 128
-0.260014 2.6222 -0.726901 128 128 128
-0.226648 2.61181 -0.72296 128 128 128
-0.193074 2.5943 -0.717048 128 128 128
-0.160324 2.5821 -0.712825 128 128 128
-0.127998 2.57142 -0.709166 128 128 128
-0.0959233 2.55937 -0.705225 128 128 128
-0.0643605 2.5546 -0.703536 128 128 128
-0.0328519 2.54368 -0.700158 128 128 128
-0.00162775 2.53814 -0.698469 128 128 128
0.0293915 2.52645 -0.695091 128 128 128
0.0603255 2.52302 -0.694246 128 128 128
0.0907695 2.50771 -0.690024 128 128 128
0.120801 2.49107 -0.68552 128 128 128
0.150611 2.47695 -0.68186 128 128 128
0.18037 2.4663 -0.679326 128 128 128
0.208673 2.44096 -0.67257 128 128 128
0.238612 2.43821 -0.67257 128 128 128
0.265689 2.40935 -0.66497 128 128 128
0.294072 2.39638 -0.662155 128 128 128
0.322049 2.38213 -0.659058 128 128 128
0.349441 2.36566 -0.655399 128 128 128
0.376781 2.35077 -0.652302 128 128 128
0.403319 2.33273 -0.648361 128 128 128
0.428773 2.31062 -0.643294 128 128 128
0.455421 2.29671 -0.64076 128 128 128
0.481792 2.2825 -0.638227 128 128 128
0.508929 2.27267 -0.637101 128 128 128
0.535236 2.25972 -0.63513 128 128 128
0.560141 2.2418 -0.631752 128 128 128
0.587122 2.23291 -0.631189 128 128 128
0.612186 2.21721 -0.628656 128 128 128
0.63642 2.19939 -0.625559 128 128 128
0.657258 2.1712 -0.619366 128 128 128
0.682986 2.16023 -0.618522 128 128 128
0.708844 2.14986 -0.617959 128 128 128
0.731129 2.1292 -0.614299 128 128 128
0.755269 2.11464 -0.61261 128 128 128
0.775497 2.08992 -0.607824 128 128 128
0.799363 2.07577 -0.606417 128 128 128
0.81625 2.04441 -0.599661 128 128 128
0.839446 2.0298 -0.598253 128 128 128
0.857505 2.00347 -0.593186 128 128 128
0.880475 1.98928 -0.59206 128 128 128
0.899639 1.96698 -0.588401 128 128 128
0.91757 1.94277 -0.584178 128 128 128
0.938823 1.92619 -0.582489 128 128 128
0.955072 1.89994 -0.577703 128 128 128
0.975229 1.88212 -0.575733 128 128 128
0.992836 1.85984 -0.572355 128 128 128
1.01558 1.84752 -0.572355 128 128 128
1.03676 1.83241 -0.57151 128 128 128
1.05194 1.80711 -0.567288 128 128 128
1.07404 1.79406 -0.567288 128 128 128
1.09547 1.77993 -0.567006 128 128 128
1.11313 1.75986 -0.564754 128 128 128
1.12681 1.734 -0.560532 128 128 128
0.811142 1.21461 -0.38234 128 128 128
0.816232 1.19031 -0.377272 128 128 128
0.848428 1.20533 -0.386281 128 128 128
0.959119 1.32792 -0.434418 128 128 128
1.21732 1.64312 -0.553776 128 128 128
1.22695 1.6143 -0.548709 128 128 128
1.25551 1.61048 -0.552931 128 128 128
1.27099 1.5897 -0.550961 128 128 128
1.28675 1.56953 -0.549272 128 128 128
1.032 1.22731 -0.424284 128 128 128
0.924305 1.07199 -0.369109 128 128 128
0.932947 1.05553 -0.367138 128 128 128
0.941969 1.03973 -0.365449 128 128 128
0.950743 1.02387 -0.36376 128 128 128
0.961254 1.01004 -0.362916 128 128 128
0.97023 0.994733 -0.361508 128 128 128
0.977619 0.977997 -0.359538 128 128 128
0.985431 0.9619 -0.357849 128 128 128
0.996467 0.949073 -0.357567 128 128 128
1.00804 0.936773 -0.357567 128 128 128
1.17855 1.06887 -0.420624 128 128 128
1.42065 1.25736 -0.510424 128 128 128
1.45775 1.25866 -0.518869 128 128 128
1.46208 1.23139 -0.514647 128 128 128
1.46448 1.203 -0.509861 128 128 128
1.03455 0.828254 -0.342647 128 128 128
1.03859 0.810766 -0.340395 128 128 128
1.26209 0.960898 -0.419217 128 128 128
1.51097 1.12167 -0.50592 128 128 128
1.52306 1.10192 -0.505357 128 128 128
1.53804 1.08425 -0.50592 128 128 128
1.5449 1.06095 -0.503668 128 128 128
1.55701 1.04138 -0.503386 128 128 128
1.56405 1.01852 -0.501416 128 128 128
1.57643 0.999251 -0.501416 128 128 128
1.58204 0.975796 -0.499164 128 128 128
1.59965 0.959769 -0.501134 128 128 128
1.59888 0.932804 -0.496912 128 128 128
1.60771 0.911691 -0.496067 128 128 128
1.61625 0.890503 -0.495223 128 128 128
1.62537 0.869695 -0.49466 128 128 128
1.63762 0.850569 -0.495223 128 128 128
1.64708 0.829977 -0.494941 128 128 128
1.65455 0.808437 -0.494097 128 128 128
1.66088 0.786427 -0.492971 128 128 128
1.6582 0.760377 -0.48903 128 128 128
1.67267 0.742311 -0.490719 128 128 128
1.68077 0.721349 -0.490437 128 128 128
1.68418 0.69846 -0.488748 128 128 128
1.69351 0.678097 -0.48903 128 128 128
1.69186 0.653454 -0.485933 128 128 128
1.70335 0.633984 -0.487059 128 128 128
1.71462 0.614331 -0.488185 128 128 128
1.71296 0.590112 -0.48537 128 128 128
1.71825 0.568443 -0.484807 128 128 128
1.72601 0.547605 -0.485089 128 128 128
1.73535 0.527222 -0.485933 128 128 128
1.72511 0.501057 -0.480866 128 128 128
1.7413 0.482676 -0.483963 128 128 128
1.74801 0.461517 -0.484244 128 128 128
1.7461 0.438158 -0.481992 128 128 128
1.74948 0.416252 -0.481429 128 128 128
1.75539 0.394963 -0.481711 128 128 128
1.74509 0.370194 -0.477206 128 128 128
1.74856 0.348563 -0.476925 128 128 128
1.75648 0.327786 -0.478051 128 128 128
1.76321 0.306702 -0.478895 128 128 128
1.76115 0.284121 -0.477206 128 128 128
1.76736 0.262913 -0.478051 128 128 128
1.75714 0.239382 -0.47411 128 128 128
1.77042 0.219105 -0.477206 128 128 128
1.75867 0.19576 -0.472984 128 128 128
1.7724 0.175305 -0.476362 128 128 128
1.76294 0.152541 -0.472984 128 128 128
1.76564 0.130967 -0.473265 128 128 128
1.76424 0.10911 -0.472421 128 128 128
1.76353 0.0873553 -0.471858 128 128 128
1.76351 0.0656711 -0.471576 128 128 128
1.77186 0.0442226 -0.473828 128 128 128
1.77131 0.0224629 -0.473547 128 128 128
1.76953 0.000722256 -0.472984 128 128 128
1.76749 -0.0209714 -0.472421 128 128 128
1.7671 -0.0426596 -0.472421 128 128 128
1.7674 -0.0643756 -0.472702 128 128 128
1.75881 -0.0856918 -0.47045 128 128 128
1.7605 -0.107442 -0.471295 128 128 128
1.7667 -0.129593 -0.473547 128 128 128
1.7602 -0.150858 -0.472139 128 128 128
1.75249 -0.171889 -0.47045 128 128 128
1.75025 -0.193382 -0.47045 128 128 128
1.75727 -0.216009 -0.473265 128 128 128
1.74687 -0.236533 -0.471013 128 128 128
1.75143 -0.259069 -0.473265 128 128 128
1.74718 -0.280391 -0.472984 128 128 128
1.73698 -0.30067 -0.471013 128 128 128
1.74449 -0.324057 -0.474391 128 128 128
1.73567 -0.34451 -0.472984 128 128 128
1.73601 -0.366772 -0.474391 128 128 128
1.72669 -0.387002 -0.472984 128 128 128
1.72182 -0.408162 -0.472984 128 128 128
1.71388 -0.428564 -0.472139 128 128 128
1.71314 -0.450781 -0.473547 128 128 128
1.7084 -0.472025 -0.473828 128 128 128
1.70432 -0.493487 -0.474391 128 128 128
1.70181 -0.515474 -0.475517 128 128 128
1.69627 -0.536608 -0.475799 128 128 128
1.69503 -0.559183 -0.477488 128 128 128
1.68713 -0.57963 -0.477206 128 128 128
1.69797 -0.606734 -0.482837 128 128 128
1.6778 -0.62286 -0.478895 128 128 128
1.67719 -0.646156 -0.481148 128 128 128
1.66468 -0.664913 -0.47974 128 128 128
1.65817 -0.686023 -0.480303 128 128 128
1.65492 -0.708582 -0.481992 128 128 128
1.64786 -0.729613 -0.482555 128 128 128
1.63442 -0.747787 -0.481148 128 128 128
1.63293 -0.771471 -0.483681 128 128 128
1.6311 -0.79523 -0.486215 128 128 128
1.61693 -0.813034 -0.484807 128 128 128
1.61706 -0.838106 -0.488185 128 128 128
1.61258 -0.861046 -0.490156 128 128 128
1.59012 -0.874306 -0.486215 128 128 128
1.58261 -0.895642 -0.487341 128 128 128
1.5798 -0.919817 -0.490156 128 128 128
1.5651 -0.937165 -0.48903 128 128 128
1.56411 -0.962832 -0.492689 128 128 128
1.54812 -0.979391 -0.491282 128 128 128
1.53679 -0.998838 -0.491563 128 128 128
1.5292 -1.02081 -0.493252 128 128 128
1.51181 -1.03625 -0.491563 128 128 128
1.49976 -1.05528 -0.491845 128 128 128
1.4976 -1.08146 -0.495786 128 128 128
1.48421 -1.09976 -0.495786 128 128 128
1.46831 -1.11615 -0.494941 128 128 128
1.45905 -1.13762 -0.49663 128 128 128
1.44948 -1.15903 -0.498319 128 128 128
1.43737 -1.17855 -0.499164 128 128 128
1.42721 -1.1998 -0.500853 128 128 128
1.41238 -1.21723 -0.500853 128 128 128
1.40166 -1.23828 -0.502542 128 128 128
1.38422 -1.25345 -0.501697 128 128 128
1.37859 -1.27948 -0.505638 128 128 128
1.35861 -1.29233 -0.503949 128 128 128
1.35021 -1.31627 -0.507046 128 128 128
1.33396 -1.33274 -0.507046 128 128 128
1.31951 -1.35107 -0.50789 128 128 128
1.30217 -1.36646 -0.507609 128 128 128
1.30492 -1.40341 -0.516054 128 128 128
1.28179 -1.41292 -0.513521 128 128 128
1.27009 -1.43501 -0.516054 128 128 128
1.26556 -1.46573 -0.521966 128 128 128
1.24439 -1.47748 -0.520558 128 128 128
1.23104 -1.49857 -0.52281 128 128 128
1.22276 -1.52629 -0.527596 128 128 128
1.20394 -1.54118 -0.527596 128 128 128
1.18785 -1.55965 -0.529003 128 128 128
1.1732 -1.58027 -0.531255 128 128 128
1.15935 -1.60232 -0.53407 128 128 128
1.14403 -1.6227 -0.536322 128 128 128
1.12457 -1.6374 -0.536604 128 128 128
1.10546 -1.65268 -0.537167 128 128 128
1.10344 -1.69425 -0.54702 128 128 128
1.07434 -1.6947 -0.542515 128 128 128
1.06305 -1.72327 -0.547864 128 128 128
1.04577 -1.74276 -0.550116 128 128 128
1.02915 -1.76375 -0.552931 128 128 128
1.0098 -1.78042 -0.554339 128 128 128
0.989729 -1.79603 -0.555465 128 128 128
0.973961 -1.81988 -0.559406 128 128 128
0.94934 -1.82744 -0.557998 128 128 128
0.932032 -1.84923 -0.561376 128 128 128
0.909269 -1.86053 -0.561376 128 128 128
0.763607 -1.97643 -0.575451 128 128 128
0.740973 -1.99014 -0.576859 128 128 128
0.718765 -2.00541 -0.578829 128 128 128
0.695668 -2.01861 -0.580237 128 128 128
0.678698 -2.05068 -0.587556 128 128 128
0.654064 -2.06068 -0.588119 128 128 128
0.62621 -2.06029 -0.585586 128 128 128
0.616712 -2.12218 -0.602194 128 128 128
0.58831 -2.12126 -0.599661 128 128 128
0.568376 -2.15151 -0.606698 128 128 128
0.540525 -2.15274 -0.605009 128 128 128
0.518078 -2.17601 -0.610076 128 128 128
0.494294 -2.19531 -0.614018 128 128 128
0.468516 -2.20684 -0.615707 128 128 128
0.444413 -2.22748 -0.620211 128 128 128
0.419342 -2.24503 -0.62387 128 128 128
0.391431 -2.24811 -0.623307 128 128 128
0.367652 -2.27643 -0.630345 128 128 128
0.339263 -2.27792 -0.6295 128 128 128
0.311545 -2.28381 -0.630063 128 128 128
0.285867 -2.30651 -0.635693 128 128 128
0.257434 -2.30889 -0.635412 128 128 128
0.230699 -2.32811 -0.640197 128 128 128
0.201778 -2.32694 -0.639071 128 128 128
0.174427 -2.34551 -0.643857 128 128 128
0.146231 -2.35705 -0.646672 128 128 128
0.118115 -2.37496 -0.651458 128 128 128
0.0899457 -2.40212 -0.659058 128 128 128
0.0608808 -2.41935 -0.663844 128 128 128
0.0313549 -2.43239 -0.667503 128 128 128
0.0015181 -2.44506 -0.671163 128 128 128
-0.0285931 -2.45449 -0.673978 128 128 128
-0.0590252 -2.46739 -0.677919 128 128 128
-0.0908721 -2.51059 -0.690868 128 128 128
-0.121352 -2.50257 -0.688898 128 128 128
-0.152573 -2.50952 -0.691431 128 128 128
-0.18426 -2.5199 -0.695091 128 128 128
-0.215494 -2.52127 -0.696217 128 128 128
-0.24744 -2.52894 -0.699313 128 128 128
-0.279606 -2.53621 -0.70241 128 128 128
-0.31257 -2.54782 -0.706914 128 128 128
-0.344068 -2.5457 -0.707477 128 128 128
-0.37626 -2.54793 -0.709447 128 128 128
-0.407952 -2.54596 -0.710292 128 128 128
-0.444867 -2.57386 -0.720145 128 128 128
-0.476768 -2.5701 -0.720708 128 128 128
-0.51497 -2.59794 -0.730842 128 128 128
-0.547998 -2.59706 -0.732531 128 128 128
-0.585892 -2.6173 -0.740694 128 128 128
-0.61951 -2.61645 -0.742665 128 128 128
-0.653892 -2.61796 -0.74548 128 128 128
-0.691569 -2.63109 -0.751955 128 128 128
-0.727372 -2.63535 -0.755896 128 128 128
-0.584251 -2.01869 -0.570384 128 128 128
-0.619523 -2.04628 -0.581082 128 128 128
-0.642855 -2.03303 -0.579392 128 128 128
-0.869003 -2.63659 -0.768282 128 128 128
-0.904404 -2.63481 -0.771097 128 128 128
-0.941179 -2.63616 -0.775038 128 128 128
-0.976458 -2.63252 -0.777571 128 128 128
-1.01592 -2.63914 -0.783483 128 128 128
-1.05995 -2.65589 -0.792773 128 128 128
-2.19885 -2.42977 -0.915227 128 128 128
-2.25133 -2.42724 -0.92508 128 128 128
-2.40285 -2.40659 -0.951541 128 128 128
-2.42191 -2.36685 -0.947318 128 128 128
-2.57534 -2.28081 -0.963083 128 128 128
-2.60386 -2.24966 -0.963364 128 128 128
-2.64447 -2.22867 -0.968431 128 128 128
-2.68793 -2.20947 -0.974624 128 128 128
-1.12598 -0.532663 -0.319283 128 128 128
-1.04349 -0.477942 -0.290569 128 128 128
-3.43324 -1.5252 -1.05598 128 128 128
-3.4614 -1.48713 -1.05908 128 128 128
-3.49799 -1.45227 -1.06499 128 128 128
-3.5599 1.48781 -1.18459 128 128 128
-3.51428 1.51963 -1.17517 128 128 128
-3.4719 1.55212 -1.16696 128 128 128
-3.45519 1.59581 -1.16787 128 128 128
-3.42589 1.63357 -1.16452 128 128 128
-2.79414 2.25049 -1.09825 128 128 128
-2.73696 2.26031 -1.08608 128 128 128
-2.68941 2.27708 -1.07787 128 128 128
-2.64545 2.29615 -1.07119 128 128 128
-2.48974 2.38493 -1.05355 128 128 128
-2.45893 2.41396 -1.05294 128 128 128
-2.41771 2.43246 -1.04778 128 128 128
-2.39961 2.47427 -1.05325 128 128 128
-2.26234 2.51131 -1.03197 128 128 128
-2.24014 2.54891 -1.03622 128 128 128
-2.07025 2.53801 -0.998522 128 128 128
-2.04369 2.56919 -1.00095 128 128 128
-1.99452 2.57147 -0.991834 128 128 128
-1.96109 2.59347 -0.990922 128 128 128
-1.91049 2.59201 -0.980888 128 128 128
-1.45585 2.66326 -0.921906 128 128 128
-1.40791 2.6523 -0.911569 128 128 128
-1.34393 2.60835 -0.889679 128 128 128
-1.24418 2.65001 -0.88755 128 128 128
-1.1325 2.75636 -0.904272 128 128 128
-1.09264 2.75499 -0.899104 128 128 128
-1.04519 2.73258 -0.886942 128 128 128
-1.006 2.73 -0.881774 128 128 128
-0.969882 2.73495 -0.879341 128 128 128
-0.928901 2.72499 -0.872045 128 128 128
-0.890966 2.7226 -0.867484 128 128 128
-0.852947 2.71878 -0.86262 128 128 128
-0.811884 2.70348 -0.854107 128 128 128
-0.774464 2.69858 -0.849242 128 128 128
-0.736035 2.68858 -0.842857 128 128 128
-0.70227 2.69464 -0.841945 128 128 128
-0.668012 2.69843 -0.840425 128 128 128
-0.633767 2.70179 -0.838905 128 128 128
-0.597082 2.69355 -0.833736 128 128 128
-0.563404 2.69787 -0.832824 128 128 128
-0.527707 2.69149 -0.828568 128 128 128
-0.493446 2.6912 -0.82644 128 128 128
-0.455617 2.66888 -0.817319 128 128 128
-0.422242 2.6705 -0.816103 128 128 128
-0.38713 2.65945 -0.810934 128 128 128
-0.353969 2.66022 -0.809718 128 128 128
-0.319946 2.65302 -0.806069 128 128 128
-0.284436 2.62927 -0.797253 128 128 128
-0.250094 2.61075 -0.79026 128 128 128
-0.217882 2.61172 -0.789652 128 128 128
-0.1839 2.58664 -0.780835 128 128 128
-0.151056 2.56968 -0.774754 128 128 128
-0.118998 2.55992 -0.771106 128 128 128
-0.0875754 2.56119 -0.771106 128 128 128
-0.0557908 2.54492 -0.765633 128 128 128
-0.0244876 2.53684 -0.762897 128 128 128
0.00660896 2.52838 -0.760161 128 128 128
0.0373997 2.51382 -0.7556 128 128 128
0.0680535 2.50651 -0.753472 128 128 128
0.0984161 2.49596 -0.750431 128 128 128
0.127921 2.47364 -0.743743 128 128 128
0.158079 2.46903 -0.742831 128 128 128
0.187032 2.44981 -0.737358 128 128 128
0.216652 2.44258 -0.735838 128 128 128
0.243689 2.41131 -0.726717 128 128 128
0.272716 2.40341 -0.725197 128 128 128
0.299897 2.38193 -0.71942 128 128 128
0.327386 2.3658 -0.715468 128 128 128
0.355099 2.35313 -0.712731 128 128 128
0.382707 2.34108 -0.710299 128 128 128
0.406401 2.30806 -0.701178 128 128 128
0.434872 2.30384 -0.701482 128 128 128
0.458746 2.27686 -0.694489 128 128 128
0.485847 2.26733 -0.693273 128 128 128
0.512145 2.2547 -0.691145 128 128 128
0.537311 2.23806 -0.687801 128 128 128
0.563087 2.22484 -0.685672 128 128 128
0.587633 2.20764 -0.682328 128 128 128
0.613648 2.19659 -0.681112 128 128 128
0.636788 2.1761 -0.676855 128 128 128
0.662323 2.16448 -0.675639 128 128 128
0.688252 2.15438 -0.675031 128 128 128
0.706768 2.12228 -0.667126 128 128 128
0.732131 2.11165 -0.666518 128 128 128
0.756041 2.09713 -0.664694 128 128 128
0.776348 2.07343 -0.65983 128 128 128
0.8 2.05931 -0.658309 128 128 128
0.818061 2.03168 -0.652229 128 128 128
0.836302 2.00567 -0.646756 128 128 128
0.863506 2.00138 -0.648884 128 128 128
0.877477 1.96716 -0.640676 128 128 128
0.901151 1.95538 -0.640371 128 128 128
0.91686 1.92698 -0.634291 128 128 128
0.938752 1.91217 -0.633075 128 128 128
0.951348 1.87928 -0.625474 128 128 128
0.976992 1.87252 -0.627298 128 128 128
0.996276 1.85369 -0.624866 128 128 128
1.01293 1.8305 -0.620913 128 128 128
1.03721 1.82124 -0.62213 128 128 128
1.05127 1.79441 -0.616961 128 128 128
1.07074 1.7773 -0.615441 128 128 128
1.09298 1.76484 -0.615745 128 128 128
1.11045 1.74487 -0.613313 128 128 128
0.896999 1.37356 -0.476802 128 128 128
0.796611 1.18868 -0.409914 128 128 128
0.808427 1.1749 -0.408394 128 128 128
0.850927 1.20449 -0.4239 128 128 128
1.19851 1.6504 -0.604192 128 128 128
1.22096 1.63862 -0.605408 128 128 128
1.23111 1.61067 -0.600239 128 128 128
1.239 1.58047 -0.594158 128 128 128
1.26848 1.57775 -0.599327 128 128 128
1.26952 1.54005 -0.590206 128 128 128
1.29264 1.52944 -0.592334 128 128 128
1.30068 1.50124 -0.587166 128 128 128
1.31583 1.48161 -0.585646 128 128 128
1.33006 1.46113 -0.583821 128 128 128
1.34007 1.43636 -0.580173 128 128 128
1.34242 1.404 -0.57318 128 128 128
1.37224 1.40032 -0.578957 128 128 128
1.37783 1.37197 -0.573788 128 128 128
1.39867 1.35894 -0.575612 128 128 128
1.37852 1.30701 -0.559499 128 128 128
1.05181 0.974385 -0.410827 128 128 128
1.00204 0.906004 -0.384376 128 128 128
1.01022 0.891127 -0.38316 128 128 128
1.01384 0.872472 -0.380119 128 128 128
1.02154 0.857523 -0.378903 128 128 128
1.01795 0.833499 -0.373126 128 128 128
1.02437 0.817984 -0.371606 128 128 128
1.02755 0.800106 -0.36887 128 128 128
1.49593 1.13334 -0.552202 128 128 128
1.50051 1.10812 -0.548554 128 128 128
1.51168 1.08796 -0.547641 128 128 128
1.52569 1.06987 -0.547945 128 128 128
1.53792 1.05054 -0.547641 128 128 128
1.54831 1.03001 -0.546729 128 128 128
1.55683 1.00835 -0.545209 128 128 128
1.56828 0.98866 -0.544905 128 128 128
1.57542 0.966363 -0.543081 128 128 128
1.57815 0.941608 -0.539737 128 128 128
1.59288 0.924076 -0.540953 128 128 128
1.60826 0.906789 -0.542473 128 128 128
1.60923 0.881515 -0.538824 128 128 128
1.6115 0.857246 -0.535784 128 128 128
1.63461 0.843933 -0.540345 128 128 128
1.63205 0.81744 -0.535784 128 128 128
1.64368 0.798179 -0.536392 128 128 128
1.64904 0.77593 -0.534872 128 128 128
1.65583 0.754456 -0.53396 128 128 128
1.66496 0.73408 -0.53396 128 128 128
1.67209 0.712849 -0.533352 128 128 128
1.66661 0.686503 -0.528487 128 128 128
1.67579 0.66635 -0.528791 128 128 128
1.68117 0.644718 -0.527879 128 128 128
1.68717 0.623382 -0.527271 128 128 128
1.692 0.60168 -0.526359 128 128 128
1.70015 0.581177 -0.526663 128 128 128
1.70172 0.5585 -0.524839 128 128 128
1.70845 0.537575 -0.524839 128 128 128
1.71127 0.515479 -0.523623 128 128 128
1.71655 0.494178 -0.523319 128 128 128
1.71329 0.470575 -0.520278 128 128 128
1.72078 0.449992 -0.520886 128 128 128
1.72432 0.428387 -0.520278 128 128 128
1.73409 0.408275 -0.521799 128 128 128
1.73152 0.385326 -0.519366 128 128 128
1.73706 0.364242 -0.51967 128 128 128
1.71615 0.337987 -0.511462 128 128 128
1.7436 0.321162 -0.519062 128 128 128
1.74083 0.298629 -0.516934 128 128 128
1.74436 0.277244 -0.516934 128 128 128
1.72689 0.252829 -0.510245 128 128 128
1.74781 0.233979 -0.516022 128 128 128
1.7496 0.2124 -0.515718 128 128 128
1.75208 0.190914 -0.515718 128 128 128
1.7486 0.168863 -0.513894 128 128 128
1.75054 0.147392 -0.513894 128 128 128
1.75222 0.125899 -0.513894 128 128 128
1.74982 0.10417 -0.512678 128 128 128
1.74907 0.0826034 -0.51207 128 128 128
1.749 0.0611024 -0.511765 128 128 128
1.74771 0.0395962 -0.511157 128 128 128
1.75569 0.0182074 -0.51359 128 128 128
1.75101 -0.00331881 -0.51207 128 128 128
1.74798 -0.024759 -0.511157 128 128 128
1.75421 -0.0463995 -0.513286 128 128 128
1.74971 -0.0677665 -0.51207 128 128 128
1.7516 -0.0893853 -0.512982 128 128 128
1.74656 -0.110624 -0.511765 128 128 128
1.75742 -0.133012 -0.515718 128 128 128
1.73289 -0.15251 -0.508421 128 128 128
1.7451 -0.175224 -0.512982 128 128 128
1.73714 -0.195972 -0.511157 128 128 128
1.72893 -0.216551 -0.509333 128 128 128
1.73747 -0.239338 -0.512982 128 128 128
1.7344 -0.260641 -0.512982 128 128 128
1.73295 -0.282216 -0.51359 128 128 128
1.72467 -0.302627 -0.51207 128 128 128
1.72925 -0.325373 -0.514806 128 128 128
1.71952 -0.34543 -0.512982 128 128 128
1.71236 -0.365902 -0.51207 128 128 128
1.72167 -0.390077 -0.51663 128 128 128
1.71675 -0.411176 -0.51663 128 128 128
1.70696 -0.431035 -0.51511 128 128 128
1.70155 -0.451949 -0.51511 128 128 128
1.6977 -0.473312 -0.515718 128 128 128
1.69451 -0.494917 -0.51663 128 128 128
1.6874 -0.515394 -0.516326 128 128 128
1.68004 -0.535771 -0.516022 128 128 128
1.68057 -0.558768 -0.518454 128 128 128
1.66729 -0.577153 -0.516326 128 128 128
1.66993 -0.601142 -0.51967 128 128 128
1.67134 -0.624946 -0.522711 128 128 128
1.65645 -0.642636 -0.520278 128 128 128
1.6502 -0.66363 -0.520886 128 128 128
1.63754 -0.681989 -0.519366 128 128 128
1.63604 -0.705065 -0.521799 128 128 128
1.63335 -0.727817 -0.523927 128 128 128
1.62862 -0.749808 -0.525447 128 128 128
1.615 -0.767682 -0.523927 128 128 128
1.60204 -0.785757 -0.522711 128 128 128
1.59822 -0.808381 -0.524839 128 128 128
1.59324 -0.830587 -0.526663 128 128 128
1.57538 -0.846002 -0.523927 128 128 128
1.57404 -0.870362 -0.527271 128 128 128
1.57647 -0.897182 -0.532136 128 128 128
1.56699 -0.917426 -0.532744 128 128 128
1.55806 -0.938066 -0.533656 128 128 128
1.54481 -0.956109 -0.533048 128 128 128
1.54099 -0.980125 -0.536088 128 128 128
1.5392 -1.00576 -0.540041 128 128 128
1.51568 -1.01711 -0.535784 128 128 128
1.50387 -1.03618 -0.536088 128 128 128
1.49259 -1.05566 -0.536696 128 128 128
1.48106 -1.07502 -0.537304 128 128 128
1.47081 -1.0954 -0.53852 128 128 128
1.45953 -1.1151 -0.539433 128 128 128
1.45247 -1.13823 -0.542169 128 128 128
1.43469 -1.15298 -0.540649 128 128 128
1.4307 -1.179 -0.544905 128 128 128
1.4154 -1.19586 -0.544601 128 128 128
1.40349 -1.21564 -0.545817 128 128 128
1.39558 -1.23911 -0.548858 128 128 128
1.37886 -1.25486 -0.548249 128 128 128
1.36823 -1.27624 -0.550378 128 128 128
1.3504 -1.29096 -0.549466 128 128 128
1.33921 -1.31211 -0.551594 128 128 128
1.32435 -1.3298 -0.552202 128 128 128
1.31323 -1.35142 -0.554634 128 128 128
1.29328 -1.36397 -0.553114 128 128 128
1.2758 -1.37904 -0.55281 128 128 128
1.27279 -1.41018 -0.559499 128 128 128
1.25853 -1.42928 -0.561019 128 128 128
1.24708 -1.45185 -0.564059 128 128 128
1.231 -1.46924 -0.564971 128 128 128
1.2219 -1.49532 -0.569532 128 128 128
1.20642 -1.51394 -0.571052 128 128 128
1.19824 -1.54219 -0.576525 128 128 128
1.17923 -1.55678 -0.576525 128 128 128
1.15439 -1.56346 -0.573484 128 128 128
1.15731 -1.60848 -0.585646 128 128 128
1.13912 -1.62491 -0.586558 128 128 128
1.11963 -1.63955 -0.586862 128 128 128
1.10206 -1.65714 -0.588382 128 128 128
1.08112 -1.66974 -0.588078 128 128 128
1.06106 -1.68369 -0.588382 128 128 128
1.05074 -1.71366 -0.594767 128 128 128
1.03255 -1.73134 -0.596591 128 128 128
1.02551 -1.76863 -0.605712 128 128 128
1.00233 -1.77859 -0.6048 128 128 128
0.981796 -1.79326 -0.605712 128 128 128
0.960607 -1.80686 -0.60632 128 128 128
0.940102 -1.8219 -0.607536 128 128 128
0.92447 -1.84695 -0.6124 128 128 128
0.902149 -1.85901 -0.612704 128 128 128
0.878461 -1.86821 -0.612096 128 128 128
0.861365 -1.89187 -0.616657 128 128 128
0.839613 -1.90579 -0.617873 128 128 128
0.819136 -1.92297 -0.620305 128 128 128
0.797642 -1.93816 -0.62213 128 128 128
0.68831 -2.01591 -0.633075 128 128 128
0.671485 -2.04866 -0.641284 128 128 128
0.648282 -2.06311 -0.643412 128 128 128
0.627551 -2.08643 -0.64858 128 128 128
0.603207 -2.09855 -0.650101 128 128 128
0.581913 -2.12234 -0.655573 128 128 128
0.555108 -2.12656 -0.654661 128 128 128
0.531701 -2.14431 -0.658309 128 128 128
0.508806 -2.16552 -0.663174 128 128 128
0.492433 -2.21812 -0.678376 128 128 128
0.461502 -2.20627 -0.672599 128 128 128
0.434575 -2.2127 -0.672903 128 128 128
0.409264 -2.22818 -0.676247 128 128 128
0.383479 -2.24243 -0.679288 128 128 128
0.358584 -2.2639 -0.68476 128 128 128
0.331047 -2.27002 -0.685368 128 128 128
0.304284 -2.28241 -0.688105 128 128 128
0.276702 -2.28976 -0.689321 128 128 128
0.249694 -2.3034 -0.692665 128 128 128
0.222123 -2.31388 -0.695097 128 128 128
0.1948 -2.32973 -0.699354 128 128 128
0.167121 -2.34525 -0.70361 128 128 128
0.139308 -2.36424 -0.709083 128 128 128
0.110711 -2.37529 -0.712123 128 128 128
0.0820201 -2.39075 -0.716684 128 128 128
0.0530046 -2.40777 -0.721852 128 128 128
0.0235532 -2.42062 -0.725805 128 128 128
-0.00620173 -2.43216 -0.729453 128 128 128
-0.0364249 -2.45476 -0.73675 128 128 128
-0.0669297 -2.46746 -0.741006 128 128 128
-0.0981815 -2.49025 -0.748607 128 128 128
-0.128733 -2.48886 -0.748607 128 128 128
-0.160452 -2.50515 -0.754384 128 128 128
-0.191553 -2.50774 -0.755904 128 128 128
-0.22317 -2.51469 -0.758944 128 128 128
-0.254109 -2.51271 -0.759248 128 128 128
-0.286887 -2.52644 -0.764721 128 128 128
-0.318231 -2.52556 -0.765633 128 128 128
-0.352372 -2.54411 -0.77293 128 128 128
-0.38486 -2.54807 -0.775666 128 128 128
-0.417032 -2.5488 -0.77749 128 128 128
-0.450947 -2.55849 -0.782355 128 128 128
-0.484807 -2.56587 -0.786611 128 128 128
-0.521952 -2.58773 -0.795732 128 128 128
-0.558297 -2.60255 -0.802725 128 128 128
-0.592318 -2.60479 -0.805765 128 128 128
-0.626927 -2.60844 -0.809414 128 128 128
-0.664774 -2.62362 -0.817015 128 128 128
-0.700867 -2.62999 -0.821879 128 128 128
-0.733088 -2.62119 -0.821879 128 128 128
-0.606907 -2.07467 -0.643108 128 128 128
-0.62531 -2.0443 -0.635507 128 128 128
-0.652682 -2.04373 -0.637939 128 128 128
-0.69103 -2.07531 -0.651317 128 128 128
-0.909697 -2.62078 -0.838601 128 128 128
-0.948284 -2.62733 -0.844682 128 128 128
-0.988847 -2.63779 -0.852283 128 128 128
-1.02599 -2.63788 -0.856539 128 128 128
-1.06115 -2.63215 -0.858971 128 128 128
-1.10515 -2.64705 -0.8687 128 128 128
-1.14362 -2.64727 -0.873565 128 128 128
-1.17953 -2.64086 -0.876301 128 128 128
-1.22426 -2.65298 -0.885726 128 128 128
-1.99269 -2.53785 -0.983017 128 128 128
-2.01411 -2.50135 -0.978152 128 128 128
-2.22219 -2.43712 -1.00582 128 128 128
-2.27278 -2.43191 -1.01555 128 128 128
-2.30443 -2.4059 -1.01646 128 128 128
-2.33846 -2.3822 -1.01859 128 128 128
-2.401 -2.27227 -1.00825 128 128 128
-2.58903 -2.27531 -1.05325 128 128 128
-2.62544 -2.2508 -1.0569 128 128 128
-2.6514 -2.21719 -1.05629 128 128 128
-2.68284 -2.18809 -1.05811 128 128 128
-2.90568 -2.08659 -1.0949 128 128 128
-2.92325 -2.04532 -1.09186 128 128 128
-2.94104 -2.00448 -1.08912 128 128 128
-1.16583 -0.567455 -0.367046 128 128 128
-1.17246 -0.535529 -0.364613 128 128 128
-3.48599 -1.53208 -1.16848 128 128 128
-3.48085 -1.47915 -1.16027 128 128 128
-3.55869 -1.46086 -1.18094 128 128 128
-3.56217 -1.41148 -1.17608 128 128 128
-3.52937 -1.34868 -1.15905 128 128 128
-3.59447 1.43185 -1.29826 128 128 128
-3.57314 1.47441 -1.29694 128 128 128
-3.5539 1.51778 -1.29661 128 128 128
-3.52551 1.55708 -1.293 128 128 128
-3.49926 1.59709 -1.29037 128 128 128
-2.88744 2.19088 -1.21316 128 128 128
-2.84319 2.21282 -1.20561 128 128 128
-2.81065 2.24342 -1.20331 128 128 128
-2.65325 2.33991 -1.18294 128 128 128
-2.5928 2.34381 -1.16815 128 128 128
-2.55137 2.3639 -1.16224 128 128 128
-2.36181 2.47424 -1.1422 128 128 128
-2.32741 2.49889 -1.14023 128 128 128
-2.28195 2.51119 -1.13267 128 128 128
-2.07576 2.58675 -1.10606 128 128 128
-2.03687 2.60311 -1.10212 128 128 128
-1.98873 2.60689 -1.09292 128 128 128
-1.2173 2.73701 -0.994359 128 128 128
-1.18699 2.75955 -0.997315 128 128 128
-1.14868 2.76345 -0.993373 128 128 128
-1.09778 2.73527 -0.977603 128 128 128
-1.0614 2.74149 -0.974975 128 128 128
-1.02139 2.7375 -0.968733 128 128 128
-0.981647 2.73294 -0.962491 128 128 128
-0.942478 2.72871 -0.956577 128 128 128
-0.906837 2.7338 -0.954277 128 128 128
-0.868633 2.73032 -0.949021 128 128 128
-0.828721 2.72 -0.941464 128 128 128
-0.790252 2.71274 -0.935222 128 128 128
-0.752848 2.70767 -0.929965 128 128 128
-0.716657 2.70575 -0.926023 128 128 128
-0.674619 2.67954 -0.913539 128 128 128
-0.640148 2.68119 -0.911239 128 128 128
-0.606363 2.68516 -0.909925 128 128 128
-0.571197 2.68224 -0.906311 128 128 128
-0.535451 2.67516 -0.901383 128 128 128
-0.502932 2.68338 -0.90204 128 128 128
-0.466867 2.67168 -0.895798 128 128 128
-0.433288 2.67254 -0.894155 128 128 128
-0.397095 2.65524 -0.88627 128 128 128
-0.363709 2.6543 -0.884299 128 128 128
-0.328062 2.6342 -0.875757 128 128 128
-0.294337 2.62582 -0.871486 128 128 128
-0.261527 2.6236 -0.869515 128 128 128
-0.22799 2.61156 -0.864258 128 128 128
-0.194716 2.59815 -0.858673 128 128 128
-0.161568 2.58055 -0.851774 128 128 128
-0.128786 2.56064 -0.844217 128 128 128
-0.0967351 2.54598 -0.838632 128 128 128
-0.0650881 2.53187 -0.833376 128 128 128
-0.0338417 2.5202 -0.829105 128 128 128
-0.00291561 2.52232 -0.829762 128 128 128
0.0278975 2.50894 -0.825162 128 128 128
0.0585114 2.50085 -0.822534 128 128 128
0.0890637 2.49617 -0.82122 128 128 128
0.118884 2.47791 -0.815306 128 128 128
0.14917 2.47438 -0.814649 128 128 128
0.178301 2.4554 -0.808735 128 128 128
0.20691 2.43515 -0.802493 128 128 128
0.236232 2.42679 -0.800522 128 128 128
0.264764 2.41244 -0.796579 128 128 128
0.291498 2.38557 -0.788366 128 128 128
0.319872 2.37526 -0.786066 128 128 128
0.345982 2.3506 -0.778838 128 128 128
0.372723 2.33311 -0.774239 128 128 128
0.399407 2.31719 -0.770296 128 128 128
0.426442 2.30469 -0.767668 128 128 128
0.453962 2.29557 -0.766354 128 128 128
0.477053 2.2658 -0.757812 128 128 128
0.503179 2.2524 -0.755184 128 128 128
0.527531 2.23226 -0.750256 128 128 128
0.553973 2.22196 -0.748942 128 128 128
0.579763 2.20951 -0.74697 128 128 128
0.603078 2.18857 -0.742042 128 128 128
0.629105 2.17828 -0.741057 128 128 128
0.65279 2.16045 -0.737443 128 128 128
0.678401 2.14957 -0.736457 128 128 128
0.702371 2.13391 -0.733829 128 128 128
0.723307 2.10993 -0.728244 128 128 128
0.746611 2.09378 -0.725615 128 128 128
0.768973 2.0756 -0.72233 128 128 128
0.790325 2.05543 -0.718388 128 128 128
0.809203 2.02978 -0.712474 128 128 128
0.831891 2.01446 -0.710503 128 128 128
0.850989 1.99107 -0.705575 128 128 128
0.872308 1.97356 -0.702946 128 128 128
0.885881 1.9395 -0.694076 128 128 128
0.908006 1.92507 -0.692762 128 128 128
0.929497 1.90953 -0.691119 128 128 128
0.944818 1.88194 -0.684877 128 128 128
0.968275 1.87104 -0.685205 128 128 128
0.985393 1.84818 -0.680934 128 128 128
1.003 1.82684 -0.67732 128 128 128
1.02396 1.81193 -0.676335 128 128 128
1.039 1.78697 -0.671407 128 128 128
1.05504 1.76436 -0.667464 128 128 128
1.08304 1.76174 -0.671735 128 128 128
1.09601 1.73474 -0.66615 128 128 128
0.795632 1.22501 -0.460486 128 128 128
0.793332 1.18921 -0.449644 128 128 128
0.824389 1.20355 -0.459829 128 128 128
0.903658 1.28535 -0.498925 128 128 128
1.18266 1.63974 -0.655637 128 128 128
1.20101 1.62282 -0.654651 128 128 128
1.22254 1.61022 -0.655637 128 128 128
1.23815 1.58988 -0.653337 128 128 128
1.24697 1.56127 -0.647424 128 128 128
1.26484 1.54439 -0.646767 128 128 128
1.28187 1.52658 -0.645781 128 128 128
1.29866 1.50859 -0.644795 128 128 128
1.30958 1.48404 -0.640853 128 128 128
1.3163 1.45524 -0.634939 128 128 128
1.33406 1.43897 -0.634939 128 128 128
1.35162 1.42249 -0.634939 128 128 128
1.36107 1.39768 -0.630997 128 128 128
1.37545 1.37819 -0.629683 128 128 128
1.38011 1.34932 -0.623769 128 128 128
1.39315 1.32902 -0.622126 128 128 128
1.4059 1.3086 -0.620484 128 128 128
1.41347 1.28362 -0.616541 128 128 128
1.42629 1.26367 -0.615227 128 128 128
1.43598 1.24113 -0.612599 128 128 128
1.44677 1.21976 -0.610627 128 128 128
1.04751 0.860875 -0.424018 128 128 128
1.02412 0.82075 -0.408906 128 128 128
1.05196 0.822097 -0.416791 128 128 128
1.48836 1.13469 -0.6034 128 128 128
1.49081 1.10788 -0.598472 128 128 128
1.50276 1.08839 -0.597815 128 128 128
1.51369 1.06824 -0.596829 128 128 128
1.52436 1.04797 -0.595843 128 128 128
1.53318 1.02656 -0.594201 128 128 128
1.54092 1.00457 -0.592229 128 128 128
1.55472 0.986596 -0.592886 128 128 128
1.56992 0.96943 -0.594201 128 128 128
1.57847 0.948144 -0.592886 128 128 128
1.5802 0.922979 -0.588944 128 128 128
1.59223 0.903985 -0.589273 128 128 128
1.59741 0.88118 -0.586973 128 128 128
1.59979 0.857044 -0.583687 128 128 128
1.61186 0.838221 -0.584345 128 128 128
1.61781 0.816247 -0.582702 128 128 128
1.63534 0.800074 -0.585659 128 128 128
1.64162 0.778325 -0.584345 128 128 128
1.64247 0.754173 -0.581059 128 128 128
1.64901 0.732808 -0.580074 128 128 128
1.66135 0.714011 -0.581388 128 128 128
1.66475 0.691393 -0.579416 128 128 128
1.67048 0.669855 -0.578431 128 128 128
1.67946 0.649647 -0.578759 128 128 128
1.68819 0.629319 -0.579088 128 128 128
1.69845 0.609514 -0.580074 128 128 128
1.69777 0.585847 -0.577117 128 128 128
1.69407 0.561395 -0.573174 128 128 128
1.70263 0.541137 -0.573831 128 128 128
1.70192 0.517997 -0.571203 128 128 128
1.71903 0.500248 -0.575145 128 128 128
1.71412 0.476073 -0.571203 128 128 128
1.72622 0.456699 -0.573503 128 128 128
1.72437 0.433632 -0.570875 128 128 128
1.72497 0.41134 -0.569232 128 128 128
1.73173 0.390558 -0.569889 128 128 128
1.73177 0.368292 -0.568246 128 128 128
1.72598 0.344968 -0.564632 128 128 128
1.73101 0.323936 -0.564961 128 128 128
1.72555 0.301039 -0.561675 128 128 128
1.74496 0.282419 -0.567261 128 128 128
1.73522 0.259022 -0.562661 128 128 128
1.74014 0.237966 -0.563318 128 128 128
1.73918 0.216125 -0.562004 128 128 128
1.74546 0.195189 -0.563318 128 128 128
1.74772 0.173755 -0.563318 128 128 128
1.7469 0.152047 -0.562333 128 128 128
1.74392 0.130243 -0.56069 128 128 128
1.74916 0.109071 -0.562004 128 128 128
1.75037 0.0875977 -0.562004 128 128 128
1.75225 0.0661477 -0.562333 128 128 128
1.74349 0.044392 -0.559047 128 128 128
1.74674 0.023033 -0.560033 128 128 128
1.74972 0.00160089 -0.561018 128 128 128
1.74206 -0.0197912 -0.55839 128 128 128
1.74263 -0.0411889 -0.558719 128 128 128
1.74765 -0.0627695 -0.56069 128 128 128
1.74581 -0.0841664 -0.560361 128 128 128
1.74181 -0.105415 -0.559376 128 128 128
1.73756 -0.126578 -0.55839 128 128 128
1.74153 -0.148368 -0.560361 128 128 128
1.73111 -0.168909 -0.557404 128 128 128
1.73173 -0.190447 -0.55839 128 128 128
1.73582 -0.212482 -0.56069 128 128 128
1.73777 -0.234395 -0.562333 128 128 128
1.72822 -0.254743 -0.560033 128 128 128
1.72589 -0.27608 -0.560361 128 128 128
1.71958 -0.296759 -0.559376 128 128 128
1.71674 -0.31801 -0.559704 128 128 128
1.71456 -0.339419 -0.560361 128 128 128
1.71581 -0.361598 -0.562333 128 128 128
1.70848 -0.38201 -0.561347 128 128 128
1.7055 -0.40338 -0.562004 128 128 128
1.70134 -0.424507 -0.562333 128 128 128
1.69783 -0.445831 -0.56299 128 128 128
1.69314 -0.466883 -0.563318 128 128 128
1.68819 -0.487887 -0.563647 128 128 128
1.6866 -0.50993 -0.565289 128 128 128
1.67841 -0.530021 -0.564632 128 128 128
1.67717 -0.552347 -0.566604 128 128 128
1.66758 -0.571969 -0.565618 128 128 128
1.66934 -0.595557 -0.568903 128 128 128
1.66279 -0.616325 -0.569232 128 128 128
1.66039 -0.638714 -0.571203 128 128 128
1.65243 -0.659041 -0.571203 128 128 128
1.64247 -0.67855 -0.570546 128 128 128
1.63315 -0.698284 -0.570217 128 128 128
1.62359 -0.717891 -0.569889 128 128 128
1.6181 -0.739328 -0.571203 128 128 128
1.61061 -0.759934 -0.57186 128 128 128
1.60541 -0.781706 -0.573503 128 128 128
1.59992 -0.803464 -0.575145 128 128 128
1.59666 -0.826505 -0.577774 128 128 128
1.58472 -0.845149 -0.577117 128 128 128
1.57258 -0.863624 -0.57646 128 128 128
1.56351 -0.883785 -0.577117 128 128 128
1.55908 -0.906699 -0.579745 128 128 128
1.54783 -0.925763 -0.579745 128 128 128
1.53716 -0.945182 -0.580074 128 128 128
1.52864 -0.96599 -0.581388 128 128 128
1.52381 -0.989299 -0.584345 128 128 128
1.50998 -1.00688 -0.583687 128 128 128
1.49829 -1.02586 -0.584016 128 128 128
1.48791 -1.0458 -0.585002 128 128 128
1.47879 -1.06674 -0.586644 128 128 128
1.47319 -1.09042 -0.58993 128 128 128
1.45292 -1.10328 -0.586973 128 128 128
1.43927 -1.12103 -0.586973 128 128 128
1.43722 -1.14803 -0.592229 128 128 128
1.41864 -1.16199 -0.590258 128 128 128
1.41151 -1.18538 -0.593544 128 128 128
1.39901 -1.20446 -0.594529 128 128 128
1.38058 -1.21842 -0.592886 128 128 128
1.37393 -1.24286 -0.596829 128 128 128
1.35927 -1.26027 -0.597157 128 128 128
1.34302 -1.27621 -0.596829 128 128 128
1.33741 -1.30247 -0.601757 128 128 128
1.32333 -1.32078 -0.602743 128 128 128
1.30901 -1.33895 -0.603728 128 128 128
1.30227 -1.36515 -0.608656 128 128 128
1.28864 -1.38449 -0.610299 128 128 128
1.27282 -1.40159 -0.610956 128 128 128
1.25866 -1.42064 -0.612599 128 128 128
1.24484 -1.44026 -0.61457 128 128 128
1.23073 -1.45976 -0.616541 128 128 128
1.22173 -1.48569 -0.621469 128 128 128
1.20518 -1.50278 -0.622455 128 128 128
1.1948 -1.52787 -0.627054 128 128 128
1.18513 -1.55442 -0.632311 128 128 128
1.16766 -1.57112 -0.633297 128 128 128
1.14995 -1.58763 -0.634282 128 128 128
1.13093 -1.60239 -0.634611 128 128 128
1.11922 -1.62782 -0.639539 128 128 128
1.10336 -1.6477 -0.642167 128 128 128
1.08822 -1.66903 -0.645452 128 128 128
1.06817 -1.68305 -0.645781 128 128 128
1.06284 -1.72094 -0.655966 128 128 128
1.03872 -1.72899 -0.653994 128 128 128
1.02267 -1.75058 -0.657608 128 128 128
1.00111 -1.76299 -0.657608 128 128 128
0.982138 -1.78011 -0.659579 128 128 128
0.960666 -1.79286 -0.659908 128 128 128
0.942957 -1.81289 -0.663193 128 128 128
0.921491 -1.82601 -0.66385 128 128 128
0.904834 -1.84905 -0.66845 128 128 128
0.882075 -1.86002 -0.66845 128 128 128
0.860367 -1.87328 -0.669436 128 128 128
0.841541 -1.89318 -0.67305 128 128 128
0.820861 -1.90944 -0.675349 128 128 128
0.695152 -2.01375 -0.693419 128 128 128
0.678726 -2.04722 -0.702618 128 128 128
0.652979 -2.0536 -0.701961 128 128 128
0.632692 -2.07771 -0.707874 128 128 128
0.609529 -2.09348 -0.710831 128 128 128
0.583539 -2.0999 -0.710503 128 128 128
0.563541 -2.12881 -0.718388 128 128 128
0.550544 -2.18776 -0.737114 128 128 128
0.51904 -2.17506 -0.730215 128 128 128
0.493769 -2.18772 -0.732515 128 128 128
0.469843 -2.20747 -0.737443 128 128 128
0.440674 -2.20288 -0.733829 128 128 128
0.415877 -2.22019 -0.7381 128 128 128
0.391046 -2.23908 -0.743028 128 128 128
0.364449 -2.2493 -0.744999 128 128 128
0.33724 -2.25641 -0.745985 128 128 128
0.310555 -2.26786 -0.748613 128 128 128
0.28317 -2.27525 -0.749927 128 128 128
0.257976 -2.30296 -0.758469 128 128 128
0.22979 -2.30689 -0.758798 128 128 128
0.203281 -2.33024 -0.766025 128 128 128
0.176163 -2.35233 -0.772925 128 128 128
0.147521 -2.35809 -0.774239 128 128 128
0.119915 -2.38613 -0.783438 128 128 128
0.0909522 -2.39592 -0.786395 128 128 128
0.0623617 -2.42801 -0.797237 128 128 128
0.0324428 -2.42009 -0.79428 128 128 128
0.00277257 -2.43826 -0.800522 128 128 128
-0.0272386 -2.44661 -0.803479 128 128 128
-0.0576701 -2.46403 -0.809721 128 128 128
-0.0882347 -2.47257 -0.813006 128 128 128
-0.119376 -2.48829 -0.81892 128 128 128
-0.150014 -2.48852 -0.819577 128 128 128
-0.181152 -2.49497 -0.822534 128 128 128
-0.21247 -2.50103 -0.825491 128 128 128
-0.243965 -2.5067 -0.828448 128 128 128
-0.276757 -2.52229 -0.835018 128 128 128
-0.308373 -2.52433 -0.836989 128 128 128
-0.341587 -2.53721 -0.842903 128 128 128
-0.374066 -2.54217 -0.846188 128 128 128
-0.410133 -2.56817 -0.85703 128 128 128
-0.443377 -2.57318 -0.860644 128 128 128
-0.478175 -2.58519 -0.866886 128 128 128
-0.511873 -2.58932 -0.8705 128 128 128
-0.548072 -2.60411 -0.878057 128 128 128
-0.583889 -2.6147 -0.884299 128 128 128
-0.618532 -2.61837 -0.888241 128 128 128
-0.65358 -2.6225 -0.892512 128 128 128
-0.688343 -2.62433 -0.896126 128 128 128
-0.721247 -2.61842 -0.897112 128 128 128
-0.756463 -2.62026 -0.901054 128 128 128
-0.637795 -2.11071 -0.719373 128 128 128
-0.638682 -2.02345 -0.690462 128 128 128
-0.667591 -2.02802 -0.695061 128 128 128
-0.732479 -2.13674 -0.7381 128 128 128
-0.931866 -2.61433 -0.91781 128 128 128
-0.968464 -2.6151 -0.922409 128 128 128
-1.8511 -2.56786 -1.0535 128 128 128
-1.88865 -2.55331 -1.05711 128 128 128
-1.91128 -2.51865 -1.05218 128 128 128
-2.22478 -2.46103 -1.10639 128 128 128
-2.2715 -2.45156 -1.11493 128 128 128
-2.30727 -2.42967 -1.11789 128 128 128
-2.36325 -2.42826 -1.13103 128 128 128
-2.54753 -2.31499 -1.14976 128 128 128
-2.59058 -2.29672 -1.15666 128 128 128
-2.60072 -2.2493 -1.14844 128 128 128
-2.84185 -2.16813 -1.19575 128 128 128
-2.88415 -2.14494 -1.20265 128 128 128
-1.18202 -0.595959 -0.412848 128 128 128
-1.1214 -0.548152 -0.386565 128 128 128
-1.13316 -0.536781 -0.388536 128 128 128
-1.15768 -0.531125 -0.395436 128 128 128
-1.1434 -0.507658 -0.387551 128 128 128
-3.46566 -1.4911 -1.26474 128 128 128
-3.53689 -1.47059 -1.28479 128 128 128
-3.95642 0.757622 -1.4603 128 128 128
-3.93857 0.804421 -1.45714 128 128 128
-3.92749 0.852493 -1.45679 128 128 128
-3.56874 1.49951 -1.40138 128 128 128
-3.54235 1.53983 -1.39822 128 128 128
-3.52404 1.58357 -1.39857 128 128 128
-3.48566 1.618 -1.39086 128 128 128
-3.45457 1.65538 -1.3863 128 128 128
-3.44239 1.7018 -1.38981 128 128 128
-3.41124 1.73881 -1.3856 128 128 128
-3.20023 1.99431 -1.36385 128 128 128
-2.83528 2.23559 -1.30388 128 128 128
-2.79672 2.26137 -1.29862 128 128 128
-2.76083 2.28894 -1.29477 128 128 128
-2.54774 2.39041 -1.26005 128 128 128
-2.5054 2.40915 -1.25338 128 128 128
-2.46233 2.42655 -1.24637 128 128 128
-2.29661 2.49683 -1.22217 128 128 128
-2.26017 2.51855 -1.21902 128 128 128
-2.22355 2.53975 -1.21586 128 128 128
-2.14799 2.57843 -1.20849 128 128 128
-2.10498 2.59077 -1.20183 128 128 128
-2.07071 2.61346 -1.20043 128 128 128
-1.89953 2.58741 -1.15379 128 128 128
-1.85676 2.59528 -1.14677 128 128 128
-1.82851 2.62325 -1.14923 128 128 128
-1.79723 2.64705 -1.14993 128 128 128
-1.77028 2.6775 -1.15379 128 128 128
-0.895746 2.75507 -1.03665 128 128 128
-0.854936 2.74349 -1.02789 128 128 128
-0.817743 2.74211 -1.02333 128 128 128
-0.770246 2.70328 -1.00439 128 128 128
-0.735305 2.7062 -1.00193 128 128 128
-0.694581 2.686 -0.990712 128 128 128
-0.654687 2.66611 -0.97984 128 128 128
-0.621709 2.67303 -0.979489 128 128 128
-0.586665 2.6704 -0.975632 128 128 128
-0.552156 2.66914 -0.972475 128 128 128
-0.516704 2.66192 -0.967215 128 128 128
-0.483668 2.66622 -0.966513 128 128 128
-0.449523 2.66364 -0.963357 128 128 128
-0.415086 2.65785 -0.959149 128 128 128
-0.380463 2.64883 -0.953888 128 128 128
-0.345402 2.6338 -0.946524 128 128 128
-0.311748 2.62668 -0.942315 128 128 128
-0.279296 2.62844 -0.941614 128 128 128
-0.245471 2.61489 -0.935301 128 128 128
-0.210902 2.5869 -0.923728 128 128 128
-0.178762 2.58368 -0.921624 128 128 128
-0.146423 2.57446 -0.917416 128 128 128
-0.114136 2.56016 -0.911454 128 128 128
-0.0815617 2.52393 -0.897426 128 128 128
-0.0505659 2.5238 -0.897075 128 128 128
-0.0195166 2.51206 -0.892516 128 128 128
0.0112483 2.50181 -0.888659 128 128 128
0.0417931 2.49305 -0.885502 128 128 128
0.0722399 2.48767 -0.883749 128 128 128
0.102561 2.48192 -0.881995 128 128 128
0.131821 2.45897 -0.873929 128 128 128
0.161734 2.45343 -0.872526 128 128 128
0.190933 2.44006 -0.868318 128 128 128
0.220604 2.43473 -0.867266 128 128 128
0.247539 2.4039 -0.856745 128 128 128
0.276367 2.3951 -0.854641 128 128 128
0.303812 2.37667 -0.84903 128 128 128
0.329002 2.34495 -0.838509 128 128 128
0.357324 2.33796 -0.837457 128 128 128
0.382435 2.31215 -0.829391 128 128 128
0.408293 2.29346 -0.82413 128 128 128
0.436938 2.29103 -0.825182 128 128 128
0.459746 2.25981 -0.815363 128 128 128
0.486245 2.24851 -0.813259 128 128 128
0.510007 2.22595 -0.806946 128 128 128
0.536174 2.21498 -0.805192 128 128 128
0.560984 2.19916 -0.801686 128 128 128
0.586463 2.18669 -0.799581 128 128 128
0.6107 2.17031 -0.796074 128 128 128
0.634623 2.15368 -0.792567 128 128 128
0.658508 2.13768 -0.789411 128 128 128
0.683538 2.12587 -0.788008 128 128 128
0.708976 2.11555 -0.787307 128 128 128
0.728992 2.0899 -0.780644 128 128 128
0.75009 2.06848 -0.775734 128 128 128
0.776744 2.06262 -0.777137 128 128 128
0.794464 2.03376 -0.769421 128 128 128
0.816184 2.01605 -0.766265 128 128 128
0.837225 1.99725 -0.762758 128 128 128
0.853438 1.96794 -0.755043 128 128 128
0.876369 1.95476 -0.753991 128 128 128
0.891201 1.92433 -0.745925 128 128 128
0.908259 1.89974 -0.740313 128 128 128
0.939406 1.9044 -0.746977 128 128 128
0.953755 1.87521 -0.739612 128 128 128
0.969713 1.85011 -0.734001 128 128 128
0.984306 1.82326 -0.727688 128 128 128
1.00661 1.81104 -0.727688 128 128 128
1.02269 1.78799 -0.723129 128 128 128
1.04217 1.77128 -0.721376 128 128 128
1.06042 1.75275 -0.718921 128 128 128
1.07937 1.73564 -0.717167 128 128 128
0.786946 1.23364 -0.499735 128 128 128
0.780374 1.19105 -0.485005 128 128 128
0.793881 1.17984 -0.484304 128 128 128
0.840372 1.21614 -0.505346 128 128 128
1.16909 1.6456 -0.707699 128 128 128
1.18587 1.6266 -0.705594 128 128 128
1.20462 1.61043 -0.704893 128 128 128
1.21686 1.58588 -0.700334 128 128 128
1.23855 1.57376 -0.701737 128 128 128
1.2501 1.54899 -0.697178 128 128 128
1.26064 1.52345 -0.692268 128 128 128
1.27377 1.50145 -0.689112 128 128 128
1.29272 1.48641 -0.689462 128 128 128
1.30586 1.46485 -0.686657 128 128 128
1.31488 1.43906 -0.681747 128 128 128
1.32987 1.42008 -0.680344 128 128 128
1.3472 1.40366 -0.680344 128 128 128
1.35511 1.37769 -0.675434 128 128 128
1.36925 1.35833 -0.674032 128 128 128
1.37368 1.32972 -0.667719 128 128 128
1.38648 1.30956 -0.665965 128 128 128
1.38933 1.28042 -0.659302 128 128 128
1.39936 1.25827 -0.656497 128 128 128
1.42246 1.24778 -0.660354 128 128 128
1.41128 1.20776 -0.647378 128 128 128
1.42528 1.18975 -0.647028 128 128 128
0.989414 0.807189 -0.429946 128 128 128
0.999245 0.794986 -0.429946 128 128 128
1.45104 1.12334 -0.638962 128 128 128
1.4737 1.1122 -0.64317 128 128 128
1.48195 1.09016 -0.640715 128 128 128
1.50056 1.0757 -0.64317 128 128 128
1.50749 1.05293 -0.640365 128 128 128
1.51952 1.03382 -0.640014 128 128 128
1.52428 1.00994 -0.636507 128 128 128
1.53183 0.988127 -0.634403 128 128 128
1.54304 0.968758 -0.634052 128 128 128
1.54921 0.946345 -0.631597 128 128 128
1.56313 0.928692 -0.632649 128 128 128
1.57522 0.909907 -0.633 128 128 128
1.58381 0.889138 -0.631948 128 128 128
1.59378 0.869189 -0.631597 128 128 128
1.60681 0.850875 -0.632649 128 128 128
1.60212 0.823421 -0.626337 128 128 128
1.61379 0.804531 -0.627038 128 128 128
1.62607 0.785883 -0.62809 128 128 128
1.62286 0.759942 -0.62283 128 128 128
1.63206 0.73997 -0.62283 128 128 128
1.64102 0.719886 -0.62283 128 128 128
1.64973 0.699694 -0.62283 128 128 128
1.65559 0.678338 -0.621778 128 128 128
1.66117 0.656943 -0.620725 128 128 128
1.67524 0.63883 -0.62318 128 128 128
1.67591 0.615657 -0.620375 128 128 128
1.66832 0.589773 -0.614413 128 128 128
1.68076 0.571051 -0.616517 128 128 128
1.68318 0.548941 -0.614764 128 128 128
1.68264 0.526026 -0.611958 128 128 128
1.69256 0.506403 -0.613361 128 128 128
1.69144 0.483553 -0.610555 128 128 128
1.69634 0.462515 -0.610205 128 128 128
1.70098 0.441431 -0.609854 128 128 128
1.71173 0.421856 -0.611958 128 128 128
1.70765 0.398711 -0.608451 128 128 128
1.71424 0.378124 -0.609152 128 128 128
1.71142 0.355553 -0.606347 128 128 128
1.71473 0.334347 -0.605996 128 128 128
1.72147 0.313777 -0.607048 128 128 128
1.71965 0.291702 -0.604944 128 128 128
1.72032 0.270148 -0.603892 128 128 128
1.72351 0.249017 -0.603892 128 128 128
1.72365 0.227487 -0.60284 128 128 128
1.73003 0.206753 -0.604243 128 128 128
1.73057 0.185313 -0.603541 128 128 128
1.73085 0.16389 -0.60284 128 128 128
1.73273 0.142637 -0.60284 128 128 128
1.73249 0.121237 -0.602138 128 128 128
1.72356 0.0993991 -0.598281 128 128 128
1.72652 0.0783213 -0.598982 128 128 128
1.72361 0.0570135 -0.597579 128 128 128
1.73822 0.0361163 -0.60284 128 128 128
1.73572 0.0147658 -0.601788 128 128 128
1.72735 -0.00648349 -0.598631 128 128 128
1.73931 -0.0279045 -0.603191 128 128 128
1.72386 -0.0487865 -0.597579 128 128 128
1.72594 -0.0700579 -0.598631 128 128 128
1.72588 -0.0912842 -0.598982 128 128 128
1.7265 -0.112583 -0.599684 128 128 128
1.72405 -0.133687 -0.599333 128 128 128
1.72695 -0.155264 -0.601086 128 128 128
1.71653 -0.175567 -0.59793 128 128 128
1.7189 -0.197163 -0.599684 128 128 128
1.72099 -0.218843 -0.601437 128 128 128
1.72188 -0.240473 -0.60284 128 128 128
1.71418 -0.260869 -0.601086 128 128 128
1.70623 -0.281113 -0.599333 128 128 128
1.70449 -0.302361 -0.600034 128 128 128
1.70893 -0.324849 -0.603191 128 128 128
1.70206 -0.345231 -0.602138 128 128 128
1.70044 -0.36669 -0.603191 128 128 128
1.7022 -0.389006 -0.605645 128 128 128
1.68911 -0.407867 -0.602489 128 128 128
1.68489 -0.428797 -0.60284 128 128 128
1.68492 -0.450907 -0.604944 128 128 128
1.68287 -0.472571 -0.606347 128 128 128
1.67604 -0.49292 -0.605996 128 128 128
1.67076 -0.513728 -0.606347 128 128 128
1.66433 -0.534192 -0.606347 128 128 128
1.6541 -0.553379 -0.604944 128 128 128
1.64984 -0.574566 -0.605996 128 128 128
1.63738 -0.592843 -0.603892 128 128 128
1.64838 -0.619857 -0.611257 128 128 128
1.64065 -0.640039 -0.611257 128 128 128
1.63961 -0.662948 -0.614062 128 128 128
1.62445 -0.680109 -0.611257 128 128 128
1.62113 -0.702238 -0.613361 128 128 128
1.61239 -0.722079 -0.613361 128 128 128
1.60256 -0.741416 -0.61301 128 128 128
1.59756 -0.763054 -0.614764 128 128 128
1.58891 -0.783017 -0.615114 128 128 128
1.58669 -0.806292 -0.618271 128 128 128
1.58248 -0.828757 -0.620725 128 128 128
1.56395 -0.843649 -0.617218 128 128 128
1.55675 -0.864604 -0.618621 128 128 128
1.55252 -0.887375 -0.621427 128 128 128
1.54555 -0.908743 -0.62318 128 128 128
1.53588 -0.928614 -0.623882 128 128 128
1.52675 -0.94888 -0.624934 128 128 128
1.5142 -0.967038 -0.624583 128 128 128
1.50535 -0.987609 -0.625986 128 128 128
1.49234 -1.00548 -0.625635 128 128 128
1.48758 -1.02907 -0.629142 128 128 128
1.4756 -1.04779 -0.629493 128 128 128
1.46339 -1.06637 -0.629844 128 128 128
1.45244 -1.08593 -0.630896 128 128 128
1.43975 -1.10425 -0.631246 128 128 128
1.42609 -1.12183 -0.631246 128 128 128
1.41876 -1.14456 -0.634403 128 128 128
1.40749 -1.16427 -0.635805 128 128 128
1.39595 -1.18389 -0.637208 128 128 128
1.37708 -1.19723 -0.635104 128 128 128
1.37205 -1.22279 -0.640014 128 128 128
1.36247 -1.2446 -0.642819 128 128 128
1.3505 -1.26443 -0.644573 128 128 128
1.33286 -1.27896 -0.643521 128 128 128
1.31706 -1.29522 -0.643521 128 128 128
1.30963 -1.31994 -0.64808 128 128 128
1.30698 -1.35008 -0.655445 128 128 128
1.2916 -1.36738 -0.656146 128 128 128
1.27472 -1.38312 -0.656146 128 128 128
1.26265 -1.40424 -0.658952 128 128 128
1.2447 -1.41893 -0.658601 128 128 128
1.23752 -1.44622 -0.664563 128 128 128
1.22148 -1.46345 -0.665615 128 128 128
1.20814 -1.48415 -0.66842 128 128 128
1.19739 -1.50842 -0.672979 128 128 128
1.18336 -1.52893 -0.675785 128 128 128
1.17351 -1.55532 -0.681396 128 128 128
1.14991 -1.56356 -0.678591 128 128 128
1.13825 -1.58822 -0.6835 128 128 128
1.12028 -1.60438 -0.684552 128 128 128
1.10943 -1.63119 -0.690514 128 128 128
1.09139 -1.64781 -0.691917 128 128 128
1.07463 -1.66659 -0.694372 128 128 128
1.05856 -1.6868 -0.697528 128 128 128
1.04167 -1.70607 -0.700334 128 128 128
1.02495 -1.72598 -0.70349 128 128 128
1.00182 -1.73518 -0.702087 128 128 128
0.993693 -1.77106 -0.712258 128 128 128
0.968759 -1.77735 -0.709803 128 128 128
0.947748 -1.79077 -0.710504 128 128 128
0.932094 -1.81477 -0.715765 128 128 128
0.912665 -1.83194 -0.718219 128 128 128
0.891332 -1.84554 -0.719272 128 128 128
0.868618 -1.85634 -0.719272 128 128 128
0.849235 -1.87454 -0.722428 128 128 128
0.82991 -1.89341 -0.725935 128 128 128
0.809885 -1.91121 -0.729091 128 128 128
0.790254 -1.93055 -0.732949 128 128 128
0.766504 -1.9401 -0.732949 128 128 128
0.744296 -1.95374 -0.734702 128 128 128
0.7331 -1.99792 -0.74873 128 128 128
0.708838 -2.00765 -0.749081 128 128 128
0.686541 -2.0233 -0.751886 128 128 128
0.599711 -2.1014 -0.770123 128 128 128
0.57632 -2.11764 -0.77363 128 128 128
0.553787 -2.13816 -0.77889 128 128 128
0.528616 -2.14934 -0.780644 128 128 128
0.50473 -2.16662 -0.784852 128 128 128
0.479501 -2.17905 -0.787307 128 128 128
0.454608 -2.19395 -0.790814 128 128 128
0.427827 -2.20028 -0.791165 128 128 128
0.401789 -2.2109 -0.793269 128 128 128
0.380496 -2.25076 -0.806595 128 128 128
0.350558 -2.24045 -0.800984 128 128 128
0.324618 -2.25571 -0.805192 128 128 128
0.297875 -2.26695 -0.807998 128 128 128
0.270905 -2.27788 -0.810804 128 128 128
0.245759 -2.30804 -0.820974 128 128 128
0.215868 -2.2941 -0.814661 128 128 128
0.191355 -2.34232 -0.831846 128 128 128
0.163228 -2.35383 -0.835352 128 128 128
0.135313 -2.37343 -0.842016 128 128 128
0.107021 -2.39455 -0.84938 128 128 128
0.0778005 -2.4013 -0.851485 128 128 128
0.0484992 -2.41144 -0.854992 128 128 128
0.0190181 -2.43058 -0.862006 128 128 128
-0.0109026 -2.44562 -0.867617 128 128 128
-0.040965 -2.44811 -0.868669 128 128 128
-0.0712914 -2.45678 -0.872176 128 128 128
-0.102199 -2.4735 -0.878839 128 128 128
-0.132907 -2.4786 -0.881294 128 128 128
-0.164071 -2.488 -0.885502 128 128 128
-0.195187 -2.49327 -0.888308 128 128 128
-0.225683 -2.48975 -0.887957 128 128 128
-0.257682 -2.50077 -0.893218 128 128 128
-0.289004 -2.503 -0.895322 128 128 128
-0.321624 -2.51412 -0.900933 128 128 128
-0.355745 -2.53316 -0.9097 128 128 128
-0.390382 -2.55174 -0.918468 128 128 128
-0.425991 -2.57262 -0.928287 128 128 128
-0.45869 -2.57366 -0.930742 128 128 128
-0.495904 -2.59726 -0.941965 128 128 128
-0.529058 -2.5974 -0.944419 128 128 128
-0.564484 -2.60718 -0.950732 128 128 128
-0.597912 -2.60645 -0.953187 128 128 128
-0.632516 -2.60983 -0.957395 128 128 128
-0.667758 -2.61457 -0.962305 128 128 128
-0.700526 -2.60889 -0.963357 128 128 128
-0.736063 -2.61271 -0.968267 128 128 128
-0.770466 -2.61156 -0.971423 128 128 128
-0.657121 -2.13321 -0.787658 128 128 128
-0.652689 -2.03053 -0.750484 128 128 128
-0.681148 -2.03302 -0.754692 128 128 128
-0.672865 -1.92996 -0.717167 128 128 128
-1.89901 -2.60056 -1.15764 128 128 128
-1.90491 -2.54262 -1.14151 128 128 128
-1.99027 -2.58952 -1.17483 128 128 128
-2.06679 -2.55663 -1.18289 128 128 128
-2.08484 -2.51523 -1.17518 128 128 128
-2.1283 -2.50442 -1.18254 128 128 128
-2.18783 -2.51127 -1.19903 128 128 128
-2.21535 -2.48074 -1.19727 128 128 128
-2.29097 -2.442 -1.20569 128 128 128
-2.33506 -2.42854 -1.2134 128 128 128
-2.37192 -2.40703 -1.21726 128 128 128
-2.40461 -2.38103 -1.21902 128 128 128
-2.53686 -2.33333 -1.24251 128 128 128
-2.58065 -2.31577 -1.25023 128 128 128
-2.61593 -2.29008 -1.25373 128 128 128
-2.66379 -2.27481 -1.26355 128 128 128
-2.6735 -2.22699 -1.25479 128 128 128
-2.86641 -2.15837 -1.29547 128 128 128
-2.90477 -2.13189 -1.30108 128 128 128
-2.93071 -2.09608 -1.30108 128 128 128
-3.12204 -1.95509 -1.33124 128 128 128
-3.17941 -1.93706 -1.34597 128 128 128
-1.062 -0.580748 -0.405046 128 128 128
-1.11131 -0.589927 -0.422932 128 128 128
-1.10345 -0.568574 -0.416619 128 128 128
-1.12382 -0.544567 -0.419425 128 128 128
-1.07948 -0.507024 -0.398383 128 128 128
-1.10099 -0.500664 -0.404696 128 128 128
-1.16972 -0.514434 -0.430297 128 128 128
-3.54055 -1.49649 -1.39121 128 128 128
-3.51701 -1.43598 -1.37437 128 128 128
-3.5871 -1.36283 -1.38875 128 128 128
-3.65194 -1.33636 -1.40804 128 128 128
-3.67955 -1.29548 -1.4126 128 128 128
-3.70405 -1.25322 -1.41611 128 128 128
-3.66034 -1.18864 -1.39296 128 128 128
-1.39532 -0.362875 -0.491669 128 128 128
-3.86288 -0.896558 -1.4368 128 128 128
-3.85987 -0.846094 -1.43154 128 128 128
-3.86813 -0.798287 -1.43084 128 128 128
-3.93649 -0.76209 -1.45328 128 128 128
-3.96951 -0.718035 -1.4624 128 128 128
-3.9891 -0.671122 -1.46661 128 128 128
-3.97483 -0.618685 -1.45819 128 128 128
-3.99046 -0.571047 -1.46135 128 128 128
-3.90801 -0.510484 -1.42768 128 128 128
-3.97898 0.682711 -1.58441 128 128 128
-4.00468 0.788738 -1.60241 128 128 128
-3.95206 0.828894 -1.58478 128 128 128
-3.74592 1.3844 -1.56678 128 128 128
-3.63156 1.49629 -1.54015 128 128 128
-3.60184 1.53602 -1.53527 128 128 128
-3.57933 1.57861 -1.53377 128 128 128
-3.53775 1.61242 -1.52402 128 128 128
-3.49421 1.64467 -1.51352 128 128 128
-3.29511 1.85858 -1.48163 128 128 128
-3.26965 1.89748 -1.48051 128 128 128
-3.2485 1.93888 -1.48163 128 128 128
-3.25134 1.99508 -1.49439 128 128 128
-2.93542 2.16868 -1.42762 128 128 128
-2.89381 2.19334 -1.42012 128 128 128
-2.88059 2.2395 -1.42725 128 128 128
-2.70182 2.32198 -1.39236 128 128 128
-2.67173 2.35373 -1.39161 128 128 128
-2.63508 2.37951 -1.38749 128 128 128
-2.4057 2.45651 -1.3421 128 128 128
-2.36832 2.47848 -1.33797 128 128 128
-2.32887 2.49787 -1.33272 128 128 128
-2.28369 2.51049 -1.3241 128 128 128
-2.28042 2.56952 -1.34097 128 128 128
-2.19651 2.53706 -1.30872 128 128 128
-2.12356 2.57804 -1.30234 128 128 128
-2.08828 2.59957 -1.30009 128 128 128
-0.833472 2.6153 -1.06153 128 128 128
-0.803484 2.63242 -1.06453 128 128 128
-0.77216 2.64565 -1.06603 128 128 128
-0.747362 2.6826 -1.07766 128 128 128
-0.719628 2.71128 -1.08591 128 128 128
-0.678122 2.68755 -1.07241 128 128 128
-0.64055 2.67674 -1.06453 128 128 128
-0.601911 2.65909 -1.05403 128 128 128
-0.567682 2.65902 -1.05103 128 128 128
-0.530986 2.6458 -1.04278 128 128 128
-0.496418 2.64118 -1.03828 128 128 128
-0.46413 2.64799 -1.03865 128 128 128
-0.429211 2.63884 -1.03265 128 128 128
-0.396106 2.63933 -1.03077 128 128 128
-0.361785 2.63022 -1.02515 128 128 128
-0.327633 2.61974 -1.01915 128 128 128
-0.294418 2.61436 -1.01539 128 128 128
-0.26092 2.60394 -1.00977 128 128 128
-0.227477 2.59032 -1.00302 128 128 128
-0.1949 2.58275 -0.998891 128 128 128
-0.161718 2.56182 -0.989514 128 128 128
-0.130411 2.56639 -0.990639 128 128 128
-0.0976417 2.53538 -0.977511 128 128 128
-0.0663725 2.53082 -0.97526 128 128 128
-0.0350551 2.51384 -0.968133 128 128 128
-0.00418316 2.50481 -0.964382 128 128 128
0.0263408 2.48335 -0.955755 128 128 128
0.0565444 2.47079 -0.950879 128 128 128
0.0868926 2.47084 -0.951254 128 128 128
0.116425 2.45292 -0.944503 128 128 128
0.146518 2.45131 -0.944503 128 128 128
0.176125 2.44285 -0.941877 128 128 128
0.204307 2.41926 -0.93325 128 128 128
0.23327 2.40919 -0.930249 128 128 128
0.261014 2.38956 -0.923497 128 128 128
0.288981 2.37513 -0.918996 128 128 128
0.315774 2.35395 -0.91187 128 128 128
0.343967 2.34531 -0.909994 128 128 128
0.370543 2.32718 -0.904368 128 128 128
0.394537 2.29596 -0.89349 128 128 128
0.421341 2.28365 -0.890489 128 128 128
0.447366 2.2683 -0.886363 128 128 128
0.471178 2.24359 -0.878486 128 128 128
0.497469 2.23221 -0.876236 128 128 128
0.521217 2.21059 -0.869859 128 128 128
0.546519 2.19683 -0.866858 128 128 128
0.571328 2.18189 -0.863483 128 128 128
0.594872 2.16309 -0.858606 128 128 128
0.618297 2.14494 -0.854105 128 128 128
0.644038 2.13542 -0.853355 128 128 128
0.66797 2.12028 -0.850354 128 128 128
0.69134 2.10399 -0.846979 128 128 128
0.71471 2.08833 -0.843978 128 128 128
0.737801 2.07242 -0.840977 128 128 128
0.760287 2.05538 -0.837601 128 128 128
0.783794 2.04157 -0.835726 128 128 128
0.800916 2.01198 -0.827099 128 128 128
0.822723 1.99514 -0.824098 128 128 128
0.844601 1.97893 -0.821472 128 128 128
0.863589 1.95654 -0.816221 128 128 128
0.88254 1.93483 -0.811345 128 128 128
0.9003 1.91127 -0.805718 128 128 128
0.916401 1.88506 -0.798967 128 128 128
0.941954 1.87865 -0.801217 128 128 128
0.961962 1.86118 -0.798592 128 128 128
0.974285 1.82959 -0.78959 128 128 128
0.997109 1.81831 -0.789965 128 128 128
1.01753 1.80271 -0.788464 128 128 128
1.02748 1.76924 -0.778712 128 128 128
1.04912 1.7565 -0.778712 128 128 128
1.0672 1.73796 -0.776086 128 128 128
0.758327 1.20084 -0.525525 128 128 128
0.763938 1.17743 -0.518773 128 128 128
0.790135 1.18572 -0.5274 128 128 128
0.840694 1.22876 -0.553282 128 128 128
1.15101 1.63964 -0.761458 128 128 128
1.16672 1.61937 -0.758457 128 128 128
1.18705 1.60568 -0.758832 128 128 128
1.20555 1.58951 -0.758082 128 128 128
1.21984 1.56801 -0.754706 128 128 128
1.23495 1.54785 -0.75208 128 128 128
1.25444 1.5333 -0.752455 128 128 128
1.26661 1.50997 -0.748329 128 128 128
1.2772 1.48517 -0.743453 128 128 128
1.28553 1.45825 -0.737452 128 128 128
1.30581 1.44512 -0.738952 128 128 128
1.3203 1.42558 -0.737077 128 128 128
1.32047 1.39111 -0.726949 128 128 128
1.34778 1.38544 -0.732951 128 128 128
1.35225 1.35631 -0.725824 128 128 128
1.37475 1.34546 -0.7292 128 128 128
1.37508 1.31311 -0.720198 128 128 128
1.39041 1.2955 -0.719822 128 128 128
1.3973 1.27023 -0.714946 128 128 128
1.41001 1.25052 -0.713446 128 128 128
1.42314 1.23131 -0.712321 128 128 128
1.39213 1.17485 -0.68794 128 128 128
0.993021 0.816853 -0.471136 128 128 128
0.988521 0.792989 -0.463635 128 128 128
1.39941 1.09536 -0.669935 128 128 128
1.46357 1.11695 -0.695817 128 128 128
1.47642 1.09835 -0.695441 128 128 128
1.48154 1.07416 -0.691315 128 128 128
1.49688 1.05751 -0.692441 128 128 128
1.50898 1.03853 -0.692066 128 128 128
1.50929 1.01167 -0.686064 128 128 128
1.52547 0.995607 -0.68794 128 128 128
1.53679 0.976314 -0.687564 128 128 128
1.53763 0.950549 -0.682313 128 128 128
1.54679 0.930174 -0.681188 128 128 128
1.55569 0.909716 -0.680063 128 128 128
1.56271 0.888263 -0.678187 128 128 128
1.57674 0.870815 -0.679688 128 128 128
1.58567 0.850523 -0.678937 128 128 128
1.58531 0.825426 -0.674061 128 128 128
1.59614 0.806329 -0.674436 128 128 128
1.60675 0.787089 -0.674811 128 128 128
1.61043 0.764525 -0.672186 128 128 128
1.618 0.74393 -0.671436 128 128 128
1.62363 0.722508 -0.669935 128 128 128
1.63067 0.701795 -0.669185 128 128 128
1.63573 0.680305 -0.667685 128 128 128
1.64826 0.661911 -0.66956 128 128 128
1.64934 0.63895 -0.666559 128 128 128
1.65359 0.617363 -0.665059 128 128 128
1.66191 0.597338 -0.665434 128 128 128
1.66736 0.576292 -0.664684 128 128 128
1.67343 0.555495 -0.664309 128 128 128
1.67306 0.532662 -0.661308 128 128 128
1.67947 0.512091 -0.661308 128 128 128
1.68652 0.491703 -0.661683 128 128 128
1.68796 0.469723 -0.659808 128 128 128
1.69718 0.449927 -0.661308 128 128 128
1.71156 0.431339 -0.665059 128 128 128
1.70591 0.407709 -0.660558 128 128 128
1.70445 0.385308 -0.657932 128 128 128
1.70271 0.363005 -0.655307 128 128 128
1.70522 0.341717 -0.654556 128 128 128
1.70928 0.320765 -0.654556 128 128 128
1.714 0.299926 -0.654931 128 128 128
1.71298 0.278124 -0.653056 128 128 128
1.71535 0.256944 -0.652681 128 128 128
1.71562 0.235494 -0.651556 128 128 128
1.72482 0.215232 -0.654181 128 128 128
1.7218 0.193424 -0.651931 128 128 128
1.71759 0.17163 -0.649305 128 128 128
1.72695 0.151192 -0.652306 128 128 128
1.72498 0.129707 -0.650805 128 128 128
1.72552 0.108471 -0.65043 128 128 128
1.72487 0.0871926 -0.64968 128 128 128
1.72025 0.0658022 -0.64743 128 128 128
1.72185 0.044712 -0.647805 128 128 128
1.71671 0.0234982 -0.645554 128 128 128
1.71872 0.00243389 -0.646304 128 128 128
1.72419 -0.0187136 -0.648555 128 128 128
1.71827 -0.0397464 -0.646304 128 128 128
1.72135 -0.0609574 -0.647805 128 128 128
1.72048 -0.0820765 -0.647805 128 128 128
1.71194 -0.102745 -0.644804 128 128 128
1.71979 -0.124407 -0.648555 128 128 128
1.71814 -0.145502 -0.648555 128 128 128
1.72176 -0.167108 -0.650805 128 128 128
1.71866 -0.188124 -0.65043 128 128 128
1.7061 -0.207975 -0.646304 128 128 128
1.7025 -0.228773 -0.645929 128 128 128
1.70048 -0.249782 -0.646304 128 128 128
1.69912 -0.270921 -0.647055 128 128 128
1.69566 -0.291751 -0.647055 128 128 128
1.69378 -0.312873 -0.647805 128 128 128
1.69527 -0.334707 -0.650055 128 128 128
1.69103 -0.355486 -0.650055 128 128 128
1.69288 -0.377618 -0.652681 128 128 128
1.68361 -0.397303 -0.650805 128 128 128
1.684 -0.419273 -0.653056 128 128 128
1.67783 -0.439673 -0.652681 128 128 128
1.67499 -0.460965 -0.653806 128 128 128
1.66832 -0.481229 -0.653431 128 128 128
1.6614 -0.501398 -0.653056 128 128 128
1.6622 -0.523972 -0.656057 128 128 128
1.65564 -0.544331 -0.656057 128 128 128
1.65235 -0.565805 -0.657557 128 128 128
1.64004 -0.584177 -0.655307 128 128 128
1.64144 -0.60747 -0.659057 128 128 128
1.63473 -0.627899 -0.659433 128 128 128
1.62518 -0.647227 -0.658682 128 128 128
1.62311 -0.669592 -0.661308 128 128 128
1.61733 -0.69055 -0.662433 128 128 128
1.60959 -0.710719 -0.662808 128 128 128
1.60412 -0.731954 -0.664309 128 128 128
1.59501 -0.751584 -0.664309 128 128 128
1.58651 -0.771505 -0.664684 128 128 128
1.57858 -0.791746 -0.665434 128 128 128
1.57204 -0.812758 -0.666934 128 128 128
1.57177 -0.83721 -0.671436 128 128 128
1.55487 -0.852874 -0.668435 128 128 128
1.54429 -0.87189 -0.668435 128 128 128
1.54149 -0.895425 -0.672186 128 128 128
1.52959 -0.913799 -0.671811 128 128 128
1.51984 -0.93347 -0.672561 128 128 128
1.50592 -0.950568 -0.671436 128 128 128
1.50348 -0.975022 -0.675937 128 128 128
1.48291 -0.987752 -0.671811 128 128 128
1.47603 -1.00953 -0.674436 128 128 128
1.46354 -1.02757 -0.674436 128 128 128
1.45984 -1.05195 -0.678937 128 128 128
1.44533 -1.06868 -0.678187 128 128 128
1.43654 -1.0897 -0.680438 128 128 128
1.42453 -1.10838 -0.681188 128 128 128
1.41299 -1.12751 -0.682313 128 128 128
1.39762 -1.14359 -0.681563 128 128 128
1.39058 -1.16661 -0.685314 128 128 128
1.37546 -1.18298 -0.684939 128 128 128
1.37128 -1.20896 -0.690565 128 128 128
1.35565 -1.22508 -0.69019 128 128 128
1.34664 -1.24729 -0.693566 128 128 128
1.33527 -1.26754 -0.695817 128 128 128
1.32826 -1.29223 -0.700693 128 128 128
1.30573 -1.30189 -0.696942 128 128 128
1.30328 -1.33172 -0.704819 128 128 128
1.28876 -1.34962 -0.705944 128 128 128
1.27653 -1.37008 -0.70857 128 128 128
1.26461 -1.39113 -0.71157 128 128 128
1.25545 -1.41555 -0.716447 128 128 128
1.23859 -1.43155 -0.716822 128 128 128
1.2329 -1.4608 -0.724324 128 128 128
1.20898 -1.46867 -0.720573 128 128 128
1.20074 -1.49568 -0.726949 128 128 128
1.18401 -1.51249 -0.728074 128 128 128
1.16931 -1.53206 -0.7307 128 128 128
1.15651 -1.55447 -0.734826 128 128 128
1.13789 -1.56929 -0.735201 128 128 128
1.12872 -1.59752 -0.742328 128 128 128
1.11219 -1.61583 -0.744578 128 128 128
1.09331 -1.63089 -0.745329 128 128 128
1.07575 -1.64807 -0.747204 128 128 128
1.05694 -1.66349 -0.748329 128 128 128
1.04474 -1.68973 -0.754706 128 128 128
1.02871 -1.71037 -0.758457 128 128 128
1.00343 -1.71566 -0.755081 128 128 128
0.991472 -1.74396 -0.762583 128 128 128
0.970445 -1.7568 -0.762958 128 128 128
0.949252 -1.7694 -0.763333 128 128 128
0.932184 -1.78995 -0.767459 128 128 128
0.913078 -1.80705 -0.770085 128 128 128
0.890426 -1.81728 -0.76971 128 128 128
0.875624 -1.84398 -0.776836 128 128 128
0.854481 -1.85795 -0.778337 128 128 128
0.83728 -1.881 -0.783963 128 128 128
0.819274 -1.90305 -0.789214 128 128 128
0.797642 -1.91724 -0.79109 128 128 128
0.777862 -1.93634 -0.795216 128 128 128
0.761423 -1.96475 -0.803468 128 128 128
0.735306 -1.96874 -0.801217 128 128 128
0.605395 -2.07533 -0.825598 128 128 128
0.585614 -2.10314 -0.834225 128 128 128
0.561429 -2.11644 -0.836851 128 128 128
0.539732 -2.14024 -0.843978 128 128 128
0.51386 -2.14851 -0.844728 128 128 128
0.489097 -2.16188 -0.847729 128 128 128
0.46156 -2.16319 -0.845853 128 128 128
0.436991 -2.17869 -0.849979 128 128 128
0.413657 -2.2021 -0.857481 128 128 128
0.387726 -2.21341 -0.860107 128 128 128
0.362028 -2.22715 -0.863858 128 128 128
0.334808 -2.23234 -0.864233 128 128 128
0.310432 -2.25832 -0.873235 128 128 128
0.282927 -2.2638 -0.873985 128 128 128
0.256584 -2.27999 -0.879237 128 128 128
0.232488 -2.32171 -0.89499 128 128 128
0.203817 -2.32254 -0.89424 128 128 128
0.175862 -2.33226 -0.897241 128 128 128
0.148465 -2.35367 -0.905118 128 128 128
0.120094 -2.3655 -0.909244 128 128 128
0.091925 -2.38902 -0.918246 128 128 128
0.0629981 -2.4048 -0.924248 128 128 128
0.0335634 -2.41095 -0.926498 128 128 128
0.00400163 -2.42323 -0.931374 128 128 128
-0.0258379 -2.4333 -0.9355 128 128 128
-0.0561307 -2.45226 -0.943377 128 128 128
-0.0864438 -2.45787 -0.946003 128 128 128
-0.11699 -2.46496 -0.949379 128 128 128
-0.147778 -2.47259 -0.95313 128 128 128
-0.178109 -2.47059 -0.95313 128 128 128
-0.209188 -2.47746 -0.956881 128 128 128
-0.241173 -2.49131 -0.963632 128 128 128
-0.27383 -2.50752 -0.971509 128 128 128
-0.306029 -2.51593 -0.976385 128 128 128
-0.341421 -2.54598 -0.990264 128 128 128
-0.373576 -2.54802 -0.992889 128 128 128
-0.405397 -2.54691 -0.99439 128 128 128
-0.441627 -2.57098 -1.00639 128 128 128
-0.476664 -2.58451 -1.01427 128 128 128
-0.510669 -2.59029 -1.01915 128 128 128
-0.542987 -2.58655 -1.02027 128 128 128
-0.576698 -2.58874 -1.02402 128 128 128
-0.610332 -2.58959 -1.0274 128 128 128
-1.95773 -2.5827 -1.26221 128 128 128
-1.98927 -2.55848 -1.26221 128 128 128
-2.03034 -2.5462 -1.26858 128 128 128
-2.07903 -2.54263 -1.27983 128 128 128
-2.2732 -2.45596 -1.30497 128 128 128
-2.30891 -2.43393 -1.30834 128 128 128
-2.35087 -2.41805 -1.31547 128 128 128
-2.5026 -2.39139 -1.35148 128 128 128
-2.53514 -2.36366 -1.35335 128 128 128
-2.57904 -2.3461 -1.3616 128 128 128
-2.62427 -2.32905 -1.37061 128 128 128
-2.78596 -2.23813 -1.39686 128 128 128
-2.81613 -2.20607 -1.39836 128 128 128
-2.84226 -2.17078 -1.39799 128 128 128
-3.05853 -2.05183 -1.44112 128 128 128
-3.09589 -2.02225 -1.44713 128 128 128
-1.17346 -0.556664 -0.476388 128 128 128
-1.19199 -0.547652 -0.481639 128 128 128
-1.19777 -0.532606 -0.481264 128 128 128
-1.21784 -0.523741 -0.487265 128 128 128
-3.64419 -1.46526 -1.54015 128 128 128
-3.89361 -0.983078 -1.57578 128 128 128
-3.918 -0.93825 -1.58103 128 128 128
-3.6945 1.4572 -1.66801 128 128 128
-3.67803 1.50313 -1.66881 128 128 128
-3.64172 1.59367 -1.6696 128 128 128
-3.57592 1.61739 -1.64777 128 128 128
-3.54915 1.65804 -1.64459 128 128 128
-3.52854 1.70147 -1.64459 128 128 128
-3.46632 1.72416 -1.62474 128 128 128
-3.4498 1.76908 -1.62712 128 128 128
-3.23278 1.97069 -1.58782 128 128 128
-3.18581 1.99605 -1.57631 128 128 128
-3.16262 2.03599 -1.5771 128 128 128
-3.1198 2.06299 -1.56797 128 128 128
-2.94421 2.21778 -1.54455 128 128 128
-2.8921 2.23464 -1.53105 128 128 128
-2.84075 2.25112 -1.51795 128 128 128
-2.80223 2.27712 -1.512 128 128 128
-2.6455 2.37443 -1.48778 128 128 128
-2.602 2.39365 -1.47944 128 128 128
-2.56576 2.41909 -1.47547 128 128 128
-2.52006 2.43507 -1.46595 128 128 128
-2.47435 2.45029 -1.45642 128 128 128
-2.43444 2.47065 -1.45046 128 128 128
-2.3505 2.50553 -1.43617 128 128 128
-2.31215 2.52605 -1.43141 128 128 128
-2.26205 2.53299 -1.4191 128 128 128
-2.22839 2.55779 -1.41751 128 128 128
-2.17309 2.55694 -1.40163 128 128 128
-2.13337 2.57351 -1.39608 128 128 128
-2.09068 2.58592 -1.38853 128 128 128
-2.0463 2.59551 -1.3798 128 128 128
-2.01374 2.61969 -1.3794 128 128 128
-1.97815 2.6398 -1.37702 128 128 128
-1.93371 2.64755 -1.36829 128 128 128
-0.51158 2.67009 -1.12612 128 128 128
-0.480217 2.68431 -1.1297 128 128 128
-0.44396 2.67007 -1.12096 128 128 128
-0.405088 2.63539 -1.1035 128 128 128
-0.370434 2.6238 -1.09635 128 128 128
-0.336588 2.61541 -1.09079 128 128 128
-0.304363 2.61843 -1.0904 128 128 128
-0.269222 2.59275 -1.07769 128 128 128
-0.236481 2.5858 -1.07332 128 128 128
-0.203527 2.57295 -1.06658 128 128 128
-0.171341 2.5661 -1.06261 128 128 128
-0.139112 2.55426 -1.05665 128 128 128
-0.106828 2.53285 -1.04673 128 128 128
-0.0754788 2.52479 -1.04276 128 128 128
-0.0444315 2.52186 -1.04117 128 128 128
-0.013309 2.4754 -1.02092 128 128 128
0.0170137 2.46896 -1.01814 128 128 128
0.0472146 2.46397 -1.01616 128 128 128
0.0771132 2.45312 -1.01179 128 128 128
0.107044 2.44832 -1.0102 128 128 128
0.13634 2.43399 -1.00465 128 128 128
0.165365 2.42023 -0.999485 128 128 128
0.195203 2.41985 -1.00028 128 128 128
0.223584 2.40357 -0.994324 128 128 128
0.251987 2.3906 -0.989957 128 128 128
0.280324 2.37913 -0.986384 128 128 128
0.308777 2.37005 -0.984002 128 128 128
0.33508 2.34701 -0.975666 128 128 128
0.360009 2.31824 -0.964947 128 128 128
0.387048 2.3055 -0.961374 128 128 128
0.415147 2.29968 -0.960977 128 128 128
0.43736 2.26378 -0.947479 128 128 128
0.461745 2.24207 -0.940334 128 128 128
0.488433 2.23265 -0.938746 128 128 128
0.513706 2.21755 -0.934776 128 128 128
0.535387 2.1888 -0.924851 128 128 128
0.561053 2.17762 -0.922866 128 128 128
0.584111 2.15729 -0.916911 128 128 128
0.608773 2.14378 -0.914132 128 128 128
0.633719 2.13175 -0.912148 128 128 128
0.657365 2.11593 -0.908575 128 128 128
0.681573 2.10247 -0.906193 128 128 128
0.701415 2.07657 -0.898253 128 128 128
0.726539 2.06694 -0.897856 128 128 128
0.750582 2.05442 -0.896268 128 128 128
0.774755 2.04249 -0.895077 128 128 128
0.793008 2.01576 -0.887137 128 128 128
0.811767 1.99143 -0.880389 128 128 128
0.834709 1.97794 -0.878801 128 128 128
0.855599 1.95999 -0.875228 128 128 128
0.875416 1.94015 -0.870861 128 128 128
0.892929 1.91596 -0.864509 128 128 128
0.909981 1.89164 -0.858157 128 128 128
0.927391 1.86883 -0.852599 128 128 128
0.950254 1.85731 -0.852599 128 128 128
0.967389 1.83496 -0.847439 128 128 128
0.979723 1.80442 -0.838308 128 128 128
0.999994 1.78906 -0.83672 128 128 128
1.01774 1.7695 -0.833147 128 128 128
1.02578 1.734 -0.821634 128 128 128
1.04842 1.72363 -0.822825 128 128 128
0.75266 1.20622 -0.56518 128 128 128
0.754466 1.17684 -0.554859 128 128 128
0.780514 1.18509 -0.563989 128 128 128
0.836831 1.23688 -0.596145 128 128 128
1.14215 1.6418 -0.815283 128 128 128
1.15579 1.61872 -0.810519 128 128 128
1.17448 1.60293 -0.809725 128 128 128
1.1924 1.5862 -0.808534 128 128 128
1.20503 1.56274 -0.80377 128 128 128
1.22298 1.5464 -0.802976 128 128 128
1.23954 1.52843 -0.801388 128 128 128
1.25468 1.50887 -0.799006 128 128 128
1.26355 1.48221 -0.792654 128 128 128
1.2774 1.46176 -0.789875 128 128 128
1.29463 1.4453 -0.789478 128 128 128
1.29423 1.40973 -0.777966 128 128 128
1.32404 1.40708 -0.785905 128 128 128
1.32588 1.37491 -0.776378 128 128 128
1.33295 1.34876 -0.770423 128 128 128
1.34548 1.32844 -0.768041 128 128 128
1.36366 1.31374 -0.769232 128 128 128
1.37834 1.29565 -0.768438 128 128 128
1.39075 1.27555 -0.766453 128 128 128
1.39328 1.24678 -0.75891 128 128 128
1.41124 1.232 -0.760498 128 128 128
1.41295 1.20331 -0.752955 128 128 128
0.979865 0.815663 -0.501662 128 128 128
0.990516 0.804153 -0.502059 128 128 128
1.21603 0.961569 -0.620759 128 128 128
1.45063 1.11746 -0.742237 128 128 128
1.45982 1.09627 -0.739855 128 128 128
1.46649 1.07341 -0.736282 128 128 128
1.47805 1.05427 -0.735488 128 128 128
1.48559 1.0324 -0.732709 128 128 128
1.49663 1.01307 -0.731915 128 128 128
1.50588 0.992612 -0.730327 128 128 128
1.53446 0.958263 -0.732709 128 128 128
1.53589 0.933189 -0.727548 128 128 128
1.54011 0.910086 -0.723975 128 128 128
1.55196 0.891573 -0.724372 128 128 128
1.56599 0.874243 -0.72596 128 128 128
1.56772 0.850168 -0.721593 128 128 128
1.58535 0.834697 -0.725166 128 128 128
1.59056 0.812685 -0.722784 128 128 128
1.59054 0.788238 -0.718021 128 128 128
1.59595 0.766683 -0.716036 128 128 128
1.59524 0.742417 -0.711272 128 128 128
1.61428 0.727286 -0.716036 128 128 128
1.61803 0.705233 -0.713654 128 128 128
1.61894 0.682135 -0.710081 128 128 128
1.63655 0.666 -0.714448 128 128 128
1.63947 0.643866 -0.712066 128 128 128
1.64553 0.623053 -0.711272 128 128 128
1.65047 0.601875 -0.710081 128 128 128
1.65253 0.579766 -0.707699 128 128 128
1.66213 0.560316 -0.70889 128 128 128
1.668 0.539597 -0.708493 128 128 128
1.67538 0.519357 -0.70889 128 128 128
1.6737 0.496429 -0.705317 128 128 128
1.67613 0.47486 -0.703729 128 128 128
1.68272 0.454493 -0.704126 128 128 128
1.6855 0.43313 -0.702935 128 128 128
1.69247 0.412845 -0.703729 128 128 128
1.68936 0.390205 -0.700156 128 128 128
1.69492 0.369638 -0.700553 128 128 128
1.69663 0.348264 -0.699362 128 128 128
1.69627 0.326561 -0.697377 128 128 128
1.70376 0.306361 -0.698965 128 128 128
1.70467 0.284983 -0.697774 128 128 128
1.7026 0.263214 -0.695392 128 128 128
1.70843 0.242682 -0.696583 128 128 128
1.70946 0.221467 -0.695789 128 128 128
1.70931 0.200159 -0.694598 128 128 128
1.71072 0.179075 -0.694201 128 128 128
1.70365 0.157247 -0.690231 128 128 128
1.71186 0.136825 -0.69301 128 128 128
1.707 0.11539 -0.690231 128 128 128
1.71653 0.0948695 -0.693804 128 128 128
1.7084 0.0734263 -0.689834 128 128 128
1.71468 0.0526115 -0.692216 128 128 128
1.70326 0.0313755 -0.687055 128 128 128
1.70076 0.0104614 -0.685865 128 128 128
1.71637 -0.0105445 -0.692613 128 128 128
1.71611 -0.0316062 -0.692613 128 128 128
1.71467 -0.0526327 -0.692216 128 128 128
1.71115 -0.0735454 -0.691025 128 128 128
1.70645 -0.0943267 -0.689437 128 128 128
1.707 -0.115389 -0.690231 128 128 128
1.70728 -0.136478 -0.691025 128 128 128
1.70457 -0.157332 -0.690628 128 128 128
1.70433 -0.178434 -0.691422 128 128 128
1.7011 -0.199226 -0.691025 128 128 128
1.70126 -0.220447 -0.692216 128 128 128
1.69752 -0.241176 -0.691819 128 128 128
1.69806 -0.262559 -0.693407 128 128 128
1.69471 -0.283377 -0.693407 128 128 128
1.68839 -0.303658 -0.692216 128 128 128
1.68544 -0.32453 -0.692613 128 128 128
1.67774 -0.344441 -0.691025 128 128 128
1.67607 -0.365597 -0.692216 128 128 128
1.67503 -0.386973 -0.693804 128 128 128
1.67372 -0.408378 -0.695392 128 128 128
1.66503 -0.427964 -0.693804 128 128 128
1.65966 -0.448364 -0.693804 128 128 128
1.66374 -0.471473 -0.698171 128 128 128
1.64815 -0.488959 -0.693804 128 128 128
1.64728 -0.510791 -0.696186 128 128 128
1.64787 -0.533245 -0.699362 128 128 128
1.6412 -0.553427 -0.699362 128 128 128
1.63689 -0.574444 -0.700553 128 128 128
1.63488 -0.596387 -0.702935 128 128 128
1.6283 -0.616732 -0.703332 128 128 128
1.61975 -0.636329 -0.702935 128 128 128
1.60928 -0.655114 -0.701744 128 128 128
1.60365 -0.675889 -0.702935 128 128 128
1.6028 -0.698837 -0.706508 128 128 128
1.59243 -0.717694 -0.705714 128 128 128
1.5835 -0.737182 -0.705714 128 128 128
1.57847 -0.758556 -0.707699 128 128 128
1.58054 -0.783604 -0.713257 128 128 128
1.56183 -0.798324 -0.70889 128 128 128
1.56164 -0.822587 -0.713654 128 128 128
1.55143 -0.841688 -0.713654 128 128 128
1.52898 -0.853922 -0.707699 128 128 128
1.52713 -0.877672 -0.712066 128 128 128
1.51625 -0.896346 -0.712066 128 128 128
1.5114 -0.918714 -0.715242 128 128 128
1.50623 -0.941098 -0.718418 128 128 128
1.49148 -0.95752 -0.71683 128 128 128
1.47962 -0.97575 -0.71683 128 128 128
1.4736 -0.997966 -0.720005 128 128 128
1.46124 -1.01597 -0.720005 128 128 128
1.43458 -1.07792 -0.726357 128 128 128
1.41616 -1.09151 -0.723578 128 128 128
1.40769 -1.1128 -0.726357 128 128 128
1.38824 -1.12535 -0.723181 128 128 128
1.38066 -1.1476 -0.726754 128 128 128
1.37903 -1.1752 -0.7339 128 128 128
1.36864 -1.19567 -0.736282 128 128 128
1.36137 -1.21913 -0.740649 128 128 128
1.34698 -1.23636 -0.741046 128 128 128
1.32971 -1.25091 -0.739855 128 128 128
1.32283 -1.27543 -0.745016 128 128 128
1.30838 -1.29286 -0.74581 128 128 128
1.30657 -1.32322 -0.754543 128 128 128
1.28324 -1.33187 -0.750177 128 128 128
1.27872 -1.36025 -0.757719 128 128 128
1.26379 -1.37787 -0.75891 128 128 128
1.2535 -1.40082 -0.763277 128 128 128
1.24223 -1.42302 -0.767247 128 128 128
1.22943 -1.44376 -0.770423 128 128 128
1.21513 -1.46298 -0.772805 128 128 128
1.2063 -1.48921 -0.779157 128 128 128
1.18396 -1.49885 -0.776378 128 128 128
1.16716 -1.51545 -0.777569 128 128 128
1.15506 -1.53849 -0.782333 128 128 128
1.13988 -1.55774 -0.785111 128 128 128
1.12174 -1.57311 -0.785905 128 128 128
1.10914 -1.59657 -0.791066 128 128 128
1.09562 -1.61919 -0.79583 128 128 128
1.07466 -1.63098 -0.795036 128 128 128
1.06246 -1.65642 -0.801388 128 128 128
1.04642 -1.67635 -0.804961 128 128 128
1.02861 -1.69378 -0.807343 128 128 128
1.00961 -1.70944 -0.808931 128 128 128
0.990834 -1.72569 -0.810916 128 128 128
0.965573 -1.73049 -0.807343 128 128 128
0.979986 -1.80846 -0.839896 128 128 128
0.948355 -1.80246 -0.831162 128 128 128
0.9112 -1.7845 -0.81687 128 128 128
0.898968 -1.81531 -0.826398 128 128 128
0.876228 -1.82537 -0.826001 128 128 128
0.857614 -1.84432 -0.829971 128 128 128
0.840542 -1.86727 -0.835926 128 128 128
0.819024 -1.88081 -0.837514 128 128 128
0.809347 -1.9229 -0.852599 128 128 128
0.780874 -1.92077 -0.847042 128 128 128
0.761913 -1.94218 -0.852599 128 128 128
0.743835 -1.96685 -0.859745 128 128 128
0.724953 -1.9905 -0.866494 128 128 128
0.704093 -2.00965 -0.871258 128 128 128
0.677632 -2.01291 -0.868876 128 128 128
0.661011 -2.04642 -0.880389 128 128 128
0.636388 -2.05613 -0.881182 128 128 128
0.617062 -2.08404 -0.890313 128 128 128
0.518152 -2.12876 -0.897856 128 128 128
0.494851 -2.14749 -0.903414 128 128 128
0.470008 -2.16057 -0.90659 128 128 128
0.446377 -2.18057 -0.912942 128 128 128
0.42164 -2.19671 -0.917705 128 128 128
0.39401 -2.1981 -0.916117 128 128 128
0.368349 -2.21092 -0.91969 128 128 128
0.343122 -2.22798 -0.925248 128 128 128
0.32083 -2.26838 -0.941128 128 128 128
0.292738 -2.27033 -0.940334 128 128 128
0.264333 -2.26919 -0.938349 128 128 128
0.240666 -2.31335 -0.956213 128 128 128
0.213737 -2.33258 -0.963359 128 128 128
0.184601 -2.32862 -0.96058 128 128 128
0.157621 -2.35544 -0.971299 128 128 128
0.128898 -2.36087 -0.972887 128 128 128
0.100846 -2.3852 -0.982811 128 128 128
0.0715683 -2.38625 -0.982811 128 128 128
0.0424116 -2.39521 -0.986384 128 128 128
0.0130661 -2.40932 -0.992339 128 128 128
-0.016564 -2.41664 -0.995515 128 128 128
-0.04664 -2.43644 -1.00425 128 128 128
-0.07687 -2.44578 -1.00862 128 128 128
-0.107211 -2.45199 -1.01179 128 128 128
-0.137557 -2.45507 -1.01378 128 128 128
-0.168059 -2.45869 -1.01616 128 128 128
-0.200028 -2.47839 -1.02569 128 128 128
-0.231898 -2.49129 -1.03243 128 128 128
-0.265289 -2.51472 -1.04395 128 128 128
-0.295911 -2.50945 -1.04315 128 128 128
-0.329688 -2.52838 -1.05308 128 128 128
-0.363448 -2.54322 -1.06141 128 128 128
-0.397194 -2.55489 -1.06856 128 128 128
-0.431589 -2.56792 -1.0765 128 128 128
-0.46488 -2.57236 -1.08087 128 128 128
-0.498697 -2.57817 -1.08603 128 128 128
-0.531231 -2.57635 -1.08801 128 128 128
-0.564983 -2.5795 -1.09238 128 128 128
-0.597221 -2.57505 -1.09357 128 128 128
-2.02277 -2.55327 -1.35916 128 128 128
-2.07946 -2.55957 -1.37662 128 128 128
-2.10483 -2.52681 -1.37265 128 128 128
-2.1506 -2.51822 -1.38258 128 128 128
-2.18316 -2.49371 -1.38377 128 128 128
-2.22648 -2.48106 -1.39211 128 128 128
-2.26236 -2.45963 -1.39568 128 128 128
-2.30372 -2.44369 -1.40282 128 128 128
-2.361 -2.44358 -1.41989 128 128 128
-2.39792 -2.42159 -1.42426 128 128 128
-2.45233 -2.41643 -1.43935 128 128 128
-2.52429 -2.36806 -1.44729 128 128 128
-2.57485 -2.35671 -1.45999 128 128 128
-2.61454 -2.3347 -1.46634 128 128 128
-2.66932 -2.32532 -1.48143 128 128 128
-2.68576 -2.2823 -1.47468 128 128 128
-2.81845 -2.22161 -1.50247 128 128 128
-2.85132 -2.19132 -1.50564 128 128 128
-2.92064 -2.18804 -1.52867 128 128 128
-2.94801 -2.15257 -1.52907 128 128 128
-3.11532 -2.04811 -1.56281 128 128 128
-3.1379 -2.00824 -1.56162 128 128 128
-3.17088 -1.97491 -1.56599 128 128 128
-3.21766 -1.94962 -1.5775 128 128 128
-3.35469 -1.81379 -1.59973 128 128 128
-1.13731 -0.600144 -0.506426 128 128 128
-1.12413 -0.57575 -0.496501 128 128 128
-3.60183 -1.51202 -1.63983 128 128 128
-3.64138 -1.47631 -1.64975 128 128 128
-3.73727 -1.35721 -1.67 128 128 128
-3.75364 -1.31125 -1.67 128 128 128
-3.7799 -1.26858 -1.67476 128 128 128
-3.81266 -1.22771 -1.6827 128 128 128
-4.03526 -0.77095 -1.72716 128 128 128
-4.02363 -0.717687 -1.71803 128 128 128
-1.48301 -0.0278627 -0.591778 128 128 128
-3.7828 1.39429 -1.82063 128 128 128
-3.69451 1.51845 -1.80337 128 128 128
-3.63052 1.54452 -1.78063 128 128 128
-3.61046 1.58859 -1.78021 128 128 128
-3.58739 1.63127 -1.77853 128 128 128
-3.40911 1.86423 -1.75284 128 128 128
-3.35515 1.88858 -1.73642 128 128 128
-3.3325 1.93007 -1.73684 128 128 128
-3.28129 1.95458 -1.72211 128 128 128
-3.26015 1.9966 -1.72379 128 128 128
-3.09305 2.10972 -1.68716 128 128 128
-3.04834 2.13451 -1.67664 128 128 128
-3.01382 2.16594 -1.672 128 128 128
-2.97752 2.19577 -1.66653 128 128 128
-2.93949 2.22394 -1.66021 128 128 128
-2.73561 2.34687 -1.62232 128 128 128
-2.68821 2.3641 -1.61095 128 128 128
-2.64349 2.38295 -1.60127 128 128 128
-2.47642 2.46312 -1.57053 128 128 128
-2.42694 2.4739 -1.5579 128 128 128
-2.40142 2.50874 -1.56127 128 128 128
-2.3624 2.5294 -1.5558 128 128 128
-2.31896 2.5448 -1.54738 128 128 128
-2.27248 2.55612 -1.53685 128 128 128
-2.23202 2.57354 -1.53054 128 128 128
-2.12834 2.57929 -1.50148 128 128 128
-2.08742 2.59391 -1.49475 128 128 128
-0.470343 2.6698 -1.2076 128 128 128
-0.43358 2.65121 -1.19623 128 128 128
-0.392725 2.60162 -1.17055 128 128 128
-0.359895 2.59996 -1.1676 128 128 128
-0.326824 2.59518 -1.16339 128 128 128
-0.293925 2.58998 -1.15918 128 128 128
-0.261295 2.58527 -1.15539 128 128 128
-0.228744 2.57925 -1.15118 128 128 128
-0.195476 2.56106 -1.1415 128 128 128
-0.164033 2.56327 -1.1415 128 128 128
-0.131193 2.53882 -1.12929 128 128 128
-0.0992681 2.52121 -1.12045 128 128 128
-0.0678954 2.50682 -1.11329 128 128 128
-0.0370998 2.50565 -1.11245 128 128 128
-0.0062842 2.48506 -1.10276 128 128 128
0.024037 2.4659 -1.09392 128 128 128
0.0540038 2.45182 -1.08761 128 128 128
0.0838427 2.44372 -1.08424 128 128 128
0.112865 2.42166 -1.07455 128 128 128
0.142152 2.41285 -1.07119 128 128 128
0.171623 2.40912 -1.07034 128 128 128
0.200648 2.4005 -1.0674 128 128 128
0.228541 2.3816 -1.05982 128 128 128
0.257458 2.37592 -1.05855 128 128 128
0.284647 2.35637 -1.05098 128 128 128
0.312826 2.3473 -1.04845 128 128 128
0.340825 2.3379 -1.04592 128 128 128
0.368217 2.32548 -1.04213 128 128 128
0.394595 2.30827 -1.03624 128 128 128
0.419299 2.28362 -1.02698 128 128 128
0.44642 2.27385 -1.02487 128 128 128
0.471699 2.25577 -1.01898 128 128 128
0.493857 2.22502 -1.00719 128 128 128
0.517608 2.20377 -1.00003 128 128 128
0.539171 2.17524 -0.989505 128 128 128
0.565596 2.16759 -0.989084 128 128 128
0.587368 2.14298 -0.980663 128 128 128
0.612622 2.13213 -0.978979 128 128 128
0.635874 2.11489 -0.974347 128 128 128
0.65771 2.09395 -0.968032 128 128 128
0.68392 2.08744 -0.968874 128 128 128
0.704514 2.06429 -0.961716 128 128 128
0.727975 2.05036 -0.95919 128 128 128
0.750888 2.03532 -0.956243 128 128 128
0.774188 2.02171 -0.954138 128 128 128
0.7966 2.00616 -0.95119 128 128 128
0.818058 1.98868 -0.947401 128 128 128
0.837789 1.96764 -0.941927 128 128 128
0.860777 1.95472 -0.940664 128 128 128
0.874195 1.92089 -0.928875 128 128 128
0.898086 1.91083 -0.929296 128 128 128
0.913166 1.88253 -0.920455 128 128 128
1.01465 1.75058 -0.888456 128 128 128
1.03513 1.73644 -0.887614 128 128 128
0.808283 1.3182 -0.666991 128 128 128
0.766452 1.21604 -0.616467 128 128 128
0.828083 1.27892 -0.656465 128 128 128
0.810108 1.21802 -0.628256 128 128 128
0.789747 1.15627 -0.599204 128 128 128
0.802837 1.14501 -0.598362 128 128 128
0.890897 1.23822 -0.657307 128 128 128
1.16483 1.57842 -0.859826 128 128 128
1.18412 1.56401 -0.859826 128 128 128
1.19989 1.54506 -0.857299 128 128 128
1.21932 1.53093 -0.85772 128 128 128
1.23458 1.51164 -0.855194 128 128 128
1.25129 1.49428 -0.853931 128 128 128
1.2654 1.474 -0.850984 128 128 128
1.2774 1.45154 -0.846773 128 128 128
1.28298 1.42228 -0.838353 128 128 128
1.2991 1.40509 -0.837511 128 128 128
1.31438 1.38707 -0.836248 128 128 128
1.32688 1.36628 -0.8333 128 128 128
1.34163 1.34796 -0.832037 128 128 128
1.35483 1.32822 -0.829932 128 128 128
1.36448 1.30522 -0.825722 128 128 128
1.3751 1.28342 -0.822353 128 128 128
1.38471 1.26095 -0.818564 128 128 128
1.3994 1.24326 -0.818143 128 128 128
1.40633 1.21886 -0.813091 128 128 128
1.48647 1.05206 -0.794565 128 128 128
1.4836 1.02292 -0.785723 128 128 128
1.49303 1.00261 -0.784039 128 128 128
1.50342 0.956889 -0.77646 128 128 128
1.5135 0.937411 -0.775618 128 128 128
1.52412 0.918299 -0.775197 128 128 128
1.53449 0.899067 -0.774776 128 128 128
1.53359 0.873426 -0.768461 128 128 128
1.54816 0.85674 -0.770566 128 128 128
1.56095 0.838967 -0.771829 128 128 128
1.5655 0.816807 -0.768882 128 128 128
1.57136 0.795483 -0.766777 128 128 128
1.58101 0.77614 -0.766777 128 128 128
1.58632 0.754728 -0.764671 128 128 128
1.60122 0.737867 -0.767619 128 128 128
1.60602 0.716311 -0.765513 128 128 128
1.60886 0.694029 -0.762566 128 128 128
1.61475 0.673185 -0.761303 128 128 128
1.61952 0.651961 -0.759619 128 128 128
1.62655 0.631709 -0.759198 128 128 128
1.62994 0.610107 -0.757093 128 128 128
1.6373 0.59006 -0.757093 128 128 128
1.64528 0.570221 -0.757514 128 128 128
1.64785 0.548552 -0.755409 128 128 128
1.65014 0.526906 -0.753303 128 128 128
1.66081 0.507946 -0.755409 128 128 128
1.66431 0.486762 -0.754146 128 128 128
1.66579 0.465078 -0.75204 128 128 128
1.67137 0.444601 -0.75204 128 128 128
1.6767 0.424057 -0.75204 128 128 128
1.68002 0.403025 -0.751198 128 128 128
1.6866 0.382781 -0.75204 128 128 128
1.69029 0.361865 -0.751619 128 128 128
1.68927 0.340017 -0.749093 128 128 128
1.68797 0.318249 -0.746567 128 128 128
1.69353 0.297826 -0.747409 128 128 128
1.69079 0.275994 -0.744462 128 128 128
1.69764 0.255768 -0.746146 128 128 128
1.70424 0.235415 -0.74783 128 128 128
1.7043 0.214142 -0.746567 128 128 128
1.7077 0.193315 -0.746988 128 128 128
1.70905 0.172252 -0.746567 128 128 128
1.70832 0.151025 -0.745304 128 128 128
1.71095 0.130119 -0.745725 128 128 128
1.71785 0.109464 -0.748251 128 128 128
1.71635 0.0882331 -0.746988 128 128 128
1.7037 0.0666214 -0.740672 128 128 128
1.7053 0.0457344 -0.741093 128 128 128
1.70573 0.0248043 -0.741093 128 128 128
1.70409 0.00386481 -0.740251 128 128 128
1.70673 -0.0170723 -0.741514 128 128 128
1.70096 -0.0378986 -0.738988 128 128 128
1.71033 -0.0591054 -0.74362 128 128 128
1.70857 -0.0800477 -0.743199 128 128 128
1.70656 -0.100956 -0.742778 128 128 128
1.70157 -0.121634 -0.741093 128 128 128
1.70085 -0.142581 -0.741514 128 128 128
1.69807 -0.163356 -0.741093 128 128 128
1.69594 -0.184182 -0.741093 128 128 128
1.68995 -0.204547 -0.739409 128 128 128
1.68911 -0.225509 -0.740251 128 128 128
1.68622 -0.24622 -0.740251 128 128 128
1.69203 -0.268307 -0.744462 128 128 128
1.68146 -0.287832 -0.741093 128 128 128
1.68583 -0.309914 -0.744883 128 128 128
1.6819 -0.330578 -0.744883 128 128 128
1.66795 -0.349156 -0.740251 128 128 128
1.67593 -0.372342 -0.746146 128 128 128
1.67036 -0.392674 -0.745725 128 128 128
1.67069 -0.414448 -0.748251 128 128 128
1.6646 -0.43469 -0.74783 128 128 128
1.66002 -0.455324 -0.748251 128 128 128
1.6578 -0.47666 -0.749935 128 128 128
1.64487 -0.494883 -0.746567 128 128 128
1.64646 -0.517472 -0.750356 128 128 128
1.63309 -0.535383 -0.746988 128 128 128
1.63241 -0.55743 -0.749935 128 128 128
1.63229 -0.579844 -0.753303 128 128 128
1.62079 -0.598264 -0.751198 128 128 128
1.6218 -0.621347 -0.755409 128 128 128
1.61405 -0.641202 -0.755409 128 128 128
1.60103 -0.658893 -0.752882 128 128 128
1.59867 -0.680974 -0.75583 128 128 128
1.58023 -0.696161 -0.750777 128 128 128
1.58312 -0.720753 -0.756672 128 128 128
1.57416 -0.740126 -0.756672 128 128 128
1.56823 -0.760969 -0.758356 128 128 128
1.55796 -0.779751 -0.757935 128 128 128
1.41134 -1.0687 -0.770987 128 128 128
1.39454 -1.08316 -0.768882 128 128 128
1.39354 -1.13827 -0.78446 128 128 128
1.38225 -1.15761 -0.786144 128 128 128
1.37483 -1.18039 -0.790355 128 128 128
1.35956 -1.19657 -0.789934 128 128 128
1.34814 -1.2162 -0.792039 128 128 128
1.34378 -1.2425 -0.798775 128 128 128
1.32975 -1.26014 -0.799617 128 128 128
1.31093 -1.27321 -0.797512 128 128 128
1.30228 -1.29623 -0.802144 128 128 128
1.2939 -1.31988 -0.807196 128 128 128
1.28514 -1.34352 -0.812248 128 128 128
1.27165 -1.36251 -0.814354 128 128 128
1.25667 -1.38002 -0.815617 128 128 128
1.24446 -1.40076 -0.818985 128 128 128
1.23313 -1.42277 -0.823195 128 128 128
1.22085 -1.44403 -0.826985 128 128 128
1.2065 -1.4631 -0.829511 128 128 128
1.18903 -1.4785 -0.829932 128 128 128
1.17303 -1.49583 -0.831616 128 128 128
1.16783 -1.5274 -0.841721 128 128 128
1.15008 -1.54307 -0.842563 128 128 128
1.05052 -1.65026 -0.857299 128 128 128
1.03592 -1.67228 -0.862352 128 128 128
1.01017 -1.67632 -0.85772 128 128 128
0.997327 -1.70189 -0.864878 128 128 128
1.01503 -1.78175 -0.901087 128 128 128
0.97945 -1.76948 -0.888035 128 128 128
0.94519 -1.75821 -0.875825 128 128 128
0.926485 -1.7753 -0.878772 128 128 128
0.902167 -1.78168 -0.876246 128 128 128
0.891846 -1.81622 -0.888456 128 128 128
0.869491 -1.82703 -0.888456 128 128 128
0.85385 -1.85239 -0.896035 128 128 128
0.837346 -1.8768 -0.903192 128 128 128
0.814972 -1.8886 -0.904034 128 128 128
0.795232 -1.90683 -0.908245 128 128 128
0.774827 -1.92402 -0.912034 128 128 128
0.755107 -1.94352 -0.917086 128 128 128
0.735024 -1.96283 -0.922139 128 128 128
0.713655 -1.97938 -0.925928 128 128 128
0.692289 -1.99656 -0.930139 128 128 128
0.670608 -2.01351 -0.934349 128 128 128
0.648891 -2.03109 -0.93898 128 128 128
0.53517 -2.11453 -0.961716 128 128 128
0.509819 -2.12358 -0.962979 128 128 128
0.484929 -2.13499 -0.965505 128 128 128
0.460981 -2.15142 -0.970558 128 128 128
0.436162 -2.16492 -0.974347 128 128 128
0.409056 -2.16743 -0.973084 128 128 128
0.38732 -2.19998 -0.986136 128 128 128
0.36984 -2.26274 -1.0135 128 128 128
0.33661 -2.23124 -0.996662 128 128 128
0.311701 -2.25317 -1.00508 128 128 128
0.28528 -2.26673 -1.00971 128 128 128
0.259909 -2.29168 -1.01982 128 128 128
0.232592 -2.30282 -1.02361 128 128 128
0.206411 -2.32899 -1.03456 128 128 128
0.178024 -2.33406 -1.03582 128 128 128
0.149894 -2.34422 -1.03961 128 128 128
0.121636 -2.35585 -1.04424 128 128 128
0.0930066 -2.36441 -1.04761 128 128 128
0.0645862 -2.38714 -1.05771 128 128 128
0.0353572 -2.39228 -1.05982 128 128 128
0.00603973 -2.40614 -1.06613 128 128 128
-0.0234628 -2.40332 -1.06487 128 128 128
-0.0532063 -2.41464 -1.07034 128 128 128
-0.0831699 -2.42377 -1.07497 128 128 128
-0.113908 -2.44432 -1.08508 128 128 128
-0.144634 -2.45541 -1.09097 128 128 128
-0.175139 -2.45888 -1.0935 128 128 128
-0.20695 -2.47643 -1.10276 128 128 128
-0.238357 -2.48454 -1.10782 128 128 128
-0.279992 -2.31764 -1.03287 128 128 128
-1.92566 -2.61095 -1.45517 128 128 128
-1.96029 -2.59074 -1.45728 128 128 128
-1.99805 -2.57437 -1.46191 128 128 128
-2.04304 -2.5667 -1.47201 128 128 128
-2.11531 -2.52762 -1.47917 128 128 128
-2.16683 -2.52557 -1.49391 128 128 128
-2.21023 -2.5131 -1.50275 128 128 128
-2.26093 -2.50803 -1.51664 128 128 128
-2.30262 -2.49209 -1.52422 128 128 128
-2.34674 -2.47814 -1.53348 128 128 128
-2.44905 -2.46226 -1.56127 128 128 128
-2.47649 -2.42948 -1.55959 128 128 128
-2.51005 -2.40267 -1.56211 128 128 128
-2.54862 -2.38036 -1.56801 128 128 128
-2.58769 -2.35808 -1.57432 128 128 128
-2.6205 -2.32976 -1.57685 128 128 128
-2.75623 -2.27447 -1.60801 128 128 128
-2.81148 -2.26267 -1.62443 128 128 128
-2.84902 -2.23584 -1.63032 128 128 128
-2.89065 -2.21174 -1.63874 128 128 128
-3.04719 -2.1028 -1.66779 128 128 128
-3.09384 -2.07943 -1.67958 128 128 128
-3.13582 -2.05224 -1.68884 128 128 128
-3.14011 -2.00043 -1.67748 128 128 128
-1.16712 -0.554869 -0.549101 128 128 128
-1.18619 -0.546209 -0.555417 128 128 128
-1.18701 -0.529021 -0.552469 128 128 128
-1.18675 -0.511535 -0.549101 128 128 128
-3.79771 1.4565 -1.95356 128 128 128
-3.7354 1.48538 -1.93013 128 128 128
-3.72352 1.53384 -1.93366 128 128 128
-3.63109 1.65457 -1.91554 128 128 128
-3.58861 1.68867 -1.9036 128 128 128
-3.56762 1.73258 -1.9036 128 128 128
-3.49159 1.74886 -1.87353 128 128 128
-3.51686 1.8159 -1.89962 128 128 128
-3.31422 1.97749 -1.85098 128 128 128
-3.27671 2.01003 -1.84347 128 128 128
-3.24573 2.04625 -1.83993 128 128 128
-3.19706 2.07079 -1.82622 128 128 128
-3.13111 2.08299 -1.80235 128 128 128
-2.97899 2.19996 -1.77405 128 128 128
-2.94248 2.2293 -1.76831 128 128 128
-2.905 2.25753 -1.76212 128 128 128
-2.87007 2.28741 -1.75769 128 128 128
-2.83484 2.31677 -1.75327 128 128 128
-2.6804 2.36019 -1.70906 128 128 128
-2.65988 2.40072 -1.71481 128 128 128
-2.61378 2.41794 -1.70375 128 128 128
-2.56701 2.43377 -1.69226 128 128 128
-2.51639 2.44506 -1.67811 128 128 128
-2.48493 2.47448 -1.67723 128 128 128
-2.58039 2.63372 -1.76609 128 128 128
-2.44202 2.55419 -1.69049 128 128 128
-2.35611 2.52553 -1.65114 128 128 128
-2.31891 2.54761 -1.64672 128 128 128
-2.27974 2.56715 -1.64097 128 128 128
-2.23517 2.58 -1.63124 128 128 128
-2.18484 2.58529 -1.6171 128 128 128
-2.14099 2.59736 -1.60781 128 128 128
-2.04456 2.60813 -1.58217 128 128 128
-2.00206 2.61947 -1.57377 128 128 128
-1.94837 2.61505 -1.55608 128 128 128
-0.0697027 2.57217 -1.21697 128 128 128
-0.0376256 2.53427 -1.19796 128 128 128
-0.00648694 2.49328 -1.17762 128 128 128
0.0237831 2.46447 -1.16347 128 128 128
0.0535573 2.44427 -1.15374 128 128 128
0.0830326 2.42908 -1.14667 128 128 128
0.112273 2.41623 -1.14092 128 128 128
0.141265 2.40393 -1.13561 128 128 128
0.169776 2.3886 -1.12898 128 128 128
0.199075 2.38633 -1.12898 128 128 128
0.226776 2.36764 -1.12102 128 128 128
0.255323 2.36022 -1.11881 128 128 128
0.283722 2.35246 -1.1166 128 128 128
0.309691 2.32747 -1.10599 128 128 128
0.338229 2.32349 -1.10599 128 128 128
0.3653 2.31031 -1.10157 128 128 128
0.39164 2.29416 -1.09582 128 128 128
0.419437 2.28742 -1.09494 128 128 128
0.445907 2.27418 -1.09096 128 128 128
0.468972 2.24572 -1.07946 128 128 128
0.491405 2.21704 -1.06797 128 128 128
0.515891 2.19949 -1.06222 128 128 128
0.540454 2.18342 -1.05736 128 128 128
0.560144 2.14973 -1.04365 128 128 128
0.586244 2.14183 -1.04321 128 128 128
0.606008 2.11207 -1.03171 128 128 128
0.630323 2.09933 -1.02906 128 128 128
0.654687 2.08716 -1.02685 128 128 128
0.677725 2.0713 -1.02287 128 128 128
0.700764 2.05604 -1.01933 128 128 128
0.721722 2.03546 -1.01314 128 128 128
0.744775 2.0214 -1.01049 128 128 128
0.770169 2.01378 -1.01138 128 128 128
0.793494 2.00085 -1.00961 128 128 128
0.81148 1.97521 -1.00121 128 128 128
0.833189 1.95933 -0.998112 128 128 128
0.848464 1.92927 -0.9875 128 128 128
0.864992 1.90321 -0.9791 128 128 128
0.89211 1.90057 -0.983521 128 128 128
0.907512 1.87335 -0.974678 128 128 128
0.93003 1.86127 -0.974236 128 128 128
0.950738 1.84573 -0.972026 128 128 128
0.966141 1.82047 -0.964509 128 128 128
0.941849 1.62784 -0.875641 128 128 128
1.02253 1.71776 -0.934002 128 128 128
0.727322 1.19089 -0.636447 128 128 128
0.734694 1.1705 -0.629815 128 128 128
0.77831 1.20653 -0.656343 128 128 128
1.12859 1.61294 -0.91897 128 128 128
0.804562 1.12252 -0.629373 128 128 128
0.804934 1.09454 -0.61832 128 128 128
0.818305 1.08457 -0.61832 128 128 128
0.829348 1.07162 -0.616551 128 128 128
0.842436 1.06136 -0.616551 128 128 128
0.844029 1.03707 -0.607709 128 128 128
0.858423 1.02869 -0.609035 128 128 128
1.14489 1.33618 -0.815953 128 128 128
1.26269 1.43702 -0.891558 128 128 128
1.28264 1.42408 -0.893326 128 128 128
1.29026 1.39771 -0.886252 128 128 128
1.3135 1.38827 -0.890673 128 128 128
1.31792 1.3592 -0.881831 128 128 128
1.33703 1.34546 -0.883599 128 128 128
1.34382 1.31955 -0.876967 128 128 128
1.34888 1.29243 -0.869451 128 128 128
1.36398 1.27517 -0.869009 128 128 128
1.38218 1.26075 -0.870777 128 128 128
1.39016 1.23715 -0.865914 128 128 128
1.39574 1.21179 -0.859724 128 128 128
0.968845 0.822277 -0.574991 128 128 128
0.976091 0.808048 -0.573223 128 128 128
1.34752 1.05897 -0.793404 128 128 128
1.31334 1.00647 -0.764224 128 128 128
1.54594 0.907794 -0.832312 128 128 128
1.52576 0.871043 -0.814627 128 128 128
1.56645 0.843924 -0.82568 128 128 128
1.56316 0.817604 -0.818164 128 128 128
1.56747 0.795532 -0.815069 128 128 128
1.56744 0.771507 -0.809763 128 128 128
1.57922 0.753367 -0.81109 128 128 128
1.57857 0.72944 -0.805784 128 128 128
1.59068 0.71147 -0.807553 128 128 128
1.60094 0.692605 -0.808437 128 128 128
1.61263 0.674282 -0.810205 128 128 128
1.60746 0.649101 -0.803131 128 128 128
1.61782 0.630297 -0.804458 128 128 128
1.62543 0.610397 -0.804458 128 128 128
1.63111 0.589798 -0.803573 128 128 128
1.63738 0.569445 -0.803131 128 128 128
1.63999 0.547899 -0.800921 128 128 128
1.63804 0.525016 -0.796499 128 128 128
1.6435 0.504614 -0.796057 128 128 128
1.65043 0.484658 -0.796499 128 128 128
1.65366 0.463648 -0.795173 128 128 128
1.66009 0.44355 -0.795615 128 128 128
1.66454 0.422926 -0.795173 128 128 128
1.67222 0.403092 -0.796499 128 128 128
1.67267 0.381554 -0.794289 128 128 128
1.67547 0.360626 -0.793404 128 128 128
1.67537 0.33916 -0.791194 128 128 128
1.67676 0.31808 -0.789867 128 128 128
1.67612 0.296709 -0.787657 128 128 128
1.69026 0.277837 -0.792962 128 128 128
1.6829 0.255485 -0.787657 128 128 128
1.68768 0.235057 -0.788541 128 128 128
1.69222 0.21455 -0.789425 128 128 128
1.68938 0.19317 -0.786772 128 128 128
1.69519 0.172779 -0.788541 128 128 128
1.6945 0.15173 -0.787214 128 128 128
1.69355 0.130724 -0.785888 128 128 128
1.7004 0.110267 -0.788541 128 128 128
1.70163 0.0893921 -0.788541 128 128 128
1.69722 0.0683009 -0.785888 128 128 128
1.70151 0.0475595 -0.787657 128 128 128
1.69928 0.0266403 -0.78633 128 128 128
1.69589 0.00578239 -0.784562 128 128 128
1.68687 -0.0149271 -0.78014 128 128 128
1.69552 -0.0358386 -0.784562 128 128 128
1.69495 -0.0566426 -0.784562 128 128 128
1.68786 -0.0771355 -0.781467 128 128 128
1.69037 -0.0980591 -0.783235 128 128 128
1.68367 -0.118404 -0.780582 128 128 128
1.68477 -0.139285 -0.781909 128 128 128
1.69008 -0.160646 -0.785446 128 128 128
1.6862 -0.181178 -0.784562 128 128 128
1.68206 -0.201638 -0.783677 128 128 128
1.67857 -0.222145 -0.783235 128 128 128
1.67572 -0.242727 -0.783235 128 128 128
1.6797 -0.264406 -0.786772 128 128 128
1.67103 -0.284083 -0.78412 128 128 128
1.66565 -0.304241 -0.783235 128 128 128
1.66971 -0.326226 -0.787214 128 128 128
1.66207 -0.345951 -0.785446 128 128 128
1.65858 -0.366517 -0.785888 128 128 128
1.65657 -0.387462 -0.787214 128 128 128
1.66214 -0.410368 -0.79252 128 128 128
1.65004 -0.428911 -0.788983 128 128 128
1.64724 -0.449843 -0.790309 128 128 128
1.63815 -0.469027 -0.788541 128 128 128
1.64515 -0.492988 -0.795173 128 128 128
1.62871 -0.509898 -0.789867 128 128 128
1.62404 -0.530408 -0.790752 128 128 128
1.62674 -0.553499 -0.795615 128 128 128
1.61644 -0.572214 -0.793846 128 128 128
1.6093 -0.592007 -0.793846 128 128 128
1.60443 -0.612677 -0.795173 128 128 128
1.60179 -0.634314 -0.797826 128 128 128
1.59471 -0.654265 -0.798268 128 128 128
1.58821 -0.674491 -0.799152 128 128 128
1.57489 -0.691753 -0.796499 128 128 128
1.56792 -0.711773 -0.797383 128 128 128
1.56961 -0.735936 -0.803131 128 128 128
1.55804 -0.753964 -0.801805 128 128 128
1.54867 -0.773027 -0.801805 128 128 128
1.54464 -0.79486 -0.8049 128 128 128
1.53398 -0.813333 -0.804458 128 128 128
1.52389 -0.832096 -0.804458 128 128 128
1.46281 -0.822042 -0.775719 128 128 128
1.41797 -0.9658 -0.794289 128 128 128
1.2899 -0.949561 -0.738138 128 128 128
1.32906 -1.0563 -0.785446 128 128 128
1.39408 -1.16532 -0.844249 128 128 128
1.3688 -1.17298 -0.837175 128 128 128
1.34691 -1.18316 -0.832312 128 128 128
1.34559 -1.21163 -0.841155 128 128 128
1.33259 -1.22988 -0.842481 128 128 128
1.31805 -1.24676 -0.842923 128 128 128
1.30844 -1.26847 -0.846902 128 128 128
1.29087 -1.28253 -0.845576 128 128 128
1.29133 -1.31496 -0.857071 128 128 128
1.27696 -1.33265 -0.858398 128 128 128
1.26295 -1.35085 -0.860166 128 128 128
1.24869 -1.3689 -0.861935 128 128 128
1.23596 -1.38882 -0.86503 128 128 128
1.22821 -1.41474 -0.872104 128 128 128
1.22058 -1.44137 -0.87962 128 128 128
1.19938 -1.45208 -0.876967 128 128 128
1.18877 -1.47578 -0.882715 128 128 128
1.17499 -1.49591 -0.886252 128 128 128
1.15817 -1.51236 -0.887578 128 128 128
1.14595 -1.5351 -0.892884 128 128 128
1.1286 -1.55123 -0.89421 128 128 128
1.11827 -1.57742 -0.901727 128 128 128
1.09934 -1.59176 -0.902169 128 128 128
1.07823 -1.6029 -0.900842 128 128 128
1.06631 -1.62803 -0.907917 128 128 128
1.00797 -1.67002 -0.910127 128 128 128
0.987857 -1.68304 -0.910569 128 128 128
0.977313 -1.71297 -0.920738 128 128 128
0.953187 -1.71934 -0.917643 128 128 128
0.93371 -1.73407 -0.919412 128 128 128
0.84603 -1.66757 -0.870335 128 128 128
0.887381 -1.80432 -0.93975 128 128 128
0.877467 -1.84101 -0.953898 128 128 128
0.855932 -1.85409 -0.955225 128 128 128
0.835664 -1.87019 -0.95832 128 128 128
0.817609 -1.89184 -0.964509 128 128 128
0.797771 -1.91002 -0.968931 128 128 128
0.774606 -1.92049 -0.969373 128 128 128
0.751951 -1.93237 -0.970699 128 128 128
0.731 -1.94901 -0.974678 128 128 128
0.711572 -1.9705 -0.98131 128 128 128
0.694358 -1.99943 -0.991922 128 128 128
0.674283 -2.02143 -0.998996 128 128 128
0.650242 -2.03211 -1.00032 128 128 128
0.626561 -2.04423 -1.00253 128 128 128
0.604435 -2.0621 -1.00784 128 128 128
0.582684 -2.08233 -1.01447 128 128 128
0.558693 -2.09539 -1.01757 128 128 128
0.532062 -2.09861 -1.0158 128 128 128
0.458935 -2.13783 -1.02641 128 128 128
0.436181 -2.16089 -1.03525 128 128 128
0.411115 -2.17401 -1.03923 128 128 128
0.38641 -2.19038 -1.04498 128 128 128
0.362367 -2.21267 -1.05382 128 128 128
0.335584 -2.21961 -1.05515 128 128 128
0.309171 -2.22978 -1.05824 128 128 128
0.284328 -2.25388 -1.06841 128 128 128
0.262328 -2.30801 -1.09361 128 128 128
0.232655 -2.29766 -1.08698 128 128 128
0.205764 -2.31554 -1.0945 128 128 128
0.1778 -2.32415 -1.09759 128 128 128
0.149601 -2.33153 -1.10024 128 128 128
0.121381 -2.34125 -1.10422 128 128 128
0.0930471 -2.35332 -1.10953 128 128 128
0.0643437 -2.36146 -1.11307 128 128 128
0.0355725 -2.37821 -1.12102 128 128 128
0.00639025 -2.38385 -1.12368 128 128 128
-0.023068 -2.40169 -1.13252 128 128 128
-0.0526024 -2.40391 -1.13385 128 128 128
-0.0822592 -2.40757 -1.13606 128 128 128
-0.112965 -2.43057 -1.14799 128 128 128
-0.143379 -2.43885 -1.15286 128 128 128
-0.174731 -2.45658 -1.16258 128 128 128
-0.205702 -2.46409 -1.16745 128 128 128
-0.225556 -2.35514 -1.11483 128 128 128
-2.19953 -2.56099 -1.61268 128 128 128
-2.2118 -2.51229 -1.59853 128 128 128
-2.26473 -2.50957 -1.61489 128 128 128
-2.30633 -2.49342 -1.62284 128 128 128
-2.35653 -2.48574 -1.63699 128 128 128
-2.39249 -2.46242 -1.64097 128 128 128
-2.42442 -2.43478 -1.6423 128 128 128
-2.51525 -2.40488 -1.66396 128 128 128
-2.55311 -2.38177 -1.66971 128 128 128
-2.60539 -2.37137 -1.68518 128 128 128
-2.66249 -2.3642 -1.70375 128 128 128
-2.70216 -2.34073 -1.71083 128 128 128
-2.75949 -2.33167 -1.7294 128 128 128
-2.83477 -2.2784 -1.74134 128 128 128
-2.87453 -2.25283 -1.74885 128 128 128
-2.91765 -2.22935 -1.75858 128 128 128
-2.94623 -2.19445 -1.75946 128 128 128
-2.98892 -2.1697 -1.76919 128 128 128
-3.107 -2.08516 -1.79307 128 128 128
-3.16467 -2.06794 -1.81208 128 128 128
-3.19056 -2.02943 -1.81252 128 128 128
-3.23126 -2.00002 -1.8218 128 128 128
-3.29938 -1.98654 -1.84701 128 128 128
-3.3899 -1.87458 -1.85806 128 128 128
-3.41502 -1.83411 -1.85938 128 128 128
-1.16685 -0.611539 -0.597982 128 128 128
-1.16225 -0.591115 -0.59135 128 128 128
-1.16861 -0.576413 -0.590908 128 128 128
-1.22186 -0.52971 -0.605056 128 128 128
-1.19762 -0.501948 -0.588697 128 128 128
-3.70211 -1.48891 -1.91554 128 128 128
-3.75356 -1.45631 -1.93322 128 128 128
-3.59465 -1.34436 -1.84037 128 128 128
-3.81772 -1.37436 -1.9487 128 128 128
-3.84532 -1.33121 -1.95444 128 128 128
-3.86818 -1.28618 -1.95798 128 128 128
-3.84392 1.41301 -2.10407 128 128 128
-3.79239 1.44715 -2.08496 128 128 128
-3.75213 1.4848 -2.07238 128 128 128
-3.74345 1.53476 -2.07797 128 128 128
-3.70641 1.57298 -2.06772 128 128 128
-3.68683 1.61835 -2.06772 128 128 128
-3.49758 1.8533 -2.03185 128 128 128
-3.44272 1.87872 -2.01275 128 128 128
-3.40397 1.91216 -2.00343 128 128 128
-3.36263 1.94361 -1.99271 128 128 128
-3.32939 1.97931 -1.98712 128 128 128
-3.27465 2.00157 -1.96848 128 128 128
-3.16925 2.1012 -1.94985 128 128 128
-3.14103 2.13844 -1.94845 128 128 128
-3.09714 2.16466 -1.93727 128 128 128
-3.05884 2.19426 -1.92981 128 128 128
-3.01529 2.21957 -1.9191 128 128 128
-2.96875 2.24202 -1.90652 128 128 128
-2.82178 2.29894 -1.86412 128 128 128
-2.78588 2.32715 -1.85899 128 128 128
-2.75644 2.36059 -1.85853 128 128 128
-2.71263 2.3814 -1.84827 128 128 128
-2.64166 2.43646 -1.83989 128 128 128
-2.55055 2.47102 -1.81752 128 128 128
-2.49743 2.4797 -1.80075 128 128 128
-2.46309 2.50637 -1.79796 128 128 128
-2.36092 2.52344 -1.7672 128 128 128
-0.0710009 2.53977 -1.28544 128 128 128
0.0514847 2.43227 -1.2286 128 128 128
0.0808055 2.41554 -1.22021 128 128 128
0.110322 2.41171 -1.21881 128 128 128
0.139249 2.39869 -1.21276 128 128 128
0.168305 2.39151 -1.20996 128 128 128
0.195323 2.36104 -1.19505 128 128 128
0.222867 2.34349 -1.18713 128 128 128
0.251232 2.33706 -1.18527 128 128 128
0.277691 2.31535 -1.17548 128 128 128
0.30643 2.3144 -1.17688 128 128 128
0.333923 2.30434 -1.17362 128 128 128
0.360531 2.28958 -1.16803 128 128 128
0.387714 2.27974 -1.16523 128 128 128
0.415343 2.27307 -1.1643 128 128 128
0.442699 2.2652 -1.1629 128 128 128
0.46309 2.22408 -1.1438 128 128 128
0.489015 2.21218 -1.14054 128 128 128
0.512708 2.19136 -1.13262 128 128 128
0.537656 2.17717 -1.12842 128 128 128
0.558114 2.14643 -1.11538 128 128 128
0.582784 2.13344 -1.11212 128 128 128
0.606247 2.11677 -1.10699 128 128 128
0.621277 2.07272 -1.08696 128 128 128
0.657748 2.10041 -1.10652 128 128 128
0.638777 1.95506 -1.03058 128 128 128
0.733729 2.07228 -1.10513 128 128 128
1.00196 1.73209 -1.00123 128 128 128
1.02088 1.71587 -0.998896 128 128 128
0.817271 1.33546 -0.771992 128 128 128
0.777149 1.2354 -0.716081 128 128 128
0.808556 1.25105 -0.731922 128 128 128
1.08186 1.63051 -0.97793 128 128 128
1.00922 1.48104 -0.891268 128 128 128
1.1256 1.60927 -0.981657 128 128 128
1.13702 1.58383 -0.974202 128 128 128
0.930933 1.26326 -0.773855 128 128 128
1.15422 1.5272 -0.955566 128 128 128
1.1745 1.51502 -0.956963 128 128 128
1.19136 1.49841 -0.955566 128 128 128
1.21412 1.48917 -0.959293 128 128 128
1.22323 1.46329 -0.951838 128 128 128
0.861414 1.00446 -0.644329 128 128 128
0.864923 0.983837 -0.63734 128 128 128
0.87279 0.968543 -0.634078 128 128 128
0.886409 0.959712 -0.635476 128 128 128
0.892651 0.942972 -0.631283 128 128 128
0.906617 0.93449 -0.633147 128 128 128
0.909915 0.915128 -0.62709 128 128 128
0.924231 0.906996 -0.629419 128 128 128
0.941676 0.901712 -0.634078 128 128 128
1.29046 1.20639 -0.877756 128 128 128
1.34828 1.22985 -0.908507 128 128 128
1.38375 1.23147 -0.922951 128 128 128
1.10097 0.955445 -0.715149 128 128 128
1.19021 0.982849 -0.760344 128 128 128
1.30871 0.903792 -0.785038 128 128 128
1.44992 0.899686 -0.846074 128 128 128
1.46464 0.884115 -0.848403 128 128 128
1.43343 0.841403 -0.822777 128 128 128
1.469 0.838242 -0.838153 128 128 128
1.51321 0.83906 -0.858653 128 128 128
1.52728 0.822529 -0.860983 128 128 128
1.53961 0.804956 -0.862381 128 128 128
1.54149 0.781993 -0.857722 128 128 128
1.55097 0.763017 -0.857722 128 128 128
1.56341 0.745453 -0.859585 128 128 128
1.57163 0.72584 -0.859119 128 128 128
1.57639 0.70469 -0.85679 128 128 128
1.57598 0.681422 -0.851665 128 128 128
1.58504 0.662373 -0.852131 128 128 128
1.59469 0.643536 -0.853062 128 128 128
1.60247 0.623918 -0.853062 128 128 128
1.60338 0.601714 -0.849335 128 128 128
1.61397 0.583198 -0.851199 128 128 128
1.61683 0.561892 -0.848869 128 128 128
1.62109 0.541166 -0.847471 128 128 128
1.62676 0.520962 -0.847005 128 128 128
1.63726 0.502261 -0.849335 128 128 128
1.64415 0.482381 -0.849801 128 128 128
1.64483 0.460732 -0.847005 128 128 128
1.65036 0.440513 -0.847005 128 128 128
1.65222 0.419354 -0.845142 128 128 128
1.65294 0.398007 -0.842812 128 128 128
1.65683 0.377496 -0.842346 128 128 128
1.65442 0.355642 -0.838619 128 128 128
1.66387 0.336369 -0.841414 128 128 128
1.66004 0.314437 -0.837221 128 128 128
1.66639 0.294506 -0.838619 128 128 128
1.66813 0.273747 -0.837687 128 128 128
1.66699 0.252589 -0.835357 128 128 128
1.67347 0.232604 -0.837221 128 128 128
1.68059 0.212609 -0.839551 128 128 128
1.67253 0.190758 -0.83396 128 128 128
1.67826 0.17058 -0.835823 128 128 128
1.67758 0.149734 -0.834425 128 128 128
1.67841 0.129067 -0.83396 128 128 128
1.67987 0.108461 -0.83396 128 128 128
1.68108 0.0878382 -0.83396 128 128 128
1.68114 0.0671661 -0.833494 128 128 128
1.68272 0.0465561 -0.83396 128 128 128
1.68405 0.0259174 -0.834425 128 128 128
1.68424 0.00524948 -0.834425 128 128 128
1.6833 -0.0154118 -0.83396 128 128 128
1.6821 -0.0360491 -0.833494 128 128 128
1.68153 -0.0566883 -0.833494 128 128 128
1.68071 -0.077319 -0.833494 128 128 128
1.68051 -0.0979888 -0.83396 128 128 128
1.6783 -0.118542 -0.833494 128 128 128
1.68113 -0.139491 -0.835823 128 128 128
1.67577 -0.159777 -0.83396 128 128 128
1.67632 -0.180612 -0.835357 128 128 128
1.67222 -0.20096 -0.834425 128 128 128
1.67489 -0.222159 -0.837221 128 128 128
1.66941 -0.242316 -0.835823 128 128 128
1.66631 -0.262784 -0.835823 128 128 128
1.66558 -0.283656 -0.837221 128 128 128
1.6611 -0.303916 -0.836755 128 128 128
1.65204 -0.323262 -0.83396 128 128 128
1.64795 -0.343511 -0.83396 128 128 128
1.64361 -0.363708 -0.83396 128 128 128
1.64505 -0.385257 -0.837221 128 128 128
1.63505 -0.404146 -0.834425 128 128 128
1.63339 -0.425069 -0.836289 128 128 128
1.6289 -0.445313 -0.836755 128 128 128
1.61991 -0.464297 -0.834891 128 128 128
1.61479 -0.506022 -0.838619 128 128 128
1.61014 -0.526349 -0.839551 128 128 128
1.60272 -0.545784 -0.839085 128 128 128
1.59423 -0.564821 -0.838153 128 128 128
1.54085 -0.63264 -0.824641 128 128 128
1.54845 -0.658063 -0.833494 128 128 128
1.52973 -0.672396 -0.827437 128 128 128
1.51894 -0.690022 -0.826039 128 128 128
1.51837 -0.712361 -0.830698 128 128 128
1.50872 -0.730555 -0.830232 128 128 128
1.49964 -0.749015 -0.830232 128 128 128
1.48561 -0.764935 -0.827437 128 128 128
1.45779 -0.843547 -0.834425 128 128 128
1.40396 -0.835616 -0.807868 128 128 128
1.39228 -1.02582 -0.858188 128 128 128
1.36263 -1.03004 -0.847005 128 128 128
1.37718 -1.06781 -0.865176 128 128 128
1.34102 -1.12118 -0.867972 128 128 128
1.29691 -1.11166 -0.847005 128 128 128
1.26454 -1.11115 -0.83396 128 128 128
1.31332 -1.18279 -0.878222 128 128 128
1.2974 -1.19762 -0.87729 128 128 128
1.25623 -1.18854 -0.858188 128 128 128
1.2886 -1.24941 -0.892666 128 128 128
1.27568 -1.26762 -0.89453 128 128 128
1.24762 -1.27056 -0.885211 128 128 128
1.24603 -1.30046 -0.895927 128 128 128
1.25901 -1.34665 -0.918292 128 128 128
0.835865 -1.75262 -0.970009 128 128 128
0.815038 -1.76435 -0.970941 128 128 128
0.800561 -1.79037 -0.980259 128 128 128
0.77853 -1.80006 -0.980259 128 128 128
0.760484 -1.81927 -0.985851 128 128 128
0.750379 -1.85881 -1.00309 128 128 128
0.736841 -1.89179 -1.0166 128 128 128
0.726969 -1.9363 -1.03664 128 128 128
0.701646 -1.94091 -1.03431 128 128 128
0.672621 -2.01376 -1.06552 128 128 128
0.645424 -2.01428 -1.06133 128 128 128
0.62456 -2.03474 -1.06832 128 128 128
0.603041 -2.05413 -1.07484 128 128 128
0.574916 -2.05116 -1.06925 128 128 128
0.435846 -2.15379 -1.10466 128 128 128
0.411368 -2.16941 -1.11025 128 128 128
0.387346 -2.18911 -1.11817 128 128 128
0.362037 -2.2033 -1.1233 128 128 128
0.338038 -2.22769 -1.13401 128 128 128
0.313739 -2.25358 -1.14566 128 128 128
0.280806 -2.21601 -1.12376 128 128 128
0.26137 -2.28697 -1.15964 128 128 128
0.232473 -2.28209 -1.15545 128 128 128
0.205722 -2.29887 -1.1629 128 128 128
0.177496 -2.30122 -1.1629 128 128 128
0.149127 -2.30146 -1.16197 128 128 128
0.122516 -2.33404 -1.17828 128 128 128
0.0927098 -2.30708 -1.16337 128 128 128
0.0644671 -2.31069 -1.16477 128 128 128
-2.14141 -2.62827 -1.73273 128 128 128
-2.13778 -2.559 -1.70337 128 128 128
-2.19146 -2.55879 -1.72154 128 128 128
-2.23728 -2.54833 -1.73319 128 128 128
-2.27016 -2.52266 -1.73459 128 128 128
-2.349 -2.48484 -1.7481 128 128 128
-2.44418 -2.46162 -1.77419 128 128 128
-2.49565 -2.45254 -1.79003 128 128 128
-2.5479 -2.44317 -1.80634 128 128 128
-2.5848 -2.41837 -1.81147 128 128 128
-2.64433 -2.41392 -1.8329 128 128 128
-2.75635 -2.33614 -1.85014 128 128 128
-2.79368 -2.30947 -1.8562 128 128 128
-2.83076 -2.28223 -1.86225 128 128 128
-2.8662 -2.25334 -1.86738 128 128 128
-2.91821 -2.23685 -1.88369 128 128 128
-3.05988 -2.17147 -1.92329 128 128 128
-3.11249 -2.15189 -1.94006 128 128 128
-3.14747 -2.11946 -1.94565 128 128 128
-3.18212 -2.0865 -1.95124 128 128 128
-3.20599 -2.04635 -1.95031 128 128 128
-1.19102 -0.549674 -0.638272 128 128 128
-1.19283 -0.532846 -0.635476 128 128 128
-3.806 1.58184 -2.24192 128 128 128
-3.77748 1.62462 -2.23657 128 128 128
-3.64601 1.67516 -2.18111 128 128 128
-3.62597 1.72015 -2.18159 128 128 128
-3.61321 1.76875 -2.18694 128 128 128
-3.34591 1.95513 -2.10473 128 128 128
-3.35085 2.01362 -2.1237 128 128 128
-3.29395 2.03481 -2.10278 128 128 128
-3.25325 2.06523 -2.09257 128 128 128
-3.20207 2.08826 -2.07554 128 128 128
-3.16677 2.12107 -2.06921 128 128 128
-3.06393 2.21976 -2.05365 128 128 128
-3.02385 2.24779 -2.04489 128 128 128
-2.97522 2.26882 -2.03029 128 128 128
-2.9279 2.29006 -2.01667 128 128 128
-2.88664 2.31542 -2.00743 128 128 128
-2.81958 2.31899 -1.9797 128 128 128
-2.80474 2.42467 -2.01132 128 128 128
-2.6977 2.39044 -1.95392 128 128 128
-2.66105 2.4169 -1.94857 128 128 128
-2.61714 2.43626 -1.93786 128 128 128
-2.58263 2.46396 -1.93446 128 128 128
-2.54221 2.48569 -1.92667 128 128 128
-2.49056 2.49564 -1.91013 128 128 128
-2.40272 2.52875 -1.88921 128 128 128
-2.35549 2.54072 -1.87608 128 128 128
-2.32121 2.56619 -1.87365 128 128 128
-2.26415 2.56563 -1.85224 128 128 128
-2.22281 2.58195 -1.84397 128 128 128
-2.16965 2.58358 -1.82548 128 128 128
0.385611 2.38966 -1.29473 128 128 128
0.405828 2.33311 -1.26554 128 128 128
0.415167 2.22579 -1.20764 128 128 128
0.44176 2.2171 -1.2057 128 128 128
0.464362 2.19015 -1.19354 128 128 128
0.491397 2.18514 -1.19402 128 128 128
0.519805 2.18575 -1.19791 128 128 128
0.532451 2.1233 -1.16581 128 128 128
0.541399 2.05244 -1.12883 128 128 128
0.654211 2.06335 -1.15218 128 128 128
0.687484 2.0792 -1.16629 128 128 128
0.69664 2.02356 -1.13856 128 128 128
0.717273 2.00335 -1.13175 128 128 128
0.758631 1.9656 -1.12008 128 128 128
0.787263 1.96749 -1.12689 128 128 128
0.798573 1.92703 -1.1084 128 128 128
0.827697 1.92992 -1.11618 128 128 128
0.844557 1.90446 -1.10694 128 128 128
0.87152 1.90189 -1.11181 128 128 128
0.89104 1.88316 -1.10694 128 128 128
0.905228 1.85404 -1.09575 128 128 128
0.925149 1.83734 -1.09235 128 128 128
0.945202 1.8212 -1.08943 128 128 128
0.958794 1.7933 -1.07921 128 128 128
0.965924 1.75465 -1.06218 128 128 128
0.99603 1.75785 -1.07191 128 128 128
0.969388 1.66332 -1.01889 128 128 128
0.709745 1.18656 -0.716778 128 128 128
0.723792 1.17702 -0.716291 128 128 128
0.778054 1.2307 -0.757643 128 128 128
1.03071 1.5845 -0.999427 128 128 128
1.09391 1.63701 -1.04321 128 128 128
1.10152 1.60548 -1.03105 128 128 128
1.1171 1.58614 -1.02716 128 128 128
1.1334 1.56807 -1.02424 128 128 128
1.14943 1.54984 -1.02132 128 128 128
1.16305 1.52868 -1.01645 128 128 128
1.18226 1.51498 -1.01694 128 128 128
1.19693 1.49559 -1.01354 128 128 128
1.21409 1.47944 -1.01256 128 128 128
1.22933 1.46109 -1.01013 128 128 128
1.24144 1.4393 -1.00527 128 128 128
1.25147 1.41546 -0.998941 128 128 128
1.27051 1.40193 -1.0004 128 128 128
1.27927 1.3773 -0.993589 128 128 128
1.29547 1.36086 -0.993103 128 128 128
1.30352 1.33613 -0.986292 128 128 128
1.31858 1.3188 -0.985319 128 128 128
1.33466 1.30252 -0.985319 128 128 128
0.919131 0.85592 -0.646237 128 128 128
0.939295 0.853356 -0.653534 128 128 128
0.949041 0.841187 -0.653048 128 128 128
0.91223 0.789067 -0.618507 128 128 128
1.12814 0.9506 -0.768345 128 128 128
1.13752 0.889137 -0.750832 128 128 128
1.21132 0.876768 -0.779535 128 128 128
1.23988 0.874373 -0.791697 128 128 128
1.20939 0.831012 -0.763967 128 128 128
1.41312 0.82437 -0.857859 128 128 128
1.40791 0.798389 -0.848129 128 128 128
1.43369 0.789862 -0.858346 128 128 128
1.43479 0.767697 -0.852994 128 128 128
1.39752 0.725996 -0.823805 128 128 128
1.45007 0.730691 -0.851048 128 128 128
1.466 0.716274 -0.855427 128 128 128
1.4731 0.697486 -0.854454 128 128 128
1.50938 0.692028 -0.871481 128 128 128
1.53135 0.679441 -0.879751 128 128 128
1.41097 0.605812 -0.801913 128 128 128
1.55241 0.643651 -0.88267 128 128 128
1.4587 0.584229 -0.821859 128 128 128
1.53347 0.59223 -0.862238 128 128 128
1.5144 0.563685 -0.84667 128 128 128
1.57142 0.5629 -0.876346 128 128 128
1.60054 0.551197 -0.889481 128 128 128
1.62129 0.536142 -0.897751 128 128 128
1.60274 0.508346 -0.883157 128 128 128
1.62392 0.493171 -0.891913 128 128 128
1.64329 0.477069 -0.899697 128 128 128
1.63806 0.453863 -0.893373 128 128 128
1.61054 0.425117 -0.8744 128 128 128
1.64108 0.411633 -0.888994 128 128 128
1.646 0.391463 -0.888994 128 128 128
1.65068 0.371235 -0.888994 128 128 128
1.64229 0.348265 -0.881697 128 128 128
1.64815 0.328423 -0.88267 128 128 128
1.64518 0.306909 -0.878778 128 128 128
1.63505 0.284338 -0.870994 128 128 128
1.68587 0.271778 -0.897751 128 128 128
1.64759 0.24501 -0.8744 128 128 128
1.65999 0.226045 -0.879751 128 128 128
1.66438 0.205867 -0.880724 128 128 128
1.66591 0.185333 -0.880238 128 128 128
1.66545 0.164624 -0.878778 128 128 128
1.6656 0.144028 -0.877805 128 128 128
1.6716 0.12389 -0.880238 128 128 128
1.673 0.103367 -0.880238 128 128 128
1.6689 0.0825837 -0.877319 128 128 128
1.67503 0.0622786 -0.880238 128 128 128
1.67567 0.0417187 -0.880238 128 128 128
1.67605 0.0211525 -0.880238 128 128 128
1.6657 0.000606851 -0.8744 128 128 128
1.66908 -0.0198847 -0.876346 128 128 128
1.66958 -0.0403888 -0.876832 128 128 128
1.67245 -0.0610106 -0.878778 128 128 128
1.66809 -0.0813503 -0.876832 128 128 128
1.66348 -0.101592 -0.874886 128 128 128
1.66124 -0.121932 -0.8744 128 128 128
1.66048 -0.142385 -0.874886 128 128 128
1.66296 -0.163189 -0.877319 128 128 128
1.65996 -0.183486 -0.876832 128 128 128
1.65759 -0.203842 -0.876832 128 128 128
1.64977 -0.223451 -0.873913 128 128 128
1.64172 -0.242898 -0.870994 128 128 128
1.64206 -0.263589 -0.87294 128 128 128
1.64559 -0.28493 -0.876832 128 128 128
1.64197 -0.305103 -0.876832 128 128 128
1.6381 -0.325229 -0.876832 128 128 128
1.59639 -0.33726 -0.855427 128 128 128
1.58617 -0.355471 -0.852021 128 128 128
1.58764 -0.376336 -0.855427 128 128 128
1.57612 -0.394077 -0.851535 128 128 128
1.57792 -0.415185 -0.855427 128 128 128
1.58281 -0.437337 -0.861265 128 128 128
1.58906 -0.46016 -0.868075 128 128 128
1.58246 -0.47937 -0.867589 128 128 128
1.58561 -0.501677 -0.87294 128 128 128
1.59094 -0.52496 -0.879751 128 128 128
1.56787 -0.538722 -0.870021 128 128 128
1.56032 -0.557625 -0.869535 128 128 128
1.54599 -0.573975 -0.865157 128 128 128
1.51359 -0.583098 -0.850075 128 128 128
1.48605 -0.593472 -0.837913 128 128 128
1.49076 -0.616706 -0.845211 128 128 128
1.49591 -0.640491 -0.852994 128 128 128
1.47677 -0.653817 -0.846184 128 128 128
1.49323 -0.683225 -0.861265 128 128 128
1.5013 -0.709379 -0.871481 128 128 128
1.48778 -0.725439 -0.868562 128 128 128
1.48578 -0.747193 -0.87294 128 128 128
1.47108 -0.762541 -0.869535 128 128 128
1.44006 -0.768956 -0.855913 128 128 128
1.45727 -0.801375 -0.87294 128 128 128
1.35737 -1.0858 -0.914778 128 128 128
1.3736 -1.12683 -0.936184 128 128 128
1.349 -1.13457 -0.9284 128 128 128
1.36931 -1.1808 -0.953697 128 128 128
1.34361 -1.18765 -0.945427 128 128 128
1.33281 -1.20757 -0.948346 128 128 128
1.32045 -1.22622 -0.950292 128 128 128
1.3034 -1.24052 -0.948833 128 128 128
1.2873 -1.31899 -0.973157 128 128 128
1.26681 -1.33025 -0.969751 128 128 128
1.25217 -1.34762 -0.971211 128 128 128
1.24197 -1.37002 -0.976562 128 128 128
1.22565 -1.38581 -0.977049 128 128 128
1.22107 -1.41533 -0.987751 128 128 128
1.19856 -1.42418 -0.983373 128 128 128
1.18431 -1.44284 -0.986292 128 128 128
1.16815 -1.45932 -0.987751 128 128 128
1.1598 -1.48596 -0.996508 128 128 128
1.14253 -1.50148 -0.997481 128 128 128
1.1318 -1.52593 -1.00478 128 128 128
1.11452 -1.54183 -1.00624 128 128 128
1.09652 -1.55682 -1.00721 128 128 128
1.07832 -1.5716 -1.00818 128 128 128
1.05895 -1.58472 -1.00818 128 128 128
1.04607 -1.60786 -1.01499 128 128 128
1.02626 -1.62058 -1.01499 128 128 128
0.945937 -1.66974 -1.01548 128 128 128
0.944256 -1.71571 -1.03737 128 128 128
0.92313 -1.72717 -1.03737 128 128 128
0.882636 -1.7011 -1.01402 128 128 128
0.863293 -1.82573 -1.07143 128 128 128
0.844082 -1.84334 -1.07581 128 128 128
0.818932 -1.84797 -1.0724 128 128 128
0.796536 -1.85868 -1.07289 128 128 128
0.755378 -1.82388 -1.04613 128 128 128
0.737274 -1.91203 -1.08797 128 128 128
0.707703 -1.90454 -1.07824 128 128 128
0.653409 -1.89984 -1.06559 128 128 128
0.612354 -1.85375 -1.03397 128 128 128
0.554454 -1.74944 -0.968778 128 128 128
0.377804 -2.18102 -1.17943 128 128 128
0.352653 -2.19585 -1.18527 128 128 128
0.327574 -2.21298 -1.19256 128 128 128
0.301202 -2.2229 -1.19597 128 128 128
0.275056 -2.23597 -1.20132 128 128 128
0.246559 -2.22962 -1.19597 128 128 128
0.221438 -2.25596 -1.2091 128 128 128
0.171255 -1.99035 -1.05927 128 128 128
0.157721 -2.14481 -1.1444 128 128 128
-2.54419 -2.4774 -1.92424 128 128 128
-2.56109 -2.43337 -1.91402 128 128 128
-2.60807 -2.41778 -1.92716 128 128 128
-2.65312 -2.39964 -1.93884 128 128 128
-2.69023 -2.37383 -1.94467 128 128 128
-2.73175 -2.35145 -1.95392 128 128 128
-2.85292 -2.33621 -2.00013 128 128 128
-2.87796 -2.2983 -1.9977 128 128 128
-2.9294 -2.28103 -2.01424 128 128 128
-2.95926 -2.2465 -2.0157 128 128 128
-3.01894 -2.23388 -2.03808 128 128 128
-3.05393 -2.20228 -2.04343 128 128 128
-3.20663 -2.19465 -2.11057 128 128 128
-3.16711 -2.11111 -2.0663 128 128 128
-3.20378 -2.07921 -2.07359 128 128 128
-3.25567 -2.05651 -2.09111 128 128 128
-3.28885 -2.02142 -2.09646 128 128 128
-3.31116 -1.97957 -2.095 128 128 128
-3.42877 -1.93717 -2.13975 128 128 128
-3.44769 -1.89244 -2.13684 128 128 128
-3.49996 -1.86557 -2.15532 128 128 128
-3.52958 -1.82608 -2.1597 128 128 128
-1.19225 -0.601642 -0.690507 128 128 128
-1.20662 -0.590399 -0.694886 128 128 128
-3.78576 -1.50875 -2.21613 128 128 128
-3.80399 -1.46218 -2.21613 128 128 128
-3.76181 -1.3933 -2.18062 128 128 128
-3.90788 -1.39295 -2.257 128 128 128
-3.92468 -1.34489 -2.257 128 128 128
-3.98987 -1.31269 -2.2857 128 128 128
-3.51649 1.85863 -2.30271 128 128 128
-3.50475 1.90781 -2.31036 128 128 128
-3.4473 1.93177 -2.28742 128 128 128
-3.41513 1.9692 -2.28181 128 128 128
-3.38183 2.0057 -2.27569 128 128 128
-3.34814 2.04167 -2.26958 128 128 128
-3.22695 2.13459 -2.23848 128 128 128
-3.1756 2.15712 -2.22064 128 128 128
-3.12983 2.18265 -2.20687 128 128 128
-3.09511 2.21539 -2.20126 128 128 128
-3.04342 2.23539 -2.18342 128 128 128
-2.98826 2.25187 -2.16303 128 128 128
0.716164 2.02924 -1.22093 128 128 128
0.728889 1.98718 -1.20003 128 128 128
0.747719 1.96361 -1.19086 128 128 128
0.770498 1.95109 -1.18882 128 128 128
0.789829 1.93033 -1.18168 128 128 128
0.809773 1.91178 -1.17607 128 128 128
0.829726 1.89382 -1.17097 128 128 128
0.85503 1.88819 -1.17403 128 128 128
0.874861 1.87054 -1.16944 128 128 128
0.948718 1.79341 -1.14803 128 128 128
0.968599 1.77786 -1.14548 128 128 128
0.98488 1.75608 -1.13886 128 128 128
0.99476 1.72373 -1.12509 128 128 128
0.708398 1.19258 -0.767728 128 128 128
0.750732 1.22934 -0.799335 128 128 128
0.768958 1.22514 -0.802903 128 128 128
1.06324 1.64969 -1.10878 128 128 128
1.07914 1.63006 -1.10419 128 128 128
1.0981 1.61527 -1.10317 128 128 128
1.10603 1.58474 -1.09094 128 128 128
1.12139 1.56545 -1.08686 128 128 128
1.13492 1.54394 -1.08125 128 128 128
1.14757 1.52165 -1.07513 128 128 128
1.1609 1.50064 -1.07003 128 128 128
1.17816 1.48493 -1.06901 128 128 128
1.19683 1.47103 -1.06952 128 128 128
1.20543 1.445 -1.06086 128 128 128
1.22755 1.43533 -1.06494 128 128 128
1.2343 1.40786 -1.05525 128 128 128
1.24746 1.38812 -1.05168 128 128 128
1.25974 1.36765 -1.0476 128 128 128
1.27997 1.35584 -1.05066 128 128 128
1.29173 1.33508 -1.04658 128 128 128
1.28744 1.29834 -1.02925 128 128 128
1.31676 1.29573 -1.04047 128 128 128
1.32698 1.27411 -1.03588 128 128 128
1.34314 1.25832 -1.03639 128 128 128
1.35784 1.24116 -1.03588 128 128 128
1.36592 1.2181 -1.03027 128 128 128
0.946201 0.82257 -0.68871 128 128 128
0.945736 0.801982 -0.680553 128 128 128
1.38267 1.14448 -1.00937 128 128 128
1.39193 1.12364 -1.0058 128 128 128
1.16332 0.892515 -0.814628 128 128 128
1.34989 0.910029 -0.910469 128 128 128
1.27614 0.83761 -0.850314 128 128 128
1.45314 0.71665 -0.905881 128 128 128
1.44398 0.690214 -0.894156 128 128 128
1.46795 0.679685 -0.904352 128 128 128
1.59703 0.491684 -0.935959 128 128 128
1.61367 0.475217 -0.942586 128 128 128
1.59206 0.44767 -0.925763 128 128 128
1.5858 0.424972 -0.918626 128 128 128
1.58506 0.403987 -0.915058 128 128 128
1.56398 0.378213 -0.899254 128 128 128
1.57941 0.361497 -0.905881 128 128 128
1.49845 0.304389 -0.851843 128 128 128
1.65206 -0.0540165 -0.925253 128 128 128
1.64783 -0.0741341 -0.923214 128 128 128
1.66655 -0.0954642 -0.93494 128 128 128
1.65067 -0.114905 -0.926273 128 128 128
1.63541 -0.134041 -0.918116 128 128 128
1.6542 -0.15602 -0.930351 128 128 128
1.64703 -0.175765 -0.927293 128 128 128
1.62852 -0.194044 -0.917607 128 128 128
1.71302 -0.225387 -0.969605 128 128 128
1.61219 -0.232366 -0.910979 128 128 128
1.61517 -0.253059 -0.914548 128 128 128
1.67218 -0.283001 -0.950743 128 128 128
1.57038 -0.285726 -0.891607 128 128 128
1.60054 -0.31152 -0.911999 128 128 128
1.60923 -0.333746 -0.919646 128 128 128
1.61006 -0.354575 -0.922704 128 128 128
1.61061 -0.375473 -0.925763 128 128 128
1.60672 -0.395415 -0.926273 128 128 128
1.59342 -0.412951 -0.921175 128 128 128
1.56747 -0.426841 -0.90843 128 128 128
1.54805 -0.442042 -0.899764 128 128 128
1.53591 -0.45904 -0.895685 128 128 128
1.50141 -0.468905 -0.877843 128 128 128
1.51764 -0.494469 -0.891607 128 128 128
1.50983 -0.512504 -0.890588 128 128 128
1.50586 -0.531851 -0.892117 128 128 128
1.51861 -0.557387 -0.904352 128 128 128
1.43207 -0.735557 -0.899764 128 128 128
1.40696 -0.744639 -0.889058 128 128 128
1.47026 -0.801308 -0.937998 128 128 128
1.39501 -0.782726 -0.893646 128 128 128
1.39988 -1.08307 -0.994585 128 128 128
1.34183 -1.1765 -1.00325 128 128 128
1.33049 -1.19575 -1.0058 128 128 128
1.31255 -1.20908 -1.00325 128 128 128
1.22813 -1.1596 -0.946665 128 128 128
1.27939 -1.26868 -1.01345 128 128 128
1.27822 -1.29899 -1.02568 128 128 128
1.27232 -1.32512 -1.03435 128 128 128
1.25361 -1.33812 -1.03231 128 128 128
1.23883 -1.35531 -1.03384 128 128 128
1.22555 -1.37426 -1.0369 128 128 128
1.21142 -1.39244 -1.03945 128 128 128
1.19814 -1.41179 -1.04302 128 128 128
1.17963 -1.42506 -1.042 128 128 128
1.16584 -1.44411 -1.04556 128 128 128
1.15495 -1.46709 -1.05219 128 128 128
1.13109 -1.47365 -1.04658 128 128 128
1.11963 -1.49637 -1.05321 128 128 128
1.1022 -1.51138 -1.05423 128 128 128
1.08507 -1.5269 -1.05576 128 128 128
1.07458 -1.55212 -1.06443 128 128 128
-2.41663 -2.49956 -2.00601 128 128 128
-2.47254 -2.4954 -2.02742 128 128 128
-2.52504 -2.48661 -2.04578 128 128 128
-2.54916 -2.44947 -2.04068 128 128 128
-2.60036 -2.43802 -2.05801 128 128 128
-2.63833 -2.41348 -2.06464 128 128 128
-2.73309 -2.37965 -2.09319 128 128 128
-2.79092 -2.37045 -2.11562 128 128 128
-2.84166 -2.35414 -2.13244 128 128 128
-2.87903 -2.32613 -2.13907 128 128 128
-2.91479 -2.29648 -2.14468 128 128 128
-2.95912 -2.27312 -2.15691 128 128 128
-3.004 -2.24954 -2.16966 128 128 128
-3.06125 -2.23433 -2.19158 128 128 128
-3.10035 -2.20507 -2.20024 128 128 128
-3.13496 -2.17225 -2.20585 128 128 128
-3.19275 -2.15481 -2.22828 128 128 128
-3.23907 -2.1287 -2.24256 128 128 128
-3.2722 -2.09343 -2.24765 128 128 128
-3.3137 -2.06313 -2.25887 128 128 128
-3.36526 -2.03836 -2.27722 128 128 128
-3.38818 2.05375 -2.41988 128 128 128
-3.34258 2.08259 -2.40505 128 128 128
-3.28322 2.10192 -2.38015 128 128 128
-3.24939 2.13692 -2.37432 128 128 128
-3.20747 2.16617 -2.36267 128 128 128
-3.19597 2.21602 -2.37432 128 128 128
-3.08724 2.2547 -2.333 128 128 128
-3.04103 2.27867 -2.3187 128 128 128
-2.99873 2.30494 -2.30757 128 128 128
-2.93895 2.31685 -2.28267 128 128 128
-2.90041 2.34473 -2.27472 128 128 128
-2.85185 2.36389 -2.25883 128 128 128
-2.7897 2.37066 -2.23181 128 128 128
-2.76998 2.41308 -2.23976 128 128 128
-2.72562 2.43388 -2.22758 128 128 128
-2.6943 2.466 -2.22652 128 128 128
-2.63541 2.47215 -2.20215 128 128 128
-2.59694 2.49665 -2.19526 128 128 128
-2.5287 2.49138 -2.16241 128 128 128
0.752526 1.99993 -1.27981 128 128 128
0.760579 1.94871 -1.25174 128 128 128
0.776762 1.92037 -1.23902 128 128 128
0.800928 1.91226 -1.24008 128 128 128
0.818573 1.88907 -1.23108 128 128 128
0.842738 1.8812 -1.23266 128 128 128
0.860391 1.85918 -1.22472 128 128 128
0.880571 1.84313 -1.22101 128 128 128
0.903499 1.83295 -1.22154 128 128 128
0.919749 1.80964 -1.21306 128 128 128
1.00551 1.91904 -1.29836 128 128 128
0.957009 1.77385 -1.20406 128 128 128
0.971262 1.74864 -1.19452 128 128 128
0.686729 1.20417 -0.810967 128 128 128
0.689371 1.1752 -0.796133 128 128 128
0.715193 1.1855 -0.809907 128 128 128
1.08399 1.69721 -1.203 128 128 128
1.07859 1.64413 -1.17333 128 128 128
1.08442 1.6097 -1.15744 128 128 128
1.107 1.60045 -1.16062 128 128 128
1.10833 1.5612 -1.14101 128 128 128
1.12991 1.5509 -1.14366 128 128 128
1.13867 1.52336 -1.13307 128 128 128
1.15883 1.51128 -1.13466 128 128 128
1.17414 1.49296 -1.13148 128 128 128
1.17475 1.45669 -1.114 128 128 128
1.19579 1.44608 -1.11717 128 128 128
1.20684 1.42355 -1.11082 128 128 128
1.22757 1.41247 -1.114 128 128 128
1.23972 1.39161 -1.10923 128 128 128
1.2481 1.36692 -1.10128 128 128 128
1.26478 1.3515 -1.10128 128 128 128
1.28303 1.33771 -1.10287 128 128 128
1.29757 1.32005 -1.10128 128 128 128
1.30462 1.29509 -1.09333 128 128 128
1.3369 1.29487 -1.10764 128 128 128
1.32674 1.25396 -1.08539 128 128 128
1.3439 1.23931 -1.08698 128 128 128
1.35143 1.21593 -1.08062 128 128 128
0.922928 0.812051 -0.712959 128 128 128
0.942508 0.808915 -0.720906 128 128 128
1.35548 1.1323 -1.0483 128 128 128
1.40156 1.14175 -1.07426 128 128 128
1.40282 1.11447 -1.0642 128 128 128
1.39288 1.07905 -1.04566 128 128 128
1.14237 0.820639 -0.823681 128 128 128
1.44228 0.633702 -0.929106 128 128 128
1.42338 0.604755 -0.911094 128 128 128
1.39927 0.574451 -0.889903 128 128 128
1.46147 0.578946 -0.926987 128 128 128
1.44308 0.551354 -0.910034 128 128 128
1.42345 0.524012 -0.892552 128 128 128
1.49059 0.52785 -0.932814 128 128 128
1.47446 0.50193 -0.917981 128 128 128
1.49341 0.487976 -0.926457 128 128 128
1.48795 0.466096 -0.91904 128 128 128
1.51145 0.453109 -0.930695 128 128 128
1.52342 0.436377 -0.934933 128 128 128
1.46971 0.401722 -0.89679 128 128 128
1.4956 0.369554 -0.907385 128 128 128
1.50746 0.352891 -0.912153 128 128 128
1.51748 0.335631 -0.915862 128 128 128
1.49407 0.311354 -0.898379 128 128 128
1.51943 0.297166 -0.912153 128 128 128
1.52664 -0.0610785 -0.899439 128 128 128
1.57698 -0.180123 -0.936523 128 128 128
1.62848 -0.206435 -0.970428 128 128 128
1.51078 -0.210064 -0.897849 128 128 128
1.55671 -0.236102 -0.928576 128 128 128
1.54198 -0.25323 -0.921159 128 128 128
1.58801 -0.280988 -0.952416 128 128 128
1.61359 -0.306066 -0.970958 128 128 128
1.61885 -0.32772 -0.976785 128 128 128
1.61719 -0.348103 -0.978375 128 128 128
1.60867 -0.366968 -0.975726 128 128 128
1.57685 -0.380048 -0.958243 128 128 128
1.55893 -0.395993 -0.949767 128 128 128
1.53921 -0.411113 -0.940231 128 128 128
1.49162 -0.417948 -0.912683 128 128 128
1.48556 -0.43598 -0.912153 128 128 128
1.47362 -0.452168 -0.907915 128 128 128
1.47926 -0.473873 -0.915332 128 128 128
1.49503 -0.499305 -0.929636 128 128 128
1.57603 -0.548221 -0.987381 128 128 128
1.47356 -0.532648 -0.923808 128 128 128
1.3843 -0.767828 -0.933874 128 128 128
1.41762 -0.83264 -0.972017 128 128 128
1.34641 -0.812975 -0.927517 128 128 128
1.2611 -0.804084 -0.879307 128 128 128
1.20424 -0.853665 -0.867123 128 128 128
1.16699 -0.848839 -0.846462 128 128 128
1.23583 -0.94659 -0.917451 128 128 128
1.24255 -1.02667 -0.951886 128 128 128
1.21443 -1.05462 -0.949767 128 128 128
1.20068 -1.09558 -0.960362 128 128 128
1.31319 -1.22876 -1.06844 128 128 128
1.2919 -1.23889 -1.06314 128 128 128
1.28566 -1.26359 -1.07108 128 128 128
1.26094 -1.33415 -1.09175 128 128 128
1.23128 -1.33515 -1.07956 128 128 128
1.21763 -1.35332 -1.08221 128 128 128
1.2054 -1.37327 -1.08645 128 128 128
1.18955 -1.38925 -1.08751 128 128 128
1.18109 -1.41418 -1.09598 128 128 128
1.16204 -1.42659 -1.09439 128 128 128
1.14708 -1.44407 -1.09704 128 128 128
1.13652 -1.46745 -1.10446 128 128 128
1.11792 -1.4806 -1.10393 128 128 128
1.10417 -1.50037 -1.1087 128 128 128
1.09011 -1.52002 -1.11347 128 128 128
1.07331 -1.53607 -1.11559 128 128 128
1.05438 -1.54912 -1.11559 128 128 128
1.04183 -1.57186 -1.123 128 128 128
1.02338 -1.58595 -1.12406 128 128 128
1.00833 -1.60559 -1.12936 128 128 128
0.974458 -1.59465 -1.11241 128 128 128
0.92173 -1.68974 -1.14737 128 128 128
0.925826 -1.7482 -1.18075 128 128 128
0.826988 -1.82411 -1.19611 128 128 128
0.786915 -1.79369 -1.16856 128 128 128
0.778679 -1.83604 -1.19081 128 128 128
0.768881 -1.87688 -1.212 128 128 128
0.746721 -1.88854 -1.21359 128 128 128
0.726193 -1.9047 -1.21836 128 128 128
0.703637 -1.91586 -1.21995 128 128 128
0.686814 -1.94356 -1.23266 128 128 128
0.662912 -1.95184 -1.23266 128 128 128
0.637343 -1.95498 -1.22949 128 128 128
-2.91393 -2.30884 -2.26731 128 128 128
-2.96623 -2.29154 -2.28638 128 128 128
-3.02057 -2.27484 -2.30704 128 128 128
-3.0681 -2.25213 -2.3224 128 128 128
-3.13417 -2.2419 -2.35207 128 128 128
-3.19878 -2.17144 -2.36002 128 128 128
-3.23439 -2.13809 -2.36691 128 128 128
-3.27038 -2.10466 -2.37432 128 128 128
-3.29596 -2.06437 -2.37432 128 128 128
-3.33771 -2.0339 -2.38651 128 128 128
-3.4055 -2.01825 -2.41776 128 128 128
-3.44766 -1.98645 -2.43048 128 128 128
-3.50584 -1.96301 -2.45485 128 128 128
-3.5319 -1.92106 -2.45644 128 128 128
-3.56346 -1.88192 -2.46226 128 128 128
-3.60366 -1.84692 -2.47445 128 128 128
-1.23847 -0.618949 -0.809907 128 128 128
0.675708 2.00002 -1.34432 128 128 128
0.697166 1.98293 -1.33824 128 128 128
0.716023 1.95935 -1.32773 128 128 128
0.737063 1.94262 -1.32221 128 128 128
0.755669 1.92024 -1.31281 128 128 128
0.775721 1.90234 -1.30673 128 128 128
0.79286 1.87808 -1.29622 128 128 128
0.814849 1.86592 -1.29457 128 128 128
0.835631 1.85122 -1.29125 128 128 128
0.914844 1.78721 -1.27577 128 128 128
0.934377 1.77143 -1.27245 128 128 128
0.953264 1.7547 -1.26858 128 128 128
0.689164 1.23137 -0.879958 128 128 128
0.69094 1.19969 -0.862268 128 128 128
0.710697 1.19973 -0.868902 128 128 128
1.00403 1.64955 -1.22491 128 128 128
1.03126 1.64841 -1.23376 128 128 128
1.05366 1.63914 -1.23652 128 128 128
1.06911 1.61913 -1.23099 128 128 128
1.08843 1.6052 -1.23044 128 128 128
1.10377 1.58556 -1.22546 128 128 128
1.11879 1.56579 -1.22049 128 128 128
1.1266 1.53648 -1.20777 128 128 128
1.14036 1.51588 -1.20225 128 128 128
1.15278 1.49385 -1.19561 128 128 128
1.16792 1.47566 -1.1923 128 128 128
1.18017 1.4541 -1.18621 128 128 128
1.19633 1.43758 -1.18456 128 128 128
1.20848 1.41645 -1.17903 128 128 128
1.21261 1.38645 -1.16576 128 128 128
1.23065 1.37271 -1.16687 128 128 128
1.23782 1.34706 -1.15747 128 128 128
1.49378 0.881392 -1.09445 128 128 128
1.5081 0.86507 -1.09721 128 128 128
1.51496 0.844467 -1.09445 128 128 128
1.51935 0.822633 -1.09003 128 128 128
1.50102 0.504697 -0.99439 128 128 128
1.26186 -1.27931 -1.13591 128 128 128
1.25185 -1.3007 -1.14144 128 128 128
1.23237 -1.31232 -1.13812 128 128 128
1.22068 -1.33226 -1.14254 128 128 128
1.19924 -1.34155 -1.13757 128 128 128
1.19365 -1.36872 -1.14862 128 128 128
1.15622 -1.35916 -1.12762 128 128 128
1.1565 -1.39375 -1.14531 128 128 128
1.08159 -1.33663 -1.0845 128 128 128
1.06821 -1.35373 -1.08781 128 128 128
1.02515 -1.36688 -1.07731 128 128 128
1.04572 -1.43045 -1.11932 128 128 128
1.03922 -1.45878 -1.13204 128 128 128
0.991747 -1.429 -1.09777 128 128 128
1.00918 -1.49281 -1.13923 128 128 128
0.939554 -1.6852 -1.22381 128 128 128
0.927546 -1.71272 -1.23597 128 128 128
0.898302 -1.70849 -1.22436 128 128 128
0.850331 -1.77269 -1.24813 128 128 128
0.8359 -1.79885 -1.25974 128 128 128
0.812735 -1.8067 -1.25808 128 128 128
0.796498 -1.83028 -1.26803 128 128 128
-2.98377 -2.29784 -2.4422 128 128 128
-3.07019 -2.24657 -2.46763 128 128 128
-3.10567 -2.21453 -2.47426 128 128 128
-0.12338 1.35064 -0.888955 128 128 128
0.769876 1.8167 -1.3191 128 128 128
0.78769 1.73904 -1.27448 128 128 128
0.925217 1.74829 -1.32253 128 128 128
0.660011 1.21386 -0.906687 128 128 128
0.670021 1.1971 -0.899823 128 128 128
0.683837 1.18737 -0.898679 128 128 128
0.710969 1.20002 -0.915839 128 128 128
0.710196 1.16603 -0.895247 128 128 128
0.723139 1.15515 -0.893531 128 128 128
0.725217 1.1276 -0.878087 128 128 128
0.734909 1.11247 -0.872939 128 128 128
0.749431 1.10472 -0.874083 128 128 128
1.05265 1.5084 -1.22586 128 128 128
1.10176 1.53797 -1.26247 128 128 128
1.12445 1.52962 -1.26705 128 128 128
1.1362 1.50655 -1.25904 128 128 128
1.14906 1.48537 -1.25275 128 128 128
1.15595 1.45705 -1.24016 128 128 128
1.16907 1.43704 -1.23502 128 128 128
1.18399 1.41944 -1.23216 128 128 128
1.19864 1.4017 -1.2293 128 128 128
1.2125 1.38319 -1.22586 128 128 128
1.21344 1.35055 -1.20928 128 128 128
1.23939 1.34579 -1.219 128 128 128
1.24678 1.32096 -1.20985 128 128 128
1.25775 1.30027 -1.2047 128 128 128
1.2684 1.2795 -1.19955 128 128 128
1.14018 1.01801 -1.00908 128 128 128
1.1067 0.964214 -0.966747 128 128 128
1.11657 0.948973 -0.965031 128 128 128
1.09634 0.8219 -0.898679 128 128 128
1.48628 0.826792 -1.1292 128 128 128
1.4927 0.806551 -1.12634 128 128 128
1.49958 0.786656 -1.12405 128 128 128
1.45491 0.223147 -0.969607 128 128 128
1.4682 0.115575 -0.970179 128 128 128
1.58248 0.104695 -1.04912 128 128 128
1.56316 0.0842242 -1.03482 128 128 128
1.57637 0.0655106 -1.0434 128 128 128
1.5746 0.0460963 -1.04168 128 128 128
1.52829 0.0261117 -1.00908 128 128 128
1.48585 0.00727797 -0.979331 128 128 128
1.48582 -0.0109562 -0.979331 128 128 128
1.47287 -0.137764 -0.974755 128 128 128
1.46661 -0.173572 -0.973039 128 128 128
1.44729 -0.189269 -0.961027 128 128 128
1.37768 -0.302049 -0.926707 128 128 128
1.37213 -0.768758 -1.03996 128 128 128
1.39089 -0.824903 -1.07085 128 128 128
1.39604 -0.851347 -1.08344 128 128 128
1.16753 -0.751088 -0.911263 128 128 128
1.10257 -0.829987 -0.905543 128 128 128
1.09972 -1.06278 -1.00965 128 128 128
1.06585 -1.08183 -1.00221 128 128 128
1.05948 -1.34511 -1.1372 128 128 128
0.994805 -1.32859 -1.1006 128 128 128
0.994082 -1.43524 -1.16066 128 128 128
0.940296 -1.39352 -1.11547 128 128 128
0.842959 -1.65698 -1.23959 128 128 128
0.428496 -1.27469 -0.880947 128 128 128
0.183198 -1.42658 -0.946155 128 128 128
0.715863 1.17892 -0.961992 128 128 128
0.972909 1.51789 -1.27539 128 128 128
0.750069 1.1534 -1.00905 128 128 128
0.959901 0.849524 -0.936081 128 128 128
0.994268 0.719561 -0.893772 128 128 128
1.32706 -0.688682 -1.10164 128 128 128
1.31943 -0.726406 -1.11023 128 128 128
1.17269 -0.847594 -1.06424 128 128 128
1.08118 -0.801424 -0.985749 128 128 128
-0.968837 -0.581922 -0.81835 128 128 128
0.672414 1.93045 -1.62106 128 128 128
0.699727 1.93222 -1.62995 128 128 128
0.716061 1.90396 -1.6128 128 128 128
0.738531 1.89287 -1.61089 128 128 128
0.75708 1.87221 -1.60073 128 128 128
0.556072 1.16278 -0.999762 128 128 128
0.587683 1.19121 -1.03216 128 128 128
0.595619 1.17082 -1.02009 128 128 128
0.969419 1.47728 -1.39299 128 128 128
0.823049 1.10003 -1.06964 128 128 128
0.853388 1.11192 -1.09251 128 128 128
0.975435 0.920833 -1.04296 128 128 128
1.16137 0.810687 -1.10458 128 128 128
1.17031 0.754397 -1.08489 128 128 128
1.21282 0.760948 -1.11729 128 128 128
1.2504 0.763342 -1.1446 128 128 128
1.29949 0.77164 -1.18272 128 128 128
1.39388 -0.645362 -1.20305 128 128 128
1.45209 -0.693991 -1.2634 128 128 128
1.40638 -0.715095 -1.23735 128 128 128
1.07486 -1.16654 -1.24434 128 128 128
1.17212 -1.30358 -1.38156 128 128 128
1.16215 -1.32483 -1.38918 128 128 128
1.10967 -1.36312 -1.38537 128 128 128
1.11834 -1.40867 -1.41904 128 128 128
1.10806 -1.43144 -1.42857 128 128 128
-0.79119 -0.886885 -0.917177 128 128 128
-1.05739 0.55547 -0.968692 128 128 128
-0.609896 0.973733 -0.929511 128 128 128
0.673296 1.91482 -1.68898 128 128 128
0.687061 1.88012 -1.66482 128 128 128
0.695481 1.83335 -1.62955 128 128 128
0.730483 1.85636 -1.65894 128 128 128
0.750907 1.84165 -1.65371 128 128 128
0.773154 1.8316 -1.65306 128 128 128
0.790696 1.81088 -1.64261 128 128 128
0.803775 1.78104 -1.62368 128 128 128
0.81978 1.75871 -1.61192 128 128 128
0.573347 1.15878 -1.05359 128 128 128
0.584057 1.14492 -1.04706 128 128 128
0.606226 1.15305 -1.06208 128 128 128
0.919464 1.64479 -1.5636 128 128 128
0.922509 1.60388 -1.53421 128 128 128
0.974638 1.60208 -1.55576 128 128 128
0.979709 1.56692 -1.53225 128 128 128
1.05151 1.51137 -1.52638 128 128 128
1.05805 1.48175 -1.50874 128 128 128
1.07346 1.46499 -1.50483 128 128 128
1.10871 1.47467 -1.52964 128 128 128
1.10908 1.43821 -1.50483 128 128 128
0.881593 1.03591 -1.1117 128 128 128
1.16769 1.3362 -1.46891 128 128 128
1.19363 1.33246 -1.48132 128 128 128
1.20681 1.31438 -1.4774 128 128 128
1.08062 0.921371 -1.16329 128 128 128
1.4456 0.807054 -1.36638 128 128 128
1.44206 0.782073 -1.35332 128 128 128
1.4596 0.768528 -1.36116 128 128 128
1.24991 0.305933 -1.04836 128 128 128
1.37839 -0.662068 -1.25733 128 128 128
1.45214 -0.719882 -1.33635 128 128 128
1.44522 -0.738688 -1.3383 128 128 128
1.43337 -0.754947 -1.33569 128 128 128
1.4333 -0.777564 -1.34483 128 128 128
1.43751 -0.802891 -1.35855 128 128 128
1.41772 -0.814781 -1.34875 128 128 128
1.39916 -0.827082 -1.34026 128 128 128
1.3973 -0.849328 -1.34875 128 128 128
1.32523 -0.827704 -1.28606 128 128 128
1.30797 -0.839383 -1.27888 128 128 128
1.13277 -1.36396 -1.4676 128 128 128
1.1131 -1.37422 -1.46368 128 128 128
1.10738 -1.40207 -1.47936 128 128 128
1.04776 -1.46955 -1.49503 128 128 128
1.02577 -1.47669 -1.48915 128 128 128
1.01687 -1.50299 -1.50352 128 128 128
0.996693 -1.51282 -1.50091 128 128 128
0.923898 -1.52125 -1.47348 128 128 128
0.888292 -1.50373 -1.44475 128 128 128
0.911057 -1.58688 -1.51658 128 128 128
0.896289 -1.60655 -1.52507 128 128 128
0.830725 -1.62697 -1.51397 128 128 128
0.833094 -1.68257 -1.55772 128 128 128
0.816946 -1.70224 -1.56686 128 128 128
0.796948 -1.7142 -1.56882 128 128 128
0.798103 -1.77363 -1.61584 128 128 128
0.748433 -1.84184 -1.65306 128 128 128
0.721928 -1.841 -1.64392 128 128 128
0.700612 -1.85327 -1.64718 128 128 128
0.676273 -1.85745 -1.64327 128 128 128
0.666603 -1.90353 -1.67788 128 128 128
0.636 -1.89001 -1.65829 128 128 128
0.612989 -1.8984 -1.65894 128 128 128
0.594533 -1.92171 -1.67331 128 128 128
0.570693 -1.92813 -1.67265 128 128 128
0.501238 -1.77163 -1.52638 128 128 128
0.604613 1.97935 -1.82823 128 128 128
0.60939 1.91058 -1.76955 128 128 128
0.63279 1.90296 -1.76955 128 128 128
0.654167 1.88947 -1.76415 128 128 128
0.671566 1.86532 -1.74864 128 128 128
0.690794 1.84725 -1.73919 128 128 128
0.712078 1.83519 -1.73582 128 128 128
0.828069 1.74182 -1.69939 128 128 128
0.580001 1.1812 -1.13951 128 128 128
0.587133 1.15949 -1.12467 128 128 128
0.608814 1.16661 -1.13951 128 128 128
0.680421 1.22952 -1.22113 128 128 128
0.971557 1.5696 -1.62384 128 128 128
0.987975 1.55319 -1.61912 128 128 128
1.00535 1.53848 -1.61642 128 128 128
1.0221 1.52296 -1.61305 128 128 128
1.029 1.49327 -1.59416 128 128 128
0.971032 1.37258 -1.47342 128 128 128
1.11435 1.38646 -1.56246 128 128 128
1.1294 1.3704 -1.55976 128 128 128
1.15327 1.36491 -1.56988 128 128 128
0.864754 0.819177 -1.02551 128 128 128
1.38485 0.849215 -1.42147 128 128 128
1.40023 0.835188 -1.42687 128 128 128
1.40336 0.813861 -1.41945 128 128 128
1.41067 0.795126 -1.41675 128 128 128
1.42226 0.77882 -1.41878 128 128 128
1.43041 0.760614 -1.41743 128 128 128
1.43373 0.73995 -1.41136 128 128 128
1.53441 0.768331 -1.50512 128 128 128
1.44681 0.702281 -1.40663 128 128 128
1.31227 -0.436903 -1.20089 128 128 128
1.46046 -0.587749 -1.3756 128 128 128
1.47223 -0.613559 -1.39449 128 128 128
1.46662 -0.632454 -1.39652 128 128 128
1.44261 -0.664558 -1.38842 128 128 128
1.43634 -0.68316 -1.39045 128 128 128
1.43382 -0.703656 -1.39652 128 128 128
1.43101 -0.724192 -1.40259 128 128 128
1.42005 -0.740676 -1.40056 128 128 128
1.4115 -0.758395 -1.40124 128 128 128
1.39568 -0.79463 -1.40461 128 128 128
1.39028 -0.814304 -1.40933 128 128 128
1.10643 -1.35392 -1.5348 128 128 128
1.09572 -1.37489 -1.54357 128 128 128
1.07922 -1.38882 -1.54424 128 128 128
1.02251 -1.45822 -1.56448 128 128 128
1.00579 -1.47249 -1.56651 128 128 128
0.988868 -1.48656 -1.56853 128 128 128
0.963719 -1.48806 -1.55706 128 128 128
0.840855 -1.6789 -1.65285 128 128 128
0.820512 -1.68976 -1.65352 128 128 128
0.801288 -1.70304 -1.6569 128 128 128
0.796581 -1.74834 -1.69265 128 128 128
0.732535 -1.77852 -1.69467 128 128 128
0.718581 -1.80726 -1.71423 128 128 128
0.697409 -1.8187 -1.71693 128 128 128
-1.00727 0.445639 -0.990696 128 128 128
0.724328 1.80449 -1.79769 128 128 128
0.744744 1.79147 -1.79354 128 128 128
0.763512 1.7749 -1.78594 128 128 128
0.778739 1.7509 -1.77072 128 128 128
0.798043 1.73662 -1.76588 128 128 128
0.563953 1.19222 -1.19884 128 128 128
0.566725 1.16123 -1.17326 128 128 128
0.648679 1.24936 -1.2839 128 128 128
0.890341 1.66089 -1.7403 128 128 128
0.906797 1.6429 -1.73269 128 128 128
0.917569 1.61534 -1.71471 128 128 128
0.631574 1.08402 -1.1373 128 128 128
0.645577 1.07742 -1.13868 128 128 128
0.64731 1.05101 -1.11793 128 128 128
1.01867 1.48135 -1.65731 128 128 128
1.03719 1.46933 -1.65801 128 128 128
1.05301 1.45357 -1.65455 128 128 128
1.05476 1.41913 -1.62896 128 128 128
1.07078 1.40436 -1.62689 128 128 128
1.16248 1.28011 -1.59162 128 128 128
0.993204 0.68187 -1.08958 128 128 128
1.33154 0.774964 -1.41114 128 128 128
1.35079 0.742399 -1.41183 128 128 128
1.41151 0.753148 -1.46784 128 128 128
1.42514 0.738081 -1.47268 128 128 128
1.41599 0.711513 -1.45332 128 128 128
1.42657 0.695026 -1.45539 128 128 128
1.43303 0.676549 -1.45332 128 128 128
1.44517 0.660702 -1.45747 128 128 128
1.45118 0.642047 -1.45539 128 128 128
1.46049 0.603776 -1.44917 128 128 128
1.46846 0.586074 -1.44986 128 128 128
1.47554 0.568009 -1.44986 128 128 128
1.4824 0.549859 -1.44986 128 128 128
1.47814 0.527775 -1.4388 128 128 128
1.49681 0.513779 -1.45124 128 128 128
1.50163 0.494924 -1.44986 128 128 128
1.41796 0.448448 -1.35996 128 128 128
1.32448 0.0486892 -1.20507 128 128 128
1.4654 -0.505157 -1.42013 128 128 128
1.46521 -0.525315 -1.42635 128 128 128
1.46271 -0.544782 -1.4305 128 128 128
1.45995 -0.564266 -1.43465 128 128 128
1.47367 -0.590535 -1.45608 128 128 128
1.45032 -0.601878 -1.43949 128 128 128
1.4488 -0.622216 -1.44571 128 128 128
1.45753 -0.64733 -1.463 128 128 128
1.43047 -0.65637 -1.44295 128 128 128
1.42621 -0.675743 -1.44709 128 128 128
1.41911 -0.693832 -1.44848 128 128 128
1.41113 -0.711522 -1.44917 128 128 128
1.40422 -0.729791 -1.45124 128 128 128
1.38753 -0.742852 -1.44295 128 128 128
1.33473 -0.73562 -1.39523 128 128 128
1.38581 -0.786359 -1.46162 128 128 128
1.37543 -0.80294 -1.46093 128 128 128
1.36424 -0.81901 -1.45954 128 128 128
1.35531 -0.836453 -1.46093 128 128 128
1.35103 -0.85691 -1.46784 128 128 128
1.11165 -1.35733 -1.61582 128 128 128
1.08323 -1.35616 -1.59784 128 128 128
1.02885 -1.42647 -1.61997 128 128 128
1.01623 -1.44609 -1.62827 128 128 128
0.997597 -1.45726 -1.62689 128 128 128
0.973655 -1.46036 -1.61652 128 128 128
0.937317 -1.5248 -1.64971 128 128 128
0.921856 -1.54177 -1.65593 128 128 128
0.907925 -1.56173 -1.66561 128 128 128
0.89152 -1.57779 -1.67115 128 128 128
0.893188 -1.6273 -1.71333 128 128 128
0.846049 -1.63524 -1.69881 128 128 128
0.828819 -1.65131 -1.70503 128 128 128
0.818236 -1.68152 -1.72647 128 128 128
0.797846 -1.69209 -1.72716 128 128 128
0.783881 -1.71689 -1.74306 128 128 128
0.747715 -1.75024 -1.75828 128 128 128
0.730288 -1.76931 -1.76865 128 128 128
0.706927 -1.77411 -1.7645 128 128 128
0.68922 -1.79345 -1.77556 128 128 128
0.667907 -1.8038 -1.77764 128 128 128
0.647888 -1.81799 -1.78386 128 128 128
0.629247 -1.83675 -1.79493 128 128 128
0.607108 -1.84571 -1.79631 128 128 128
0.586351 -1.85923 -1.80253 128 128 128
0.566597 -1.87666 -1.81291 128 128 128
0.551266 -1.91056 -1.83987 128 128 128
0.502325 -1.82379 -1.74721 128 128 128
-0.256992 -1.14668 -1.06123 128 128 128
0.625969 1.89549 -1.9607 128 128 128
0.644174 1.87306 -1.94503 128 128 128
0.663102 1.85378 -1.93292 128 128 128
0.678728 1.82642 -1.91226 128 128 128
0.695799 1.8042 -1.8973 128 128 128
0.764192 1.72424 -1.84885 128 128 128
0.554609 1.20983 -1.28535 128 128 128
0.551746 1.16548 -1.24332 128 128 128
0.577681 1.1826 -1.27039 128 128 128
0.596559 1.1842 -1.28036 128 128 128
0.854291 1.64671 -1.81751 128 128 128
0.877406 1.64168 -1.82392 128 128 128
0.939972 1.56834 -1.79044 128 128 128
0.956942 1.5531 -1.78616 128 128 128
0.968806 1.52997 -1.77263 128 128 128
0.990947 1.52326 -1.77904 128 128 128
0.997107 1.4923 -1.75624 128 128 128
1.01495 1.47937 -1.75553 128 128 128
0.790929 1.03879 -1.2597 128 128 128
0.737207 0.943747 -1.14999 128 128 128
0.753113 0.940112 -1.15712 128 128 128
1.08521 1.32223 -1.67075 128 128 128
0.87414 0.664276 -1.04883 128 128 128
1.35509 0.881397 -1.57529 128 128 128
1.37638 0.824779 -1.56318 128 128 128
1.38034 0.804287 -1.55606 128 128 128
1.38461 0.784169 -1.54965 128 128 128
1.3886 0.764068 -1.54324 128 128 128
1.39973 0.747965 -1.54537 128 128 128
1.40631 0.729436 -1.54252 128 128 128
1.41328 0.711175 -1.54039 128 128 128
1.27691 0.622844 -1.37654 128 128 128
1.46138 0.69101 -1.57529 128 128 128
1.43148 0.655453 -1.53255 128 128 128
1.42531 0.631568 -1.51688 128 128 128
1.44327 0.618463 -1.52828 128 128 128
1.44945 0.600167 -1.52685 128 128 128
1.44889 0.5792 -1.5183 128 128 128
1.45196 0.559857 -1.51403 128 128 128
1.4482 0.538075 -1.50263 128 128 128
1.4514 0.519078 -1.49907 128 128 128
1.46429 0.503517 -1.50619 128 128 128
1.20581 0.11822 -1.16424 128 128 128
1.18175 0.0866057 -1.13717 128 128 128
1.18202 0.0720536 -1.13646 128 128 128
1.58566 -0.438942 -1.6045 128 128 128
1.47093 -0.426806 -1.48909 128 128 128
1.4676 -0.445434 -1.49123 128 128 128
1.46001 -0.462776 -1.48909 128 128 128
1.45222 -0.479999 -1.48696 128 128 128
1.45817 -0.501882 -1.49978 128 128 128
1.35474 -0.485077 -1.39506 128 128 128
1.4374 -0.55471 -1.49836 128 128 128
1.43309 -0.573347 -1.5012 128 128 128
1.424 -0.590086 -1.49907 128 128 128
1.42182 -0.609723 -1.50477 128 128 128
1.41423 -0.627125 -1.50477 128 128 128
1.39494 -0.639183 -1.49194 128 128 128
1.40857 -0.666435 -1.51617 128 128 128
1.39397 -0.680598 -1.50904 128 128 128
1.38614 -0.697967 -1.50975 128 128 128
1.37872 -0.71557 -1.51118 128 128 128
1.3785 -0.737059 -1.52115 128 128 128
1.36628 -0.75223 -1.51759 128 128 128
1.11076 -1.32017 -1.68571 128 128 128
1.07575 -1.31093 -1.65579 128 128 128
1.06354 -1.32896 -1.66221 128 128 128
1.02092 -1.41251 -1.70352 128 128 128
1.00472 -1.42666 -1.70566 128 128 128
0.989527 -1.44235 -1.70994 128 128 128
0.98698 -1.47712 -1.73772 128 128 128
0.94116 -1.52738 -1.75553 128 128 128
0.924514 -1.54242 -1.7598 128 128 128
0.914011 -1.5682 -1.7769 128 128 128
0.836934 -1.61302 -1.77904 128 128 128
0.831302 -1.65137 -1.8111 128 128 128
0.8119 -1.66334 -1.81323 128 128 128
0.79263 -1.67571 -1.81608 128 128 128
0.772007 -1.68531 -1.81608 128 128 128
0.750127 -1.69209 -1.81323 128 128 128
0.736234 -1.71729 -1.83104 128 128 128
0.719411 -1.73656 -1.84244 128 128 128
0.698308 -1.74591 -1.84315 128 128 128
0.679362 -1.7609 -1.85028 128 128 128
-0.810491 -0.647771 -0.987569 128 128 128
-0.90973 -0.623367 -1.05382 128 128 128
