ply
format ascii 1.0
comment Created by Open3D
element vertex 20468
property double x
property double y
property double z
property uchar red
property uchar green
property uchar blue
end_header
-1.07161 0.029429 1.09274 128 128 128
-2.75197 0.635065 2.86039 128 128 128
-2.76927 0.675002 2.88667 128 128 128
-2.74646 0.705231 2.87175 128 128 128
-2.75391 0.743314 2.8888 128 128 128
-2.76015 0.781492 2.90513 128 128 128
-2.74968 0.815103 2.90442 128 128 128
-2.76299 0.85612 2.92928 128 128 128
-2.73554 0.884516 2.91152 128 128 128
-2.80982 0.946947 3.00243 128 128 128
-2.78752 1.13425 3.04717 128 128 128
-2.7896 1.17523 3.06492 128 128 128
-2.75304 1.19978 3.04078 128 128 128
-2.76184 1.24421 3.06705 128 128 128
-2.74637 1.27801 3.06705 128 128 128
-2.75203 1.32202 3.0912 128 128 128
-2.1608 1.06962 2.44351 128 128 128
-2.71814 1.38884 3.09049 128 128 128
-2.72392 1.43426 3.11677 128 128 128
-2.70055 1.46455 3.11037 128 128 128
-2.70325 1.50928 3.13452 128 128 128
-2.71258 1.55852 3.16719 128 128 128
-2.6878 1.58846 3.1608 128 128 128
-2.68253 1.63012 3.17784 128 128 128
-2.6826 1.67563 3.20199 128 128 128
-2.69025 1.72673 3.23608 128 128 128
-2.65476 1.75029 3.21903 128 128 128
-2.61545 1.86608 3.25241 128 128 128
-2.60653 1.90845 3.27017 128 128 128
-2.58348 1.94072 3.27088 128 128 128
-2.55947 1.97227 3.27088 128 128 128
-2.54225 2.00922 3.28011 128 128 128
-2.54198 2.06025 3.31207 128 128 128
-2.50569 2.08228 3.29786 128 128 128
-2.50992 2.13848 3.33763 128 128 128
-2.50255 2.18583 3.3632 128 128 128
-2.46978 2.2112 3.35539 128 128 128
-0.872493 0.796134 1.20282 128 128 128
-0.856001 0.8005 1.19358 128 128 128
-0.834473 0.799689 1.17725 128 128 128
-0.821596 0.806895 1.17299 128 128 128
-0.807681 0.812904 1.16731 128 128 128
-0.817154 0.843061 1.19571 128 128 128
-0.806266 0.852511 1.195 128 128 128
-0.798594 0.865458 1.19927 128 128 128
-2.27897 2.54611 3.45837 128 128 128
-2.2605 2.58876 3.47825 128 128 128
-2.22218 2.60879 3.46831 128 128 128
-2.20931 2.65917 3.49885 128 128 128
-2.18624 2.69813 3.51447 128 128 128
-2.15776 2.73084 3.52228 128 128 128
-2.15368 2.79564 3.57128 128 128 128
-2.11288 2.81341 3.56063 128 128 128
-2.07197 2.83059 3.54998 128 128 128
-2.03708 2.85581 3.54998 128 128 128
-2.0119 2.89506 3.56773 128 128 128
-1.98883 2.9382 3.59046 128 128 128
-1.95146 2.96062 3.58833 128 128 128
-1.91991 2.99206 3.59756 128 128 128
-1.87635 3.00463 3.58478 128 128 128
-1.85101 3.0467 3.6075 128 128 128
-1.81384 3.0698 3.60821 128 128 128
-1.78233 3.10282 3.621 128 128 128
-1.74651 3.12877 3.62597 128 128 128
-1.72104 3.17412 3.65367 128 128 128
-1.69962 3.22866 3.69202 128 128 128
-1.67169 3.27249 3.71829 128 128 128
-1.6392 3.30854 3.73605 128 128 128
-1.56079 3.24966 3.64798 128 128 128
-1.54359 3.31775 3.70267 128 128 128
-1.50766 3.34736 3.71474 128 128 128
-1.47011 3.37401 3.72397 128 128 128
-1.43214 3.40024 3.73321 128 128 128
-1.38846 3.41299 3.72824 128 128 128
-1.35621 3.45468 3.75522 128 128 128
-1.31545 3.47568 3.76019 128 128 128
-1.27702 3.50347 3.77298 128 128 128
-1.25078 -1.33326 1.85548 128 128 128
-1.26166 -1.31224 1.84766 128 128 128
-1.27023 -1.28916 1.83701 128 128 128
-1.30402 -1.29126 1.86258 128 128 128
-1.32433 -1.27955 1.86897 128 128 128
-1.34199 -1.26512 1.87181 128 128 128
-1.36209 -1.25284 1.8782 128 128 128
-1.38997 -1.24728 1.89525 128 128 128
-1.41314 -1.23706 1.9059 128 128 128
-1.43089 -1.2219 1.90945 128 128 128
-1.44415 -1.20291 1.90732 128 128 128
-1.44785 -1.17625 1.89312 128 128 128
-1.46328 -1.15926 1.89454 128 128 128
-1.50588 -1.16309 1.93076 128 128 128
-1.53807 -1.15802 1.95348 128 128 128
-1.55558 -1.14155 1.95774 128 128 128
-1.59815 -1.14277 1.99325 128 128 128
-1.61206 -1.12308 1.99325 128 128 128
-1.64556 -1.1166 2.0174 128 128 128
-1.6509 -1.09091 2.00746 128 128 128
-1.69026 -1.08726 2.0387 128 128 128
-1.70168 -1.06532 2.03657 128 128 128
-1.73089 -1.0542 2.05575 128 128 128
-1.74187 -1.03181 2.05362 128 128 128
-1.75624 -1.01141 2.05575 128 128 128
-1.77959 -0.995939 2.06853 128 128 128
-1.8053 -0.981389 2.08416 128 128 128
-1.81098 -0.955891 2.07705 128 128 128
-1.83951 -0.942219 2.09623 128 128 128
-1.86608 -0.927054 2.11327 128 128 128
-1.89447 -0.912289 2.13245 128 128 128
-1.93043 -0.900519 2.16015 128 128 128
-1.93234 -0.872727 2.1502 128 128 128
-1.96745 -0.8596 2.17719 128 128 128
-1.99343 -0.841929 2.19424 128 128 128
-2.00948 -0.819782 2.20063 128 128 128
-2.03513 -0.801214 2.21767 128 128 128
-2.05601 -0.7804 2.22974 128 128 128
-2.07668 -0.759194 2.24182 128 128 128
-2.0865 -0.733885 2.24253 128 128 128
-2.10136 -0.71024 2.24892 128 128 128
-2.11796 -0.686987 2.25744 128 128 128
-2.12757 -0.66136 2.25886 128 128 128
-2.16254 -0.643167 2.28727 128 128 128
-2.18518 -0.62078 2.30289 128 128 128
-2.21643 -0.600306 2.32775 128 128 128
-2.23796 -0.576719 2.34266 128 128 128
-2.25855 -0.552528 2.35687 128 128 128
-2.283 -0.528862 2.37533 128 128 128
-2.18353 -0.449917 2.26028 128 128 128
-2.31752 -0.447641 2.39238 128 128 128
-2.32422 -0.419414 2.3938 128 128 128
-2.33058 -0.391091 2.39522 128 128 128
-2.36722 -0.367359 2.42789 128 128 128
-2.37085 -0.338184 2.42718 128 128 128
-2.77954 1.03253 2.86753 128 128 128
-2.77405 1.06941 2.87516 128 128 128
-2.80019 1.11912 2.91608 128 128 128
-2.77094 1.14707 2.90013 128 128 128
-2.77122 1.18722 2.91539 128 128 128
-2.7874 1.23483 2.94799 128 128 128
-2.76418 1.26535 2.93967 128 128 128
-2.78557 1.3167 2.9792 128 128 128
-2.7569 1.34479 2.96603 128 128 128
-2.18537 1.09979 2.3681 128 128 128
-2.74674 1.4243 2.99169 128 128 128
-2.74367 1.4657 3.00764 128 128 128
-2.73305 1.50342 3.01597 128 128 128
-2.75076 1.55741 3.0562 128 128 128
-1.03586 -1.39612 1.68623 128 128 128
-1.05683 -1.38847 1.69248 128 128 128
-1.07335 -1.37483 1.69178 128 128 128
-1.08609 -1.35649 1.68554 128 128 128
-1.11179 -1.3542 1.69941 128 128 128
-1.13203 -1.34487 1.70496 128 128 128
-1.15738 -1.34124 1.71814 128 128 128
-1.19329 -1.34908 1.74658 128 128 128
-1.20348 -1.32739 1.73757 128 128 128
-1.22849 -1.32203 1.75005 128 128 128
-1.24859 -1.31103 1.7556 128 128 128
-1.29123 -1.32295 1.79236 128 128 128
-1.39638 -1.23441 1.80693 128 128 128
-1.42232 -1.2266 1.8208 128 128 128
-1.45434 -1.22344 1.84231 128 128 128
-1.47314 -1.20871 1.84716 128 128 128
-1.49517 -1.19639 1.85618 128 128 128
-1.51201 -1.17973 1.85895 128 128 128
-1.54184 -1.17287 1.87768 128 128 128
-1.54918 -1.14871 1.86936 128 128 128
-1.58124 -1.14271 1.89086 128 128 128
-1.6181 -1.13941 1.91792 128 128 128
-1.63849 -1.12396 1.92555 128 128 128
-1.65635 -1.10657 1.9304 128 128 128
-1.67343 -1.08852 1.93456 128 128 128
-1.71342 -1.08488 1.96508 128 128 128
-1.73396 -1.06831 1.97341 128 128 128
-1.76423 -1.05733 1.99283 128 128 128
-1.77085 -1.03197 1.98589 128 128 128
-1.79654 -1.01763 2.00046 128 128 128
-1.81772 -1.00038 2.01017 128 128 128
-1.83304 -0.979696 2.01364 128 128 128
-1.85195 -0.960782 2.02127 128 128 128
-1.87904 -0.945768 2.03792 128 128 128
-1.90992 -0.932131 2.05873 128 128 128
-1.90364 -0.900295 2.04 128 128 128
-1.93287 -0.885279 2.05942 128 128 128
-1.95281 -0.865587 2.06913 128 128 128
-1.97519 -0.846676 2.08162 128 128 128
-2.01537 -0.834801 2.11283 128 128 128
-2.03416 -0.81349 2.12185 128 128 128
-2.05877 -0.794181 2.13711 128 128 128
-2.15402 -0.741116 2.20578 128 128 128
-2.20464 -0.668877 2.23075 128 128 128
-2.18364 -0.633323 2.20162 128 128 128
-2.20651 -0.610717 2.21688 128 128 128
-2.2215 -0.585619 2.22451 128 128 128
-2.25646 -0.565337 2.25226 128 128 128
-2.7937 0.622417 2.61562 128 128 128
-2.78657 0.656824 2.61629 128 128 128
-2.79624 0.695466 2.6331 128 128 128
-2.78106 0.728031 2.62705 128 128 128
-2.82112 0.775724 2.67346 128 128 128
-2.81281 0.810698 2.67481 128 128 128
-2.83381 0.854607 2.7044 128 128 128
-2.85626 0.899823 2.73602 128 128 128
-2.80425 0.921341 2.697 128 128 128
-2.84662 0.974223 2.7488 128 128 128
-2.8634 1.13993 2.81539 128 128 128
-2.80955 1.15856 2.77637 128 128 128
-2.80396 1.19674 2.78512 128 128 128
-2.78906 1.23106 2.78512 128 128 128
-2.81478 1.28399 2.82615 128 128 128
-2.78209 1.31053 2.80933 128 128 128
-2.24711 1.09138 2.28468 128 128 128
-2.21438 1.10922 2.26518 128 128 128
-2.797 1.44578 2.87592 128 128 128
-2.80058 1.49151 2.89812 128 128 128
-2.78336 1.52648 2.89946 128 128 128
-2.77858 1.56854 2.91426 128 128 128
-2.76104 1.60364 2.91628 128 128 128
-2.75512 1.64577 2.93108 128 128 128
-2.72842 1.67557 2.92435 128 128 128
-2.72078 1.71724 2.93848 128 128 128
-2.71501 1.76059 2.95529 128 128 128
-2.70058 1.79871 2.96336 128 128 128
-2.70576 1.85056 2.99363 128 128 128
-2.69616 1.89299 3.00843 128 128 128
-2.66013 1.91683 2.9943 128 128 128
-2.65067 1.95991 3.01045 128 128 128
-2.63643 1.99991 3.02188 128 128 128
-2.63152 2.04759 3.04475 128 128 128
-2.61313 2.08528 3.05282 128 128 128
-2.59421 2.12283 3.06089 128 128 128
-2.57419 2.15974 3.06829 128 128 128
-2.55422 2.19697 3.07636 128 128 128
-0.897359 0.78694 1.09885 128 128 128
-0.876669 0.787953 1.08539 128 128 128
-0.867476 0.799155 1.08607 128 128 128
-0.85546 0.807699 1.08338 128 128 128
-0.852899 0.825372 1.09279 128 128 128
-0.839567 0.832637 1.08876 128 128 128
-0.830836 0.844466 1.09078 128 128 128
-0.839799 0.874964 1.11634 128 128 128
-2.34736 2.51987 3.1443 128 128 128
-2.33366 2.56768 3.16784 128 128 128
-2.32844 2.62606 3.20416 128 128 128
-2.30715 2.66733 3.21963 128 128 128
-2.26758 2.68751 3.21022 128 128 128
-2.25743 2.74316 3.24318 128 128 128
-2.21851 2.7643 3.23578 128 128 128
-2.18397 2.79074 3.2351 128 128 128
-2.15 2.81792 3.23578 128 128 128
-2.11879 2.84884 3.24116 128 128 128
-2.0906 2.88423 3.25192 128 128 128
-2.06016 2.91692 3.25999 128 128 128
-2.02798 2.94748 3.26605 128 128 128
-1.98755 2.96599 3.25932 128 128 128
-1.95261 2.99264 3.26201 128 128 128
-1.93672 3.04951 3.29766 128 128 128
-1.90459 3.08187 3.30708 128 128 128
-1.86777 3.10691 3.30909 128 128 128
-1.83733 3.14302 3.32322 128 128 128
-1.80846 3.18272 3.34138 128 128 128
-1.78675 3.23644 3.37434 128 128 128
-1.7462 3.25682 3.37299 128 128 128
-1.70577 3.27734 3.37232 128 128 128
-1.66941 3.30596 3.38039 128 128 128
-1.62645 3.32154 3.37568 128 128 128
-1.59442 3.35998 3.39452 128 128 128
-1.55677 3.38737 3.40259 128 128 128
-1.51028 3.39539 3.39183 128 128 128
-1.47229 3.42251 3.40057 128 128 128
-1.43018 3.44032 3.40057 128 128 128
-1.39747 3.48166 3.42411 128 128 128
-1.35038 3.4875 3.41335 128 128 128
-1.31341 3.51976 3.42882 128 128 128
-1.27286 3.54328 3.43622 128 128 128
-1.22736 3.55303 3.43084 128 128 128
-1.18761 3.57977 3.44227 128 128 128
-1.14426 3.59619 3.44429 128 128 128
-1.09961 3.60855 3.44295 128 128 128
-1.06308 3.64878 3.46851 128 128 128
-1.14468 -1.33445 1.61206 128 128 128
-1.18851 -1.31857 1.62753 128 128 128
-1.21065 -1.31039 1.6356 128 128 128
-1.23072 -1.29972 1.64098 128 128 128
-1.2657 -1.30412 1.66587 128 128 128
-1.28789 -1.29477 1.67394 128 128 128
-1.29732 -1.27266 1.66587 128 128 128
-1.32571 -1.26889 1.68201 128 128 128
-1.36883 -1.27821 1.71632 128 128 128
-1.3888 -1.26529 1.7217 128 128 128
-1.41586 -1.25845 1.73582 128 128 128
-1.45809 -1.26418 1.76811 128 128 128
-1.4701 -1.24333 1.76407 128 128 128
-1.47838 -1.21957 1.756 128 128 128
-1.5175 -1.22075 1.78425 128 128 128
-1.52887 -1.1993 1.78022 128 128 128
-1.54995 -1.18538 1.78761 128 128 128
-1.57567 -1.17465 1.80039 128 128 128
-1.58877 -1.15436 1.79905 128 128 128
-1.6131 -1.14201 1.81048 128 128 128
-1.64042 -1.13134 1.82528 128 128 128
-1.65725 -1.11318 1.82865 128 128 128
-1.67947 -1.09841 1.83806 128 128 128
-1.70908 -1.08801 1.85555 128 128 128
-1.74877 -1.08326 1.8838 128 128 128
-1.76891 -1.0659 1.8912 128 128 128
-1.79656 -1.05268 1.90667 128 128 128
-1.82415 -1.03894 1.92214 128 128 128
-1.8439 -1.02041 1.92954 128 128 128
-1.85563 -0.997352 1.92887 128 128 128
-1.87561 -0.978595 1.93694 128 128 128
-1.8888 -0.95617 1.93828 128 128 128
-1.91701 -0.941033 1.9551 128 128 128
-1.93511 -0.920601 1.96182 128 128 128
-1.96375 -0.904796 1.97931 128 128 128
-1.97538 -0.880929 1.97999 128 128 128
-2.00985 -0.866825 2.00353 128 128 128
-2.02239 -0.842945 2.00555 128 128 128
-2.04289 -0.822184 2.01563 128 128 128
-2.07561 -0.80584 2.03783 128 128 128
-2.0999 -0.785722 2.05196 128 128 128
-2.12472 -0.765378 2.06675 128 128 128
-2.14514 -0.743098 2.07752 128 128 128
-2.16886 -0.721591 2.09164 128 128 128
-2.18601 -0.697603 2.09971 128 128 128
-2.19724 -0.671584 2.1024 128 128 128
-2.22024 -0.648897 2.11653 128 128 128
-2.24658 -0.626733 2.13402 128 128 128
-2.25267 -0.598739 2.13267 128 128 128
-2.26775 -0.573028 2.14007 128 128 128
-2.30773 -0.553019 2.17101 128 128 128
-2.2703 -0.514771 2.12998 128 128 128
-2.35192 -0.472755 2.19455 128 128 128
-2.36773 -0.445753 2.20397 128 128 128
-2.38615 -0.41894 2.21608 128 128 128
-2.40426 -0.391742 2.22818 128 128 128
-2.44548 -0.367636 2.26182 128 128 128
-2.44834 -0.337399 2.26047 128 128 128
-2.67839 0.369484 2.35927 128 128 128
-2.78498 0.419008 2.45688 128 128 128
-2.78932 0.454727 2.4654 128 128 128
-2.83227 0.533359 2.51388 128 128 128
-2.82403 0.567778 2.51257 128 128 128
-2.85031 0.795058 2.5807 128 128 128
-2.84251 0.83061 2.58267 128 128 128
-2.84945 0.870719 2.59839 128 128 128
-2.84719 0.908372 2.60625 128 128 128
-2.86236 0.952051 2.63049 128 128 128
-2.85189 0.987599 2.6318 128 128 128
-2.84951 1.0261 2.64098 128 128 128
-2.85369 1.06733 2.6567 128 128 128
-2.85587 1.10828 2.67111 128 128 128
-2.85047 1.14662 2.67897 128 128 128
-2.84455 1.18499 2.68684 128 128 128
-2.84507 1.22638 2.70125 128 128 128
-2.83049 1.26151 2.7019 128 128 128
-2.8148 1.29615 2.7019 128 128 128
-2.80619 1.33416 2.70911 128 128 128
-2.27533 1.11654 2.21252 128 128 128
-2.81441 1.42375 2.74973 128 128 128
-2.79136 1.45539 2.74449 128 128 128
-2.79527 1.50132 2.76611 128 128 128
-2.77597 1.53514 2.76545 128 128 128
-2.77137 1.5773 2.77987 128 128 128
-2.77529 1.62493 2.80345 128 128 128
-2.77715 1.6721 2.82572 128 128 128
-2.74293 1.74461 2.83359 128 128 128
-2.73017 1.78392 2.84276 128 128 128
-2.70807 1.81729 2.84276 128 128 128
-2.70735 1.86538 2.86569 128 128 128
-2.67624 1.89279 2.85717 128 128 128
-2.65403 1.92638 2.85848 128 128 128
-2.66474 1.98451 2.89582 128 128 128
-2.648 2.02302 2.90434 128 128 128
-2.6307 2.06142 2.91286 128 128 128
-2.63231 2.1153 2.94299 128 128 128
-2.62015 2.15897 2.95872 128 128 128
-0.896921 0.778176 1.04441 128 128 128
-0.862434 0.767066 1.01558 128 128 128
-0.858547 0.782674 1.02213 128 128 128
-0.858204 0.82177 1.04506 128 128 128
-0.977415 -1.41723 1.50759 128 128 128
-0.991245 -1.40019 1.50235 128 128 128
-1.00037 -1.37691 1.49056 128 128 128
-1.03433 -1.38757 1.51545 128 128 128
-1.06228 -1.38918 1.53117 128 128 128
-1.08483 -1.38318 1.53904 128 128 128
-1.1074 -1.37683 1.5469 128 128 128
-1.13046 -1.37072 1.55542 128 128 128
-1.15109 -1.36137 1.56066 128 128 128
-1.17068 -1.35057 1.56459 128 128 128
-1.19017 -1.33949 1.56852 128 128 128
-1.20957 -1.32814 1.57245 128 128 128
-1.23298 -1.32093 1.58162 128 128 128
-1.25797 -1.31499 1.59276 128 128 128
-1.28036 -1.30594 1.60062 128 128 128
-1.36562 -1.26259 1.62748 128 128 128
-1.39783 -1.26093 1.64713 128 128 128
-1.41489 -1.24518 1.6491 128 128 128
-1.43236 -1.22969 1.65172 128 128 128
-1.48612 -1.24456 1.69561 128 128 128
-1.50362 -1.22814 1.69823 128 128 128
-1.52921 -1.21808 1.71003 128 128 128
-1.53033 -1.18855 1.69496 128 128 128
-1.55924 -1.18064 1.71068 128 128 128
-1.59792 -1.17938 1.73689 128 128 128
-1.61595 -1.16233 1.74082 128 128 128
-1.63132 -1.14328 1.74213 128 128 128
-1.64773 -1.12488 1.74475 128 128 128
-1.66769 -1.10877 1.7513 128 128 128
-1.68878 -1.09315 1.75916 128 128 128
-1.73146 -1.09089 1.7893 128 128 128
-1.74472 -1.06956 1.7893 128 128 128
-1.76355 -1.05156 1.7952 128 128 128
-1.78873 -1.03705 1.80764 128 128 128
-1.81909 -1.02505 1.82533 128 128 128
-1.85471 -1.01536 1.84826 128 128 128
-1.8777 -0.99821 1.85874 128 128 128
-1.90055 -0.980643 1.86923 128 128 128
-1.9246 -0.963343 1.88102 128 128 128
-1.95122 -0.946921 1.89543 128 128 128
-1.96474 -0.923871 1.8974 128 128 128
-1.98006 -0.901573 1.90133 128 128 128
-1.99719 -0.879953 1.90722 128 128 128
-2.02313 -0.861904 1.92164 128 128 128
-2.04054 -0.839893 1.92819 128 128 128
-2.06192 -0.81926 1.93867 128 128 128
-2.09016 -0.800938 1.9557 128 128 128
-2.11542 -0.780996 1.97012 128 128 128
-2.14335 -0.761568 1.98715 128 128 128
-2.07176 -0.707556 1.91312 128 128 128
-2.09423 -0.630167 1.91115 128 128 128
-2.26223 -0.650684 2.05594 128 128 128
-2.25767 -0.619467 2.0448 128 128 128
-2.27679 -0.594778 2.05528 128 128 128
-2.29272 -0.568984 2.06315 128 128 128
-2.31644 -0.544795 2.07821 128 128 128
-2.32369 -0.516493 2.07887 128 128 128
-2.83937 0.577747 2.38796 128 128 128
-2.86231 0.619141 2.4133 128 128 128
-2.86203 0.65596 2.41963 128 128 128
-2.87331 0.6958 2.4361 128 128 128
-2.8743 0.73351 2.44434 128 128 128
-2.87405 0.771148 2.45194 128 128 128
-2.8815 0.81121 2.4665 128 128 128
-2.88023 0.849149 2.4741 128 128 128
-2.88585 0.889471 2.48804 128 128 128
-2.92626 0.941488 2.53238 128 128 128
-2.81842 0.944947 2.4494 128 128 128
-2.84717 1.11293 2.51844 128 128 128
-2.89207 1.17171 2.57038 128 128 128
-2.87819 1.20741 2.57101 128 128 128
-2.88231 1.25099 2.58811 128 128 128
-2.87591 1.29039 2.59635 128 128 128
-2.83461 1.31384 2.57355 128 128 128
-2.84896 1.36326 2.60141 128 128 128
-2.25028 1.10983 2.07001 128 128 128
-2.84221 1.44686 2.62675 128 128 128
-2.83314 1.48631 2.63498 128 128 128
-2.83034 1.52945 2.64955 128 128 128
-2.81203 1.56445 2.65018 128 128 128
-2.82281 1.61618 2.67869 128 128 128
-2.79744 1.64755 2.67362 128 128 128
-2.80743 1.70024 2.70275 128 128 128
-2.78832 1.73579 2.70465 128 128 128
-2.77528 1.77531 2.71289 128 128 128
-2.76039 1.81392 2.71986 128 128 128
-2.7674 1.86762 2.74899 128 128 128
-2.74491 1.90188 2.74963 128 128 128
-2.72703 1.93946 2.75533 128 128 128
-2.70865 1.9769 2.76103 128 128 128
-2.69099 2.0151 2.76799 128 128 128
-2.67587 2.05552 2.77813 128 128 128
-2.65227 2.08965 2.78003 128 128 128
-2.63965 2.13275 2.79396 128 128 128
-2.62697 2.17636 2.80853 128 128 128
-2.60595 2.21345 2.81486 128 128 128
-0.908606 0.787027 1.00023 128 128 128
-0.89023 0.790376 0.990726 128 128 128
-0.864498 0.786593 0.972992 128 128 128
-0.851397 0.793962 0.969191 128 128 128
-0.856078 0.818312 0.985659 128 128 128
-0.848174 0.830931 0.988193 128 128 128
-0.844439 0.847882 0.995793 128 128 128
-2.45164 2.53622 2.90354 128 128 128
-2.41715 2.56273 2.89974 128 128 128
-2.38814 2.59505 2.9029 128 128 128
-2.36385 2.63281 2.9124 128 128 128
-2.34409 2.67619 2.92824 128 128 128
-2.30505 2.69768 2.92064 128 128 128
-2.27227 2.72636 2.92127 128 128 128
-2.24888 2.76667 2.93457 128 128 128
-2.21044 2.78859 2.92887 128 128 128
-2.20345 2.85106 2.96561 128 128 128
-2.16783 2.87726 2.96497 128 128 128
-2.11727 2.88305 2.94407 128 128 128
-2.11365 2.95353 2.98904 128 128 128
-2.07725 2.97925 2.98904 128 128 128
-2.05572 3.02694 3.01121 128 128 128
-2.03759 3.08101 3.03971 128 128 128
-1.98583 3.08429 3.01881 128 128 128
-1.94783 3.10843 3.01881 128 128 128
-1.92321 3.15458 3.04035 128 128 128
-1.89459 3.19526 3.05681 128 128 128
-1.84945 3.20821 3.04731 128 128 128
-1.8156 3.2408 3.05681 128 128 128
-1.78012 3.271 3.06442 128 128 128
-1.73949 3.29191 3.06378 128 128 128
-1.69896 3.31301 3.06378 128 128 128
-1.6544 3.32598 3.05681 128 128 128
-1.62552 3.37114 3.07962 128 128 128
-1.58403 3.39083 3.07962 128 128 128
-1.54612 3.41848 3.08722 128 128 128
-1.50034 3.42869 3.07962 128 128 128
-1.48671 3.51458 3.13979 128 128 128
-1.42654 3.49099 3.10305 128 128 128
-1.39322 3.53272 3.12459 128 128 128
-1.35031 3.551 3.12585 128 128 128
-1.31538 3.5913 3.14676 128 128 128
-1.26609 3.59256 3.13409 128 128 128
-1.23551 3.64816 3.16892 128 128 128
-1.1804 3.63139 3.14169 128 128 128
-1.14056 3.66112 3.15499 128 128 128
-1.10325 3.70081 3.17716 128 128 128
-1.05332 3.69843 3.16386 128 128 128
-1.00746 3.70959 3.16259 128 128 128
-0.980445 -1.38267 1.40369 128 128 128
-0.984997 -1.35367 1.38659 128 128 128
-1.02431 -1.3718 1.41763 128 128 128
-1.0387 -1.35606 1.41446 128 128 128
-1.03895 -1.32257 1.39292 128 128 128
-1.09116 -1.35421 1.43979 128 128 128
-1.10967 -1.3431 1.44233 128 128 128
-1.13209 -1.33645 1.44993 128 128 128
-1.17894 -1.35743 1.48793 128 128 128
-1.19603 -1.34344 1.48856 128 128 128
-1.2208 -1.33779 1.4987 128 128 128
-1.23712 -1.3227 1.4987 128 128 128
-1.28011 -1.33528 1.53037 128 128 128
-1.29966 -1.32278 1.53417 128 128 128
-1.32075 -1.31162 1.53987 128 128 128
-1.33786 -1.29639 1.54113 128 128 128
-1.36043 -1.28624 1.54873 128 128 128
-1.38523 -1.27782 1.55887 128 128 128
-1.41004 -1.26898 1.569 128 128 128
-1.47154 -1.2918 1.61904 128 128 128
-1.42603 -1.22145 1.55317 128 128 128
-1.46114 -1.22068 1.5747 128 128 128
-1.48503 -1.20996 1.5842 128 128 128
-1.52709 -1.21324 1.61271 128 128 128
-1.54921 -1.20008 1.62031 128 128 128
-1.58238 -1.19492 1.63931 128 128 128
-1.60754 -1.18319 1.65008 128 128 128
-1.62761 -1.16742 1.65578 128 128 128
-1.64562 -1.15001 1.65958 128 128 128
-1.68268 -1.14535 1.68238 128 128 128
-1.70048 -1.12717 1.68618 128 128 128
-1.7207 -1.1104 1.69251 128 128 128
-1.73748 -1.09125 1.69568 128 128 128
-1.75471 -1.07226 1.69948 128 128 128
-1.7704 -1.05222 1.70201 128 128 128
-1.78452 -1.03118 1.70328 128 128 128
-1.81325 -1.01826 1.71848 128 128 128
-1.86098 -1.01513 1.75142 128 128 128
-1.8733 -0.992212 1.75142 128 128 128
-1.90669 -0.980068 1.77105 128 128 128
-1.93106 -0.962784 1.78245 128 128 128
-1.95528 -0.945048 1.79385 128 128 128
-1.95901 -0.91739 1.78689 128 128 128
-1.98988 -0.902184 1.80462 128 128 128
-2.02562 -0.888523 1.82679 128 128 128
-2.04636 -0.867807 1.83566 128 128 128
-2.04825 -0.839128 1.82806 128 128 128
-2.08432 -0.824117 1.85086 128 128 128
-2.0979 -0.799848 1.85402 128 128 128
-2.11701 -0.777492 1.86226 128 128 128
-2.13077 -0.752992 1.86606 128 128 128
-2.14865 -0.729755 1.87366 128 128 128
-2.19867 -0.716677 1.90913 128 128 128
-2.20952 -0.69033 1.91103 128 128 128
-2.24527 -0.67131 1.93446 128 128 128
-2.26451 -0.646872 1.94396 128 128 128
-2.30739 -0.628522 1.97373 128 128 128
-2.32392 -0.602472 1.98133 128 128 128
-2.3364 -0.575193 1.98577 128 128 128
-2.37947 -0.554843 2.01617 128 128 128
-2.35447 -0.488496 1.9845 128 128 128
-2.39068 -0.465421 2.00984 128 128 128
-2.40993 -0.438515 2.02124 128 128 128
-2.41741 -0.409292 2.02314 128 128 128
-2.44214 -0.382672 2.03961 128 128 128
-2.45891 -0.354417 2.04974 128 128 128
-2.50682 -0.329888 2.08584 128 128 128
-2.8436 0.397685 2.25633 128 128 128
-2.85877 0.435628 2.27232 128 128 128
-2.83765 0.468118 2.26002 128 128 128
-2.84877 0.505929 2.27355 128 128 128
-2.87721 0.547464 2.30123 128 128 128
-2.87105 0.582887 2.30184 128 128 128
-2.86368 0.618076 2.30184 128 128 128
-2.87295 0.694267 2.32214 128 128 128
-2.891 0.812316 2.35903 128 128 128
-2.91032 0.856398 2.38302 128 128 128
-2.90864 0.894826 2.3904 128 128 128
-2.9057 0.9331 2.39716 128 128 128
-2.9045 0.972185 2.40577 128 128 128
-2.89384 1.00827 2.407 128 128 128
-2.88941 1.04666 2.41377 128 128 128
-2.89406 1.08869 2.42853 128 128 128
-2.91575 1.13787 2.45804 128 128 128
-2.90084 1.17327 2.45743 128 128 128
-2.90441 1.21638 2.4728 128 128 128
-2.89723 1.25538 2.47957 128 128 128
-2.9068 1.30211 2.50109 128 128 128
-2.88129 1.33338 2.4931 128 128 128
-2.35088 1.12346 2.04909 128 128 128
-2.32984 1.14874 2.04294 128 128 128
-2.87456 1.46102 2.53184 128 128 128
-2.8648 1.50057 2.53922 128 128 128
-2.84686 1.53598 2.53984 128 128 128
-2.83538 1.57501 2.5466 128 128 128
-2.81516 1.6093 2.54599 128 128 128
-2.83667 1.66808 2.5835 128 128 128
-2.81599 1.70277 2.5835 128 128 128
-2.81699 1.75092 2.60379 128 128 128
-2.80726 1.793 2.61486 128 128 128
-2.80219 1.83855 2.63085 128 128 128
-2.78072 1.87368 2.63208 128 128 128
-2.76725 1.91439 2.64131 128 128 128
-2.75834 1.95869 2.65545 128 128 128
-2.74175 1.99797 2.66283 128 128 128
-2.71703 2.03146 2.66283 128 128 128
-2.70003 2.07088 2.67083 128 128 128
-2.67317 2.10289 2.6696 128 128 128
-2.64778 2.13603 2.67021 128 128 128
-2.63474 2.17941 2.68374 128 128 128
-0.903971 0.76797 0.942135 128 128 128
-0.890311 0.775385 0.93783 128 128 128
-0.881318 0.786777 0.938445 128 128 128
-0.871597 0.797532 0.938445 128 128 128
-0.854833 0.801704 0.931065 128 128 128
-0.846639 0.813771 0.93291 128 128 128
-0.865276 0.852283 0.964274 128 128 128
-0.853085 0.861159 0.962429 128 128 128
-2.45859 2.53921 2.77353 128 128 128
-2.43916 2.5818 2.78706 128 128 128
-2.42013 2.62544 2.80181 128 128 128
-2.38773 2.65495 2.80181 128 128 128
-2.35653 2.68582 2.80366 128 128 128
-2.34032 2.7343 2.82395 128 128 128
-2.30103 2.75616 2.81719 128 128 128
-2.26753 2.7848 2.8178 128 128 128
-2.24398 2.826 2.83133 128 128 128
-2.20527 2.84834 2.82641 128 128 128
-2.18013 2.8884 2.83933 128 128 128
-2.14546 2.9162 2.84056 128 128 128
-2.11457 2.94936 2.84732 128 128 128
-2.07415 2.96927 2.84179 128 128 128
-2.05709 3.02318 2.86885 128 128 128
-2.02419 3.05476 2.875 128 128 128
-0.916716 -1.43386 1.34433 128 128 128
-0.936404 -1.4258 1.3474 128 128 128
-0.955591 -1.41681 1.34986 128 128 128
-0.972457 -1.40433 1.34925 128 128 128
-1.00239 -1.4103 1.36647 128 128 128
-1.02287 -1.40236 1.37077 128 128 128
-1.04048 -1.39033 1.37139 128 128 128
-1.07137 -1.39561 1.38922 128 128 128
-1.08939 -1.3836 1.39045 128 128 128
-1.11618 -1.3824 1.40275 128 128 128
-1.13557 -1.37164 1.40583 128 128 128
-1.16455 -1.37204 1.42058 128 128 128
-1.19268 -1.37075 1.43411 128 128 128
-1.21256 -1.35954 1.4378 128 128 128
-1.235 -1.35096 1.44457 128 128 128
-1.26333 -1.34838 1.4581 128 128 128
-1.28797 -1.34131 1.46732 128 128 128
-1.30323 -1.32428 1.46609 128 128 128
-1.37384 -1.32921 1.50791 128 128 128
-1.36828 -1.29167 1.48454 128 128 128
-1.39909 -1.28868 1.50053 128 128 128
-1.42301 -1.2788 1.50914 128 128 128
-1.44274 -1.26489 1.51345 128 128 128
-1.46534 -1.25324 1.52083 128 128 128
-1.50118 -1.25236 1.54173 128 128 128
-1.51216 -1.23035 1.53743 128 128 128
-1.54381 -1.22495 1.55403 128 128 128
-1.55561 -1.2035 1.55096 128 128 128
-1.58536 -1.19573 1.56572 128 128 128
-1.61071 -1.18413 1.57617 128 128 128
-1.63665 -1.17255 1.58724 128 128 128
-1.69292 -1.18175 1.62722 128 128 128
-1.70469 -1.15911 1.62476 128 128 128
-1.71681 -1.1368 1.62291 128 128 128
-1.72335 -1.11094 1.61615 128 128 128
-1.76423 -1.10691 1.64136 128 128 128
-1.77297 -1.0823 1.63705 128 128 128
-1.79764 -1.06731 1.64751 128 128 128
-1.82493 -1.05346 1.66042 128 128 128
-1.84185 -1.0333 1.66411 128 128 128
-1.87031 -1.01931 1.67826 128 128 128
-1.88964 -0.999978 1.68441 128 128 128
-1.91299 -0.982486 1.69425 128 128 128
-1.95454 -0.973727 1.72008 128 128 128
-1.95995 -0.946577 1.71454 128 128 128
-2.00498 -0.938186 1.74345 128 128 128
-2.01203 -0.911555 1.73976 128 128 128
-2.04472 -0.896309 1.7582 128 128 128
-2.04904 -0.868375 1.75267 128 128 128
-2.08289 -0.852742 1.77235 128 128 128
-2.10199 -0.830601 1.77973 128 128 128
-2.12087 -0.808119 1.78711 128 128 128
-2.13062 -0.782032 1.78711 128 128 128
-2.17157 -0.737128 1.80556 128 128 128
-2.21913 -0.663262 1.82339 128 128 128
-2.27108 -0.648568 1.85906 128 128 128
-2.30929 -0.628959 1.88366 128 128 128
-2.32218 -0.601961 1.88796 128 128 128
-2.34853 -0.578144 1.90334 128 128 128
-2.37618 -0.554129 1.91994 128 128 128
-2.38357 -0.525098 1.92056 128 128 128
-2.40759 -0.499504 1.9347 128 128 128
-2.88026 0.533929 2.17428 128 128 128
-2.90192 0.574914 2.19561 128 128 128
-2.87968 0.6073 2.18435 128 128 128
-2.89794 0.648437 2.20391 128 128 128
-2.91718 0.690486 2.22466 128 128 128
-2.92255 0.729766 2.23533 128 128 128
-2.9305 0.770105 2.24837 128 128 128
-2.93015 0.808594 2.25548 128 128 128
-2.9463 0.852139 2.27563 128 128 128
-2.95257 0.893387 2.28867 128 128 128
-2.94906 0.931991 2.2946 128 128 128
-2.80896 0.925563 2.19502 128 128 128
-2.93819 1.13112 2.33549 128 128 128
-2.90839 1.1608 2.32305 128 128 128
-2.93038 1.21153 2.35209 128 128 128
-2.92491 1.25153 2.3598 128 128 128
-2.9292 1.29616 2.3758 128 128 128
-2.9204 1.33537 2.38173 128 128 128
-2.90233 1.37042 2.38054 128 128 128
-2.31083 1.12497 1.90992 128 128 128
-2.90666 1.46082 2.41255 128 128 128
-2.9121 1.50863 2.43211 128 128 128
-2.89408 1.54464 2.4327 128 128 128
-2.89183 1.58937 2.44693 128 128 128
-2.87281 1.62514 2.44752 128 128 128
-2.85334 1.66067 2.44811 128 128 128
-2.84035 1.70012 2.45463 128 128 128
-2.82612 1.73908 2.46056 128 128 128
-2.81341 1.77924 2.46826 128 128 128
-2.81498 1.82902 2.48901 128 128 128
-2.80036 1.8688 2.49612 128 128 128
-2.79381 1.91443 2.51094 128 128 128
-2.778 1.95415 2.51805 128 128 128
-2.76099 1.99328 2.52457 128 128 128
-2.75765 2.04287 2.54413 128 128 128
-2.73878 2.08143 2.55006 128 128 128
-2.70669 2.10993 2.54413 128 128 128
-2.71201 2.16817 2.57377 128 128 128
-2.68582 2.2018 2.57436 128 128 128
-0.920658 0.769844 0.901714 128 128 128
-0.909313 0.779505 0.899936 128 128 128
-0.896664 0.787935 0.896972 128 128 128
-0.886927 0.798879 0.896972 128 128 128
-0.867623 0.800924 0.887489 128 128 128
-0.870552 0.823739 0.900528 128 128 128
-0.860378 0.834361 0.900528 128 128 128
-0.856334 0.851125 0.907048 128 128 128
-2.4796 2.53865 2.63007 128 128 128
-2.46047 2.58173 2.64311 128 128 128
-2.45927 2.6448 2.67631 128 128 128
-2.42231 2.67 2.67156 128 128 128
-2.38296 2.69228 2.66445 128 128 128
-2.34344 2.714 2.65734 128 128 128
-2.31773 2.7518 2.66623 128 128 128
-2.31747 2.82116 2.70535 128 128 128
-2.28469 2.8519 2.70772 128 128 128
-2.24903 2.87909 2.70713 128 128 128
-2.21353 2.90647 2.70713 128 128 128
-2.18824 2.94765 2.72017 128 128 128
-2.14719 2.96775 2.71424 128 128 128
-2.1157 3.00113 2.72076 128 128 128
-2.08372 3.03417 2.72728 128 128 128
-2.04722 3.06085 2.72847 128 128 128
-2.01872 3.09993 2.74091 128 128 128
-1.97665 3.11834 2.73558 128 128 128
-1.9433 3.1506 2.74269 128 128 128
-1.914 3.1901 2.75632 128 128 128
-1.87026 3.20569 2.7498 128 128 128
-1.84584 3.25505 2.77233 128 128 128
-1.82205 3.3071 2.79722 128 128 128
-1.76427 3.29723 2.77055 128 128 128
-1.74997 3.36941 2.81263 128 128 128
-1.70451 3.38272 2.80611 128 128 128
-1.6544 3.386 2.79189 128 128 128
-1.62167 3.42499 2.8073 128 128 128
-1.58688 3.46075 2.82034 128 128 128
-1.53322 3.45491 2.80018 128 128 128
-1.50464 3.50605 2.82626 128 128 128
-1.45904 3.5183 2.82152 128 128 128
-1.42232 3.5524 2.83456 128 128 128
-1.37862 3.56958 2.83456 128 128 128
-1.32883 3.57037 2.82211 128 128 128
-1.2971 3.62054 2.84879 128 128 128
-1.25571 3.64533 2.8559 128 128 128
-1.21088 3.66047 2.8559 128 128 128
-1.16854 3.6835 2.86242 128 128 128
-1.12068 3.68908 2.8559 128 128 128
-1.06168 3.65536 2.81974 128 128 128
-0.314001 1.12071 0.875042 128 128 128
-0.301452 1.12916 0.878598 128 128 128
-0.908865 3.82061 2.90865 128 128 128
-0.799208 3.76769 2.85294 128 128 128
-0.757608 3.80091 2.87072 128 128 128
-0.712229 3.81705 2.87605 128 128 128
-0.663963 3.81757 2.87012 128 128 128
-0.616939 3.82463 2.86953 128 128 128
-0.568548 3.82235 2.86242 128 128 128
-0.524077 3.8474 2.87605 128 128 128
-0.47986 3.87833 2.89443 128 128 128
-0.43038 3.86711 2.88198 128 128 128
-0.383049 3.8737 2.88316 128 128 128
-0.338701 3.91583 2.91102 128 128 128
0.754451 3.80072 2.87012 128 128 128
0.845373 3.77163 2.86301 128 128 128
1.01929 3.68913 2.83515 128 128 128
1.06921 3.69259 2.8476 128 128 128
1.11491 3.68073 2.84879 128 128 128
1.16 3.66677 2.84879 128 128 128
1.24649 3.62806 2.84167 128 128 128
1.36524 3.54367 2.81322 128 128 128
1.41132 3.53338 2.81856 128 128 128
1.4868 3.47252 2.79841 128 128 128
1.55981 3.40936 2.77766 128 128 128
1.5998 3.38633 2.7747 128 128 128
1.63169 3.3469 2.75869 128 128 128
1.70256 3.28513 2.74151 128 128 128
1.73894 3.25689 2.73558 128 128 128
1.78694 3.25011 2.74802 128 128 128
1.85561 3.1872 2.73261 128 128 128
1.88214 3.14347 2.71483 128 128 128
1.9155 3.11191 2.70772 128 128 128
1.95699 3.09361 2.71246 128 128 128
1.98558 3.0552 2.70002 128 128 128
2.01754 3.02257 2.6929 128 128 128
2.06093 2.92937 2.65438 128 128 128
2.07736 2.87711 2.63007 128 128 128
2.11635 2.85657 2.63482 128 128 128
2.15125 2.83039 2.63482 128 128 128
2.17342 2.78791 2.62 128 128 128
2.17925 2.72584 2.58681 128 128 128
2.2064 2.69142 2.57969 128 128 128
2.24913 2.67585 2.59096 128 128 128
2.27179 2.63647 2.57969 128 128 128
2.30237 2.60658 2.57792 128 128 128
2.32877 2.57217 2.57199 128 128 128
2.15339 0.10871 1.60527 128 128 128
2.10724 -0.0487731 1.5697 128 128 128
1.96388 -0.166042 1.46894 128 128 128
1.94401 -0.212489 1.45768 128 128 128
0.16947 -1.34492 1.01611 128 128 128
0.137666 -1.3615 1.02559 128 128 128
0.121222 -1.3663 1.02796 128 128 128
0.0879471 -1.37368 1.03152 128 128 128
0.0715497 -1.38431 1.03863 128 128 128
0.0548176 -1.39233 1.04397 128 128 128
0.00355405 -1.36683 1.02441 128 128 128
-0.0133036 -1.37321 1.02915 128 128 128
-0.0301744 -1.37375 1.02974 128 128 128
-0.0470907 -1.37489 1.03093 128 128 128
-0.0642002 -1.37903 1.03448 128 128 128
-0.0816686 -1.38698 1.041 128 128 128
-0.0995214 -1.39712 1.0493 128 128 128
-0.117914 -1.41024 1.05997 128 128 128
-0.136405 -1.4207 1.06886 128 128 128
-0.153292 -1.41412 1.0653 128 128 128
-0.16855 -1.39535 1.05286 128 128 128
-0.184352 -1.3836 1.04574 128 128 128
-0.201436 -1.38203 1.04634 128 128 128
-0.217609 -1.37468 1.04278 128 128 128
-0.235015 -1.37508 1.04515 128 128 128
-0.255129 -1.38951 1.05819 128 128 128
-0.278946 -1.42024 1.08368 128 128 128
-0.297693 -1.42301 1.08842 128 128 128
-0.308403 -1.38939 1.0659 128 128 128
-0.328417 -1.39804 1.07538 128 128 128
-0.361844 -1.45874 1.12458 128 128 128
-0.383424 -1.4682 1.13524 128 128 128
-0.40292 -1.46882 1.13939 128 128 128
-0.421814 -1.46686 1.14176 128 128 128
-0.440252 -1.46311 1.14295 128 128 128
-0.458905 -1.4599 1.14473 128 128 128
-0.477799 -1.45722 1.1471 128 128 128
-0.492494 -1.44211 1.13999 128 128 128
-0.512601 -1.44278 1.14532 128 128 128
-0.533642 -1.44544 1.15243 128 128 128
-0.555116 -1.44855 1.16014 128 128 128
-0.572251 -1.44013 1.15895 128 128 128
-0.58988 -1.433 1.15895 128 128 128
-0.611236 -1.43453 1.16607 128 128 128
-0.63468 -1.44017 1.17673 128 128 128
-0.660705 -1.45057 1.19155 128 128 128
-0.68225 -1.45036 1.19807 128 128 128
-0.70212 -1.44622 1.20163 128 128 128
-0.719815 -1.4375 1.20163 128 128 128
-0.741859 -1.43713 1.20874 128 128 128
-0.755256 -1.42011 1.20222 128 128 128
-0.800614 -1.42006 1.21822 128 128 128
-0.829351 -1.4296 1.23482 128 128 128
-0.843515 -1.41379 1.23008 128 128 128
-0.873916 -1.42458 1.24845 128 128 128
-0.895646 -1.42055 1.25438 128 128 128
-0.926644 -1.43037 1.27275 128 128 128
-0.945023 -1.42023 1.27394 128 128 128
-0.963749 -1.41052 1.27572 128 128 128
-0.9912 -1.41306 1.28876 128 128 128
-1.01272 -1.40667 1.29409 128 128 128
-1.03134 -1.39607 1.29587 128 128 128
-1.05133 -1.38715 1.29943 128 128 128
-1.07968 -1.38874 1.31306 128 128 128
-1.09664 -1.37539 1.31306 128 128 128
-1.11906 -1.36867 1.31958 128 128 128
-1.14719 -1.36838 1.33262 128 128 128
-1.16021 -1.34994 1.32847 128 128 128
-1.17509 -1.33379 1.32669 128 128 128
-1.21735 -1.34789 1.35514 128 128 128
-1.23545 -1.33462 1.35692 128 128 128
-1.26229 -1.33044 1.36818 128 128 128
-1.30048 -1.33731 1.3913 128 128 128
-1.32534 -1.32978 1.40019 128 128 128
-1.34848 -1.32016 1.4073 128 128 128
-1.38093 -1.31905 1.4239 128 128 128
-1.40764 -1.31187 1.43457 128 128 128
-1.4302 -1.30044 1.44109 128 128 128
-1.43217 -1.27053 1.42745 128 128 128
-1.45619 -1.26022 1.43575 128 128 128
-1.48573 -1.25417 1.44938 128 128 128
-1.50475 -1.2389 1.45294 128 128 128
-1.53242 -1.2304 1.46479 128 128 128
-1.55567 -1.21794 1.4725 128 128 128
-1.58525 -1.20996 1.48613 128 128 128
-1.59739 -1.1885 1.48376 128 128 128
-1.62361 -1.17729 1.49443 128 128 128
-1.6577 -1.17118 1.51221 128 128 128
-1.68258 -1.15803 1.5217 128 128 128
-1.70671 -1.14399 1.53059 128 128 128
-1.75304 -1.14402 1.55904 128 128 128
-1.7615 -1.11898 1.55429 128 128 128
-1.77648 -1.09812 1.55548 128 128 128
-1.78152 -1.07128 1.54837 128 128 128
-1.81333 -1.06027 1.56437 128 128 128
-1.85075 -1.05181 1.58512 128 128 128
-1.86775 -1.03135 1.58867 128 128 128
-1.8959 -1.01669 1.60171 128 128 128
-1.91252 -0.995571 1.60527 128 128 128
-1.93251 -0.976003 1.61179 128 128 128
-1.96679 -0.963148 1.63016 128 128 128
-1.98283 -0.941002 1.63372 128 128 128
-2.00668 -0.922291 1.64379 128 128 128
-2.04363 -0.908999 1.66454 128 128 128
-2.05315 -0.883218 1.66335 128 128 128
-2.08393 -0.866262 1.67936 128 128 128
-2.11535 -0.848981 1.69595 128 128 128
-2.13689 -0.827297 1.70484 128 128 128
-2.1582 -0.805212 1.71374 128 128 128
-2.17399 -0.780833 1.71848 128 128 128
-2.19408 -0.757755 1.72677 128 128 128
-2.20397 -0.731026 1.72737 128 128 128
-2.23275 -0.710233 1.74278 128 128 128
-2.25286 -0.686277 1.75167 128 128 128
-2.26498 -0.659698 1.75463 128 128 128
-2.30008 -0.63935 1.77538 128 128 128
-2.33112 -0.617216 1.79316 128 128 128
-2.38306 -0.599682 1.82694 128 128 128
-2.38789 -0.569837 1.82517 128 128 128
-2.27821 -0.48514 1.7327 128 128 128
-2.44675 -0.489383 1.8548 128 128 128
-2.43752 -0.456532 1.84354 128 128 128
-2.47389 -0.431931 1.86666 128 128 128
-2.48378 -0.402304 1.87021 128 128 128
-2.49411 -0.372616 1.87436 128 128 128
-2.51605 -0.344352 1.8874 128 128 128
-2.52409 -0.31394 1.89036 128 128 128
-2.88964 0.372576 2.05783 128 128 128
-2.90675 0.411095 2.07331 128 128 128
-2.91445 0.448723 2.08248 128 128 128
-2.9168 0.485796 2.08822 128 128 128
-2.9203 0.523282 2.09509 128 128 128
-2.92251 0.560773 2.1014 128 128 128
-2.91621 0.596758 2.10197 128 128 128
-2.89666 0.629894 2.09337 128 128 128
-2.9066 0.707171 2.11229 128 128 128
-2.79184 0.752331 2.04235 128 128 128
-2.94721 0.83303 2.16217 128 128 128
-2.98391 0.883062 2.19657 128 128 128
-2.98225 0.922513 2.20345 128 128 128
-2.9707 0.959041 2.20345 128 128 128
-2.9789 1.00221 2.21835 128 128 128
-2.96793 1.03923 2.2195 128 128 128
-2.96342 1.07865 2.2258 128 128 128
-2.96759 1.12159 2.23899 128 128 128
-2.94445 1.15434 2.23211 128 128 128
-2.94829 1.19777 2.24587 128 128 128
-2.95376 1.24243 2.26135 128 128 128
-2.94506 1.28153 2.26651 128 128 128
-2.94032 1.32261 2.27511 128 128 128
-2.964 1.37721 2.30607 128 128 128
-2.32691 1.11647 1.82507 128 128 128
-2.94033 1.45498 2.31467 128 128 128
-2.92225 1.49096 2.31467 128 128 128
-2.91462 1.53242 2.32326 128 128 128
-2.91145 1.57665 2.33588 128 128 128
-2.90834 1.62143 2.34906 128 128 128
-2.89036 1.65822 2.35078 128 128 128
-2.87756 1.69814 2.35709 128 128 128
-2.86351 1.73757 2.36282 128 128 128
-2.85171 1.77864 2.37085 128 128 128
-2.83587 1.81748 2.37601 128 128 128
-2.80377 1.84584 2.36798 128 128 128
-2.87733 1.94523 2.44939 128 128 128
-2.80543 1.94724 2.40868 128 128 128
-2.80536 1.99863 2.42932 128 128 128
-2.76673 2.02275 2.41728 128 128 128
-2.7712 2.07867 2.44308 128 128 128
-2.74678 2.11351 2.44423 128 128 128
-2.72772 2.15264 2.45053 128 128 128
-2.69345 2.17977 2.44366 128 128 128
-0.919901 0.764633 0.856214 128 128 128
-0.911072 0.776395 0.856787 128 128 128
-0.908889 0.793976 0.863667 128 128 128
-0.899077 0.80507 0.863667 128 128 128
-0.880065 0.807743 0.855067 128 128 128
-0.880842 0.828574 0.865387 128 128 128
-0.855252 0.824554 0.850481 128 128 128
-0.862576 0.852242 0.86768 128 128 128
-2.50538 2.53266 2.51188 128 128 128
-2.48721 2.57676 2.52506 128 128 128
-2.44416 2.59517 2.5136 128 128 128
-2.43099 2.64547 2.53309 128 128 128
-2.42242 2.70194 2.55831 128 128 128
-2.39663 2.74009 2.56634 128 128 128
-2.34474 2.74811 2.54685 128 128 128
-2.32342 2.79179 2.56061 128 128 128
-2.3174 2.85507 2.59214 128 128 128
-2.27252 2.87109 2.58124 128 128 128
-2.24263 2.90589 2.58755 128 128 128
-2.21321 2.9417 2.595 128 128 128
-2.18761 2.98317 2.60762 128 128 128
-2.15703 3.01845 2.61507 128 128 128
-2.12498 3.05209 2.62138 128 128 128
-2.08277 3.07116 2.61564 128 128 128
-2.04989 3.10401 2.62195 128 128 128
-2.01652 3.13651 2.62825 128 128 128
-1.97788 3.16102 2.62825 128 128 128
-1.93894 3.18505 2.62825 128 128 128
-1.90096 3.21072 2.62997 128 128 128
-0.745029 -1.45856 1.16522 128 128 128
-0.806582 -1.44518 1.17726 128 128 128
-0.845848 -1.47285 1.20764 128 128 128
-0.864691 -1.46377 1.20879 128 128 128
-0.885562 -1.45796 1.2128 128 128 128
-0.913785 -1.46367 1.22656 128 128 128
-0.935213 -1.45787 1.23115 128 128 128
-0.956184 -1.45107 1.23516 128 128 128
-0.974836 -1.44059 1.23631 128 128 128
-0.99711 -1.43525 1.24204 128 128 128
-1.01892 -1.42891 1.2472 128 128 128
-1.04653 -1.4302 1.25924 128 128 128
-1.06449 -1.4179 1.25981 128 128 128
-1.08431 -1.40798 1.26268 128 128 128
-1.10861 -1.40358 1.2707 128 128 128
-1.12627 -1.3905 1.27128 128 128 128
-1.149 -1.38352 1.27758 128 128 128
-1.17119 -1.37555 1.28332 128 128 128
-1.19337 -1.36726 1.28905 128 128 128
-1.22261 -1.36656 1.30223 128 128 128
-1.25146 -1.36475 1.31485 128 128 128
-1.26923 -1.35049 1.31599 128 128 128
-1.27322 -1.32182 1.30338 128 128 128
-1.3227 -1.33994 1.33663 128 128 128
-1.36 -1.34436 1.35727 128 128 128
-1.37994 -1.33099 1.36071 128 128 128
-1.40213 -1.31957 1.36644 128 128 128
-1.42605 -1.30948 1.3739 128 128 128
-1.44568 -1.29516 1.37733 128 128 128
-1.46639 -1.28164 1.38192 128 128 128
-1.48762 -1.26834 1.38708 128 128 128
-1.50999 -1.25576 1.39339 128 128 128
-1.54246 -1.25108 1.40887 128 128 128
-1.56027 -1.23409 1.41116 128 128 128
-1.57854 -1.21736 1.41403 128 128 128
-1.60187 -1.2043 1.42148 128 128 128
-1.61124 -1.18068 1.41689 128 128 128
-1.62361 -1.15939 1.41517 128 128 128
-1.69821 -1.18153 1.46677 128 128 128
-1.72072 -1.16613 1.47365 128 128 128
-1.74105 -1.14899 1.47881 128 128 128
-1.75916 -1.1302 1.48225 128 128 128
-1.7847 -1.11592 1.49199 128 128 128
-1.80525 -1.0982 1.49773 128 128 128
-1.8334 -1.08473 1.50977 128 128 128
-1.86361 -1.07197 1.52352 128 128 128
-1.88377 -1.05302 1.52926 128 128 128
-1.90159 -1.03257 1.53327 128 128 128
-1.91991 -1.01222 1.53786 128 128 128
-1.9475 -0.996427 1.5499 128 128 128
-1.96399 -0.974641 1.55334 128 128 128
-1.97949 -0.952245 1.5562 128 128 128
-2.00959 -0.936548 1.57053 128 128 128
-2.03735 -0.919241 1.58315 128 128 128
-2.06275 -0.900408 1.59404 128 128 128
-2.09779 -0.885237 1.61238 128 128 128
-2.13353 -0.86965 1.6313 128 128 128
-2.1448 -0.843703 1.63188 128 128 128
-2.16342 -0.820521 1.63818 128 128 128
-2.18563 -0.798418 1.64735 128 128 128
-2.23717 -0.755571 1.67143 128 128 128
-2.27929 -0.707991 1.68921 128 128 128
-2.32471 -0.690962 1.71615 128 128 128
-2.32198 -0.659243 1.70812 128 128 128
-2.33938 -0.633274 1.715 128 128 128
-2.37078 -0.610665 1.7322 128 128 128
-2.38367 -0.582891 1.73621 128 128 128
-2.4074 -0.557488 1.74825 128 128 128
-2.42606 -0.530537 1.75685 128 128 128
-2.45085 -0.504536 1.77004 128 128 128
-2.47294 -0.47754 1.7815 128 128 128
-2.94942 0.532097 1.99674 128 128 128
-2.94267 0.568251 1.99674 128 128 128
-2.94692 0.606693 2.00445 128 128 128
-2.9474 0.644607 2.00995 128 128 128
-2.94903 0.683002 2.01656 128 128 128
-2.95826 0.72353 2.02867 128 128 128
-2.95158 0.760406 2.03032 128 128 128
-2.98311 0.807758 2.0584 128 128 128
-2.9826 0.847055 2.065 128 128 128
-2.99758 0.891243 2.08262 128 128 128
-2.98403 0.927214 2.08097 128 128 128
-3.00021 0.972815 2.10023 128 128 128
-2.92085 0.986749 2.05344 128 128 128
-2.97694 1.12956 2.12005 128 128 128
-3.0009 1.18104 2.14702 128 128 128
-2.997 1.22221 2.15473 128 128 128
-2.97332 1.25531 2.14867 128 128 128
-2.96992 1.29706 2.15748 128 128 128
-2.96139 1.33686 2.16299 128 128 128
-2.92434 1.36354 2.14812 128 128 128
-2.34809 1.12917 1.73857 128 128 128
-2.96472 1.47213 2.20317 128 128 128
-2.9546 1.5126 2.20923 128 128 128
-2.94467 1.55343 2.21583 128 128 128
-2.95178 1.60383 2.23565 128 128 128
-2.92459 1.63585 2.23015 128 128 128
-2.92888 1.68581 2.24886 128 128 128
-2.91802 1.72759 2.25657 128 128 128
-2.8966 1.76327 2.25657 128 128 128
-2.88394 1.80445 2.26372 128 128 128
-2.87701 1.84966 2.27584 128 128 128
-2.86176 1.88989 2.28189 128 128 128
-2.83766 1.9244 2.28134 128 128 128
-2.8241 1.96625 2.2896 128 128 128
-2.80722 2.0061 2.29565 128 128 128
-2.79046 2.04634 2.30226 128 128 128
-2.7878 2.09752 2.32097 128 128 128
-2.74402 2.11778 2.30611 128 128 128
-2.74072 2.16946 2.32538 128 128 128
-2.73072 2.21663 2.33969 128 128 128
-0.938681 0.777416 0.824218 128 128 128
-0.925898 0.786163 0.821465 128 128 128
-0.910532 0.792512 0.816511 128 128 128
-0.902601 0.8053 0.818162 128 128 128
-0.886511 0.810659 0.812658 128 128 128
-0.89167 0.835806 0.82642 128 128 128
-0.893945 0.858878 0.83798 128 128 128
-2.55661 2.52946 2.39199 128 128 128
-2.52597 2.56124 2.39254 128 128 128
-2.50764 2.6059 2.4052 128 128 128
-2.47548 2.63647 2.4052 128 128 128
-2.42773 2.65001 2.39034 128 128 128
-2.41558 2.70266 2.4107 128 128 128
-2.38991 2.74092 2.41841 128 128 128
-2.36257 2.77768 2.42502 128 128 128
-2.33416 2.81354 2.43107 128 128 128
-2.31834 2.86536 2.45089 128 128 128
-2.283 2.89359 2.45089 128 128 128
-2.24224 2.91477 2.44538 128 128 128
-2.2173 2.95677 2.45749 128 128 128
-2.19314 3.00062 2.47126 128 128 128
-2.15084 3.01983 2.4652 128 128 128
-2.12977 3.06933 2.48392 128 128 128
-2.10175 3.10977 2.49548 128 128 128
-2.04877 3.113 2.47786 128 128 128
-2.02075 3.15409 2.49052 128 128 128
-2.00173 3.21055 2.51529 128 128 128
-1.94792 3.2113 2.49713 128 128 128
-1.91895 3.25295 2.51089 128 128 128
-1.88345 3.28423 2.51695 128 128 128
-1.85192 3.32315 2.52906 128 128 128
-1.80704 3.33827 2.52355 128 128 128
-1.76632 3.36094 2.5241 128 128 128
-1.72873 3.3898 2.52961 128 128 128
-1.69143 3.41975 2.53621 128 128 128
-1.64106 3.42292 2.52355 128 128 128
-1.60735 3.46098 2.53676 128 128 128
-1.56476 3.48045 2.53676 128 128 128
-1.52193 3.49939 2.53676 128 128 128
-1.47887 3.5178 2.53676 128 128 128
-1.43935 3.54497 2.54337 128 128 128
-1.39938 3.5717 2.54997 128 128 128
-1.35868 3.5972 2.55603 128 128 128
-1.31131 3.60496 2.54997 128 128 128
-1.26999 3.62946 2.55603 128 128 128
-1.22244 3.63606 2.54997 128 128 128
-1.18054 3.65953 2.55603 128 128 128
-0.346925 1.16229 0.820364 128 128 128
-0.333087 1.16807 0.821465 128 128 128
-0.860159 3.73837 2.54997 128 128 128
-0.820739 3.77884 2.57034 128 128 128
-0.782615 3.82953 2.59787 128 128 128
-0.730253 3.81096 2.57915 128 128 128
-0.68723 3.84101 2.59346 128 128 128
-0.635827 3.82362 2.5764 128 128 128
-0.588858 3.83113 2.5764 128 128 128
-0.545966 3.86784 2.59622 128 128 128
-0.494871 3.84609 2.5775 128 128 128
-0.448209 3.85685 2.5808 128 128 128
-0.399226 3.84628 2.57034 128 128 128
-0.354097 3.87417 2.58576 128 128 128
-0.305427 3.86407 2.5764 128 128 128
-0.257494 3.86003 2.57144 128 128 128
-0.210594 3.87207 2.5775 128 128 128
-0.163472 3.88437 2.5841 128 128 128
-0.116963 3.92698 2.61108 128 128 128
-0.0678084 3.86969 2.57254 128 128 128
-0.0203129 3.86939 2.57199 128 128 128
0.0273567 3.89189 2.58686 128 128 128
0.075285 3.89961 2.59236 128 128 128
0.122396 3.87586 2.5775 128 128 128
0.17025 3.88074 2.5819 128 128 128
0.218146 3.88336 2.58521 128 128 128
0.265437 3.87539 2.5819 128 128 128
0.311473 3.85354 2.56979 128 128 128
0.35866 3.8486 2.56924 128 128 128
0.406747 3.85221 2.57475 128 128 128
0.451222 3.82371 2.55933 128 128 128
0.501489 3.84355 2.5764 128 128 128
0.546116 3.81975 2.56484 128 128 128
0.593596 3.81689 2.56759 128 128 128
0.637324 3.7912 2.55548 128 128 128
0.678568 3.75435 2.53621 128 128 128
0.728577 3.76623 2.54997 128 128 128
0.777114 3.76845 2.55768 128 128 128
0.816296 3.72683 2.53621 128 128 128
0.860262 3.70922 2.53126 128 128 128
0.908908 3.71135 2.54007 128 128 128
0.945795 3.66678 2.5175 128 128 128
0.992476 3.66134 2.5219 128 128 128
1.04146 3.66334 2.53181 128 128 128
1.08275 3.63828 2.52355 128 128 128
1.12532 3.61835 2.51915 128 128 128
1.17249 3.613 2.5252 128 128 128
1.21298 3.58727 2.5175 128 128 128
1.26108 3.58392 2.52575 128 128 128
1.2995 3.55329 2.51529 128 128 128
1.33676 3.52069 2.50373 128 128 128
1.37526 3.49237 2.49548 128 128 128
1.40853 3.45206 2.47896 128 128 128
1.45665 3.44835 2.48887 128 128 128
1.51293 3.46233 2.51199 128 128 128
1.54187 3.41384 2.49052 128 128 128
1.55994 3.344 2.45364 128 128 128
1.5994 3.3216 2.45144 128 128 128
1.62962 3.2808 2.43603 128 128 128
1.67014 3.2613 2.43658 128 128 128
1.70964 3.23982 2.43603 128 128 128
1.73888 3.19954 2.42171 128 128 128
1.77148 3.16631 2.4129 128 128 128
1.79809 3.12337 2.39694 128 128 128
1.82648 3.08456 2.38428 128 128 128
1.86768 3.06761 2.38868 128 128 128
1.90385 3.04234 2.38703 128 128 128
1.94421 3.02366 2.39089 128 128 128
1.94429 2.94389 2.34685 128 128 128
1.96853 2.90255 2.33309 128 128 128
2.01786 2.89802 2.34905 128 128 128
2.03723 2.85065 2.33088 128 128 128
2.0498 2.79517 2.30611 128 128 128
2.08344 2.76914 2.30556 128 128 128
2.12595 2.75459 2.31492 128 128 128
2.15077 2.71717 2.30556 128 128 128
2.17025 2.67374 2.29125 128 128 128
2.1906 2.63217 2.27859 128 128 128
2.21079 2.59113 2.26648 128 128 128
2.24077 2.56192 2.26483 128 128 128
2.25307 2.51312 2.24611 128 128 128
2.26959 2.46993 2.23235 128 128 128
2.26018 2.40001 2.19436 128 128 128
2.30862 2.3919 2.21253 128 128 128
2.32059 0.505803 1.58663 128 128 128
2.30371 0.472634 1.57122 128 128 128
2.28801 0.440268 1.55691 128 128 128
2.2505 0.404561 1.52828 128 128 128
2.25036 0.376098 1.52498 128 128 128
2.25645 0.348706 1.52608 128 128 128
2.23824 0.317865 1.51122 128 128 128
2.21547 0.286996 1.4936 128 128 128
2.19726 0.257307 1.47929 128 128 128
2.18198 0.228449 1.46718 128 128 128
2.18545 0.20173 1.46773 128 128 128
2.15197 0.172109 1.44406 128 128 128
2.15142 0.145525 1.44241 128 128 128
2.14054 0.118447 1.43415 128 128 128
2.12599 0.0915218 1.42369 128 128 128
2.11109 0.0649718 1.41323 128 128 128
2.08919 0.038692 1.39837 128 128 128
2.05027 0.0128914 1.3725 128 128 128
2.0461 -0.0122354 1.36974 128 128 128
2.03912 -0.0372067 1.36534 128 128 128
2.01348 -0.0614073 1.34883 128 128 128
2.00507 -0.0857731 1.34387 128 128 128
1.98386 -0.109225 1.33066 128 128 128
1.96405 -0.132285 1.31855 128 128 128
1.95562 -0.155831 1.31415 128 128 128
1.94941 -0.179426 1.31139 128 128 128
1.94125 -0.202714 1.30754 128 128 128
1.92949 -0.225434 1.30148 128 128 128
1.92576 -0.248986 1.30093 128 128 128
1.86141 -0.263784 1.2602 128 128 128
1.83164 -0.28247 1.24258 128 128 128
1.80993 -0.30186 1.23047 128 128 128
1.80034 -0.323001 1.22662 128 128 128
1.7946 -0.344751 1.22552 128 128 128
1.79187 -0.367086 1.22662 128 128 128
1.76847 -0.384917 1.21396 128 128 128
1.76199 -0.406211 1.21286 128 128 128
1.75444 -0.427204 1.21121 128 128 128
0.391489 -1.31366 0.924405 128 128 128
0.375339 -1.31836 0.924405 128 128 128
0.342666 -1.32637 0.923855 128 128 128
0.308895 -1.32949 0.920552 128 128 128
0.293085 -1.33563 0.922203 128 128 128
0.277171 -1.34158 0.923855 128 128 128
0.260843 -1.3457 0.924405 128 128 128
0.244456 -1.34963 0.924956 128 128 128
0.227875 -1.35252 0.924956 128 128 128
0.21189 -1.35935 0.927708 128 128 128
0.195887 -1.3668 0.931011 128 128 128
0.178994 -1.36828 0.93046 128 128 128
0.162953 -1.377 0.934864 128 128 128
0.145702 -1.37558 0.932662 128 128 128
0.128961 -1.37893 0.933763 128 128 128
0.112094 -1.38124 0.934314 128 128 128
0.0952995 -1.38501 0.935965 128 128 128
0.0784293 -1.38857 0.937617 128 128 128
0.0614517 -1.3911 0.938718 128 128 128
0.0444239 -1.39342 0.939819 128 128 128
0.0273348 -1.39469 0.940369 128 128 128
0.0102211 -1.39576 0.94092 128 128 128
-0.00692827 -1.39828 0.942571 128 128 128
-0.0243089 -1.40894 0.949727 128 128 128
-0.0422528 -1.42857 0.962939 128 128 128
-0.0599681 -1.43211 0.965691 128 128 128
-0.077251 -1.42626 0.962388 128 128 128
-0.0952118 -1.43187 0.966792 128 128 128
-0.113322 -1.43725 0.971196 128 128 128
-0.131578 -1.4424 0.9756 128 128 128
-0.149889 -1.44649 0.979453 128 128 128
-0.168024 -1.44786 0.981655 128 128 128
-0.186105 -1.44817 0.983307 128 128 128
-0.205173 -1.45487 0.989362 128 128 128
-0.22314 -1.45306 0.989912 128 128 128
-0.241791 -1.45516 0.993215 128 128 128
-0.260228 -1.45536 0.995417 128 128 128
-0.279663 -1.46026 1.00092 128 128 128
-0.300105 -1.46898 1.00918 128 128 128
-0.320444 -1.47578 1.01634 128 128 128
-0.340236 -1.47905 1.02129 128 128 128
-0.359558 -1.47963 1.02459 128 128 128
-0.378945 -1.47996 1.0279 128 128 128
-0.398614 -1.48083 1.03175 128 128 128
-0.419048 -1.48386 1.03725 128 128 128
-0.440812 -1.4906 1.04551 128 128 128
-0.460813 -1.49066 1.04936 128 128 128
-0.481916 -1.49362 1.05542 128 128 128
-0.503161 -1.49629 1.06147 128 128 128
-0.522597 -1.49315 1.06368 128 128 128
-0.544045 -1.49525 1.06973 128 128 128
-0.564434 -1.49392 1.07359 128 128 128
-0.584872 -1.49232 1.07744 128 128 128
-0.603141 -1.48503 1.07744 128 128 128
-0.624903 -1.48597 1.08349 128 128 128
-0.646108 -1.48507 1.08845 128 128 128
-0.662905 -1.47399 1.08625 128 128 128
-0.684836 -1.47406 1.0923 128 128 128
-0.704326 -1.46855 1.0945 128 128 128
-0.724156 -1.46354 1.09726 128 128 128
-0.743587 -1.45751 1.09946 128 128 128
-0.767665 -1.46008 1.10827 128 128 128
-0.787922 -1.45495 1.11157 128 128 128
-0.810211 -1.45318 1.11762 128 128 128
-0.832575 -1.45108 1.12368 128 128 128
-0.854582 -1.44793 1.12918 128 128 128
-0.877071 -1.44517 1.13524 128 128 128
-0.899621 -1.44208 1.14129 128 128 128
-0.928108 -1.44777 1.15451 128 128 128
-0.957329 -1.45367 1.16827 128 128 128
-0.979321 -1.44803 1.17322 128 128 128
-1.00132 -1.44206 1.17818 128 128 128
-1.03012 -1.44527 1.19084 128 128 128
-1.04927 -1.43454 1.19249 128 128 128
-1.0683 -1.42356 1.19414 128 128 128
-1.09182 -1.41826 1.20075 128 128 128
-1.11485 -1.41195 1.2068 128 128 128
-1.13315 -1.39946 1.2079 128 128 128
-1.15879 -1.3957 1.21671 128 128 128
-1.18289 -1.38963 1.22387 128 128 128
-1.19985 -1.375 1.22387 128 128 128
-1.22445 -1.36887 1.23157 128 128 128
-1.24229 -1.35497 1.23267 128 128 128
-1.2743 -1.35601 1.24754 128 128 128
-1.29897 -1.34867 1.25524 128 128 128
-1.31954 -1.33678 1.2591 128 128 128
-1.3406 -1.32517 1.2635 128 128 128
-1.36399 -1.31555 1.27011 128 128 128
-1.40075 -1.31812 1.28882 128 128 128
-1.43408 -1.3166 1.30424 128 128 128
-1.43891 -1.2889 1.29433 128 128 128
-1.4754 -1.28923 1.31249 128 128 128
-1.49875 -1.27751 1.3191 128 128 128
-1.52139 -1.26487 1.32516 128 128 128
-1.54719 -1.2545 1.33396 128 128 128
-1.57034 -1.24161 1.34057 128 128 128
-1.59209 -1.22733 1.34607 128 128 128
-1.61238 -1.2117 1.35048 128 128 128
-1.63319 -1.19625 1.35543 128 128 128
-1.65456 -1.18095 1.36094 128 128 128
-1.67854 -1.16721 1.36864 128 128 128
-1.69827 -1.15026 1.37305 128 128 128
-1.73738 -1.14582 1.39286 128 128 128
-1.76046 -1.13026 1.40002 128 128 128
-1.80823 -1.12973 1.42644 128 128 128
-1.81767 -1.10486 1.42314 128 128 128
-1.83181 -1.0829 1.42369 128 128 128
-1.85221 -1.06448 1.4292 128 128 128
-1.88848 -1.05465 1.44681 128 128 128
-1.92626 -1.04488 1.46553 128 128 128
-1.94559 -1.02465 1.47048 128 128 128
-1.96546 -1.00448 1.47599 128 128 128
-1.98812 -0.985454 1.48369 128 128 128
-2.01588 -0.968543 1.49525 128 128 128
-2.02762 -0.943732 1.49525 128 128 128
-2.04514 -0.921511 1.49966 128 128 128
-2.07545 -0.904645 1.51342 128 128 128
-2.09101 -0.881044 1.51672 128 128 128
-2.1094 -0.858449 1.52223 128 128 128
-2.14933 -0.844037 1.54315 128 128 128
-2.18297 -0.82642 1.55966 128 128 128
-2.20079 -0.802414 1.56516 128 128 128
-2.2428 -0.786614 1.58773 128 128 128
-2.25624 -0.760357 1.59049 128 128 128
-2.28209 -0.737975 1.60205 128 128 128
-2.29496 -0.711143 1.6048 128 128 128
-2.30912 -0.684577 1.60865 128 128 128
-2.33423 -0.660934 1.62021 128 128 128
-2.35426 -0.635481 1.62847 128 128 128
-2.37887 -0.610872 1.64003 128 128 128
-2.38375 -0.581045 1.63838 128 128 128
-2.43298 -0.498895 1.6582 128 128 128
-2.48074 -0.476965 1.68627 128 128 128
-2.50285 -0.449409 1.69728 128 128 128
-2.52712 -0.421789 1.70994 128 128 128
-2.56264 -0.395402 1.73031 128 128 128
-2.5673 -0.363925 1.73031 128 128 128
-2.57737 -0.333132 1.73416 128 128 128
-2.59702 -0.303291 1.74462 128 128 128
-2.93207 0.345102 1.86893 128 128 128
-2.94275 0.383018 1.87848 128 128 128
-2.95042 0.420891 1.88643 128 128 128
-2.94754 0.457454 1.88803 128 128 128
-2.96428 0.497367 1.90235 128 128 128
-2.96797 0.535507 1.90872 128 128 128
-2.97865 0.575255 1.91986 128 128 128
-2.97884 0.613299 1.92463 128 128 128
-2.97648 0.727952 1.93896 128 128 128
-3.08129 0.83417 2.01906 128 128 128
-3.0643 0.87007 2.01482 128 128 128
-3.01844 0.897239 1.99201 128 128 128
-3.02421 0.939485 2.00315 128 128 128
-3.00519 0.974177 1.99837 128 128 128
-3.02032 1.02019 2.01641 128 128 128
-3.00918 1.05774 2.01747 128 128 128
-3.02464 1.10505 2.03657 128 128 128
-3.01957 1.14538 2.0424 128 128 128
-3.01396 1.18576 2.04824 128 128 128
-3.01253 1.22809 2.05726 128 128 128
-3.00739 1.26925 2.06416 128 128 128
-3.00013 1.30979 2.06999 128 128 128
-2.98229 1.34581 2.06893 128 128 128
-2.94557 1.373 2.05514 128 128 128
-2.94684 1.41786 2.06787 128 128 128
-2.97023 1.47424 2.09652 128 128 128
-2.96927 1.51946 2.10872 128 128 128
-2.9669 1.56447 2.12039 128 128 128
-2.96685 1.61127 2.13418 128 128 128
-2.96388 1.65706 2.14638 128 128 128
-2.94332 1.69331 2.14638 128 128 128
-2.93983 1.73966 2.15912 128 128 128
-2.93347 1.78485 2.17026 128 128 128
-2.90344 1.81577 2.16442 128 128 128
-2.89735 1.8618 2.17662 128 128 128
-2.87499 1.89768 2.17715 128 128 128
-2.86552 1.94232 2.18776 128 128 128
-2.83242 1.97105 2.18087 128 128 128
-2.82458 2.01748 2.1936 128 128 128
-2.80919 2.059 2.20103 128 128 128
-2.78439 2.09382 2.20156 128 128 128
-2.78131 2.14543 2.2196 128 128 128
-2.7561 2.18045 2.22066 128 128 128
-0.955763 0.776645 0.79199 128 128 128
-0.937685 0.781272 0.785093 128 128 128
-0.929963 0.794369 0.786685 128 128 128
-0.919506 0.805164 0.786154 128 128 128
-0.903873 0.811298 0.78138 128 128 128
-0.901968 0.82978 0.788276 128 128 128
-0.892952 0.841947 0.789337 128 128 128
-0.893538 0.863431 0.798887 128 128 128
-2.5834 2.55435 2.29493 128 128 128
-2.5596 2.5937 2.30182 128 128 128
-2.52758 2.62492 2.30182 128 128 128
-2.50273 2.66377 2.30872 128 128 128
-2.46985 2.69428 2.30872 128 128 128
-2.43717 2.72502 2.30925 128 128 128
-2.40968 2.76174 2.31509 128 128 128
-2.37671 2.7924 2.31615 128 128 128
-2.34822 2.82852 2.32198 128 128 128
-2.3192 2.86437 2.32782 128 128 128
-2.27915 2.88663 2.32305 128 128 128
-2.26114 2.93721 2.34108 128 128 128
-2.23104 2.97287 2.34745 128 128 128
-2.2054 3.01507 2.35912 128 128 128
-2.16922 3.04329 2.36018 128 128 128
-2.12059 3.05367 2.34798 128 128 128
-2.10481 3.11175 2.37238 128 128 128
-2.06693 3.13806 2.37291 128 128 128
-2.02827 3.16318 2.37291 128 128 128
-1.99963 3.20437 2.38511 128 128 128
-1.96984 3.24461 2.39679 128 128 128
-1.92599 3.26197 2.39201 128 128 128
-1.89553 3.30226 2.40421 128 128 128
-1.85445 3.32453 2.40368 128 128 128
-1.81351 3.34704 2.40368 128 128 128
-1.77309 3.37054 2.40474 128 128 128
-0.611834 -1.49885 1.03443 128 128 128
-0.651821 -1.49115 1.03974 128 128 128
-0.693229 -1.48547 1.04717 128 128 128
-0.713241 -1.48067 1.04982 128 128 128
-0.732864 -1.47484 1.05194 128 128 128
-0.751679 -1.46725 1.053 128 128 128
-0.775553 -1.46916 1.06096 128 128 128
-0.797162 -1.46624 1.06573 128 128 128
-0.818401 -1.46227 1.06998 128 128 128
-0.837974 -1.45505 1.0721 128 128 128
-0.866982 -1.46363 1.08589 128 128 128
-0.8884 -1.45868 1.09014 128 128 128
-0.90803 -1.45054 1.09226 128 128 128
-0.926678 -1.44072 1.09332 128 128 128
-0.952221 -1.44127 1.10234 128 128 128
-0.976491 -1.4393 1.10977 128 128 128
-1.00424 -1.44182 1.12091 128 128 128
-1.02826 -1.43836 1.1278 128 128 128
-1.04684 -1.427 1.12886 128 128 128
-1.07649 -1.43031 1.1416 128 128 128
-1.10586 -1.43244 1.1538 128 128 128
-1.12914 -1.42608 1.15963 128 128 128
-1.14922 -1.41541 1.16229 128 128 128
-1.17409 -1.41032 1.16971 128 128 128
-1.19901 -1.40484 1.17714 128 128 128
-1.22006 -1.39449 1.18085 128 128 128
-1.24047 -1.3832 1.18404 128 128 128
-1.25907 -1.36975 1.18563 128 128 128
-1.28101 -1.35975 1.1904 128 128 128
-1.33068 -1.34479 1.20526 128 128 128
-1.35432 -1.33551 1.21162 128 128 128
-1.38647 -1.33408 1.22542 128 128 128
-1.4083 -1.32219 1.23019 128 128 128
-1.43191 -1.31169 1.23656 128 128 128
-1.4719 -1.3155 1.25672 128 128 128
-1.48155 -1.29176 1.25141 128 128 128
-1.516 -1.28943 1.2668 128 128 128
-1.53497 -1.27344 1.26945 128 128 128
-1.55641 -1.25931 1.27422 128 128 128
-1.59503 -1.25851 1.29279 128 128 128
-1.60699 -1.23625 1.29014 128 128 128
-1.62882 -1.22153 1.29544 128 128 128
-1.66147 -1.21447 1.30924 128 128 128
-1.68246 -1.19842 1.31401 128 128 128
-1.70261 -1.18155 1.31826 128 128 128
-1.71838 -1.16152 1.31932 128 128 128
-1.74596 -1.14921 1.3294 128 128 128
-1.76278 -1.12953 1.33152 128 128 128
-1.79808 -1.12128 1.34744 128 128 128
-1.82691 -1.10838 1.35858 128 128 128
-1.84695 -1.08976 1.36335 128 128 128
-1.87782 -1.07714 1.37608 128 128 128
-1.90126 -1.0598 1.38351 128 128 128
-1.9253 -1.04246 1.39147 128 128 128
-1.94695 -1.02349 1.39783 128 128 128
-1.97899 -1.00955 1.41163 128 128 128
-2.00414 -0.991587 1.42065 128 128 128
-2.02914 -0.973159 1.42966 128 128 128
-2.04939 -0.952119 1.4355 128 128 128
-2.07096 -0.931425 1.4424 128 128 128
-2.08612 -0.907634 1.44505 128 128 128
-2.11195 -0.88822 1.45513 128 128 128
-2.1274 -0.864153 1.45831 128 128 128
-2.14968 -0.842629 1.46627 128 128 128
-2.17333 -0.821289 1.47529 128 128 128
-2.25109 -0.757255 1.50765 128 128 128
-2.2949 -0.709814 1.52463 128 128 128
-2.33514 -0.690999 1.54532 128 128 128
-2.35567 -0.665757 1.55327 128 128 128
-2.37594 -0.640114 1.56123 128 128 128
-2.39676 -0.614285 1.56972 128 128 128
-2.40823 -0.585831 1.57237 128 128 128
-2.41193 -0.555471 1.57025 128 128 128
-2.45584 -0.533958 1.59412 128 128 128
-2.48047 -0.50753 1.60579 128 128 128
-2.50733 -0.481057 1.61906 128 128 128
-2.5364 -0.454452 1.63391 128 128 128
-2.6809 0.0725996 1.60094 128 128 128
-2.9894 0.489341 1.80535 128 128 128
-2.98826 0.526894 1.8084 128 128 128
-2.99597 0.566267 1.81702 128 128 128
-3.00568 0.606423 1.82716 128 128 128
-3.00728 0.645263 1.83274 128 128 128
-3.02266 0.687504 1.84695 128 128 128
-3.02321 0.726774 1.85252 128 128 128
-3.01657 0.764457 1.85405 128 128 128
-3.01611 0.803872 1.85963 128 128 128
-3.00602 0.840824 1.85963 128 128 128
-3.01201 0.882519 1.86977 128 128 128
-3.02649 0.927276 1.8855 128 128 128
-3.03211 0.969884 1.89615 128 128 128
-3.02488 1.00866 1.89919 128 128 128
-3.06798 1.15029 1.95093 128 128 128
-3.03436 1.18033 1.93876 128 128 128
-3.05001 1.22976 1.95803 128 128 128
-3.01879 1.26043 1.94789 128 128 128
-3.0276 1.30801 1.96361 128 128 128
-3.01368 1.34612 1.96513 128 128 128
-2.98599 1.37794 1.95803 128 128 128
-2.4036 1.14423 1.58927 128 128 128
-2.99069 1.47024 1.9839 128 128 128
-2.9755 1.5084 1.98593 128 128 128
-2.97203 1.5528 1.99607 128 128 128
-2.96943 1.59816 2.00723 128 128 128
-2.95939 1.63992 2.01383 128 128 128
-2.95849 1.68724 2.02701 128 128 128
-2.94722 1.7291 2.03361 128 128 128
-2.942 1.77495 2.04477 128 128 128
-2.93098 1.81775 2.05238 128 128 128
-2.92588 1.86472 2.06455 128 128 128
-2.91142 1.90616 2.07064 128 128 128
-2.89567 1.94704 2.07622 128 128 128
-2.88077 1.98881 2.08281 128 128 128
-2.86247 2.0285 2.08738 128 128 128
-2.84572 2.06957 2.09346 128 128 128
-2.82839 2.11053 2.09955 128 128 128
-2.80091 2.14403 2.09854 128 128 128
-2.78928 2.18997 2.10969 128 128 128
-0.964351 0.772766 0.74979 128 128 128
-0.956787 0.786191 0.751312 128 128 128
-0.943125 0.794527 0.748269 128 128 128
-0.933954 0.806607 0.748776 128 128 128
-0.93299 0.826037 0.755877 128 128 128
-0.921511 0.836261 0.754863 128 128 128
-0.909293 0.845739 0.753341 128 128 128
-2.60472 2.4946 2.1452 128 128 128
-2.59909 2.55116 2.166 128 128 128
-2.58155 2.59693 2.17766 128 128 128
-2.54949 2.62842 2.17766 128 128 128
-2.51645 2.65888 2.17716 128 128 128
-2.49706 2.70414 2.18882 128 128 128
-2.46196 2.73265 2.1873 128 128 128
-2.44301 2.77951 2.20049 128 128 128
-2.42216 2.825 2.21266 128 128 128
-2.38179 2.84789 2.20759 128 128 128
-2.34667 2.8769 2.20759 128 128 128
-2.31708 2.91291 2.21317 128 128 128
-2.28116 2.94112 2.21317 128 128 128
-2.25112 2.97715 2.21926 128 128 128
-2.21442 3.00455 2.21926 128 128 128
-2.1834 3.03991 2.22534 128 128 128
-2.14001 3.05799 2.21926 128 128 128
-2.11396 3.10113 2.23143 128 128 128
-2.09239 3.15199 2.24918 128 128 128
-2.04235 3.16004 2.23701 128 128 128
-2.00433 3.18633 2.23803 128 128 128
-1.97092 3.22024 2.24462 128 128 128
-1.95105 3.27754 2.26745 128 128 128
-1.91069 3.30123 2.26745 128 128 128
-1.86581 3.31691 2.26237 128 128 128
-1.82951 3.34788 2.26795 128 128 128
-1.79796 3.38836 2.28013 128 128 128
-1.7649 3.42704 2.29129 128 128 128
-1.71926 3.4415 2.28672 128 128 128
-1.68064 3.4701 2.29179 128 128 128
-1.63866 3.49202 2.29281 128 128 128
-1.59142 3.50245 2.28672 128 128 128
-1.56458 3.55881 2.31056 128 128 128
-1.51676 3.56822 2.30447 128 128 128
-1.47285 3.58656 2.30447 128 128 128
-1.42493 3.59475 2.29839 128 128 128
-1.38071 3.61196 2.29839 128 128 128
-1.34638 3.65614 2.31563 128 128 128
-1.29854 3.66426 2.31056 128 128 128
-1.25652 3.6889 2.31614 128 128 128
-0.367183 1.113 0.712255 128 128 128
-0.366339 1.15855 0.737617 128 128 128
-0.347159 1.14645 0.727472 128 128 128
-1.05153 3.66738 2.26795 128 128 128
-0.939714 3.80068 2.32679 128 128 128
-0.890655 3.80185 2.32071 128 128 128
-0.843749 3.81165 2.3202 128 128 128
-0.785362 3.76603 2.28672 128 128 128
-0.750281 3.8329 2.32121 128 128 128
-0.699642 3.82232 2.30955 128 128 128
-0.655847 3.84931 2.32071 128 128 128
-0.608961 3.85962 2.32223 128 128 128
-0.562657 3.87448 2.32679 128 128 128
-0.515069 3.8811 2.32679 128 128 128
-0.467199 3.88541 2.32578 128 128 128
-0.418662 3.88314 2.32121 128 128 128
-0.372434 3.90343 2.33034 128 128 128
-0.321198 3.86734 2.3065 128 128 128
-0.274553 3.88302 2.3136 128 128 128
-0.227571 3.89815 2.32071 128 128 128
-0.179524 3.89634 2.31817 128 128 128
-0.132147 3.91203 2.32628 128 128 128
-0.0836738 3.89096 2.3131 128 128 128
-0.0359125 3.89083 2.31259 128 128 128
0.0118835 3.90218 2.31918 128 128 128
0.0597542 3.90088 2.31868 128 128 128
0.106382 3.85678 2.29331 128 128 128
0.155857 3.90771 2.32426 128 128 128
0.201551 3.86333 2.2994 128 128 128
0.249283 3.86573 2.30244 128 128 128
0.29898 3.89159 2.31969 128 128 128
0.344155 3.85931 2.30295 128 128 128
0.387439 3.81536 2.27962 128 128 128
0.435413 3.82059 2.28571 128 128 128
0.482155 3.8141 2.2852 128 128 128
0.532749 3.83521 2.30143 128 128 128
0.572622 3.78153 2.27353 128 128 128
0.617299 3.76401 2.26745 128 128 128
0.66812 3.78246 2.28317 128 128 128
0.709487 3.74773 2.26745 128 128 128
0.756968 3.74634 2.27201 128 128 128
0.803977 3.74182 2.27505 128 128 128
0.841564 3.69555 2.25324 128 128 128
0.880974 3.66066 2.23853 128 128 128
0.941797 3.7122 2.27658 128 128 128
0.966976 3.62461 2.23042 128 128 128
1.01092 3.61082 2.2294 128 128 128
1.05515 3.59814 2.2294 128 128 128
1.09644 3.57586 2.22382 128 128 128
1.14261 3.56952 2.22839 128 128 128
1.18058 3.53807 2.21774 128 128 128
1.2205 3.51355 2.21165 128 128 128
1.26235 3.49507 2.20962 128 128 128
1.29695 3.45754 2.19592 128 128 128
1.34461 3.45501 2.20455 128 128 128
1.38593 3.43585 2.20303 128 128 128
1.40967 3.37487 2.17513 128 128 128
1.46092 3.38024 2.18984 128 128 128
1.49701 3.35027 2.18223 128 128 128
1.53656 3.32852 2.1802 128 128 128
1.57692 3.30863 2.17969 128 128 128
1.61168 3.27744 2.17208 128 128 128
1.6217 3.19826 2.13303 128 128 128
1.65082 3.15904 2.12035 128 128 128
1.69601 3.15068 2.12846 128 128 128
1.72701 3.11607 2.11933 128 128 128
1.75271 3.07295 2.10462 128 128 128
1.78723 3.04601 2.10107 128 128 128
1.82001 3.01647 2.096 128 128 128
1.85098 2.9844 2.0894 128 128 128
1.88746 2.96146 2.0894 128 128 128
1.91278 2.92151 2.07774 128 128 128
1.94897 2.89853 2.07825 128 128 128
1.96624 2.84817 2.05948 128 128 128
2.00604 2.83086 2.06455 128 128 128
2.02285 2.78165 2.0468 128 128 128
2.03309 2.72488 2.02346 128 128 128
2.05431 2.684 2.0118 128 128 128
2.09722 2.67145 2.02143 128 128 128
2.10656 2.61668 1.99962 128 128 128
2.13027 2.58067 1.99202 128 128 128
2.16122 2.55368 1.99151 128 128 128
2.17487 2.50681 1.97578 128 128 128
2.19801 2.47157 1.96919 128 128 128
2.22119 2.43678 1.9631 128 128 128
2.25741 2.41626 1.96868 128 128 128
2.27317 2.37407 1.95702 128 128 128
2.33177 2.20761 1.91238 128 128 128
2.30291 2.12745 1.86774 128 128 128
2.31859 2.08981 1.85963 128 128 128
2.3298 2.0487 1.84847 128 128 128
2.35411 2.0194 1.84796 128 128 128
2.38692 1.94796 1.83579 128 128 128
1.67605 1.30236 1.27174 128 128 128
1.6981 1.28637 1.2763 128 128 128
2.397 1.02048 1.55579 128 128 128
2.37323 0.942344 1.52536 128 128 128
2.36085 0.871052 1.50355 128 128 128
2.35674 0.83685 1.49442 128 128 128
2.35214 0.802881 1.48528 128 128 128
2.35772 0.772622 1.48275 128 128 128
2.35879 0.741062 1.47768 128 128 128
2.35945 0.709593 1.4726 128 128 128
2.34726 0.674671 1.45992 128 128 128
2.31462 0.634723 1.43507 128 128 128
2.29053 0.598058 1.41579 128 128 128
2.2659 0.56208 1.39652 128 128 128
2.25752 0.53071 1.38739 128 128 128
2.24703 0.499261 1.37724 128 128 128
2.24202 0.469374 1.37065 128 128 128
2.23915 0.44018 1.36558 128 128 128
2.22997 0.410047 1.35695 128 128 128
2.21104 0.378625 1.34275 128 128 128
2.19168 0.34773 1.32855 128 128 128
2.18896 0.319825 1.32449 128 128 128
2.18588 0.29204 1.32043 128 128 128
2.14994 0.260506 1.2971 128 128 128
2.13069 0.231726 1.28391 128 128 128
2.11021 0.203378 1.27022 128 128 128
2.08678 0.175357 1.255 128 128 128
2.07759 0.148958 1.2484 128 128 128
2.06808 0.122811 1.24181 128 128 128
2.05307 0.0966885 1.23217 128 128 128
2.04549 0.0712056 1.2271 128 128 128
2.02898 0.0457479 1.21696 128 128 128
2.03111 0.0208597 1.21797 128 128 128
2.01829 -0.00401277 1.21036 128 128 128
2.01206 -0.0286807 1.20681 128 128 128
1.98485 -0.0526024 1.19109 128 128 128
1.92292 -0.0744479 1.15507 128 128 128
1.90895 -0.0973512 1.14746 128 128 128
1.89987 -0.120262 1.1429 128 128 128
1.89739 -0.1435 1.14239 128 128 128
1.88691 -0.165998 1.13732 128 128 128
1.86501 -0.187115 1.12565 128 128 128
1.85487 -0.209101 1.12109 128 128 128
1.84447 -0.230865 1.11652 128 128 128
1.83296 -0.252287 1.11145 128 128 128
1.82121 -0.273461 1.10638 128 128 128
1.80751 -0.294104 1.10029 128 128 128
1.78764 -0.313396 1.09065 128 128 128
1.77266 -0.333213 1.08406 128 128 128
1.77012 -0.355284 1.08507 128 128 128
1.75047 -0.373703 1.07594 128 128 128
1.73063 -0.391694 1.06681 128 128 128
1.69805 -0.406215 1.05008 128 128 128
1.67457 -0.422339 1.03892 128 128 128
1.65594 -0.439287 1.0308 128 128 128
1.63383 -0.454908 1.02066 128 128 128
1.61986 -0.472488 1.01558 128 128 128
1.60652 -0.490049 1.01102 128 128 128
1.59547 -0.508144 1.00797 128 128 128
0.399958 -1.32315 0.836021 128 128 128
0.38511 -1.33293 0.839064 128 128 128
0.353795 -1.34782 0.842615 128 128 128
0.337023 -1.35123 0.842108 128 128 128
0.321198 -1.35862 0.844137 128 128 128
0.304687 -1.3633 0.844644 128 128 128
0.288284 -1.36862 0.845658 128 128 128
0.270974 -1.36952 0.844137 128 128 128
0.253685 -1.3702 0.842615 128 128 128
0.236851 -1.37321 0.842615 128 128 128
0.220382 -1.37857 0.844137 128 128 128
0.203817 -1.38373 0.845658 128 128 128
0.187383 -1.3904 0.848195 128 128 128
0.170816 -1.39687 0.850731 128 128 128
0.154027 -1.40229 0.85276 128 128 128
0.136969 -1.40579 0.853774 128 128 128
0.12006 -1.41166 0.85631 128 128 128
0.102787 -1.41388 0.856818 128 128 128
0.0858228 -1.42192 0.860875 128 128 128
0.0685993 -1.42803 0.863919 128 128 128
0.0512387 -1.43394 0.866962 128 128 128
0.0336909 -1.43704 0.868484 128 128 128
0.0160536 -1.43735 0.868484 128 128 128
-0.00157883 -1.43571 0.86747 128 128 128
-0.019353 -1.44506 0.873049 128 128 128
-0.036961 -1.44041 0.870513 128 128 128
-0.0548109 -1.44415 0.873049 128 128 128
-0.0727122 -1.44681 0.875078 128 128 128
-0.0905743 -1.44753 0.876093 128 128 128
-0.108532 -1.44889 0.877614 128 128 128
-0.126614 -1.45088 0.879643 128 128 128
-0.144761 -1.45265 0.881672 128 128 128
-0.162971 -1.45419 0.883701 128 128 128
-0.18124 -1.4555 0.88573 128 128 128
-0.199685 -1.45743 0.888266 128 128 128
-0.218205 -1.45913 0.890803 128 128 128
-0.237359 -1.464 0.895368 128 128 128
-0.256212 -1.46606 0.898411 128 128 128
-0.274828 -1.4662 0.90044 128 128 128
-0.293315 -1.46525 0.901962 128 128 128
-0.312184 -1.46575 0.904498 128 128 128
-0.330917 -1.46517 0.906527 128 128 128
-0.349885 -1.46518 0.909063 128 128 128
-0.369116 -1.46579 0.912107 128 128 128
-0.388191 -1.46531 0.914643 128 128 128
-0.409877 -1.47371 0.922759 128 128 128
-0.433287 -1.48676 0.933918 128 128 128
-0.453021 -1.48627 0.936961 128 128 128
-0.474127 -1.48963 0.942541 128 128 128
-0.495108 -1.49187 0.947613 128 128 128
-0.5165 -1.49463 0.953193 128 128 128
-0.537446 -1.49547 0.957758 128 128 128
-0.559401 -1.49844 0.963845 128 128 128
-0.580569 -1.49869 0.96841 128 128 128
-0.60215 -1.49944 0.973482 128 128 128
-0.62217 -1.49591 0.976018 128 128 128
-0.643566 -1.49528 0.980584 128 128 128
-0.664335 -1.49278 0.984134 128 128 128
-0.685501 -1.49077 0.988192 128 128 128
-0.706717 -1.48846 0.99225 128 128 128
-0.727598 -1.48509 0.995801 128 128 128
-0.748893 -1.48219 0.999859 128 128 128
-0.769826 -1.47824 1.00341 128 128 128
-0.791184 -1.47474 1.00747 128 128 128
-0.810896 -1.46794 1.0095 128 128 128
-0.831417 -1.46236 1.01254 128 128 128
-0.852359 -1.45725 1.01609 128 128 128
-0.8733 -1.45184 1.01964 128 128 128
-0.894692 -1.44687 1.0237 128 128 128
-0.918414 -1.44522 1.03029 128 128 128
-0.937971 -1.43672 1.03232 128 128 128
-0.968058 -1.44368 1.04551 128 128 128
-0.988154 -1.43524 1.04805 128 128 128
-1.01817 -1.44057 1.06073 128 128 128
-1.04542 -1.4412 1.07036 128 128 128
-1.06509 -1.43102 1.07239 128 128 128
-1.09412 -1.43288 1.08355 128 128 128
-1.11268 -1.4207 1.08457 128 128 128
-1.14303 -1.42303 1.09674 128 128 128
-1.16095 -1.40956 1.09725 128 128 128
-1.19154 -1.41098 1.10942 128 128 128
-1.21273 -1.4008 1.11297 128 128 128
-1.23442 -1.39096 1.11703 128 128 128
-1.25953 -1.38462 1.12413 128 128 128
-1.28232 -1.37534 1.1292 128 128 128
-1.30089 -1.36137 1.13073 128 128 128
-1.32778 -1.35575 1.13935 128 128 128
-1.34798 -1.34299 1.14239 128 128 128
-1.36684 -1.32875 1.14442 128 128 128
-1.4031 -1.33081 1.16065 128 128 128
-1.40094 -1.29655 1.14594 128 128 128
-1.43918 -1.29943 1.1637 128 128 128
-1.47446 -1.29871 1.17891 128 128 128
-1.50011 -1.28892 1.18652 128 128 128
-1.53169 -1.28367 1.1987 128 128 128
-1.55401 -1.27022 1.20377 128 128 128
-1.57894 -1.25855 1.21087 128 128 128
-1.60449 -1.24699 1.21848 128 128 128
-1.62999 -1.23499 1.22609 128 128 128
-1.65474 -1.22204 1.23319 128 128 128
-1.67662 -1.20666 1.23826 128 128 128
-1.69978 -1.19192 1.24435 128 128 128
-1.72853 -1.18066 1.25449 128 128 128
-1.75439 -1.16697 1.26261 128 128 128
-1.77075 -1.14676 1.26413 128 128 128
-1.79126 -1.12906 1.26869 128 128 128
-1.80718 -1.10834 1.27022 128 128 128
-1.84066 -1.09796 1.28391 128 128 128
-1.86967 -1.08434 1.29456 128 128 128
-1.89411 -1.06764 1.30217 128 128 128
-1.92371 -1.05339 1.31333 128 128 128
-1.95325 -1.03857 1.32449 128 128 128
-1.97812 -1.02082 1.33261 128 128 128
-1.99667 -0.999542 1.33666 128 128 128
-2.02586 -0.983209 1.34782 128 128 128
-2.04636 -0.962292 1.3534 128 128 128
-2.069 -0.942086 1.3605 128 128 128
-2.09619 -0.923544 1.37065 128 128 128
-2.11927 -0.902794 1.37826 128 128 128
-2.13976 -0.880637 1.38434 128 128 128
-2.16163 -0.858746 1.39145 128 128 128
-2.17522 -0.833382 1.39347 128 128 128
-2.19257 -0.809298 1.39804 128 128 128
-2.21777 -0.787783 1.40768 128 128 128
-2.25992 -0.771586 1.42797 128 128 128
-2.27987 -0.747265 1.43456 128 128 128
-2.29051 -0.719745 1.43558 128 128 128
-2.33385 -0.701945 1.45688 128 128 128
-2.35141 -0.675854 1.46246 128 128 128
-2.38281 -0.653287 1.47666 128 128 128
-2.41818 -0.63113 1.4934 128 128 128
-2.42406 -0.600996 1.49239 128 128 128
-2.44217 -0.573747 1.49898 128 128 128
-2.50205 -0.555409 1.53094 128 128 128
-2.46311 -0.515215 1.50355 128 128 128
-2.47178 -0.485444 1.50507 128 128 128
-2.48858 -0.457079 1.51166 128 128 128
-2.52204 -0.431251 1.5284 128 128 128
-2.54672 -0.403337 1.54007 128 128 128
-2.57366 -0.375249 1.55325 128 128 128
-2.58918 -0.3451 1.55985 128 128 128
-2.63087 -0.317785 1.58217 128 128 128
-2.66799 -0.289041 1.60195 128 128 128
-2.95373 0.314558 1.67712 128 128 128
-2.95051 0.350884 1.6776 128 128 128
-2.96158 0.389106 1.68636 128 128 128
-2.97993 0.428768 1.69949 128 128 128
-2.98221 0.466515 1.70387 128 128 128
-3.00986 0.508739 1.72285 128 128 128
-3.02489 0.54953 1.73501 128 128 128
-3.03335 0.589602 1.74377 128 128 128
-3.0353 0.628727 1.74912 128 128 128
-3.02877 0.744602 1.75982 128 128 128
-2.96743 0.80726 1.73549 128 128 128
-3.03796 0.866584 1.7822 128 128 128
-3.03966 0.907543 1.7895 128 128 128
-3.05749 0.95387 1.80652 128 128 128
-3.05636 0.994828 1.81285 128 128 128
-3.05881 1.0373 1.8216 128 128 128
-3.06316 1.08086 1.83182 128 128 128
-3.06279 1.12317 1.8396 128 128 128
-3.05694 1.16378 1.84447 128 128 128
-3.06519 1.21018 1.85809 128 128 128
-3.06952 1.25563 1.86977 128 128 128
-3.05629 1.29423 1.87122 128 128 128
-3.04819 1.33514 1.87609 128 128 128
-3.04272 1.37748 1.8829 128 128 128
-2.45642 1.14889 1.53312 128 128 128
-3.02059 1.45781 1.89068 128 128 128
-3.01421 1.5006 1.89798 128 128 128
-3.00334 1.54146 1.90285 128 128 128
-2.99192 1.58229 1.90771 128 128 128
-2.98072 1.62348 1.91306 128 128 128
-2.97734 1.66932 1.92377 128 128 128
-2.97556 1.71664 1.93593 128 128 128
-2.96254 1.75793 1.94128 128 128 128
-2.94149 1.7946 1.94177 128 128 128
-2.93553 1.84077 1.95247 128 128 128
-2.93917 1.89368 1.96998 128 128 128
-2.91644 1.93009 1.97047 128 128 128
-2.89904 1.97015 1.97485 128 128 128
-2.89973 2.02306 1.99187 128 128 128
-2.86616 2.05239 1.98604 128 128 128
-2.8478 2.09258 1.9909 128 128 128
-2.84005 2.14104 2.00355 128 128 128
-2.82255 2.18267 2.00987 128 128 128
-0.978208 0.777027 0.718735 128 128 128
-0.957073 0.779606 0.710465 128 128 128
-0.948776 0.79241 0.711438 128 128 128
-0.944959 0.809101 0.715816 128 128 128
-0.936931 0.822363 0.717276 128 128 128
-0.925469 0.832631 0.716303 128 128 128
-0.926755 0.854573 0.725059 128 128 128
-2.6535 2.50396 2.05463 128 128 128
-2.61692 2.53087 2.05025 128 128 128
-2.59249 2.56956 2.0556 128 128 128
-2.57671 2.61736 2.06825 128 128 128
-2.58557 2.69161 2.10133 128 128 128
-2.51887 2.68745 2.07409 128 128 128
-2.50635 2.74072 2.09112 128 128 128
-2.47311 2.77192 2.0916 128 128 128
-2.43948 2.80272 2.09209 128 128 128
-2.42414 2.85508 2.10863 128 128 128
-2.38948 2.88529 2.10912 128 128 128
-2.35389 2.91439 2.10912 128 128 128
-2.3239 2.95061 2.11447 128 128 128
-2.28751 2.9789 2.11447 128 128 128
-2.2576 3.01584 2.12079 128 128 128
-2.22608 3.05108 2.12614 128 128 128
-2.18341 3.07105 2.12128 128 128 128
-2.15601 3.11269 2.1315 128 128 128
-2.11276 3.13167 2.12663 128 128 128
-2.07945 3.16539 2.13198 128 128 128
-2.04045 3.19067 2.13198 128 128 128
-2.00761 3.22585 2.13879 128 128 128
-1.96697 3.24875 2.13782 128 128 128
-1.92695 3.27265 2.13782 128 128 128
-1.89229 3.3059 2.14414 128 128 128
-1.86093 3.34567 2.15485 128 128 128
-1.81974 3.36825 2.15485 128 128 128
-1.77826 3.39033 2.15485 128 128 128
-1.74684 3.43214 2.1675 128 128 128
-1.70343 3.45097 2.16604 128 128 128
-1.67491 3.50076 2.18404 128 128 128
-1.61381 3.48222 2.1602 128 128 128
-1.57203 3.50415 2.16166 128 128 128
-1.54841 3.56805 2.1889 128 128 128
-1.50856 3.59645 2.19474 128 128 128
-1.43247 3.53616 2.14755 128 128 128
-1.40839 3.6031 2.17723 128 128 128
-1.35821 3.60458 2.16798 128 128 128
0.265006 -1.39379 0.813114 128 128 128
0.195932 -1.40252 0.811654 128 128 128
0.178928 -1.40655 0.812627 128 128 128
0.145164 -1.41834 0.817006 128 128 128
0.128223 -1.42524 0.819925 128 128 128
0.0934387 -1.43144 0.821871 128 128 128
0.0759599 -1.43422 0.822843 128 128 128
0.0584268 -1.43679 0.823816 128 128 128
0.0408421 -1.43915 0.824789 128 128 128
-0.0122475 -1.45191 0.8316 128 128 128
-0.0300465 -1.45078 0.831114 128 128 128
-0.0479313 -1.45292 0.832573 128 128 128
-0.0659118 -1.45571 0.834519 128 128 128
-0.0839187 -1.45741 0.835979 128 128 128
-0.102037 -1.45976 0.837925 128 128 128
-0.120226 -1.46188 0.839871 128 128 128
-0.138401 -1.4629 0.84133 128 128 128
-0.174877 -1.46427 0.844249 128 128 128
-0.212123 -1.46905 0.8496 128 128 128
-0.231212 -1.47324 0.853492 128 128 128
-0.269322 -1.4783 0.859817 128 128 128
-0.287775 -1.4766 0.86079 128 128 128
-0.307112 -1.47895 0.864195 128 128 128
-0.326736 -1.48189 0.868087 128 128 128
-0.347072 -1.48713 0.873438 128 128 128
-0.367169 -1.4904 0.877817 128 128 128
-0.38696 -1.4917 0.881222 128 128 128
-0.407984 -1.49696 0.88706 128 128 128
-0.42752 -1.49604 0.889492 128 128 128
-0.448841 -1.50073 0.89533 128 128 128
-0.467483 -1.49594 0.895817 128 128 128
-0.490396 -1.50422 0.904087 128 128 128
-0.513302 -1.51133 0.911871 128 128 128
-0.532971 -1.50821 0.913817 128 128 128
-0.555345 -1.51222 0.920141 128 128 128
-0.574792 -1.50774 0.921601 128 128 128
-0.597417 -1.51114 0.927925 128 128 128
-0.618559 -1.51017 0.931817 128 128 128
-0.640108 -1.50971 0.936195 128 128 128
-0.661388 -1.50814 0.940087 128 128 128
-0.683445 -1.50787 0.944952 128 128 128
-0.703006 -1.50175 0.946411 128 128 128
-0.722521 -1.49537 0.947871 128 128 128
-0.746263 -1.49734 0.954682 128 128 128
-0.763784 -1.48652 0.953709 128 128 128
-0.784417 -1.48167 0.956628 128 128 128
-0.804211 -1.475 0.958574 128 128 128
-0.831217 -1.48103 0.96879 128 128 128
-0.849765 -1.47147 0.969276 128 128 128
-0.87355 -1.4707 0.975601 128 128 128
-0.89426 -1.46435 0.97852 128 128 128
-0.916801 -1.46067 0.983384 128 128 128
-0.936548 -1.45225 0.98533 128 128 128
-0.9596 -1.44866 0.990682 128 128 128
-0.984176 -1.44689 0.997493 128 128 128
-1.01485 -1.45334 1.01014 128 128 128
-1.04074 -1.45215 1.01793 128 128 128
-1.06313 -1.44561 1.0223 128 128 128
-1.08185 -1.43385 1.02328 128 128 128
-1.11538 -1.4412 1.03787 128 128 128
-1.1395 -1.43563 1.04371 128 128 128
-1.16034 -1.4256 1.04663 128 128 128
-1.18445 -1.41931 1.05247 128 128 128
-1.20859 -1.41264 1.0583 128 128 128
-1.23447 -1.40756 1.0656 128 128 128
-1.25573 -1.39686 1.06901 128 128 128
-1.28461 -1.3942 1.07874 128 128 128
-1.34367 -1.35467 1.08555 128 128 128
-1.37575 -1.35341 1.09771 128 128 128
-1.39981 -1.34369 1.10355 128 128 128
-1.42257 -1.33239 1.10841 128 128 128
-1.4517 -1.32663 1.11814 128 128 128
-1.47373 -1.31395 1.12252 128 128 128
-1.49765 -1.30265 1.12836 128 128 128
-1.53084 -1.29888 1.14101 128 128 128
-1.55271 -1.28502 1.14539 128 128 128
-1.57856 -1.2741 1.15268 128 128 128
-1.60574 -1.26383 1.16095 128 128 128
-1.64607 -1.2632 1.17847 128 128 128
-1.65865 -1.24081 1.17652 128 128 128
-1.68786 -1.23066 1.18625 128 128 128
-1.71067 -1.21543 1.1916 128 128 128
-1.72833 -1.19634 1.19355 128 128 128
-1.75881 -1.18579 1.20425 128 128 128
-1.77688 -1.16652 1.20668 128 128 128
-1.79915 -1.14981 1.21203 128 128 128
-1.81832 -1.13088 1.21544 128 128 128
-1.83803 -1.1121 1.21933 128 128 128
-1.86359 -1.09656 1.22711 128 128 128
-1.89282 -1.08273 1.23733 128 128 128
-1.92658 -1.07089 1.25047 128 128 128
-1.95033 -1.05299 1.25728 128 128 128
-1.97781 -1.03669 1.26652 128 128 128
-2.00673 -1.02067 1.27674 128 128 128
-2.03007 -1.00139 1.28355 128 128 128
-2.05639 -0.983194 1.2923 128 128 128
-2.07543 -0.961194 1.29668 128 128 128
-2.10142 -0.942095 1.30544 128 128 128
-2.12804 -0.922851 1.31468 128 128 128
-2.15371 -0.902755 1.32344 128 128 128
-2.17434 -0.880198 1.32928 128 128 128
-2.19393 -0.856952 1.33463 128 128 128
-2.20264 -0.829347 1.33366 128 128 128
-2.46057 -0.757908 1.45674 128 128 128
-2.38673 -0.703163 1.40857 128 128 128
-2.38509 -0.670976 1.40274 128 128 128
-2.4058 -0.645059 1.41003 128 128 128
-2.43639 -0.62133 1.42317 128 128 128
-2.46251 -0.595917 1.43387 128 128 128
-2.47048 -0.565849 1.43436 128 128 128
-2.49859 -0.540116 1.44652 128 128 128
-2.51787 -0.512033 1.45382 128 128 128
-2.53426 -0.483065 1.45966 128 128 128
-2.5443 -0.452698 1.46209 128 128 128
-2.56776 -0.424443 1.4723 128 128 128
-2.90061 0.0683713 1.53911 128 128 128
-3.02912 0.446546 1.62288 128 128 128
-2.99629 0.479305 1.60853 128 128 128
-2.98756 0.515582 1.60714 128 128 128
-3.00541 0.556761 1.6201 128 128 128
-3.0053 0.594987 1.6238 128 128 128
-3.01165 0.634767 1.63121 128 128 128
-3.03736 0.679268 1.64926 128 128 128
-3.06157 0.72429 1.66685 128 128 128
-3.08512 0.770007 1.68443 128 128 128
-3.08229 0.80962 1.68814 128 128 128
-3.07896 0.849278 1.69184 128 128 128
-3.06831 0.886998 1.69184 128 128 128
-3.075 0.929996 1.70156 128 128 128
-3.0735 0.970879 1.70711 128 128 128
-2.95868 0.974546 1.65065 128 128 128
-2.96151 1.09794 1.67333 128 128 128
-3.05531 1.17573 1.73349 128 128 128
-3.08344 1.23027 1.75756 128 128 128
-3.06975 1.2687 1.75849 128 128 128
-3.07594 1.31571 1.77098 128 128 128
-3.06929 1.35768 1.77654 128 128 128
-3.02742 1.38378 1.76219 128 128 128
-2.41736 1.14006 1.41969 128 128 128
-3.05308 1.48724 1.79737 128 128 128
-3.03934 1.52699 1.80014 128 128 128
-3.02824 1.56826 1.80477 128 128 128
-3.01893 1.61074 1.81079 128 128 128
-3.00981 1.65366 1.81727 128 128 128
-2.99083 1.69134 1.81819 128 128 128
-2.9798 1.73372 1.82421 128 128 128
-2.9583 1.77016 1.82421 128 128 128
-2.96201 1.82215 1.83995 128 128 128
-2.94916 1.86453 1.84596 128 128 128
-2.94314 1.91171 1.85661 128 128 128
-2.9283 1.9536 1.86216 128 128 128
-2.9136 1.99591 1.86818 128 128 128
-2.89686 2.03713 1.87327 128 128 128
-2.88816 2.08448 1.88392 128 128 128
-2.86307 2.1203 1.88438 128 128 128
-2.85306 2.16762 1.89502 128 128 128
-2.83113 2.20629 1.89826 128 128 128
-0.996872 0.793144 0.689346 128 128 128
-0.970625 0.791812 0.678238 128 128 128
-0.963547 0.805948 0.680089 128 128 128
-0.954926 0.81887 0.681015 128 128 128
-0.945469 0.831114 0.681478 128 128 128
-0.943077 0.849802 0.687032 128 128 128
-0.929981 0.858896 0.68518 128 128 128
-2.66157 2.53066 1.94177 128 128 128
-2.62904 2.56189 1.94084 128 128 128
-2.60618 2.60274 1.94732 128 128 128
-2.58765 2.64849 1.95751 128 128 128
-2.55496 2.68004 1.95751 128 128 128
-2.52851 2.71834 1.9626 128 128 128
-2.50805 2.76362 1.97278 128 128 128
-2.49977 2.82342 1.99314 128 128 128
-2.46667 2.8559 1.99453 128 128 128
-2.41262 2.86356 1.97926 128 128 128
-2.38404 2.90118 1.98481 128 128 128
-2.36708 2.95376 2.00055 128 128 128
-2.32466 2.97489 1.99546 128 128 128
-2.28797 3.0032 1.99546 128 128 128
-2.25148 3.03176 1.99592 128 128 128
-2.23175 3.0836 2.01166 128 128 128
-2.18762 3.10205 2.0061 128 128 128
-2.16191 3.14694 2.01767 128 128 128
-2.12264 3.1725 2.01721 128 128 128
-2.07775 3.18939 2.01166 128 128 128
-2.04556 3.22588 2.0186 128 128 128
-2.01001 3.25754 2.02276 128 128 128
-1.96988 3.28196 2.02276 128 128 128
-1.93525 3.31584 2.02878 128 128 128
-1.89398 3.33857 2.02832 128 128 128
-1.85799 3.37088 2.03387 128 128 128
-1.82108 3.40203 2.03896 128 128 128
-1.77471 3.41546 2.03387 128 128 128
-1.73346 3.43857 2.0348 128 128 128
-1.69074 3.45879 2.03434 128 128 128
-1.65271 3.48889 2.03989 128 128 128
-1.61014 3.50972 2.04035 128 128 128
-1.57521 3.54785 2.051 128 128 128
-1.52736 3.55714 2.04544 128 128 128
-1.47614 3.55759 2.03526 128 128 128
-1.43928 3.59273 2.04498 128 128 128
-1.40241 3.62915 2.05563 128 128 128
-1.35808 3.64691 2.05609 128 128 128
-1.31352 3.66414 2.05655 128 128 128
-0.382464 1.10029 0.632418 128 128 128
-0.373098 1.11753 0.63936 128 128 128
-0.350536 1.09414 0.624087 128 128 128
-0.333437 1.13647 0.6426 128 128 128
-0.993627 3.76075 2.05516 128 128 128
-0.95256 3.7933 2.06627 128 128 128
-0.901034 3.784 2.05516 128 128 128
-0.850267 3.77575 2.04498 128 128 128
-0.803686 3.78503 2.04452 128 128 128
-0.761317 3.81547 2.05563 128 128 128
-0.716218 3.83412 2.06072 128 128 128
-0.672438 3.86183 2.0709 128 128 128
-0.617136 3.82078 2.04498 128 128 128
-0.572795 3.8456 2.05424 128 128 128
-0.523302 3.83565 2.04544 128 128 128
-0.47695 3.84794 2.04868 128 128 128
-0.430666 3.86232 2.05331 128 128 128
-0.380558 3.83996 2.03896 128 128 128
-0.336431 3.87967 2.05748 128 128 128
-0.286983 3.85876 2.04452 128 128 128
-0.24074 3.88057 2.05424 128 128 128
-0.191681 3.85401 2.03896 128 128 128
-0.145337 3.88265 2.05285 128 128 128
-0.0977442 3.8868 2.05424 128 128 128
-0.0498105 3.86821 2.04406 128 128 128
-0.00234796 3.84902 2.03387 128 128 128
0.0449876 3.85674 2.03804 128 128 128
0.0923346 3.85678 2.0385 128 128 128
0.139292 3.84562 2.03341 128 128 128
0.187265 3.85955 2.04174 128 128 128
0.232914 3.82954 2.02739 128 128 128
0.279825 3.82551 2.02693 128 128 128
0.326902 3.82355 2.02786 128 128 128
0.373536 3.81661 2.02647 128 128 128
0.419264 3.80204 2.02138 128 128 128
0.467415 3.80893 2.02786 128 128 128
0.513881 3.80115 2.02693 128 128 128
0.558792 3.78316 2.02091 128 128 128
0.603621 3.76639 2.01582 128 128 128
0.651163 3.76656 2.01999 128 128 128
0.692292 3.73127 2.00564 128 128 128
0.741843 3.74162 2.01582 128 128 128
0.778316 3.68801 1.99222 128 128 128
0.818065 3.65397 1.97926 128 128 128
0.866127 3.65745 1.98666 128 128 128
0.91116 3.64741 1.98713 128 128 128
0.949965 3.61367 1.97509 128 128 128
0.983106 3.56159 1.95334 128 128 128
1.03861 3.59012 1.97556 128 128 128
1.07718 3.55929 1.96584 128 128 128
1.11729 3.53482 1.95982 128 128 128
1.15417 3.50149 1.94917 128 128 128
1.19648 3.48538 1.94825 128 128 128
1.23527 3.45959 1.94223 128 128 128
1.26743 3.41676 1.92696 128 128 128
1.31277 3.41004 1.93205 128 128 128
1.34002 3.35747 1.91169 128 128 128
1.38723 3.35551 1.92002 128 128 128
1.41782 3.3138 1.90613 128 128 128
1.46161 3.30344 1.9103 128 128 128
1.50574 3.29331 1.91492 128 128 128
1.53807 3.25776 1.90521 128 128 128
1.56898 3.22032 1.89456 128 128 128
1.61117 3.20637 1.8978 128 128 128
1.62833 3.14388 1.87281 128 128 128
1.67014 3.12991 1.87651 128 128 128
1.71312 3.11772 1.8816 128 128 128
1.73988 3.07642 1.86957 128 128 128
1.74311 2.99588 1.83393 128 128 128
1.77609 2.96818 1.83023 128 128 128
1.79981 2.92579 1.81773 128 128 128
1.82324 2.88402 1.8057 128 128 128
1.8585 2.86143 1.8057 128 128 128
1.91861 2.87598 1.8293 128 128 128
1.92314 2.80765 1.80107 128 128 128
1.95387 2.77877 1.79783 128 128 128
1.96652 2.72514 1.77885 128 128 128
2.00351 2.70578 1.78209 128 128 128
2.01669 2.6549 1.76497 128 128 128
2.0262 2.60061 1.74553 128 128 128
2.06184 2.5804 1.74877 128 128 128
2.06353 2.5186 1.72424 128 128 128
2.1097 2.51139 1.73673 128 128 128
2.12993 2.47324 1.7284 128 128 128
2.1519 2.43762 1.72192 128 128 128
2.16259 2.39002 1.70711 128 128 128
2.17485 2.34513 1.69415 128 128 128
2.18084 2.29452 1.67703 128 128 128
2.21379 2.27266 1.68073 128 128 128
2.23461 2.23843 1.67564 128 128 128
2.23652 2.18609 1.65713 128 128 128
2.27667 2.17131 1.66685 128 128 128
2.27 2.11245 1.64324 128 128 128
2.2767 2.06718 1.62982 128 128 128
2.28861 2.02735 1.62056 128 128 128
2.28041 1.97076 1.59788 128 128 128
2.29424 1.93407 1.59094 128 128 128
1.6124 1.32747 1.11469 128 128 128
1.63826 1.31533 1.12117 128 128 128
1.65568 1.29622 1.12209 128 128 128
2.34192 1.78538 1.56178 128 128 128
2.36009 1.75386 1.55947 128 128 128
2.35053 1.70246 1.53957 128 128 128
2.34627 1.61319 1.51087 128 128 128
2.35925 1.57985 1.50671 128 128 128
2.33213 1.48025 1.46644 128 128 128
1.53324 0.872496 0.945292 128 128 128
1.58578 0.876675 0.970285 128 128 128
1.60971 0.864246 0.978153 128 128 128
2.36396 1.22984 1.41553 128 128 128
2.32185 1.17207 1.38221 128 128 128
2.33606 1.14349 1.38221 128 128 128
2.34671 1.11322 1.38035 128 128 128
2.33198 1.07143 1.36415 128 128 128
2.32793 1.0352 1.35444 128 128 128
2.33557 1.00446 1.35166 128 128 128
2.3428 0.973691 1.34888 128 128 128
2.33729 0.937964 1.33916 128 128 128
2.35441 0.911442 1.3424 128 128 128
2.34215 0.873845 1.32944 128 128 128
2.32014 0.833407 1.31139 128 128 128
2.28157 0.788172 1.28455 128 128 128
2.25908 0.749564 1.26696 128 128 128
2.26811 0.721786 1.26696 128 128 128
2.25643 0.687733 1.25585 128 128 128
2.23745 0.652105 1.24104 128 128 128
2.26836 0.63097 1.25354 128 128 128
2.26136 0.599253 1.24567 128 128 128
2.23414 0.56286 1.22716 128 128 128
2.21759 0.529883 1.21466 128 128 128
2.22911 0.503792 1.21744 128 128 128
2.22125 0.473469 1.21003 128 128 128
2.19472 0.439794 1.19291 128 128 128
2.15376 0.404252 1.16838 128 128 128
2.13148 0.373107 1.15403 128 128 128
2.15691 0.350292 1.16514 128 128 128
2.11632 0.317186 1.14153 128 128 128
2.106 0.28929 1.13413 128 128 128
2.10323 0.262668 1.13089 128 128 128
2.09749 0.235866 1.12626 128 128 128
2.08964 0.209071 1.12071 128 128 128
2.06996 0.181523 1.10913 128 128 128
2.05082 0.154553 1.09803 128 128 128
2.04725 0.129051 1.09525 128 128 128
2.04602 0.10379 1.09386 128 128 128
2.04271 0.0785131 1.09155 128 128 128
2.01605 0.0527796 1.0772 128 128 128
1.98287 0.0276395 1.05961 128 128 128
1.94405 0.00332463 1.03925 128 128 128
1.93065 -0.0203621 1.0323 128 128 128
1.91873 -0.0437639 1.02629 128 128 128
1.90919 -0.0669757 1.02166 128 128 128
1.90469 -0.0902236 1.01981 128 128 128
1.89547 -0.113097 1.01564 128 128 128
1.88422 -0.135626 1.01055 128 128 128
1.8674 -0.157438 1.00268 128 128 128
1.85827 -0.179643 0.99898 128 128 128
1.84535 -0.201256 0.993426 128 128 128
1.82427 -0.221598 0.983707 128 128 128
1.80297 -0.241453 0.973988 128 128 128
1.77357 -0.259644 0.960103 128 128 128
1.76762 -0.280965 0.958714 128 128 128
1.7326 -0.297164 0.942052 128 128 128
1.72185 -0.317102 0.938349 128 128 128
1.70392 -0.335433 0.930944 128 128 128
1.6858 -0.353373 0.923539 128 128 128
1.67183 -0.371893 0.918448 128 128 128
1.66196 -0.391149 0.915671 128 128 128
1.65274 -0.410435 0.913357 128 128 128
1.64244 -0.429328 0.91058 128 128 128
1.63192 -0.44803 0.907803 128 128 128
1.61949 -0.466043 0.9041 128 128 128
1.60177 -0.482273 0.89762 128 128 128
1.58644 -0.498944 0.892529 128 128 128
1.58272 -0.51921 0.893918 128 128 128
1.57204 -0.537149 0.891603 128 128 128
1.56366 -0.555802 0.890678 128 128 128
1.46867 -0.542165 0.841618 128 128 128
1.42552 -0.546091 0.821253 128 128 128
1.43517 -0.570135 0.83051 128 128 128
1.42315 -0.585666 0.827733 128 128 128
1.41097 -0.600988 0.824956 128 128 128
1.40187 -0.617538 0.82403 128 128 128
1.39096 -0.633216 0.822179 128 128 128
1.37828 -0.647961 0.819402 128 128 128
1.36624 -0.66288 0.817087 128 128 128
1.35484 -0.678 0.815236 128 128 128
0.416019 -1.30121 0.73748 128 128 128
0.400533 -1.30791 0.738406 128 128 128
0.370675 -1.32589 0.743034 128 128 128
0.355729 -1.33548 0.745811 128 128 128
0.338669 -1.33717 0.744423 128 128 128
0.322234 -1.34122 0.744423 128 128 128
0.30672 -1.3494 0.746737 128 128 128
0.29087 -1.35653 0.748588 128 128 128
0.274029 -1.35913 0.748126 128 128 128
0.258301 -1.36762 0.750903 128 128 128
0.242405 -1.37593 0.75368 128 128 128
0.225643 -1.37968 0.754142 128 128 128
0.209084 -1.38497 0.755531 128 128 128
0.192072 -1.38743 0.755531 128 128 128
0.175032 -1.38969 0.755531 128 128 128
0.158257 -1.39437 0.756919 128 128 128
0.141566 -1.40062 0.759233 128 128 128
0.12467 -1.40578 0.761085 128 128 128
0.107733 -1.41163 0.763399 128 128 128
0.0906718 -1.41727 0.765713 128 128 128
0.0734451 -1.42182 0.767564 128 128 128
0.0562169 -1.42881 0.770804 128 128 128
0.0388281 -1.4356 0.774044 128 128 128
0.0212811 -1.44217 0.777284 128 128 128
0.00357959 -1.44676 0.779598 128 128 128
-0.0142199 -1.45024 0.781449 128 128 128
-0.0320821 -1.45261 0.782838 128 128 128
-0.0500047 -1.45476 0.784226 128 128 128
-0.067985 -1.4567 0.785615 128 128 128
-0.086075 -1.45929 0.787466 128 128 128
-0.104239 -1.46166 0.789318 128 128 128
-0.12278 -1.46734 0.79302 128 128 128
-0.140952 -1.46749 0.793946 128 128 128
-0.159735 -1.47269 0.797649 128 128 128
-0.177904 -1.4715 0.798111 128 128 128
-0.196667 -1.47448 0.800888 128 128 128
-0.215268 -1.47546 0.80274 128 128 128
-0.233923 -1.47621 0.804591 128 128 128
-0.252629 -1.47672 0.806442 128 128 128
-0.271382 -1.47699 0.808294 128 128 128
-0.29018 -1.47703 0.810145 128 128 128
-0.308836 -1.47596 0.811534 128 128 128
-0.328482 -1.47898 0.815236 128 128 128
-0.346812 -1.4757 0.815699 128 128 128
-0.364895 -1.47133 0.815699 128 128 128
-0.383602 -1.46931 0.817087 128 128 128
-0.402788 -1.46877 0.819402 128 128 128
-0.423997 -1.47478 0.825418 128 128 128
-0.444125 -1.47625 0.829121 128 128 128
-0.466498 -1.48421 0.836526 128 128 128
-0.486904 -1.4851 0.840229 128 128 128
-0.507691 -1.48656 0.844395 128 128 128
-0.528587 -1.48773 0.84856 128 128 128
-0.548969 -1.48694 0.8518 128 128 128
-0.572925 -1.49498 0.860131 128 128 128
-0.594523 -1.49606 0.864759 128 128 128
-0.617592 -1.50012 0.871239 128 128 128
-0.6412 -1.50465 0.878181 128 128 128
-0.662133 -1.50234 0.881421 128 128 128
-0.686063 -1.50618 0.888364 128 128 128
-0.709047 -1.50726 0.893918 128 128 128
-0.730993 -1.50562 0.898083 128 128 128
-0.751808 -1.50128 0.90086 128 128 128
-0.776713 -1.50453 0.908265 128 128 128
-0.796372 -1.49723 0.909654 128 128 128
-0.816825 -1.49123 0.911968 128 128 128
-0.836375 -1.4834 0.913357 128 128 128
-0.857196 -1.47762 0.916134 128 128 128
-0.878913 -1.47307 0.919836 128 128 128
-0.900647 -1.46821 0.923539 128 128 128
-0.922393 -1.46304 0.927242 128 128 128
-0.94318 -1.45607 0.930018 128 128 128
-0.965413 -1.45101 0.934184 128 128 128
-0.990173 -1.44929 0.940664 128 128 128
-1.01452 -1.44644 0.94668 128 128 128
-1.03116 -1.43245 0.945755 128 128 128
-1.06557 -1.44246 0.960565 128 128 128
-1.09286 -1.44197 0.968896 128 128 128
-1.11647 -1.43614 0.973988 128 128 128
-1.14233 -1.4327 0.98093 128 128 128
-1.16826 -1.42885 0.987872 128 128 128
-1.18457 -1.41305 0.986947 128 128 128
-1.21804 -1.4172 0.999906 128 128 128
-1.24298 -1.41077 1.00592 128 128 128
-1.2596 -1.39475 1.00546 128 128 128
-1.2899 -1.39347 1.01564 128 128 128
-1.31791 -1.38909 1.02397 128 128 128
-1.3361 -1.37408 1.0249 128 128 128
-1.36101 -1.36573 1.03092 128 128 128
-1.37957 -1.35078 1.0323 128 128 128
-1.40183 -1.33924 1.03647 128 128 128
-1.42595 -1.32918 1.04202 128 128 128
-1.44544 -1.31455 1.04434 128 128 128
-1.47675 -1.31021 1.05498 128 128 128
-1.49943 -1.29778 1.05961 128 128 128
-1.52542 -1.28784 1.06655 128 128 128
-1.55619 -1.28139 1.07674 128 128 128
-1.58772 -1.27492 1.08738 128 128 128
-1.61234 -1.26243 1.0934 128 128 128
-1.63406 -1.24738 1.09756 128 128 128
-1.65708 -1.23303 1.10265 128 128 128
-1.70443 -1.23596 1.12348 128 128 128
-1.72816 -1.22107 1.12904 128 128 128
-1.7496 -1.20428 1.1332 128 128 128
-1.76941 -1.18616 1.13644 128 128 128
-1.8039 -1.1774 1.14894 128 128 128
-1.82495 -1.15944 1.1531 128 128 128
-1.84282 -1.13928 1.15542 128 128 128
-1.86198 -1.11977 1.15866 128 128 128
-1.87942 -1.09907 1.16097 128 128 128
-1.90202 -1.08116 1.16653 128 128 128
-1.93379 -1.06799 1.17763 128 128 128
-1.96317 -1.05294 1.18735 128 128 128
-1.99168 -1.03693 1.19661 128 128 128
-2.02168 -1.02117 1.20679 128 128 128
-2.04362 -1.00094 1.21235 128 128 128
-2.07339 -0.984118 1.22253 128 128 128
-2.08853 -0.960075 1.22438 128 128 128
-2.11475 -0.940831 1.23271 128 128 128
-2.13673 -0.919344 1.23873 128 128 128
-2.16915 -0.901863 1.25076 128 128 128
-2.19322 -0.880436 1.25817 128 128 128
-2.208 -0.855049 1.26048 128 128 128
-2.2258 -0.830665 1.26465 128 128 128
-2.25002 -0.808358 1.27251 128 128 128
-2.27486 -0.785869 1.28085 128 128 128
-2.28938 -0.759559 1.28362 128 128 128
-2.31882 -0.737822 1.29473 128 128 128
-2.33703 -0.712137 1.29982 128 128 128
-2.37199 -0.691045 1.31417 128 128 128
-2.40934 -0.669908 1.32991 128 128 128
-2.44653 -0.647958 1.34564 128 128 128
-2.4715 -0.622185 1.3549 128 128 128
-2.48153 -0.592423 1.35629 128 128 128
-2.50833 -0.534092 1.36323 128 128 128
-2.51122 -0.50258 1.36138 128 128 128
-2.52504 -0.473182 1.36554 128 128 128
-2.55949 -0.447147 1.38082 128 128 128
-2.57528 -0.417389 1.38637 128 128 128
-2.60476 -0.389384 1.39933 128 128 128
-2.61813 -0.358579 1.40396 128 128 128
-2.63641 -0.328152 1.41136 128 128 128
-2.68165 -0.300345 1.43312 128 128 128
-2.72131 -0.270959 1.45209 128 128 128
-3.09982 0.294868 1.55639 128 128 128
-3.01477 0.324193 1.51622 128 128 128
-3.02215 0.362548 1.52196 128 128 128
-3.02014 0.39996 1.52328 128 128 128
-3.03099 0.439301 1.53123 128 128 128
-3.03335 0.477715 1.5352 128 128 128
-3.03788 0.516704 1.5405 128 128 128
-3.04102 0.555714 1.54535 128 128 128
-3.04278 0.594707 1.54977 128 128 128
-3.05809 0.636747 1.56124 128 128 128
-3.09009 0.763048 1.59037 128 128 128
-3.11804 0.851635 1.61464 128 128 128
-3.11512 0.892054 1.61862 128 128 128
-3.10394 0.930214 1.61862 128 128 128
-3.10428 0.971983 1.62479 128 128 128
-3.10151 1.01306 1.62965 128 128 128
-3.09649 1.05365 1.63362 128 128 128
-3.09601 1.09605 1.64024 128 128 128
-3.09244 1.13768 1.64554 128 128 128
-3.08328 1.17746 1.64819 128 128 128
-3.09363 1.22511 1.66143 128 128 128
-3.09995 1.27182 1.6729 128 128 128
-3.10393 1.31818 1.68349 128 128 128
-3.1056 1.3641 1.6932 128 128 128
-2.96441 1.34578 1.62612 128 128 128
-2.49747 1.17122 1.38161 128 128 128
-3.08964 1.49506 1.71306 128 128 128
-3.07347 1.53406 1.71439 128 128 128
-3.05442 1.57166 1.71439 128 128 128
-3.04204 1.61281 1.71836 128 128 128
-3.0425 1.66119 1.72984 128 128 128
-3.02188 1.6984 1.72984 128 128 128
-3.00859 1.73984 1.73425 128 128 128
-2.98855 1.77755 1.73513 128 128 128
-2.99178 1.82953 1.7497 128 128 128
-2.98126 1.87374 1.75676 128 128 128
-2.97991 1.92429 1.76956 128 128 128
-2.96655 1.96765 1.77574 128 128 128
-2.95034 2.00946 1.78059 128 128 128
-2.92693 2.04655 1.78147 128 128 128
-2.91691 2.09329 1.79074 128 128 128
-2.90762 2.14116 1.80089 128 128 128
-2.8797 2.1756 1.80001 128 128 128
-1.00169 0.77744 0.64853 128 128 128
-0.989967 0.787999 0.647206 128 128 128
-0.976744 0.797255 0.644999 128 128 128
-0.966198 0.808606 0.644558 128 128 128
-0.950067 0.815151 0.640586 128 128 128
-0.945388 0.831483 0.644116 128 128 128
-0.951792 0.858024 0.65515 128 128 128
-0.94515 0.873288 0.657798 128 128 128
-2.67192 2.52658 1.83355 128 128 128
-2.64781 2.56605 1.83841 128 128 128
-2.61548 2.59772 1.83797 128 128 128
-2.59725 2.64369 1.84768 128 128 128
-2.57144 2.68249 1.85253 128 128 128
-2.55366 2.73022 1.86356 128 128 128
-2.52783 2.76997 1.8693 128 128 128
-2.49365 2.80078 1.8693 128 128 128
-2.46674 2.83997 1.87504 128 128 128
-2.45086 2.89262 1.8896 128 128 128
-2.41003 2.91625 1.88563 128 128 128
-2.38138 2.95469 1.89137 128 128 128
-2.33773 2.97452 1.88563 128 128 128
-2.31416 3.02007 1.89622 128 128 128
-2.28337 3.05687 1.90152 128 128 128
-2.2515 3.09263 1.90638 128 128 128
-2.20767 3.11198 1.90152 128 128 128
-2.17493 3.14696 1.90638 128 128 128
-2.14216 3.18234 1.91167 128 128 128
-2.10935 3.21814 1.91741 128 128 128
-2.07549 3.25286 1.92271 128 128 128
-2.02973 3.26894 1.91741 128 128 128
-1.99504 3.30282 1.92271 128 128 128
-1.95981 3.33633 1.928 128 128 128
-1.92362 3.3687 1.93286 128 128 128
-1.87735 3.38342 1.928 128 128 128
-1.83057 3.39673 1.92271 128 128 128
-1.79791 3.43643 1.93241 128 128 128
-1.76048 3.46783 1.93771 128 128 128
-1.71779 3.48917 1.93771 128 128 128
-1.67059 3.50108 1.93286 128 128 128
-1.62713 3.52051 1.93241 128 128 128
-1.5838 3.54021 1.93241 128 128 128
-1.54452 3.56926 1.93771 128 128 128
-1.50441 3.59705 1.94257 128 128 128
-1.4605 3.61607 1.94301 128 128 128
-1.4196 3.64292 1.94786 128 128 128
-1.37542 3.66174 1.94874 128 128 128
-1.32152 3.65388 1.93595 128 128 128
-0.396796 1.14368 0.620283 128 128 128
-1.04914 3.74119 1.93595 128 128 128
-1.00919 3.77632 1.94742 128 128 128
-0.955909 3.76147 1.93374 128 128 128
-0.916208 3.79995 1.94742 128 128 128
-0.870107 3.81354 1.94874 128 128 128
-0.824947 3.83182 1.95272 128 128 128
-0.774116 3.82319 1.94345 128 128 128
-0.72513 3.82182 1.93815 128 128 128
-0.679743 3.83927 1.94257 128 128 128
-0.632578 3.84732 1.94257 128 128 128
-0.535115 3.84124 1.93241 128 128 128
-0.487823 3.84663 1.93197 128 128 128
-0.440889 3.855 1.9333 128 128 128
-0.395285 3.87708 1.94168 128 128 128
-0.347838 3.88343 1.94257 128 128 128
-0.299323 3.87667 1.93727 128 128 128
-0.251728 3.88005 1.93727 128 128 128
-0.203953 3.88016 1.93595 128 128 128
-0.155265 3.85637 1.92315 128 128 128
-0.0607369 3.86889 1.928 128 128 128
-0.0132517 3.86844 1.92756 128 128 128
0.0343732 3.88626 1.93639 128 128 128
0.0816887 3.8676 1.92756 128 128 128
0.129411 3.87438 1.93153 128 128 128
0.176011 3.85189 1.92138 128 128 128
0.269737 3.83566 1.91608 128 128 128
0.316786 3.83206 1.91608 128 128 128
0.361927 3.80824 1.90638 128 128 128
0.410638 3.82224 1.91564 128 128 128
0.458896 3.8285 1.92138 128 128 128
0.4988 3.7692 1.8949 128 128 128
0.546556 3.77346 1.9002 128 128 128
0.597553 3.7966 1.9152 128 128 128
0.642598 3.78014 1.91079 128 128 128
0.679767 3.72165 1.88563 128 128 128
0.727103 3.72183 1.89005 128 128 128
0.76396 3.67046 1.86886 128 128 128
0.818029 3.70199 1.8896 128 128 128
0.864825 3.69779 1.89269 128 128 128
0.889309 3.60239 1.84988 128 128 128
0.937506 3.60684 1.85783 128 128 128
0.979336 3.58641 1.85341 128 128 128
1.02303 3.57325 1.85297 128 128 128
1.06345 3.54926 1.84723 128 128 128
1.10639 3.53423 1.84635 128 128 128
1.14412 3.50332 1.83752 128 128 128
1.17634 3.45758 1.82119 128 128 128
1.21868 3.44288 1.82119 128 128 128
1.26053 3.42683 1.82075 128 128 128
1.29897 3.40188 1.8159 128 128 128
1.33996 3.38401 1.81502 128 128 128
1.37696 3.35652 1.80928 128 128 128
1.39983 3.29641 1.78633 128 128 128
1.43476 3.26666 1.77971 128 128 128
1.47845 3.25698 1.78412 128 128 128
1.5145 3.23047 1.77971 128 128 128
1.55325 3.21002 1.77883 128 128 128
1.58732 3.18028 1.77309 128 128 128
1.60407 3.11747 1.74925 128 128 128
1.64515 3.1031 1.75234 128 128 128
1.68267 3.08189 1.7519 128 128 128
1.69445 3.01484 1.72586 128 128 128
1.73132 2.99382 1.72586 128 128 128
1.76655 2.97004 1.72454 128 128 128
1.79444 2.93435 1.7166 128 128 128
1.82363 2.90147 1.71042 128 128 128
1.86299 2.88491 1.71395 128 128 128
1.87099 2.82069 1.68967 128 128 128
1.90648 2.799 1.69056 128 128 128
1.95558 2.79672 1.70335 128 128 128
2.26465 0.725404 1.19448 128 128 128
2.26303 0.634036 1.1808 128 128 128
2.24984 0.600649 1.1702 128 128 128
2.244 0.569675 1.16358 128 128 128
2.21244 0.532826 1.14417 128 128 128
2.20919 0.503437 1.13931 128 128 128
2.19503 0.471937 1.12916 128 128 128
2.14877 0.43444 1.10312 128 128 128
2.14159 0.405692 1.09694 128 128 128
2.13228 0.376873 1.08988 128 128 128
2.12314 0.32173 1.08105 128 128 128
2.12337 0.295155 1.07929 128 128 128
2.10992 0.266924 1.0709 128 128 128
2.10769 0.240399 1.06825 128 128 128
2.09084 0.212506 1.05854 128 128 128
2.08346 0.185948 1.05369 128 128 128
2.07396 0.159465 1.04795 128 128 128
2.05606 0.132717 1.03824 128 128 128
1.95627 0.102116 0.988369 128 128 128
1.9789 0.078976 0.998961 128 128 128
1.97792 0.0546351 0.998078 128 128 128
1.94098 0.00593485 0.979542 128 128 128
1.93283 -0.017816 0.97557 128 128 128
1.93092 -0.0652151 0.975128 128 128 128
1.92907 -0.0888649 0.974687 128 128 128
1.82248 -0.128917 0.92349 128 128 128
1.82344 -0.151492 0.924814 128 128 128
0.389321 -1.32878 0.705905 128 128 128
0.325758 -1.35501 0.710319 128 128 128
0.309105 -1.3589 0.710319 128 128 128
0.292406 -1.3626 0.710319 128 128 128
0.275485 -1.3652 0.709877 128 128 128
0.259884 -1.37465 0.712967 128 128 128
0.243465 -1.38039 0.714291 128 128 128
0.227237 -1.3877 0.716498 128 128 128
0.210731 -1.39393 0.718263 128 128 128
0.193734 -1.3973 0.718704 128 128 128
0.176799 -1.40135 0.719587 128 128 128
0.160509 -1.41144 0.723559 128 128 128
0.143177 -1.4133 0.723559 128 128 128
0.126305 -1.42032 0.726207 128 128 128
0.109213 -1.42623 0.728414 128 128 128
0.0920529 -1.43284 0.731062 128 128 128
0.0745103 -1.43476 0.731503 128 128 128
0.0571167 -1.44094 0.734152 128 128 128
0.0396078 -1.44781 0.737241 128 128 128
0.0218812 -1.45088 0.738565 128 128 128
0.00411585 -1.46181 0.743861 128 128 128
-0.0137927 -1.45816 0.742096 128 128 128
-0.0317227 -1.45967 0.742979 128 128 128
-0.0497513 -1.46276 0.744744 128 128 128
-0.067901 -1.46652 0.746951 128 128 128
-0.0862022 -1.47096 0.749599 128 128 128
-0.104497 -1.47337 0.751364 128 128 128
-0.123011 -1.47734 0.754012 128 128 128
-0.141554 -1.48019 0.756219 128 128 128
-0.16009 -1.48191 0.757984 128 128 128
-0.178902 -1.48518 0.760633 128 128 128
-0.197348 -1.48465 0.761515 128 128 128
-0.215937 -1.48478 0.762839 128 128 128
-0.234559 -1.48468 0.764163 128 128 128
-0.253361 -1.48523 0.765929 128 128 128
-0.272211 -1.48554 0.767694 128 128 128
-0.291966 -1.49001 0.771666 128 128 128
-0.311141 -1.49071 0.773873 128 128 128
-0.330184 -1.49028 0.775638 128 128 128
-0.349672 -1.49136 0.778287 128 128 128
-0.369879 -1.4948 0.782259 128 128 128
-0.389773 -1.49623 0.785348 128 128 128
-0.409049 -1.4948 0.787113 128 128 128
-0.427361 -1.48966 0.787113 128 128 128
-0.447667 -1.49118 0.790644 128 128 128
-0.469146 -1.49586 0.79594 128 128 128
-0.491919 -1.50364 0.803002 128 128 128
-0.510911 -1.49919 0.803885 128 128 128
-0.533756 -1.50549 0.810505 128 128 128
-0.554357 -1.50473 0.813594 128 128 128
-0.577257 -1.50955 0.819773 128 128 128
-0.596728 -1.50485 0.821097 128 128 128
-0.619233 -1.50738 0.826394 128 128 128
-0.639787 -1.50463 0.829042 128 128 128
-0.664332 -1.51063 0.836545 128 128 128
-0.685043 -1.50727 0.839193 128 128 128
-0.705771 -1.50362 0.841841 128 128 128
-0.728075 -1.50293 0.846254 128 128 128
-0.749667 -1.5003 0.849785 128 128 128
-0.779098 -1.51254 0.861701 128 128 128
-0.80054 -1.50842 0.864791 128 128 128
-0.820279 -1.50084 0.866115 128 128 128
-0.844786 -1.50162 0.872294 128 128 128
-0.864945 -1.49425 0.874059 128 128 128
-0.88505 -1.4866 0.875825 128 128 128
-0.905566 -1.47946 0.878031 128 128 128
-0.928902 -1.4766 0.882886 128 128 128
-0.948898 -1.4681 0.884652 128 128 128
-0.973782 -1.46682 0.890831 128 128 128
-0.993223 -1.45698 0.892155 128 128 128
-1.02285 -1.4616 0.902306 128 128 128
-1.04384 -1.45332 0.904954 128 128 128
-1.06585 -1.44618 0.908485 128 128 128
-1.09812 -1.45233 0.920401 128 128 128
-1.11091 -1.43236 0.916429 128 128 128
-1.14794 -1.44321 0.931876 128 128 128
-1.17406 -1.43945 0.938496 128 128 128
-1.19509 -1.42907 0.941144 128 128 128
-1.22012 -1.42316 0.946882 128 128 128
-1.24341 -1.41482 0.951295 128 128 128
-1.27208 -1.41214 0.959681 128 128 128
-1.28992 -1.39708 0.960122 128 128 128
-1.31745 -1.39223 0.967625 128 128 128
-1.34442 -1.38627 0.974687 128 128 128
-1.37587 -1.38432 0.984838 128 128 128
-1.39787 -1.37237 0.988369 128 128 128
-1.42238 -1.36256 0.993665 128 128 128
-1.44489 -1.35052 0.997637 128 128 128
-1.46665 -1.33753 1.00117 128 128 128
-1.48832 -1.32421 1.0047 128 128 128
-1.51055 -1.31114 1.00867 128 128 128
-1.54021 -1.30412 1.0175 128 128 128
-1.56717 -1.29427 1.02456 128 128 128
-1.58922 -1.28001 1.02853 128 128 128
-1.63443 -1.28371 1.04707 128 128 128
-1.65789 -1.26956 1.05192 128 128 128
-1.67981 -1.25396 1.0559 128 128 128
-1.70885 -1.24329 1.06428 128 128 128
-1.72545 -1.22326 1.06516 128 128 128
-1.75361 -1.21119 1.07311 128 128 128
-1.78025 -1.1976 1.08017 128 128 128
-1.80307 -1.18107 1.08502 128 128 128
-1.83406 -1.16948 1.09473 128 128 128
-1.85513 -1.15115 1.09871 128 128 128
-1.87526 -1.13201 1.10224 128 128 128
-1.89598 -1.11301 1.10621 128 128 128
-1.92118 -1.09634 1.11283 128 128 128
-1.95096 -1.08183 1.1221 128 128 128
-1.96883 -1.06036 1.12475 128 128 128
-1.9968 -1.04403 1.13313 128 128 128
-2.02066 -1.02514 1.13931 128 128 128
-2.04999 -1.00859 1.14858 128 128 128
-2.08326 -0.993417 1.16005 128 128 128
-2.10996 -0.974559 1.168 128 128 128
-2.13568 -0.954828 1.1755 128 128 128
-2.16371 -0.935682 1.18433 128 128 128
-2.18827 -0.914604 1.19139 128 128 128
-2.21097 -0.892391 1.19757 128 128 128
-2.23597 -0.870735 1.20507 128 128 128
-2.24817 -0.843863 1.20595 128 128 128
-2.3612 -0.756393 1.24435 128 128 128
-2.29997 -0.705734 1.20816 128 128 128
-2.43156 -0.713664 1.27127 128 128 128
-2.42977 -0.68086 1.26598 128 128 128
-2.44228 -0.652151 1.26818 128 128 128
-2.46575 -0.626116 1.27613 128 128 128
-2.49331 -0.600655 1.28628 128 128 128
-2.51624 -0.573612 1.29422 128 128 128
-2.55028 -0.548555 1.30791 128 128 128
-2.5621 -0.518288 1.31055 128 128 128
-2.58325 -0.489658 1.31806 128 128 128
-2.59878 -0.459645 1.32291 128 128 128
-2.61043 -0.42874 1.326 128 128 128
-2.62968 -0.398835 1.33306 128 128 128
-2.91854 0.0602361 1.3667 128 128 128
-3.04454 0.401611 1.43641 128 128 128
-3.04927 0.440384 1.441 128 128 128
-3.04723 0.478339 1.44267 128 128 128
-3.05815 0.518607 1.4506 128 128 128
-3.05424 0.556589 1.45185 128 128 128
-3.06412 0.597354 1.45978 128 128 128
-3.05923 0.635469 1.46103 128 128 128
-3.0645 0.675916 1.46729 128 128 128
-3.08252 0.719705 1.47982 128 128 128
-3.09462 0.762726 1.48983 128 128 128
-3.09734 0.803856 1.49568 128 128 128
-3.10652 0.84709 1.50486 128 128 128
-3.11686 0.891171 1.51488 128 128 128
-3.13353 0.937725 1.52823 128 128 128
-3.13566 0.980465 1.53491 128 128 128
-3.12857 1.02057 1.53742 128 128 128
-3.20698 1.09 1.58166 128 128 128
-3.20364 1.13292 1.58667 128 128 128
-3.18011 1.16868 1.58208 128 128 128
-3.12734 1.193 1.56329 128 128 128
-3.10571 1.2286 1.55996 128 128 128
-3.09124 1.26697 1.56037 128 128 128
-3.08131 1.3073 1.56329 128 128 128
-3.07751 1.35051 1.56956 128 128 128
-3.10041 1.40624 1.58959 128 128 128
-3.0895 1.44727 1.59293 128 128 128
-3.08704 1.49261 1.60086 128 128 128
-3.07012 1.53119 1.60169 128 128 128
-3.06079 1.57375 1.6067 128 128 128
-3.06853 1.62569 1.62089 128 128 128
-3.05553 1.66715 1.62465 128 128 128
-3.04671 1.71121 1.63091 128 128 128
-3.04042 1.75713 1.63884 128 128 128
-3.02253 1.79663 1.64093 128 128 128
-3.00258 1.83501 1.64218 128 128 128
-2.9883 1.87705 1.64677 128 128 128
-2.99098 1.93036 1.66096 128 128 128
-2.9769 1.97346 1.66639 128 128 128
-2.95997 2.01496 1.67056 128 128 128
-2.94618 2.05896 1.67682 128 128 128
-2.93619 2.1061 1.68559 128 128 128
-2.92109 2.15006 1.69185 128 128 128
-2.90463 2.19343 1.69769 128 128 128
-1.01418 0.782108 0.614147 128 128 128
-0.995979 0.787702 0.609138 128 128 128
-0.994684 0.806762 0.614147 128 128 128
-0.986799 0.820658 0.615399 128 128 128
-0.960105 0.818501 0.605381 128 128 128
-0.960904 0.839826 0.61206 128 128 128
-0.951201 0.852163 0.612477 128 128 128
-2.72036 2.5089 1.72566 128 128 128
-2.70124 2.55334 1.73317 128 128 128
-2.6697 2.5863 1.73317 128 128 128
-2.64742 2.62848 1.73943 128 128 128
-2.60734 2.65298 1.73442 128 128 128
-2.58966 2.70054 1.74444 128 128 128
-2.55695 2.73278 1.74486 128 128 128
-2.52199 2.7626 1.74402 128 128 128
-2.49334 2.79946 1.74778 128 128 128
-2.4576 2.82847 1.74695 128 128 128
-2.43855 2.87715 1.75822 128 128 128
-2.41058 2.91597 1.76364 128 128 128
-2.36835 2.93755 1.75905 128 128 128
-2.34446 2.98212 1.76823 128 128 128
-2.30217 3.00345 1.76406 128 128 128
-2.27763 3.04823 1.77366 128 128 128
-2.25821 3.10094 1.78785 128 128 128
-2.22629 3.13732 1.79286 128 128 128
-2.18246 3.15693 1.78869 128 128 128
-2.14964 3.19252 1.79369 128 128 128
-2.12124 3.23539 1.80288 128 128 128
-2.08284 3.26348 1.80413 128 128 128
-2.03642 3.27875 1.7987 128 128 128
-2.00119 3.31205 1.80329 128 128 128
-1.97188 3.35596 1.81373 128 128 128
-1.92515 3.37043 1.80872 128 128 128
-1.87748 3.38267 1.80288 128 128 128
-1.84616 3.42467 1.81289 128 128 128
-1.81409 3.4664 1.82291 128 128 128
-1.76772 3.4811 1.81916 128 128 128
-1.72847 3.50988 1.82291 128 128 128
-1.68605 3.53246 1.82375 128 128 128
-1.64219 3.55206 1.82333 128 128 128
-1.59922 3.57361 1.82416 128 128 128
-1.55525 3.59296 1.82416 128 128 128
-1.51454 3.62016 1.82834 128 128 128
-1.46592 3.62836 1.82333 128 128 128
-1.41734 3.63591 1.81832 128 128 128
-1.37644 3.66324 1.82333 128 128 128
-0.423923 1.16317 0.594529 128 128 128
-0.411106 1.17258 0.596616 128 128 128
-0.397547 1.18013 0.597868 128 128 128
-1.18176 3.68482 1.80329 128 128 128
-0.370859 1.19735 0.601625 128 128 128
-1.05902 3.77483 1.82667 128 128 128
-1.01052 3.77964 1.82291 128 128 128
-0.966287 3.80057 1.82709 128 128 128
-0.922122 3.82274 1.83209 128 128 128
-0.872927 3.82402 1.8275 128 128 128
-0.82365 3.82378 1.82249 128 128 128
-0.780613 3.8532 1.83168 128 128 128
-0.731247 3.85178 1.82667 128 128 128
-0.682507 3.8524 1.82291 128 128 128
-0.637965 3.87753 1.83084 128 128 128
-0.586267 3.85811 1.81832 128 128 128
-0.542614 3.89202 1.83084 128 128 128
-0.491295 3.87043 1.8179 128 128 128
-0.441304 3.8545 1.80789 128 128 128
-0.396983 3.88946 1.82166 128 128 128
-0.349224 3.89404 1.82166 128 128 128
-0.300583 3.88716 1.81665 128 128 128
-0.253496 3.90053 1.82124 128 128 128
-0.205096 3.89337 1.81665 128 128 128
-0.156947 3.88651 1.81248 128 128 128
-0.108898 3.87543 1.80663 128 128 128
-0.0612118 3.86829 1.80288 128 128 128
-0.0138064 3.89692 1.81582 128 128 128
0.0337304 3.86772 1.80246 128 128 128
0.0820538 3.90608 1.82041 128 128 128
0.128639 3.86573 1.80246 128 128 128
0.176322 3.8693 1.80496 128 128 128
0.221597 3.82966 1.78785 128 128 128
0.268383 3.82393 1.7866 128 128 128
0.315288 3.82035 1.7866 128 128 128
0.35928 3.78634 1.77283 128 128 128
0.407676 3.79971 1.78117 128 128 128
0.451984 3.77548 1.77241 128 128 128
0.4966 3.75704 1.76656 128 128 128
0.541355 3.74167 1.76239 128 128 128
0.582113 3.70243 1.74736 128 128 128
0.63409 3.73353 1.76531 128 128 128
0.67083 3.67631 1.74236 128 128 128
0.713793 3.6571 1.73735 128 128 128
0.758431 3.64717 1.73693 128 128 128
0.802934 3.63671 1.73651 128 128 128
0.845215 3.61685 1.73192 128 128 128
0.891504 3.61414 1.73568 128 128 128
0.930969 3.58446 1.72691 128 128 128
0.977769 3.58329 1.73192 128 128 128
1.0179 3.55792 1.72566 128 128 128
1.05835 3.53471 1.72065 128 128 128
1.09593 3.50325 1.71189 128 128 128
1.13883 3.48954 1.71189 128 128 128
1.18744 3.4925 1.72023 128 128 128
1.21105 3.42372 1.69394 128 128 128
1.25801 3.42224 1.70062 128 128 128
1.29276 3.38788 1.69143 128 128 128
1.33692 3.37851 1.69477 128 128 128
1.34855 3.28958 1.65888 128 128 128
1.39451 3.28616 1.66556 128 128 128
1.42704 3.25133 1.65679 128 128 128
1.47399 3.24929 1.66472 128 128 128
1.50138 3.20464 1.65136 128 128 128
1.53147 3.16717 1.64176 128 128 128
1.57063 3.14895 1.64218 128 128 128
1.59333 3.09875 1.62632 128 128 128
1.63081 3.07816 1.6259 128 128 128
1.66846 3.05792 1.6259 128 128 128
1.69471 3.01742 1.61547 128 128 128
1.71338 2.96494 1.59877 128 128 128
1.75196 2.9476 1.60086 128 128 128
1.77756 2.90883 1.59168 128 128 128
1.80634 2.87603 1.58583 128 128 128
1.84051 2.85212 1.585 128 128 128
1.84771 2.7877 1.56204 128 128 128
1.87409 2.75356 1.55578 128 128 128
1.89106 2.70653 1.54242 128 128 128
1.92678 2.68681 1.54451 128 128 128
1.95475 2.65639 1.54076 128 128 128
1.98062 2.6235 1.53575 128 128 128
2.00598 2.59039 1.53074 128 128 128
2.03705 2.56487 1.53032 128 128 128
2.07009 2.54179 1.53157 128 128 128
2.08071 2.4918 1.51696 128 128 128
2.08332 2.43367 1.49735 128 128 128
2.09321 2.38541 1.48357 128 128 128
2.12233 2.35955 1.48357 128 128 128
2.10486 2.28328 1.45227 128 128 128
2.14272 2.26783 1.45895 128 128 128
2.15203 2.22246 1.44684 128 128 128
2.15479 2.1714 1.43098 128 128 128
2.17932 2.14289 1.42973 128 128 128
2.20743 2.11787 1.43098 128 128 128
2.21797 2.07636 1.42138 128 128 128
2.22918 2.03613 1.41262 128 128 128
2.25943 2.01345 1.41596 128 128 128
2.262 1.96653 1.4026 128 128 128
1.56223 1.32662 0.96726 128 128 128
1.5805 1.30908 0.968512 128 128 128
1.60281 1.29471 0.972268 128 128 128
1.66863 1.31421 1.00149 128 128 128
2.28449 1.75236 1.34834 128 128 128
2.29926 1.7193 1.34458 128 128 128
2.30107 1.67707 1.33373 128 128 128
2.31184 1.64188 1.3283 128 128 128
1.56505 1.08456 0.900477 128 128 128
1.55636 1.05057 0.888373 128 128 128
1.54024 1.01249 0.872512 128 128 128
1.56481 1.00133 0.87919 128 128 128
1.61793 1.00741 0.901312 128 128 128
1.67609 1.01516 0.925938 128 128 128
1.53867 0.906749 0.846216 128 128 128
1.51968 0.870705 0.830355 128 128 128
1.53661 0.855512 0.833695 128 128 128
2.29054 1.23637 1.22145 128 128 128
2.30715 1.20901 1.22229 128 128 128
2.31614 1.17774 1.21936 128 128 128
2.30921 1.13881 1.20851 128 128 128
2.3107 1.10453 1.20225 128 128 128
2.32408 1.07609 1.20225 128 128 128
2.25496 1.01083 1.16093 128 128 128
2.2722 0.985241 1.16343 128 128 128
2.2707 0.951686 1.15676 128 128 128
2.23922 0.906435 1.13547 128 128 128
2.24848 0.87823 1.13463 128 128 128
2.25313 0.848341 1.13171 128 128 128
2.2514 0.816312 1.12587 128 128 128
2.11701 0.738605 1.05575 128 128 128
2.15954 0.72377 1.07202 128 128 128
2.22712 0.716021 1.10041 128 128 128
2.22879 0.686509 1.09707 128 128 128
2.21088 0.65145 1.08455 128 128 128
2.20295 0.619869 1.07703 128 128 128
2.18493 0.586009 1.06493 128 128 128
2.125 0.542207 1.03321 128 128 128
2.12708 0.515029 1.03112 128 128 128
2.15628 0.494121 1.04197 128 128 128
2.1142 0.457342 1.01943 128 128 128
2.11876 0.431183 1.01902 128 128 128
2.11943 0.404308 1.01693 128 128 128
2.11438 0.376536 1.01234 128 128 128
2.12512 0.351586 1.01526 128 128 128
2.1167 0.323584 1.00942 128 128 128
2.11511 0.296837 1.00691 128 128 128
2.07982 0.265981 0.988964 128 128 128
2.01792 0.233067 0.958912 128 128 128
1.99802 0.206004 0.948477 128 128 128
1.99497 0.180989 0.945973 128 128 128
1.98345 0.155458 0.939712 128 128 128
1.97251 0.130295 0.933868 128 128 128
1.97396 0.106079 0.933868 128 128 128
1.96603 0.0814908 0.929694 128 128 128
1.95871 0.0571377 0.925938 128 128 128
1.96199 0.0331371 0.92719 128 128 128
1.93771 0.00899776 0.915921 128 128 128
1.93132 -0.0147192 0.912999 128 128 128
1.92917 -0.0383782 0.912164 128 128 128
1.92129 -0.0617994 0.908825 128 128 128
1.90587 -0.0846942 0.902147 128 128 128
1.88382 -0.106845 0.892547 128 128 128
1.84429 -0.12724 0.875016 128 128 128
1.85074 -0.150545 0.878773 128 128 128
1.83971 -0.172376 0.874599 128 128 128
1.823 -0.193372 0.867921 128 128 128
1.76546 -0.209078 0.84246 128 128 128
1.74205 -0.227966 0.83286 128 128 128
1.73552 -0.248802 0.83119 128 128 128
1.73772 -0.270933 0.833695 128 128 128
1.69933 -0.286264 0.817416 128 128 128
1.69122 -0.306275 0.815329 128 128 128
1.68734 -0.327006 0.815329 128 128 128
1.67964 -0.346944 0.81366 128 128 128
1.66106 -0.364378 0.806981 128 128 128
1.63966 -0.380787 0.799051 128 128 128
1.63045 -0.399786 0.796964 128 128 128
1.59465 -0.411733 0.782355 128 128 128
1.5886 -0.431031 0.781938 128 128 128
1.56397 -0.444972 0.772755 128 128 128
1.57493 -0.469102 0.780686 128 128 128
1.5101 -0.469876 0.752303 128 128 128
1.50681 -0.489221 0.753555 128 128 128
1.49123 -0.504446 0.748964 128 128 128
1.49264 -0.525444 0.752721 128 128 128
1.46732 -0.536802 0.743538 128 128 128
1.42922 -0.542745 0.728094 128 128 128
1.4081 -0.554541 0.720999 128 128 128
1.40455 -0.573162 0.722668 128 128 128
1.40326 -0.592847 0.72559 128 128 128
1.40753 -0.615149 0.731434 128 128 128
1.40235 -0.633505 0.732686 128 128 128
1.39447 -0.650666 0.732686 128 128 128
1.38393 -0.666539 0.731434 128 128 128
1.37808 -0.684692 0.732686 128 128 128
1.35908 -0.696137 0.72726 128 128 128
1.35364 -0.714468 0.728929 128 128 128
1.336 -0.726227 0.724338 128 128 128
1.32383 -0.740783 0.722668 128 128 128
1.30756 -0.752872 0.718912 128 128 128
1.2912 -0.764674 0.715155 128 128 128
1.28172 -0.780461 0.715155 128 128 128
1.27358 -0.7971 0.71599 128 128 128
1.24844 -0.802795 0.707642 128 128 128
1.22563 -0.809503 0.700547 128 128 128
1.16757 -0.791699 0.673834 128 128 128
1.15404 -0.80336 0.671747 128 128 128
1.21419 -0.867861 0.711399 128 128 128
0.386511 -1.30559 0.651294 128 128 128
0.37046 -1.31024 0.651294 128 128 128
0.35412 -1.31381 0.650877 128 128 128
0.338863 -1.32158 0.652547 128 128 128
0.32368 -1.33005 0.654634 128 128 128
0.309347 -1.34279 0.658808 128 128 128
0.293607 -1.35004 0.660477 128 128 128
0.277556 -1.35621 0.661729 128 128 128
0.261398 -1.36219 0.662981 128 128 128
0.244662 -1.3653 0.662981 128 128 128
0.228769 -1.37358 0.665486 128 128 128
0.212438 -1.37988 0.667155 128 128 128
0.196111 -1.38688 0.669242 128 128 128
0.179758 -1.39459 0.671747 128 128 128
0.163245 -1.40211 0.674251 128 128 128
0.146118 -1.40491 0.674668 128 128 128
0.129107 -1.40932 0.675921 128 128 128
0.111872 -1.4117 0.676338 128 128 128
0.0947714 -1.41659 0.678008 128 128 128
0.0776614 -1.4231 0.680512 128 128 128
0.0603704 -1.42848 0.682599 128 128 128
0.0429833 -1.43457 0.685103 128 128 128
0.0254293 -1.43862 0.686773 128 128 128
0.00778445 -1.44337 0.68886 128 128 128
-0.00997308 -1.4479 0.690947 128 128 128
-0.0278406 -1.45221 0.693034 128 128 128
-0.0457218 -1.45357 0.693868 128 128 128
-0.0635983 -1.45381 0.694286 128 128 128
-0.0817015 -1.45746 0.696373 128 128 128
-0.0999037 -1.46088 0.69846 128 128 128
-0.118354 -1.46588 0.701381 128 128 128
-0.136768 -1.46884 0.703468 128 128 128
-0.155664 -1.47518 0.707225 128 128 128
-0.174518 -1.47948 0.710147 128 128 128
-0.193501 -1.48353 0.713068 128 128 128
-0.212609 -1.48734 0.71599 128 128 128
-0.231129 -1.48641 0.716825 128 128 128
-0.249812 -1.48615 0.718077 128 128 128
-0.269836 -1.4928 0.722668 128 128 128
-0.28936 -1.49562 0.72559 128 128 128
-0.309181 -1.49907 0.728929 128 128 128
-0.328144 -1.49783 0.730181 128 128 128
-0.348162 -1.50077 0.733521 128 128 128
-0.366771 -1.49726 0.733938 128 128 128
-0.386724 -1.4988 0.73686 128 128 128
-0.407249 -1.50183 0.740616 128 128 128
-0.425146 -1.49498 0.739781 128 128 128
-0.444507 -1.49313 0.741451 128 128 128
-0.463613 -1.49016 0.742703 128 128 128
-0.482996 -1.48781 0.744373 128 128 128
-0.502392 -1.48521 0.746042 128 128 128
-0.522708 -1.48493 0.748964 128 128 128
-0.543722 -1.48608 0.752721 128 128 128
-0.567767 -1.49457 0.760234 128 128 128
-0.589083 -1.49509 0.76399 128 128 128
-0.611534 -1.49783 0.768999 128 128 128
-0.635208 -1.50276 0.77526 128 128 128
-0.656531 -1.5015 0.778599 128 128 128
-0.679424 -1.50326 0.783608 128 128 128
-0.702072 -1.50386 0.788199 128 128 128
-0.72325 -1.50085 0.791121 128 128 128
-0.744866 -1.49836 0.79446 128 128 128
-0.769445 -1.50122 0.800721 128 128 128
-0.794205 -1.50371 0.806981 128 128 128
-0.81696 -1.50182 0.811155 128 128 128
-0.84068 -1.50118 0.816164 128 128 128
-0.864506 -1.50019 0.821173 128 128 128
-0.883781 -1.49103 0.822008 128 128 128
-0.912458 -1.49711 0.83119 128 128 128
-0.933182 -1.48965 0.833277 128 128 128
-0.951392 -1.47809 0.833277 128 128 128
-0.976501 -1.47689 0.839121 128 128 128
-0.995576 -1.4663 0.839955 128 128 128
-1.01506 -1.45621 0.841208 128 128 128
-1.03869 -1.45176 0.845799 128 128 128
-1.05696 -1.43963 0.846216 128 128 128
-1.07729 -1.43018 0.848303 128 128 128
-1.11371 -1.44125 0.862494 128 128 128
-1.13867 -1.43672 0.867921 128 128 128
-1.16427 -1.43249 0.873764 128 128 128
-1.19051 -1.42855 0.880025 128 128 128
-1.21505 -1.4221 0.885034 128 128 128
-1.23901 -1.41459 0.889625 128 128 128
-1.28001 -1.4256 0.905903 128 128 128
-1.29926 -1.41178 0.907155 128 128 128
-1.31774 -1.39705 0.90799 128 128 128
-1.33605 -1.38208 0.908825 128 128 128
-1.37983 -1.39264 0.926355 128 128 128
-1.39228 -1.37114 0.923434 128 128 128
-1.41491 -1.35961 0.92719 128 128 128
-1.44477 -1.35455 0.935538 128 128 128
-1.47002 -1.34467 0.940964 128 128 128
-1.49048 -1.33015 0.943468 128 128 128
-1.51493 -1.3189 0.948477 128 128 128
-1.54211 -1.3096 0.955155 128 128 128
-1.56577 -1.29694 0.959747 128 128 128
-1.58794 -1.28275 0.963503 128 128 128
-1.61215 -1.2699 0.968512 128 128 128
-1.63771 -1.25775 0.974355 128 128 128
-1.67124 -1.25114 0.98479 128 128 128
-1.7144 -1.25083 1.00065 128 128 128
-1.73185 -1.23127 1.0019 128 128 128
-1.76254 -1.22076 1.01067 128 128 128
-1.78644 -1.20512 1.01568 128 128 128
-1.80946 -1.18858 1.02027 128 128 128
-1.83617 -1.17409 1.02695 128 128 128
-1.86203 -1.15865 1.03321 128 128 128
-1.88545 -1.14134 1.03822 128 128 128
-1.90637 -1.12226 1.04197 128 128 128
-1.92236 -1.10013 1.04322 128 128 128
-1.95082 -1.08482 1.05116 128 128 128
-1.96959 -1.06381 1.05408 128 128 128
-1.98814 -1.0425 1.057 128 128 128
-2.03969 -1.03773 1.07703 128 128 128
-2.05554 -1.01423 1.0787 128 128 128
-2.09162 -1.00025 1.09081 128 128 128
-2.11199 -0.978313 1.09498 128 128 128
-2.13546 -0.957506 1.10082 128 128 128
-2.15623 -0.93519 1.10542 128 128 128
-2.19186 -0.918804 1.11752 128 128 128
-2.21646 -0.897269 1.1242 128 128 128
-2.25271 -0.879876 1.13672 128 128 128
-2.27015 -0.854715 1.14006 128 128 128
-2.29585 -0.832341 1.14757 128 128 128
-2.31019 -0.805593 1.14966 128 128 128
-2.32421 -0.778619 1.15175 128 128 128
-2.34398 -0.753357 1.15676 128 128 128
-2.3626 -0.727462 1.16135 128 128 128
-2.39054 -0.704029 1.17053 128 128 128
-2.43313 -0.684177 1.18681 128 128 128
-2.46506 -0.660578 1.19808 128 128 128
-2.50293 -0.637859 1.21227 128 128 128
-2.53178 -0.612188 1.22229 128 128 128
-2.55759 -0.552346 1.22771 128 128 128
-2.55616 -0.519303 1.22396 128 128 128
-2.57573 -0.490424 1.23022 128 128 128
-2.61198 -0.464136 1.24441 128 128 128
-2.63094 -0.434246 1.25067 128 128 128
-2.64685 -0.403555 1.25568 128 128 128
-2.6615 -0.372413 1.26027 128 128 128
-2.67489 -0.340859 1.26444 128 128 128
-2.69061 -0.309339 1.26987 128 128 128
-2.74393 -0.281319 1.29282 128 128 128
-2.78791 -0.251234 1.31161 128 128 128
-3.08113 0.143749 1.35492 128 128 128
-3.08372 0.181817 1.3569 128 128 128
-3.08217 0.21971 1.35729 128 128 128
-3.08107 0.257669 1.35808 128 128 128
-3.05482 0.293275 1.3482 128 128 128
-3.04825 0.330445 1.34701 128 128 128
-3.05309 0.368924 1.35096 128 128 128
-3.06381 0.408419 1.35769 128 128 128
-3.08311 0.449552 1.36837 128 128 128
-3.08371 0.488356 1.37114 128 128 128
-3.09106 0.528476 1.37707 128 128 128
-3.09157 0.567693 1.38024 128 128 128
-3.08798 0.606294 1.38182 128 128 128
-3.0893 0.646019 1.38577 128 128 128
-3.1179 0.692024 1.40199 128 128 128
-3.1294 0.775611 1.41504 128 128 128
-3.08232 0.804233 1.39843 128 128 128
-3.16878 0.868416 1.44154 128 128 128
-3.16671 0.909768 1.4455 128 128 128
-3.15707 0.949088 1.44629 128 128 128
-3.16972 0.995454 1.45737 128 128 128
-3.15727 1.03428 1.45737 128 128 128
-3.15651 1.07709 1.4629 128 128 128
-3.14652 1.11697 1.46449 128 128 128
-3.14119 1.15868 1.46844 128 128 128
-3.13617 1.20074 1.47279 128 128 128
-3.13401 1.24422 1.47873 128 128 128
-3.1287 1.28677 1.48347 128 128 128
-3.12112 1.32866 1.48743 128 128 128
-3.10374 1.36649 1.48703 128 128 128
-3.06416 1.39422 1.47635 128 128 128
-3.10918 1.46098 1.50602 128 128 128
-3.10011 1.50343 1.51037 128 128 128
-3.0995 1.55039 1.51907 128 128 128
-3.09984 1.59841 1.52856 128 128 128
-3.08729 1.6402 1.53212 128 128 128
-3.0766 1.68325 1.53687 128 128 128
-3.06612 1.72673 1.54201 128 128 128
-3.05344 1.76929 1.54636 128 128 128
-3.04807 1.81649 1.55467 128 128 128
-3.03417 1.85904 1.55902 128 128 128
-3.01812 1.90053 1.56258 128 128 128
-2.99997 1.94092 1.56535 128 128 128
-2.98205 1.98165 1.56851 128 128 128
-2.96434 2.02275 1.57207 128 128 128
-2.94306 2.06161 1.57405 128 128 128
-2.93395 2.10936 1.58275 128 128 128
-2.93371 2.16428 1.5966 128 128 128
-2.91939 2.20953 1.60332 128 128 128
-1.01756 0.791123 0.581629 128 128 128
-1.00562 0.801835 0.580442 128 128 128
-0.988591 0.80831 0.576487 128 128 128
-0.975779 0.818023 0.574904 128 128 128
-0.965667 0.829936 0.574904 128 128 128
-0.95541 0.841724 0.574904 128 128 128
-0.968208 0.874288 0.588353 128 128 128
-2.73194 2.52492 1.62864 128 128 128
-2.70675 2.56394 1.6322 128 128 128
-2.68366 2.60528 1.63734 128 128 128
-2.6593 2.64578 1.64209 128 128 128
-2.61762 2.66904 1.63655 128 128 128
-2.59166 2.70826 1.6409 128 128 128
-2.56576 2.74791 1.64565 128 128 128
-2.54669 2.79548 1.65514 128 128 128
-2.49938 2.81211 1.64683 128 128 128
-2.4719 2.85089 1.65158 128 128 128
-2.45632 2.90415 1.66463 128 128 128
-2.42225 2.9362 1.66582 128 128 128
-2.37854 2.9564 1.66068 128 128 128
-2.34889 2.99403 1.66542 128 128 128
-2.32537 3.04014 1.67492 128 128 128
-2.29503 3.07801 1.68006 128 128 128
-2.26303 3.11412 1.68441 128 128 128
-2.23101 3.15064 1.68916 128 128 128
-2.19114 3.17627 1.68836 128 128 128
-2.14123 3.18692 1.68006 128 128 128
-2.11907 3.23908 1.69351 128 128 128
-2.0688 3.24858 1.6852 128 128 128
-2.03942 3.29089 1.6939 128 128 128
-1.99889 3.31567 1.6939 128 128 128
-1.95712 3.33836 1.69311 128 128 128
-1.92647 3.38048 1.70221 128 128 128
-1.89018 3.4135 1.70696 128 128 128
-1.84423 3.42916 1.7034 128 128 128
-1.80669 3.46049 1.70775 128 128 128
-1.77946 3.51271 1.72238 128 128 128
-1.73055 3.52274 1.71684 128 128 128
-1.67849 3.52548 1.70814 128 128 128
-1.64781 3.57333 1.7212 128 128 128
-1.59484 3.57315 1.7117 128 128 128
-1.55561 3.60342 1.71684 128 128 128
-1.50702 3.61206 1.7121 128 128 128
-1.47049 3.64988 1.7212 128 128 128
-1.42592 3.6685 1.72159 128 128 128
-0.415494 1.11188 0.537723 128 128 128
-0.408369 1.13503 0.54603 128 128 128
-0.400436 1.15731 0.55394 128 128 128
-1.20234 3.60859 1.66463 128 128 128
-0.379192 1.18953 0.564225 128 128 128
-1.09971 3.75616 1.7121 128 128 128
-1.05898 3.78883 1.7208 128 128 128
-1.00483 3.77315 1.70814 128 128 128
-0.96568 3.81368 1.7208 128 128 128
-0.914297 3.80649 1.71249 128 128 128
-0.874039 3.84608 1.72515 128 128 128
-0.818484 3.81791 1.70814 128 128 128
-0.775571 3.84747 1.71684 128 128 128
-0.724541 3.83684 1.70814 128 128 128
-0.682512 3.87439 1.7208 128 128 128
-0.631648 3.86253 1.7121 128 128 128
-0.582689 3.86 1.70775 128 128 128
-0.536793 3.87778 1.71249 128 128 128
-0.492849 3.91323 1.72515 128 128 128
-0.441361 3.88887 1.7121 128 128 128
-0.391474 3.87298 1.703 128 128 128
-0.344813 3.88755 1.70735 128 128 128
-0.297643 3.89882 1.71052 128 128 128
-0.248006 3.87468 1.69865 128 128 128
-0.200964 3.88752 1.703 128 128 128
-0.154411 3.91906 1.71566 128 128 128
-0.105474 3.89037 1.7026 128 128 128
-0.0575716 3.88127 1.69825 128 128 128
-0.0099274 3.87801 1.69667 128 128 128
0.0371044 3.81814 1.67096 128 128 128
0.0852268 3.87616 1.69628 128 128 128
0.131449 3.83535 1.67927 128 128 128
0.177021 3.80134 1.66542 128 128 128
0.222476 3.77871 1.65672 128 128 128
0.27441 3.85449 1.69074 128 128 128
0.318569 3.8133 1.67452 128 128 128
0.360273 3.75608 1.65158 128 128 128
0.406142 3.74955 1.65079 128 128 128
0.451905 3.74246 1.65 128 128 128
0.497796 3.73663 1.65 128 128 128
0.542292 3.72115 1.64604 128 128 128
0.587772 3.71331 1.64565 128 128 128
0.633296 3.70582 1.64565 128 128 128
0.676739 3.68692 1.6409 128 128 128
0.720166 3.66933 1.63694 128 128 128
0.766641 3.66741 1.64011 128 128 128
0.804835 3.62724 1.62666 128 128 128
0.844885 3.59831 1.61835 128 128 128
0.893169 3.60461 1.62587 128 128 128
0.937336 3.59338 1.62587 128 128 128
0.981846 3.58338 1.62666 128 128 128
1.00853 3.51102 1.59976 128 128 128
1.06236 3.53445 1.61598 128 128 128
1.10263 3.51151 1.61163 128 128 128
1.12993 3.4497 1.58987 128 128 128
1.17485 3.4434 1.59343 128 128 128
1.21671 3.42786 1.59304 128 128 128
1.24471 3.37475 1.57563 128 128 128
1.28407 3.35407 1.57326 128 128 128
1.31193 3.30476 1.55784 128 128 128
1.35447 3.29351 1.56021 128 128 128
1.39479 3.27664 1.56021 128 128 128
1.42602 3.2391 1.55072 128 128 128
1.45616 3.20046 1.54083 128 128 128
1.48713 3.16489 1.53252 128 128 128
1.52946 3.15384 1.53608 128 128 128
1.56435 3.12744 1.53252 128 128 128
1.60598 3.11454 1.53568 128 128 128
1.63934 3.08567 1.53133 128 128 128
1.66607 3.04517 1.52144 128 128 128
1.69386 3.00769 1.51314 128 128 128
1.72926 2.98429 1.51195 128 128 128
1.73098 2.90445 1.48268 128 128 128
1.76361 2.87829 1.48031 128 128 128
1.79342 2.84788 1.47596 128 128 128
1.83123 2.83028 1.47833 128 128 128
1.83889 2.76704 1.45737 128 128 128
1.86599 2.73441 1.45222 128 128 128
1.89308 2.70227 1.44748 128 128 128
1.92824 2.68182 1.44906 128 128 128
1.94629 2.63799 1.43838 128 128 128
1.9763 2.61098 1.4368 128 128 128
2.27849 1.08425 1.11324 128 128 128
2.27578 1.04889 1.10573 128 128 128
2.0302 0.875775 0.978756 128 128 128
2.24335 0.93539 1.07329 128 128 128
2.23507 0.899889 1.06419 128 128 128
2.23567 0.868397 1.05945 128 128 128
2.22982 0.834769 1.05193 128 128 128
2.23212 0.804535 1.04837 128 128 128
2.22881 0.772563 1.04244 128 128 128
2.22505 0.740794 1.03651 128 128 128
2.17187 0.693558 1.00842 128 128 128
2.1811 0.667123 1.00882 128 128 128
2.21556 0.648059 1.02068 128 128 128
2.17205 0.606464 0.997743 128 128 128
2.1243 0.56509 0.973219 128 128 128
2.12841 0.538302 0.972032 128 128 128
2.13843 0.513002 0.973614 128 128 128
2.14008 0.485702 0.971637 128 128 128
2.136 0.457282 0.967286 128 128 128
2.13155 0.429036 0.962934 128 128 128
2.12402 0.400455 0.957397 128 128 128
2.11973 0.372764 0.953441 128 128 128
2.12505 0.346872 0.953837 128 128 128
2.0783 0.313072 0.931686 128 128 128
2.03831 0.281484 0.9127 128 128 128
2.0325 0.255299 0.908745 128 128 128
2.00172 0.226493 0.89411 128 128 128
1.99886 0.201356 0.891736 128 128 128
1.98929 0.175752 0.886594 128 128 128
1.98214 0.150625 0.882639 128 128 128
1.97468 0.1257 0.878683 128 128 128
1.9669 0.100981 0.874728 128 128 128
1.97625 0.0771646 0.878288 128 128 128
1.94767 0.0521 0.86563 128 128 128
1.93989 0.0280696 0.86207 128 128 128
1.88958 0.00411436 0.840315 128 128 128
1.85734 -0.0187735 0.826471 128 128 128
1.84044 -0.0412071 0.819351 128 128 128
1.88111 -0.0651896 0.837151 128 128 128
1.85539 -0.0871244 0.826471 128 128 128
1.82851 -0.108384 0.815396 128 128 128
1.81055 -0.129647 0.808276 128 128 128
1.8015 -0.151246 0.805112 128 128 128
1.77757 -0.171246 0.795619 128 128 128
1.76985 -0.192455 0.793245 128 128 128
1.76098 -0.213391 0.790477 128 128 128
1.7382 -0.232324 0.781775 128 128 128
1.71794 -0.251127 0.774259 128 128 128
1.72108 -0.273193 0.777028 128 128 128
1.71126 -0.293212 0.774259 128 128 128
1.70573 -0.313859 0.773468 128 128 128
1.64281 -0.365307 0.751318 128 128 128
1.63194 -0.383972 0.748549 128 128 128
0.368323 -1.3212 0.617228 128 128 128
0.336465 -1.33251 0.618414 128 128 128
0.320947 -1.34011 0.619997 128 128 128
0.305293 -1.34753 0.621579 128 128 128
0.289313 -1.35387 0.622765 128 128 128
0.272131 -1.35462 0.621579 128 128 128
0.256512 -1.36327 0.623952 128 128 128
0.240402 -1.36993 0.625534 128 128 128
0.224018 -1.3755 0.626721 128 128 128
0.207947 -1.38359 0.629094 128 128 128
0.191331 -1.38877 0.630281 128 128 128
0.174274 -1.39101 0.630281 128 128 128
0.157815 -1.39852 0.632654 128 128 128
0.140084 -1.39487 0.630281 128 128 128
0.124016 -1.40838 0.635423 128 128 128
0.107005 -1.41346 0.637005 128 128 128
0.0901232 -1.422 0.640169 128 128 128
0.0727141 -1.42391 0.640565 128 128 128
0.0553445 -1.42745 0.641752 128 128 128
0.0379746 -1.43353 0.644125 128 128 128
0.0204918 -1.44124 0.647289 128 128 128
0.00280676 -1.4423 0.647685 128 128 128
-0.0149527 -1.44865 0.650454 128 128 128
-0.0328281 -1.45295 0.652431 128 128 128
-0.0508734 -1.45886 0.6552 128 128 128
-0.0691111 -1.46547 0.658364 128 128 128
-0.0875722 -1.47276 0.661924 128 128 128
-0.106028 -1.47707 0.664298 128 128 128
-0.124603 -1.48115 0.666671 128 128 128
-0.143031 -1.48226 0.667858 128 128 128
-0.161506 -1.48313 0.669044 128 128 128
-0.180133 -1.48468 0.670626 128 128 128
-0.198944 -1.48691 0.672604 128 128 128
-0.217836 -1.4889 0.674582 128 128 128
-0.236807 -1.49065 0.67656 128 128 128
-0.256162 -1.49397 0.679328 128 128 128
-0.275635 -1.49704 0.682097 128 128 128
-0.294691 -1.49715 0.683679 128 128 128
-0.314354 -1.49972 0.686448 128 128 128
-0.334125 -1.50202 0.689217 128 128 128
-0.35358 -1.50228 0.691195 128 128 128
-0.372209 -1.49872 0.69159 128 128 128
-0.392424 -1.50115 0.694755 128 128 128
-0.412513 -1.50242 0.697523 128 128 128
-0.432438 -1.50254 0.699897 128 128 128
-0.452164 -1.50152 0.701874 128 128 128
-0.47248 -1.50199 0.704643 128 128 128
-0.492018 -1.49958 0.706225 128 128 128
-0.511568 -1.4969 0.707808 128 128 128
-0.531127 -1.49397 0.70939 128 128 128
-0.553865 -1.49941 0.714927 128 128 128
-0.572879 -1.49422 0.715719 128 128 128
-0.594558 -1.49561 0.719674 128 128 128
-0.61845 -1.50179 0.726003 128 128 128
-0.639349 -1.50001 0.728772 128 128 128
-0.663994 -1.50634 0.735496 128 128 128
-0.686609 -1.50728 0.739847 128 128 128
-0.709347 -1.50788 0.744198 128 128 128
-0.732202 -1.50816 0.748549 128 128 128
-0.752297 -1.50235 0.750131 128 128 128
-0.776985 -1.50525 0.756064 128 128 128
-0.800996 -1.50615 0.761206 128 128 128
-0.822502 -1.50185 0.763975 128 128 128
-0.844022 -1.49724 0.766744 128 128 128
-0.866013 -1.49313 0.769908 128 128 128
-0.899307 -1.50764 0.782566 128 128 128
-0.913425 -1.48944 0.779006 128 128 128
-0.940927 -1.49289 0.786521 128 128 128
-0.96117 -1.48432 0.788103 128 128 128
-0.980329 -1.47394 0.788894 128 128 128
-1.00766 -1.47546 0.796014 128 128 128
-1.02779 -1.46599 0.797597 128 128 128
-1.05267 -1.46297 0.802739 128 128 128
-1.0749 -1.45586 0.805903 128 128 128
-1.09823 -1.44988 0.809858 128 128 128
-1.12269 -1.445 0.814605 128 128 128
-1.14263 -1.43399 0.816187 128 128 128
-1.1793 -1.44335 0.82924 128 128 128
-1.19751 -1.42947 0.829636 128 128 128
-1.21975 -1.42025 0.8328 128 128 128
-1.2577 -1.42862 0.846249 128 128 128
-1.26407 -1.4008 0.839129 128 128 128
-1.31481 -1.42162 0.860488 128 128 128
-1.33469 -1.40805 0.86207 128 128 128
-1.34995 -1.38958 0.860884 128 128 128
-1.38891 -1.39506 0.874332 128 128 128
-1.4092 -1.38113 0.87631 128 128 128
-1.42936 -1.3669 0.878288 128 128 128
-1.46079 -1.36306 0.88699 128 128 128
-1.48013 -1.3475 0.888572 128 128 128
-1.5041 -1.33595 0.892923 128 128 128
-1.52107 -1.318 0.893318 128 128 128
-1.54274 -1.30398 0.896483 128 128 128
-1.56288 -1.28846 0.898856 128 128 128
-1.61863 -1.30144 0.921007 128 128 128
-1.63665 -1.28318 0.922193 128 128 128
-1.66175 -1.27025 0.927335 128 128 128
-1.69709 -1.2646 0.938015 128 128 128
-1.70951 -1.24151 0.936433 128 128 128
-1.73286 -1.22628 0.940784 128 128 128
-1.77499 -1.22371 0.955024 128 128 128
-1.79216 -1.20337 0.95621 128 128 128
-1.82523 -1.19337 0.965703 128 128 128
-1.84438 -1.17384 0.968077 128 128 128
-1.88597 -1.16806 0.981921 128 128 128
-1.9033 -1.14673 0.983503 128 128 128
-1.93228 -1.13212 0.991018 128 128 128
-1.95241 -1.11196 0.994183 128 128 128
-1.97475 -1.09281 0.998534 128 128 128
-1.99933 -1.07459 1.00407 128 128 128
-2.014 -1.05083 1.00486 128 128 128
-2.03493 -1.03019 1.00882 128 128 128
-2.08121 -1.02175 1.02504 128 128 128
-2.09525 -0.996926 1.02583 128 128 128
-2.12818 -0.980761 1.03571 128 128 128
-2.14508 -0.956819 1.03809 128 128 128
-2.18027 -0.940625 1.04916 128 128 128
-2.21029 -0.921586 1.05787 128 128 128
-2.2291 -0.897484 1.06143 128 128 128
-2.26306 -0.879055 1.07211 128 128 128
-2.28916 -0.857023 1.07922 128 128 128
-2.36606 -0.755704 1.09623 128 128 128
-2.36901 -0.724727 1.09346 128 128 128
-2.44647 -0.715755 1.12432 128 128 128
-2.45507 -0.685679 1.12432 128 128 128
-2.46863 -0.65692 1.12669 128 128 128
-2.50054 -0.632673 1.13737 128 128 128
-2.52062 -0.604947 1.14291 128 128 128
-2.55203 -0.579474 1.15359 128 128 128
-2.56883 -0.550234 1.15794 128 128 128
-2.59969 -0.523578 1.16862 128 128 128
-2.61765 -0.493856 1.17376 128 128 128
-2.63347 -0.463453 1.17811 128 128 128
-2.66524 -0.435409 1.18958 128 128 128
-2.66947 -0.402532 1.18919 128 128 128
-2.68149 -0.370754 1.19235 128 128 128
-3.12432 0.403997 1.28689 128 128 128
-3.10442 0.440202 1.28095 128 128 128
-3.0997 0.478408 1.28132 128 128 128
-3.10459 0.518259 1.28577 128 128 128
-3.10713 0.557971 1.28949 128 128 128
-3.11281 0.59853 1.29468 128 128 128
-3.11615 0.638936 1.29914 128 128 128
-3.11805 0.679315 1.30322 128 128 128
-3.12123 0.720257 1.30805 128 128 128
-3.12388 0.761379 1.31287 128 128 128
-3.14308 0.807083 1.32475 128 128 128
-3.14817 0.849726 1.33106 128 128 128
-3.15715 0.893885 1.33923 128 128 128
-3.17354 0.940777 1.35074 128 128 128
-3.18658 0.987376 1.36113 128 128 128
-3.16892 1.02469 1.3589 128 128 128
-3.1262 1.05338 1.34628 128 128 128
-3.15696 1.15084 1.37078 128 128 128
-3.17732 1.20269 1.38563 128 128 128
-3.15455 1.23852 1.38229 128 128 128
-3.15287 1.28276 1.38823 128 128 128
-3.13603 1.32099 1.38786 128 128 128
-3.1298 1.36384 1.39231 128 128 128
-3.11198 1.40176 1.39194 128 128 128
-3.05247 1.42021 1.37338 128 128 128
-3.12181 1.49947 1.41198 128 128 128
-3.11232 1.54222 1.41607 128 128 128
-3.10308 1.58537 1.42052 128 128 128
-3.09981 1.63201 1.42795 128 128 128
-3.09179 1.67658 1.43351 128 128 128
-3.08313 1.72119 1.43908 128 128 128
-3.07063 1.764 1.44317 128 128 128
-3.05674 1.80628 1.44688 128 128 128
-3.04386 1.84945 1.45133 128 128 128
-3.02959 1.89209 1.45542 128 128 128
-3.02255 1.93967 1.46321 128 128 128
-3.00936 1.98378 1.46841 128 128 128
-2.98556 2.02109 1.46878 128 128 128
-2.96967 2.06394 1.47323 128 128 128
-2.95168 2.10563 1.47695 128 128 128
-2.93609 2.14938 1.48214 128 128 128
-2.9095 2.18525 1.48214 128 128 128
-1.02241 0.784314 0.542621 128 128 128
-0.999606 0.786424 0.535939 128 128 128
-0.981231 0.791606 0.531484 128 128 128
-0.977865 0.808936 0.534825 128 128 128
-0.981988 0.832934 0.542249 128 128 128
-0.975885 0.848591 0.544477 128 128 128
-0.972309 0.866703 0.548189 128 128 128
-2.7517 2.52465 1.52038 128 128 128
-2.72794 2.56523 1.52446 128 128 128
-2.71629 2.61787 1.5356 128 128 128
-2.6899 2.65688 1.53894 128 128 128
-2.66492 2.69763 1.54339 128 128 128
-2.62839 2.72678 1.54154 128 128 128
-2.59664 2.76086 1.54265 128 128 128
-2.56319 2.7932 1.54302 128 128 128
-2.53429 2.83068 1.54636 128 128 128
-2.50424 2.86716 1.54933 128 128 128
-2.47549 2.90546 1.55341 128 128 128
-2.44142 2.93776 1.55453 128 128 128
-2.40577 2.96822 1.5549 128 128 128
-2.36859 2.9968 1.55453 128 128 128
-2.33956 3.03594 1.55972 128 128 128
-2.29545 3.05551 1.55527 128 128 128
-2.27038 3.10069 1.56381 128 128 128
-2.22731 3.12151 1.56047 128 128 128
-2.20048 3.16539 1.56863 128 128 128
-2.16355 3.19524 1.57012 128 128 128
-2.12723 3.2262 1.57235 128 128 128
-2.08849 3.25363 1.57309 128 128 128
-2.05429 3.28847 1.57754 128 128 128
-2.02438 3.3309 1.58571 128 128 128
-1.97297 3.33789 1.57754 128 128 128
-1.9374 3.37152 1.582 128 128 128
-1.89588 3.39504 1.582 128 128 128
-1.84878 3.40825 1.57754 128 128 128
-1.80681 3.43068 1.57754 128 128 128
-1.76922 3.46169 1.58163 128 128 128
-1.7266 3.48314 1.58163 128 128 128
-1.69376 3.525 1.59091 128 128 128
-1.65077 3.54636 1.59128 128 128 128
-1.60712 3.56636 1.59128 128 128 128
-1.57101 3.60369 1.59907 128 128 128
-1.52739 3.62441 1.59981 128 128 128
-1.47931 3.63428 1.5961 128 128 128
-1.43392 3.65043 1.59536 128 128 128
-0.408161 1.06942 0.485084 128 128 128
-0.394372 1.07261 0.484341 128 128 128
-0.379035 1.07123 0.481743 128 128 128
-1.25574 3.72431 1.5987 128 128 128
-0.356335 1.0917 0.486569 128 128 128
-0.346748 1.10841 0.491765 128 128 128
-1.1178 3.76801 1.5987 128 128 128
-1.074 3.79038 1.60241 128 128 128
-1.02499 3.79431 1.5987 128 128 128
-0.975824 3.7967 1.59462 128 128 128
-0.933541 3.82644 1.60204 128 128 128
-0.879857 3.80865 1.59016 128 128 128
-0.837582 3.84003 1.5987 128 128 128
-0.792625 3.86094 1.60316 128 128 128
-0.738901 3.83754 1.58979 128 128 128
-0.691589 3.84541 1.58942 128 128 128
-0.647696 3.87375 1.59759 128 128 128
-0.59391 3.84103 1.58125 128 128 128
-0.550619 3.87561 1.59239 128 128 128
-0.499349 3.85353 1.58088 128 128 128
-0.452986 3.86766 1.58422 128 128 128
-0.402332 3.84245 1.57197 128 128 128
-0.356077 3.85727 1.57606 128 128 128
-0.308642 3.86043 1.57569 128 128 128
-0.262047 3.87597 1.58051 128 128 128
-0.21391 3.86869 1.57643 128 128 128
-0.166769 3.87938 1.57977 128 128 128
-0.118491 3.85885 1.57086 128 128 128
-0.0705966 3.82938 1.55861 128 128 128
-0.0236978 3.84946 1.56641 128 128 128
0.0235427 3.84946 1.56641 128 128 128
0.0699662 3.8071 1.5497 128 128 128
0.116621 3.8041 1.54896 128 128 128
0.162314 3.78012 1.54005 128 128 128
0.209891 3.79917 1.54859 128 128 128
0.25656 3.79723 1.54896 128 128 128
0.302239 3.78269 1.5445 128 128 128
0.348636 3.7787 1.5445 128 128 128
0.393808 3.76305 1.54005 128 128 128
0.438758 3.74779 1.53597 128 128 128
0.486039 3.75226 1.54005 128 128 128
0.529022 3.72487 1.53151 128 128 128
0.576264 3.72819 1.5356 128 128 128
0.620122 3.70985 1.53114 128 128 128
0.663947 3.69282 1.52743 128 128 128
0.706919 3.67254 1.5226 128 128 128
0.751558 3.66177 1.52186 128 128 128
0.791864 3.63141 1.51332 128 128 128
0.831538 3.60062 1.50479 128 128 128
0.873008 3.57932 1.50033 128 128 128
0.922204 3.58902 1.50887 128 128 128
0.962531 3.56399 1.5033 128 128 128
0.992219 3.50279 1.48288 128 128 128
1.02585 3.4592 1.46989 128 128 128
1.06767 3.44458 1.46915 128 128 128
1.1156 3.44888 1.47657 128 128 128
1.14861 3.40766 1.46507 128 128 128
1.18633 3.38193 1.46024 128 128 128
1.22743 3.36624 1.45987 128 128 128
1.26469 3.34051 1.45542 128 128 128
1.30082 3.31264 1.45022 128 128 128
1.33821 3.28869 1.44688 128 128 128
1.37811 3.27117 1.44651 128 128 128
1.41294 3.2421 1.44131 128 128 128
1.43312 3.18136 1.42238 128 128 128
1.48619 3.19383 1.43574 128 128 128
1.51277 3.14942 1.42423 128 128 128
1.54676 3.12147 1.42015 128 128 128
1.57521 3.08325 1.41161 128 128 128
1.60599 3.05055 1.40567 128 128 128
1.61846 2.98493 1.38489 128 128 128
1.64817 2.95269 1.37932 128 128 128
1.68428 2.93224 1.37932 128 128 128
1.72108 2.91295 1.38006 128 128 128
1.75042 2.8813 1.37524 128 128 128
1.76938 2.83363 1.36299 128 128 128
1.80754 2.81717 1.36558 128 128 128
1.82559 2.76999 1.35371 128 128 128
1.86101 2.74968 1.35482 128 128 128
1.8686 2.68931 1.33663 128 128 128
1.8885 2.64805 1.32772 128 128 128
1.92305 2.62767 1.32921 128 128 128
1.93728 2.58013 1.31733 128 128 128
1.96085 2.54587 1.31213 128 128 128
1.96197 2.48377 1.29283 128 128 128
1.98352 2.44869 1.28726 128 128 128
2.01282 2.42346 1.28689 128 128 128
2.0412 2.39716 1.28615 128 128 128
2.05824 2.35796 1.27872 128 128 128
2.07028 2.31386 1.2687 128 128 128
2.09034 2.2794 1.26387 128 128 128
2.10351 2.23803 1.25534 128 128 128
2.13017 2.21138 1.25496 128 128 128
2.15258 2.18045 1.25237 128 128 128
2.15801 2.13302 1.24049 128 128 128
2.16394 2.08706 1.22935 128 128 128
2.16908 2.04129 1.21822 128 128 128
2.16726 1.99006 1.20374 128 128 128
2.18944 1.96146 1.20262 128 128 128
2.18674 1.91126 1.18852 128 128 128
1.52946 1.30571 0.831419 128 128 128
1.54894 1.28981 0.833275 128 128 128
1.5827 1.2853 0.842555 128 128 128
2.25091 1.78039 1.17478 128 128 128
2.24683 1.73282 1.16179 128 128 128
2.25529 1.69565 1.15548 128 128 128
2.25269 1.65087 1.14397 128 128 128
2.24252 1.60156 1.12913 128 128 128
2.28413 1.58927 1.13989 128 128 128
2.23575 1.51537 1.10722 128 128 128
2.24177 1.47966 1.10129 128 128 128
2.25741 1.45054 1.10017 128 128 128
2.25455 1.40996 1.09052 128 128 128
2.27962 1.387 1.09423 128 128 128
1.50301 0.891067 0.725996 128 128 128
1.52833 0.880868 0.732678 128 128 128
1.54065 0.86295 0.73342 128 128 128
2.26163 1.2284 1.05637 128 128 128
2.28229 1.20358 1.05897 128 128 128
2.2365 1.1447 1.03187 128 128 128
2.21958 1.10194 1.01814 128 128 128
2.24131 1.07863 1.02185 128 128 128
2.24258 1.04557 1.01665 128 128 128
2.24339 1.01264 1.01145 128 128 128
2.24117 0.978746 1.00514 128 128 128
2.24531 0.947933 1.0018 128 128 128
2.243 0.914721 0.995863 128 128 128
2.25925 0.889159 0.99809 128 128 128
2.17356 0.824967 0.956886 128 128 128
2.20359 0.805528 0.965424 128 128 128
2.14319 0.753905 0.935727 128 128 128
2.13292 0.721042 0.927561 128 128 128
2.11774 0.68712 0.917538 128 128 128
2.12513 0.660807 0.917167 128 128 128
2.09924 0.624679 0.903061 128 128 128
2.14428 0.609463 0.918652 128 128 128
2.11932 0.57442 0.905289 128 128 128
2.12351 0.547679 0.904175 128 128 128
2.14541 0.525304 0.910486 128 128 128
2.09106 0.484999 0.885615 128 128 128
2.08324 0.456348 0.880047 128 128 128
2.0805 0.429077 0.876706 128 128 128
2.04457 0.395657 0.860001 128 128 128
2.05384 0.371354 0.861858 128 128 128
2.05183 0.345057 0.859259 128 128 128
2.03572 0.316752 0.851093 128 128 128
2.04497 0.292525 0.85332 128 128 128
2.00604 0.261964 0.836244 128 128 128
1.99711 0.235936 0.831419 128 128 128
1.99062 0.210454 0.827707 128 128 128
1.99028 0.185757 0.826593 128 128 128
1.96649 0.159275 0.816199 128 128 128
1.9683 0.135131 0.816199 128 128 128
1.95497 0.110162 0.81026 128 128 128
1.91907 0.0846082 0.795412 128 128 128
1.90511 0.060612 0.789472 128 128 128
1.92428 0.0375509 0.796897 128 128 128
1.90788 0.0138494 0.790215 128 128 128
1.85684 -0.00919667 0.769799 128 128 128
1.86216 -0.0320907 0.772026 128 128 128
1.84677 -0.0544683 0.766086 128 128 128
1.83669 -0.0767184 0.762374 128 128 128
1.79853 -0.0971622 0.747526 128 128 128
1.78979 -0.118717 0.744557 128 128 128
1.78172 -0.140146 0.741958 128 128 128
1.77154 -0.161223 0.738617 128 128 128
1.7565 -0.181583 0.73342 128 128 128
1.74585 -0.202144 0.73008 128 128 128
1.73311 -0.22223 0.725996 128 128 128
1.72749 -0.243086 0.724883 128 128 128
1.72071 -0.263695 0.723398 128 128 128
1.70452 -0.282634 0.718201 128 128 128
1.69453 -0.302372 0.715602 128 128 128
1.66243 -0.317671 0.704095 128 128 128
1.65386 -0.33711 0.702239 128 128 128
1.61876 -0.350619 0.689618 128 128 128
1.61615 -0.370877 0.69036 128 128 128
1.59794 -0.387366 0.684792 128 128 128
1.58138 -0.403929 0.679967 128 128 128
1.57272 -0.422332 0.678482 128 128 128
1.55045 -0.436772 0.671429 128 128 128
1.5343 -0.452585 0.666975 128 128 128
1.5171 -0.467792 0.662149 128 128 128
1.5086 -0.485514 0.661035 128 128 128
1.49021 -0.499823 0.655838 128 128 128
1.48397 -0.518073 0.655838 128 128 128
1.4775 -0.536245 0.655838 128 128 128
1.4656 -0.552357 0.653611 128 128 128
1.42761 -0.558045 0.640248 128 128 128
1.41291 -0.572363 0.636907 128 128 128
1.43657 -0.602673 0.65027 128 128 128
1.41971 -0.616165 0.646187 128 128 128
1.40104 -0.62857 0.641361 128 128 128
1.39238 -0.645323 0.64099 128 128 128
1.37516 -0.657927 0.636907 128 128 128
1.3595 -0.671033 0.633566 128 128 128
1.3462 -0.685125 0.631339 128 128 128
1.33523 -0.700293 0.630225 128 128 128
1.32001 -0.713077 0.627255 128 128 128
1.30711 -0.726954 0.625399 128 128 128
1.27476 -0.729498 0.614635 128 128 128
1.28328 -0.7555 0.622801 128 128 128
1.27947 -0.774572 0.625399 128 128 128
1.24389 -0.773953 0.61315 128 128 128
1.22805 -0.78514 0.61018 128 128 128
1.21058 -0.795031 0.606468 128 128 128
1.15847 -0.781149 0.586052 128 128 128
1.18004 -0.81707 0.601271 128 128 128
1.18805 -0.844452 0.61018 128 128 128
1.17685 -0.858418 0.609809 128 128 128
1.15213 -0.862184 0.602756 128 128 128
1.13779 -0.87342 0.6009 128 128 128
1.11097 -0.874633 0.592733 128 128 128
1.09439 -0.883517 0.589764 128 128 128
1.08347 -0.89688 0.589764 128 128 128
1.08226 -0.91855 0.594961 128 128 128
1.06951 -0.930538 0.594218 128 128 128
1.05594 -0.941733 0.593105 128 128 128
1.04294 -0.953363 0.592362 128 128 128
1.02981 -0.964816 0.59162 128 128 128
1.01722 -0.976735 0.591249 128 128 128
0.341663 -1.3184 0.571946 128 128 128
0.326116 -1.3252 0.573059 128 128 128
0.310662 -1.33272 0.574544 128 128 128
0.295071 -1.34006 0.576029 128 128 128
0.279348 -1.34722 0.577514 128 128 128
0.263667 -1.35511 0.57937 128 128 128
0.247345 -1.36007 0.580112 128 128 128
0.23094 -1.36483 0.580855 128 128 128
0.214597 -1.37032 0.581968 128 128 128
0.198154 -1.37561 0.583082 128 128 128
0.18185 -1.38254 0.584938 128 128 128
0.165191 -1.38743 0.586052 128 128 128
0.148536 -1.39305 0.587537 128 128 128
0.131683 -1.39754 0.58865 128 128 128
0.114815 -1.40276 0.590135 128 128 128
0.0978388 -1.40776 0.59162 128 128 128
0.0807571 -1.41257 0.593105 128 128 128
0.0635722 -1.41716 0.594589 128 128 128
0.0460391 -1.4132 0.592733 128 128 128
0.0288546 -1.42294 0.596445 128 128 128
0.0114473 -1.43433 0.6009 128 128 128
-0.00618172 -1.43808 0.602385 128 128 128
-0.0239552 -1.44439 0.604983 128 128 128
-0.0418256 -1.44863 0.606839 128 128 128
-0.0597628 -1.45172 0.608324 128 128 128
-0.0777298 -1.45365 0.609438 128 128 128
-0.0958806 -1.45722 0.611294 128 128 128
-0.114355 -1.46334 0.614263 128 128 128
-0.133427 -1.47385 0.619089 128 128 128
-0.152187 -1.47856 0.621687 128 128 128
-0.1713 -1.48488 0.625028 128 128 128
-0.18987 -1.48543 0.626142 128 128 128
-0.209137 -1.49034 0.629112 128 128 128
-0.228124 -1.49225 0.630968 128 128 128
-0.247498 -1.49575 0.633566 128 128 128
-0.266992 -1.49899 0.636164 128 128 128
-0.28572 -1.49743 0.636907 128 128 128
-0.306326 -1.50472 0.641361 128 128 128
-0.326558 -1.50901 0.644702 128 128 128
-0.345261 -1.5058 0.645073 128 128 128
-0.364819 -1.50596 0.646929 128 128 128
-0.383504 -1.50226 0.647301 128 128 128
-0.405071 -1.50909 0.652126 128 128 128
-0.423051 -1.50222 0.651384 128 128 128
-0.442514 -1.50048 0.652869 128 128 128
-0.462273 -1.49937 0.654725 128 128 128
-0.482646 -1.49977 0.657323 128 128 128
-0.503097 -1.49989 0.659922 128 128 128
-0.523624 -1.49973 0.66252 128 128 128
-0.543903 -1.49842 0.664747 128 128 128
-0.563239 -1.49424 0.665861 128 128 128
-0.583576 -1.4924 0.668088 128 128 128
-0.603601 -1.48942 0.669944 128 128 128
-0.625448 -1.49046 0.673656 128 128 128
-0.648155 -1.49288 0.678111 128 128 128
-0.672544 -1.49835 0.68405 128 128 128
-0.696379 -1.50177 0.689247 128 128 128
-0.719189 -1.50231 0.69333 128 128 128
-0.740877 -1.50002 0.6963 128 128 128
-0.762193 -1.4966 0.698898 128 128 128
-0.787438 -1.50027 0.704838 128 128 128
-0.813774 -1.50518 0.711519 128 128 128
-0.834905 -1.49994 0.713746 128 128 128
-0.858347 -1.49844 0.71783 128 128 128
-0.882351 -1.49738 0.722284 128 128 128
-0.90549 -1.49436 0.725996 128 128 128
-0.926224 -1.48708 0.727852 128 128 128
-0.952944 -1.48887 0.734163 128 128 128
-0.980358 -1.49101 0.740844 128 128 128
-1.00067 -1.48194 0.742329 128 128 128
-1.02196 -1.47412 0.744557 128 128 128
-1.0416 -1.46373 0.74567 128 128 128
-1.06442 -1.45758 0.749011 128 128 128
-1.0867 -1.45034 0.751981 128 128 128
-1.11633 -1.45233 0.759776 128 128 128
-1.13753 -1.44289 0.762003 128 128 128
-1.16335 -1.43891 0.7672 128 128 128
-1.18032 -1.42381 0.766829 128 128 128
-1.21218 -1.42617 0.775738 128 128 128
-1.23631 -1.41887 0.779821 128 128 128
-1.25797 -1.40843 0.78242 128 128 128
-1.30156 -1.4216 0.79801 128 128 128
-1.32018 -1.40687 0.798753 128 128 128
-1.35283 -1.40659 0.807662 128 128 128
-1.37783 -1.3978 0.812116 128 128 128
-1.39091 -1.37688 0.809889 128 128 128
-1.42376 -1.37516 0.818798 128 128 128
-1.46287 -1.37855 0.831047 128 128 128
-1.47968 -1.36049 0.831047 128 128 128
-1.50457 -1.34966 0.835502 128 128 128
-1.52522 -1.33475 0.837729 128 128 128
-1.54573 -1.31954 0.839956 128 128 128
-1.57467 -1.31114 0.846638 128 128 128
-1.59353 -1.29406 0.848123 128 128 128
-1.6144 -1.27843 0.850721 128 128 128
-1.65131 -1.27494 0.861486 128 128 128
-1.68838 -1.27073 0.872251 128 128 128
-1.71959 -1.26141 0.880047 128 128 128
-1.74099 -1.24453 0.883016 128 128 128
-1.77139 -1.23365 0.89044 128 128 128
-1.79256 -1.21598 0.89341 128 128 128
-1.82053 -1.20256 0.899721 128 128 128
-1.84923 -1.18915 0.906402 128 128 128
-1.87708 -1.17471 0.912713 128 128 128
-1.90564 -1.16026 0.919394 128 128 128
-1.93014 -1.14291 0.92422 128 128 128
-1.95368 -1.12468 0.928675 128 128 128
-1.97383 -1.10424 0.931644 128 128 128
-1.99295 -1.08303 0.934243 128 128 128
-2.01184 -1.06151 0.936841 128 128 128
-2.03878 -1.04391 0.943152 128 128 128
-2.0789 -1.03239 0.955401 128 128 128
-2.09895 -1.01042 0.958742 128 128 128
-2.13057 -0.993575 0.96728 128 128 128
-2.16801 -0.978773 0.978416 128 128 128
-2.18326 -0.953575 0.979901 128 128 128
-2.21192 -0.933905 0.987325 128 128 128
-2.24128 -0.914023 0.99512 128 128 128
-2.2653 -0.891529 1.00069 128 128 128
-2.28649 -0.867598 1.00514 128 128 128
-2.32315 -0.848992 1.01628 128 128 128
-2.33602 -0.821339 1.01739 128 128 128
-2.36089 -0.797638 1.0237 128 128 128
-2.37669 -0.7706 1.0263 128 128 128
-2.39395 -0.743843 1.02964 128 128 128
-2.41981 -0.719409 1.0367 128 128 128
-2.45974 -0.698487 1.04969 128 128 128
-2.48606 -0.673074 1.05711 128 128 128
-2.52472 -0.650342 1.06973 128 128 128
-2.56409 -0.62698 1.08272 128 128 128
-2.59957 -0.568394 1.09126 128 128 128
-2.57724 -0.530506 1.07938 128 128 128
-2.59723 -0.501459 1.08495 128 128 128
-2.64158 -0.476411 1.10054 128 128 128
-2.6683 -0.447458 1.10908 128 128 128
-2.68277 -0.41609 1.11279 128 128 128
-2.69411 -0.384044 1.11539 128 128 128
-2.71243 -0.352729 1.12096 128 128 128
-2.7267 -0.320594 1.12504 128 128 128
-2.76738 -0.290937 1.13989 128 128 128
-2.78388 -0.1551 1.14212 128 128 128
-3.14037 0.110061 1.19735 128 128 128
-3.16125 0.149644 1.20572 128 128 128
-3.19028 0.229587 1.21828 128 128 128
-3.1041 0.261747 1.18724 128 128 128
-3.08479 0.298293 1.18131 128 128 128
-3.1014 0.338353 1.18898 128 128 128
-3.09608 0.376274 1.18863 128 128 128
-3.1126 0.417093 1.19665 128 128 128
-3.12116 0.457289 1.20189 128 128 128
-3.13475 0.49864 1.20921 128 128 128
-3.14133 0.539285 1.21409 128 128 128
-3.14277 0.579319 1.21723 128 128 128
-3.15106 0.620915 1.22316 128 128 128
-3.15146 0.661265 1.2263 128 128 128
-3.15866 0.703345 1.23223 128 128 128
-3.19229 0.793516 1.2521 128 128 128
-3.13879 0.821262 1.23536 128 128 128
-3.23332 0.888481 1.27582 128 128 128
-3.20956 0.924465 1.27094 128 128 128
-3.21234 0.968103 1.27651 128 128 128
-3.21452 1.01195 1.28209 128 128 128
-3.20097 1.05103 1.28175 128 128 128
-3.1967 1.09326 1.28523 128 128 128
-3.20689 1.14087 1.29465 128 128 128
-3.19528 1.18112 1.2957 128 128 128
-3.20418 1.22929 1.30511 128 128 128
-3.18885 1.26852 1.30511 128 128 128
-3.18084 1.31077 1.30825 128 128 128
-3.17487 1.35411 1.31243 128 128 128
-3.134 1.38239 1.30267 128 128 128
-2.53252 1.1547 1.06379 128 128 128
-3.16528 1.48999 1.32987 128 128 128
-3.15182 1.53118 1.33196 128 128 128
-3.14368 1.57519 1.3365 128 128 128
-3.13245 1.61795 1.33998 128 128 128
-3.13139 1.66639 1.34801 128 128 128
-3.12303 1.71144 1.35324 128 128 128
-3.10915 1.75378 1.35638 128 128 128
-3.09712 1.79744 1.36056 128 128 128
-3.09093 1.84491 1.36753 128 128 128
-3.08483 1.89299 1.37486 128 128 128
-3.07089 1.9367 1.37904 128 128 128
-3.05161 1.9773 1.38114 128 128 128
-3.02868 2.01563 1.38183 128 128 128
-3.01068 2.0574 1.38497 128 128 128
-2.99211 2.09904 1.38811 128 128 128
-2.9745 2.14162 1.39195 128 128 128
-2.9495 2.17907 1.39264 128 128 128
-1.03677 0.78693 0.512435 128 128 128
-0.999647 0.77832 0.499532 128 128 128
-0.99002 0.790529 0.499532 128 128 128
-0.986777 0.807955 0.50267 128 128 128
-0.973196 0.816994 0.500927 128 128 128
-0.977317 0.841087 0.507901 128 128 128
-0.991544 0.874691 0.520107 128 128 128
-2.79338 2.52235 1.42856 128 128 128
-2.77048 2.56407 1.43275 128 128 128
-2.74765 2.60626 1.43728 128 128 128
-2.72285 2.64697 1.44112 128 128 128
-2.6895 2.67952 1.44077 128 128 128
-2.66429 2.72035 1.44495 128 128 128
-2.63848 2.76097 1.44914 128 128 128
-2.60184 2.7904 1.44774 128 128 128
-2.5756 2.83113 1.45228 128 128 128
-2.54627 2.86883 1.45542 128 128 128
-2.50842 2.89703 1.45402 128 128 128
-2.47812 2.93403 1.45716 128 128 128
-2.44849 2.97218 1.461 128 128 128
-2.41066 3.00054 1.4603 128 128 128
-2.36671 3.02104 1.45611 128 128 128
-2.338 3.06103 1.46134 128 128 128
-2.29858 3.08723 1.4603 128 128 128
-2.26713 3.12431 1.46448 128 128 128
-2.23566 3.16184 1.46902 128 128 128
-2.18977 3.17901 1.46448 128 128 128
-2.15687 3.21498 1.46867 128 128 128
-2.12289 3.24983 1.4725 128 128 128
-2.07782 3.26773 1.46902 128 128 128
-2.03756 3.29298 1.46902 128 128 128
-2.00812 3.3362 1.47704 128 128 128
-1.96182 3.3517 1.4732 128 128 128
-1.92518 3.38367 1.47669 128 128 128
-1.8935 3.42508 1.48436 128 128 128
-1.85398 3.45301 1.48645 128 128 128
-1.80627 3.46553 1.48227 128 128 128
-1.76361 3.48743 1.48227 128 128 128
-1.7149 3.49703 1.47739 128 128 128
-1.68715 3.54998 1.49064 128 128 128
-1.63875 3.5602 1.48645 128 128 128
-1.59838 3.58774 1.48959 128 128 128
-1.54903 3.59504 1.48471 128 128 128
-1.50516 3.61464 1.48506 128 128 128
-1.46489 3.64328 1.48924 128 128 128
-0.423025 1.09327 0.464309 128 128 128
-0.407935 1.09399 0.462566 128 128 128
-0.417989 1.16416 0.488372 128 128 128
-1.27086 3.6718 1.4739 128 128 128
-0.372127 1.12249 0.468146 128 128 128
-1.17495 3.68492 1.46727 128 128 128
-1.14005 3.73312 1.48053 128 128 128
-1.09758 3.75852 1.48506 128 128 128
-1.04482 3.74824 1.47599 128 128 128
-1.00766 3.79429 1.48889 128 128 128
-0.966302 3.82727 1.49692 128 128 128
-0.909427 3.79782 1.48122 128 128 128
-0.864827 3.81784 1.48471 128 128 128
-0.815753 3.81808 1.48087 128 128 128
-0.768838 3.82781 1.48087 128 128 128
-0.72389 3.848 1.48506 128 128 128
-0.676453 3.85568 1.48471 128 128 128
-0.628785 3.86184 1.48401 128 128 128
-0.57688 3.8396 1.47285 128 128 128
-0.529463 3.84454 1.47216 128 128 128
-0.484931 3.87213 1.48018 128 128 128
-0.433584 3.84427 1.46762 128 128 128
-0.384403 3.82972 1.4603 128 128 128
-0.337295 3.83321 1.45995 128 128 128
-0.292574 3.8679 1.47146 128 128 128
-0.243181 3.84127 1.4603 128 128 128
-0.196938 3.86175 1.46692 128 128 128
-0.1484 3.83484 1.45611 128 128 128
-0.10153 3.84387 1.4589 128 128 128
-0.0542161 3.83546 1.45542 128 128 128
-0.00714717 3.83677 1.45576 128 128 128
0.0401247 3.85531 1.46274 128 128 128
0.087014 3.83579 1.45576 128 128 128
0.132879 3.79978 1.44286 128 128 128
0.180552 3.82033 1.45123 128 128 128
0.226755 3.8066 1.44705 128 128 128
0.272648 3.79231 1.44286 128 128 128
0.318225 3.77747 1.43868 128 128 128
0.364557 3.77328 1.43868 128 128 128
0.409517 3.75641 1.43414 128 128 128
0.458287 3.77343 1.44251 128 128 128
0.504559 3.76753 1.44251 128 128 128
0.544387 3.71746 1.42612 128 128 128
0.589965 3.7105 1.42612 128 128 128
0.633557 3.6919 1.42194 128 128 128
0.675085 3.66357 1.41427 128 128 128
0.723065 3.67064 1.42019 128 128 128
0.756147 3.60462 1.39857 128 128 128
0.806017 3.62068 1.40834 128 128 128
0.843308 3.58041 1.39683 128 128 128
0.876574 3.52704 1.38044 128 128 128
0.917422 3.50695 1.37695 128 128 128
0.959893 3.49362 1.37625 128 128 128
1.00269 3.48158 1.37625 128 128 128
1.04237 3.45914 1.37242 128 128 128
1.08081 3.43357 1.36753 128 128 128
1.11965 3.41025 1.3637 128 128 128
1.16111 3.39537 1.36335 128 128 128
1.20269 3.38086 1.36335 128 128 128
1.23727 3.34739 1.35603 128 128 128
1.28362 3.34595 1.36161 128 128 128
1.30693 3.28553 1.34382 128 128 128
1.34929 3.27444 1.34591 128 128 128
1.37762 3.23005 1.33475 128 128 128
1.41678 3.21204 1.3344 128 128 128
1.4557 3.19356 1.33406 128 128 128
1.48561 3.15595 1.32604 128 128 128
1.51072 3.10966 1.31453 128 128 128
1.54289 3.07915 1.30964 128 128 128
1.57454 3.04833 1.30476 128 128 128
1.59379 2.99485 1.29046 128 128 128
1.62728 2.96931 1.28802 128 128 128
1.65761 2.9385 1.28349 128 128 128
1.68884 2.90983 1.28 128 128 128
1.72298 2.88647 1.27896 128 128 128
1.75289 2.85632 1.27512 128 128 128
1.78281 2.82667 1.27163 128 128 128
1.81074 2.79435 1.2671 128 128 128
1.83192 2.75241 1.25838 128 128 128
1.84971 2.7065 1.24792 128 128 128
1.89085 2.69511 1.25315 128 128 128
1.89587 2.6329 1.23536 128 128 128
1.89742 2.56797 1.21618 128 128 128
1.9203 2.53328 1.21095 128 128 128
1.92824 2.47992 1.197 128 128 128
1.9597 2.45754 1.1977 128 128 128
1.98615 2.42895 1.19561 128 128 128
2.01641 2.40511 1.19596 128 128 128
2.03784 2.37094 1.19142 128 128 128
2.0612 2.33942 1.18828 128 128 128
2.08222 2.3056 1.1841 128 128 128
2.09763 2.26612 1.17713 128 128 128
2.07499 2.18715 1.14992 128 128 128
2.25089 1.43074 1.02054 128 128 128
1.47369 0.886136 0.667971 128 128 128
1.49658 0.875091 0.673202 128 128 128
1.5235 0.865935 0.680177 128 128 128
2.2081 1.22015 0.966838 128 128 128
2.21465 1.18852 0.96335 128 128 128
2.22824 1.16082 0.963001 128 128 128
2.23563 1.13 0.960212 128 128 128
2.24933 1.10249 0.960212 128 128 128
2.24238 1.06514 0.951842 128 128 128
2.21782 1.02028 0.936498 128 128 128
2.09579 0.933063 0.881746 128 128 128
1.70949 0.735792 0.72063 128 128 128
2.17083 0.903344 0.903019 128 128 128
2.1461 0.862289 0.888721 128 128 128
2.14866 0.832835 0.885582 128 128 128
2.13941 0.799178 0.87791 128 128 128
2.13671 0.768416 0.873028 128 128 128
2.13889 0.739683 0.870238 128 128 128
2.13447 0.70894 0.865007 128 128 128
2.13319 0.679558 0.861171 128 128 128
2.13061 0.65004 0.856986 128 128 128
2.12493 0.6199 0.851755 128 128 128
2.06558 0.575131 0.825948 128 128 128
2.09331 0.55528 0.833969 128 128 128
2.04364 0.515306 0.812348 128 128 128
2.04434 0.488877 0.810255 128 128 128
2.03373 0.46002 0.803978 128 128 128
2.02731 0.432478 0.799444 128 128 128
2.02511 0.406088 0.796655 128 128 128
2.00876 0.377214 0.788634 128 128 128
2.01601 0.353022 0.78968 128 128 128
2.02481 0.32901 0.791423 128 128 128
2.02314 0.3033 0.789331 128 128 128
1.99328 0.273835 0.776777 128 128 128
1.99649 0.249354 0.776777 128 128 128
1.99102 0.223887 0.773638 128 128 128
1.98989 0.199061 0.772243 128 128 128
1.97445 0.17306 0.765617 128 128 128
1.96147 0.147681 0.760037 128 128 128
1.96126 0.123481 0.75934 128 128 128
1.93455 0.0979615 0.748878 128 128 128
1.92062 0.073629 0.743298 128 128 128
1.8811 0.0489758 0.728302 128 128 128
1.86937 0.0257115 0.723769 128 128 128
1.85268 0.00273197 0.717492 128 128 128
1.83851 -0.0198622 0.71226 128 128 128
1.82314 -0.0420874 0.706681 128 128 128
1.81874 -0.0643273 0.705286 128 128 128
1.80845 -0.0862022 0.701798 128 128 128
1.79603 -0.107723 0.697614 128 128 128
1.78616 -0.129154 0.694475 128 128 128
1.77136 -0.149966 0.689593 128 128 128
1.76099 -0.170884 0.686454 128 128 128
1.74293 -0.19076 0.680526 128 128 128
1.71905 -0.209543 0.672505 128 128 128
1.69963 -0.22839 0.666227 128 128 128
1.71618 -0.252074 0.673551 128 128 128
1.67222 -0.266655 0.658206 128 128 128
1.65405 -0.284625 0.652627 128 128 128
1.64121 -0.303206 0.649139 128 128 128
1.63553 -0.322962 0.648442 128 128 128
1.61768 -0.340127 0.643211 128 128 128
1.60058 -0.357107 0.638329 128 128 128
1.59425 -0.376292 0.637631 128 128 128
1.57405 -0.391991 0.631703 128 128 128
1.56458 -0.410093 0.629959 128 128 128
1.5513 -0.42703 0.62682 128 128 128
1.53513 -0.442927 0.622635 128 128 128
0.381063 -1.30814 0.535103 128 128 128
0.335872 -1.334 0.539985 128 128 128
0.30324 -1.34276 0.540334 128 128 128
0.287328 -1.34912 0.54138 128 128 128
0.271305 -1.35531 0.542426 128 128 128
0.255174 -1.3613 0.543472 128 128 128
0.238936 -1.36709 0.544519 128 128 128
0.222444 -1.37177 0.545216 128 128 128
0.206012 -1.37718 0.546262 128 128 128
0.189481 -1.38239 0.547309 128 128 128
0.17297 -1.38833 0.548703 128 128 128
0.155604 -1.38755 0.547657 128 128 128
0.139222 -1.39589 0.550098 128 128 128
0.122247 -1.39936 0.550796 128 128 128
0.105634 -1.40823 0.553586 128 128 128
0.0885828 -1.41316 0.554981 128 128 128
0.0715229 -1.41976 0.557073 128 128 128
0.0542047 -1.42334 0.558119 128 128 128
0.0368344 -1.42764 0.559514 128 128 128
0.019353 -1.4308 0.560561 128 128 128
0.0018018 -1.43468 0.561955 128 128 128
-0.0158417 -1.43834 0.56335 128 128 128
-0.0335957 -1.44272 0.565094 128 128 128
-0.0515569 -1.44969 0.567884 128 128 128
-0.0696503 -1.45551 0.570325 128 128 128
-0.0878387 -1.46016 0.572418 128 128 128
-0.106152 -1.46458 0.57451 128 128 128
-0.124586 -1.46877 0.576602 128 128 128
-0.14314 -1.47273 0.578695 128 128 128
-0.16191 -1.47738 0.581136 128 128 128
-0.180929 -1.48273 0.583926 128 128 128
-0.199855 -1.48597 0.586018 128 128 128
-0.218888 -1.48897 0.588111 128 128 128
-0.238465 -1.4945 0.591249 128 128 128
-0.257103 -1.49331 0.591947 128 128 128
-0.276765 -1.49741 0.594737 128 128 128
-0.297651 -1.50678 0.599619 128 128 128
-0.316695 -1.50577 0.600665 128 128 128
-0.336979 -1.51 0.603804 128 128 128
-0.356127 -1.50849 0.60485 128 128 128
-0.375966 -1.50946 0.606942 128 128 128
-0.395882 -1.51018 0.609035 128 128 128
-0.415376 -1.50882 0.61043 128 128 128
-0.435156 -1.50811 0.612173 128 128 128
-0.45525 -1.50804 0.614266 128 128 128
-0.474565 -1.50503 0.615312 128 128 128
-0.495627 -1.5071 0.618451 128 128 128
-0.517719 -1.51155 0.622635 128 128 128
-0.536229 -1.50508 0.622635 128 128 128
-0.556606 -1.50367 0.624728 128 128 128
-0.577699 -1.50372 0.627518 128 128 128
-0.600261 -1.50697 0.631703 128 128 128
-0.617995 -1.49776 0.631005 128 128 128
-0.637431 -1.49265 0.632051 128 128 128
-0.667792 -1.51216 0.643211 128 128 128
-0.689017 -1.50982 0.645652 128 128 128
-0.710684 -1.50804 0.648442 128 128 128
-0.732819 -1.50679 0.651581 128 128 128
-0.751255 -1.49769 0.651581 128 128 128
-0.78376 -1.51584 0.663089 128 128 128
-0.804062 -1.50942 0.664484 128 128 128
-0.823425 -1.50108 0.665181 128 128 128
-0.857428 -1.51862 0.677038 128 128 128
-0.87835 -1.51204 0.678782 128 128 128
-0.898279 -1.50356 0.679828 128 128 128
-0.919602 -1.49722 0.681921 128 128 128
-0.955893 -1.51437 0.694475 128 128 128
-0.976442 -1.50567 0.69587 128 128 128
-0.996402 -1.49592 0.696916 128 128 128
-1.0205 -1.49209 0.700752 128 128 128
-1.04035 -1.48176 0.701798 128 128 128
-1.05954 -1.4704 0.702496 128 128 128
-1.08308 -1.46483 0.705983 128 128 128
-1.10267 -1.45367 0.707029 128 128 128
-1.13307 -1.45631 0.714702 128 128 128
-1.15436 -1.4467 0.716794 128 128 128
-1.1744 -1.43532 0.718189 128 128 128
-1.19493 -1.4244 0.719933 128 128 128
-1.23919 -1.44091 0.735277 128 128 128
-1.26607 -1.43615 0.740508 128 128 128
-1.28674 -1.42398 0.742252 128 128 128
-1.30857 -1.4129 0.744693 128 128 128
-1.3387 -1.41034 0.751668 128 128 128
-1.3657 -1.40389 0.756899 128 128 128
-1.38878 -1.393 0.760037 128 128 128
-1.41447 -1.38438 0.764571 128 128 128
-1.4388 -1.37405 0.768407 128 128 128
-1.46995 -1.36972 0.77573 128 128 128
-1.49496 -1.35914 0.779915 128 128 128
-1.51573 -1.34443 0.782008 128 128 128
-1.53849 -1.33125 0.785146 128 128 128
-1.57475 -1.32921 0.794911 128 128 128
-1.59962 -1.31694 0.799096 128 128 128
-1.62224 -1.3025 0.802234 128 128 128
-1.63736 -1.28192 0.801886 128 128 128
-1.68201 -1.28392 0.815486 128 128 128
-1.7044 -1.26823 0.818625 128 128 128
-1.72894 -1.25382 0.82281 128 128 128
-1.7549 -1.24009 0.827692 128 128 128
-1.77925 -1.22485 0.831877 128 128 128
-1.81827 -1.21911 0.842688 128 128 128
-1.84878 -1.20697 0.849662 128 128 128
-1.86583 -1.1857 0.850709 128 128 128
-1.89537 -1.17209 0.857335 128 128 128
-1.92728 -1.15938 0.865007 128 128 128
-1.9543 -1.14322 0.870587 128 128 128
-1.97551 -1.12333 0.873725 128 128 128
-2.00637 -1.10853 0.881049 128 128 128
-2.0223 -1.08515 0.882095 128 128 128
-2.04959 -1.06762 0.888023 128 128 128
-2.06755 -1.04493 0.890116 128 128 128
-2.09452 -1.0265 0.896044 128 128 128
-2.11373 -1.00394 0.898834 128 128 128
-2.14547 -0.986948 0.906855 128 128 128
-2.17967 -0.97047 0.915922 128 128 128
-2.20691 -0.95033 0.922199 128 128 128
-2.24436 -0.933994 0.932661 128 128 128
-2.26695 -0.910931 0.937195 128 128 128
-2.29369 -0.88915 0.943472 128 128 128
-2.32549 -0.86882 0.951842 128 128 128
-2.39949 -0.732257 0.961607 128 128 128
-2.48566 -0.725378 0.991598 128 128 128
-2.49527 -0.695072 0.991946 128 128 128
-2.51992 -0.668735 0.998224 128 128 128
-2.54429 -0.641897 1.0045 128 128 128
-2.562 -0.613031 1.00834 128 128 128
-2.5867 -0.585485 1.01496 128 128 128
-2.61476 -0.55821 1.02298 128 128 128
-2.64531 -0.530888 1.03205 128 128 128
-2.66267 -0.500469 1.03624 128 128 128
-2.67785 -0.469379 1.03972 128 128 128
-2.70005 -0.439199 1.046 128 128 128
-2.72285 -0.408684 1.05263 128 128 128
-2.73601 -0.376394 1.05577 128 128 128
-3.01446 0.0477496 1.06298 128 128 128
-3.14279 0.360085 1.11391 128 128 128
-3.125 0.396939 1.10937 128 128 128
-3.11896 0.435126 1.10904 128 128 128
-3.13956 0.477383 1.11813 128 128 128
-3.15213 0.518972 1.12462 128 128 128
-3.1567 0.55961 1.12851 128 128 128
-3.16632 0.601504 1.13435 128 128 128
-3.16704 0.642017 1.13727 128 128 128
-3.17186 0.683639 1.14181 128 128 128
-3.17338 0.724841 1.14538 128 128 128
-3.17435 0.766183 1.14895 128 128 128
-3.17571 0.807892 1.15284 128 128 128
-3.18474 0.851959 1.15965 128 128 128
-3.20045 0.898423 1.16906 128 128 128
-3.2164 0.945668 1.17879 128 128 128
-3.24884 0.99874 1.19469 128 128 128
-3.24084 1.03998 1.19631 128 128 128
-3.08933 1.07551 1.15089 128 128 128
-3.23948 1.17278 1.21059 128 128 128
-3.22838 1.21378 1.21188 128 128 128
-3.21765 1.25503 1.2135 128 128 128
-3.20551 1.29584 1.2148 128 128 128
-3.1885 1.33472 1.21448 128 128 128
-3.18316 1.37864 1.2187 128 128 128
-3.14184 1.40675 1.20961 128 128 128
-3.11576 1.44122 1.20637 128 128 128
-3.15841 1.50836 1.2294 128 128 128
-3.15747 1.5558 1.23621 128 128 128
-3.15162 1.6013 1.2414 128 128 128
-3.14095 1.6447 1.24497 128 128 128
-3.12968 1.68807 1.24854 128 128 128
-3.12774 1.73693 1.256 128 128 128
-3.11604 1.78083 1.2599 128 128 128
-3.10291 1.82421 1.26346 128 128 128
-3.08919 1.86755 1.26703 128 128 128
-3.07327 1.90982 1.26995 128 128 128
-3.06872 1.95963 1.27774 128 128 128
-3.05787 2.00597 1.28325 128 128 128
-3.04087 2.04864 1.2865 128 128 128
-3.02327 2.09119 1.28974 128 128 128
-2.99969 2.12978 1.29072 128 128 128
-2.98097 2.17201 1.29396 128 128 128
-2.92381 2.18574 1.28098 128 128 128
-1.03687 0.791815 0.476439 128 128 128
-1.02336 0.801551 0.474817 128 128 128
-1.00756 0.809291 0.472222 128 128 128
-0.997552 0.821595 0.472222 128 128 128
-0.994603 0.8399 0.475466 128 128 128
-0.981368 0.849557 0.474168 128 128 128
-2.82004 2.51296 1.32445 128 128 128
-2.77364 2.53333 1.31732 128 128 128
-2.75338 2.57753 1.32251 128 128 128
-2.72973 2.61899 1.3264 128 128 128
-2.70412 2.65893 1.32964 128 128 128
-2.67927 2.69998 1.33354 128 128 128
-2.65777 2.7449 1.33938 128 128 128
-2.63167 2.78557 1.34327 128 128 128
-2.59729 2.81766 1.34327 128 128 128
-2.56757 2.85495 1.34587 128 128 128
-2.53359 2.88766 1.34651 128 128 128
-2.51271 2.9358 1.3543 128 128 128
-2.47649 2.96641 1.3543 128 128 128
-2.44229 2.99952 1.3556 128 128 128
-2.40529 3.02926 1.3556 128 128 128
-2.37546 3.06828 1.35981 128 128 128
-2.33649 3.09569 1.35917 128 128 128
-2.30336 3.13099 1.36209 128 128 128
-2.26477 3.15902 1.36209 128 128 128
-2.22583 3.18658 1.36209 128 128 128
-2.18656 3.21365 1.36209 128 128 128
-2.14696 3.24024 1.36209 128 128 128
-2.11113 3.27271 1.36468 128 128 128
-2.07784 3.30959 1.36922 128 128 128
-2.03017 3.32353 1.36468 128 128 128
-1.99985 3.3661 1.37182 128 128 128
-1.95272 3.38055 1.36793 128 128 128
-1.91155 3.40508 1.36825 128 128 128
-1.86917 3.42745 1.36793 128 128 128
-1.82697 3.45013 1.36793 128 128 128
-1.78881 3.48071 1.37117 128 128 128
-1.74722 3.50494 1.37214 128 128 128
-1.69874 3.51504 1.36793 128 128 128
-1.66989 3.56648 1.3796 128 128 128
-1.626 3.5867 1.3796 128 128 128
-1.57731 3.59598 1.37571 128 128 128
-1.52901 3.60549 1.37214 128 128 128
-1.48966 3.63624 1.37668 128 128 128
-1.44631 3.65776 1.37798 128 128 128
-0.417288 1.0863 0.428101 128 128 128
-0.4023 1.0869 0.426479 128 128 128
-1.29718 3.67016 1.36403 128 128 128
-0.410082 1.19858 0.463462 128 128 128
-0.362022 1.10097 0.426479 128 128 128
-1.16066 3.71361 1.36338 128 128 128
-1.11554 3.72939 1.36403 128 128 128
-1.07564 3.76372 1.37149 128 128 128
-1.02318 3.75381 1.36338 128 128 128
-0.976802 3.76517 1.36306 128 128 128
-0.935932 3.79892 1.37084 128 128 128
-0.887103 3.80091 1.3676 128 128 128
-0.844649 3.83091 1.37441 128 128 128
-0.79547 3.8308 1.37084 128 128 128
-0.743901 3.81706 1.36273 128 128 128
-0.697172 3.82683 1.36306 128 128 128
-0.650159 3.83509 1.36306 128 128 128
-0.602902 3.84185 1.36273 128 128 128
-0.555711 3.84896 1.36273 128 128 128
-0.508682 3.85736 1.36338 128 128 128
-0.459974 3.85204 1.35949 128 128 128
-0.413765 3.86775 1.36306 128 128 128
-0.36627 3.87253 1.36306 128 128 128
-0.318721 3.87674 1.36306 128 128 128
-0.270279 3.86809 1.35884 128 128 128
-0.222205 3.86072 1.35527 128 128 128
-0.174769 3.86221 1.35495 128 128 128
-0.12733 3.86312 1.35462 128 128 128
-0.0796917 3.85305 1.35073 128 128 128
-0.0324099 3.85468 1.35106 128 128 128
0.0147928 3.83398 1.34392 128 128 128
0.0617917 3.83067 1.34295 128 128 128
0.108823 3.83057 1.34327 128 128 128
0.155309 3.81666 1.33905 128 128 128
0.201061 3.79463 1.33224 128 128 128
0.248927 3.8117 1.33905 128 128 128
0.29316 3.77629 1.32802 128 128 128
0.340337 3.78183 1.33127 128 128 128
0.383507 3.74632 1.32056 128 128 128
0.429343 3.74039 1.32024 128 128 128
0.473525 3.72171 1.31569 128 128 128
0.519292 3.71655 1.31602 128 128 128
0.562853 3.69681 1.31148 128 128 128
0.601362 3.64857 1.2972 128 128 128
0.649583 3.66047 1.30402 128 128 128
0.692321 3.64107 1.30012 128 128 128
0.728629 3.59152 1.28585 128 128 128
0.774051 3.58878 1.28812 128 128 128
0.815915 3.56979 1.28488 128 128 128
0.859437 3.55859 1.28455 128 128 128
0.908198 3.56794 1.29169 128 128 128
0.940617 3.51451 1.27677 128 128 128
0.972633 3.46355 1.26282 128 128 128
1.02283 3.47766 1.27222 128 128 128
1.06571 3.46575 1.27255 128 128 128
1.10497 3.44251 1.26898 128 128 128
1.14322 3.41703 1.26476 128 128 128
1.17445 3.37239 1.25373 128 128 128
1.2109 3.34439 1.24887 128 128 128
1.2425 3.30449 1.23978 128 128 128
1.27813 3.27667 1.23524 128 128 128
1.31753 3.25898 1.23459 128 128 128
1.34607 3.21553 1.22453 128 128 128
1.38995 3.20918 1.22843 128 128 128
1.40559 3.13925 1.20864 128 128 128
1.44679 3.12777 1.21091 128 128 128
1.48016 3.09954 1.20702 128 128 128
1.50426 3.05316 1.19631 128 128 128
1.54376 3.03869 1.19793 128 128 128
1.57653 3.01114 1.19469 128 128 128
1.60797 2.98158 1.1908 128 128 128
1.63891 2.95171 1.1869 128 128 128
1.66419 2.9125 1.17944 128 128 128
1.68492 2.86659 1.16938 128 128 128
1.71261 2.83357 1.16452 128 128 128
1.74176 2.80351 1.16095 128 128 128
1.77246 2.77634 1.15868 128 128 128
1.78145 2.71645 1.14311 128 128 128
1.8173 2.6983 1.14473 128 128 128
1.84111 2.66258 1.13921 128 128 128
1.85335 2.61128 1.12721 128 128 128
1.88191 2.58375 1.12526 128 128 128
1.9112 2.55744 1.12397 128 128 128
1.92976 2.51729 1.11683 128 128 128
1.94821 2.47782 1.11002 128 128 128
1.97133 2.4449 1.10612 128 128 128
2.00783 2.42853 1.10969 128 128 128
2.02339 2.38713 1.10223 128 128 128
2.00096 2.30293 1.0753 128 128 128
2.03222 2.28173 1.07693 128 128 128
2.05048 2.24615 1.07206 128 128 128
2.07077 2.21323 1.06849 128 128 128
2.06762 2.15629 1.05357 128 128 128
2.08463 2.12132 1.04903 128 128 128
2.10109 2.08626 1.04449 128 128 128
2.11565 2.0498 1.0393 128 128 128
2.13445 2.01785 1.03638 128 128 128
2.16045 1.99278 1.03702 128 128 128
2.1608 1.94464 1.02599 128 128 128
1.50768 1.32542 0.717478 128 128 128
1.52383 1.30682 0.717478 128 128 128
1.54411 1.29166 0.719424 128 128 128
2.12 1.72772 0.966951 128 128 128
2.19294 1.74269 0.98966 128 128 128
2.17748 1.68731 0.973764 128 128 128
2.19047 1.65477 0.97052 128 128 128
2.21138 1.62833 0.970844 128 128 128
2.21657 1.59061 0.96468 128 128 128
2.253 1.57519 0.971817 128 128 128
2.21424 1.50811 0.947811 128 128 128
2.22312 1.47456 0.943918 128 128 128
2.17105 1.40212 0.915369 128 128 128
1.48905 0.93753 0.632482 128 128 128
1.49479 0.915741 0.630211 128 128 128
1.46523 0.873214 0.61399 128 128 128
1.46764 0.850445 0.610746 128 128 128
1.47714 0.831908 0.610421 128 128 128
1.50552 0.823663 0.617558 128 128 128
2.19552 1.1643 0.881306 128 128 128
2.21132 1.13813 0.881955 128 128 128
2.21581 1.10627 0.878386 128 128 128
2.2045 1.06709 0.868978 128 128 128
2.21143 1.03715 0.866707 128 128 128
2.20503 1.00137 0.85957 128 128 128
2.19549 0.964756 0.85146 128 128 128
2.18625 0.9289 0.843674 128 128 128
2.1502 0.882687 0.826156 128 128 128
2.14855 0.851377 0.821614 128 128 128
2.10932 0.806127 0.803447 128 128 128
2.10928 0.776605 0.799878 128 128 128
2.11687 0.750033 0.79923 128 128 128
2.12233 0.722786 0.797932 128 128 128
2.12474 0.694642 0.795661 128 128 128
2.15027 0.673859 0.801825 128 128 128
2.15475 0.646341 0.800527 128 128 128
2.13613 0.61234 0.791119 128 128 128
2.1161 0.578646 0.781387 128 128 128
2.10472 0.547903 0.774899 128 128 128
2.05433 0.508065 0.754785 128 128 128
2.04843 0.480034 0.750568 128 128 128
2.02922 0.449388 0.741809 128 128 128
2.02995 0.423496 0.740187 128 128 128
2.02014 0.395674 0.734996 128 128 128
2.01367 0.368831 0.731103 128 128 128
2.01991 0.344407 0.731752 128 128 128
2.00343 0.316389 0.724615 128 128 128
2.00435 0.291377 0.723641 128 128 128
1.99652 0.265287 0.719749 128 128 128
1.98929 0.239544 0.71618 128 128 128
1.98173 0.214018 0.712611 128 128 128
1.97856 0.189155 0.710665 128 128 128
1.95905 0.163101 0.703203 128 128 128
1.90428 0.135152 0.683739 128 128 128
1.90485 0.11172 0.683414 128 128 128
1.86261 0.0864153 0.668491 128 128 128
1.85218 0.0631899 0.664598 128 128 128
1.84052 0.0402148 0.660381 128 128 128
1.8352 0.0175841 0.658435 128 128 128
1.82677 -0.00489606 0.655515 128 128 128
1.82373 -0.0272641 0.654542 128 128 128
1.81759 -0.0494748 0.652595 128 128 128
1.81684 -0.0717757 0.652595 128 128 128
1.81488 -0.0940147 0.652271 128 128 128
1.79283 -0.114901 0.645134 128 128 128
1.77902 -0.135928 0.640916 128 128 128
1.76686 -0.156805 0.637348 128 128 128
1.77139 -0.179157 0.639619 128 128 128
1.75308 -0.19903 0.634104 128 128 128
1.74488 -0.219805 0.632157 128 128 128
1.73268 -0.239882 0.628913 128 128 128
1.71371 -0.258688 0.623398 128 128 128
1.70015 -0.277995 0.619829 128 128 128
1.67053 -0.294181 0.610746 128 128 128
1.64264 -0.310038 0.602311 128 128 128
1.63408 -0.329227 0.600689 128 128 128
1.62345 -0.347852 0.598418 128 128 128
1.61721 -0.367324 0.597769 128 128 128
1.58409 -0.380226 0.587713 128 128 128
1.58113 -0.400105 0.588361 128 128 128
1.56058 -0.415303 0.582846 128 128 128
1.5499 -0.432882 0.5809 128 128 128
1.5354 -0.44919 0.577656 128 128 128
1.51983 -0.464928 0.574087 128 128 128
1.51311 -0.483253 0.573763 128 128 128
1.50617 -0.501484 0.573438 128 128 128
1.49544 -0.518369 0.571816 128 128 128
1.47474 -0.531512 0.566626 128 128 128
1.4681 -0.549569 0.566626 128 128 128
1.45684 -0.56582 0.565004 128 128 128
1.42612 -0.574055 0.556244 128 128 128
1.41897 -0.591512 0.556244 128 128 128
1.41161 -0.608881 0.556244 128 128 128
1.41093 -0.629258 0.55884 128 128 128
1.39452 -0.642544 0.555596 128 128 128
1.37715 -0.655113 0.552027 128 128 128
1.36816 -0.671544 0.551703 128 128 128
1.35476 -0.685707 0.549756 128 128 128
1.34373 -0.700961 0.548783 128 128 128
1.33003 -0.714697 0.546837 128 128 128
1.3162 -0.728204 0.54489 128 128 128
1.30224 -0.741479 0.542944 128 128 128
1.28571 -0.753081 0.540024 128 128 128
1.26909 -0.764389 0.537104 128 128 128
1.25239 -0.775404 0.534184 128 128 128
1.23561 -0.786124 0.531265 128 128 128
1.22745 -0.802268 0.531914 128 128 128
1.22771 -0.824152 0.536131 128 128 128
1.18641 -0.817597 0.523154 128 128 128
1.18091 -0.835385 0.525101 128 128 128
1.17286 -0.851488 0.526074 128 128 128
1.15929 -0.863547 0.524776 128 128 128
1.14411 -0.87425 0.52283 128 128 128
1.10804 -0.868313 0.5118 128 128 128
1.09583 -0.880655 0.511151 128 128 128
1.08203 -0.891622 0.509853 128 128 128
1.06884 -0.902995 0.50888 128 128 128
1.05839 -0.916665 0.509205 128 128 128
1.04777 -0.930214 0.509529 128 128 128
1.03558 -0.942363 0.509205 128 128 128
1.02325 -0.954353 0.50888 128 128 128
1.01009 -0.965527 0.508231 128 128 128
0.996149 -0.975858 0.507258 128 128 128
0.982102 -0.985992 0.506285 128 128 128
0.967956 -0.995929 0.505312 128 128 128
0.955662 -1.00773 0.505312 128 128 128
0.943224 -1.01938 0.505312 128 128 128
0.931275 -1.03159 0.505636 128 128 128
0.300405 -1.35013 0.503365 128 128 128
0.26754 -1.35895 0.504014 128 128 128
0.250507 -1.36027 0.503365 128 128 128
0.234267 -1.36604 0.504339 128 128 128
0.21836 -1.37442 0.506285 128 128 128
0.202014 -1.38074 0.507583 128 128 128
0.1853 -1.38499 0.508231 128 128 128
0.168512 -1.38904 0.50888 128 128 128
0.151653 -1.39288 0.509529 128 128 128
0.134725 -1.39652 0.510178 128 128 128
0.117807 -1.4009 0.511151 128 128 128
0.100867 -1.40601 0.512449 128 128 128
0.0836586 -1.40809 0.512773 128 128 128
0.0667069 -1.41657 0.515369 128 128 128
0.0491375 -1.41161 0.513422 128 128 128
0.0319224 -1.41778 0.515369 128 128 128
0.0145356 -1.41996 0.516017 128 128 128
-0.00292324 -1.42665 0.518288 128 128 128
-0.0204465 -1.42745 0.518613 128 128 128
-0.038185 -1.43466 0.521208 128 128 128
-0.0561429 -1.44259 0.524128 128 128 128
-0.0743522 -1.45124 0.527372 128 128 128
-0.0928447 -1.4606 0.53094 128 128 128
-0.111207 -1.46501 0.532887 128 128 128
-0.129777 -1.47012 0.535158 128 128 128
-0.148392 -1.47407 0.537104 128 128 128
-0.167123 -1.47777 0.539051 128 128 128
-0.185847 -1.4803 0.540673 128 128 128
-0.204395 -1.48072 0.541646 128 128 128
-0.223267 -1.48277 0.543268 128 128 128
-0.24253 -1.48645 0.545539 128 128 128
-0.262084 -1.49082 0.548134 128 128 128
-0.28178 -1.49492 0.550729 128 128 128
-0.302184 -1.50154 0.554298 128 128 128
-0.321991 -1.50419 0.556569 128 128 128
-0.342332 -1.50843 0.559489 128 128 128
-0.361932 -1.50871 0.561111 128 128 128
-0.382763 -1.51332 0.564355 128 128 128
-0.402778 -1.51399 0.566301 128 128 128
-0.423124 -1.5153 0.568572 128 128 128
-0.443027 -1.51453 0.570194 128 128 128
-0.463254 -1.51441 0.572141 128 128 128
-0.483544 -1.51401 0.574087 128 128 128
-0.504194 -1.51424 0.576358 128 128 128
-0.524299 -1.5124 0.57798 128 128 128
-0.54508 -1.51208 0.580251 128 128 128
-0.565265 -1.5097 0.581873 128 128 128
-0.586851 -1.51058 0.584793 128 128 128
-0.606055 -1.50501 0.585442 128 128 128
-0.626676 -1.5027 0.587388 128 128 128
-0.646954 -1.49923 0.58901 128 128 128
-0.667241 -1.49549 0.590632 128 128 128
-0.690321 -1.49749 0.594525 128 128 128
-0.718453 -1.50938 0.602311 128 128 128
-0.738178 -1.50299 0.603284 128 128 128
-0.761291 -1.50309 0.606853 128 128 128
-0.784956 -1.50369 0.610746 128 128 128
-0.807399 -1.50143 0.613666 128 128 128
-0.834507 -1.50711 0.619829 128 128 128
-0.862344 -1.51317 0.626318 128 128 128
-0.885171 -1.50981 0.629237 128 128 128
-0.908045 -1.50611 0.632157 128 128 128
-0.931461 -1.50288 0.635401 128 128 128
-0.953913 -1.49771 0.637996 128 128 128
-0.982615 -1.5017 0.644485 128 128 128
-1.01103 -1.50442 0.650649 128 128 128
-1.03211 -1.49579 0.652271 128 128 128
-1.05587 -1.49072 0.655515 128 128 128
-1.07241 -1.47536 0.654542 128 128 128
-1.09724 -1.47117 0.658435 128 128 128
-1.11752 -1.46059 0.659732 128 128 128
-1.14121 -1.4542 0.662976 128 128 128
-1.16671 -1.44965 0.667194 128 128 128
-1.19527 -1.44833 0.673033 128 128 128
-1.22214 -1.44436 0.677899 128 128 128
-1.2522 -1.44352 0.684388 128 128 128
-1.27613 -1.4351 0.687632 128 128 128
-1.29875 -1.42492 0.690227 128 128 128
-1.32261 -1.41577 0.693471 128 128 128
-1.3589 -1.41921 0.702879 128 128 128
-1.37289 -1.39905 0.701257 128 128 128
-1.40004 -1.39209 0.706123 128 128 128
-1.44355 -1.40043 0.718775 128 128 128
-1.46544 -1.38715 0.721046 128 128 128
-1.48723 -1.37355 0.723317 128 128 128
-1.52227 -1.37162 0.731752 128 128 128
-1.5454 -1.35845 0.734672 128 128 128
-1.56195 -1.33938 0.734672 128 128 128
-1.58045 -1.32193 0.735645 128 128 128
-1.60903 -1.31257 0.74116 128 128 128
-1.63688 -1.30213 0.74635 128 128 128
-1.65798 -1.28599 0.748621 128 128 128
-1.6827 -1.27238 0.752514 128 128 128
-1.72183 -1.26898 0.762571 128 128 128
-1.74573 -1.25381 0.76614 128 128 128
-1.76487 -1.235 0.767762 128 128 128
-1.81198 -1.23503 0.781063 128 128 128
-1.83883 -1.22053 0.785929 128 128 128
-1.86242 -1.2035 0.789497 128 128 128
-1.88346 -1.18457 0.792093 128 128 128
-1.92451 -1.17761 0.802798 128 128 128
-1.94452 -1.15728 0.805069 128 128 128
-1.97005 -1.13995 0.809611 128 128 128
-1.99544 -1.12216 0.814153 128 128 128
-2.01986 -1.10346 0.81837 128 128 128
-2.04162 -1.08301 0.821614 128 128 128
-2.06149 -1.06132 0.824209 128 128 128
-2.08367 -1.04058 0.827778 128 128 128
-2.10907 -1.02109 0.832644 128 128 128
-2.15058 -1.00874 0.843674 128 128 128
-2.16883 -0.985001 0.845945 128 128 128
-2.20155 -0.967409 0.853731 128 128 128
-2.24201 -0.952477 0.864437 128 128 128
-2.26491 -0.929542 0.868654 128 128 128
-2.28671 -0.905841 0.872547 128 128 128
-2.31887 -0.885777 0.880333 128 128 128
-2.33223 -0.858229 0.881306 128 128 128
-2.35776 -0.834887 0.886821 128 128 128
-2.3947 -0.81499 0.896553 128 128 128
-2.41172 -0.787881 0.899149 128 128 128
-2.43024 -0.761038 0.902393 128 128 128
-2.4539 -0.73548 0.907583 128 128 128
-2.48185 -0.71075 0.914396 128 128 128
-2.50955 -0.685444 0.921209 128 128 128
-2.58901 -0.639196 0.943593 128 128 128
-2.45108 -0.573562 0.892336 128 128 128
-2.63533 -0.582358 0.954623 128 128 128
-2.61078 -0.543469 0.943593 128 128 128
-2.63304 -0.514449 0.949108 128 128 128
-2.66987 -0.487661 0.959814 128 128 128
-2.69804 -0.458632 0.9676 128 128 128
-2.71935 -0.427964 0.973115 128 128 128
-2.73751 -0.39644 0.977657 128 128 128
-2.75436 -0.364411 0.981874 128 128 128
-2.77366 -0.332362 0.987065 128 128 128
-2.78317 -0.298898 0.989011 128 128 128
-2.81488 -0.267364 0.998743 128 128 128
-2.87735 -0.237621 1.01918 128 128 128
-3.14183 0.111744 1.02389 128 128 128
-3.18022 0.152188 1.03655 128 128 128
-3.20666 0.192908 1.0456 128 128 128
-3.13826 0.266253 1.0257 128 128 128
-3.14045 0.305295 1.02751 128 128 128
-3.145 0.344742 1.03022 128 128 128
-3.15094 0.384576 1.03354 128 128 128
-3.15732 0.424734 1.03716 128 128 128
-3.17169 0.466352 1.04349 128 128 128
-3.18079 0.507636 1.04831 128 128 128
-3.18466 0.548406 1.05163 128 128 128
-3.19456 0.590558 1.05706 128 128 128
-3.1955 0.631376 1.05977 128 128 128
-3.1987 0.672893 1.06339 128 128 128
-3.2144 0.717485 1.07123 128 128 128
-3.23469 0.805819 1.08389 128 128 128
-3.23931 0.849315 1.08872 128 128 128
-3.25531 0.896332 1.09746 128 128 128
-3.26422 0.94202 1.1041 128 128 128
-3.25241 0.982006 1.1041 128 128 128
-3.2574 1.02729 1.10983 128 128 128
-3.24545 1.06748 1.11013 128 128 128
-3.25647 1.11556 1.11827 128 128 128
-3.24073 1.1548 1.11767 128 128 128
-3.25225 1.20407 1.12641 128 128 128
-3.24969 1.24867 1.13063 128 128 128
-3.24299 1.29198 1.13365 128 128 128
-3.22424 1.33059 1.13274 128 128 128
-3.22083 1.37567 1.13727 128 128 128
-3.18277 1.40585 1.13003 128 128 128
-2.57709 1.17661 0.925586 128 128 128
-3.19389 1.50547 1.14631 128 128 128
-3.18975 1.55164 1.15144 128 128 128
-3.17985 1.59536 1.15475 128 128 128
-3.18713 1.64827 1.1644 128 128 128
-3.17929 1.69398 1.16893 128 128 128
-3.1683 1.73836 1.17255 128 128 128
-3.15503 1.7818 1.17556 128 128 128
-3.14447 1.82708 1.17978 128 128 128
-3.13082 1.87091 1.1831 128 128 128
-3.12225 1.91817 1.18853 128 128 128
-3.10573 1.96092 1.19124 128 128 128
-3.08864 2.00355 1.19395 128 128 128
-3.07334 2.04764 1.19757 128 128 128
-3.05664 2.09112 1.20089 128 128 128
-3.03777 2.1334 1.2036 128 128 128
-3.01059 2.16996 1.2033 128 128 128
-1.06064 0.785538 0.447046 128 128 128
-1.03116 0.783518 0.439206 128 128 128
-1.0162 0.792016 0.437095 128 128 128
-1.01088 0.807993 0.438904 128 128 128
-1.00384 0.822752 0.44011 128 128 128
-1.01924 0.85645 0.450664 128 128 128
-0.991297 0.853976 0.443427 128 128 128
-2.84993 2.51323 1.23135 128 128 128
-2.82453 2.55312 1.23376 128 128 128
-2.80069 2.59472 1.23707 128 128 128
-2.76725 2.62758 1.23647 128 128 128
-2.74984 2.67596 1.24311 128 128 128
-2.71747 2.71018 1.24341 128 128 128
-2.69734 2.75695 1.24944 128 128 128
-2.66067 2.78708 1.24823 128 128 128
-2.63407 2.82789 1.25185 128 128 128
-2.61264 2.87482 1.25818 128 128 128
-2.57147 2.90024 1.25547 128 128 128
-2.54318 2.94023 1.25909 128 128 128
-2.50691 2.97122 1.25909 128 128 128
-2.47692 3.00985 1.2624 128 128 128
-2.4398 3.04002 1.2624 128 128 128
-2.40172 3.06898 1.2621 128 128 128
-2.36967 3.1058 1.26512 128 128 128
-2.33138 3.13465 1.26512 128 128 128
-2.29273 3.16302 1.26512 128 128 128
-2.2543 3.1917 1.26542 128 128 128
-2.22037 3.22697 1.26843 128 128 128
-2.18166 3.25556 1.26904 128 128 128
-2.1405 3.28049 1.26843 128 128 128
-2.09906 3.3049 1.26783 128 128 128
-2.05935 3.33204 1.26843 128 128 128
-2.02322 3.36523 1.27145 128 128 128
-1.98177 3.3898 1.27145 128 128 128
-1.93908 3.41221 1.27085 128 128 128
-1.89707 3.43575 1.27085 128 128 128
-1.85702 3.46297 1.27235 128 128 128
-1.80865 3.4745 1.26843 128 128 128
-1.78007 3.52452 1.27839 128 128 128
-1.73291 3.53839 1.27567 128 128 128
-1.67954 3.53872 1.26843 128 128 128
-1.64954 3.58851 1.27869 128 128 128
-1.59103 3.57626 1.26753 128 128 128
-1.54853 3.59902 1.26874 128 128 128
-1.49875 3.60454 1.26421 128 128 128
-0.432939 1.08097 0.397895 128 128 128
-0.417229 1.07998 0.395784 128 128 128
-1.35105 3.61975 1.25155 128 128 128
-1.31943 3.67195 1.26361 128 128 128
-0.388416 1.12704 0.406639 128 128 128
-1.22952 3.70503 1.26421 128 128 128
-1.18744 3.73074 1.26783 128 128 128
-1.14491 3.75598 1.27145 128 128 128
-1.09499 3.75693 1.26723 128 128 128
-1.0488 3.77008 1.26723 128 128 128
-1.0027 3.78359 1.26753 128 128 128
-0.958531 3.80486 1.27055 128 128 128
-0.907108 3.79686 1.26421 128 128 128
-0.862762 3.81794 1.26753 128 128 128
-0.813257 3.81611 1.26361 128 128 128
-0.766366 3.82581 1.26361 128 128 128
-0.71936 3.83492 1.26361 128 128 128
-0.6706 3.83407 1.26059 128 128 128
-0.624877 3.85048 1.26331 128 128 128
-0.576022 3.84749 1.25999 128 128 128
-0.527465 3.84482 1.25698 128 128 128
-0.480125 3.85006 1.25667 128 128 128
-0.432736 3.85471 1.25637 128 128 128
-0.386541 3.87112 1.25999 128 128 128
-0.337088 3.85372 1.25306 128 128 128
-0.2897 3.85662 1.25275 128 128 128
-0.241691 3.84942 1.24944 128 128 128
-0.194967 3.86257 1.25275 128 128 128
-0.147516 3.86372 1.25245 128 128 128
-0.0998156 3.85475 1.24914 128 128 128
-0.0522246 3.83566 1.2428 128 128 128
-0.00519981 3.86462 1.25185 128 128 128
0.0418928 3.83293 1.2419 128 128 128
0.0886861 3.82164 1.23858 128 128 128
0.135543 3.81931 1.23828 128 128 128
0.181363 3.79546 1.23135 128 128 128
0.227244 3.78153 1.22773 128 128 128
0.272741 3.76609 1.22381 128 128 128
0.321582 3.79381 1.23376 128 128 128
0.363154 3.73833 1.21747 128 128 128
0.40776 3.72222 1.21386 128 128 128
0.450414 3.69233 1.20602 128 128 128
0.499746 3.71676 1.21567 128 128 128
0.542276 3.6896 1.20903 128 128 128
0.580918 3.64123 1.19576 128 128 128
0.625558 3.63383 1.19576 128 128 128
0.668029 3.61463 1.19215 128 128 128
0.712335 3.60616 1.19215 128 128 128
0.753597 3.58315 1.18762 128 128 128
0.797511 3.57363 1.18762 128 128 128
0.83868 3.55244 1.184 128 128 128
0.88198 3.54095 1.1837 128 128 128
0.920055 3.50957 1.17707 128 128 128
0.961285 3.49158 1.17496 128 128 128
0.999308 3.46303 1.16953 128 128 128
1.04145 3.44959 1.16923 128 128 128
1.07741 3.41655 1.1626 128 128 128
1.11776 3.39854 1.16109 128 128 128
1.15599 3.37464 1.15777 128 128 128
1.17781 3.30541 1.13938 128 128 128
1.22986 3.32201 1.14993 128 128 128
1.24765 3.24702 1.12973 128 128 128
1.29621 3.25362 1.13727 128 128 128
1.31533 3.18722 1.12008 128 128 128
1.35733 3.17785 1.12249 128 128 128
1.39238 3.15224 1.11947 128 128 128
1.42938 3.13144 1.11827 128 128 128
1.45957 3.09641 1.11224 128 128 128
1.49204 3.06712 1.10832 128 128 128
1.53299 3.0554 1.11073 128 128 128
1.55899 3.01433 1.10289 128 128 128
1.59183 2.9874 1.10018 128 128 128
1.62195 2.95594 1.09596 128 128 128
1.65623 2.93249 1.09475 128 128 128
1.67151 2.87649 1.08178 128 128 128
1.69348 2.83365 1.07364 128 128 128
1.72164 2.8021 1.06972 128 128 128
1.73606 2.74931 1.05796 128 128 128
1.76085 2.71419 1.05284 128 128 128
1.78452 2.6781 1.04741 128 128 128
1.81671 2.65521 1.04711 128 128 128
1.84149 2.62179 1.04288 128 128 128
1.86349 2.58507 1.03746 128 128 128
1.88487 2.5482 1.03203 128 128 128
1.916 2.52488 1.03203 128 128 128
1.88948 2.42742 1.00248 128 128 128
1.93161 2.4197 1.00881 128 128 128
1.98591 2.42608 1.02117 128 128 128
1.98306 2.3628 1.00519 128 128 128
1.98829 2.31081 0.993734 128 128 128
2.00704 2.27551 0.989211 128 128 128
2.0297 2.24505 0.986798 128 128 128
2.03961 2.20108 0.978657 128 128 128
2.06056 2.16966 0.975943 128 128 128
2.07905 2.13601 0.972325 128 128 128
2.08896 2.09413 0.965088 128 128 128
2.11109 2.065 0.96358 128 128 128
2.12042 2.02379 0.956645 128 128 128
2.15207 2.00412 0.95966 128 128 128
2.1377 1.94227 0.943075 128 128 128
1.48456 1.31537 0.656916 128 128 128
1.46646 1.20589 0.630079 128 128 128
2.10139 1.64395 0.87342 128 128 128
1.48748 1.07731 0.610479 128 128 128
1.48969 1.05127 0.606258 128 128 128
1.47892 1.01669 0.597211 128 128 128
1.48337 0.993152 0.594196 128 128 128
1.52578 0.994683 0.605654 128 128 128
2.22264 1.41114 0.862263 128 128 128
1.44999 0.895248 0.568565 128 128 128
1.47067 0.883286 0.572184 128 128 128
1.49292 0.871913 0.576405 128 128 128
1.5176 0.86154 0.581531 128 128 128
1.54975 0.854842 0.589371 128 128 128
1.58281 0.847934 0.597513 128 128 128
1.60663 0.835495 0.602338 128 128 128
2.10944 1.06476 0.776928 128 128 128
2.10694 1.03124 0.7715 128 128 128
2.11771 1.00449 0.770897 128 128 128
2.10736 0.968067 0.763057 128 128 128
2.1095 0.937867 0.75974 128 128 128
2.12347 0.913041 0.760645 128 128 128
2.11867 0.880319 0.755217 128 128 128
2.11959 0.850343 0.7519 128 128 128
2.12986 0.824268 0.7519 128 128 128
2.13982 0.798069 0.7519 128 128 128
2.14676 0.770782 0.750996 128 128 128
2.14975 0.742198 0.748885 128 128 128
2.14512 0.711252 0.744362 128 128 128
2.13824 0.679954 0.739236 128 128 128
2.11086 0.642808 0.727476 128 128 128
2.02981 0.590946 0.698227 128 128 128
2.04334 0.567784 0.700337 128 128 128
2.05384 0.543644 0.701544 128 128 128
2.04834 0.515368 0.697624 128 128 128
2.0304 0.484424 0.689784 128 128 128
2.02224 0.456314 0.68526 128 128 128
2.0165 0.429075 0.681642 128 128 128
2.01133 0.402233 0.678325 128 128 128
2.00299 0.375055 0.674104 128 128 128
1.99899 0.348966 0.67139 128 128 128
1.98901 0.322113 0.666867 128 128 128
1.97867 0.295558 0.662344 128 128 128
1.97931 0.270864 0.661439 128 128 128
1.93708 0.240875 0.646965 128 128 128
1.90578 0.213245 0.63611 128 128 128
1.9111 0.190127 0.637014 128 128 128
1.89714 0.165243 0.631888 128 128 128
1.88762 0.141088 0.62827 128 128 128
1.89301 0.118154 0.629476 128 128 128
1.85337 0.0928337 0.61651 128 128 128
1.86009 0.0703033 0.618319 128 128 128
1.84556 0.0470715 0.613494 128 128 128
1.80882 0.0239005 0.601734 128 128 128
1.8147 0.00171146 0.603544 128 128 128
1.81553 -0.0205679 0.603845 128 128 128
1.80847 -0.0426933 0.601734 128 128 128
1.79638 -0.0644811 0.598116 128 128 128
1.78879 -0.0862045 0.596005 128 128 128
1.78093 -0.107751 0.593894 128 128 128
1.77377 -0.129187 0.592085 128 128 128
1.7597 -0.149901 0.588165 128 128 128
1.75583 -0.171301 0.587562 128 128 128
1.74222 -0.191593 0.583944 128 128 128
1.71986 -0.210541 0.577611 128 128 128
1.70959 -0.230617 0.575199 128 128 128
1.69437 -0.249781 0.571279 128 128 128
1.68082 -0.268906 0.567962 128 128 128
1.65766 -0.286122 0.56163 128 128 128
1.64652 -0.305059 0.559218 128 128 128
1.62955 -0.32266 0.554996 128 128 128
1.61334 -0.340086 0.551076 128 128 128
1.60067 -0.357993 0.548362 128 128 128
1.58966 -0.376078 0.546251 128 128 128
1.57752 -0.393716 0.543839 128 128 128
1.56612 -0.411355 0.541728 128 128 128
1.54992 -0.42751 0.53811 128 128 128
1.53906 -0.444914 0.536301 128 128 128
1.52709 -0.46184 0.53419 128 128 128
1.51222 -0.477681 0.531175 128 128 128
1.49537 -0.492632 0.527556 128 128 128
1.47749 -0.506933 0.523636 128 128 128
1.46397 -0.522469 0.521224 128 128 128
1.44097 -0.59549 0.522731 128 128 128
1.43093 -0.612005 0.521827 128 128 128
1.42157 -0.628749 0.521224 128 128 128
1.41114 -0.64496 0.520319 128 128 128
1.34561 -0.696793 0.508861 128 128 128
0.305396 -1.35548 0.469058 128 128 128
0.288739 -1.35913 0.469058 128 128 128
0.272038 -1.36257 0.469058 128 128 128
0.255297 -1.3658 0.469058 128 128 128
0.239176 -1.37259 0.470264 128 128 128
0.222467 -1.37636 0.470565 128 128 128
0.205702 -1.37993 0.470867 128 128 128
0.189402 -1.38707 0.472375 128 128 128
0.172721 -1.39213 0.473279 128 128 128
0.155945 -1.39699 0.474184 128 128 128
0.13898 -1.40069 0.474787 128 128 128
0.122115 -1.40609 0.475993 128 128 128
0.104922 -1.40844 0.476295 128 128 128
0.087931 -1.41438 0.477802 128 128 128
0.070713 -1.41821 0.478707 128 128 128
0.053451 -1.42278 0.479913 128 128 128
0.0361124 -1.42809 0.481421 128 128 128
0.018638 -1.43224 0.482627 128 128 128
0.00106733 -1.43618 0.483833 128 128 128
-0.0166475 -1.44466 0.486547 128 128 128
-0.0343963 -1.4453 0.486849 128 128 128
-0.0522971 -1.44954 0.488356 128 128 128
-0.0703522 -1.4545 0.490165 128 128 128
-0.0882527 -1.45448 0.490467 128 128 128
-0.106574 -1.45994 0.492578 128 128 128
-0.124723 -1.46137 0.493482 128 128 128
-0.143198 -1.46543 0.495292 128 128 128
-0.161894 -1.47019 0.497402 128 128 128
-0.18096 -1.47662 0.500116 128 128 128
-0.200587 -1.48562 0.503735 128 128 128
-0.219632 -1.48871 0.505544 128 128 128
-0.239233 -1.49438 0.508258 128 128 128
-0.258522 -1.49697 0.510067 128 128 128
-0.278256 -1.50118 0.512479 128 128 128
-0.298501 -1.50701 0.515495 128 128 128
-0.318539 -1.5107 0.517907 128 128 128
-0.337883 -1.5104 0.519113 128 128 128
-0.358798 -1.51635 0.52243 128 128 128
-0.377609 -1.51276 0.522731 128 128 128
-0.397593 -1.51354 0.524541 128 128 128
-0.418664 -1.51774 0.527556 128 128 128
-0.439106 -1.5189 0.529667 128 128 128
-0.459639 -1.51979 0.531778 128 128 128
-0.479972 -1.51949 0.533587 128 128 128
-0.500666 -1.51983 0.535698 128 128 128
-0.521748 -1.52079 0.53811 128 128 128
-0.542609 -1.52056 0.540221 128 128 128
-0.563542 -1.52004 0.542331 128 128 128
-0.583519 -1.51658 0.543538 128 128 128
-0.603849 -1.51373 0.545045 128 128 128
-0.623833 -1.50973 0.546251 128 128 128
-0.644557 -1.50722 0.548061 128 128 128
-0.664929 -1.50356 0.549568 128 128 128
-0.686099 -1.50136 0.551679 128 128 128
-0.70894 -1.50232 0.554996 128 128 128
-0.73524 -1.5098 0.560725 128 128 128
-0.757557 -1.50833 0.563439 128 128 128
-0.779074 -1.50485 0.56555 128 128 128
-0.803754 -1.50696 0.569771 128 128 128
-0.828603 -1.50869 0.573993 128 128 128
-0.85502 -1.51253 0.579119 128 128 128
-0.879261 -1.51181 0.582738 128 128 128
-0.902146 -1.50828 0.585451 128 128 128
-0.922582 -1.50034 0.586658 128 128 128
-0.94245 -1.49133 0.587562 128 128 128
-0.970015 -1.49405 0.59299 128 128 128
-1.00043 -1.50029 0.599925 128 128 128
-1.02414 -1.49577 0.602941 128 128 128
-1.04845 -1.49168 0.606258 128 128 128
-1.07225 -1.48644 0.609273 128 128 128
-1.09494 -1.4793 0.611685 128 128 128
-1.11877 -1.47335 0.614701 128 128 128
-1.14672 -1.47231 0.619827 128 128 128
-1.16708 -1.4611 0.621033 128 128 128
-1.18733 -1.44962 0.622239 128 128 128
-1.2081 -1.4386 0.623747 128 128 128
-1.23685 -1.43668 0.629174 128 128 128
-1.2651 -1.43355 0.634301 128 128 128
-1.29346 -1.42995 0.639427 128 128 128
-1.31868 -1.42237 0.643045 128 128 128
-1.35441 -1.42544 0.651488 128 128 128
-1.3738 -1.41076 0.652393 128 128 128
-1.40043 -1.40325 0.656614 128 128 128
-1.42845 -1.39664 0.661439 128 128 128
-1.45582 -1.38888 0.665962 128 128 128
-1.48531 -1.38261 0.67139 128 128 128
-1.50851 -1.37006 0.674104 128 128 128
-1.53733 -1.3622 0.67923 128 128 128
-1.56691 -1.35446 0.684657 128 128 128
-1.5856 -1.33698 0.685562 128 128 128
-1.61293 -1.32651 0.690085 128 128 128
-1.63652 -1.31259 0.6931 128 128 128
-1.66076 -1.29887 0.696417 128 128 128
-1.68794 -1.28707 0.70094 128 128 128
-1.71355 -1.27366 0.70486 128 128 128
-1.74294 -1.26262 0.710288 128 128 128
-1.76843 -1.24829 0.714208 128 128 128
-1.80167 -1.23893 0.721143 128 128 128
-1.82624 -1.2231 0.724762 128 128 128
-1.85229 -1.2079 0.728983 128 128 128
-1.88629 -1.19735 0.73622 128 128 128
-1.91625 -1.18364 0.74195 128 128 128
-1.93716 -1.16397 0.744362 128 128 128
-1.97681 -1.15504 0.75371 128 128 128
-2.01239 -1.14295 0.76155 128 128 128
-2.0321 -1.12139 0.76366 128 128 128
-2.05411 -1.10088 0.766676 128 128 128
-2.07338 -1.07867 0.768786 128 128 128
-2.09412 -1.05702 0.7715 128 128 128
-2.12748 -1.04131 0.778737 128 128 128
-2.14699 -1.0184 0.78115 128 128 128
-2.18358 -1.00314 0.789593 128 128 128
-2.20356 -0.979756 0.792306 128 128 128
-2.23994 -0.963201 0.800749 128 128 128
-2.26832 -0.942602 0.806479 128 128 128
-2.29298 -0.920029 0.811002 128 128 128
-2.32366 -0.899403 0.817636 128 128 128
-2.34703 -0.875493 0.821857 128 128 128
-2.45075 -0.77954 0.842965 128 128 128
-2.45922 -0.749128 0.842663 128 128 128
-2.51765 -0.733318 0.858946 128 128 128
-2.52738 -0.702623 0.859248 128 128 128
-2.55148 -0.675713 0.864374 128 128 128
-2.57622 -0.64855 0.869802 128 128 128
-2.59511 -0.61955 0.87342 128 128 128
-2.62669 -0.59313 0.88126 128 128 128
-2.65429 -0.565231 0.887894 128 128 128
-2.67972 -0.536368 0.893925 128 128 128
-2.7114 -0.508198 0.902066 128 128 128
-2.72777 -0.476698 0.905383 128 128 128
-2.74 -0.444259 0.907494 128 128 128
-2.76221 -0.413149 0.912922 128 128 128
-2.77747 -0.38065 0.916239 128 128 128
-2.79139 -0.347721 0.919254 128 128 128
-3.01583 0.00502027 0.900367 128 128 128
-3.01554 0.0420288 0.900367 128 128 128
-3.16463 0.0831606 0.943602 128 128 128
-3.17969 0.12264 0.948313 128 128 128
-3.19261 0.359701 0.957182 128 128 128
-3.16889 0.396442 0.951639 128 128 128
-3.18282 0.437943 0.957182 128 128 128
-3.19145 0.479126 0.961339 128 128 128
-3.19766 0.520275 0.964942 128 128 128
-3.2109 0.562986 0.970762 128 128 128
-3.21414 0.604312 0.973811 128 128 128
-3.22155 0.646753 0.978245 128 128 128
-3.2237 0.688458 0.981294 128 128 128
-3.21782 0.728606 0.982125 128 128 128
-3.21891 0.770512 0.985174 128 128 128
-3.21574 0.811609 0.987114 128 128 128
-3.23803 0.859678 0.996814 128 128 128
-3.24574 0.90453 1.00236 128 128 128
-3.26021 0.951863 1.01012 128 128 128
-3.2933 1.0056 1.0237 128 128 128
-3.28254 1.04653 1.02425 128 128 128
-3.32504 1.10528 1.04116 128 128 128
-3.31032 1.14569 1.04088 128 128 128
-3.30053 1.18785 1.04227 128 128 128
-3.28031 1.22624 1.0406 128 128 128
-3.25875 1.26397 1.03866 128 128 128
-3.25012 1.30674 1.04088 128 128 128
-3.24182 1.34985 1.04337 128 128 128
-3.23824 1.39525 1.04753 128 128 128
-3.17263 1.41333 1.03229 128 128 128
-3.17424 1.46101 1.03839 128 128 128
-3.20204 1.52177 1.05308 128 128 128
-3.18916 1.56391 1.05502 128 128 128
-3.18515 1.61076 1.06 128 128 128
-3.18302 1.65907 1.06582 128 128 128
-3.18104 1.70802 1.07192 128 128 128
-3.16824 1.75159 1.07469 128 128 128
-3.16153 1.79891 1.07968 128 128 128
-3.15579 1.84729 1.08522 128 128 128
-3.14193 1.89134 1.08827 128 128 128
-3.12828 1.93583 1.0916 128 128 128
-3.11402 1.98027 1.09492 128 128 128
-3.10073 2.02571 1.0988 128 128 128
-3.07564 2.06361 1.0988 128 128 128
-3.06827 2.11375 1.10518 128 128 128
-3.04053 2.15013 1.10462 128 128 128
-3.02557 2.19576 1.10878 128 128 128
-1.05642 0.783369 0.409817 128 128 128
-1.0307 0.784008 0.403997 128 128 128
-1.00287 0.782355 0.397345 128 128 128
-0.996935 0.797616 0.398731 128 128 128
-0.99374 0.815296 0.401225 128 128 128
-0.99686 0.838604 0.406214 128 128 128
-1.00246 0.864629 0.412311 128 128 128
-2.82665 2.50921 1.1207 128 128 128
-2.82405 2.5696 1.13178 128 128 128
-2.77967 2.59225 1.1268 128 128 128
-2.75944 2.63747 1.13151 128 128 128
-2.73167 2.67584 1.13345 128 128 128
-2.70608 2.71666 1.1365 128 128 128
-2.67989 2.75725 1.13955 128 128 128
-2.65312 2.79761 1.14259 128 128 128
-2.62511 2.83701 1.14536 128 128 128
-2.59074 2.86973 1.14564 128 128 128
-2.5623 2.90924 1.14869 128 128 128
-2.53392 2.94922 1.15202 128 128 128
-2.51541 3.00147 1.16005 128 128 128
-2.47171 3.02392 1.15701 128 128 128
-2.43501 3.05477 1.15728 128 128 128
-2.40264 3.09126 1.15978 128 128 128
-2.35873 3.11285 1.15701 128 128 128
-2.32434 3.14697 1.15895 128 128 128
-2.29171 3.18384 1.16199 128 128 128
-2.25412 3.21409 1.16283 128 128 128
-2.22155 3.25183 1.16643 128 128 128
-2.17669 3.27164 1.16393 128 128 128
-2.14316 3.3086 1.16754 128 128 128
-2.10189 3.33383 1.16726 128 128 128
-2.06383 3.36429 1.16892 128 128 128
-2.01845 3.38276 1.16671 128 128 128
-1.97775 3.40894 1.16726 128 128 128
-1.93436 3.43044 1.16643 128 128 128
-1.89258 3.45476 1.16671 128 128 128
-1.84959 3.47688 1.16643 128 128 128
-1.81162 3.50871 1.16948 128 128 128
-1.76843 3.53068 1.16948 128 128 128
-1.72455 3.55125 1.1692 128 128 128
-1.68043 3.57127 1.16892 128 128 128
-1.63608 3.59075 1.16865 128 128 128
-1.59151 3.60968 1.16837 128 128 128
-1.54672 3.62805 1.16809 128 128 128
-1.49295 3.62454 1.16116 128 128 128
-0.445242 1.11214 0.376005 128 128 128
-0.432247 1.11932 0.376559 128 128 128
-1.35654 3.67163 1.1595 128 128 128
-0.421979 1.17849 0.391525 128 128 128
-0.404387 1.17448 0.388754 128 128 128
-1.23213 3.75468 1.17031 128 128 128
-1.18251 3.75852 1.16698 128 128 128
-1.13298 3.7617 1.16366 128 128 128
-1.08356 3.76424 1.16033 128 128 128
-1.04032 3.78838 1.16366 128 128 128
-0.997146 3.81387 1.16754 128 128 128
-0.94704 3.81277 1.16366 128 128 128
-0.90018 3.8241 1.16366 128 128 128
-0.8536 3.83674 1.16421 128 128 128
-0.806257 3.84598 1.16393 128 128 128
-0.754754 3.8339 1.15756 128 128 128
-0.70938 3.85232 1.16033 128 128 128
-0.658178 3.83801 1.15368 128 128 128
-0.614475 3.86762 1.16005 128 128 128
-0.565448 3.86441 1.15701 128 128 128
-0.516466 3.85963 1.15368 128 128 128
-0.471588 3.88666 1.15978 128 128 128
-0.422621 3.8807 1.15645 128 128 128
-0.371863 3.85307 1.14703 128 128 128
-0.324472 3.85638 1.14675 128 128 128
-0.276988 3.85816 1.1462 128 128 128
-0.22979 3.86415 1.14703 128 128 128
-0.18138 3.84556 1.14093 128 128 128
-0.134078 3.84461 1.1401 128 128 128
-0.0871574 3.85846 1.1437 128 128 128
-0.0395792 3.83522 1.13677 128 128 128
0.00745019 3.82292 1.13317 128 128 128
0.0537167 3.78027 1.12098 128 128 128
0.100341 3.78797 1.12347 128 128 128
0.146397 3.7759 1.12042 128 128 128
0.193172 3.78245 1.12292 128 128 128
0.238276 3.75966 1.1171 128 128 128
0.285057 3.76507 1.11959 128 128 128
0.32757 3.72014 1.10767 128 128 128
0.373877 3.72253 1.10961 128 128 128
0.417245 3.69762 1.10379 128 128 128
0.462589 3.69222 1.10379 128 128 128
0.507864 3.68626 1.10379 128 128 128
0.551335 3.66835 1.10047 128 128 128
0.596155 3.66036 1.10019 128 128 128
0.63685 3.62912 1.09326 128 128 128
0.681516 3.62197 1.09354 128 128 128
0.721725 3.59262 1.08744 128 128 128
0.765354 3.58161 1.08689 128 128 128
0.810955 3.57944 1.0891 128 128 128
0.853021 3.56175 1.08689 128 128 128
0.891231 3.52959 1.08051 128 128 128
0.939431 3.53696 1.08606 128 128 128
0.962299 3.45207 1.06416 128 128 128
1.00486 3.44092 1.06444 128 128 128
1.05123 3.44211 1.0686 128 128 128
1.07816 3.38137 1.05418 128 128 128
1.11167 3.34418 1.04698 128 128 128
1.14442 3.30669 1.03977 128 128 128
1.1921 3.31228 1.04587 128 128 128
1.23164 3.2947 1.04504 128 128 128
1.25839 3.24442 1.03423 128 128 128
1.29487 3.22071 1.03173 128 128 128
1.32874 3.19128 1.02758 128 128 128
1.36628 3.17121 1.02647 128 128 128
1.39686 3.13578 1.02065 128 128 128
1.43322 3.11404 1.01926 128 128 128
1.46389 3.08061 1.01427 128 128 128
1.49437 3.04776 1.00956 128 128 128
1.50689 2.98034 0.993766 128 128 128
1.54602 2.96674 0.995428 128 128 128
1.59916 2.97884 1.00568 128 128 128
1.6002 2.89513 0.98462 128 128 128
1.63084 2.86693 0.981848 128 128 128
1.64742 2.81521 0.971317 128 128 128
1.68035 2.79231 0.970485 128 128 128
1.71551 2.77311 0.97104 128 128 128
1.73133 2.7235 0.961339 128 128 128
1.75883 2.6932 0.958291 128 128 128
1.78639 2.66344 0.955519 128 128 128
1.81129 2.63025 0.951639 128 128 128
1.83899 2.60156 0.949422 128 128 128
1.86286 2.56791 0.945542 128 128 128
1.86952 2.51175 0.933625 128 128 128
1.89904 2.48709 0.93307 128 128 128
1.92348 2.45605 0.930299 128 128 128
1.92575 2.39783 0.91755 128 128 128
1.95442 2.37328 0.917273 128 128 128
1.9536 2.31392 0.90397 128 128 128
1.96925 2.27526 0.898427 128 128 128
1.98361 2.23584 0.892607 128 128 128
2.00572 2.20565 0.89039 128 128 128
2.03592 2.18438 0.891775 128 128 128
2.0546 2.15091 0.88845 128 128 128
2.0593 2.10359 0.879581 128 128 128
2.06656 2.05987 0.872098 128 128 128
2.09306 2.0357 0.872652 128 128 128
2.10462 1.99731 0.867387 128 128 128
2.1198 1.96286 0.863784 128 128 128
1.48697 1.34504 0.608808 128 128 128
1.49182 1.31654 0.604374 128 128 128
1.49692 1.28876 0.600217 128 128 128
1.52146 1.27769 0.603543 128 128 128
1.49087 1.22127 0.58636 128 128 128
1.50273 1.20049 0.585251 128 128 128
2.1665 1.68542 0.822212 128 128 128
2.17553 1.65002 0.818054 128 128 128
2.05716 1.52116 0.768445 128 128 128
2.10923 1.5199 0.780362 128 128 128
2.1663 1.5209 0.793943 128 128 128
2.15383 1.47309 0.783134 128 128 128
2.15094 1.43273 0.775928 128 128 128
2.15464 1.39736 0.771217 128 128 128
2.15861 1.36263 0.766782 128 128 128
1.40154 0.862554 0.505155 128 128 128
1.42193 0.851188 0.508481 128 128 128
1.48383 0.863516 0.525664 128 128 128
2.15504 1.21692 0.744333 128 128 128
2.17824 1.19499 0.747105 128 128 128
1.63682 0.87317 0.565574 128 128 128
1.64741 0.853017 0.565574 128 128 128
1.66549 0.836602 0.568068 128 128 128
1.69898 0.827409 0.575551 128 128 128
2.10651 0.99304 0.702207 128 128 128
2.09405 0.955986 0.694447 128 128 128
2.12321 0.937951 0.69999 128 128 128
2.13102 0.910322 0.698881 128 128 128
2.13137 0.879722 0.695555 128 128 128
2.13932 0.852438 0.694724 128 128 128
2.13885 0.822004 0.691398 128 128 128
2.1569 0.798684 0.693893 128 128 128
2.13846 0.762205 0.685301 128 128 128
2.13219 0.730639 0.680589 128 128 128
2.12638 0.69964 0.676155 128 128 128
2.08897 0.659122 0.662298 128 128 128
2.09322 0.632333 0.661189 128 128 128
2.05556 0.593622 0.647609 128 128 128
2.03396 0.560495 0.639017 128 128 128
2.03511 0.53404 0.637355 128 128 128
2.03311 0.50695 0.63486 128 128 128
2.04292 0.482839 0.635969 128 128 128
2.04025 0.455864 0.633475 128 128 128
2.04851 0.431381 0.634306 128 128 128
2.02442 0.400487 0.625714 128 128 128
2.01501 0.373019 0.621557 128 128 128
2.00049 0.345035 0.616014 128 128 128
1.99603 0.319112 0.61352 128 128 128
1.98173 0.291969 0.608254 128 128 128
1.93088 0.260421 0.592457 128 128 128
1.96922 0.240952 0.602711 128 128 128
1.95006 0.214399 0.596337 128 128 128
1.92098 0.18744 0.587191 128 128 128
1.91643 0.163296 0.585251 128 128 128
1.88187 0.137189 0.574719 128 128 128
1.88245 0.11403 0.574442 128 128 128
1.85588 0.089637 0.566405 128 128 128
1.86164 0.0670182 0.567791 128 128 128
1.84887 0.0438784 0.563911 128 128 128
1.85312 0.0212221 0.565019 128 128 128
1.8369 -0.00147087 0.560308 128 128 128
1.82522 -0.0238362 0.556982 128 128 128
1.82287 -0.0461796 0.556428 128 128 128
1.81352 -0.0682012 0.553933 128 128 128
1.79816 -0.0897003 0.549776 128 128 128
1.77678 -0.110462 0.543956 128 128 128
1.76188 -0.131227 0.540076 128 128 128
1.75344 -0.152241 0.538136 128 128 128
1.73519 -0.172097 0.533424 128 128 128
1.72435 -0.192399 0.53093 128 128 128
1.70947 -0.211978 0.527327 128 128 128
1.70198 -0.232279 0.525941 128 128 128
1.69235 -0.252141 0.524001 128 128 128
1.66258 -0.268536 0.516241 128 128 128
1.6497 -0.287247 0.51347 128 128 128
1.62717 -0.303896 0.507927 128 128 128
1.60919 -0.320986 0.50377 128 128 128
1.60231 -0.340104 0.502938 128 128 128
1.58209 -0.356114 0.498227 128 128 128
1.58041 -0.376177 0.499058 128 128 128
1.57381 -0.39507 0.498504 128 128 128
1.56884 -0.414353 0.498504 128 128 128
1.56364 -0.433574 0.498504 128 128 128
1.55083 -0.450567 0.496287 128 128 128
1.53599 -0.466747 0.493515 128 128 128
1.52008 -0.482339 0.490467 128 128 128
1.51223 -0.500348 0.489912 128 128 128
1.49962 -0.51666 0.487972 128 128 128
1.49226 -0.534698 0.487695 128 128 128
1.47929 -0.550608 0.485755 128 128 128
1.46974 -0.567674 0.484924 128 128 128
1.44662 -0.579197 0.479935 128 128 128
1.42167 -0.589498 0.474392 128 128 128
1.41433 -0.6069 0.474392 128 128 128
1.39362 -0.61833 0.470235 128 128 128
1.38506 -0.634983 0.469958 128 128 128
1.37282 -0.649864 0.468572 128 128 128
1.35785 -0.66327 0.466355 128 128 128
1.34104 -0.675537 0.463583 128 128 128
1.32754 -0.689272 0.461921 128 128 128
1.31475 -0.703234 0.460535 128 128 128
1.30266 -0.717452 0.459426 128 128 128
1.28541 -0.728622 0.456655 128 128 128
1.27057 -0.740937 0.454715 128 128 128
1.25398 -0.752005 0.45222 128 128 128
1.23731 -0.762778 0.449726 128 128 128
1.22299 -0.774806 0.448063 128 128 128
1.20134 -0.78186 0.443906 128 128 128
1.19643 -0.79976 0.445569 128 128 128
1.16993 -0.802917 0.439749 128 128 128
1.16547 -0.821103 0.441689 128 128 128
1.15142 -0.832517 0.440303 128 128 128
1.13958 -0.845435 0.439749 128 128 128
1.12836 -0.858771 0.439472 128 128 128
1.11471 -0.87018 0.438363 128 128 128
1.09422 -0.875959 0.43476 128 128 128
1.08116 -0.887485 0.433929 128 128 128
1.06653 -0.897582 0.432543 128 128 128
1.05471 -0.909973 0.432266 128 128 128
1.0492 -0.927956 0.434483 128 128 128
1.03632 -0.939467 0.433929 128 128 128
1.02471 -0.952113 0.433929 128 128 128
1.01295 -0.964616 0.433929 128 128 128
1.00103 -0.976974 0.433929 128 128 128
0.98897 -0.989185 0.433929 128 128 128
0.970736 -0.995039 0.431434 128 128 128
0.959773 -1.00827 0.431989 128 128 128
0.946676 -1.01927 0.431712 128 128 128
0.933454 -1.03009 0.431434 128 128 128
0.920108 -1.04075 0.431157 128 128 128
0.906017 -1.0505 0.430603 128 128 128
0.891824 -1.06007 0.430049 128 128 128
0.238825 -1.37725 0.433652 128 128 128
0.222056 -1.38103 0.433929 128 128 128
0.205506 -1.3865 0.43476 128 128 128
0.188602 -1.38987 0.435037 128 128 128
0.171073 -1.38827 0.433929 128 128 128
0.154642 -1.39599 0.435592 128 128 128
0.137956 -1.40257 0.436977 128 128 128
0.121132 -1.40894 0.438363 128 128 128
0.104036 -1.4132 0.439194 128 128 128
0.0867425 -1.41533 0.439472 128 128 128
0.0695448 -1.42012 0.44058 128 128 128
0.052015 -1.41799 0.439749 128 128 128
0.0346722 -1.4214 0.44058 128 128 128
0.0173069 -1.43037 0.443075 128 128 128
-0.000238554 -1.42759 0.442243 128 128 128
-0.0178454 -1.43325 0.443906 128 128 128
-0.0354586 -1.43388 0.444183 128 128 128
-0.0532431 -1.43814 0.445569 128 128 128
-0.0713376 -1.44601 0.448063 128 128 128
-0.0894478 -1.45078 0.449726 128 128 128
-0.107686 -1.45532 0.451389 128 128 128
-0.125878 -1.45772 0.452498 128 128 128
-0.144242 -1.46084 0.453883 128 128 128
-0.162702 -1.46374 0.455269 128 128 128
-0.181736 -1.47021 0.457763 128 128 128
-0.200954 -1.47643 0.460258 128 128 128
-0.220495 -1.48335 0.463029 128 128 128
-0.237593 -1.4739 0.461089 128 128 128
-0.259339 -1.49169 0.467186 128 128 128
-0.279054 -1.49595 0.469404 128 128 128
-0.298533 -1.49806 0.471066 128 128 128
-0.318105 -1.49992 0.472729 128 128 128
-0.339047 -1.50715 0.476055 128 128 128
-0.360215 -1.51408 0.479381 128 128 128
-0.380894 -1.51793 0.481875 128 128 128
-0.401969 -1.52242 0.484647 128 128 128
-0.422435 -1.52385 0.486587 128 128 128
-0.441914 -1.52132 0.487418 128 128 128
-0.461395 -1.51854 0.48825 128 128 128
-0.482046 -1.51917 0.49019 128 128 128
-0.502173 -1.5177 0.491575 128 128 128
-0.525804 -1.52594 0.49601 128 128 128
-0.545469 -1.52209 0.496841 128 128 128
-0.565794 -1.51977 0.498227 128 128 128
-0.587538 -1.52078 0.500721 128 128 128
-0.609032 -1.52058 0.502938 128 128 128
-0.629497 -1.51742 0.504324 128 128 128
-0.649596 -1.51311 0.505433 128 128 128
-0.670467 -1.51029 0.507096 128 128 128
-0.690964 -1.50631 0.508481 128 128 128
-0.712704 -1.50466 0.510698 128 128 128
-0.734931 -1.50356 0.513193 128 128 128
-0.756804 -1.50128 0.51541 128 128 128
-0.787186 -1.51487 0.522893 128 128 128
-0.809361 -1.51187 0.52511 128 128 128
-0.831579 -1.50854 0.527327 128 128 128
-0.857171 -1.51074 0.531484 128 128 128
-0.881481 -1.51006 0.53481 128 128 128
-0.908881 -1.51393 0.539799 128 128 128
-0.93043 -1.50756 0.541462 128 128 128
-0.958157 -1.51062 0.54645 128 128 128
-0.975043 -1.49633 0.545619 128 128 128
-1.00727 -1.50498 0.552825 128 128 128
-1.02512 -1.49172 0.552548 128 128 128
-1.05946 -1.50176 0.560585 128 128 128
-1.08403 -1.49719 0.563634 128 128 128
-1.10117 -1.48224 0.563079 128 128 128
-1.12979 -1.48235 0.568068 128 128 128
-1.15146 -1.4729 0.569731 128 128 128
-1.17246 -1.4624 0.571116 128 128 128
-1.20255 -1.46272 0.576659 128 128 128
-1.2142 -1.44052 0.573888 128 128 128
-1.25068 -1.44728 0.582202 128 128 128
-1.27346 -1.43757 0.584419 128 128 128
-1.29489 -1.42609 0.586082 128 128 128
-1.32803 -1.42694 0.592734 128 128 128
-1.35608 -1.42164 0.597168 128 128 128
-1.38419 -1.41587 0.601603 128 128 128
-1.41441 -1.41164 0.606868 128 128 128
-1.43645 -1.39886 0.608808 128 128 128
-1.4577 -1.38509 0.610471 128 128 128
-1.48941 -1.38079 0.616291 128 128 128
-1.52052 -1.37527 0.621834 128 128 128
-1.54378 -1.36221 0.624329 128 128 128
-1.56694 -1.3488 0.626823 128 128 128
-1.59517 -1.33933 0.631257 128 128 128
-1.63084 -1.33544 0.638463 128 128 128
-1.65388 -1.32071 0.640957 128 128 128
-1.67907 -1.30738 0.644283 128 128 128
-1.70802 -1.29653 0.648995 128 128 128
-1.73076 -1.2806 0.651489 128 128 128
-1.75883 -1.26823 0.655923 128 128 128
-1.78764 -1.25592 0.660635 128 128 128
-1.81245 -1.24038 0.663961 128 128 128
-1.83394 -1.2223 0.666178 128 128 128
-1.87866 -1.219 0.676432 128 128 128
-1.90486 -1.20302 0.680312 128 128 128
-1.92931 -1.18557 0.683638 128 128 128
-1.9528 -1.16721 0.686687 128 128 128
-1.98361 -1.15278 0.69223 128 128 128
-2.01435 -1.13778 0.697773 128 128 128
-2.03744 -1.11804 0.700821 128 128 128
-2.07392 -1.10511 0.708304 128 128 128
-2.08989 -1.0809 0.709136 128 128 128
-2.12276 -1.06505 0.71551 128 128 128
-2.14 -1.04101 0.716896 128 128 128
-2.16914 -1.02243 0.722162 128 128 128
-2.19202 -1.0005 0.725487 128 128 128
-2.22172 -0.981264 0.73103 128 128 128
-2.24774 -0.95994 0.735465 128 128 128
-2.29046 -0.94506 0.745165 128 128 128
-2.3135 -0.921485 0.748768 128 128 128
-2.34079 -0.899201 0.753756 128 128 128
-2.36607 -0.875721 0.758191 128 128 128
-2.402 -0.855607 0.765951 128 128 128
-2.42596 -0.830714 0.770108 128 128 128
-2.44876 -0.805062 0.773988 128 128 128
-2.4667 -0.777538 0.776482 128 128 128
-2.48158 -0.748866 0.778145 128 128 128
-2.50998 -0.723918 0.783965 128 128 128
-2.54092 -0.699146 0.790617 128 128 128
-2.59022 -0.678564 0.802811 128 128 128
-2.60674 -0.648803 0.805306 128 128 128
-2.51909 -0.594408 0.777037 128 128 128
-2.67442 -0.596266 0.820826 128 128 128
-2.64955 -0.556732 0.811403 128 128 128
-2.67316 -0.527499 0.816392 128 128 128
-2.70778 -0.499846 0.824706 128 128 128
-2.74023 -0.4711 0.832466 128 128 128
-2.7572 -0.439235 0.835792 128 128 128
-2.7814 -0.408129 0.841335 128 128 128
-2.79572 -0.37523 0.844106 128 128 128
-2.80775 -0.341812 0.846323 128 128 128
-2.83943 -0.310319 0.854361 128 128 128
-2.84207 -0.27536 0.854083 128 128 128
-2.88449 -0.243725 0.865447 128 128 128
-2.96107 -0.21353 0.886787 128 128 128
-2.95966 -0.140532 0.885124 128 128 128
-2.95924 -0.104136 0.88457 128 128 128
-2.97374 -0.0681039 0.88845 128 128 128
-2.99453 -0.0317932 0.89427 128 128 128
-3.20043 0.115467 0.871253 128 128 128
-3.18428 0.154037 0.867447 128 128 128
-3.18022 0.192985 0.866939 128 128 128
-3.17375 0.231717 0.865924 128 128 128
-3.17645 0.271137 0.867447 128 128 128
-3.17577 0.310378 0.868208 128 128 128
-3.18711 0.351014 0.872268 128 128 128
-3.20176 0.392444 0.877343 128 128 128
-3.20629 0.432995 0.879881 128 128 128
-3.21222 0.473998 0.882926 128 128 128
-3.22527 0.516432 0.888001 128 128 128
-3.2368 0.559093 0.892822 128 128 128
-3.24111 0.600882 0.895867 128 128 128
-3.24962 0.643799 0.900181 128 128 128
-3.24526 0.684425 0.901196 128 128 128
-3.24794 0.726728 0.904241 128 128 128
-3.27043 0.81651 0.915407 128 128 128
-3.33314 0.875725 0.9352 128 128 128
-3.32401 0.917075 0.935707 128 128 128
-3.30228 0.954846 0.932916 128 128 128
-3.30698 1.00033 0.937484 128 128 128
-3.30829 1.0452 0.94129 128 128 128
-3.2943 1.08542 0.941036 128 128 128
-3.29537 1.13078 0.945096 128 128 128
-3.294 1.17568 0.948649 128 128 128
-3.29747 1.22274 0.953724 128 128 128
-3.28583 1.2645 0.954739 128 128 128
-3.28354 1.3101 0.958546 128 128 128
-3.27616 1.35398 0.961083 128 128 128
-3.2673 1.3975 0.963367 128 128 128
-3.20124 1.41599 0.94941 128 128 128
-2.60818 1.19242 0.783453 128 128 128
-3.23989 1.52919 0.97098 128 128 128
-3.23045 1.57349 0.973771 128 128 128
-3.22992 1.62256 0.979354 128 128 128
-3.22866 1.67185 0.984936 128 128 128
-3.2173 1.71635 0.987728 128 128 128
-3.21295 1.76501 0.992803 128 128 128
-3.20115 1.81002 0.995848 128 128 128
-3.18121 1.85062 0.996609 128 128 128
-3.16988 1.89647 1.00016 128 128 128
-3.16203 1.94485 1.00498 128 128 128
-3.1461 1.98867 1.00752 128 128 128
-3.12877 2.03187 1.0098 128 128 128
-3.1205 2.08137 1.01513 128 128 128
-3.09791 2.1217 1.01615 128 128 128
-3.06769 2.15677 1.01488 128 128 128
-3.03236 2.18803 1.01209 128 128 128
-1.04885 0.777662 0.373634 128 128 128
-1.05233 0.800416 0.377947 128 128 128
-1.01266 0.790096 0.368051 128 128 128
-1.01196 0.809705 0.371096 128 128 128
-1.00419 0.823901 0.371857 128 128 128
-1.0103 0.849843 0.37744 128 128 128
-2.91337 2.5089 1.03975 128 128 128
-2.87438 2.53743 1.03696 128 128 128
-2.84446 2.57381 1.03746 128 128 128
-2.8233 2.61838 1.04127 128 128 128
-2.78745 2.6495 1.04 128 128 128
-2.76374 2.69228 1.0433 128 128 128
-2.73871 2.73419 1.04635 128 128 128
-2.71307 2.77589 1.04939 128 128 128
-2.6788 2.80897 1.04939 128 128 128
-2.64808 2.84588 1.05091 128 128 128
-2.62141 2.88747 1.05421 128 128 128
-2.60054 2.93607 1.06005 128 128 128
-2.55735 2.95971 1.05726 128 128 128
-2.52832 2.99975 1.0603 128 128 128
-2.49685 3.03727 1.06259 128 128 128
-2.46 3.06844 1.06284 128 128 128
-2.42037 3.09611 1.06208 128 128 128
-2.38337 3.12711 1.06259 128 128 128
-2.35116 3.16467 1.06538 128 128 128
-2.31669 3.19955 1.06741 128 128 128
-2.27725 3.22773 1.06741 128 128 128
-2.23857 3.25703 1.06792 128 128 128
-2.20274 3.29068 1.06995 128 128 128
-2.16219 3.31747 1.06995 128 128 128
-2.12183 3.34457 1.0702 128 128 128
-2.07911 3.36789 1.06944 128 128 128
-2.03762 3.39315 1.06944 128 128 128
-2.0012 3.42708 1.07223 128 128 128
-1.95708 3.44802 1.07121 128 128 128
-1.91462 3.47177 1.07121 128 128 128
-1.87141 3.49415 1.07096 128 128 128
-1.82929 3.51857 1.07147 128 128 128
-1.78466 3.53817 1.07071 128 128 128
-1.74111 3.5598 1.07071 128 128 128
-1.69605 3.57828 1.06995 128 128 128
-1.65242 3.5997 1.0702 128 128 128
-1.60773 3.61882 1.06995 128 128 128
-1.56434 3.64094 1.07071 128 128 128
-1.51769 3.6554 1.06944 128 128 128
-0.443566 1.10905 0.344451 128 128 128
-0.454715 1.17845 0.362468 128 128 128
-1.37502 3.68975 1.06411 128 128 128
-0.40506 1.13191 0.346481 128 128 128
-1.28752 3.73244 1.0669 128 128 128
-1.24284 3.75164 1.06792 128 128 128
-1.19319 3.75554 1.06487 128 128 128
-1.14786 3.77268 1.06563 128 128 128
-1.10337 3.79298 1.06741 128 128 128
-1.05337 3.79412 1.06411 128 128 128
-1.00674 3.80676 1.06411 128 128 128
-0.956875 3.80664 1.06081 128 128 128
-0.91256 3.82844 1.0636 128 128 128
-0.865298 3.83841 1.06335 128 128 128
-0.815914 3.83833 1.06056 128 128 128
-0.76875 3.84805 1.06056 128 128 128
-0.72343 3.86766 1.06335 128 128 128
-0.672085 3.85433 1.05751 128 128 128
-0.624581 3.86133 1.05726 128 128 128
-0.574002 3.84766 1.05167 128 128 128
-0.529762 3.87645 1.05751 128 128 128
-0.481674 3.87882 1.0565 128 128 128
-0.431884 3.86522 1.05142 128 128 128
-0.385474 3.88081 1.05421 128 128 128
-0.338747 3.89585 1.057 128 128 128
-0.286721 3.84377 1.04229 128 128 128
-0.241464 3.87789 1.05041 128 128 128
-0.191672 3.83709 1.03899 128 128 128
-0.143725 3.81692 1.03315 128 128 128
-0.0969246 3.82033 1.03366 128 128 128
-0.0500359 3.82123 1.03366 128 128 128
-0.00311012 3.79641 1.02706 128 128 128
0.0430809 3.76038 1.01767 128 128 128
0.0892911 3.76247 1.01843 128 128 128
0.135456 3.76109 1.01843 128 128 128
0.180488 3.73595 1.01234 128 128 128
0.228182 3.76435 1.02046 128 128 128
0.272048 3.72943 1.01209 128 128 128
0.31763 3.72389 1.01158 128 128 128
0.362367 3.71008 1.00904 128 128 128
0.404177 3.6717 1.00016 128 128 128
0.451666 3.68663 1.00549 128 128 128
0.496873 3.68081 1.00549 128 128 128
0.543272 3.68305 1.00777 128 128 128
0.581564 3.63312 0.996356 128 128 128
0.622326 3.60379 0.990519 128 128 128
0.669846 3.61395 0.995341 128 128 128
0.710017 3.58458 0.989758 128 128 128
0.752159 3.56708 0.987474 128 128 128
0.795033 3.55381 0.986459 128 128 128
0.836138 3.53343 0.983668 128 128 128
0.874523 3.50319 0.978339 128 128 128
0.916956 3.49032 0.977831 128 128 128
0.953553 3.45643 0.971741 128 128 128
0.989189 3.42123 0.965397 128 128 128
1.01963 3.37087 0.954993 128 128 128
1.06587 3.37379 0.959307 128 128 128
1.09751 3.33105 0.951187 128 128 128
1.13455 3.30635 0.948142 128 128 128
1.16886 3.27487 0.94332 128 128 128
1.20964 3.26209 0.943828 128 128 128
1.2527 3.25513 0.946111 128 128 128
1.28145 3.21166 0.938245 128 128 128
1.31929 3.19211 0.93723 128 128 128
1.35266 3.16234 0.933424 128 128 128
1.38941 3.14108 0.932155 128 128 128
1.41861 3.10356 0.926318 128 128 128
1.44545 3.06229 0.919467 128 128 128
1.47107 3.01997 0.912362 128 128 128
1.52407 3.03368 0.921751 128 128 128
1.55141 2.99585 0.916168 128 128 128
1.54893 2.90317 0.894345 128 128 128
1.57699 2.87038 0.890285 128 128 128
1.60924 2.84576 0.888762 128 128 128
1.63967 2.81827 0.886478 128 128 128
1.66123 2.77635 0.879881 128 128 128
1.6977 2.75988 0.881149 128 128 128
1.72215 2.72411 0.876582 128 128 128
1.75018 2.69466 0.874044 128 128 128
1.77131 2.65527 0.868462 128 128 128
1.79065 2.61418 0.862371 128 128 128
1.80592 2.56826 0.854759 128 128 128
1.85088 2.56474 0.860849 128 128 128
1.87876 2.53717 0.859326 128 128 128
1.84484 2.4284 0.831159 128 128 128
1.87807 2.41016 0.832682 128 128 128
1.9075 2.38693 0.832682 128 128 128
1.92623 2.35062 0.828368 128 128 128
1.93565 2.30384 0.820501 128 128 128
1.96189 2.27771 0.81974 128 128 128
1.98777 2.25129 0.818979 128 128 128
2.00552 2.21596 0.815172 128 128 128
2.02073 2.17841 0.810605 128 128 128
2.04064 2.14644 0.808067 128 128 128
2.05266 2.10668 0.802738 128 128 128
2.05923 2.06216 0.795633 128 128 128
2.05672 2.00968 0.785483 128 128 128
2.07353 1.97694 0.782691 128 128 128
2.09126 1.94542 0.780408 128 128 128
1.48138 1.34399 0.555832 128 128 128
1.47677 1.3071 0.548473 128 128 128
1.5505 1.33886 0.56852 128 128 128
1.57051 1.32285 0.569788 128 128 128
1.60157 1.31577 0.574864 128 128 128
1.63344 1.30873 0.580193 128 128 128
1.66613 1.30169 0.585775 128 128 128
2.13882 1.62959 0.736507 128 128 128
2.14702 1.59456 0.732701 128 128 128
2.14136 1.54993 0.724581 128 128 128
2.10254 1.48281 0.706056 128 128 128
2.12536 1.46019 0.707579 128 128 128
2.13749 1.43023 0.705803 128 128 128
2.14111 1.39491 0.701489 128 128 128
2.16868 1.37527 0.704788 128 128 128
1.41352 0.871684 0.466763 128 128 128
1.44318 0.865732 0.472599 128 128 128
1.46539 0.854789 0.476152 128 128 128
2.16542 1.2285 0.684233 128 128 128
2.09226 1.15323 0.657842 128 128 128
2.12246 1.13615 0.662664 128 128 128
2.10277 1.0926 0.652767 128 128 128
1.71451 0.864018 0.53477 128 128 128
1.72933 0.84504 0.536039 128 128 128
1.77889 0.842411 0.547458 128 128 128
1.8638 0.854844 0.569027 128 128 128
2.11632 0.939595 0.638557 128 128 128
2.13836 0.918139 0.641602 128 128 128
2.13606 0.886261 0.637796 128 128 128
2.13511 0.855299 0.634497 128 128 128
2.13462 0.824843 0.631452 128 128 128
2.13008 0.793177 0.627392 128 128 128
2.13328 0.764689 0.625615 128 128 128
2.13153 0.734664 0.62257 128 128 128
2.11285 0.699316 0.614957 128 128 128
2.10283 0.667472 0.609882 128 128 128
2.05535 0.624704 0.594657 128 128 128
2.06379 0.599705 0.594911 128 128 128
2.05422 0.569671 0.590343 128 128 128
2.04703 0.540705 0.586536 128 128 128
2.04132 0.512474 0.583238 128 128 128
2.04745 0.487386 0.583238 128 128 128
2.03158 0.457324 0.577401 128 128 128
2.01717 0.428128 0.572072 128 128 128
1.97959 0.3948 0.560653 128 128 128
1.94626 0.363351 0.550503 128 128 128
1.91436 0.333114 0.54086 128 128 128
1.93072 0.311609 0.544159 128 128 128
1.92292 0.286176 0.541114 128 128 128
1.91095 0.260456 0.537054 128 128 128
1.90728 0.23615 0.535277 128 128 128
1.90908 0.212619 0.535024 128 128 128
1.90769 0.188792 0.534009 128 128 128
1.90794 0.165199 0.533501 128 128 128
1.8751 0.139171 0.524366 128 128 128
1.86411 0.115364 0.521067 128 128 128
1.85766 0.0920908 0.519037 128 128 128
1.85092 0.0689936 0.517007 128 128 128
1.84196 0.046026 0.514469 128 128 128
1.83851 0.0233669 0.513454 128 128 128
1.81545 0.000776349 0.507364 128 128 128
1.80855 -0.0214269 0.505588 128 128 128
1.79655 -0.0433478 0.502543 128 128 128
1.79201 -0.0652531 0.501528 128 128 128
1.77272 -0.0863588 0.496706 128 128 128
1.75511 -0.107117 0.492392 128 128 128
1.74691 -0.128157 0.490616 128 128 128
1.72304 -0.147702 0.48478 128 128 128
1.71532 -0.168273 0.483257 128 128 128
1.70448 -0.188361 0.480973 128 128 128
1.68475 -0.207152 0.476406 128 128 128
1.66195 -0.225101 0.471077 128 128 128
1.65811 -0.245338 0.470823 128 128 128
1.64733 -0.264447 0.468793 128 128 128
1.63634 -0.283329 0.466763 128 128 128
1.62608 -0.302156 0.464986 128 128 128
1.61086 -0.319837 0.461941 128 128 128
1.60398 -0.338983 0.46118 128 128 128
1.59686 -0.358008 0.460419 128 128 128
1.58764 -0.376465 0.45915 128 128 128
1.57821 -0.39475 0.457881 128 128 128
1.56763 -0.412615 0.456359 128 128 128
1.55686 -0.43028 0.454836 128 128 128
1.54403 -0.447206 0.452806 128 128 128
1.53472 -0.465001 0.451791 128 128 128
1.52521 -0.482635 0.450776 128 128 128
1.51549 -0.500106 0.449761 128 128 128
1.49826 -0.514903 0.446716 128 128 128
1.46996 -0.525455 0.440626 128 128 128
1.46341 -0.543455 0.440626 128 128 128
1.4494 -0.558595 0.438596 128 128 128
1.43705 -0.574191 0.437073 128 128 128
1.429 -0.591414 0.436819 128 128 128
1.41274 -0.605105 0.434282 128 128 128
1.40078 -0.620441 0.433013 128 128 128
1.38955 -0.635977 0.431998 128 128 128
1.37026 -0.647618 0.428699 128 128 128
1.35873 -0.662692 0.427684 128 128 128
1.34618 -0.677146 0.426415 128 128 128
1.33089 -0.690059 0.424385 128 128 128
1.31293 -0.701335 0.421594 128 128 128
1.30084 -0.715532 0.420579 128 128 128
1.26585 -0.716692 0.412712 128 128 128
1.25613 -0.731686 0.412459 128 128 128
1.2429 -0.744564 0.41119 128 128 128
1.23861 -0.762799 0.412712 128 128 128
1.22262 -0.773809 0.410682 128 128 128
0.28913 -1.36439 0.396979 128 128 128
0.271985 -1.36594 0.396472 128 128 128
0.255559 -1.37107 0.396979 128 128 128
0.238715 -1.37411 0.396979 128 128 128
0.222608 -1.38171 0.398248 128 128 128
0.205922 -1.38625 0.398756 128 128 128
0.189026 -1.38963 0.399009 128 128 128
0.172198 -1.39376 0.399517 128 128 128
0.155513 -1.39962 0.400532 128 128 128
0.139093 -1.40912 0.402562 128 128 128
0.121622 -1.40879 0.402054 128 128 128
0.104542 -1.41307 0.402816 128 128 128
0.0871937 -1.41425 0.402816 128 128 128
0.0699293 -1.41714 0.403323 128 128 128
0.0525335 -1.4179 0.403323 128 128 128
0.0352045 -1.42133 0.404085 128 128 128
0.0178249 -1.4265 0.405353 128 128 128
0.000320535 -1.42854 0.405861 128 128 128
-0.0173387 -1.44004 0.408906 128 128 128
-0.0350089 -1.43972 0.408906 128 128 128
-0.0527773 -1.44208 0.409667 128 128 128
-0.0706552 -1.44519 0.410682 128 128 128
-0.0886173 -1.44808 0.411697 128 128 128
-0.106661 -1.45074 0.412712 128 128 128
-0.125192 -1.458 0.414996 128 128 128
-0.144105 -1.46694 0.417787 128 128 128
-0.162518 -1.46891 0.418803 128 128 128
-0.180883 -1.46968 0.419564 128 128 128
-0.199421 -1.47119 0.420579 128 128 128
-0.219009 -1.47916 0.42337 128 128 128
-0.238211 -1.48304 0.425146 128 128 128
-0.257707 -1.48764 0.427177 128 128 128
-0.276823 -1.48912 0.428445 128 128 128
-0.296201 -1.4913 0.429968 128 128 128
-0.31687 -1.49891 0.433013 128 128 128
-0.337137 -1.50341 0.435297 128 128 128
-0.356895 -1.5048 0.436819 128 128 128
-0.378142 -1.51157 0.439864 128 128 128
-0.397153 -1.50869 0.440372 128 128 128
-0.418206 -1.51303 0.44291 128 128 128
-0.440498 -1.52079 0.446462 128 128 128
-0.461365 -1.52268 0.448492 128 128 128
-0.481762 -1.52244 0.450015 128 128 128
-0.50192 -1.52101 0.451284 128 128 128
-0.523997 -1.5248 0.454075 128 128 128
-0.544618 -1.52372 0.455597 128 128 128
-0.564955 -1.52146 0.456866 128 128 128
-0.584624 -1.51712 0.457627 128 128 128
-0.609285 -1.5251 0.461941 128 128 128
-0.63017 -1.52288 0.463464 128 128 128
-0.64995 -1.5177 0.464225 128 128 128
-0.67009 -1.51315 0.46524 128 128 128
-0.69142 -1.51097 0.467017 128 128 128
-0.715273 -1.51374 0.470315 128 128 128
-0.734218 -1.50572 0.470569 128 128 128
-0.756545 -1.50438 0.472853 128 128 128
-0.777616 -1.50014 0.474375 128 128 128
-0.8128 -1.52206 0.483765 128 128 128
-0.82909 -1.50774 0.482496 128 128 128
-0.855618 -1.51176 0.48681 128 128 128
-0.878966 -1.50951 0.489347 128 128 128
-0.899409 -1.50193 0.490362 128 128 128
-0.931953 -1.51386 0.497467 128 128 128
-0.95201 -1.50476 0.498229 128 128 128
-0.97093 -1.49378 0.498482 128 128 128
-0.999917 -1.49785 0.503558 128 128 128
-1.02532 -1.49584 0.506857 128 128 128
-1.05306 -1.4966 0.51117 128 128 128
-1.0787 -1.49377 0.514469 128 128 128
-1.10327 -1.48897 0.517261 128 128 128
-1.12556 -1.48071 0.519037 128 128 128
-1.15255 -1.47824 0.522843 128 128 128
-1.17363 -1.46776 0.524112 128 128 128
-1.194 -1.45624 0.525127 128 128 128
-1.22235 -1.45408 0.529441 128 128 128
-1.24074 -1.4397 0.529695 128 128 128
-1.26279 -1.42944 0.531471 128 128 128
-1.29061 -1.42532 0.535531 128 128 128
-1.33562 -1.43917 0.546189 128 128 128
-1.35651 -1.42618 0.547458 128 128 128
-1.38336 -1.41913 0.55101 128 128 128
-1.40887 -1.41026 0.554055 128 128 128
-1.43575 -1.40234 0.557608 128 128 128
-1.46125 -1.39262 0.560653 128 128 128
-1.49451 -1.38975 0.56649 128 128 128
-1.51145 -1.3713 0.56649 128 128 128
-1.56725 -1.3873 0.580193 128 128 128
-1.58928 -1.37239 0.581969 128 128 128
-1.61044 -1.35653 0.583491 128 128 128
-1.62771 -1.33728 0.583745 128 128 128
-1.65833 -1.3287 0.588567 128 128 128
-1.68137 -1.31361 0.59085 128 128 128
-1.70198 -1.2964 0.592373 128 128 128
-1.72785 -1.28292 0.595672 128 128 128
-1.75678 -1.27127 0.599986 128 128 128
-1.77936 -1.25464 0.602269 128 128 128
-1.80418 -1.23928 0.605315 128 128 128
-1.84095 -1.23159 0.612166 128 128 128
-1.87132 -1.21894 0.616987 128 128 128
-1.90492 -1.20781 0.622824 128 128 128
-1.92947 -1.19044 0.625869 128 128 128
-1.96881 -1.18162 0.633482 128 128 128
-1.99318 -1.16323 0.636527 128 128 128
-2.01404 -1.14251 0.638557 128 128 128
-2.05924 -1.135 0.647946 128 128 128
-2.08324 -1.11513 0.650991 128 128 128
-2.10192 -1.09216 0.652514 128 128 128
-2.12466 -1.07108 0.655305 128 128 128
-2.14546 -1.04875 0.657589 128 128 128
-2.17128 -1.02856 0.661395 128 128 128
-2.20132 -1.00992 0.66647 128 128 128
-2.22415 -0.987543 0.669515 128 128 128
-2.27075 -0.975079 0.679412 128 128 128
-2.29148 -0.950851 0.681949 128 128 128
-2.32811 -0.932746 0.689055 128 128 128
-2.3484 -0.907598 0.691592 128 128 128
-2.37296 -0.883783 0.695399 128 128 128
-2.56924 -0.815834 0.738284 128 128 128
-2.55315 -0.776352 0.731179 128 128 128
-2.55506 -0.742798 0.729148 128 128 128
-2.55373 -0.708538 0.726357 128 128 128
-2.57719 -0.681108 0.730417 128 128 128
-2.60412 -0.654154 0.735492 128 128 128
-2.627 -0.625742 0.739553 128 128 128
-2.65524 -0.598144 0.745135 128 128 128
-2.68982 -0.571357 0.752494 128 128 128
-2.71749 -0.542482 0.758077 128 128 128
-2.73915 -0.511944 0.762137 128 128 128
-2.76238 -0.481289 0.766705 128 128 128
-2.78813 -0.450604 0.772034 128 128 128
-2.79919 -0.417214 0.773556 128 128 128
-2.81656 -0.384539 0.776855 128 128 128
-2.8345 -0.35162 0.780408 128 128 128
-3.05988 0.00144729 0.751827 128 128 128
-3.09078 0.0394346 0.759156 128 128 128
-3.09103 0.0773858 0.759385 128 128 128
-3.10152 0.115763 0.762134 128 128 128
-3.11737 0.154705 0.766256 128 128 128
-3.20261 0.356912 0.790076 128 128 128
-3.20475 0.397032 0.791679 128 128 128
-3.22375 0.439648 0.797405 128 128 128
-3.22581 0.480332 0.799237 128 128 128
-3.23889 0.523008 0.803817 128 128 128
-3.25332 0.566414 0.808856 128 128 128
-3.26239 0.609353 0.81275 128 128 128
-3.25753 0.649916 0.813437 128 128 128
-3.25883 0.691875 0.815727 128 128 128
-3.27288 0.736973 0.821224 128 128 128
-3.27211 0.77912 0.823285 128 128 128
-3.26702 0.820407 0.82443 128 128 128
-3.28493 0.867929 0.831301 128 128 128
-3.28247 0.910527 0.833362 128 128 128
-3.29908 0.958923 0.840233 128 128 128
-3.34106 1.01582 0.853517 128 128 128
-3.32835 1.05674 0.853517 128 128 128
-3.2089 1.0622 0.827179 128 128 128
-3.26155 1.16931 0.847104 128 128 128
-3.31261 1.23378 0.863594 128 128 128
-3.30448 1.27715 0.865427 128 128 128
-3.29397 1.31979 0.866801 128 128 128
-3.27663 1.35974 0.866572 128 128 128
-3.27937 1.40832 0.87161 128 128 128
-3.21382 1.42707 0.859243 128 128 128
-3.21464 1.47494 0.864052 128 128 128
-3.25608 1.54269 0.879627 128 128 128
-3.2404 1.58424 0.880543 128 128 128
-3.23114 1.62916 0.883291 128 128 128
-3.23076 1.67903 0.888559 128 128 128
-3.22106 1.72454 0.891536 128 128 128
-3.21158 1.77053 0.894742 128 128 128
-3.19808 1.81462 0.897033 128 128 128
-3.18481 1.85914 0.899552 128 128 128
-3.1826 1.91063 0.905278 128 128 128
-3.16637 1.95415 0.907339 128 128 128
-3.15119 1.9986 0.909859 128 128 128
-3.14109 2.0467 0.913981 128 128 128
-3.11412 2.08401 0.913523 128 128 128
-3.10435 2.13311 0.918104 128 128 128
-3.08112 2.17329 0.91902 128 128 128
-3.02979 2.19322 0.91192 128 128 128
-1.04513 0.773007 0.33774 128 128 128
-1.05646 0.801726 0.343924 128 128 128
-1.03581 0.806226 0.340718 128 128 128
-1.02508 0.818267 0.340489 128 128 128
-1.03224 0.845019 0.345756 128 128 128
-1.01882 0.85511 0.34484 128 128 128
-2.89889 2.50433 0.93322 128 128 128
-2.87231 2.54359 0.934594 128 128 128
-2.83584 2.57406 0.932991 128 128 128
-2.8197 2.62327 0.938029 128 128 128
-2.77885 2.64961 0.935281 128 128 128
-2.76282 2.69986 0.940778 128 128 128
-2.73154 2.73563 0.941465 128 128 128
-2.70251 2.77382 0.943068 128 128 128
-2.67162 2.81031 0.944213 128 128 128
-2.64354 2.85003 0.946503 128 128 128
-2.60837 2.88225 0.946503 128 128 128
-2.5786 2.92062 0.948565 128 128 128
-2.54764 2.95795 0.950397 128 128 128
-2.52991 3.01137 0.957268 128 128 128
-2.49461 3.04445 0.957955 128 128 128
-2.44675 3.06189 0.954061 128 128 128
-2.41257 3.0963 0.955436 128 128 128
-2.38087 3.1342 0.957955 128 128 128
-2.34165 3.1624 0.957726 128 128 128
-2.30721 3.19722 0.959558 128 128 128
-2.26892 3.22688 0.960016 128 128 128
-2.23464 3.26252 0.962306 128 128 128
-2.1939 3.28889 0.962078 128 128 128
-2.15285 3.31475 0.961848 128 128 128
-2.1172 3.34915 0.964139 128 128 128
-2.07543 3.37405 0.96391 128 128 128
-2.03387 3.39926 0.96391 128 128 128
-1.99249 3.42481 0.964139 128 128 128
-1.95606 3.45917 0.966887 128 128 128
-1.91299 3.48206 0.966658 128 128 128
-1.86966 3.50442 0.966429 128 128 128
-1.82607 3.52623 0.9662 128 128 128
-1.78178 3.54664 0.965742 128 128 128
-1.73813 3.56823 0.965742 128 128 128
-1.69379 3.58841 0.965513 128 128 128
-1.6569 3.62487 0.969635 128 128 128
-1.60836 3.63603 0.967345 128 128 128
-1.5556 3.63669 0.962536 128 128 128
-0.464914 1.11754 0.316669 128 128 128
-0.449366 1.11864 0.315524 128 128 128
-1.42871 3.71238 0.967803 128 128 128
-1.37529 3.70864 0.962536 128 128 128
-0.41735 1.16101 0.322166 128 128 128
-1.28669 3.74956 0.964597 128 128 128
-1.23694 3.75397 0.961848 128 128 128
-1.19107 3.76979 0.962078 128 128 128
-1.14388 3.78133 0.96139 128 128 128
-1.09766 3.79602 0.961619 128 128 128
-1.04764 3.797 0.958642 128 128 128
-1.00343 3.81899 0.960932 128 128 128
-0.953435 3.81873 0.957955 128 128 128
-0.906501 3.83014 0.957955 128 128 128
-0.856892 3.82958 0.955207 128 128 128
-0.809233 3.83695 0.954519 128 128 128
-0.761899 3.84563 0.95429 128 128 128
-0.71412 3.85182 0.953603 128 128 128
-0.666469 3.85838 0.953145 128 128 128
-0.620447 3.87492 0.955207 128 128 128
-0.568052 3.84949 0.94742 128 128 128
-0.520511 3.85424 0.946961 128 128 128
-0.471765 3.84875 0.944213 128 128 128
-0.4245 3.85424 0.944213 128 128 128
-0.375765 3.84463 0.940778 128 128 128
-0.327658 3.83828 0.938258 128 128 128
-0.2813 3.85269 0.940778 128 128 128
-0.232783 3.83545 0.935968 128 128 128
-0.185009 3.82343 0.932533 128 128 128
-0.137768 3.81666 0.930471 128 128 128
-0.0908775 3.81612 0.930013 128 128 128
-0.0439083 3.80429 0.927036 128 128 128
0.00277947 3.80454 0.927036 128 128 128
0.0491658 3.78281 0.921997 128 128 128
0.0952754 3.77024 0.919249 128 128 128
0.141497 3.76782 0.91902 128 128 128
0.186486 3.7415 0.913294 128 128 128
0.232447 3.7399 0.913523 128 128 128
0.278177 3.73482 0.913065 128 128 128
0.322113 3.70979 0.908026 128 128 128
0.368682 3.71621 0.910546 128 128 128
0.41295 3.6998 0.907797 128 128 128
0.456991 3.68383 0.905278 128 128 128
0.502163 3.67795 0.905278 128 128 128
0.543646 3.64744 0.899552 128 128 128
0.588364 3.6405 0.899552 128 128 128
0.632322 3.62917 0.898636 128 128 128
0.668715 3.57808 0.88833 128 128 128
0.708166 3.54766 0.883062 128 128 128
0.747175 3.51776 0.878023 128 128 128
0.797166 3.5387 0.885352 128 128 128
0.839399 3.52392 0.884207 128 128 128
0.872337 3.47277 0.874359 128 128 128
0.903397 3.41853 0.863823 128 128 128
0.940054 3.38843 0.859243 128 128 128
0.983474 3.38318 0.860846 128 128 128
1.02122 3.35875 0.857869 128 128 128
1.06532 3.35524 0.860159 128 128 128
1.10365 3.3336 0.858098 128 128 128
1.14034 3.30785 0.85512 128 128 128
1.17623 3.28078 0.851914 128 128 128
1.20345 3.23145 0.843211 128 128 128
1.2409 3.211 0.841836 128 128 128
1.28058 3.19643 0.842066 128 128 128
1.30324 3.14093 0.831988 128 128 128
1.35517 3.156 0.840004 128 128 128
1.37756 3.10267 0.830614 128 128 128
1.41675 3.08818 0.831301 128 128 128
1.4466 3.05386 0.826949 128 128 128
1.4694 3.00616 0.819162 128 128 128
1.49476 2.96532 0.813208 128 128 128
1.52069 2.9269 0.80794 128 128 128
1.55281 2.90116 0.806108 128 128 128
1.58688 2.87933 0.805421 128 128 128
1.61728 2.85117 0.80313 128 128 128
1.63543 2.80255 0.795343 128 128 128
1.67171 2.7856 0.796259 128 128 128
1.68887 2.73756 0.788701 128 128 128
1.71502 2.70513 0.785495 128 128 128
1.72946 2.65536 0.777479 128 128 128
1.76137 2.63312 0.77725 128 128 128
1.78527 2.59929 0.773814 128 128 128
1.80186 2.55572 0.767631 128 128 128
1.8188 2.51372 0.761905 128 128 128
1.84311 2.48262 0.759385 128 128 128
1.85926 2.44125 0.753889 128 128 128
1.88728 2.41595 0.753202 128 128 128
1.90276 2.37516 0.747934 128 128 128
1.92743 2.34637 0.746331 128 128 128
1.95357 2.31956 0.745415 128 128 128
1.95067 2.25935 0.734192 128 128 128
1.96209 2.21705 0.728466 128 128 128
1.98391 2.18704 0.726634 128 128 128
2.02653 2.17962 0.732131 128 128 128
2.02623 2.12643 0.72297 128 128 128
2.02357 2.0722 0.71335 128 128 128
2.03505 2.03347 0.70877 128 128 128
2.04659 1.99545 0.704418 128 128 128
2.04338 1.94405 0.695486 128 128 128
2.06351 1.91553 0.694341 128 128 128
1.42874 1.29571 0.485694 128 128 128
1.46936 1.29996 0.493481 128 128 128
1.48816 1.28437 0.494397 128 128 128
2.10131 1.76694 0.677851 128 128 128
2.10927 1.72993 0.673728 128 128 128
1.65087 1.32157 0.529439 128 128 128
1.66696 1.30122 0.529439 128 128 128
1.74021 1.32418 0.546387 128 128 128
1.7665 1.31024 0.549365 128 128 128
1.84564 1.33397 0.567687 128 128 128
2.11766 1.49069 0.641206 128 128 128
2.14062 1.46788 0.64258 128 128 128
2.14713 1.43395 0.639373 128 128 128
2.16129 1.40538 0.638457 128 128 128
2.16438 1.36992 0.634564 128 128 128
1.40615 0.8677 0.420649 128 128 128
1.43341 0.860358 0.42523 128 128 128
1.45733 0.850522 0.428894 128 128 128
2.15015 1.21759 0.613264 128 128 128
2.12566 1.16959 0.602729 128 128 128
2.13641 1.14159 0.601812 128 128 128
2.13297 1.10635 0.597232 128 128 128
2.1194 1.06657 0.590132 128 128 128
2.12533 1.03708 0.5883 128 128 128
2.12204 1.00346 0.584177 128 128 128
1.85076 0.848135 0.510887 128 128 128
1.88508 0.835967 0.517071 128 128 128
1.91489 0.821174 0.52211 128 128 128
2.13362 0.883663 0.575245 128 128 128
2.11084 0.844099 0.566771 128 128 128
2.12377 0.819179 0.567458 128 128 128
2.12362 0.789342 0.564939 128 128 128
2.09829 0.750824 0.556235 128 128 128
2.08524 0.717457 0.550739 128 128 128
2.08002 0.687259 0.547303 128 128 128
2.07715 0.658174 0.544555 128 128 128
2.06364 0.626174 0.539287 128 128 128
2.05339 0.595684 0.534936 128 128 128
2.05023 0.567603 0.532416 128 128 128
2.0495 0.54043 0.530584 128 128 128
2.02481 0.507489 0.523026 128 128 128
2.02614 0.481487 0.521881 128 128 128
2.0186 0.453625 0.518674 128 128 128
2.0202 0.42802 0.517758 128 128 128
1.9957 0.397363 0.510658 128 128 128
1.98223 0.36949 0.506307 128 128 128
1.96551 0.341513 0.501268 128 128 128
1.96186 0.316144 0.499436 128 128 128
1.94344 0.2888 0.494168 128 128 128
1.91693 0.260922 0.487068 128 128 128
1.91612 0.236909 0.486152 128 128 128
1.90437 0.211793 0.482717 128 128 128
1.88745 0.186534 0.478136 128 128 128
1.88087 0.162622 0.476075 128 128 128
1.87495 0.13897 0.474242 128 128 128
1.85611 0.114734 0.469433 128 128 128
1.86613 0.0923622 0.471494 128 128 128
1.85837 0.0691481 0.469433 128 128 128
1.84837 0.0460943 0.466914 128 128 128
1.83323 0.0232451 0.463249 128 128 128
1.82169 0.000767786 0.460501 128 128 128
1.81572 -0.0215051 0.459126 128 128 128
1.79294 -0.0431957 0.453859 128 128 128
1.78839 -0.0650444 0.452943 128 128 128
1.76801 -0.0859957 0.448362 128 128 128
1.74934 -0.10658 0.44424 128 128 128
1.74304 -0.127672 0.443094 128 128 128
1.72389 -0.147518 0.438972 128 128 128
1.70355 -0.166816 0.43462 128 128 128
1.70814 -0.188471 0.436223 128 128 128
1.68252 -0.206517 0.430727 128 128 128
1.67793 -0.226884 0.430269 128 128 128
1.66347 -0.245723 0.42752 128 128 128
1.6536 -0.265023 0.425917 128 128 128
1.64447 -0.284286 0.424543 128 128 128
1.63608 -0.303546 0.423398 128 128 128
1.62746 -0.322642 0.422253 128 128 128
1.61671 -0.341166 0.420649 128 128 128
1.59816 -0.357755 0.417214 128 128 128
1.59081 -0.376661 0.416527 128 128 128
1.58418 -0.395677 0.416069 128 128 128
1.57074 -0.41284 0.414007 128 128 128
1.55993 -0.430517 0.412633 128 128 128
1.54519 -0.446899 0.410343 128 128 128
1.534 -0.464122 0.408969 128 128 128
1.52262 -0.481137 0.407595 128 128 128
1.51014 -0.497637 0.405991 128 128 128
1.49288 -0.512312 0.403243 128 128 128
1.47915 -0.527956 0.401411 128 128 128
1.46253 -0.54232 0.398891 128 128 128
1.45214 -0.558818 0.397975 128 128 128
1.42891 -0.570061 0.393853 128 128 128
1.41732 -0.585683 0.392708 128 128 128
1.40645 -0.601491 0.391792 128 128 128
1.39096 -0.61514 0.38973 128 128 128
1.36562 -0.624024 0.38515 128 128 128
1.3561 -0.6399 0.384692 128 128 128
1.3464 -0.655636 0.384234 128 128 128
1.33477 -0.670352 0.383317 128 128 128
1.32213 -0.684432 0.382172 128 128 128
1.30591 -0.696461 0.380111 128 128 128
1.2879 -0.707255 0.377592 128 128 128
1.27658 -0.721562 0.376905 128 128 128
1.25251 -0.728323 0.372782 128 128 128
1.23847 -0.740627 0.371408 128 128 128
1.22764 -0.754745 0.37095 128 128 128
1.21664 -0.768709 0.370492 128 128 128
1.20059 -0.779323 0.368659 128 128 128
1.20307 -0.802131 0.372095 128 128 128
1.1763 -0.805239 0.367285 128 128 128
1.16394 -0.817928 0.366598 128 128 128
1.15224 -0.831006 0.36614 128 128 128
1.14118 -0.844502 0.365911 128 128 128
1.13305 -0.860215 0.366598 128 128 128
1.12011 -0.872254 0.365911 128 128 128
1.1116 -0.887762 0.366598 128 128 128
1.09235 -0.894529 0.364079 128 128 128
1.06939 -0.897818 0.360414 128 128 128
1.06713 -0.918519 0.363163 128 128 128
1.04267 -0.919915 0.35904 128 128 128
1.0349 -0.935916 0.360185 128 128 128
1.02619 -0.9512 0.361101 128 128 128
1.01444 -0.963721 0.361101 128 128 128
1.00253 -0.976097 0.361101 128 128 128
0.990481 -0.988327 0.361101 128 128 128
0.978278 -1.00041 0.361101 128 128 128
0.963248 -1.00951 0.360185 128 128 128
0.947482 -1.01768 0.35904 128 128 128
0.934269 -1.02851 0.358811 128 128 128
0.92029 -1.03844 0.358353 128 128 128
0.907478 -1.04965 0.358353 128 128 128
0.894529 -1.06071 0.358353 128 128 128
0.882061 -1.07236 0.358582 128 128 128
0.868228 -1.08234 0.358353 128 128 128
0.241045 -1.38029 0.361559 128 128 128
0.224701 -1.38699 0.362476 128 128 128
0.207945 -1.39157 0.362934 128 128 128
0.191112 -1.39594 0.363392 128 128 128
0.174084 -1.39915 0.363621 128 128 128
0.157007 -1.40215 0.36385 128 128 128
0.139976 -1.40591 0.364308 128 128 128
0.122631 -1.40655 0.364079 128 128 128
0.105571 -1.41086 0.364766 128 128 128
0.0883656 -1.41399 0.365224 128 128 128
0.0711451 -1.41789 0.365911 128 128 128
0.0537742 -1.41963 0.36614 128 128 128
0.036482 -1.42602 0.367514 128 128 128
0.0190309 -1.43123 0.368659 128 128 128
0.00146783 -1.43038 0.36843 128 128 128
-0.0162631 -1.44294 0.371408 128 128 128
-0.0339178 -1.44069 0.37095 128 128 128
-0.0517074 -1.44308 0.371637 128 128 128
-0.0695113 -1.44428 0.372095 128 128 128
-0.0875368 -1.44818 0.37324 128 128 128
-0.105448 -1.44894 0.373698 128 128 128
-0.123391 -1.44947 0.374156 128 128 128
-0.142627 -1.46238 0.377592 128 128 128
-0.159907 -1.45471 0.376217 128 128 128
-0.178835 -1.46133 0.378279 128 128 128
-0.19755 -1.46481 0.379653 128 128 128
-0.217246 -1.47383 0.382401 128 128 128
-0.236254 -1.47682 0.383775 128 128 128
-0.255536 -1.48052 0.385379 128 128 128
-0.275124 -1.48493 0.387211 128 128 128
-0.294092 -1.48526 0.388127 128 128 128
-0.314939 -1.49391 0.391104 128 128 128
-0.336043 -1.50228 0.394082 128 128 128
-0.356266 -1.50561 0.395914 128 128 128
-0.37543 -1.50396 0.396601 128 128 128
-0.397104 -1.51147 0.399579 128 128 128
-0.417451 -1.51305 0.401182 128 128 128
-0.437351 -1.51248 0.402327 128 128 128
-0.461279 -1.52469 0.406678 128 128 128
-0.480251 -1.51984 0.406908 128 128 128
-0.501935 -1.52307 0.409198 128 128 128
-0.523453 -1.52508 0.411259 128 128 128
-0.545753 -1.52861 0.413778 128 128 128
-0.567197 -1.52909 0.415611 128 128 128
-0.588382 -1.52837 0.417214 128 128 128
-0.608183 -1.52375 0.417901 128 128 128
-0.630577 -1.52515 0.420191 128 128 128
-0.651171 -1.52177 0.421336 128 128 128
-0.675737 -1.527 0.424772 128 128 128
-0.694018 -1.51771 0.424543 128 128 128
-0.715515 -1.51524 0.426146 128 128 128
-0.735341 -1.50896 0.426833 128 128 128
-0.756877 -1.50591 0.428436 128 128 128
-0.777549 -1.50082 0.429582 128 128 128
-0.800052 -1.49889 0.431643 128 128 128
-0.834396 -1.51792 0.43943 128 128 128
-0.855367 -1.5118 0.440575 128 128 128
-0.878771 -1.50959 0.442865 128 128 128
-0.903755 -1.50953 0.445843 128 128 128
-0.926308 -1.50495 0.447675 128 128 128
-0.958285 -1.51483 0.45363 128 128 128
-0.979463 -1.50703 0.454775 128 128 128
-1.00385 -1.50379 0.457294 128 128 128
-1.02609 -1.49697 0.458897 128 128 128
-1.06349 -1.51129 0.466684 128 128 128
-1.08481 -1.50207 0.46783 128 128 128
-1.10781 -1.49489 0.469662 128 128 128
-1.1308 -1.48737 0.471494 128 128 128
-1.16338 -1.49177 0.476991 128 128 128
-1.17977 -1.47511 0.476304 128 128 128
-1.20149 -1.46503 0.477678 128 128 128
-1.22817 -1.46058 0.480884 128 128 128
-1.246 -1.4454 0.480884 128 128 128
-1.27398 -1.44165 0.484549 128 128 128
-1.30664 -1.44247 0.489817 128 128 128
-1.33155 -1.43416 0.492336 128 128 128
-1.35308 -1.42193 0.49371 128 128 128
-1.38678 -1.42191 0.499207 128 128 128
-1.41446 -1.4151 0.502642 128 128 128
-1.4401 -1.40577 0.505391 128 128 128
-1.46571 -1.39604 0.508139 128 128 128
-1.49417 -1.38852 0.511804 128 128 128
-1.52121 -1.37922 0.51501 128 128 128
-1.55043 -1.37139 0.518903 128 128 128
-1.59003 -1.37193 0.526003 128 128 128
-1.61794 -1.36169 0.529439 128 128 128
-1.63678 -1.34358 0.530126 128 128 128
-1.67218 -1.33857 0.535852 128 128 128
-1.69232 -1.32093 0.536997 128 128 128
-1.71305 -1.3036 0.538371 128 128 128
-1.7391 -1.29 0.541348 128 128 128
-1.76112 -1.27311 0.543181 128 128 128
-1.79255 -1.26258 0.547761 128 128 128
-1.81514 -1.24543 0.549823 128 128 128
-1.86351 -1.24518 0.559213 128 128 128
-1.88845 -1.22857 0.561961 128 128 128
-1.91903 -1.21517 0.566313 128 128 128
-1.94541 -1.19866 0.569519 128 128 128
-1.97251 -1.18218 0.572955 128 128 128
-2.00202 -1.16668 0.577077 128 128 128
-2.02976 -1.14967 0.580742 128 128 128
-2.05822 -1.13263 0.584635 128 128 128
-2.09173 -1.11781 0.589903 128 128 128
-2.11221 -1.09563 0.591735 128 128 128
-2.13159 -1.07268 0.593338 128 128 128
-2.14897 -1.04857 0.594484 128 128 128
-2.18281 -1.03207 0.59998 128 128 128
-2.20683 -1.01045 0.602958 128 128 128
-2.22707 -0.986832 0.605019 128 128 128
-2.27304 -0.973941 0.613722 128 128 128
-2.30282 -0.953392 0.618303 128 128 128
-2.33605 -0.933697 0.623799 128 128 128
-2.35824 -0.909144 0.626548 128 128 128
-2.38566 -0.886212 0.63067 128 128 128
-2.41286 -0.862743 0.634793 128 128 128
-2.4334 -0.836534 0.637312 128 128 128
-2.474 -0.816631 0.64487 128 128 128
-2.49033 -0.788256 0.646473 128 128 128
-2.51846 -0.763254 0.651054 128 128 128
-2.53138 -0.733369 0.65197 128 128 128
-2.56177 -0.708183 0.657238 128 128 128
-2.61359 -0.688027 0.667773 128 128 128
-2.697 -0.604692 0.682202 128 128 128
-2.68326 -0.567152 0.677164 128 128 128
-2.6967 -0.535499 0.678767 128 128 128
-2.74519 -0.51013 0.688844 128 128 128
-2.77523 -0.480521 0.69457 128 128 128
-2.79342 -0.448417 0.697547 128 128 128
-2.82375 -0.417772 0.703502 128 128 128
-2.83831 -0.384382 0.705792 128 128 128
-2.85248 -0.350697 0.708083 128 128 128
-2.86334 -0.316405 0.709686 128 128 128
-2.88348 -0.282836 0.713579 128 128 128
-2.91583 -0.249883 0.72045 128 128 128
-2.94781 -0.216179 0.727321 128 128 128
-2.96384 -0.1808 0.730528 128 128 128
-2.99404 -0.14575 0.73717 128 128 128
-3.01116 -0.109543 0.740834 128 128 128
-3.02591 -0.0728933 0.74404 128 128 128
-3.04799 -0.0359798 0.749079 128 128 128
-3.12233 0.113764 0.688645 128 128 128
-3.14025 0.153016 0.692756 128 128 128
-3.15279 0.192428 0.695838 128 128 128
-3.20388 0.235018 0.707142 128 128 128
-3.21343 0.275398 0.709814 128 128 128
-3.2137 0.315191 0.710636 128 128 128
-3.23002 0.356853 0.714952 128 128 128
-3.24871 0.399319 0.719884 128 128 128
-3.26102 0.441512 0.723584 128 128 128
-3.27666 0.484638 0.728105 128 128 128
-3.2753 0.525585 0.729133 128 128 128
-3.28596 0.568735 0.732832 128 128 128
-3.29124 0.611335 0.735504 128 128 128
-3.29885 0.654719 0.738792 128 128 128
-3.28387 0.693739 0.737354 128 128 128
-3.29898 0.739325 0.742492 128 128 128
-3.33112 0.832862 0.75359 128 128 128
-3.41341 0.898044 0.773731 128 128 128
-3.37383 0.932057 0.767565 128 128 128
-3.36402 0.973933 0.767976 128 128 128
-3.35556 1.01627 0.768798 128 128 128
-3.35963 1.06268 0.772498 128 128 128
-3.34727 1.10414 0.772703 128 128 128
-3.3492 1.15053 0.776197 128 128 128
-3.35327 1.19812 0.780308 128 128 128
-3.33831 1.23918 0.780308 128 128 128
-3.33564 1.28497 0.783185 128 128 128
-3.33235 1.33089 0.786062 128 128 128
-3.32571 1.37579 0.788323 128 128 128
-3.32118 1.42189 0.7912 128 128 128
-3.23456 1.43205 0.775375 128 128 128
-3.25591 1.48954 0.784418 128 128 128
-3.28075 1.54985 0.794488 128 128 128
-3.28964 1.60371 0.801065 128 128 128
-3.27671 1.64747 0.802709 128 128 128
-3.27102 1.6952 0.806203 128 128 128
-3.26551 1.74351 0.809903 128 128 128
-3.25417 1.7891 0.812369 128 128 128
-3.24304 1.83516 0.815041 128 128 128
-3.23296 1.8822 0.818123 128 128 128
-3.21802 1.92676 0.820179 128 128 128
-3.2033 1.97174 0.822439 128 128 128
-3.18714 2.01613 0.824495 128 128 128
-3.17857 2.06575 0.828605 128 128 128
-3.15461 2.10569 0.829016 128 128 128
-3.13661 2.14977 0.831071 128 128 128
-3.1148 2.19148 0.832304 128 128 128
-1.0901 0.788217 0.315008 128 128 128
-1.06461 0.789888 0.310898 128 128 128
-1.03302 0.786318 0.305143 128 128 128
-1.03487 0.807958 0.308226 128 128 128
-1.04017 0.832814 0.312336 128 128 128
-1.03139 0.846756 0.312747 128 128 128
-2.958 2.48652 0.844019 128 128 128
-2.9154 2.51241 0.840731 128 128 128
-2.90269 2.56419 0.845869 128 128 128
-2.87463 2.6029 0.846896 128 128 128
-2.84893 2.64397 0.848746 128 128 128
-2.81982 2.68211 0.849774 128 128 128
-2.79581 2.72539 0.852445 128 128 128
-2.77046 2.76779 0.854912 128 128 128
-2.73834 2.80368 0.855528 128 128 128
-2.70103 2.83424 0.854706 128 128 128
-2.67271 2.87433 0.856761 128 128 128
-2.65237 2.92358 0.861488 128 128 128
-2.61824 2.95811 0.862105 128 128 128
-2.5843 2.99297 0.862927 128 128 128
-2.54233 3.01848 0.861283 128 128 128
-2.51007 3.0555 0.862927 128 128 128
-2.48096 3.09676 0.865804 128 128 128
-2.44337 3.12774 0.86601 128 128 128
-2.4048 3.15749 0.86601 128 128 128
-2.37113 3.19383 0.867859 128 128 128
-2.33348 3.22507 0.868476 128 128 128
-2.29091 3.24946 0.867448 128 128 128
-2.25806 3.28781 0.87012 128 128 128
-2.21319 3.30877 0.868476 128 128 128
-2.17776 3.34388 0.870531 128 128 128
-2.13552 3.3687 0.87012 128 128 128
-2.0935 3.39382 0.869915 128 128 128
-2.0522 3.42009 0.87012 128 128 128
-2.01353 3.45093 0.871559 128 128 128
-1.96524 3.46517 0.869093 128 128 128
-1.92682 3.49674 0.870942 128 128 128
-1.88792 3.52789 0.872792 128 128 128
-1.84449 3.55079 0.872792 128 128 128
-1.79989 3.57141 0.872381 128 128 128
-1.75679 3.59498 0.872792 128 128 128
-1.71087 3.61273 0.87197 128 128 128
-1.66436 3.62901 0.870942 128 128 128
-1.61414 3.63664 0.868065 128 128 128
-1.5748 3.66876 0.870942 128 128 128
-0.463161 1.11908 0.286852 128 128 128
-1.48356 3.70449 0.870531 128 128 128
-1.4274 3.69503 0.864366 128 128 128
-0.42439 1.14271 0.288496 128 128 128
-1.34125 3.74277 0.867448 128 128 128
-1.29458 3.75709 0.867037 128 128 128
-1.24437 3.76062 0.864366 128 128 128
-1.20139 3.78587 0.866626 128 128 128
-1.15484 3.80032 0.866626 128 128 128
-1.10484 3.80293 0.86416 128 128 128
-1.06071 3.82564 0.866215 128 128 128
-1.01043 3.82606 0.863544 128 128 128
-0.960537 3.82679 0.861077 128 128 128
-0.915774 3.84781 0.863132 128 128 128
-0.863751 3.83775 0.858611 128 128 128
-0.815981 3.84519 0.857994 128 128 128
-0.768925 3.85587 0.8582 128 128 128
-0.721369 3.86406 0.857994 128 128 128
-0.67188 3.86105 0.855528 128 128 128
-0.622417 3.85644 0.852856 128 128 128
-0.57519 3.86476 0.853062 128 128 128
-0.525865 3.85795 0.850185 128 128 128
-0.477035 3.85246 0.847718 128 128 128
-0.428419 3.84635 0.845252 128 128 128
-0.379832 3.83769 0.842375 128 128 128
-0.332116 3.83523 0.840936 128 128 128
-0.28459 3.83316 0.839703 128 128 128
-0.237408 3.83441 0.839292 128 128 128
-0.189848 3.82727 0.837237 128 128 128
-0.142056 3.80779 0.832715 128 128 128
-0.0949459 3.79457 0.829633 128 128 128
-0.0482197 3.78371 0.827166 128 128 128
-0.0017841 3.78402 0.827166 128 128 128
0.0446293 3.7818 0.826755 128 128 128
0.0908256 3.77216 0.824906 128 128 128
0.137039 3.7688 0.824495 128 128 128
0.182191 3.74436 0.819768 128 128 128
0.227535 3.73207 0.817712 128 128 128
0.273885 3.7368 0.819357 128 128 128
0.31864 3.72049 0.816685 128 128 128
0.363321 3.70655 0.81463 128 128 128
0.407708 3.69209 0.812574 128 128 128
0.452628 3.68389 0.811958 128 128 128
0.49479 3.65576 0.807231 128 128 128
0.534902 3.61746 0.800449 128 128 128
0.5808 3.62029 0.802504 128 128 128
0.622352 3.59649 0.79901 128 128 128
0.666797 3.59051 0.799421 128 128 128
0.701681 3.53597 0.789556 128 128 128
0.738358 3.4955 0.782774 128 128 128
0.786324 3.50909 0.787706 128 128 128
0.823469 3.47442 0.782363 128 128 128
0.861066 3.44411 0.778047 128 128 128
0.905255 3.44086 0.779691 128 128 128
0.941686 3.40874 0.775169 128 128 128
0.979912 3.3847 0.772498 128 128 128
1.01797 3.36118 0.770031 128 128 128
1.05502 3.33537 0.767154 128 128 128
1.09311 3.31381 0.765305 128 128 128
1.13687 3.3094 0.76736 128 128 128
1.16227 3.2528 0.757906 128 128 128
1.20107 3.23554 0.757289 128 128 128
1.23296 3.20046 0.752768 128 128 128
1.26344 3.16328 0.747835 128 128 128
1.29281 3.12492 0.742697 128 128 128
1.32722 3.09982 0.740642 128 128 128
1.35882 3.06898 0.737354 128 128 128
1.38499 3.02715 0.731599 128 128 128
1.41535 2.99577 0.728311 128 128 128
1.44815 2.97026 0.726461 128 128 128
1.47922 2.94177 0.723995 128 128 128
1.51116 2.91557 0.722145 128 128 128
1.54406 2.89163 0.720912 128 128 128
1.56812 2.85188 0.715979 128 128 128
1.59481 2.81794 0.712486 128 128 128
1.62829 2.79646 0.712075 128 128 128
1.64992 2.75527 0.706937 128 128 128
1.67284 2.71731 0.702621 128 128 128
1.68828 2.66845 0.695633 128 128 128
1.70598 2.62455 0.689878 128 128 128
1.74023 2.60668 0.6907 128 128 128
1.75715 2.56332 0.685151 128 128 128
1.75865 2.49914 0.674259 128 128 128
1.79491 2.4853 0.676314 128 128 128
1.79848 2.42691 0.66686 128 128 128
1.83464 2.41323 0.669121 128 128 128
1.86171 2.38744 0.668299 128 128 128
1.85055 2.31396 0.654734 128 128 128
1.90734 2.3259 0.664188 128 128 128
1.91433 2.27684 0.6572 128 128 128
1.94277 2.25392 0.657406 128 128 128
1.92106 2.17415 0.641786 128 128 128
1.96729 2.17218 0.647952 128 128 128
1.94788 2.09836 0.633771 128 128 128
1.97012 2.07075 0.632743 128 128 128
1.99879 2.04992 0.633771 128 128 128
2.00306 2.00446 0.627605 128 128 128
2.01071 1.96332 0.622673 128 128 128
2.03819 1.94187 0.6237 128 128 128
2.04539 1.90138 0.618974 128 128 128
1.42078 1.28804 0.435238 128 128 128
1.45187 1.28414 0.439554 128 128 128
1.53342 1.32317 0.457845 128 128 128
2.0786 1.75016 0.603148 128 128 128
2.05683 1.6891 0.591434 128 128 128
2.06289 1.6521 0.587529 128 128 128
2.08455 1.62787 0.58794 128 128 128
2.08258 1.58555 0.582185 128 128 128
1.79865 1.33459 0.502854 128 128 128
1.81964 1.31587 0.504087 128 128 128
1.87564 1.32165 0.514363 128 128 128
1.88042 1.29077 0.511486 128 128 128
2.11896 1.41676 0.567799 128 128 128
2.14356 1.39546 0.569649 128 128 128
1.39529 0.88358 0.379336 128 128 128
1.39687 0.860736 0.377075 128 128 128
1.42579 0.854613 0.381597 128 128 128
2.04127 1.19039 0.52875 128 128 128
2.11701 1.20003 0.543547 128 128 128
2.11958 1.16735 0.54067 128 128 128
2.11735 1.13247 0.536765 128 128 128
2.12067 1.10099 0.534299 128 128 128
2.12616 1.07091 0.532449 128 128 128
2.12859 1.03958 0.529983 128 128 128
2.09962 0.993681 0.520323 128 128 128
2.10543 0.964982 0.518885 128 128 128
2.08671 0.925563 0.511897 128 128 128
1.96123 0.841165 0.480658 128 128 128
1.96508 0.814407 0.479219 128 128 128
2.0367 0.814993 0.493195 128 128 128
2.11774 0.81747 0.509225 128 128 128
2.02766 0.754171 0.486824 128 128 128
2.03492 0.728571 0.486412 128 128 128
2.0326 0.699715 0.483946 128 128 128
2.04289 0.675334 0.484357 128 128 128
2.0445 0.64814 0.482919 128 128 128
2.0317 0.616735 0.478397 128 128 128
2.03629 0.590936 0.477781 128 128 128
2.02359 0.560405 0.473465 128 128 128
2.00761 0.529526 0.468532 128 128 128
2.01396 0.504849 0.468532 128 128 128
1.99239 0.473516 0.462572 128 128 128
1.99996 0.449461 0.462983 128 128 128
1.93162 0.409217 0.447158 128 128 128
1.97872 0.393918 0.456201 128 128 128
1.96417 0.366008 0.45209 128 128 128
1.94055 0.337001 0.44613 128 128 128
1.93391 0.311444 0.44387 128 128 128
1.91823 0.2848 0.439759 128 128 128
1.90704 0.259251 0.436676 128 128 128
1.89648 0.234141 0.433799 128 128 128
1.88948 0.209764 0.431744 128 128 128
1.88412 0.185787 0.4301 128 128 128
1.87359 0.16155 0.427428 128 128 128
1.86176 0.137527 0.424551 128 128 128
1.84866 0.113758 0.421468 128 128 128
1.84014 0.090575 0.419413 128 128 128
1.83623 0.0678026 0.418385 128 128 128
1.83301 0.0451649 0.417563 128 128 128
1.82755 0.0225908 0.41633 128 128 128
1.82182 0.000157373 0.415097 128 128 128
1.80994 -0.0220648 0.41263 128 128 128
1.7792 -0.0435545 0.406259 128 128 128
1.7668 -0.0649622 0.403793 128 128 128
1.76294 -0.086497 0.403176 128 128 128
1.75002 -0.107414 0.40071 128 128 128
1.73881 -0.12817 0.398655 128 128 128
1.72833 -0.148749 0.396805 128 128 128
1.71858 -0.169186 0.395161 128 128 128
1.70665 -0.189193 0.393106 128 128 128
1.68866 -0.208218 0.389818 128 128 128
1.6724 -0.227092 0.38694 128 128 128
1.6569 -0.245741 0.384269 128 128 128
1.64602 -0.264818 0.382624 128 128 128
1.6359 -0.283832 0.381186 128 128 128
1.6246 -0.302459 0.379542 128 128 128
1.61596 -0.321422 0.378514 128 128 128
1.60519 -0.339815 0.377075 128 128 128
1.59422 -0.357992 0.375637 128 128 128
1.58399 -0.376176 0.374404 128 128 128
1.57356 -0.394164 0.37317 128 128 128
1.56103 -0.411455 0.371526 128 128 128
1.5502 -0.429019 0.370293 128 128 128
1.53824 -0.446107 0.368854 128 128 128
1.52515 -0.462684 0.36721 128 128 128
1.51376 -0.479596 0.365977 128 128 128
1.50219 -0.496299 0.364744 128 128 128
1.48117 -0.509614 0.361456 128 128 128
1.46651 -0.524792 0.359606 128 128 128
1.46088 -0.543089 0.359812 128 128 128
1.43492 -0.553595 0.355496 128 128 128
1.41984 -0.567898 0.353646 128 128 128
1.40191 -0.580793 0.35118 128 128 128
1.39378 -0.597569 0.350974 128 128 128
1.38366 -0.61344 0.350358 128 128 128
1.37068 -0.627932 0.349124 128 128 128
1.35668 -0.641782 0.347686 128 128 128
1.34342 -0.655811 0.346453 128 128 128
1.33265 -0.670929 0.345836 128 128 128
1.31476 -0.682283 0.343575 128 128 128
1.29851 -0.69422 0.341726 128 128 128
1.28561 -0.707746 0.340698 128 128 128
1.2666 -0.717689 0.338232 128 128 128
1.24332 -0.724813 0.334738 128 128 128
1.23433 -0.740016 0.334738 128 128 128
1.23099 -0.758696 0.336177 128 128 128
1.21332 -0.768516 0.334121 128 128 128
1.20133 -0.781749 0.333505 128 128 128
1.18676 -0.793174 0.332272 128 128 128
1.17533 -0.806572 0.331861 128 128 128
1.16374 -0.819808 0.33145 128 128 128
0.286923 -1.3563 0.32364 128 128 128
0.271216 -1.36452 0.324667 128 128 128
0.254991 -1.37063 0.325284 128 128 128
0.238824 -1.37751 0.326106 128 128 128
0.222058 -1.38131 0.326312 128 128 128
0.206246 -1.39167 0.327956 128 128 128
0.18955 -1.397 0.328572 128 128 128
0.172392 -1.39923 0.328572 128 128 128
0.155644 -1.40513 0.329394 128 128 128
0.138679 -1.40985 0.330011 128 128 128
0.121622 -1.41437 0.330628 128 128 128
0.104329 -1.41673 0.330833 128 128 128
0.0872396 -1.42279 0.331861 128 128 128
0.0699197 -1.42669 0.332477 128 128 128
0.0525173 -1.43037 0.333094 128 128 128
0.0350598 -1.43482 0.333916 128 128 128
0.0174753 -1.4371 0.334327 128 128 128
-0.000159047 -1.44014 0.334944 128 128 128
-0.0178654 -1.44297 0.33556 128 128 128
-0.0357108 -1.44851 0.336793 128 128 128
-0.0536596 -1.45285 0.337821 128 128 128
-0.0715315 -1.45306 0.338026 128 128 128
-0.0894167 -1.45305 0.338232 128 128 128
-0.107882 -1.46063 0.340082 128 128 128
-0.126047 -1.46212 0.340698 128 128 128
-0.143885 -1.45949 0.340493 128 128 128
-0.16232 -1.46248 0.34152 128 128 128
-0.180731 -1.46426 0.342342 128 128 128
-0.199864 -1.47066 0.344192 128 128 128
-0.218896 -1.47488 0.345631 128 128 128
-0.238525 -1.48174 0.347686 128 128 128
-0.257523 -1.48353 0.348713 128 128 128
-0.276779 -1.48603 0.349947 128 128 128
-0.296705 -1.49116 0.351796 128 128 128
-0.316798 -1.49603 0.353646 128 128 128
-0.337269 -1.50158 0.355701 128 128 128
-0.358149 -1.5078 0.357962 128 128 128
-0.376388 -1.50234 0.357756 128 128 128
-0.400266 -1.51843 0.362278 128 128 128
-0.419911 -1.51718 0.3631 128 128 128
-0.437953 -1.51003 0.362689 128 128 128
-0.459851 -1.51579 0.365155 128 128 128
-0.480775 -1.5175 0.366799 128 128 128
-0.503648 -1.52449 0.369677 128 128 128
-0.522953 -1.52005 0.370088 128 128 128
-0.549462 -1.53564 0.37502 128 128 128
-0.570987 -1.53612 0.376664 128 128 128
-0.592255 -1.53539 0.378103 128 128 128
-0.612502 -1.53165 0.378925 128 128 128
-0.633494 -1.52944 0.380158 128 128 128
-0.660297 -1.54045 0.384474 128 128 128
-0.675588 -1.52417 0.382624 128 128 128
-0.695868 -1.51933 0.383446 128 128 128
-0.71822 -1.51864 0.385296 128 128 128
-0.744087 -1.52467 0.38879 128 128 128
-0.764498 -1.51892 0.389612 128 128 128
-0.78803 -1.51899 0.391873 128 128 128
-0.809374 -1.51438 0.393106 128 128 128
-0.830253 -1.50862 0.394134 128 128 128
-0.85641 -1.51195 0.397422 128 128 128
-0.880805 -1.51148 0.399888 128 128 128
-0.907828 -1.51484 0.403382 128 128 128
-0.930963 -1.51108 0.405232 128 128 128
-0.958849 -1.51444 0.408931 128 128 128
-0.988554 -1.51979 0.413247 128 128 128
-1.01202 -1.51487 0.415097 128 128 128
-1.03717 -1.51203 0.417563 128 128 128
-1.06577 -1.5136 0.421262 128 128 128
-1.0877 -1.50517 0.422495 128 128 128
-1.11308 -1.50115 0.424962 128 128 128
-1.14148 -1.50062 0.428456 128 128 128
-1.16522 -1.49345 0.430305 128 128 128
-1.18835 -1.48516 0.431949 128 128 128
-1.20959 -1.47425 0.432977 128 128 128
-1.22759 -1.45929 0.432977 128 128 128
-1.25434 -1.4545 0.435854 128 128 128
-1.28117 -1.44927 0.438732 128 128 128
-1.3179 -1.45448 0.444692 128 128 128
-1.3403 -1.44322 0.44613 128 128 128
-1.36533 -1.43447 0.448391 128 128 128
-1.38761 -1.42251 0.44983 128 128 128
-1.41741 -1.41784 0.453529 128 128 128
-1.4396 -1.40513 0.454968 128 128 128
-1.4794 -1.40897 0.461544 128 128 128
-1.53025 -1.42205 0.471204 128 128 128
-1.54903 -1.40448 0.471615 128 128 128
-1.57348 -1.39185 0.47367 128 128 128
-1.59711 -1.3782 0.47552 128 128 128
-1.62363 -1.36669 0.478192 128 128 128
-1.64935 -1.35412 0.480658 128 128 128
-1.66889 -1.33623 0.48148 128 128 128
-1.70598 -1.33192 0.487029 128 128 128
-1.72765 -1.31504 0.488468 128 128 128
-1.7523 -1.30016 0.490728 128 128 128
-1.77684 -1.28487 0.492989 128 128 128
-1.79807 -1.26692 0.494428 128 128 128
-1.83042 -1.2564 0.498744 128 128 128
-1.87254 -1.25181 0.505526 128 128 128
-1.89186 -1.23141 0.506554 128 128 128
-1.93162 -1.22383 0.512719 128 128 128
-1.95898 -1.20774 0.515802 128 128 128
-1.98456 -1.19016 0.518474 128 128 128
-2.01846 -1.17707 0.523201 128 128 128
-2.04126 -1.15704 0.525256 128 128 128
-2.08273 -1.14703 0.531833 128 128 128
-2.10614 -1.12646 0.534093 128 128 128
-2.12414 -1.10279 0.535121 128 128 128
-2.15761 -1.08678 0.539848 128 128 128
-2.18397 -1.06667 0.542931 128 128 128
-2.20751 -1.04482 0.545397 128 128 128
-2.22995 -1.02214 0.547658 128 128 128
-2.25932 -1.00225 0.551563 128 128 128
-2.29303 -0.983719 0.556495 128 128 128
-2.32662 -0.964513 0.561428 128 128 128
-2.34827 -0.939894 0.563688 128 128 128
-2.37606 -0.91736 0.567388 128 128 128
-2.40273 -0.893943 0.570882 128 128 128
-2.57428 -0.816456 0.599655 128 128 128
-2.58785 -0.785944 0.600477 128 128 128
-2.5973 -0.754128 0.600477 128 128 128
-2.59598 -0.719319 0.598216 128 128 128
-2.62164 -0.691911 0.601915 128 128 128
-2.64987 -0.664698 0.606231 128 128 128
-2.67211 -0.635534 0.609314 128 128 128
-2.70453 -0.60829 0.614658 128 128 128
-2.72615 -0.578108 0.61774 128 128 128
-2.75607 -0.549212 0.622673 128 128 128
-2.7703 -0.516789 0.624317 128 128 128
-2.8015 -0.487125 0.629661 128 128 128
-2.81692 -0.454272 0.631716 128 128 128
-2.84649 -0.42328 0.636854 128 128 128
-2.85437 -0.388715 0.63747 128 128 128
-2.87447 -0.355588 0.640759 128 128 128
-2.88931 -0.321483 0.643019 128 128 128
-2.98117 -0.221032 0.660283 128 128 128
-3.00124 -0.185527 0.663983 128 128 128
-3.03457 -0.150246 0.670559 128 128 128
-3.05574 -0.113732 0.67467 128 128 128
-3.07647 -0.0767219 0.67878 128 128 128
-3.10411 -0.00223321 0.604093 128 128 128
-3.12062 0.0360738 0.607167 128 128 128
-3.15534 0.0752548 0.613678 128 128 128
-3.13845 0.113382 0.610785 128 128 128
-3.14664 0.152375 0.612593 128 128 128
-3.18282 0.193352 0.619647 128 128 128
-3.24891 0.398562 0.635201 128 128 128
-3.26717 0.441591 0.639542 128 128 128
-3.27317 0.483389 0.641712 128 128 128
-3.28641 0.526656 0.645329 128 128 128
-3.2923 0.569138 0.647681 128 128 128
-3.29474 0.611303 0.649489 128 128 128
-3.30628 0.655537 0.653106 128 128 128
-3.30664 0.697898 0.654734 128 128 128
-3.30838 0.7408 0.656724 128 128 128
-3.30287 0.782254 0.657447 128 128 128
-3.3245 0.830631 0.663416 128 128 128
-3.32452 0.874128 0.665405 128 128 128
-3.34292 0.923007 0.671012 128 128 128
-3.34929 0.969176 0.674448 128 128 128
-3.37572 1.02193 0.681864 128 128 128
-3.37418 1.06685 0.684034 128 128 128
-3.33469 1.09952 0.67897 128 128 128
-3.32745 1.1426 0.680236 128 128 128
-3.33818 1.19231 0.685119 128 128 128
-3.35924 1.24657 0.692173 128 128 128
-3.34094 1.28664 0.69163 128 128 128
-3.33129 1.3301 0.692896 128 128 128
-3.32289 1.37427 0.694524 128 128 128
-3.32566 1.42348 0.698503 128 128 128
-3.2567 1.44144 0.688194 128 128 128
-3.27363 1.49729 0.695247 128 128 128
-3.29945 1.5584 0.704291 128 128 128
-3.29068 1.60395 0.706461 128 128 128
-3.28041 1.64908 0.70845 128 128 128
-3.2704 1.69465 0.710621 128 128 128
-3.25976 1.74023 0.712791 128 128 128
-3.2597 1.79197 0.717313 128 128 128
-3.24431 1.83572 0.718759 128 128 128
-3.23258 1.88184 0.721111 128 128 128
-3.21767 1.92642 0.722919 128 128 128
-3.21137 1.97661 0.726717 128 128 128
-3.19352 2.02008 0.728164 128 128 128
-3.17508 2.06341 0.729611 128 128 128
-3.15769 2.10769 0.73142 128 128 128
-3.14618 2.1563 0.734675 128 128 128
-3.12672 2.19985 0.736303 128 128 128
-1.08845 0.782744 0.279806 128 128 128
-1.06139 0.783143 0.275827 128 128 128
-1.0384 0.785978 0.272753 128 128 128
-1.02791 0.798056 0.272572 128 128 128
-1.01343 0.80692 0.271487 128 128 128
-1.02625 0.838026 0.276912 128 128 128
-2.99715 2.51957 0.753304 128 128 128
-2.93177 2.52659 0.744985 128 128 128
-2.90202 2.56368 0.745346 128 128 128
-2.87835 2.60637 0.747336 128 128 128
-2.84471 2.64015 0.746974 128 128 128
-2.81708 2.67961 0.74824 128 128 128
-2.77624 2.70642 0.746251 128 128 128
-2.75255 2.75003 0.748783 128 128 128
-2.73096 2.79628 0.752038 128 128 128
-2.69237 2.8253 0.750953 128 128 128
-2.67355 2.87543 0.755294 128 128 128
-2.63608 2.90584 0.754751 128 128 128
-2.60413 2.94239 0.755836 128 128 128
-2.57361 2.98083 0.757464 128 128 128
-2.53493 3.00993 0.756921 128 128 128
-2.54021 3.09253 0.76922 128 128 128
-2.48057 3.09658 0.76289 128 128 128
-2.43452 3.11671 0.760539 128 128 128
-2.39371 3.14322 0.759815 128 128 128
-2.36081 3.18026 0.761624 128 128 128
-2.32219 3.20979 0.761805 128 128 128
-2.28658 3.24367 0.763071 128 128 128
-2.24438 3.26824 0.762347 128 128 128
-2.20301 3.2939 0.761986 128 128 128
-2.16832 3.32976 0.763975 128 128 128
-2.12572 3.35362 0.763432 128 128 128
-2.0875 3.38448 0.764518 128 128 128
-2.04581 3.40984 0.764518 128 128 128
-2.00777 3.44149 0.765965 128 128 128
-1.96345 3.46245 0.765241 128 128 128
-1.92223 3.48887 0.765784 128 128 128
-1.87649 3.50699 0.764699 128 128 128
-1.83694 3.53674 0.766145 128 128 128
-1.79207 3.55638 0.765603 128 128 128
-1.74786 3.57722 0.765422 128 128 128
-1.70383 3.5984 0.765422 128 128 128
-1.65955 3.61903 0.765422 128 128 128
-1.60108 3.60765 0.759092 128 128 128
-0.483589 1.11975 0.25756 128 128 128
-0.475073 1.13832 0.260092 128 128 128
-1.47596 3.68606 0.763432 128 128 128
-1.43238 3.70848 0.764337 128 128 128
-0.441065 1.17716 0.264433 128 128 128
-1.33466 3.72492 0.7609 128 128 128
-1.2898 3.74381 0.761443 128 128 128
-1.24346 3.75842 0.761262 128 128 128
-1.19665 3.77152 0.7609 128 128 128
-1.14714 3.77557 0.758911 128 128 128
-1.10017 3.78747 0.758549 128 128 128
-1.05335 3.79974 0.758368 128 128 128
-1.00614 3.81047 0.758007 128 128 128
-0.956447 3.81108 0.755836 128 128 128
-0.906206 3.80818 0.753123 128 128 128
-0.859406 3.81901 0.753123 128 128 128
-0.811866 3.82639 0.752581 128 128 128
-0.762554 3.82448 0.75041 128 128 128
-0.71359 3.82292 0.748421 128 128 128
-0.664612 3.81976 0.746251 128 128 128
-0.617065 3.82374 0.745527 128 128 128
-0.570239 3.832 0.745708 128 128 128
-0.521458 3.82604 0.743357 128 128 128
-0.473029 3.82043 0.741186 128 128 128
-0.424817 3.81422 0.739016 128 128 128
-0.377691 3.81621 0.738473 128 128 128
-0.330916 3.82154 0.738654 128 128 128
-0.283061 3.81256 0.736303 128 128 128
-0.236254 3.81574 0.736303 128 128 128
-0.188696 3.80362 0.73359 128 128 128
-0.142077 3.80762 0.733952 128 128 128
-0.0952935 3.80711 0.73359 128 128 128
-0.0483025 3.78537 0.72943 128 128 128
-0.00184716 3.78469 0.72925 128 128 128
0.0445717 3.78246 0.728888 128 128 128
0.0906887 3.76983 0.726717 128 128 128
0.13687 3.76647 0.726356 128 128 128
0.182787 3.75861 0.725271 128 128 128
0.22768 3.73646 0.721653 128 128 128
0.273442 3.7324 0.721472 128 128 128
0.319139 3.72778 0.721292 128 128 128
0.362631 3.70108 0.717132 128 128 128
0.406714 3.68462 0.714961 128 128 128
0.450448 3.66764 0.712791 128 128 128
0.49489 3.65794 0.712068 128 128 128
0.533222 3.60781 0.703929 128 128 128
0.578709 3.60876 0.705376 128 128 128
0.615697 3.55973 0.697599 128 128 128
0.658973 3.54997 0.697237 128 128 128
0.701525 3.53679 0.696333 128 128 128
0.740789 3.50868 0.692715 128 128 128
0.780982 3.48685 0.690364 128 128 128
0.820979 3.46552 0.688194 128 128 128
0.860091 3.44183 0.685662 128 128 128
0.899499 3.42056 0.683672 128 128 128
0.940619 3.40642 0.68313 128 128 128
0.977135 3.37667 0.679693 128 128 128
1.01821 3.36349 0.679512 128 128 128
1.05227 3.32824 0.675172 128 128 128
1.08871 3.30201 0.67264 128 128 128
1.12306 3.27073 0.669203 128 128 128
1.15415 3.23171 0.66432 128 128 128
1.19646 3.22467 0.665767 128 128 128
1.22567 3.18314 0.660522 128 128 128
1.25842 3.15234 0.657447 128 128 128
1.29211 3.12485 0.655096 128 128 128
1.31794 3.07984 0.649308 128 128 128
1.35165 3.05445 0.6475 128 128 128
1.38329 3.02511 0.644968 128 128 128
1.41694 3.0008 0.643521 128 128 128
1.44847 2.97258 0.64135 128 128 128
1.47687 2.93878 0.638095 128 128 128
1.50738 2.90996 0.635924 128 128 128
1.54112 2.88777 0.635201 128 128 128
1.56078 2.84022 0.629233 128 128 128
1.58775 2.80716 0.626339 128 128 128
1.60473 2.75774 0.620009 128 128 128
1.63997 2.74037 0.620551 128 128 128
1.65695 2.69325 0.614764 128 128 128
1.6825 2.66109 0.612231 128 128 128
1.70805 2.62953 0.60988 128 128 128
1.71886 2.57649 0.602827 128 128 128
1.74423 2.54628 0.600837 128 128 128
1.76571 2.51102 0.597763 128 128 128
1.79639 2.48917 0.597763 128 128 128
1.81331 2.44877 0.593603 128 128 128
1.84084 2.42321 0.592879 128 128 128
1.85833 2.38493 0.589262 128 128 128
1.88684 2.36118 0.589081 128 128 128
1.86011 2.27022 0.572984 128 128 128
1.81813 2.16448 0.55309 128 128 128
1.92619 2.23654 0.576059 128 128 128
1.9222 2.17739 0.567378 128 128 128
1.93357 2.13688 0.563218 128 128 128
1.95429 2.10723 0.561771 128 128 128
1.97593 2.07882 0.560686 128 128 128
1.9958 2.04879 0.559239 128 128 128
2.01035 2.01371 0.556526 128 128 128
1.99758 1.95251 0.54694 128 128 128
2.01925 1.92582 0.546398 128 128 128
1.38883 1.29414 0.382355 128 128 128
1.417 1.28822 0.38543 128 128 128
1.4386 1.27594 0.386877 128 128 128
1.47278 1.27424 0.391398 128 128 128
2.05298 1.73066 0.527045 128 128 128
2.06494 1.69786 0.524875 128 128 128
2.05873 1.6509 0.518545 128 128 128
2.07418 1.62188 0.51746 128 128 128
2.08375 1.58857 0.515108 128 128 128
2.09439 1.55644 0.513119 128 128 128
2.10377 1.52371 0.510948 128 128 128
1.37982 0.975494 0.344012 128 128 128
1.39169 0.958488 0.344012 128 128 128
1.3968 0.93697 0.342566 128 128 128
1.40242 0.916008 0.3413 128 128 128
1.40774 0.895049 0.340033 128 128 128
1.41443 0.875129 0.339129 128 128 128
1.42591 0.858211 0.33931 128 128 128
1.45418 0.851038 0.343108 128 128 128
2.09283 1.18859 0.475861 128 128 128
2.08916 1.15287 0.472063 128 128 128
2.09013 1.1202 0.46935 128 128 128
2.09848 1.09175 0.468265 128 128 128
2.09503 1.05753 0.464829 128 128 128
2.10608 1.03088 0.464467 128 128 128
2.09545 0.994035 0.459764 128 128 128
2.09139 0.960883 0.456509 128 128 128
2.08683 0.927981 0.453253 128 128 128
2.08631 0.897272 0.450902 128 128 128
2.0799 0.864461 0.447466 128 128 128
2.04376 0.820274 0.438242 128 128 128
2.0445 0.791598 0.436433 128 128 128
2.04576 0.76337 0.434805 128 128 128
2.04108 0.733245 0.432092 128 128 128
2.03876 0.70431 0.429922 128 128 128
2.03884 0.676466 0.428294 128 128 128
2.02355 0.643983 0.423773 128 128 128
2.03224 0.619388 0.423954 128 128 128
2.02741 0.590848 0.421602 128 128 128
2.02976 0.564616 0.420698 128 128 128
2.02417 0.536413 0.418347 128 128 128
2.01248 0.507003 0.414911 128 128 128
1.99941 0.477734 0.411293 128 128 128
1.9984 0.451658 0.410027 128 128 128
1.96145 0.418162 0.402069 128 128 128
1.9809 0.39693 0.404782 128 128 128
1.96725 0.369182 0.401346 128 128 128
1.94159 0.339817 0.395739 128 128 128
1.93202 0.313786 0.393207 128 128 128
1.92211 0.288041 0.390675 128 128 128
1.91283 0.262718 0.388324 128 128 128
1.89833 0.237068 0.385068 128 128 128
1.89523 0.213108 0.383983 128 128 128
1.89183 0.189259 0.382898 128 128 128
1.88226 0.165023 0.380728 128 128 128
1.88708 0.142128 0.38127 128 128 128
1.87101 0.117884 0.378015 128 128 128
1.86642 0.094629 0.376929 128 128 128
1.85467 0.0712546 0.374578 128 128 128
1.84459 0.0482302 0.372589 128 128 128
1.83324 0.0254526 0.370418 128 128 128
1.81079 0.00296682 0.366259 128 128 128
1.79692 -0.0190778 0.363726 128 128 128
1.78771 -0.0409052 0.362099 128 128 128
1.77331 -0.0623254 0.359567 128 128 128
1.76161 -0.083545 0.357577 128 128 128
1.73983 -0.103878 0.353779 128 128 128
1.72077 -0.123908 0.350523 128 128 128
1.70639 -0.143911 0.348172 128 128 128
1.69373 -0.163774 0.346183 128 128 128
1.68377 -0.183675 0.344736 128 128 128
1.67456 -0.203477 0.34347 128 128 128
1.66511 -0.22308 0.342204 128 128 128
1.65447 -0.242338 0.340757 128 128 128
1.64748 -0.261996 0.340033 128 128 128
1.63349 -0.280337 0.338044 128 128 128
1.62702 -0.29982 0.337501 128 128 128
1.62033 -0.319186 0.336959 128 128 128
1.61437 -0.338638 0.336597 128 128 128
1.59857 -0.35583 0.334427 128 128 128
1.5893 -0.374282 0.333522 128 128 128
1.57505 -0.391362 0.331714 128 128 128
1.55492 -0.406641 0.32882 128 128 128
1.54128 -0.423326 0.327192 128 128 128
1.52841 -0.440012 0.325745 128 128 128
1.51631 -0.456733 0.324479 128 128 128
1.49934 -0.471735 0.322309 128 128 128
1.48504 -0.487318 0.320681 128 128 128
1.47337 -0.503582 0.319596 128 128 128
1.45504 -0.51731 0.317245 128 128 128
1.44121 -0.532381 0.315798 128 128 128
1.42631 -0.546837 0.31417 128 128 128
1.41675 -0.563202 0.313628 128 128 128
1.39884 -0.576022 0.311457 128 128 128
1.39076 -0.592757 0.311276 128 128 128
1.35012 -0.595013 0.304584 128 128 128
1.34719 -0.613587 0.305489 128 128 128
1.33778 -0.629231 0.305127 128 128 128
1.3273 -0.644304 0.304584 128 128 128
1.31578 -0.658773 0.303861 128 128 128
1.30236 -0.672149 0.302776 128 128 128
1.28708 -0.684368 0.301329 128 128 128
1.276 -0.698687 0.300786 128 128 128
1.26477 -0.712837 0.300244 128 128 128
1.25337 -0.726817 0.299701 128 128 128
1.24183 -0.740624 0.299159 128 128 128
1.23014 -0.754259 0.298616 128 128 128
1.21913 -0.768244 0.298254 128 128 128
1.19477 -0.773485 0.294999 128 128 128
1.19418 -0.794104 0.296988 128 128 128
1.18111 -0.806471 0.296265 128 128 128
1.1671 -0.81807 0.29536 128 128 128
1.15459 -0.830601 0.294818 128 128 128
1.14273 -0.843534 0.294456 128 128 128
1.12916 -0.85511 0.293733 128 128 128
1.11626 -0.867086 0.29319 128 128 128
1.10323 -0.878874 0.292648 128 128 128
1.09008 -0.890473 0.292105 128 128 128
1.07005 -0.896179 0.289935 128 128 128
1.0612 -0.911171 0.290477 128 128 128
1.04478 -0.919562 0.289211 128 128 128
1.02541 -0.925044 0.287222 128 128 128
1.02622 -0.948944 0.290296 128 128 128
1.01023 -0.957394 0.289211 128 128 128
0.990666 -0.962159 0.287222 128 128 128
0.976699 -0.972156 0.286679 128 128 128
0.964009 -0.983364 0.286498 128 128 128
0.951869 -0.99512 0.286498 128 128 128
0.940255 -1.00745 0.286679 128 128 128
0.927821 -1.01891 0.286679 128 128 128
0.915248 -1.03022 0.286679 128 128 128
0.901252 -1.03988 0.286317 128 128 128
0.886525 -1.04861 0.285775 128 128 128
0.871096 -1.05636 0.285051 128 128 128
0.854997 -1.06313 0.284147 128 128 128
0.839468 -1.07044 0.283424 128 128 128
0.825079 -1.0791 0.283062 128 128 128
0.811774 -1.08914 0.283062 128 128 128
0.797196 -1.09742 0.2827 128 128 128
0.799513 -1.12965 0.287764 128 128 128
0.771136 -1.11828 0.283062 128 128 128
0.24077 -1.36884 0.288849 128 128 128
0.223954 -1.37169 0.288849 128 128 128
0.208111 -1.38115 0.290115 128 128 128
0.192464 -1.39334 0.291924 128 128 128
0.175951 -1.40048 0.292828 128 128 128
0.158643 -1.40156 0.292648 128 128 128
0.141528 -1.40438 0.292828 128 128 128
0.124451 -1.40797 0.29319 128 128 128
0.107236 -1.41037 0.293371 128 128 128
0.0900396 -1.41354 0.293733 128 128 128
0.0727818 -1.41651 0.294094 128 128 128
0.0555362 -1.42123 0.294818 128 128 128
0.0380914 -1.4218 0.294818 128 128 128
0.0206984 -1.42708 0.295722 128 128 128
0.00318551 -1.42526 0.29536 128 128 128
-0.0145321 -1.44289 0.298616 128 128 128
-0.0320893 -1.4367 0.297531 128 128 128
-0.0499748 -1.44308 0.298797 128 128 128
-0.0677775 -1.44433 0.299159 128 128 128
-0.0856791 -1.44633 0.299701 128 128 128
-0.103859 -1.45105 0.300786 128 128 128
-0.122252 -1.45653 0.302052 128 128 128
-0.139923 -1.45296 0.301691 128 128 128
-0.15796 -1.45309 0.302052 128 128 128
-0.176748 -1.45885 0.303499 128 128 128
-0.195567 -1.46339 0.304765 128 128 128
-0.21409 -1.46477 0.305489 128 128 128
-0.234087 -1.47466 0.30784 128 128 128
-0.252335 -1.47264 0.308021 128 128 128
-0.27129 -1.47427 0.308925 128 128 128
-0.290516 -1.47662 0.31001 128 128 128
-0.310248 -1.48064 0.311457 128 128 128
-0.330555 -1.48631 0.313266 128 128 128
-0.351275 -1.49267 0.315255 128 128 128
-0.371721 -1.49683 0.316883 128 128 128
-0.390564 -1.49406 0.317245 128 128 128
-0.412549 -1.50242 0.319777 128 128 128
-0.436993 -1.51802 0.323756 128 128 128
-0.458163 -1.52102 0.325384 128 128 128
-0.478877 -1.52184 0.32665 128 128 128
-0.499988 -1.52332 0.328097 128 128 128
-0.520887 -1.52358 0.329363 128 128 128
-0.541536 -1.52263 0.330448 128 128 128
-0.564642 -1.52785 0.332799 128 128 128
-0.586184 -1.52814 0.334246 128 128 128
-0.60599 -1.52357 0.334788 128 128 128
-0.629917 -1.52874 0.337321 128 128 128
-0.651346 -1.52722 0.338587 128 128 128
-0.673231 -1.5263 0.340033 128 128 128
-0.696011 -1.52687 0.341842 128 128 128
-0.714695 -1.51821 0.341842 128 128 128
-0.735864 -1.51463 0.342927 128 128 128
-0.760593 -1.51778 0.345459 128 128 128
-0.783695 -1.51706 0.347268 128 128 128
-0.80411 -1.5108 0.347991 128 128 128
-0.827811 -1.51029 0.349981 128 128 128
-0.853075 -1.51199 0.352513 128 128 128
-0.876523 -1.50991 0.354322 128 128 128
-0.900553 -1.50831 0.356311 128 128 128
-0.924675 -1.50635 0.358301 128 128 128
-0.945724 -1.49905 0.359205 128 128 128
-0.981226 -1.5137 0.364992 128 128 128
-1.00629 -1.51135 0.367163 128 128 128
-1.0281 -1.50376 0.368248 128 128 128
-1.05271 -1.49987 0.370238 128 128 128
-1.0768 -1.4948 0.372046 128 128 128
-1.11383 -1.50675 0.377834 128 128 128
-1.13581 -1.49766 0.378919 128 128 128
-1.15774 -1.48826 0.380004 128 128 128
-1.18391 -1.48392 0.382355 128 128 128
-1.20765 -1.47611 0.383983 128 128 128
-1.23391 -1.47096 0.386334 128 128 128
-1.25508 -1.45943 0.387239 128 128 128
-1.28333 -1.4557 0.390132 128 128 128
-1.3044 -1.44349 0.391037 128 128 128
-1.32 -1.42521 0.390494 128 128 128
-1.36386 -1.43667 0.397548 128 128 128
-1.38688 -1.42545 0.398995 128 128 128
-1.41193 -1.41597 0.400984 128 128 128
-1.45033 -1.41913 0.40641 128 128 128
-1.48402 -1.41682 0.41057 128 128 128
-1.50058 -1.39783 0.410389 128 128 128
-1.53293 -1.39317 0.414187 128 128 128
-1.5536 -1.37751 0.415091 128 128 128
-1.60317 -1.38659 0.423049 128 128 128
-1.62157 -1.36808 0.423411 128 128 128
-1.65725 -1.36366 0.427933 128 128 128
-1.67309 -1.34261 0.427752 128 128 128
-1.70495 -1.33407 0.431369 128 128 128
-1.72511 -1.31602 0.432273 128 128 128
-1.74745 -1.29943 0.43372 128 128 128
-1.77284 -1.2848 0.435891 128 128 128
-1.80054 -1.27144 0.438604 128 128 128
-1.82249 -1.25369 0.44005 128 128 128
-1.87128 -1.25362 0.447466 128 128 128
-1.8923 -1.23431 0.448732 128 128 128
-1.91478 -1.21573 0.45036 128 128 128
-1.96139 -1.21173 0.457232 128 128 128
-1.98708 -1.19413 0.459584 128 128 128
-2.02113 -1.18104 0.463743 128 128 128
-2.0466 -1.16244 0.466095 128 128 128
-2.08226 -1.14908 0.470616 128 128 128
-2.10749 -1.12947 0.472967 128 128 128
-2.13167 -1.10895 0.475138 128 128 128
-2.14863 -1.08447 0.475861 128 128 128
-2.18741 -1.07052 0.481106 128 128 128
-2.20572 -1.04612 0.482191 128 128 128
-2.22197 -1.02061 0.482915 128 128 128
-2.25861 -1.00401 0.487798 128 128 128
-2.28885 -0.983956 0.491415 128 128 128
-2.32529 -0.965942 0.496299 128 128 128
-2.36437 -0.948275 0.501725 128 128 128
-2.38592 -0.923077 0.503714 128 128 128
-2.41459 -0.900229 0.50715 128 128 128
-2.42823 -0.871523 0.507693 128 128 128
-2.47595 -0.854436 0.514927 128 128 128
-2.49559 -0.827068 0.516736 128 128 128
-2.51399 -0.799049 0.518364 128 128 128
-2.53867 -0.772698 0.521258 128 128 128
-2.56591 -0.746681 0.524694 128 128 128
-2.58626 -0.718278 0.526864 128 128 128
-2.59946 -0.619878 0.524694 128 128 128
-2.7134 -0.611791 0.54477 128 128 128
-2.71108 -0.576416 0.542961 128 128 128
-2.72374 -0.544251 0.544046 128 128 128
-2.77276 -0.518682 0.552004 128 128 128
-2.80508 -0.489142 0.556888 128 128 128
-2.82447 -0.456863 0.55942 128 128 128
-2.84738 -0.424755 0.562675 128 128 128
-2.86212 -0.3911 0.564484 128 128 128
-2.87842 -0.357386 0.566654 128 128 128
-2.90214 -0.324193 0.570271 128 128 128
-2.91667 -0.289609 0.572261 128 128 128
-2.94352 -0.255807 0.576602 128 128 128
-2.98175 -0.222251 0.583113 128 128 128
-2.9921 -0.186122 0.58456 128 128 128
-3.03149 -0.151203 0.591432 128 128 128
-3.04885 -0.11456 0.594326 128 128 128
-3.0628 -0.0774444 0.596677 128 128 128
-3.08516 -0.0401065 0.600656 128 128 128
-3.17527 0.117321 0.538852 128 128 128
-3.19726 0.157433 0.542619 128 128 128
-3.20988 0.19756 0.544974 128 128 128
-3.2407 0.239395 0.55031 128 128 128
-3.26704 0.281679 0.555018 128 128 128
-3.27513 0.322907 0.556902 128 128 128
-3.29055 0.365245 0.560041 128 128 128
-3.29562 0.406803 0.56161 128 128 128
-3.31387 0.450398 0.565377 128 128 128
-3.32079 0.49291 0.567418 128 128 128
-3.33302 0.5366 0.5704 128 128 128
-3.32911 0.577966 0.570871 128 128 128
-3.32953 0.62022 0.572126 128 128 128
-3.33136 0.662955 0.573696 128 128 128
-3.3365 0.706646 0.575893 128 128 128
-3.35263 0.753155 0.579974 128 128 128
-3.36284 0.842636 0.584839 128 128 128
-3.4296 0.904204 0.597552 128 128 128
-3.41539 0.945433 0.597081 128 128 128
-3.41492 0.990571 0.598965 128 128 128
-3.40251 1.0324 0.598965 128 128 128
-3.40182 1.07795 0.601005 128 128 128
-3.40709 1.12581 0.604144 128 128 128
-3.39489 1.16818 0.604458 128 128 128
-3.39332 1.2144 0.606656 128 128 128
-3.39205 1.26111 0.60901 128 128 128
-3.38277 1.30513 0.610108 128 128 128
-3.37659 1.35057 0.611835 128 128 128
-3.36067 1.39228 0.611992 128 128 128
-3.34878 1.43575 0.612934 128 128 128
-3.24422 1.43834 0.597866 128 128 128
-3.34307 1.53147 0.61827 128 128 128
-3.34545 1.58251 0.622037 128 128 128
-3.33377 1.62734 0.623449 128 128 128
-3.33208 1.67745 0.626745 128 128 128
-3.32176 1.72367 0.628629 128 128 128
-3.30907 1.76895 0.630198 128 128 128
-3.29923 1.81609 0.632396 128 128 128
-3.28787 1.86277 0.634436 128 128 128
-3.2733 1.90794 0.636005 128 128 128
-3.26404 1.9566 0.638674 128 128 128
-3.24819 2.00168 0.640243 128 128 128
-3.2334 2.04773 0.642127 128 128 128
-3.21631 2.09264 0.643696 128 128 128
-3.19367 2.13414 0.644324 128 128 128
-3.17538 2.17876 0.645893 128 128 128
-3.11691 2.19539 0.639772 128 128 128
-1.09307 0.791211 0.248335 128 128 128
-1.07058 0.795156 0.245824 128 128 128
-1.05209 0.801658 0.244097 128 128 128
-1.03283 0.80722 0.242214 128 128 128
-1.03827 0.832172 0.245353 128 128 128
-1.04326 0.857376 0.248492 128 128 128
-2.98055 2.50811 0.652956 128 128 128
-2.95554 2.54966 0.654212 128 128 128
-2.9255 2.58704 0.654526 128 128 128
-2.89427 2.62341 0.654683 128 128 128
-2.88068 2.6762 0.658763 128 128 128
-2.84833 2.71203 0.65892 128 128 128
-2.81767 2.74954 0.659548 128 128 128
-2.79 2.79019 0.660961 128 128 128
-2.7659 2.83482 0.663315 128 128 128
-2.72273 2.85996 0.661432 128 128 128
-2.70088 2.90763 0.664571 128 128 128
-2.66632 2.94202 0.664885 128 128 128
-2.63721 2.98265 0.666611 128 128 128
-2.61461 3.03124 0.670064 128 128 128
-2.57467 3.06007 0.669436 128 128 128
-2.53442 3.08838 0.668808 128 128 128
-2.50188 3.12619 0.670221 128 128 128
-2.45665 3.14809 0.668494 128 128 128
-2.42381 3.18586 0.670064 128 128 128
-2.38395 3.21457 0.669907 128 128 128
-2.34663 3.24679 0.670535 128 128 128
-2.3123 3.28341 0.672104 128 128 128
-2.27519 3.31643 0.673046 128 128 128
-2.22993 3.33753 0.67179 128 128 128
-2.18827 3.36381 0.671633 128 128 128
-2.14259 3.38374 0.670378 128 128 128
-2.10557 3.41734 0.67179 128 128 128
-2.05891 3.4353 0.670378 128 128 128
-2.02157 3.46884 0.671947 128 128 128
-1.97739 3.49081 0.671477 128 128 128
-1.93583 3.51741 0.671947 128 128 128
-1.89206 3.54003 0.67179 128 128 128
-1.84756 3.56123 0.671477 128 128 128
-1.80328 3.58275 0.67132 128 128 128
-1.75961 3.6055 0.671477 128 128 128
-1.71227 3.62057 0.670378 128 128 128
-1.65907 3.62246 0.667082 128 128 128
-0.500318 1.13107 0.230442 128 128 128
-0.486401 1.13713 0.230442 128 128 128
-1.54542 3.73124 0.675714 128 128 128
-1.47603 3.69125 0.665669 128 128 128
-0.452754 1.17637 0.234209 128 128 128
-1.38637 3.73006 0.666297 128 128 128
-1.34282 3.7533 0.667396 128 128 128
-1.2957 3.7667 0.666925 128 128 128
-1.24535 3.77012 0.664885 128 128 128
-1.19899 3.78512 0.664885 128 128 128
-1.15503 3.80805 0.666297 128 128 128
-1.10436 3.80866 0.6641 128 128 128
-1.05437 3.81051 0.662216 128 128 128
-1.00753 3.82316 0.662216 128 128 128
-0.957178 3.82183 0.660019 128 128 128
-0.910206 3.83328 0.660019 128 128 128
-0.863097 3.84416 0.660019 128 128 128
-0.812786 3.83997 0.657665 128 128 128
-0.763287 3.83804 0.655781 128 128 128
-0.716493 3.84906 0.656095 128 128 128
-0.666837 3.84394 0.653898 128 128 128
-0.619616 3.85183 0.653898 128 128 128
-0.570558 3.84742 0.652015 128 128 128
-0.521304 3.83945 0.64966 128 128 128
-0.471603 3.82498 0.646364 128 128 128
-0.424411 3.82852 0.64605 128 128 128
-0.376426 3.82361 0.644481 128 128 128
-0.329221 3.82499 0.64401 128 128 128
-0.282258 3.82874 0.64401 128 128 128
-0.234583 3.82107 0.642284 128 128 128
-0.18709 3.81183 0.6404 128 128 128
-0.140262 3.81285 0.640243 128 128 128
-0.0931674 3.80243 0.63836 128 128 128
-0.0464987 3.80329 0.63836 128 128 128
0.00017796 3.80061 0.637889 128 128 128
0.0466755 3.78847 0.636005 128 128 128
0.092947 3.77873 0.634593 128 128 128
0.139239 3.77533 0.634279 128 128 128
0.184401 3.74966 0.630512 128 128 128
0.229859 3.73825 0.6291 128 128 128
0.275354 3.73022 0.628315 128 128 128
0.319336 3.7059 0.625019 128 128 128
0.363535 3.68892 0.622979 128 128 128
0.407473 3.6724 0.621095 128 128 128
0.450941 3.65438 0.619055 128 128 128
0.492171 3.62215 0.614817 128 128 128
0.534993 3.60509 0.613091 128 128 128
0.577313 3.58655 0.611207 128 128 128
0.620777 3.57628 0.610736 128 128 128
0.656495 3.5247 0.603673 128 128 128
0.699122 3.51347 0.603203 128 128 128
0.740143 3.49496 0.601633 128 128 128
0.77995 3.47213 0.599436 128 128 128
0.819765 3.45076 0.597552 128 128 128
0.86157 3.43853 0.597238 128 128 128
0.900684 3.41623 0.595355 128 128 128
0.939118 3.39255 0.593315 128 128 128
0.98013 3.37887 0.593001 128 128 128
1.01551 3.34674 0.589705 128 128 128
1.05292 3.32273 0.587821 128 128 128
1.08619 3.28705 0.584054 128 128 128
1.11778 3.24825 0.579817 128 128 128
1.15357 3.22313 0.577933 128 128 128
1.18512 3.18744 0.574323 128 128 128
1.21669 3.1533 0.571028 128 128 128
1.24723 3.11796 0.567575 128 128 128
1.28163 3.09329 0.566005 128 128 128
1.31638 3.07007 0.564749 128 128 128
1.34676 3.03743 0.561924 128 128 128
1.3827 3.01798 0.561453 128 128 128
1.41203 2.98472 0.558628 128 128 128
1.44336 2.95651 0.556745 128 128 128
1.4711 2.92181 0.553763 128 128 128
1.49775 2.886 0.550624 128 128 128
1.52654 2.85521 0.548426 128 128 128
1.55527 2.82501 0.546386 128 128 128
1.57815 2.78509 0.542619 128 128 128
1.59928 2.74332 0.538539 128 128 128
1.62014 2.70231 0.534615 128 128 128
1.63868 2.65868 0.53022 128 128 128
1.66273 2.62502 0.527709 128 128 128
1.69213 2.60027 0.526924 128 128 128
1.71569 2.56699 0.52457 128 128 128
1.74427 2.54167 0.523785 128 128 128
1.77078 2.51362 0.522529 128 128 128
1.77778 2.45887 0.516094 128 128 128
1.779 2.39799 0.508404 128 128 128
1.84237 2.42079 0.51735 128 128 128
1.844 2.36218 0.51013 128 128 128
1.86853 2.33397 0.509032 128 128 128
1.87073 2.2788 0.50244 128 128 128
1.87694 2.22997 0.497103 128 128 128
1.8874 2.18732 0.493023 128 128 128
1.90821 2.15733 0.49161 128 128 128
1.92857 2.12716 0.490197 128 128 128
1.94916 2.09755 0.488942 128 128 128
1.96249 2.06059 0.486117 128 128 128
1.98074 2.02928 0.484547 128 128 128
1.99851 1.99784 0.482978 128 128 128
2.02076 1.97109 0.482507 128 128 128
2.00761 1.91072 0.474345 128 128 128
1.40013 1.29962 0.337483 128 128 128
1.41524 1.28168 0.337327 128 128 128
1.42716 1.26094 0.336542 128 128 128
1.43057 1.23301 0.334031 128 128 128
1.42141 1.19501 0.329008 128 128 128
1.42529 1.1687 0.326811 128 128 128
1.43104 1.14433 0.325084 128 128 128
1.43797 1.12121 0.323672 128 128 128
1.44219 1.0963 0.321788 128 128 128
2.06779 1.53289 0.442955 128 128 128
2.08644 1.5074 0.442955 128 128 128
2.06361 1.45267 0.43495 128 128 128
2.00312 1.37357 0.419883 128 128 128
2.03871 1.36151 0.423493 128 128 128
1.38733 0.901566 0.296833 128 128 128
1.3766 0.870729 0.292752 128 128 128
1.39727 0.85999 0.294636 128 128 128
1.43228 0.857511 0.299187 128 128 128
2.06547 1.20309 0.413762 128 128 128
2.07492 1.17473 0.41282 128 128 128
2.08486 1.14679 0.412035 128 128 128
2.09006 1.11647 0.410466 128 128 128
2.08871 1.083 0.407798 128 128 128
2.09214 1.0524 0.406071 128 128 128
2.07384 1.01147 0.400578 128 128 128
2.06199 0.974539 0.39634 128 128 128
2.09265 0.957804 0.399636 128 128 128
2.05279 0.909223 0.39069 128 128 128
2.03928 0.873451 0.386452 128 128 128
2.04438 0.84609 0.385511 128 128 128
2.0381 0.814333 0.382686 128 128 128
2.03596 0.784637 0.380645 128 128 128
2.03526 0.755805 0.378919 128 128 128
2.02113 0.722448 0.374995 128 128 128
2.01864 0.693732 0.373112 128 128 128
2.01856 0.666117 0.371699 128 128 128
2.02 0.639206 0.3706 128 128 128
2.01918 0.611787 0.369188 128 128 128
2.02275 0.585861 0.36856 128 128 128
2.0098 0.555457 0.365264 128 128 128
2.00882 0.528736 0.364008 128 128 128
2.00654 0.501882 0.362596 128 128 128
1.99813 0.473794 0.360241 128 128 128
1.98838 0.445771 0.35773 128 128 128
1.97534 0.417445 0.354748 128 128 128
1.93383 0.383911 0.347214 128 128 128
1.93645 0.359789 0.346901 128 128 128
1.93099 0.334307 0.345331 128 128 128
1.91642 0.307599 0.342349 128 128 128
1.90051 0.281154 0.33921 128 128 128
1.90186 0.257545 0.338896 128 128 128
1.89508 0.232974 0.337327 128 128 128
1.89191 0.209046 0.336385 128 128 128
1.88548 0.18494 0.334972 128 128 128
1.88072 0.161193 0.333874 128 128 128
1.87567 0.137591 0.332775 128 128 128
1.86736 0.113955 0.331205 128 128 128
1.85974 0.090592 0.329793 128 128 128
1.85281 0.0674701 0.328537 128 128 128
1.84067 0.0444092 0.326497 128 128 128
1.82626 0.0216317 0.324143 128 128 128
1.80565 -0.000787288 0.320847 128 128 128
1.79069 -0.022768 0.318492 128 128 128
1.77645 -0.0444057 0.316295 128 128 128
1.759 -0.0655893 0.313627 128 128 128
1.74523 -0.0865439 0.311586 128 128 128
1.72827 -0.10699 0.309075 128 128 128
1.71304 -0.127178 0.306878 128 128 128
1.70938 -0.148021 0.306564 128 128 128
1.69367 -0.167635 0.304367 128 128 128
1.68069 -0.187212 0.30264 128 128 128
1.67337 -0.20722 0.301855 128 128 128
1.66385 -0.226811 0.300757 128 128 128
1.65019 -0.245621 0.29903 128 128 128
1.64315 -0.265227 0.298403 128 128 128
1.63296 -0.284191 0.297304 128 128 128
1.62255 -0.302945 0.296205 128 128 128
1.61193 -0.321487 0.295107 128 128 128
1.59434 -0.338384 0.292909 128 128 128
1.58814 -0.357491 0.292595 128 128 128
1.57691 -0.375358 0.291497 128 128 128
1.56548 -0.393003 0.290398 128 128 128
1.5548 -0.410676 0.289456 128 128 128
1.54203 -0.42762 0.288201 128 128 128
1.53003 -0.444587 0.287102 128 128 128
1.51406 -0.460179 0.285376 128 128 128
1.50077 -0.476341 0.28412 128 128 128
1.48824 -0.492555 0.283021 128 128 128
1.47555 -0.508534 0.281923 128 128 128
1.44967 -0.519622 0.278627 128 128 128
1.44318 -0.537372 0.278627 128 128 128
1.41989 -0.548649 0.275802 128 128 128
1.40388 -0.562368 0.274232 128 128 128
1.39505 -0.578798 0.273918 128 128 128
1.37604 -0.590819 0.271878 128 128 128
1.36507 -0.606061 0.27125 128 128 128
1.35125 -0.61989 0.270151 128 128 128
1.33729 -0.633471 0.269053 128 128 128
1.32498 -0.647669 0.268268 128 128 128
1.31604 -0.663436 0.268111 128 128 128
1.3043 -0.677718 0.267483 128 128 128
1.28717 -0.68902 0.265914 128 128 128
1.27516 -0.70286 0.265286 128 128 128
1.26042 -0.715049 0.264187 128 128 128
1.24216 -0.724995 0.262461 128 128 128
1.23571 -0.741706 0.262931 128 128 128
1.22568 -0.756297 0.262775 128 128 128
1.21714 -0.771809 0.262931 128 128 128
1.20675 -0.786149 0.262775 128 128 128
1.1929 -0.798156 0.26199 128 128 128
1.17976 -0.810501 0.261362 128 128 128
1.16246 -0.819801 0.259949 128 128 128
1.15151 -0.833427 0.259792 128 128 128
1.13961 -0.846318 0.259479 128 128 128
1.1197 -0.853066 0.257595 128 128 128
1.1037 -0.862491 0.256496 128 128 128
1.09689 -0.879054 0.257281 128 128 128
1.08755 -0.893701 0.257595 128 128 128
1.0765 -0.90698 0.257595 128 128 128
1.06379 -0.918832 0.257281 128 128 128
1.04873 -0.928547 0.256496 128 128 128
1.03506 -0.939358 0.256026 128 128 128
1.01839 -0.947286 0.254927 128 128 128
1.00669 -0.959711 0.254927 128 128 128
0.993424 -0.970614 0.254613 128 128 128
0.98074 -0.982033 0.254456 128 128 128
0.301679 -1.34762 0.253357 128 128 128
0.285733 -1.35412 0.253828 128 128 128
0.269288 -1.3585 0.253985 128 128 128
0.252959 -1.36364 0.254299 128 128 128
0.236544 -1.36859 0.254613 128 128 128
0.22036 -1.37529 0.255241 128 128 128
0.203902 -1.38082 0.255712 128 128 128
0.187342 -1.38615 0.256183 128 128 128
0.170681 -1.39129 0.256653 128 128 128
0.15425 -1.39917 0.257595 128 128 128
0.137457 -1.40488 0.258223 128 128 128
0.120122 -1.40548 0.258066 128 128 128
0.103303 -1.41276 0.259008 128 128 128
0.08608 -1.41589 0.259322 128 128 128
0.0687959 -1.41881 0.259636 128 128 128
0.051453 -1.42153 0.259949 128 128 128
0.034152 -1.42797 0.260891 128 128 128
0.0167751 -1.44014 0.262775 128 128 128
-0.000900707 -1.43431 0.261833 128 128 128
-0.0185491 -1.43814 0.262461 128 128 128
-0.0363395 -1.44373 0.263402 128 128 128
-0.0542337 -1.44811 0.264187 128 128 128
-0.072578 -1.45917 0.266071 128 128 128
-0.0906596 -1.46113 0.266541 128 128 128
-0.108728 -1.46187 0.266855 128 128 128
-0.126743 -1.46141 0.267012 128 128 128
-0.144957 -1.4627 0.267483 128 128 128
-0.163656 -1.46768 0.268582 128 128 128
-0.182619 -1.4734 0.269837 128 128 128
-0.201216 -1.47496 0.270465 128 128 128
-0.220314 -1.47922 0.271564 128 128 128
-0.239076 -1.48031 0.272192 128 128 128
-0.258235 -1.4831 0.273133 128 128 128
-0.277318 -1.48468 0.273918 128 128 128
-0.296285 -1.48504 0.274546 128 128 128
-0.319593 -1.50544 0.27847 128 128 128
-0.337395 -1.49852 0.277999 128 128 128
-0.358949 -1.50772 0.280196 128 128 128
-0.378623 -1.50799 0.280981 128 128 128
-0.399362 -1.51183 0.282393 128 128 128
-0.423673 -1.52775 0.285846 128 128 128
-0.444587 -1.53003 0.287102 128 128 128
-0.463043 -1.52351 0.286945 128 128 128
-0.486174 -1.53184 0.289299 128 128 128
-0.50803 -1.53514 0.290869 128 128 128
-0.527794 -1.53159 0.29134 128 128 128
-0.548876 -1.53151 0.292438 128 128 128
-0.570379 -1.53206 0.293694 128 128 128
-0.592688 -1.53416 0.295264 128 128 128
-0.615501 -1.53686 0.29699 128 128 128
-0.63658 -1.53467 0.297932 128 128 128
-0.659642 -1.53673 0.299658 128 128 128
-0.68085 -1.53393 0.3006 128 128 128
-0.702089 -1.53085 0.301542 128 128 128
-0.725041 -1.53105 0.303111 128 128 128
-0.745074 -1.5247 0.303582 128 128 128
-0.767278 -1.5225 0.304838 128 128 128
-0.789086 -1.51911 0.305936 128 128 128
-0.809529 -1.51279 0.306564 128 128 128
-0.830413 -1.50707 0.307349 128 128 128
-0.860034 -1.51654 0.310959 128 128 128
-0.882556 -1.5127 0.312214 128 128 128
-0.914755 -1.52463 0.316452 128 128 128
-0.931842 -1.51076 0.315981 128 128 128
-0.955592 -1.50756 0.317551 128 128 128
-0.989093 -1.51891 0.321945 128 128 128
-1.01808 -1.52226 0.324927 128 128 128
-1.03892 -1.51291 0.325555 128 128 128
-1.06877 -1.5162 0.328694 128 128 128
-1.09135 -1.50857 0.329793 128 128 128
-1.11624 -1.50379 0.331519 128 128 128
-1.14418 -1.50256 0.334031 128 128 128
-1.17407 -1.5032 0.337013 128 128 128
-1.19305 -1.48945 0.33717 128 128 128
-1.21437 -1.47852 0.337954 128 128 128
-1.2375 -1.46955 0.33921 128 128 128
-1.26705 -1.46772 0.342035 128 128 128
-1.30328 -1.47278 0.34643 128 128 128
-1.32391 -1.45961 0.347058 128 128 128
-1.34575 -1.44759 0.347999 128 128 128
-1.36613 -1.43383 0.348627 128 128 128
-1.39535 -1.42898 0.351295 128 128 128
-1.42465 -1.42362 0.353963 128 128 128
-1.46038 -1.42397 0.358044 128 128 128
-1.50278 -1.42979 0.363537 128 128 128
-1.52527 -1.41594 0.364636 128 128 128
-1.55497 -1.4084 0.367304 128 128 128
-1.57953 -1.39576 0.368874 128 128 128
-1.60701 -1.3853 0.371071 128 128 128
-1.63673 -1.37629 0.373739 128 128 128
-1.66571 -1.36613 0.376251 128 128 128
-1.69005 -1.35176 0.37782 128 128 128
-1.71663 -1.33882 0.37986 128 128 128
-1.74472 -1.32663 0.382215 128 128 128
-1.76404 -1.30747 0.382843 128 128 128
-1.79596 -1.2973 0.385982 128 128 128
-1.81255 -1.27573 0.386138 128 128 128
-1.86552 -1.27911 0.393358 128 128 128
-1.88436 -1.25831 0.393986 128 128 128
-1.91704 -1.24641 0.397282 128 128 128
-1.95472 -1.23706 0.40152 128 128 128
-1.97984 -1.2192 0.403403 128 128 128
-2.0099 -1.20396 0.406228 128 128 128
-2.03305 -1.18418 0.407798 128 128 128
-2.07492 -1.17473 0.41282 128 128 128
-2.09956 -1.15489 0.414704 128 128 128
-2.1249 -1.1351 0.416744 128 128 128
-2.14919 -1.1144 0.418627 128 128 128
-2.1724 -1.09283 0.420354 128 128 128
-2.19364 -1.06999 0.421766 128 128 128
-2.22713 -1.05271 0.425376 128 128 128
-2.25514 -1.03229 0.428045 128 128 128
-2.28841 -1.01375 0.431654 128 128 128
-2.31792 -0.992992 0.434637 128 128 128
-2.36004 -0.976954 0.439816 128 128 128
-2.38652 -0.953791 0.442327 128 128 128
-2.41186 -0.929769 0.444681 128 128 128
-2.43697 -0.905267 0.447036 128 128 128
-2.64099 -0.800617 0.472462 128 128 128
-2.63354 -0.763191 0.469637 128 128 128
-2.63224 -0.727915 0.46791 128 128 128
-2.66771 -0.702615 0.472305 128 128 128
-2.68571 -0.672228 0.473874 128 128 128
-2.70817 -0.642647 0.476229 128 128 128
-2.73416 -0.613482 0.479211 128 128 128
-2.76564 -0.585004 0.483135 128 128 128
-2.78714 -0.553916 0.485489 128 128 128
-2.818 -0.524199 0.489413 128 128 128
-2.85049 -0.494145 0.49365 128 128 128
-2.86609 -0.460699 0.49522 128 128 128
-2.87934 -0.426655 0.496475 128 128 128
-2.89219 -0.392355 0.497731 128 128 128
-2.91639 -0.359257 0.50087 128 128 128
-2.951 -0.326826 0.505736 128 128 128
-3.02308 -0.222582 0.515624 128 128 128
-3.06305 -0.18778 0.521588 128 128 128
-3.074 -0.150617 0.523 128 128 128
-3.0914 -0.113469 0.525512 128 128 128
-3.11034 -0.0759658 0.528337 128 128 128
-3.13219 -0.00492722 0.452539 128 128 128
-3.16373 0.0338894 0.456771 128 128 128
-3.171 0.0729029 0.457829 128 128 128
-3.17878 0.112136 0.459019 128 128 128
-3.20489 0.15249 0.462723 128 128 128
-3.23048 0.1935 0.466426 128 128 128
-3.29616 0.401519 0.477668 128 128 128
-3.30375 0.443668 0.479387 128 128 128
-3.32649 0.488386 0.483222 128 128 128
-3.33982 0.532314 0.485868 128 128 128
-3.33401 0.573428 0.486 128 128 128
-3.33745 0.61629 0.487455 128 128 128
-3.3481 0.660868 0.489967 128 128 128
-3.34653 0.70334 0.490893 128 128 128
-3.35602 0.748475 0.493406 128 128 128
-3.35237 0.790974 0.4942 128 128 128
-3.37318 0.839751 0.498432 128 128 128
-3.38371 0.886633 0.501342 128 128 128
-3.385 0.931523 0.503061 128 128 128
-3.39902 0.980438 0.506632 128 128 128
-3.41709 1.03127 0.510864 128 128 128
-3.40323 1.07283 0.510732 128 128 128
-3.37851 1.11078 0.509145 128 128 128
-3.3815 1.15796 0.511525 128 128 128
-3.38104 1.20437 0.513509 128 128 128
-3.40782 1.2613 0.519461 128 128 128
-3.38838 1.3016 0.518932 128 128 128
-3.38044 1.34639 0.520122 128 128 128
-3.36458 1.38815 0.520254 128 128 128
-3.35822 1.43402 0.521841 128 128 128
-3.28146 1.44903 0.513245 128 128 128
-3.34816 1.52797 0.525677 128 128 128
-3.33543 1.5719 0.526603 128 128 128
-3.33103 1.6201 0.528851 128 128 128
-3.32773 1.66932 0.531364 128 128 128
-3.32547 1.71961 0.534141 128 128 128
-3.30412 1.76029 0.534141 128 128 128
-3.30398 1.81264 0.537448 128 128 128
-3.29011 1.85794 0.53877 128 128 128
-3.27649 1.90366 0.540225 128 128 128
-3.26564 1.95136 0.542209 128 128 128
-3.24904 1.99597 0.543399 128 128 128
-3.2377 2.04417 0.545515 128 128 128
-3.22235 2.09023 0.547102 128 128 128
-3.20552 2.13567 0.548557 128 128 128
-3.18316 2.17765 0.549218 128 128 128
-3.12702 2.19601 0.544457 128 128 128
-1.09426 0.785522 0.214345 128 128 128
-1.07817 0.794169 0.213287 128 128 128
-1.05966 0.800741 0.211832 128 128 128
-1.05679 0.819171 0.213023 128 128 128
-1.06369 0.845698 0.215932 128 128 128
-1.04863 0.854916 0.215139 128 128 128
-2.97866 2.49958 0.553451 128 128 128
-2.96803 2.55342 0.557021 128 128 128
-2.93425 2.58768 0.556625 128 128 128
-2.90448 2.62549 0.557021 128 128 128
-2.87858 2.667 0.558212 128 128 128
-2.85066 2.70691 0.559138 128 128 128
-2.81439 2.73892 0.558609 128 128 128
-2.78337 2.77605 0.559138 128 128 128
-2.75394 2.81497 0.560063 128 128 128
-2.73218 2.86219 0.562576 128 128 128
-2.70225 2.90131 0.563634 128 128 128
-2.6751 2.94379 0.565354 128 128 128
-2.63746 2.97491 0.565089 128 128 128
-2.59233 2.9973 0.56337 128 128 128
-2.56685 3.04254 0.56575 128 128 128
-2.53875 3.0853 0.567734 128 128 128
-2.50442 3.12086 0.568528 128 128 128
-2.46166 3.14589 0.567602 128 128 128
-2.41927 3.17113 0.566808 128 128 128
-2.38253 3.20376 0.567337 128 128 128
-2.34536 3.23597 0.567867 128 128 128
-2.30491 3.2637 0.567734 128 128 128
-2.263 3.28929 0.567337 128 128 128
-2.21585 3.30692 0.56575 128 128 128
-2.18322 3.34632 0.567734 128 128 128
-2.14464 3.37705 0.568396 128 128 128
-2.102 3.40143 0.568131 128 128 128
-2.06163 3.42952 0.568528 128 128 128
-2.02238 3.45969 0.569321 128 128 128
-1.97489 3.47563 0.567999 128 128 128
-1.92874 3.49352 0.567073 128 128 128
-1.8904 3.52567 0.568396 128 128 128
-1.84608 3.54684 0.568131 128 128 128
-1.79929 3.56303 0.567205 128 128 128
-1.75587 3.58574 0.567337 128 128 128
-1.71597 3.61597 0.56866 128 128 128
-1.65371 3.59801 0.562973 128 128 128
-0.504447 1.12729 0.1994 128 128 128
-0.490185 1.13248 0.199268 128 128 128
-1.54976 3.72786 0.573289 128 128 128
-1.47186 3.66654 0.561783 128 128 128
-0.466377 1.19691 0.206013 128 128 128
-1.38662 3.71549 0.563767 128 128 128
-1.33791 3.72383 0.562576 128 128 128
-1.29114 3.73716 0.562179 128 128 128
-1.24798 3.76119 0.56337 128 128 128
-1.19784 3.76394 0.56165 128 128 128
-1.15185 3.7793 0.561783 128 128 128
-1.10538 3.79315 0.561783 128 128 128
-1.05505 3.79306 0.559931 128 128 128
-1.00817 3.80476 0.559799 128 128 128
-0.958509 3.80531 0.558212 128 128 128
-0.911281 3.81486 0.557947 128 128 128
-0.864181 3.82478 0.557815 128 128 128
-0.810395 3.8031 0.553451 128 128 128
-0.767344 3.83123 0.555963 128 128 128
-0.714638 3.81015 0.551863 128 128 128
-0.668846 3.82449 0.552657 128 128 128
-0.621706 3.83144 0.552525 128 128 128
-0.572892 3.82701 0.550938 128 128 128
-0.524148 3.82098 0.549218 128 128 128
-0.477097 3.82615 0.549086 128 128 128
-0.429013 3.82186 0.547764 128 128 128
-0.381593 3.82191 0.547102 128 128 128
-0.334323 3.82235 0.546573 128 128 128
-0.286513 3.8143 0.544986 128 128 128
-0.239623 3.81654 0.544854 128 128 128
-0.19228 3.8093 0.543531 128 128 128
-0.145446 3.80939 0.543267 128 128 128
-0.0983929 3.79899 0.54168 128 128 128
-0.0514793 3.77712 0.538638 128 128 128
-0.0051234 3.77449 0.538241 128 128 128
0.0410535 3.76238 0.536654 128 128 128
0.0869323 3.7497 0.535067 128 128 128
0.132506 3.73646 0.53348 128 128 128
0.177817 3.72367 0.532025 128 128 128
0.222833 3.71032 0.53057 128 128 128
0.267258 3.69248 0.528586 128 128 128
0.311534 3.67707 0.526999 128 128 128
0.355471 3.66113 0.525412 128 128 128
0.397975 3.63482 0.522503 128 128 128
0.440614 3.61392 0.520386 128 128 128
0.483465 3.59744 0.518932 128 128 128
0.527139 3.58829 0.518535 128 128 128
0.569247 3.56981 0.516948 128 128 128
0.611658 3.55474 0.51589 128 128 128
0.65451 3.54307 0.515361 128 128 128
0.694078 3.51533 0.512716 128 128 128
0.736344 3.50267 0.512187 128 128 128
0.776452 3.48079 0.510467 128 128 128
0.816821 3.46136 0.509145 128 128 128
0.852981 3.42607 0.505706 128 128 128
0.891932 3.40384 0.504119 128 128 128
0.92677 3.3678 0.50068 128 128 128
0.96527 3.34665 0.499358 128 128 128
1.00167 3.31938 0.497242 128 128 128
1.03634 3.28794 0.494596 128 128 128
1.07133 3.25897 0.492348 128 128 128
1.10384 3.22402 0.489306 128 128 128
1.14565 3.21676 0.490232 128 128 128
1.17296 3.16994 0.485603 128 128 128
1.20643 3.14143 0.483619 128 128 128
1.24121 3.11719 0.482297 128 128 128
1.2752 3.09165 0.480842 128 128 128
1.31265 3.07485 0.48071 128 128 128
1.34065 3.03676 0.477535 128 128 128
1.3708 3.00476 0.475287 128 128 128
1.40334 2.97875 0.473964 128 128 128
1.42762 2.93636 0.470261 128 128 128
1.46978 2.93102 0.472113 128 128 128
1.47964 2.8626 0.464574 128 128 128
1.51839 2.85122 0.465632 128 128 128
1.53798 2.80458 0.4614 128 128 128
1.56691 2.77601 0.459945 128 128 128
1.5829 2.72574 0.455184 128 128 128
1.59942 2.67804 0.45082 128 128 128
1.62904 2.65315 0.450026 128 128 128
1.65724 2.62626 0.448968 128 128 128
1.68124 2.59326 0.446984 128 128 128
1.70633 2.56254 0.445397 128 128 128
1.73092 2.5316 0.44381 128 128 128
1.75729 2.50368 0.442752 128 128 128
1.77802 2.46827 0.440504 128 128 128
1.79755 2.43193 0.438123 128 128 128
1.81946 2.39943 0.436404 128 128 128
1.83048 2.35347 0.432436 128 128 128
1.85179 2.32155 0.430849 128 128 128
1.85185 2.26416 0.424897 128 128 128
1.86674 2.22609 0.422252 128 128 128
1.8855 2.19325 0.420533 128 128 128
1.89849 2.15435 0.417755 128 128 128
1.91813 2.12355 0.416433 128 128 128
1.93933 2.09476 0.415507 128 128 128
1.94029 2.04496 0.410746 128 128 128
1.96109 2.01673 0.409952 128 128 128
1.97377 1.9806 0.407704 128 128 128
1.98517 1.94376 0.405323 128 128 128
2.00456 1.91515 0.40453 128 128 128
1.38684 1.29452 0.287747 128 128 128
1.41511 1.28873 0.289996 128 128 128
1.44121 1.28046 0.291847 128 128 128
2.00608 1.73677 0.388659 128 128 128
2.02648 1.71138 0.388527 128 128 128
2.03431 1.67569 0.386279 128 128 128
2.04079 1.63945 0.383898 128 128 128
2.05294 1.60818 0.382575 128 128 128
2.06385 1.57626 0.38112 128 128 128
2.06791 1.53959 0.378608 128 128 128
2.07781 1.50771 0.377153 128 128 128
2.08401 1.47353 0.375169 128 128 128
2.07823 1.43158 0.371333 128 128 128
2.08658 1.39991 0.369879 128 128 128
2.09197 1.36663 0.368027 128 128 128
1.38602 0.882983 0.25389 128 128 128
1.38241 0.857064 0.251641 128 128 128
1.41918 0.85584 0.255741 128 128 128
2.07431 1.21439 0.35533 128 128 128
2.06923 1.1776 0.352289 128 128 128
2.07571 1.14782 0.351098 128 128 128
2.08876 1.12179 0.350966 128 128 128
2.09533 1.09242 0.349908 128 128 128
2.08734 1.05592 0.346734 128 128 128
2.07609 1.01848 0.343163 128 128 128
2.07858 0.988263 0.341708 128 128 128
2.07253 0.95442 0.339063 128 128 128
2.0569 0.916857 0.335095 128 128 128
2.00879 0.866144 0.326499 128 128 128
2.09343 0.872175 0.337211 128 128 128
2.03588 0.819163 0.327424 128 128 128
2.02636 0.786621 0.324647 128 128 128
2.03865 0.762732 0.325044 128 128 128
2.03759 0.733981 0.323589 128 128 128
2.04082 0.706985 0.322795 128 128 128
2.03993 0.678775 0.321473 128 128 128
2.02827 0.647399 0.318695 128 128 128
2.02752 0.619868 0.317505 128 128 128
2.01974 0.590518 0.315389 128 128 128
2.00869 0.56066 0.312876 128 128 128
2.00008 0.531921 0.31076 128 128 128
1.99108 0.503479 0.308644 128 128 128
1.98168 0.475338 0.306528 128 128 128
1.97382 0.44794 0.304676 128 128 128
1.95784 0.419161 0.301767 128 128 128
1.94242 0.391037 0.298989 128 128 128
1.93538 0.36499 0.297402 128 128 128
1.91042 0.33612 0.293434 128 128 128
1.9095 0.311862 0.292773 128 128 128
1.91221 0.28826 0.292641 128 128 128
1.89497 0.261965 0.289864 128 128 128
1.89313 0.238083 0.289202 128 128 128
1.89 0.214176 0.288409 128 128 128
1.88262 0.189992 0.287086 128 128 128
1.87789 0.166278 0.28616 128 128 128
1.86892 0.142415 0.284706 128 128 128
1.85866 0.118737 0.283118 128 128 128
1.85304 0.0955769 0.282193 128 128 128
1.83327 0.0720575 0.279415 128 128 128
1.82609 0.0493579 0.278357 128 128 128
1.80178 0.0266336 0.275051 128 128 128
1.78909 0.004517 0.273332 128 128 128
1.77612 -0.017284 0.271612 128 128 128
1.75992 -0.0386941 0.269496 128 128 128
1.74644 -0.0598178 0.267777 128 128 128
1.73072 -0.0805198 0.265793 128 128 128
1.71773 -0.101027 0.264206 128 128 128
1.70648 -0.121372 0.262883 128 128 128
1.69301 -0.141287 0.261296 128 128 128
1.69213 -0.162149 0.261428 128 128 128
1.67622 -0.181377 0.259577 128 128 128
1.67584 -0.202175 0.259841 128 128 128
1.6585 -0.220728 0.257858 128 128 128
1.65272 -0.240629 0.257461 128 128 128
1.6428 -0.259792 0.256535 128 128 128
1.63265 -0.278748 0.255609 128 128 128
1.61643 -0.296407 0.25389 128 128 128
1.60393 -0.314483 0.2527 128 128 128
1.59316 -0.332707 0.251774 128 128 128
1.58122 -0.350498 0.250716 128 128 128
1.56715 -0.367588 0.249393 128 128 128
1.55483 -0.384867 0.248335 128 128 128
1.54136 -0.401647 0.247145 128 128 128
1.52772 -0.418155 0.245954 128 128 128
1.51486 -0.434665 0.244896 128 128 128
1.49992 -0.450347 0.243574 128 128 128
1.48767 -0.466626 0.242648 128 128 128
1.47053 -0.48112 0.241061 128 128 128
1.45421 -0.495585 0.239606 128 128 128
1.43962 -0.51039 0.238416 128 128 128
1.42581 -0.525258 0.237358 128 128 128
1.41093 -0.539507 0.236167 128 128 128
1.39684 -0.553839 0.235109 128 128 128
1.38353 -0.568285 0.234184 128 128 128
1.36916 -0.582098 0.233126 128 128 128
1.35195 -0.594441 0.231671 128 128 128
1.34004 -0.608924 0.231009 128 128 128
1.32889 -0.623628 0.23048 128 128 128
1.32202 -0.640323 0.230613 128 128 128
1.31141 -0.655162 0.230216 128 128 128
1.30327 -0.671206 0.230216 128 128 128
1.28707 -0.682946 0.229026 128 128 128
1.27599 -0.697256 0.228629 128 128 128
1.26388 -0.710908 0.2281 128 128 128
1.25249 -0.724868 0.227703 128 128 128
1.23925 -0.737637 0.227042 128 128 128
1.22758 -0.751229 0.226645 128 128 128
1.21408 -0.763587 0.225984 128 128 128
1.20545 -0.778968 0.226116 128 128 128
1.19497 -0.793152 0.225984 128 128 128
1.17452 -0.80047 0.224264 128 128 128
1.16461 -0.814822 0.224264 128 128 128
1.15211 -0.827311 0.223868 128 128 128
1.13709 -0.837846 0.223074 128 128 128
1.11726 -0.844537 0.221487 128 128 128
1.10916 -0.860013 0.221884 128 128 128
1.09697 -0.872321 0.221619 128 128 128
1.08312 -0.883203 0.22109 128 128 128
1.06992 -0.894514 0.220693 128 128 128
1.05586 -0.904987 0.220164 128 128 128
1.04765 -0.920501 0.220693 128 128 128
1.02966 -0.9273 0.219503 128 128 128
1.02401 -0.94526 0.220561 128 128 128
0.98864 -0.935208 0.216197 128 128 128
0.983476 -0.953498 0.217387 128 128 128
0.973104 -0.966896 0.217652 128 128 128
0.95978 -0.977346 0.217387 128 128 128
0.946347 -0.987615 0.217123 128 128 128
0.932807 -0.997702 0.216858 128 128 128
0.918495 -1.00687 0.216461 128 128 128
0.904757 -1.01658 0.216197 128 128 128
0.89027 -1.02536 0.2158 128 128 128
0.876344 -1.03469 0.215535 128 128 128
0.862323 -1.04383 0.215271 128 128 128
0.847589 -1.05201 0.214874 128 128 128
0.832176 -1.05921 0.214345 128 128 128
0.817313 -1.06698 0.213948 128 128 128
0.800614 -1.07215 0.213155 128 128 128
0.801338 -1.10117 0.216329 128 128 128
0.791191 -1.11578 0.217123 128 128 128
0.765658 -1.10825 0.214345 128 128 128
0.744838 -1.10685 0.212626 128 128 128
0.731199 -1.11591 0.212626 128 128 128
0.718511 -1.12647 0.21289 128 128 128
0.704113 -1.13436 0.212758 128 128 128
0.27309 -1.3504 0.218445 128 128 128
0.256861 -1.3556 0.21871 128 128 128
0.240716 -1.36158 0.219106 128 128 128
0.224462 -1.36737 0.219503 128 128 128
0.208248 -1.37394 0.220032 128 128 128
0.191907 -1.38032 0.220561 128 128 128
0.175319 -1.38553 0.220958 128 128 128
0.158741 -1.39151 0.221487 128 128 128
0.141751 -1.39434 0.221619 128 128 128
0.125056 -1.40092 0.222281 128 128 128
0.108221 -1.40729 0.222942 128 128 128
0.091188 -1.41247 0.223471 128 128 128
0.0742395 -1.4214 0.224529 128 128 128
0.0569015 -1.42518 0.224926 128 128 128
0.039482 -1.42874 0.225322 128 128 128
0.022021 -1.43506 0.226116 128 128 128
0.00440982 -1.4382 0.226513 128 128 128
-0.0132513 -1.43914 0.226645 128 128 128
-0.0311269 -1.44778 0.227835 128 128 128
-0.0488911 -1.44729 0.227835 128 128 128
-0.0670829 -1.45549 0.229026 128 128 128
-0.084818 -1.45258 0.228761 128 128 128
-0.102855 -1.4544 0.229158 128 128 128
-0.121627 -1.46389 0.230613 128 128 128
-0.139873 -1.46525 0.231009 128 128 128
-0.157189 -1.45751 0.230216 128 128 128
-0.176395 -1.46629 0.231671 128 128 128
-0.194508 -1.465 0.231803 128 128 128
-0.212616 -1.46348 0.231935 128 128 128
-0.233231 -1.4774 0.234184 128 128 128
-0.252189 -1.47931 0.234845 128 128 128
-0.270324 -1.4761 0.234845 128 128 128
-0.289769 -1.47948 0.235771 128 128 128
-0.308108 -1.47678 0.235903 128 128 128
-0.330978 -1.49417 0.238813 128 128 128
-0.348832 -1.48807 0.238548 128 128 128
-0.370434 -1.49714 0.2404 128 128 128
-0.39004 -1.49727 0.241061 128 128 128
-0.410233 -1.49906 0.241987 128 128 128
-0.435217 -1.51676 0.245161 128 128 128
-0.456959 -1.52174 0.246616 128 128 128
-0.477692 -1.52263 0.247542 128 128 128
-0.497894 -1.52136 0.248203 128 128 128
-0.518781 -1.5217 0.249129 128 128 128
-0.540419 -1.52362 0.250319 128 128 128
-0.563561 -1.52895 0.252038 128 128 128
-0.584063 -1.52655 0.2527 128 128 128
-0.606063 -1.52755 0.25389 128 128 128
-0.627795 -1.52732 0.254948 128 128 128
-0.649222 -1.52588 0.255874 128 128 128
-0.679538 -1.54408 0.259709 128 128 128
-0.697611 -1.53383 0.259445 128 128 128
-0.719769 -1.53232 0.260503 128 128 128
-0.740691 -1.52783 0.261164 128 128 128
-0.767401 -1.53456 0.263545 128 128 128
-0.785262 -1.52327 0.26328 128 128 128
-0.81417 -1.53275 0.26619 128 128 128
-0.835306 -1.52699 0.266851 128 128 128
-0.856423 -1.52094 0.267512 128 128 128
-0.878515 -1.51631 0.268438 128 128 128
-0.896547 -1.50456 0.268306 128 128 128
-0.926896 -1.51286 0.271348 128 128 128
-0.959172 -1.52315 0.274786 128 128 128
-0.983735 -1.5204 0.276241 128 128 128
-1.00727 -1.51564 0.277431 128 128 128
-1.03308 -1.51379 0.279151 128 128 128
-1.05329 -1.50343 0.279548 128 128 128
-1.08733 -1.51209 0.283118 128 128 128
-1.11348 -1.50898 0.284838 128 128 128
-1.13851 -1.50388 0.286293 128 128 128
-1.1642 -1.49918 0.28788 128 128 128
-1.19056 -1.49484 0.289599 128 128 128
-1.21258 -1.48472 0.290393 128 128 128
-1.24028 -1.4811 0.292376 128 128 128
-1.26872 -1.47778 0.294493 128 128 128
-1.29135 -1.4673 0.295418 128 128 128
-1.30926 -1.45135 0.295418 128 128 128
-1.34316 -1.4526 0.298593 128 128 128
-1.36498 -1.44032 0.299386 128 128 128
-1.40193 -1.44333 0.303089 128 128 128
-1.43425 -1.44074 0.305867 128 128 128
-1.45395 -1.42511 0.306263 128 128 128
-1.47564 -1.41126 0.307057 128 128 128
-1.52261 -1.42072 0.312479 128 128 128
-1.54874 -1.40992 0.314066 128 128 128
-1.56964 -1.39409 0.314728 128 128 128
-1.60764 -1.39286 0.318431 128 128 128
-1.63143 -1.37877 0.319621 128 128 128
-1.65589 -1.36494 0.320944 128 128 128
-1.69418 -1.36186 0.324647 128 128 128
-1.71311 -1.3428 0.325044 128 128 128
-1.73971 -1.32948 0.326763 128 128 128
-1.76226 -1.31276 0.327821 128 128 128
-1.79189 -1.30091 0.33007 128 128 128
-1.82635 -1.29196 0.333111 128 128 128
-1.86332 -1.28403 0.33655 128 128 128
-1.89212 -1.26989 0.338666 128 128 128
-1.91587 -1.25198 0.339989 128 128 128
-1.93946 -1.23368 0.341311 128 128 128
-1.96879 -1.21863 0.34356 128 128 128
-2.00145 -1.20508 0.346337 128 128 128
-2.03921 -1.19392 0.349908 128 128 128
-2.07181 -1.17907 0.352685 128 128 128
-2.10002 -1.16121 0.354801 128 128 128
-2.12635 -1.14189 0.356653 128 128 128
-2.15076 -1.1212 0.35824 128 128 128
-2.17497 -1.10007 0.359827 128 128 128
-2.20078 -1.07939 0.361679 128 128 128
-2.22282 -1.05654 0.363001 128 128 128
-2.26085 -1.04075 0.366705 128 128 128
-2.28613 -1.01855 0.368556 128 128 128
-2.3185 -0.999019 0.371466 128 128 128
-2.34798 -0.977705 0.373979 128 128 128
-2.37269 -0.953974 0.37583 128 128 128
-2.41473 -0.936567 0.380195 128 128 128
-2.43533 -0.910321 0.381517 128 128 128
-2.46965 -0.888722 0.384824 128 128 128
-2.50192 -0.865772 0.387866 128 128 128
-2.52553 -0.839361 0.389717 128 128 128
-2.54698 -0.811902 0.391304 128 128 128
-2.56339 -0.782601 0.39223 128 128 128
-2.58518 -0.754678 0.393949 128 128 128
-2.61717 -0.729249 0.397124 128 128 128
-2.51591 -0.602383 0.379798 128 128 128
-2.73394 -0.618873 0.40863 128 128 128
-2.74326 -0.585688 0.408894 128 128 128
-2.76774 -0.555466 0.411275 128 128 128
-2.8143 -0.52891 0.416697 128 128 128
-2.84206 -0.498069 0.419607 128 128 128
-2.8646 -0.465837 0.421855 128 128 128
-2.8799 -0.432106 0.423178 128 128 128
-2.89874 -0.398605 0.42503 128 128 128
-2.90931 -0.363733 0.425823 128 128 128
-2.93917 -0.330852 0.429262 128 128 128
-2.96767 -0.297195 0.432568 128 128 128
-2.99183 -0.262547 0.435346 128 128 128
-3.03141 -0.228522 0.440239 128 128 128
-3.03794 -0.191549 0.440768 128 128 128
-3.07867 -0.156163 0.445926 128 128 128
-3.08927 -0.118703 0.447116 128 128 128
-3.11031 -0.0812762 0.449762 128 128 128
-3.12198 -0.0432389 0.451216 128 128 128
-3.23407 0.159791 0.387581 128 128 128
-3.2527 0.200743 0.389852 128 128 128
-3.29758 0.244148 0.395045 128 128 128
-3.31019 0.285959 0.396776 128 128 128
-3.30742 0.326656 0.396884 128 128 128
-3.31897 0.368969 0.398614 128 128 128
-3.34774 0.413804 0.402292 128 128 128
-3.34832 0.455656 0.402941 128 128 128
-3.35821 0.499043 0.404672 128 128 128
-3.35772 0.541162 0.405321 128 128 128
-3.3714 0.585893 0.407593 128 128 128
-3.37275 0.628857 0.408566 128 128 128
-3.36673 0.670586 0.408783 128 128 128
-3.38548 0.717612 0.411812 128 128 128
-3.41425 0.767593 0.41603 128 128 128
-3.42139 0.857912 0.419059 128 128 128
-3.45194 0.910722 0.423711 128 128 128
-3.45967 0.958315 0.425874 128 128 128
-3.44764 1.0007 0.425874 128 128 128
-3.43511 1.04293 0.425874 128 128 128
-3.4429 1.09161 0.428254 128 128 128
-3.42736 1.13315 0.428037 128 128 128
-3.43199 1.18159 0.430201 128 128 128
-3.41817 1.22395 0.430309 128 128 128
-3.42433 1.27377 0.432797 128 128 128
-3.41864 1.31963 0.433987 128 128 128
-3.39942 1.36038 0.433662 128 128 128
-3.39809 1.40846 0.435501 128 128 128
-3.38877 1.45357 0.436475 128 128 128
-2.79444 1.23971 0.367893 128 128 128
-3.39004 1.55368 0.441018 128 128 128
-3.3833 1.60112 0.442533 128 128 128
-3.38484 1.65298 0.445129 128 128 128
-3.36963 1.69707 0.445778 128 128 128
-3.36708 1.74791 0.448049 128 128 128
-3.35327 1.79331 0.449023 128 128 128
-3.33188 1.8348 0.449131 128 128 128
-3.31777 1.88045 0.450213 128 128 128
-3.31162 1.93103 0.452376 128 128 128
-3.30473 1.98175 0.45454 128 128 128
-3.28185 2.02319 0.454756 128 128 128
-3.26518 2.06863 0.455838 128 128 128
-3.24122 2.10963 0.456054 128 128 128
-3.22252 2.15422 0.457028 128 128 128
-3.20568 2.20035 0.458326 128 128 128
-1.10971 0.782957 0.183026 128 128 128
-1.0847 0.785453 0.180971 128 128 128
-1.07259 0.796928 0.180646 128 128 128
-1.06589 0.812438 0.181079 128 128 128
-1.06525 0.832795 0.182377 128 128 128
-1.05883 0.84891 0.182918 128 128 128
-3.05273 2.50637 0.465033 128 128 128
-3.01337 2.5366 0.463843 128 128 128
-2.98503 2.57598 0.464275 128 128 128
-2.96809 2.62559 0.466439 128 128 128
-2.94375 2.66916 0.467629 128 128 128
-2.90349 2.69832 0.466547 128 128 128
-2.89032 2.75293 0.469576 128 128 128
-2.84849 2.78056 0.468386 128 128 128
-2.81978 2.82093 0.469251 128 128 128
-2.7919 2.86243 0.470333 128 128 128
-2.75176 2.89144 0.469576 128 128 128
-2.72825 2.9381 0.471523 128 128 128
-2.69666 2.97651 0.47228 128 128 128
-2.66125 3.01087 0.472497 128 128 128
-2.62995 3.05008 0.47347 128 128 128
-2.58784 3.0768 0.472713 128 128 128
-2.54863 3.10678 0.472497 128 128 128
-2.51652 3.14559 0.473578 128 128 128
-2.4814 3.18093 0.474227 128 128 128
-2.44338 3.21273 0.474444 128 128 128
-2.40555 3.24486 0.474768 128 128 128
-2.36846 3.27817 0.475309 128 128 128
-2.33035 3.31024 0.475742 128 128 128
-2.28224 3.32793 0.474335 128 128 128
-2.24012 3.35403 0.474119 128 128 128
-2.2053 3.39127 0.475417 128 128 128
-2.15926 3.41136 0.474552 128 128 128
-2.11672 3.43675 0.474444 128 128 128
-2.07336 3.46076 0.474227 128 128 128
-2.02973 3.48423 0.474011 128 128 128
-1.98928 3.5132 0.474552 128 128 128
-1.94457 3.53473 0.474227 128 128 128
-1.90246 3.56096 0.474552 128 128 128
-1.85312 3.57345 0.473254 128 128 128
-1.80958 3.59681 0.473362 128 128 128
-1.76181 3.6116 0.472497 128 128 128
-1.71098 3.61946 0.470874 128 128 128
-0.511501 1.11955 0.16918 128 128 128
-0.498933 1.12847 0.169504 128 128 128
-0.466241 1.09065 0.164312 128 128 128
-1.52828 3.69171 0.470009 128 128 128
-0.468875 1.1756 0.172966 128 128 128
-1.434 3.71976 0.469035 128 128 128
-1.39344 3.75105 0.470658 128 128 128
-1.34328 3.75664 0.46936 128 128 128
-1.29644 3.77096 0.469143 128 128 128
-1.24601 3.77431 0.467737 128 128 128
-1.1996 3.78932 0.467737 128 128 128
-1.15243 3.80185 0.467521 128 128 128
-1.10541 3.81475 0.467412 128 128 128
-1.0556 3.81749 0.466222 128 128 128
-1.00537 3.81766 0.464816 128 128 128
-0.955067 3.81621 0.463302 128 128 128
-0.910462 3.83732 0.464384 128 128 128
-0.860907 3.83753 0.463194 128 128 128
-0.810041 3.8303 0.461247 128 128 128
-0.760842 3.82923 0.460057 128 128 128
-0.711427 3.82557 0.45865 128 128 128
-0.662386 3.82226 0.457352 128 128 128
-0.615432 3.8301 0.457352 128 128 128
-0.566194 3.82261 0.45573 128 128 128
-0.519242 3.82927 0.45573 128 128 128
-0.471968 3.83338 0.455513 128 128 128
-0.423794 3.82901 0.454432 128 128 128
-0.376482 3.83095 0.454107 128 128 128
-0.328587 3.82538 0.453025 128 128 128
-0.281473 3.82714 0.452809 128 128 128
-0.233937 3.82138 0.451836 128 128 128
-0.186927 3.82197 0.451619 128 128 128
-0.139534 3.81106 0.450213 128 128 128
-0.092511 3.80255 0.449131 128 128 128
-0.0456559 3.78849 0.447509 128 128 128
0.000839548 3.77783 0.446319 128 128 128
0.0470544 3.7656 0.445021 128 128 128
0.0929694 3.75282 0.443723 128 128 128
0.138578 3.73947 0.442424 128 128 128
0.183921 3.72657 0.441235 128 128 128
0.228726 3.70915 0.439612 128 128 128
0.272765 3.68623 0.437449 128 128 128
0.316873 3.66973 0.436042 128 128 128
0.36052 3.65171 0.434528 128 128 128
0.403992 3.63516 0.43323 128 128 128
0.445775 3.60723 0.430742 128 128 128
0.488403 3.58967 0.429444 128 128 128
0.532126 3.58144 0.429227 128 128 128
0.574142 3.56286 0.427929 128 128 128
0.615613 3.54281 0.426523 128 128 128
0.658679 3.53304 0.426307 128 128 128
0.699659 3.51299 0.425009 128 128 128
0.740658 3.49441 0.423927 128 128 128
0.780002 3.46954 0.422196 128 128 128
0.817698 3.43939 0.419924 128 128 128
0.857188 3.41849 0.418735 128 128 128
0.895781 3.39522 0.417328 128 128 128
0.931283 3.36193 0.41484 128 128 128
0.966933 3.33116 0.412677 128 128 128
1.00255 3.30191 0.41073 128 128 128
1.03969 3.27894 0.40954 128 128 128
1.07268 3.24422 0.407052 128 128 128
1.10497 3.20919 0.404564 128 128 128
1.13959 3.18228 0.40305 128 128 128
1.1744 3.15688 0.401751 128 128 128
1.20911 3.13202 0.400562 128 128 128
1.24598 3.11326 0.400129 128 128 128
1.27611 3.07845 0.397857 128 128 128
1.31144 3.05707 0.397208 128 128 128
1.3416 3.02439 0.395261 128 128 128
1.3691 2.98691 0.392773 128 128 128
1.39928 2.9564 0.391151 128 128 128
1.42455 2.91667 0.388446 128 128 128
1.45353 2.88565 0.386824 128 128 128
1.47968 2.84994 0.38466 128 128 128
1.50892 2.82105 0.383362 128 128 128
1.52426 2.76748 0.379035 128 128 128
1.55516 2.74338 0.378386 128 128 128
1.5802 2.70948 0.376547 128 128 128
1.60567 2.6771 0.374925 128 128 128
1.63684 2.65465 0.3746 128 128 128
1.65706 2.61505 0.372112 128 128 128
1.68686 2.59118 0.371679 128 128 128
1.70914 2.55623 0.36984 128 128 128
1.72014 2.50555 0.365946 128 128 128
1.74675 2.47857 0.365189 128 128 128
1.76189 2.43599 0.362377 128 128 128
1.80646 2.43415 0.365081 128 128 128
1.80429 2.36987 0.359348 128 128 128
1.81489 2.32403 0.356103 128 128 128
1.8234 2.27675 0.352641 128 128 128
1.84868 2.25112 0.352208 128 128 128
1.86785 2.21838 0.350802 128 128 128
1.87545 2.1727 0.347557 128 128 128
1.89539 2.14208 0.346475 128 128 128
1.91419 2.11055 0.345285 128 128 128
1.92845 2.07452 0.343446 128 128 128
1.94759 2.04422 0.342473 128 128 128
1.95517 2.00237 0.339768 128 128 128
1.96414 1.96276 0.337389 128 128 128
1.9646 1.9156 0.333819 128 128 128
1.37532 1.30791 0.241764 128 128 128
1.40219 1.30108 0.243386 128 128 128
1.42688 1.29179 0.244684 128 128 128
1.95197 1.72469 0.318675 128 128 128
2.00611 1.72918 0.323434 128 128 128
2.01881 1.69739 0.322244 128 128 128
2.0318 1.66618 0.321163 128 128 128
2.04046 1.6318 0.31954 128 128 128
2.04622 1.59563 0.317593 128 128 128
2.05695 1.56377 0.316403 128 128 128
2.06161 1.52775 0.314456 128 128 128
2.07215 1.49651 0.313374 128 128 128
2.03997 1.43547 0.306668 128 128 128
2.01726 1.38277 0.301367 128 128 128
2.06549 1.3789 0.305478 128 128 128
1.35234 0.878455 0.210718 128 128 128
1.3647 0.862857 0.210935 128 128 128
1.4065 0.865345 0.214937 128 128 128
1.43662 0.859778 0.217425 128 128 128
2.07144 1.20609 0.296067 128 128 128
2.0783 1.17617 0.295093 128 128 128
2.0769 1.14194 0.293146 128 128 128
2.09076 1.11637 0.293146 128 128 128
2.08312 1.07964 0.29055 128 128 128
2.0607 1.03611 0.286223 128 128 128
2.06254 1.00551 0.284925 128 128 128
2.07742 0.981402 0.285249 128 128 128
2.07484 0.949209 0.283519 128 128 128
2.03908 0.902721 0.277894 128 128 128
2.03447 0.87097 0.276055 128 128 128
2.03582 0.842133 0.274973 128 128 128
2.03769 0.813763 0.273999 128 128 128
2.04196 0.786549 0.27335 128 128 128
2.02723 0.752423 0.270538 128 128 128
2.0307 0.725479 0.269889 128 128 128
2.03381 0.698563 0.26924 128 128 128
2.03656 0.671681 0.268591 128 128 128
2.01907 0.638529 0.26567 128 128 128
2.01248 0.609373 0.264047 128 128 128
2.00644 0.580753 0.262533 128 128 128
1.99809 0.551842 0.260802 128 128 128
1.99413 0.524493 0.259612 128 128 128
1.97342 0.493215 0.256583 128 128 128
1.96772 0.466203 0.255285 128 128 128
1.95971 0.43897 0.253771 128 128 128
1.95036 0.411798 0.252148 128 128 128
1.93382 0.383563 0.249769 128 128 128
1.92177 0.356708 0.24793 128 128 128
1.91914 0.331907 0.247172 128 128 128
1.91227 0.306593 0.245983 128 128 128
1.89721 0.280329 0.243927 128 128 128
1.8946 0.256223 0.243278 128 128 128
1.89168 0.232223 0.242629 128 128 128
1.88549 0.208005 0.241656 128 128 128
1.87999 0.184071 0.24079 128 128 128
1.84744 0.157997 0.237004 128 128 128
1.8423 0.134801 0.236247 128 128 128
1.83786 0.111816 0.235598 128 128 128
1.82718 0.0886677 0.2343 128 128 128
1.81422 0.0657246 0.232785 128 128 128
1.80197 0.0431375 0.231379 128 128 128
1.79044 0.0208733 0.230081 128 128 128
1.78261 -0.00110072 0.229216 128 128 128
1.76755 -0.0227949 0.227593 128 128 128
1.75024 -0.0440712 0.225754 128 128 128
1.73764 -0.0651084 0.224456 128 128 128
1.7248 -0.0858433 0.223158 128 128 128
1.71469 -0.106455 0.222184 128 128 128
1.70234 -0.126686 0.220995 128 128 128
1.68977 -0.14663 0.219805 128 128 128
1.67894 -0.166479 0.218831 128 128 128
1.67084 -0.186413 0.218182 128 128 128
1.6625 -0.206174 0.217533 128 128 128
1.65394 -0.225758 0.216884 128 128 128
1.64514 -0.245162 0.216235 128 128 128
1.63514 -0.264228 0.215478 128 128 128
1.62296 -0.282745 0.214504 128 128 128
1.61155 -0.301185 0.213639 128 128 128
1.59895 -0.319194 0.212665 128 128 128
1.58811 -0.337352 0.211908 128 128 128
1.56736 -0.353114 0.210069 128 128 128
1.56097 -0.371862 0.209853 128 128 128
1.54954 -0.3893 0.209096 128 128 128
1.53504 -0.405753 0.208014 128 128 128
1.5194 -0.421645 0.206824 128 128 128
1.49597 -0.435 0.204769 128 128 128
1.48576 -0.451883 0.204228 128 128 128
1.47063 -0.46708 0.203146 128 128 128
1.46101 -0.483845 0.202713 128 128 128
1.45308 -0.501091 0.202497 128 128 128
1.4384 -0.515872 0.201523 128 128 128
1.41705 -0.527944 0.199793 128 128 128
1.40304 -0.542432 0.198927 128 128 128
1.4009 -0.561454 0.199468 128 128 128
1.37461 -0.570616 0.197197 128 128 128
1.35746 -0.583135 0.196007 128 128 128
1.34747 -0.598541 0.195682 128 128 128
1.33731 -0.61379 0.195358 128 128 128
1.32608 -0.628455 0.194925 128 128 128
1.31559 -0.643373 0.1946 128 128 128
1.30493 -0.658128 0.194276 128 128 128
1.29235 -0.671803 0.193735 128 128 128
1.27787 -0.684332 0.192978 128 128 128
1.27025 -0.700441 0.193086 128 128 128
1.25809 -0.714017 0.192653 128 128 128
1.23893 -0.723396 0.191355 128 128 128
1.22399 -0.734969 0.190598 128 128 128
1.21488 -0.749933 0.190598 128 128 128
1.21398 -0.770103 0.19168 128 128 128
1.19944 -0.78169 0.191031 128 128 128
1.17984 -0.789724 0.189733 128 128 128
1.17334 -0.806392 0.190165 128 128 128
1.16092 -0.819013 0.189841 128 128 128
1.14514 -0.829122 0.189084 128 128 128
1.13168 -0.840744 0.188651 128 128 128
1.11732 -0.851559 0.18811 128 128 128
1.10601 -0.864594 0.188002 128 128 128
1.09065 -0.874375 0.187353 128 128 128
1.07293 -0.882018 0.186379 128 128 128
1.05594 -0.889998 0.185514 128 128 128
1.05623 -0.912628 0.187136 128 128 128
1.0375 -0.918936 0.186055 128 128 128
1.02246 -0.928261 0.185514 128 128 128
1.01099 -0.940739 0.185514 128 128 128
0.997212 -0.951018 0.185189 128 128 128
0.983332 -0.961101 0.184865 128 128 128
0.967948 -0.969581 0.184324 128 128 128
0.9532 -0.978541 0.183891 128 128 128
0.937692 -0.986565 0.18335 128 128 128
0.923485 -0.995813 0.183026 128 128 128
0.911195 -1.00707 0.183026 128 128 128
0.897451 -1.01669 0.18281 128 128 128
0.885556 -1.02838 0.182918 128 128 128
0.867108 -1.03232 0.181944 128 128 128
0.38909 -1.28665 0.181512 128 128 128
0.358724 -1.3006 0.182052 128 128 128
0.34375 -1.30875 0.182485 128 128 128
0.329839 -1.32155 0.183459 128 128 128
0.313597 -1.3255 0.183459 128 128 128
0.298179 -1.33312 0.183891 128 128 128
0.282003 -1.33766 0.183999 128 128 128
0.266343 -1.34492 0.184432 128 128 128
0.249637 -1.34711 0.184324 128 128 128
0.236489 -1.36966 0.186487 128 128 128
0.219821 -1.37344 0.186596 128 128 128
0.203096 -1.37702 0.186704 128 128 128
0.186317 -1.38039 0.186812 128 128 128
0.169729 -1.38553 0.187136 128 128 128
0.153701 -1.3964 0.18811 128 128 128
0.136846 -1.40115 0.188435 128 128 128
0.119812 -1.40471 0.188651 128 128 128
0.103005 -1.41202 0.1893 128 128 128
0.0856084 -1.41218 0.189192 128 128 128
0.0688592 -1.42504 0.19049 128 128 128
0.05144 -1.42777 0.190706 128 128 128
0.0339888 -1.43127 0.191031 128 128 128
0.0165826 -1.44451 0.192437 128 128 128
-0.00114445 -1.44858 0.19287 128 128 128
-0.0189568 -1.45144 0.193194 128 128 128
-0.0368153 -1.45308 0.193411 128 128 128
-0.0547535 -1.4555 0.193735 128 128 128
-0.0728538 -1.45968 0.194276 128 128 128
-0.0911867 -1.46563 0.195033 128 128 128
-0.109311 -1.46638 0.195249 128 128 128
-0.127383 -1.46592 0.195358 128 128 128
-0.145654 -1.46721 0.195682 128 128 128
-0.164086 -1.46927 0.196115 128 128 128
-0.18259 -1.47109 0.196548 128 128 128
-0.201431 -1.47465 0.197197 128 128 128
-0.220095 -1.476 0.197629 128 128 128
-0.239927 -1.48398 0.198819 128 128 128
-0.25795 -1.47995 0.198711 128 128 128
-0.276274 -1.47765 0.198819 128 128 128
-0.297681 -1.49072 0.200658 128 128 128
-0.314511 -1.48015 0.199901 128 128 128
-0.335264 -1.48782 0.201199 128 128 128
-0.354415 -1.48746 0.201632 128 128 128
-0.378194 -1.50518 0.20412 128 128 128
-0.397903 -1.50523 0.20466 128 128 128
-0.420055 -1.51365 0.206175 128 128 128
-0.441089 -1.51698 0.207148 128 128 128
-0.460537 -1.5143 0.207473 128 128 128
-0.486287 -1.53128 0.210069 128 128 128
-0.505977 -1.52803 0.210394 128 128 128
-0.5276 -1.53017 0.211367 128 128 128
-0.552364 -1.54043 0.213314 128 128 128
-0.571572 -1.53447 0.213422 128 128 128
-0.592147 -1.53198 0.213963 128 128 128
-0.616069 -1.53752 0.215478 128 128 128
-0.634129 -1.528 0.215261 128 128 128
-0.659098 -1.53473 0.216992 128 128 128
-0.680298 -1.53198 0.217641 128 128 128
-0.704427 -1.53526 0.219047 128 128 128
-0.729588 -1.53998 0.22067 128 128 128
-0.748867 -1.53181 0.220778 128 128 128
-0.777439 -1.54204 0.223158 128 128 128
-0.797219 -1.53415 0.223374 128 128 128
-0.817859 -1.52776 0.223807 128 128 128
-0.837504 -1.51935 0.224023 128 128 128
-0.863924 -1.5228 0.225754 128 128 128
-0.88655 -1.51895 0.22662 128 128 128
-0.907678 -1.51222 0.22716 128 128 128
-0.932945 -1.51197 0.228567 128 128 128
-0.959405 -1.51301 0.230189 128 128 128
-0.982236 -1.50779 0.231055 128 128 128
-1.01557 -1.51794 0.233975 128 128 128
-1.03525 -1.50701 0.234192 128 128 128
-1.07141 -1.51939 0.237545 128 128 128
-1.09696 -1.51579 0.238843 128 128 128
-1.11607 -1.50302 0.238951 128 128 128
-1.15008 -1.50978 0.241764 128 128 128
-1.17035 -1.49791 0.242088 128 128 128
-1.19796 -1.49507 0.243711 128 128 128
-1.2219 -1.48718 0.244684 128 128 128
-1.24965 -1.48348 0.246307 128 128 128
-1.27685 -1.47858 0.247821 128 128 128
-1.30544 -1.47471 0.249552 128 128 128
-1.32677 -1.46227 0.250093 128 128 128
-1.34597 -1.44733 0.250309 128 128 128
-1.36911 -1.43647 0.251175 128 128 128
-1.39983 -1.43308 0.25323 128 128 128
-1.43066 -1.42915 0.255285 128 128 128
-1.47939 -1.44204 0.260045 128 128 128
-1.49986 -1.42652 0.260478 128 128 128
-1.53036 -1.42018 0.262425 128 128 128
-1.56167 -1.41398 0.26448 128 128 128
-1.58486 -1.39998 0.265345 128 128 128
-1.61923 -1.39537 0.267833 128 128 128
-1.64916 -1.38627 0.269672 128 128 128
-1.66835 -1.36782 0.269997 128 128 128
-1.70519 -1.3634 0.272809 128 128 128
-1.7265 -1.34604 0.273458 128 128 128
-1.76187 -1.3392 0.276055 128 128 128
-1.78296 -1.32104 0.276704 128 128 128
-1.80146 -1.3008 0.277028 128 128 128
-1.82785 -1.28604 0.278434 128 128 128
-1.86808 -1.28039 0.28168 128 128 128
-1.8944 -1.26455 0.283086 128 128 128
-1.93227 -1.25585 0.286006 128 128 128
-1.96601 -1.24375 0.288386 128 128 128
-1.99213 -1.22631 0.289793 128 128 128
-2.03261 -1.2171 0.293038 128 128 128
-2.05598 -1.19708 0.294119 128 128 128
-2.08435 -1.1796 0.29585 128 128 128
-2.1187 -1.16496 0.298338 128 128 128
-2.14073 -1.14309 0.299312 128 128 128
-2.15901 -1.11902 0.299853 128 128 128
-2.19566 -1.10407 0.302665 128 128 128
-2.21798 -1.0814 0.303747 128 128 128
-2.24726 -1.06176 0.305694 128 128 128
-2.27548 -1.04114 0.307533 128 128 128
-2.31717 -1.02603 0.310994 128 128 128
-2.33964 -1.00183 0.312184 128 128 128
-2.39033 -0.989028 0.316728 128 128 128
-2.41244 -0.963682 0.317918 128 128 128
-2.43892 -0.939732 0.319648 128 128 128
-2.47356 -0.918394 0.322353 128 128 128
-2.55071 -0.807029 0.326355 128 128 128
-2.56708 -0.777688 0.327112 128 128 128
-2.6404 -0.764688 0.33436 128 128 128
-2.66204 -0.735677 0.335766 128 128 128
-2.68625 -0.70701 0.337497 128 128 128
-2.7169 -0.679551 0.339985 128 128 128
-2.74825 -0.651675 0.342581 128 128 128
-2.76477 -0.619862 0.343554 128 128 128
-2.8101 -0.593923 0.347773 128 128 128
-2.82887 -0.561723 0.349071 128 128 128
-2.85217 -0.530061 0.35091 128 128 128
-2.86629 -0.496382 0.351776 128 128 128
-2.88297 -0.462909 0.352965 128 128 128
-2.89728 -0.42881 0.353939 128 128 128
-2.92498 -0.396303 0.356427 128 128 128
-2.95232 -0.363181 0.358915 128 128 128
-2.99607 -0.331313 0.363242 128 128 128
-3.08612 -0.188669 0.371679 128 128 128
-3.10607 -0.151663 0.373627 128 128 128
-3.13353 -0.11449 0.376439 128 128 128
-3.14165 -0.0762003 0.377196 128 128 128
-3.16471 -0.00712781 0.301139 128 128 128
-3.21737 0.0323037 0.305565 128 128 128
-3.22669 0.0720178 0.3064 128 128 128
-3.23752 0.112037 0.307402 128 128 128
-3.24983 0.152428 0.308571 128 128 128
-3.2885 0.194762 0.311995 128 128 128
-3.34455 0.405123 0.318257 128 128 128
-3.36303 0.44933 0.320262 128 128 128
-3.36121 0.491147 0.320596 128 128 128
-3.36969 0.534717 0.321848 128 128 128
-3.37466 0.57806 0.32285 128 128 128
-3.38201 0.62215 0.324103 128 128 128
-3.38096 0.66496 0.324687 128 128 128
-3.39107 0.710302 0.326274 128 128 128
-3.4103 0.758166 0.328695 128 128 128
-3.41141 0.80248 0.329614 128 128 128
-3.42258 0.849589 0.331451 128 128 128
-3.43021 0.896332 0.333038 128 128 128
-3.42952 0.941271 0.333956 128 128 128
-3.4426 0.990477 0.336127 128 128 128
-3.45117 1.03899 0.337964 128 128 128
-3.44576 1.08366 0.338632 128 128 128
-3.44167 1.12898 0.339467 128 128 128
-3.41153 1.16564 0.338048 128 128 128
-3.39979 1.20842 0.338298 128 128 128
-3.46132 1.27844 0.345146 128 128 128
-3.44444 1.32046 0.345062 128 128 128
-3.41317 1.35673 0.343726 128 128 128
-3.40271 1.40117 0.344311 128 128 128
-3.4155 1.45575 0.347066 128 128 128
-3.29439 1.45203 0.33763 128 128 128
-3.39597 1.547 0.348653 128 128 128
-3.39475 1.59706 0.350323 128 128 128
-3.39102 1.64645 0.351826 128 128 128
-3.36878 1.68705 0.351659 128 128 128
-3.37349 1.74154 0.354081 128 128 128
-3.35802 1.78609 0.354665 128 128 128
-3.34459 1.83196 0.3555 128 128 128
-3.33226 1.87875 0.356502 128 128 128
-3.31585 1.92351 0.35717 128 128 128
-3.30055 1.96917 0.358005 128 128 128
-3.29396 2.02048 0.359759 128 128 128
-3.2765 2.06554 0.36051 128 128 128
-3.25843 2.11048 0.361262 128 128 128
-3.23229 2.15031 0.361262 128 128 128
-3.21963 2.19938 0.362682 128 128 128
-1.11093 0.775907 0.149496 128 128 128
-1.08839 0.780154 0.14816 128 128 128
-1.07233 0.788709 0.147492 128 128 128
-1.04273 0.786743 0.145404 128 128 128
-1.05579 0.817237 0.147826 128 128 128
-1.05347 0.83635 0.148661 128 128 128
-3.05838 2.49971 0.36694 128 128 128
-3.01603 2.52744 0.365688 128 128 128
-2.99913 2.57661 0.367274 128 128 128
-2.97177 2.61718 0.367775 128 128 128
-2.9483 2.66147 0.368777 128 128 128
-2.91615 2.69813 0.368861 128 128 128
-2.88571 2.73645 0.369195 128 128 128
-2.85405 2.77375 0.369445 128 128 128
-2.81839 2.80715 0.369278 128 128 128
-2.7893 2.84723 0.369946 128 128 128
-2.74727 2.87403 0.369111 128 128 128
-2.72537 2.92212 0.370781 128 128 128
-2.69333 2.95977 0.371282 128 128 128
-2.66077 2.99707 0.371783 128 128 128
-2.6277 3.03402 0.372285 128 128 128
-2.59091 3.0668 0.372368 128 128 128
-2.54866 3.09298 0.371783 128 128 128
-2.52983 3.14812 0.374372 128 128 128
-2.48119 3.16637 0.373036 128 128 128
-2.43852 3.19182 0.372535 128 128 128
-2.3956 3.21671 0.372034 128 128 128
-2.35946 3.2507 0.372535 128 128 128
-2.32284 3.2843 0.373036 128 128 128
-2.28462 3.31584 0.37337 128 128 128
-2.23488 3.33038 0.372034 128 128 128
-2.20092 3.3684 0.37312 128 128 128
-2.16049 3.39684 0.373287 128 128 128
-2.11864 3.4231 0.373287 128 128 128
-2.07596 3.44799 0.373203 128 128 128
-2.02947 3.46632 0.372535 128 128 128
-1.98629 3.4901 0.372452 128 128 128
-1.94572 3.51857 0.372869 128 128 128
-1.90004 3.53779 0.372452 128 128 128
-1.85694 3.56172 0.372535 128 128 128
-1.8104 3.57891 0.372034 128 128 128
-1.76897 3.60622 0.372535 128 128 128
-1.72245 3.62316 0.372118 128 128 128
-0.519206 1.12109 0.139476 128 128 128
-0.509052 1.13557 0.140227 128 128 128
-1.6202 3.75917 0.378965 128 128 128
-1.52004 3.64901 0.367191 128 128 128
-0.4747 1.17296 0.141981 128 128 128
-1.43722 3.70381 0.368861 128 128 128
-1.38784 3.71089 0.367942 128 128 128
-1.34219 3.72764 0.367942 128 128 128
-1.2957 3.74195 0.367775 128 128 128
-1.24968 3.75757 0.367775 128 128 128
-1.20197 3.76787 0.367358 128 128 128
-1.1507 3.76613 0.365938 128 128 128
-1.10245 3.77327 0.365354 128 128 128
-1.0534 3.77692 0.364519 128 128 128
-1.00697 3.78956 0.364519 128 128 128
-0.958931 3.79583 0.364018 128 128 128
-0.909503 3.79568 0.363016 128 128 128
-0.862856 3.80656 0.363016 128 128 128
-0.815664 3.81491 0.362849 128 128 128
-0.766834 3.81486 0.362014 128 128 128
-0.719962 3.82398 0.362014 128 128 128
-0.670582 3.81879 0.360844 128 128 128
-0.623192 3.82378 0.360594 128 128 128
-0.576221 3.83114 0.360594 128 128 128
-0.527678 3.82706 0.359675 128 128 128
-0.480182 3.82929 0.359341 128 128 128
-0.431936 3.824 0.358423 128 128 128
-0.383497 3.81414 0.35717 128 128 128
-0.335884 3.80962 0.356419 128 128 128
-0.288811 3.80948 0.356085 128 128 128
-0.241358 3.8018 0.355166 128 128 128
-0.194087 3.79253 0.354164 128 128 128
-0.147118 3.78368 0.353246 128 128 128
-0.100548 3.78022 0.352828 128 128 128
-0.0539929 3.76921 0.351826 128 128 128
-0.00771385 3.74866 0.350072 128 128 128
0.038165 3.73751 0.349154 128 128 128
0.0837457 3.72481 0.348152 128 128 128
0.128878 3.70757 0.346816 128 128 128
0.173934 3.69675 0.346064 128 128 128
0.218986 3.68936 0.345647 128 128 128
0.261929 3.65459 0.342975 128 128 128
0.306588 3.64912 0.342808 128 128 128
0.349992 3.63119 0.341639 128 128 128
0.393437 3.61672 0.340804 128 128 128
0.437427 3.60865 0.340553 128 128 128
0.479948 3.59017 0.339467 128 128 128
0.522226 3.57218 0.338465 128 128 128
0.564292 3.55468 0.337547 128 128 128
0.605669 3.53472 0.336461 128 128 128
0.64519 3.50645 0.334708 128 128 128
0.686043 3.48751 0.333789 128 128 128
0.724681 3.45933 0.332119 128 128 128
0.764904 3.44045 0.331284 128 128 128
0.801104 3.40559 0.329113 128 128 128
0.842113 3.3926 0.328862 128 128 128
0.878621 3.36274 0.327192 128 128 128
0.912406 3.3248 0.324854 128 128 128
0.94733 3.29325 0.323101 128 128 128
0.983923 3.26898 0.322015 128 128 128
1.02006 3.2443 0.32093 128 128 128
1.05637 3.22113 0.320011 128 128 128
1.09194 3.19661 0.319009 128 128 128
1.12674 3.17077 0.317923 128 128 128
1.16175 3.14643 0.317005 128 128 128
1.19598 3.12077 0.316003 128 128 128
1.22459 3.08179 0.313832 128 128 128
1.25852 3.05732 0.312997 128 128 128
1.29085 3.02974 0.311911 128 128 128
1.31907 2.99362 0.310074 128 128 128
1.34949 2.96361 0.308822 128 128 128
1.373 2.91979 0.306316 128 128 128
1.40131 2.88749 0.304897 128 128 128
1.42725 2.85137 0.303143 128 128 128
1.45572 2.82125 0.301974 128 128 128
1.48414 2.79174 0.300889 128 128 128
1.51253 2.76284 0.299887 128 128 128
1.54044 2.73366 0.298885 128 128 128
1.56786 2.70421 0.297882 128 128 128
1.59428 2.67365 0.296797 128 128 128
1.61496 2.63436 0.294876 128 128 128
1.6328 2.5916 0.292622 128 128 128
1.66068 2.56552 0.292037 128 128 128
1.67545 2.52007 0.289532 128 128 128
1.70062 2.4911 0.288697 128 128 128
1.72247 2.45781 0.287445 128 128 128
1.73501 2.41224 0.284939 128 128 128
1.75263 2.37475 0.283269 128 128 128
1.76296 2.32846 0.280681 128 128 128
1.78895 2.30351 0.280347 128 128 128
1.80962 2.27204 0.279345 128 128 128
1.82852 2.23886 0.278176 128 128 128
1.84625 2.20481 0.276923 128 128 128
1.86926 2.17746 0.276422 128 128 128
1.87936 2.13567 0.274334 128 128 128
1.89072 2.09619 0.272497 128 128 128
1.90953 2.06552 0.271662 128 128 128
1.91345 2.01954 0.269074 128 128 128
1.92488 1.98234 0.267487 128 128 128
1.9371 1.94658 0.266068 128 128 128
1.94587 1.90803 0.264314 128 128 128
1.38295 1.32478 0.196425 128 128 128
1.39253 1.3016 0.195674 128 128 128
1.41062 1.28643 0.195924 128 128 128
1.96704 1.74814 0.256465 128 128 128
1.99061 1.72582 0.256715 128 128 128
2.01164 1.70126 0.256715 128 128 128
2.02005 1.66632 0.255379 128 128 128
2.0248 1.62894 0.253709 128 128 128
2.02658 1.58985 0.251788 128 128 128
2.03563 1.55701 0.250703 128 128 128
2.03939 1.52061 0.249116 128 128 128
2.03692 1.48027 0.246945 128 128 128
2.03376 1.44023 0.244774 128 128 128
2.04882 1.41347 0.244524 128 128 128
2.03786 1.36937 0.241684 128 128 128
2.02779 1.32684 0.239012 128 128 128
1.35905 0.867202 0.17104 128 128 128
1.37129 0.851506 0.171207 128 128 128
1.42434 0.860272 0.175382 128 128 128
2.05862 1.20715 0.235923 128 128 128
2.06288 1.17589 0.234921 128 128 128
2.0597 1.14086 0.23325 128 128 128
2.05862 1.10749 0.231831 128 128 128
2.05879 1.07525 0.230578 128 128 128
2.05226 1.04003 0.228741 128 128 128
2.05592 1.01039 0.227906 128 128 128
2.05826 0.980385 0.226988 128 128 128
2.03481 0.938833 0.223731 128 128 128
2.01886 0.90165 0.221226 128 128 128
2.03344 0.878382 0.22156 128 128 128
2.02474 0.845335 0.219806 128 128 128
2.02294 0.815602 0.218721 128 128 128
2.01235 0.782806 0.216884 128 128 128
2.01526 0.755615 0.216299 128 128 128
2.02157 0.729818 0.216049 128 128 128
2.01625 0.700078 0.214796 128 128 128
2.01901 0.673402 0.214295 128 128 128
1.99958 0.63982 0.211873 128 128 128
1.98726 0.609139 0.21012 128 128 128
1.98311 0.581364 0.209118 128 128 128
1.97185 0.551916 0.207531 128 128 128
1.96499 0.524108 0.206362 128 128 128
1.95387 0.495579 0.204859 128 128 128
1.93945 0.466709 0.203106 128 128 128
1.92948 0.439365 0.201769 128 128 128
1.92693 0.413995 0.201101 128 128 128
1.92014 0.387973 0.200099 128 128 128
1.9081 0.361263 0.19868 128 128 128
1.90061 0.335765 0.197678 128 128 128
1.90656 0.312734 0.197845 128 128 128
1.89054 0.28637 0.196175 128 128 128
1.887 0.262203 0.19559 128 128 128
1.8881 0.238781 0.195423 128 128 128
1.87504 0.21382 0.194087 128 128 128
1.85273 0.188327 0.192 128 128 128
1.84498 0.164712 0.191165 128 128 128
1.83692 0.141316 0.190329 128 128 128
1.8236 0.117832 0.189077 128 128 128
1.81496 0.0949458 0.188242 128 128 128
1.7901 0.0716867 0.186071 128 128 128
1.78287 0.0495105 0.185403 128 128 128
1.75644 0.027271 0.183148 128 128 128
1.75066 0.00570873 0.182647 128 128 128
1.74562 -0.0157189 0.18223 128 128 128
1.72637 -0.0366935 0.180643 128 128 128
1.71981 -0.0576618 0.180142 128 128 128
1.70703 -0.0781875 0.17914 128 128 128
1.70296 -0.0989491 0.178889 128 128 128
1.69068 -0.119044 0.177971 128 128 128
1.68115 -0.139106 0.177303 128 128 128
1.67833 -0.15963 0.177219 128 128 128
1.67228 -0.179778 0.176885 128 128 128
1.65511 -0.198471 0.175633 128 128 128
1.64761 -0.218101 0.175215 128 128 128
1.63692 -0.237142 0.174547 128 128 128
1.62307 -0.255481 0.173629 128 128 128
1.61097 -0.273855 0.172877 128 128 128
1.59573 -0.291426 0.171875 128 128 128
1.5803 -0.308665 0.170873 128 128 128
1.56762 -0.326186 0.170122 128 128 128
1.5528 -0.343008 0.169203 128 128 128
1.53975 -0.359974 0.168451 128 128 128
1.52651 -0.376671 0.1677 128 128 128
1.51599 -0.393857 0.167199 128 128 128
1.50144 -0.409783 0.166364 128 128 128
1.48481 -0.424858 0.165362 128 128 128
1.46422 -0.438434 0.164026 128 128 128
1.46348 -0.457869 0.164443 128 128 128
1.43788 -0.46925 0.16269 128 128 128
1.42541 -0.484597 0.162105 128 128 128
1.41373 -0.500043 0.161604 128 128 128
1.40561 -0.516662 0.161437 128 128 128
1.39638 -0.532799 0.161187 128 128 128
1.38048 -0.546204 0.160352 128 128 128
1.37183 -0.562342 0.160185 128 128 128
1.36391 -0.578743 0.160101 128 128 128
1.33392 -0.585363 0.158013 128 128 128
1.33117 -0.603759 0.158431 128 128 128
1.31735 -0.617073 0.157846 128 128 128
1.32222 -0.639299 0.159015 128 128 128
1.30359 -0.650111 0.158013 128 128 128
1.29374 -0.665143 0.157846 128 128 128
1.28197 -0.679093 0.157512 128 128 128
1.27092 -0.693335 0.157262 128 128 128
1.25971 -0.707408 0.157011 128 128 128
1.24749 -0.72081 0.156677 128 128 128
1.23598 -0.73453 0.156427 128 128 128
1.21754 -0.743901 0.155508 128 128 128
1.19652 -0.751334 0.154339 128 128 128
1.19223 -0.769216 0.15484 128 128 128
1.19182 -0.789869 0.155759 128 128 128
1.16723 -0.794302 0.154256 128 128 128
1.14762 -0.801691 0.153254 128 128 128
1.13608 -0.814547 0.153087 128 128 128
1.12199 -0.825463 0.152669 128 128 128
1.1086 -0.836759 0.152335 128 128 128
1.0951 -0.847851 0.152001 128 128 128
1.0815 -0.858739 0.151667 128 128 128
1.06857 -0.870051 0.151417 128 128 128
1.05552 -0.881176 0.151166 128 128 128
1.04463 -0.894063 0.151166 128 128 128
1.03134 -0.904837 0.150916 128 128 128
1.01572 -0.913414 0.150415 128 128 128
0.995668 -0.91768 0.149413 128 128 128
0.991556 -0.936693 0.150248 128 128 128
0.978559 -0.9474 0.150081 128 128 128
0.961216 -0.953706 0.149413 128 128 128
0.946654 -0.962579 0.149079 128 128 128
0.932706 -0.971961 0.148828 128 128 128
0.919351 -0.981874 0.148661 128 128 128
0.905223 -0.990869 0.148411 128 128 128
0.892334 -1.00116 0.148327 128 128 128
0.880633 -1.01279 0.148411 128 128 128
0.866853 -1.02199 0.148243 128 128 128
0.853614 -1.03178 0.14816 128 128 128
0.839018 -1.03985 0.147909 128 128 128
0.824352 -1.04771 0.147659 128 128 128
0.810225 -1.05616 0.147492 128 128 128
0.79542 -1.06363 0.147241 128 128 128
0.778216 -1.06766 0.146657 128 128 128
0.789189 -1.11132 0.150164 128 128 128
0.763636 -1.10368 0.148411 128 128 128
0.735618 -1.09144 0.146239 128 128 128
0.723258 -1.10205 0.146406 128 128 128
0.713951 -1.11758 0.147074 128 128 128
0.699136 -1.12456 0.146907 128 128 128
0.683744 -1.13049 0.146657 128 128 128
0.670825 -1.14052 0.146824 128 128 128
0.656778 -1.14866 0.146824 128 128 128
0.395821 -1.28658 0.148745 128 128 128
0.379725 -1.29038 0.148661 128 128 128
0.364128 -1.29591 0.148745 128 128 128
0.348198 -1.30028 0.148745 128 128 128
0.332701 -1.30639 0.148912 128 128 128
0.317339 -1.31328 0.149162 128 128 128
0.301857 -1.31999 0.149413 128 128 128
0.286258 -1.32652 0.149663 128 128 128
0.270153 -1.33091 0.149747 128 128 128
0.254167 -1.33608 0.149914 128 128 128
0.238266 -1.34205 0.150164 128 128 128
0.222257 -1.34782 0.150415 128 128 128
0.206142 -1.3534 0.150665 128 128 128
0.190329 -1.36175 0.151166 128 128 128
0.174342 -1.36992 0.151667 128 128 128
0.156853 -1.36602 0.151166 128 128 128
0.140571 -1.3728 0.151584 128 128 128
0.125444 -1.39427 0.153254 128 128 128
0.108473 -1.39769 0.153421 128 128 128
0.0913133 -1.39892 0.153421 128 128 128
0.074389 -1.40491 0.153838 128 128 128
0.0573314 -1.4107 0.154256 128 128 128
0.0399902 -1.4103 0.154172 128 128 128
0.0228262 -1.42164 0.155091 128 128 128
0.00537971 -1.42281 0.155174 128 128 128
-0.0121482 -1.42875 0.155675 128 128 128
-0.0297037 -1.42949 0.155759 128 128 128
-0.04785 -1.44595 0.157178 128 128 128
-0.0657341 -1.44824 0.157429 128 128 128
-0.0840423 -1.45627 0.15818 128 128 128
-0.101907 -1.45513 0.15818 128 128 128
-0.120263 -1.45973 0.158681 128 128 128
-0.138457 -1.46112 0.158932 128 128 128
-0.156268 -1.45832 0.158848 128 128 128
-0.176451 -1.47509 0.160435 128 128 128
-0.194938 -1.47577 0.160686 128 128 128
-0.213179 -1.47426 0.160769 128 128 128
-0.231097 -1.47054 0.160686 128 128 128
-0.249464 -1.46956 0.160853 128 128 128
-0.269838 -1.47913 0.161938 128 128 128
-0.288936 -1.48059 0.162356 128 128 128
-0.307494 -1.47889 0.162523 128 128 128
-0.326271 -1.47792 0.162773 128 128 128
-0.346217 -1.48156 0.163441 128 128 128
-0.367025 -1.48784 0.16436 128 128 128
-0.387532 -1.4919 0.165111 128 128 128
-0.406605 -1.48991 0.165362 128 128 128
-0.429007 -1.49917 0.166614 128 128 128
-0.451696 -1.5081 0.167867 128 128 128
-0.471369 -1.50624 0.168201 128 128 128
-0.494804 -1.51549 0.169537 128 128 128
-0.515627 -1.5159 0.170122 128 128 128
-0.537873 -1.51979 0.17104 128 128 128
-0.560984 -1.52522 0.172126 128 128 128
-0.581447 -1.52287 0.172543 128 128 128
-0.605258 -1.52858 0.173712 128 128 128
-0.628155 -1.53117 0.174631 128 128 128
-0.650815 -1.53251 0.175466 128 128 128
-0.674004 -1.53443 0.176384 128 128 128
-0.696924 -1.53511 0.177219 128 128 128
-0.719961 -1.53545 0.178054 128 128 128
-0.74442 -1.53815 0.17914 128 128 128
-0.765922 -1.53424 0.179641 128 128 128
-0.78744 -1.53004 0.180142 128 128 128
-0.81319 -1.53345 0.181395 128 128 128
-0.832905 -1.5251 0.181562 128 128 128
-0.853519 -1.51824 0.181896 128 128 128
-0.880101 -1.52143 0.183232 128 128 128
-0.899216 -1.51137 0.183315 128 128 128
-0.922914 -1.50871 0.18415 128 128 128
-0.946682 -1.5057 0.184985 128 128 128
-0.977567 -1.51319 0.186906 128 128 128
-0.998827 -1.50523 0.187323 128 128 128
-1.02848 -1.5093 0.188993 128 128 128
-1.06354 -1.52021 0.191415 128 128 128
-1.08678 -1.51351 0.192083 128 128 128
-1.11239 -1.50967 0.193085 128 128 128
-1.14047 -1.50861 0.194421 128 128 128
-1.16624 -1.50393 0.195423 128 128 128
-1.19332 -1.50041 0.196592 128 128 128
-1.22111 -1.49721 0.197845 128 128 128
-1.25285 -1.49814 0.199598 128 128 128
-1.26854 -1.47964 0.199264 128 128 128
-1.28133 -1.45798 0.198596 128 128 128
-1.31918 -1.46432 0.201101 128 128 128
-1.34721 -1.45898 0.202354 128 128 128
-1.37393 -1.45173 0.20344 128 128 128
-1.39095 -1.43405 0.203356 128 128 128
-1.44083 -1.44931 0.207197 128 128 128
-1.45921 -1.43222 0.207281 128 128 128
-1.48461 -1.42177 0.208199 128 128 128
-1.53404 -1.43332 0.211873 128 128 128
-1.55668 -1.41908 0.212458 128 128 128
-1.58666 -1.4111 0.213878 128 128 128
-1.60762 -1.39478 0.214295 128 128 128
-1.64062 -1.38844 0.216049 128 128 128
-1.67369 -1.38149 0.217802 128 128 128
-1.69752 -1.36646 0.218554 128 128 128
-1.72122 -1.35105 0.219305 128 128 128
-1.75114 -1.3401 0.220725 128 128 128
-1.78265 -1.3298 0.222311 128 128 128
-1.8061 -1.31309 0.223063 128 128 128
-1.82941 -1.296 0.223815 128 128 128
-1.85995 -1.28361 0.225318 128 128 128
-1.89461 -1.27345 0.227238 128 128 128
-1.92512 -1.2599 0.228741 128 128 128
-1.96483 -1.25166 0.231163 128 128 128
-1.98683 -1.23165 0.231831 128 128 128
-2.02486 -1.22103 0.234086 128 128 128
-2.05002 -1.20212 0.235088 128 128 128
-2.07588 -1.18327 0.236173 128 128 128
-2.12165 -1.17503 0.239179 128 128 128
-2.1403 -1.15126 0.239597 128 128 128
-2.16134 -1.12859 0.240265 128 128 128
-2.18838 -1.10872 0.241517 128 128 128
-2.22061 -1.09098 0.243271 128 128 128
-2.23744 -1.06535 0.243605 128 128 128
-2.28294 -1.05279 0.246611 128 128 128
-2.31026 -1.03117 0.247947 128 128 128
-2.34288 -1.0114 0.249784 128 128 128
-2.3864 -0.995567 0.252623 128 128 128
-2.38827 -0.962127 0.251705 128 128 128
-2.43056 -0.944612 0.25446 128 128 128
-2.46718 -0.924114 0.256715 128 128 128
-2.49428 -0.899492 0.258135 128 128 128
-2.52209 -0.874667 0.259638 128 128 128
-2.54682 -0.848355 0.26089 128 128 128
-2.57413 -0.822472 0.262393 128 128 128
-2.59071 -0.792853 0.262978 128 128 128
-2.60981 -0.763786 0.263813 128 128 128
-2.65451 -0.741572 0.266903 128 128 128
-2.78393 -0.63214 0.275169 128 128 128
-2.78271 -0.596063 0.274418 128 128 128
-2.8074 -0.565387 0.275921 128 128 128
-2.84939 -0.537495 0.278927 128 128 128
-2.86952 -0.504887 0.280096 128 128 128
-2.89419 -0.472662 0.281683 128 128 128
-2.9047 -0.437846 0.2821 128 128 128
-2.93453 -0.405546 0.284188 128 128 128
-2.95412 -0.371349 0.28544 128 128 128
-2.98223 -0.337729 0.287445 128 128 128
-3.00895 -0.303377 0.289365 128 128 128
-3.04025 -0.268851 0.291703 128 128 128
-3.05325 -0.232265 0.292538 128 128 128
-3.07676 -0.196084 0.294292 128 128 128
-3.1068 -0.15971 0.29663 128 128 128
-3.13243 -0.122477 0.298634 128 128 128
-3.13369 -0.0840278 0.298634 128 128 128
-3.0747 -0.0447725 0.293624 128 128 128
-3.36969 0.208501 0.235992 128 128 128
-3.34995 0.248587 0.23499 128 128 128
-3.3556 0.290449 0.23552 128 128 128
-3.35377 0.331801 0.235638 128 128 128
-3.3673 0.374913 0.236699 128 128 128
-3.36938 0.417063 0.237112 128 128 128
-3.36896 0.459051 0.237407 128 128 128
-3.36998 0.501384 0.23782 128 128 128
-3.3961 0.547936 0.239765 128 128 128
-3.40879 0.592984 0.240944 128 128 128
-3.42383 0.638974 0.2423 128 128 128
-3.43433 0.684643 0.243421 128 128 128
-3.44814 0.731492 0.244777 128 128 128
-3.46617 0.779876 0.246428 128 128 128
-3.43921 0.863007 0.246015 128 128 128
-3.4853 0.966057 0.250201 128 128 128
-3.46839 1.00736 0.249906 128 128 128
-3.46723 1.05333 0.250614 128 128 128
-3.4988 1.20524 0.255153 128 128 128
-3.46025 1.23968 0.253679 128 128 128
-3.44664 1.28274 0.253797 128 128 128
-3.4502 1.33249 0.255035 128 128 128
-3.45027 1.3814 0.256097 128 128 128
-3.5299 1.46375 0.262287 128 128 128
-3.46763 1.48808 0.259457 128 128 128
-3.44363 1.52809 0.259103 128 128 128
-3.43461 1.57481 0.259752 128 128 128
-3.44209 1.62964 0.261521 128 128 128
-3.42453 1.67307 0.261698 128 128 128
-3.41533 1.72081 0.262464 128 128 128
-3.40193 1.76673 0.262995 128 128 128
-3.3976 1.81775 0.264174 128 128 128
-3.37679 1.86027 0.264292 128 128 128
-3.365 1.90797 0.265058 128 128 128
-3.35168 1.95515 0.265766 128 128 128
-3.34285 2.00537 0.266827 128 128 128
-3.32223 2.04886 0.267122 128 128 128
-3.30527 2.09482 0.267711 128 128 128
-3.27681 2.13359 0.267534 128 128 128
-3.25951 2.17974 0.268183 128 128 128
-1.13106 0.777682 0.117663 128 128 128
-1.11491 0.786904 0.117192 128 128 128
-1.08979 0.789415 0.116072 128 128 128
-1.08243 0.804514 0.116248 128 128 128
-1.06215 0.809878 0.115482 128 128 128
-1.05921 0.828379 0.116013 128 128 128
-1.06767 0.856286 0.117428 128 128 128
-3.07337 2.5242 0.271485 128 128 128
-3.04675 2.56558 0.271838 128 128 128
-3.02637 2.61255 0.272723 128 128 128
-2.9911 2.64685 0.272487 128 128 128
-2.96135 2.68604 0.272723 128 128 128
-2.93182 2.72557 0.273018 128 128 128
-2.89526 2.75859 0.272782 128 128 128
-2.87691 2.80925 0.274079 128 128 128
-2.8401 2.84223 0.273902 128 128 128
-2.81546 2.88758 0.274786 128 128 128
-2.78739 2.92987 0.275435 128 128 128
-2.7519 2.96459 0.275494 128 128 128
-2.71532 2.99813 0.275494 128 128 128
-2.67832 3.03123 0.275494 128 128 128
-2.64157 3.06462 0.275553 128 128 128
-2.61662 3.11209 0.276732 128 128 128
-2.56873 3.13239 0.275848 128 128 128
-2.53197 3.16601 0.276024 128 128 128
-2.49723 3.20235 0.276437 128 128 128
-2.46137 3.23752 0.276791 128 128 128
-2.42324 3.26989 0.276968 128 128 128
-2.37884 3.29372 0.276555 128 128 128
-2.33594 3.3194 0.276319 128 128 128
-2.30407 3.36098 0.277263 128 128 128
-2.25821 3.38236 0.276791 128 128 128
-2.21327 3.4048 0.276437 128 128 128
-2.16758 3.4258 0.276024 128 128 128
-2.12381 3.44959 0.275848 128 128 128
-2.08645 3.48396 0.276437 128 128 128
-2.04102 3.50499 0.276142 128 128 128
-1.99491 3.52456 0.275789 128 128 128
-1.95921 3.56277 0.276732 128 128 128
-1.90687 3.57069 0.275671 128 128 128
-1.86428 3.59648 0.275848 128 128 128
-1.81777 3.61463 0.275553 128 128 128
-1.76539 3.62052 0.274491 128 128 128
-0.531843 1.12772 0.110235 128 128 128
-0.516717 1.13144 0.110058 128 128 128
-1.65318 3.73324 0.277734 128 128 128
-1.56988 3.66608 0.272133 128 128 128
-0.487327 1.18013 0.112003 128 128 128
-1.48204 3.70999 0.272546 128 128 128
-1.43783 3.73162 0.272782 128 128 128
-1.39019 3.74431 0.272487 128 128 128
-1.34515 3.7639 0.272664 128 128 128
-1.29561 3.77069 0.272074 128 128 128
-1.24423 3.77114 0.271131 128 128 128
-1.19756 3.78517 0.271072 128 128 128
-1.14986 3.79576 0.270836 128 128 128
-1.10014 3.79904 0.270188 128 128 128
-1.04944 3.79782 0.269303 128 128 128
-0.999196 3.7969 0.268478 128 128 128
-0.950101 3.79919 0.267888 128 128 128
-0.902947 3.80862 0.26777 128 128 128
-0.855922 3.81844 0.267711 128 128 128
-0.806933 3.81889 0.267122 128 128 128
-0.759424 3.82557 0.266945 128 128 128
-0.712056 3.83264 0.266827 128 128 128
-0.663093 3.83027 0.266178 128 128 128
-0.613662 3.82333 0.265294 128 128 128
-0.56699 3.83255 0.265412 128 128 128
-0.519513 3.83625 0.265235 128 128 128
-0.471298 3.83342 0.264704 128 128 128
-0.424111 3.83792 0.264646 128 128 128
-0.375515 3.82794 0.263761 128 128 128
-0.327484 3.82032 0.263054 128 128 128
-0.279771 3.8131 0.262405 128 128 128
-0.232896 3.81525 0.262346 128 128 128
-0.185423 3.80486 0.26158 128 128 128
-0.138351 3.79687 0.26099 128 128 128
-0.0913803 3.78332 0.260106 128 128 128
-0.0447754 3.77018 0.25928 128 128 128
0.00149329 3.75747 0.258514 128 128 128
0.0473941 3.7402 0.257512 128 128 128
0.0928713 3.72237 0.256509 128 128 128
0.138102 3.70898 0.255802 128 128 128
0.182577 3.68607 0.254564 128 128 128
0.226939 3.6696 0.253738 128 128 128
0.271219 3.65658 0.253149 128 128 128
0.314785 3.63806 0.252264 128 128 128
0.35921 3.63193 0.252146 128 128 128
0.402652 3.61733 0.251557 128 128 128
0.445545 3.60023 0.250849 128 128 128
0.489288 3.59152 0.250673 128 128 128
0.53142 3.57241 0.249906 128 128 128
0.573316 3.55379 0.249199 128 128 128
0.613298 3.52584 0.24796 128 128 128
0.655423 3.51216 0.247607 128 128 128
0.694577 3.48427 0.246428 128 128 128
0.73418 3.46083 0.245543 128 128 128
0.771782 3.43013 0.244246 128 128 128
0.810126 3.40487 0.243303 128 128 128
0.846511 3.37336 0.242006 128 128 128
0.884535 3.35017 0.241239 128 128 128
0.917592 3.3102 0.239471 128 128 128
0.955085 3.28815 0.238822 128 128 128
0.991596 3.26376 0.238056 128 128 128
1.02735 3.23802 0.23723 128 128 128
1.06294 3.21285 0.236464 128 128 128
1.09904 3.19013 0.235874 128 128 128
1.13575 3.16982 0.235461 128 128 128
1.1676 3.13693 0.234282 128 128 128
1.20098 3.10933 0.233457 128 128 128
1.23126 3.07489 0.232219 128 128 128
1.26279 3.04479 0.231275 128 128 128
1.2918 3.0098 0.230037 128 128 128
1.32257 2.98003 0.229153 128 128 128
1.34906 2.9418 0.227738 128 128 128
1.37311 2.89975 0.226087 128 128 128
1.39676 2.85846 0.224495 128 128 128
1.43084 2.83932 0.224377 128 128 128
1.4619 2.81446 0.223906 128 128 128
1.48785 2.78046 0.222844 128 128 128
1.51608 2.7515 0.222137 128 128 128
1.54088 2.71706 0.221076 128 128 128
1.56958 2.69018 0.220545 128 128 128
1.59118 2.65188 0.219248 128 128 128
1.61261 2.61431 0.21801 128 128 128
1.63228 2.57492 0.216654 128 128 128
1.6594 2.54801 0.216182 128 128 128
1.67335 2.50172 0.214354 128 128 128
1.68868 2.45877 0.212763 128 128 128
1.7101 2.42562 0.211878 128 128 128
1.73623 2.3996 0.211524 128 128 128
1.75008 2.35727 0.209992 128 128 128
1.77042 2.32449 0.209166 128 128 128
1.78652 2.28685 0.207987 128 128 128
1.80884 2.25774 0.207456 128 128 128
1.82881 2.22612 0.206749 128 128 128
1.84442 2.18976 0.205688 128 128 128
1.86202 2.15638 0.204862 128 128 128
1.8738 2.11691 0.203565 128 128 128
1.87818 2.07009 0.201678 128 128 128
1.89597 2.03884 0.20103 128 128 128
1.91189 2.00602 0.200263 128 128 128
1.91336 1.95883 0.198318 128 128 128
1.9189 1.91685 0.196785 128 128 128
1.93513 1.88619 0.196195 128 128 128
1.37321 1.30546 0.148498 128 128 128
1.39425 1.29326 0.148911 128 128 128
1.42407 1.28879 0.150031 128 128 128
1.97525 1.74466 0.192245 128 128 128
1.98593 1.71116 0.19142 128 128 128
1.99532 1.67703 0.190535 128 128 128
2.00726 1.64545 0.189887 128 128 128
2.02028 1.61508 0.189356 128 128 128
2.00768 1.56498 0.186939 128 128 128
2.01879 1.53419 0.186349 128 128 128
2.02544 1.50038 0.185465 128 128 128
2.03075 1.46605 0.184522 128 128 128
2.00615 1.41113 0.181456 128 128 128
2.01508 1.38076 0.180866 128 128 128
2.00781 1.33985 0.179157 128 128 128
1.32454 0.860039 0.129868 128 128 128
1.36873 0.865082 0.132226 128 128 128
1.39624 0.858693 0.133405 128 128 128
2.03859 1.22021 0.176916 128 128 128
2.03961 1.18706 0.175973 128 128 128
2.04795 1.1585 0.17556 128 128 128
2.05151 1.12751 0.174853 128 128 128
2.05991 1.09942 0.174499 128 128 128
2.04135 1.05751 0.172376 128 128 128
2.02475 1.01757 0.170431 128 128 128
2.0299 0.989147 0.169959 128 128 128
2.03467 0.960748 0.169487 128 128 128
2.01363 0.920744 0.167365 128 128 128
2.01109 0.889897 0.166481 128 128 128
2.00993 0.860038 0.165714 128 128 128
2.01665 0.83378 0.165478 128 128 128
2.01375 0.803781 0.164653 128 128 128
2.01601 0.776135 0.164181 128 128 128
2.01603 0.747859 0.163592 128 128 128
2.00343 0.715329 0.162236 128 128 128
2.00262 0.687443 0.161646 128 128 128
1.99384 0.65718 0.160585 128 128 128
1.99129 0.629348 0.159936 128 128 128
1.9702 0.596172 0.158168 128 128 128
1.96683 0.568892 0.157519 128 128 128
1.96692 0.542849 0.157106 128 128 128
1.94158 0.510277 0.155161 128 128 128
1.93898 0.48423 0.15463 128 128 128
1.92924 0.456709 0.153687 128 128 128
1.92009 0.42972 0.152802 128 128 128
1.9174 0.404471 0.152331 128 128 128
1.91537 0.379548 0.151918 128 128 128
1.89927 0.352179 0.15068 128 128 128
1.90345 0.328846 0.15068 128 128 128
1.88862 0.30245 0.14956 128 128 128
1.88231 0.277787 0.14897 128 128 128
1.8747 0.25319 0.148322 128 128 128
1.86776 0.228944 0.147732 128 128 128
1.85654 0.204466 0.146907 128 128 128
1.85791 0.181571 0.146848 128 128 128
1.82817 0.156018 0.144961 128 128 128
1.82099 0.132911 0.14443 128 128 128
1.81053 0.109821 0.143723 128 128 128
1.80875 0.087448 0.143546 128 128 128
1.77676 0.0640342 0.1416 128 128 128
1.77143 0.042079 0.141247 128 128 128
1.74686 0.0200326 0.139773 128 128 128
1.73699 -0.00140513 0.139183 128 128 128
1.73085 -0.0226468 0.138829 128 128 128
1.72346 -0.0437135 0.138417 128 128 128
1.7198 -0.0647493 0.13824 128 128 128
1.70093 -0.0849665 0.137179 128 128 128
1.69178 -0.105343 0.136707 128 128 128
1.68638 -0.125802 0.136471 128 128 128
1.67377 -0.145544 0.135822 128 128 128
1.67285 -0.166171 0.135881 128 128 128
1.66275 -0.185806 0.13541 128 128 128
1.65341 -0.205341 0.134997 128 128 128
1.64285 -0.224541 0.134525 128 128 128
1.63109 -0.243365 0.133995 128 128 128
1.61812 -0.261777 0.133405 128 128 128
1.58626 -0.276663 0.131695 128 128 128
1.58864 -0.297205 0.132049 128 128 128
1.57312 -0.31434 0.131342 128 128 128
1.55743 -0.331139 0.130634 128 128 128
1.5474 -0.348914 0.13028 128 128 128
1.53815 -0.366723 0.129986 128 128 128
1.51901 -0.381932 0.129101 128 128 128
1.51034 -0.399526 0.128865 128 128 128
1.48512 -0.412438 0.127627 128 128 128
1.47707 -0.429797 0.12745 128 128 128
1.46405 -0.445572 0.126979 128 128 128
1.448 -0.460188 0.12633 128 128 128
1.43277 -0.474791 0.125741 128 128 128
1.41834 -0.489414 0.12521 128 128 128
1.41222 -0.506783 0.12521 128 128 128
1.39935 -0.52164 0.124797 128 128 128
1.38073 -0.534102 0.124031 128 128 128
1.36851 -0.548781 0.123677 128 128 128
1.35555 -0.582594 0.123736 128 128 128
1.34191 -0.596353 0.123323 128 128 128
1.33359 -0.612359 0.123264 128 128 128
1.32326 -0.627398 0.123088 128 128 128
1.30649 -0.63921 0.122498 128 128 128
1.29677 -0.654297 0.12238 128 128 128
1.28598 -0.668782 0.122203 128 128 128
1.27416 -0.68263 0.121967 128 128 128
1.26219 -0.696289 0.121732 128 128 128
1.25007 -0.709757 0.121496 128 128 128
1.24213 -0.725547 0.121555 128 128 128
1.23399 -0.741248 0.121614 128 128 128
1.2044 -0.743766 0.120199 128 128 128
1.19687 -0.759558 0.120317 128 128 128
1.18412 -0.772011 0.120081 128 128 128
1.16957 -0.783156 0.119727 128 128 128
1.15576 -0.794625 0.119432 128 128 128
1.13939 -0.80415 0.118961 128 128 128
1.12863 -0.817486 0.118902 128 128 128
1.12011 -0.832464 0.119019 128 128 128
1.10505 -0.84252 0.118666 128 128 128
1.09384 -0.855403 0.118607 128 128 128
1.08014 -0.866267 0.118371 128 128 128
1.06634 -0.876923 0.118135 128 128 128
1.03717 -0.874517 0.11672 128 128 128
1.03543 -0.895004 0.117428 128 128 128
1.04007 -0.92153 0.118666 128 128 128
1.00428 -0.9121 0.11672 128 128 128
0.990817 -0.922317 0.116543 128 128 128
0.984485 -0.939225 0.116956 128 128 128
0.970741 -0.949143 0.116779 128 128 128
0.955492 -0.957455 0.116484 128 128 128
0.941579 -0.966965 0.116307 128 128 128
0.924135 -0.972662 0.115836 128 128 128
0.908053 -0.979541 0.115482 128 128 128
0.897975 -0.99283 0.115659 128 128 128
0.883079 -1.00078 0.115423 128 128 128
0.871384 -1.0123 0.115482 128 128 128
0.856968 -1.02063 0.115305 128 128 128
0.845645 -1.03261 0.115423 128 128 128
0.839147 -1.0507 0.116013 128 128 128
0.823734 -1.05777 0.115777 128 128 128
0.805251 -1.06065 0.115246 128 128 128
0.780282 -1.05442 0.114067 128 128 128
0.770793 -1.06877 0.114421 128 128 128
0.755895 -1.0757 0.114244 128 128 128
0.746026 -1.08983 0.114598 128 128 128
0.730932 -1.09641 0.114421 128 128 128
0.717967 -1.10614 0.11448 128 128 128
0.703805 -1.11402 0.114421 128 128 128
0.689033 -1.12087 0.114303 128 128 128
0.557022 -1.18097 0.113713 128 128 128
0.545398 -1.19407 0.114126 128 128 128
0.530704 -1.20067 0.114126 128 128 128
0.51593 -1.20709 0.114126 128 128 128
0.501842 -1.21518 0.114244 128 128 128
0.487263 -1.22217 0.114303 128 128 128
0.413906 -1.25733 0.114775 128 128 128
0.39935 -1.26517 0.114951 128 128 128
0.384953 -1.2738 0.115187 128 128 128
0.370682 -1.28322 0.115482 128 128 128
0.355972 -1.29152 0.115718 128 128 128
0.342386 -1.30448 0.116248 128 128 128
0.327322 -1.31246 0.116484 128 128 128
0.311422 -1.31735 0.116543 128 128 128
0.296108 -1.32496 0.116779 128 128 128
0.278999 -1.32459 0.116543 128 128 128
0.263308 -1.33085 0.11672 128 128 128
0.248052 -1.33987 0.117074 128 128 128
0.232444 -1.34773 0.117369 128 128 128
0.216681 -1.35541 0.117663 128 128 128
0.200178 -1.35896 0.117722 128 128 128
0.183755 -1.36329 0.11784 128 128 128
0.167622 -1.3704 0.118135 128 128 128
0.151673 -1.38029 0.118607 128 128 128
0.134821 -1.38304 0.118666 128 128 128
0.11801 -1.38658 0.118784 128 128 128
0.10194 -1.40086 0.11955 128 128 128
0.0842517 -1.39404 0.119078 128 128 128
0.0680193 -1.41291 0.12014 128 128 128
0.0506388 -1.41264 0.120081 128 128 128
0.0333731 -1.41615 0.120258 128 128 128
0.0161264 -1.42744 0.120906 128 128 128
-0.00139228 -1.4425 0.12179 128 128 128
-0.0190078 -1.43539 0.121378 128 128 128
-0.0366699 -1.43704 0.121496 128 128 128
-0.0547433 -1.44846 0.122203 128 128 128
-0.0728571 -1.45465 0.122616 128 128 128
-0.09107 -1.45963 0.12297 128 128 128
-0.110224 -1.47533 0.123972 128 128 128
-0.128492 -1.47585 0.12409 128 128 128
-0.146789 -1.47615 0.124208 128 128 128
-0.165443 -1.4792 0.124503 128 128 128
-0.184194 -1.48201 0.124797 128 128 128
-0.203038 -1.48458 0.125092 128 128 128
-0.221534 -1.48396 0.12521 128 128 128
-0.24068 -1.48704 0.125564 128 128 128
-0.260446 -1.49283 0.126094 128 128 128
-0.279294 -1.49246 0.126271 128 128 128
-0.298172 -1.49186 0.126448 128 128 128
-0.317284 -1.49199 0.126684 128 128 128
-0.336882 -1.49383 0.127038 128 128 128
-0.356342 -1.49444 0.127333 128 128 128
-0.375382 -1.49286 0.127509 128 128 128
-0.394182 -1.49007 0.127627 128 128 128
-0.418829 -1.50821 0.129042 128 128 128
-0.438974 -1.50871 0.129396 128 128 128
-0.458614 -1.50703 0.129632 128 128 128
-0.482199 -1.51747 0.130634 128 128 128
-0.50329 -1.51902 0.131106 128 128 128
-0.524167 -1.51934 0.131519 128 128 128
-0.546471 -1.52313 0.132167 128 128 128
-0.575905 -1.54532 0.133995 128 128 128
-0.592669 -1.53254 0.133641 128 128 128
-0.618104 -1.54184 0.134702 128 128 128
-0.636978 -1.53414 0.134702 128 128 128
-0.663623 -1.54456 0.135881 128 128 128
-0.684955 -1.54177 0.136235 128 128 128
-0.706733 -1.5396 0.136648 128 128 128
-0.726854 -1.53352 0.136825 128 128 128
-0.759193 -1.5523 0.138652 128 128 128
-0.778634 -1.54375 0.138711 128 128 128
-0.800738 -1.54029 0.139124 128 128 128
-0.820991 -1.53298 0.139301 128 128 128
-0.845518 -1.53329 0.140008 128 128 128
-0.865254 -1.52453 0.140126 128 128 128
-0.888924 -1.52243 0.140716 128 128 128
-0.913185 -1.52082 0.141365 128 128 128
-0.935446 -1.51545 0.141777 128 128 128
-0.960381 -1.51398 0.142485 128 128 128
-0.989776 -1.51881 0.143664 128 128 128
-1.01666 -1.519 0.144548 128 128 128
-1.03805 -1.51053 0.144843 128 128 128
-1.06973 -1.51645 0.146199 128 128 128
-1.10229 -1.52262 0.147614 128 128 128
-1.12208 -1.51058 0.147732 128 128 128
-1.14839 -1.50703 0.148498 128 128 128
-1.1797 -1.50935 0.149737 128 128 128
-1.20437 -1.50255 0.150326 128 128 128
-1.22335 -1.48843 0.150385 128 128 128
-1.25502 -1.48935 0.151623 128 128 128
-1.2869 -1.4897 0.152861 128 128 128
-1.315 -1.48502 0.153746 128 128 128
-1.33715 -1.47321 0.154099 128 128 128
-1.35784 -1.45961 0.154335 128 128 128
-1.38185 -1.44935 0.154866 128 128 128
-1.42393 -1.45729 0.156929 128 128 128
-1.45159 -1.44958 0.157755 128 128 128
-1.48642 -1.44839 0.15917 128 128 128
-1.51059 -1.43624 0.1597 128 128 128
-1.53249 -1.42167 0.160054 128 128 128
-1.56905 -1.42018 0.161587 128 128 128
-1.59459 -1.4081 0.162236 128 128 128
-1.6246 -1.39951 0.163238 128 128 128
-1.6554 -1.39103 0.164299 128 128 128
-1.68392 -1.38011 0.165184 128 128 128
-1.71242 -1.3687 0.166068 128 128 128
-1.73932 -1.35557 0.166834 128 128 128
-1.77727 -1.35044 0.168426 128 128 128
-1.79772 -1.3315 0.168721 128 128 128
-1.82282 -1.31577 0.16937 128 128 128
-1.8421 -1.2956 0.169605 128 128 128
-1.89325 -1.29718 0.172141 128 128 128
-1.91069 -1.27496 0.172258 128 128 128
-1.9446 -1.2634 0.173556 128 128 128
-1.99116 -1.2592 0.175737 128 128 128
-2.01837 -1.242 0.176562 128 128 128
-2.04972 -1.22689 0.177683 128 128 128
-2.07929 -1.21018 0.178685 128 128 128
-2.10962 -1.19343 0.179746 128 128 128
-2.13547 -1.17371 0.180513 128 128 128
-2.155 -1.15024 0.180866 128 128 128
-2.17427 -1.12647 0.18122 128 128 128
-2.21557 -1.11361 0.183048 128 128 128
-2.23624 -1.08984 0.183519 128 128 128
-2.25396 -1.06445 0.183814 128 128 128
-2.29499 -1.0496 0.185642 128 128 128
-2.42245 -1.00185 0.19142 128 128 128
-2.44013 -0.974271 0.191774 128 128 128
-2.46587 -0.949642 0.192658 128 128 128
-2.66948 -0.80826 0.201325 128 128 128
-2.6859 -0.777387 0.201737 128 128 128
-2.69813 -0.745167 0.201914 128 128 128
-2.72541 -0.716834 0.203035 128 128 128
-2.7524 -0.687942 0.204155 128 128 128
-2.77715 -0.658035 0.205157 128 128 128
-2.7967 -0.62653 0.205864 128 128 128
-2.84031 -0.599811 0.208046 128 128 128
-2.85138 -0.565689 0.208282 128 128 128
-2.87381 -0.533579 0.209225 128 128 128
-2.89489 -0.500832 0.210109 128 128 128
-2.91856 -0.468123 0.211171 128 128 128
-2.93791 -0.434323 0.211996 128 128 128
-2.96082 -0.400655 0.213057 128 128 128
-2.99623 -0.368078 0.214885 128 128 128
-3.39768 0.495918 0.155974 128 128 128
-3.41009 0.583564 0.156872 128 128 128
-3.37712 0.620641 0.155974 128 128 128
-3.43592 0.675216 0.158324 128 128 128
-3.45183 0.722476 0.159187 128 128 128
-3.43977 0.764127 0.159084 128 128 128
-3.47196 0.816161 0.160569 128 128 128
-3.4772 0.862573 0.161122 128 128 128
-3.45378 0.901882 0.160673 128 128 128
-3.43764 0.94287 0.1605 128 128 128
-3.42418 1.36043 0.164646 128 128 128
-3.49868 1.4401 0.168067 128 128 128
-3.50188 1.49196 0.168862 128 128 128
-3.4333 1.56334 0.167687 128 128 128
-3.41566 1.6062 0.167756 128 128 128
-3.41457 1.65718 0.168481 128 128 128
-3.44757 1.72586 0.170554 128 128 128
-3.43057 1.77033 0.170727 128 128 128
-3.39271 1.80383 0.170105 128 128 128
-3.3966 1.85976 0.171142 128 128 128
-3.36482 1.89638 0.170796 128 128 128
-3.36808 1.9531 0.171867 128 128 128
-3.35244 1.99941 0.172213 128 128 128
-3.3268 2.03988 0.172178 128 128 128
-3.30828 2.08482 0.172455 128 128 128
-3.29418 2.13288 0.172938 128 128 128
-3.27026 2.1748 0.173042 128 128 128
-3.20208 2.18655 0.171315 128 128 128
-1.11749 0.780233 0.0843852 128 128 128
-1.10783 0.793888 0.0843852 128 128 128
-1.08997 0.801479 0.0840397 128 128 128
-1.0912 0.823253 0.0845234 128 128 128
-1.08575 0.840266 0.0847307 128 128 128
-1.09253 0.867244 0.0854908 128 128 128
-3.08387 2.51969 0.174942 128 128 128
-3.06497 2.56763 0.175495 128 128 128
-2.94914 2.53269 0.17166 128 128 128
-3.00103 2.64207 0.175495 128 128 128
-2.9795 2.68875 0.176013 128 128 128
-2.94848 2.72715 0.176117 128 128 128
-2.92349 2.77139 0.176532 128 128 128
-2.88926 2.80706 0.176532 128 128 128
-2.8553 2.84301 0.176566 128 128 128
-2.82369 2.8814 0.176739 128 128 128
-2.78812 2.91584 0.176739 128 128 128
-2.75281 2.95056 0.176774 128 128 128
-2.72244 2.99078 0.177085 128 128 128
-2.69084 3.02995 0.177361 128 128 128
-2.64823 3.05669 0.177085 128 128 128
-2.62211 3.10271 0.177706 128 128 128
-2.58321 3.13388 0.177672 128 128 128
-2.53455 3.15287 0.177119 128 128 128
-2.50367 3.19397 0.177568 128 128 128
-2.46429 3.22446 0.177568 128 128 128
-2.42871 3.26007 0.17781 128 128 128
-2.38735 3.28801 0.177741 128 128 128
-2.34566 3.31542 0.177672 128 128 128
-2.3048 3.34396 0.177672 128 128 128
-2.26304 3.37116 0.177637 128 128 128
-2.22041 3.397 0.177568 128 128 128
-2.1807 3.42737 0.177706 128 128 128
-2.13585 3.44962 0.177534 128 128 128
-2.09026 3.47043 0.177326 128 128 128
-2.0455 3.49237 0.177188 128 128 128
-2.00545 3.52242 0.177396 128 128 128
-1.9587 3.54064 0.177154 128 128 128
-1.91227 3.55913 0.176946 128 128 128
-1.86845 3.58233 0.176946 128 128 128
-1.82344 3.6032 0.176877 128 128 128
-1.77821 3.62351 0.176808 128 128 128
-0.537191 1.12313 0.0803082 128 128 128
-0.528375 1.14054 0.0807228 128 128 128
-0.51109 1.13963 0.0804464 128 128 128
-1.57024 3.64121 0.174355 128 128 128
-0.49831 1.18874 0.0818285 128 128 128
-1.4871 3.69535 0.174977 128 128 128
-1.44417 3.71984 0.175219 128 128 128
-1.40016 3.74197 0.175392 128 128 128
-1.3467 3.73817 0.174631 128 128 128
-1.29714 3.74403 0.174251 128 128 128
-1.25015 3.75682 0.174148 128 128 128
-1.20032 3.76045 0.173733 128 128 128
-1.15292 3.77107 0.173595 128 128 128
-1.10656 3.78493 0.173595 128 128 128
-1.05655 3.78571 0.173146 128 128 128
-1.01001 3.79839 0.173146 128 128 128
-0.960151 3.7979 0.172697 128 128 128
-0.912777 3.80648 0.172593 128 128 128
-0.865776 3.81642 0.172558 128 128 128
-0.816588 3.816 0.172178 128 128 128
-0.769699 3.82574 0.172178 128 128 128
-0.722141 3.83195 0.172075 128 128 128
-0.672482 3.82575 0.171556 128 128 128
-0.624044 3.82484 0.171246 128 128 128
-0.575435 3.82134 0.170865 128 128 128
-0.52592 3.8093 0.170209 128 128 128
-0.479258 3.81646 0.170244 128 128 128
-0.430941 3.80914 0.169794 128 128 128
-0.384065 3.81315 0.16976 128 128 128
-0.3362 3.80563 0.169345 128 128 128
-0.288428 3.79551 0.168862 128 128 128
-0.241018 3.7858 0.168412 128 128 128
-0.194492 3.78747 0.168378 128 128 128
-0.147581 3.77859 0.167998 128 128 128
-0.100559 3.75514 0.167134 128 128 128
-0.0543084 3.7441 0.166719 128 128 128
-0.00834203 3.73049 0.166236 128 128 128
0.0373044 3.71832 0.165821 128 128 128
0.0822073 3.68661 0.16475 128 128 128
0.127335 3.68233 0.164646 128 128 128
0.172034 3.6705 0.164301 128 128 128
0.216223 3.65415 0.163817 128 128 128
0.260759 3.64724 0.163679 128 128 128
0.304651 3.6338 0.163333 128 128 128
0.348252 3.61984 0.162988 128 128 128
0.391012 3.6004 0.16247 128 128 128
0.434075 3.5864 0.162159 128 128 128
0.476053 3.56594 0.16164 128 128 128
0.518031 3.54797 0.161226 128 128 128
0.559324 3.52753 0.160742 128 128 128
0.600534 3.50858 0.160328 128 128 128
0.639727 3.48031 0.159602 128 128 128
0.67948 3.45749 0.159084 128 128 128
0.719182 3.43618 0.158635 128 128 128
0.756939 3.40759 0.157944 128 128 128
0.795022 3.38248 0.157391 128 128 128
0.828494 3.34047 0.156251 128 128 128
0.866128 3.31748 0.155801 128 128 128
0.905977 3.30371 0.155698 128 128 128
0.942569 3.2789 0.155214 128 128 128
0.979557 3.25656 0.154834 128 128 128
1.01554 3.23191 0.154385 128 128 128
1.05168 3.20876 0.154005 128 128 128
1.08288 3.17198 0.153141 128 128 128
1.11569 3.14151 0.152519 128 128 128
1.14825 3.11165 0.151932 128 128 128
1.18599 3.09639 0.151897 128 128 128
1.21243 3.05282 0.150826 128 128 128
1.24866 3.03494 0.150722 128 128 128
1.27167 2.9863 0.149479 128 128 128
1.30297 2.95859 0.149029 128 128 128
1.32714 2.91601 0.148027 128 128 128
1.35558 2.88414 0.14744 128 128 128
1.3865 2.8583 0.147095 128 128 128
1.41474 2.82767 0.146576 128 128 128
1.44934 2.8101 0.146576 128 128 128
1.47196 2.77005 0.145713 128 128 128
1.5044 2.74915 0.145609 128 128 128
1.52672 2.71047 0.144814 128 128 128
1.5448 2.66561 0.143778 128 128 128
1.56867 2.63187 0.14319 128 128 128
1.58986 2.59454 0.142465 128 128 128
1.60984 2.55625 0.141705 128 128 128
1.63456 2.52624 0.14129 128 128 128
1.65214 2.48603 0.140461 128 128 128
1.67462 2.45402 0.139977 128 128 128
1.69024 2.41284 0.139113 128 128 128
1.72031 2.39273 0.139148 128 128 128
1.73349 2.34975 0.138215 128 128 128
1.75193 2.31476 0.137628 128 128 128
1.77775 2.28994 0.13749 128 128 128
1.7895 2.24764 0.136591 128 128 128
1.80365 2.20927 0.135866 128 128 128
1.8242 2.17932 0.13552 128 128 128
1.83647 2.1401 0.13476 128 128 128
1.85598 2.10991 0.134415 128 128 128
1.86162 2.06474 0.133378 128 128 128
1.87595 2.03001 0.132825 128 128 128
1.87663 1.98147 0.131616 128 128 128
1.88895 1.94612 0.131029 128 128 128
1.90211 1.91218 0.13051 128 128 128
1.92043 1.8838 0.130268 128 128 128
1.34258 1.28672 0.101557 128 128 128
1.37363 1.28445 0.102282 128 128 128
1.40853 1.28497 0.103181 128 128 128
1.96717 1.74886 0.128265 128 128 128
1.98546 1.72197 0.128126 128 128 128
1.98199 1.67686 0.127021 128 128 128
1.98236 1.6359 0.126122 128 128 128
1.98669 1.59894 0.125431 128 128 128
1.99593 1.56644 0.124982 128 128 128
1.9999 1.53031 0.124326 128 128 128
1.99928 1.49134 0.123497 128 128 128
1.99963 1.45379 0.122736 128 128 128
2.00344 1.41935 0.122149 128 128 128
2.01412 1.39012 0.121873 128 128 128
2.02687 1.36252 0.1217 128 128 128
1.32523 0.869091 0.0920554 128 128 128
1.36279 0.869904 0.0931611 128 128 128
1.36741 0.849438 0.0929192 128 128 128
2.03218 1.22591 0.119316 128 128 128
2.03154 1.1918 0.118694 128 128 128
2.03298 1.15937 0.118176 128 128 128
2.02605 1.12275 0.117347 128 128 128
2.02382 1.0893 0.116725 128 128 128
2.02551 1.05839 0.116275 128 128 128
2.0214 1.02489 0.115619 128 128 128
2.01677 0.991663 0.114963 128 128 128
2.0017 0.953989 0.113926 128 128 128
1.99782 0.92226 0.113339 128 128 128
2.00533 0.89605 0.1132 128 128 128
2.01434 0.870584 0.113131 128 128 128
2.0138 0.841197 0.112717 128 128 128
2.00727 0.809722 0.112095 128 128 128
2.00681 0.78106 0.111715 128 128 128
2.00219 0.751135 0.111197 128 128 128
1.99621 0.721104 0.110644 128 128 128
1.9898 0.691333 0.110091 128 128 128
1.98295 0.661829 0.109538 128 128 128
1.97664 0.632901 0.10902 128 128 128
1.96705 0.603355 0.108398 128 128 128
1.9436 0.570227 0.107292 128 128 128
1.94082 0.543657 0.106947 128 128 128
1.93575 0.516729 0.106532 128 128 128
1.92063 0.487568 0.105772 128 128 128
1.92063 0.46257 0.105565 128 128 128
1.92324 0.438305 0.105461 128 128 128
1.90404 0.409468 0.104597 128 128 128
1.89912 0.38411 0.104252 128 128 128
1.89092 0.358383 0.103803 128 128 128
1.89321 0.334807 0.103734 128 128 128
1.89125 0.31059 0.103526 128 128 128
1.86922 0.283515 0.102628 128 128 128
1.87751 0.261234 0.102801 128 128 128
1.8538 0.23484 0.101868 128 128 128
1.83866 0.210069 0.101246 128 128 128
1.83116 0.186499 0.1009 128 128 128
1.82833 0.163579 0.100728 128 128 128
1.80529 0.139263 0.0998639 128 128 128
1.79589 0.116412 0.0994838 128 128 128
1.78021 0.0935108 0.0988965 128 128 128
1.76724 0.0711264 0.0984128 128 128 128
1.76499 0.0493571 0.0983091 128 128 128
1.75247 0.0275195 0.0978599 128 128 128
1.73169 0.00598724 0.0971344 128 128 128
1.72763 -0.0152193 0.0969962 128 128 128
1.72032 -0.0362554 0.0967543 128 128 128
1.71575 -0.0572213 0.0966161 128 128 128
1.70893 -0.0779847 0.0964088 128 128 128
1.69288 -0.0980484 0.0958906 128 128 128
1.68059 -0.118019 0.0955105 128 128 128
1.67005 -0.137873 0.0951996 128 128 128
1.6553 -0.157098 0.0947504 128 128 128
1.65027 -0.177073 0.0946467 128 128 128
1.64103 -0.196462 0.0944049 128 128 128
1.63354 -0.215919 0.0942321 128 128 128
1.6189 -0.234203 0.0938175 128 128 128
1.60406 -0.25216 0.0934029 128 128 128
1.59494 -0.270808 0.0931956 128 128 128
1.5797 -0.288178 0.092781 128 128 128
1.56232 -0.304828 0.0922973 128 128 128
1.54966 -0.322125 0.0919863 128 128 128
1.53584 -0.338939 0.0916408 128 128 128
1.52573 -0.356382 0.0914335 128 128 128
1.5096 -0.372178 0.0910189 128 128 128
1.49332 -0.387632 0.0906043 128 128 128
1.48074 -0.403805 0.0903279 128 128 128
1.46127 -0.417787 0.0898097 128 128 128
1.45221 -0.434532 0.0896714 128 128 128
1.4401 -0.450215 0.0894296 128 128 128
1.42782 -0.465667 0.0891877 128 128 128
1.41632 -0.481209 0.0889804 128 128 128
1.41031 -0.498554 0.0889804 128 128 128
1.39284 -0.511657 0.0885658 128 128 128
1.38366 -0.527635 0.0884622 128 128 128
1.37522 -0.543835 0.0883931 128 128 128
1.36567 -0.559526 0.0882894 128 128 128
1.35503 -0.574673 0.0881512 128 128 128
1.33965 -0.587622 0.0878403 128 128 128
1.33234 -0.604018 0.0878403 128 128 128
1.31036 -0.613502 0.0872875 128 128 128
1.30902 -0.632597 0.0875293 128 128 128
1.2958 -0.645923 0.087322 128 128 128
1.286 -0.660858 0.0872529 128 128 128
1.27427 -0.674709 0.0871147 128 128 128
1.26414 -0.689334 0.0870456 128 128 128
1.24688 -0.699879 0.0867001 128 128 128
1.23561 -0.713621 0.0865964 128 128 128
1.22247 -0.726166 0.0864237 128 128 128
1.21262 -0.74059 0.0863891 128 128 128
1.19161 -0.747943 0.0859054 128 128 128
1.17982 -0.760877 0.0858018 128 128 128
1.18953 -0.788046 0.0865964 128 128 128
1.1575 -0.787345 0.0856636 128 128 128
1.1363 -0.793447 0.0851799 128 128 128
1.12404 -0.805578 0.0850762 128 128 128
1.11086 -0.816933 0.084938 128 128 128
1.10075 -0.830504 0.084938 128 128 128
1.08575 -0.840266 0.0847307 128 128 128
1.07301 -0.851655 0.0846271 128 128 128
1.05938 -0.862226 0.0844889 128 128 128
1.04643 -0.873234 0.0843852 128 128 128
1.0326 -0.883402 0.084247 128 128 128
1.01944 -0.894024 0.0841433 128 128 128
1.00691 -0.905126 0.0840742 128 128 128
0.993523 -0.915376 0.0839706 128 128 128
0.977867 -0.923369 0.0837633 128 128 128
0.971475 -0.94018 0.0840051 128 128 128
0.957742 -0.949913 0.0839015 128 128 128
0.940423 -0.955878 0.0836251 128 128 128
0.925172 -0.963732 0.0834523 128 128 128
0.907146 -0.96843 0.0831414 128 128 128
0.894522 -0.978749 0.0831068 128 128 128
0.881781 -0.988905 0.0830723 128 128 128
0.870233 -1.00041 0.0831068 128 128 128
0.857246 -1.01025 0.0830723 128 128 128
0.84034 -1.01529 0.0828304 128 128 128
0.826567 -1.02396 0.0827613 128 128 128
0.813939 -1.03403 0.0827613 128 128 128
0.800582 -1.04315 0.0827268 128 128 128
0.790106 -1.0561 0.082865 128 128 128
0.774155 -1.06167 0.0826922 128 128 128
0.76395 -1.07517 0.082865 128 128 128
0.778451 -1.12481 0.084558 128 128 128
0.734553 -1.08945 0.0826922 128 128 128
0.722221 -1.10005 0.0827613 128 128 128
0.708131 -1.10799 0.0827268 128 128 128
0.694481 -1.11659 0.0827268 128 128 128
0.681241 -1.12589 0.0827613 128 128 128
0.667374 -1.13416 0.0827613 128 128 128
0.653405 -1.14227 0.0827613 128 128 128
0.639339 -1.1502 0.0827613 128 128 128
0.625176 -1.15796 0.0827613 128 128 128
0.610919 -1.16554 0.0827613 128 128 128
0.591616 -1.16314 0.0823813 128 128 128
0.507899 -1.21182 0.0826922 128 128 128
0.495595 -1.22445 0.0829341 128 128 128
0.480892 -1.23137 0.0829686 128 128 128
0.465745 -1.23718 0.0829686 128 128 128
0.450866 -1.24374 0.0830032 128 128 128
0.435896 -1.25013 0.0830377 128 128 128
0.420207 -1.25443 0.0830032 128 128 128
0.410235 -1.27664 0.0836251 128 128 128
0.387257 -1.25768 0.0827613 128 128 128
0.386327 -1.31223 0.084558 128 128 128
0.360826 -1.28317 0.0833487 128 128 128
0.346843 -1.29426 0.0835905 128 128 128
0.331422 -1.30036 0.0836596 128 128 128
0.314976 -1.30239 0.0835905 128 128 128
0.301391 -1.31688 0.0839706 128 128 128
0.285416 -1.32145 0.0840051 128 128 128
0.269767 -1.3278 0.0841088 128 128 128
0.253637 -1.33199 0.0841433 128 128 128
0.237788 -1.33795 0.084247 128 128 128
0.222151 -1.3457 0.0844198 128 128 128
0.20636 -1.35327 0.0845925 128 128 128
0.190551 -1.36164 0.0847998 128 128 128
0.174445 -1.36884 0.0849726 128 128 128
0.158079 -1.37485 0.0851108 128 128 128
0.141593 -1.38066 0.085249 128 128 128
0.125161 -1.38827 0.0854563 128 128 128
0.108339 -1.39269 0.0855599 128 128 128
0.0915527 -1.3989 0.0857327 128 128 128
0.0745298 -1.40292 0.0858363 128 128 128
0.0574601 -1.40772 0.0859745 128 128 128
0.0401809 -1.40832 0.0859745 128 128 128
0.0230973 -1.42369 0.0864928 128 128 128
0.00561872 -1.41887 0.08632 128 128 128
-0.0119265 -1.43083 0.0867346 128 128 128
-0.0296008 -1.43557 0.0869074 128 128 128
-0.0473221 -1.43809 0.0870111 128 128 128
-0.0653012 -1.44439 0.0872529 128 128 128
-0.0833217 -1.44847 0.0874257 128 128 128
-0.102176 -1.46229 0.0879439 128 128 128
-0.120197 -1.46192 0.0879785 128 128 128
-0.138322 -1.46233 0.0880476 128 128 128
-0.156256 -1.46052 0.0880476 128 128 128
-0.175985 -1.47337 0.0885658 128 128 128
-0.194052 -1.4711 0.0885658 128 128 128
-0.212963 -1.47454 0.0887731 128 128 128
-0.230727 -1.46984 0.088704 128 128 128
-0.251122 -1.48069 0.0891877 128 128 128
-0.270728 -1.48536 0.0894641 128 128 128
-0.289517 -1.48487 0.0895678 128 128 128
-0.310392 -1.49392 0.090017 128 128 128
-0.327177 -1.48317 0.0897751 128 128 128
-0.3488 -1.49363 0.0902934 128 128 128
-0.368069 -1.49312 0.0904316 128 128 128
-0.387379 -1.49235 0.0905698 128 128 128
-0.408052 -1.49616 0.0908807 128 128 128
-0.426936 -1.49296 0.0909498 128 128 128
-0.450426 -1.50483 0.0915717 128 128 128
-0.471265 -1.50681 0.0918481 128 128 128
-0.495343 -1.518 0.09247 128 128 128
-0.513286 -1.50992 0.092401 128 128 128
-0.53983 -1.5261 0.0932302 128 128 128
-0.559905 -1.52311 0.0933684 128 128 128
-0.581423 -1.52359 0.0936448 128 128 128
-0.603776 -1.52562 0.0939903 128 128 128
-0.625122 -1.52456 0.0942321 128 128 128
-0.649673 -1.53056 0.0947504 128 128 128
-0.67285 -1.53253 0.0951305 128 128 128
-0.702399 -1.5478 0.0960288 128 128 128
-0.72475 -1.54629 0.0963052 128 128 128
-0.746731 -1.54357 0.096547 128 128 128
-0.76741 -1.53786 0.0966852 128 128 128
-0.793572 -1.54253 0.097238 128 128 128
-0.814792 -1.53709 0.0974108 128 128 128
-0.836959 -1.53311 0.0976526 128 128 128
-0.856201 -1.52359 0.0976872 128 128 128
-0.882869 -1.52679 0.09824 128 128 128
-0.902564 -1.51756 0.0983091 128 128 128
-0.927922 -1.51744 0.0987583 128 128 128
-0.95181 -1.51439 0.0991038 128 128 128
-0.981746 -1.5202 0.0998293 128 128 128
-1.01308 -1.52717 0.100624 128 128 128
-1.03569 -1.52039 0.100866 128 128 128
-1.06519 -1.52311 0.101522 128 128 128
-1.08906 -1.51722 0.101833 128 128 128
-1.11829 -1.5182 0.102455 128 128 128
-1.13744 -1.50516 0.10249 128 128 128
-1.17056 -1.51001 0.103319 128 128 128
-1.19649 -1.50491 0.103734 128 128 128
-1.22879 -1.50712 0.104494 128 128 128
-1.25555 -1.50188 0.104943 128 128 128
-1.26606 -1.47727 0.104528 128 128 128
-1.30327 -1.48336 0.10553 128 128 128
-1.32808 -1.47466 0.105876 128 128 128
-1.35898 -1.47218 0.106532 128 128 128
-1.37625 -1.45467 0.106498 128 128 128
-1.40516 -1.44913 0.10705 128 128 128
-1.44542 -1.45442 0.108156 128 128 128
-1.47388 -1.44705 0.108674 128 128 128
-1.51177 -1.44818 0.109642 128 128 128
-1.5404 -1.43973 0.11016 128 128 128
-1.56387 -1.4261 0.110436 128 128 128
-1.59621 -1.42006 0.111127 128 128 128
-1.64148 -1.42455 0.112406 128 128 128
-1.66037 -1.40559 0.112475 128 128 128
-1.6883 -1.39399 0.112959 128 128 128
-1.71307 -1.37942 0.113304 128 128 128
-1.73774 -1.36446 0.11365 128 128 128
-1.75754 -1.34545 0.113788 128 128 128
-1.79717 -1.34108 0.11479 128 128 128
-1.81673 -1.32127 0.114928 128 128 128
-1.84914 -1.3104 0.115619 128 128 128
-1.87661 -1.29554 0.116103 128 128 128
-1.90814 -1.28298 0.116759 128 128 128
-1.94299 -1.27203 0.117554 128 128 128
-1.97786 -1.26041 0.118348 128 128 128
-2.00933 -1.24602 0.119005 128 128 128
-2.03904 -1.23002 0.119592 128 128 128
-2.08331 -1.22205 0.120767 128 128 128
-2.10684 -1.20133 0.121113 128 128 128
-2.13193 -1.18118 0.121527 128 128 128
-2.15331 -1.15871 0.121804 128 128 128
-2.18066 -1.13912 0.122322 128 128 128
-2.21054 -1.12038 0.122944 128 128 128
-2.24387 -1.10283 0.123704 128 128 128
-2.26175 -1.07736 0.123877 128 128 128
-2.30931 -1.06538 0.12519 128 128 128
-2.35691 -1.05239 0.126502 128 128 128
-2.37699 -1.02655 0.126779 128 128 128
-2.40694 -1.00459 0.127435 128 128 128
-2.45619 -0.989861 0.128817 128 128 128
-2.46815 -0.959645 0.128817 128 128 128
-2.47974 -0.929285 0.128817 128 128 128
-2.49472 -0.900136 0.128956 128 128 128
-2.52258 -0.875326 0.129577 128 128 128
-2.5246 -0.841473 0.129266 128 128 128
-2.57759 -0.824062 0.130821 128 128 128
-2.61619 -0.801106 0.131858 128 128 128
-2.57881 -0.755246 0.130165 128 128 128
-2.59137 -0.622695 0.129405 128 128 128
-2.78403 -0.561214 0.135451 128 128 128
-2.81821 -0.532162 0.136418 128 128 128
-2.8521 -0.502355 0.137386 128 128 128
-2.88962 -0.472435 0.138492 128 128 128
-2.91101 -0.439304 0.139044 128 128 128
-2.93697 -0.406397 0.13977 128 128 128
-2.98042 -0.375142 0.141117 128 128 128
-2.98877 -0.338985 0.141256 128 128 128
-3.17838 -0.124766 0.147233 128 128 128
-3.17268 -0.0855734 0.146991 128 128 128
-3.34949 0.582691 0.0723378 128 128 128
-3.49055 1.54889 0.0765792 128 128 128
-3.48583 1.59827 0.0767412 128 128 128
-3.48855 1.65162 0.0769943 128 128 128
-3.4842 1.7022 0.0771765 128 128 128
-3.46037 1.74348 0.0771461 128 128 128
-3.46267 1.79825 0.0774194 128 128 128
-3.43065 1.83542 0.0773081 128 128 128
-3.40962 1.87834 0.0773283 128 128 128
-3.40284 1.92941 0.0775207 128 128 128
-3.38409 1.97404 0.0775814 128 128 128
-3.37333 2.02365 0.0777434 128 128 128
-3.34654 2.06384 0.0777231 128 128 128
-3.32603 2.10796 0.0777839 128 128 128
-3.30578 2.15244 0.0778547 128 128 128
-3.27912 2.19284 0.0778547 128 128 128
-1.13706 0.781798 0.0518899 128 128 128
-1.12003 0.79051 0.0517988 128 128 128
-1.10781 0.802438 0.0517684 128 128 128
-1.09306 0.812398 0.0517077 128 128 128
-1.10211 0.840282 0.0519506 128 128 128
-1.09644 0.857435 0.0520114 128 128 128
-3.13353 2.50984 0.0785633 128 128 128
-3.111 2.55508 0.0786747 128 128 128
-3.08783 2.60015 0.078786 128 128 128
-3.0572 2.63915 0.0788063 128 128 128
-3.02983 2.6811 0.0788771 128 128 128
-3.00263 2.72346 0.0789581 128 128 128
-2.97411 2.76486 0.0790289 128 128 128
-2.9472 2.80805 0.0791302 128 128 128
-2.90894 2.84051 0.0790796 128 128 128
-2.86608 2.86821 0.0789682 128 128 128
-2.83905 2.91176 0.0790897 128 128 128
-2.80724 2.95072 0.0791504 128 128 128
-2.7749 2.98935 0.0792112 128 128 128
-2.74271 3.02836 0.079282 128 128 128
-2.70667 3.06329 0.0793023 128 128 128
-2.66299 3.08946 0.0792112 128 128 128
-2.62874 3.12649 0.0792719 128 128 128
-2.59589 3.16548 0.079363 128 128 128
-2.55622 3.19631 0.0793529 128 128 128
-2.51496 3.22507 0.0793225 128 128 128
-2.47459 3.2549 0.0793124 128 128 128
-2.43565 3.28663 0.0793326 128 128 128
-2.39455 3.31546 0.0793225 128 128 128
-2.34735 3.3356 0.0792112 128 128 128
-2.31416 3.3757 0.0793529 128 128 128
-2.26701 3.39553 0.0792516 128 128 128
-2.23007 3.43064 0.0793428 128 128 128
-2.18888 3.45943 0.079363 128 128 128
-2.14049 3.47667 0.0792516 128 128 128
-2.09561 3.49924 0.0792112 128 128 128
-2.05855 3.53506 0.0793326 128 128 128
-2.0091 3.54962 0.0792112 128 128 128
-1.96298 3.56963 0.0791605 128 128 128
-1.91431 3.58463 0.0790593 128 128 128
-1.87156 3.61051 0.0790897 128 128 128
-1.82442 3.62785 0.0790289 128 128 128
-0.544792 1.11937 0.0505233 128 128 128
-0.533152 1.13049 0.0505739 128 128 128
-0.518823 1.13604 0.0505638 128 128 128
-1.63084 3.68283 0.0786949 128 128 128
-0.50615 1.18427 0.0509586 128 128 128
-1.53385 3.70696 0.0785329 128 128 128
-1.49307 3.73758 0.0786645 128 128 128
-1.44061 3.73882 0.0784823 128 128 128
-1.39776 3.76466 0.0785734 128 128 128
-1.34775 3.77117 0.0784621 128 128 128
-1.29616 3.77229 0.0783001 128 128 128
-1.24915 3.78602 0.0782799 128 128 128
-1.2032 3.80297 0.0783001 128 128 128
-1.15005 3.79639 0.0780774 128 128 128
-1.10032 3.79966 0.0779661 128 128 128
-1.05041 3.80131 0.0778446 128 128 128
-1.00113 3.80424 0.0777434 128 128 128
-0.953886 3.8143 0.0777231 128 128 128
-0.906313 3.8228 0.0776927 128 128 128
-0.856924 3.8229 0.0775814 128 128 128
-0.809118 3.82922 0.0775409 128 128 128
-0.759336 3.82513 0.0773992 128 128 128
-0.712156 3.83318 0.0773891 128 128 128
-0.663525 3.83276 0.077298 128 128 128
-0.615965 3.83765 0.0772676 128 128 128
-0.567211 3.83404 0.0771562 128 128 128
-0.51837 3.82783 0.0770246 128 128 128
-0.470012 3.82299 0.0769133 128 128 128
-0.422952 3.82747 0.0769032 128 128 128
-0.37458 3.81844 0.0767615 128 128 128
-0.326665 3.8108 0.07664 128 128 128
-0.278993 3.80255 0.0765185 128 128 128
-0.231574 3.79371 0.076397 128 128 128
-0.184414 3.78428 0.0762756 128 128 128
-0.137519 3.77427 0.0761541 128 128 128
-0.0908991 3.76368 0.0760326 128 128 128
-0.0445594 3.75251 0.0759111 128 128 128
0.00149217 3.73178 0.0756986 128 128 128
0.0470774 3.71448 0.0755265 128 128 128
0.0923366 3.70063 0.0753949 128 128 128
0.137005 3.67923 0.0751924 128 128 128
0.181457 3.66329 0.0750507 128 128 128
0.225723 3.64981 0.0749394 128 128 128
0.270642 3.64876 0.0749596 128 128 128
0.314024 3.62922 0.0747976 128 128 128
0.35834 3.6231 0.0747774 128 128 128
0.400348 3.59657 0.0745547 128 128 128
0.444331 3.59039 0.0745446 128 128 128
0.486877 3.57377 0.0744332 128 128 128
0.526733 3.54082 0.0741599 128 128 128
0.568397 3.52323 0.0740486 128 128 128
0.609709 3.50515 0.0739372 128 128 128
0.64993 3.48266 0.0737854 128 128 128
0.687741 3.44991 0.0735323 128 128 128
0.725675 3.42066 0.0733197 128 128 128
0.762776 3.39004 0.073097 128 128 128
0.798773 3.35707 0.0728541 128 128 128
0.836751 3.33441 0.0727225 128 128 128
0.875567 3.31615 0.0726415 128 128 128
0.911394 3.28781 0.0724593 128 128 128
0.949165 3.26774 0.0723682 128 128 128
0.985129 3.24245 0.0722265 128 128 128
1.02273 3.22344 0.0721556 128 128 128
1.05939 3.2021 0.0720645 128 128 128
1.09307 3.17279 0.0718924 128 128 128
1.12384 3.13654 0.0716495 128 128 128
1.15597 3.10564 0.0714673 128 128 128
1.1868 3.07256 0.0712648 128 128 128
1.21699 3.0392 0.0710624 128 128 128
1.24424 3.00001 0.0707992 128 128 128
1.27387 2.96798 0.070617 128 128 128
1.3029 2.93567 0.0704347 128 128 128
1.33258 2.90582 0.0702829 128 128 128
1.35959 2.87117 0.0700804 128 128 128
1.39428 2.85337 0.0700703 128 128 128
1.42245 2.82265 0.0699185 128 128 128
1.45191 2.79522 0.0698071 128 128 128
1.47809 2.7622 0.069635 128 128 128
1.50078 2.7237 0.0694022 128 128 128
1.52522 2.68942 0.06922 128 128 128
1.54955 2.65582 0.0690479 128 128 128
1.57123 2.61859 0.0688353 128 128 128
1.59275 2.58209 0.0686329 128 128 128
1.61041 2.54038 0.0683697 128 128 128
1.63328 2.50786 0.0682179 128 128 128
1.63338 2.4419 0.0676611 128 128 128
1.66209 2.42002 0.0676409 128 128 128
1.68763 2.39372 0.06757 128 128 128
1.71278 2.36716 0.0674991 128 128 128
1.73514 2.33712 0.0673878 128 128 128
1.75461 2.30372 0.067236 128 128 128
1.77475 2.27177 0.0671044 128 128 128
1.79125 2.23576 0.0669222 128 128 128
1.80903 2.20202 0.0667703 128 128 128
1.82562 2.16741 0.0666083 128 128 128
1.83705 2.12743 0.0663755 128 128 128
1.84249 2.08151 0.0660617 128 128 128
1.8605 2.05059 0.0659504 128 128 128
1.86443 2.0049 0.0656366 128 128 128
1.87372 1.96593 0.0654139 128 128 128
1.88514 1.92991 0.0652317 128 128 128
1.89595 1.8939 0.0650494 128 128 128
1.34217 1.30766 0.0568905 128 128 128
1.34943 1.28282 0.0567691 128 128 128
1.33796 1.24098 0.0563945 128 128 128
1.33605 1.20902 0.0561617 128 128 128
1.35003 1.19187 0.0561516 128 128 128
1.33049 1.14583 0.055696 128 128 128
1.32226 1.11075 0.0554025 128 128 128
1.32883 1.08873 0.0553114 128 128 128
1.33038 1.06297 0.0551595 128 128 128
1.33938 1.04348 0.0551089 128 128 128
1.34174 1.0191 0.0549773 128 128 128
1.34451 0.995409 0.0548559 128 128 128
1.34933 0.973563 0.0547647 128 128 128
1.33992 0.941962 0.0545016 128 128 128
1.34725 0.92262 0.0544509 128 128 128
1.30775 0.872132 0.0538335 128 128 128
1.30662 0.848384 0.0536917 128 128 128
1.34059 0.847264 0.0539752 128 128 128
1.99364 1.22677 0.0616178 128 128 128
2.01713 1.20735 0.0617191 128 128 128
2.01278 1.17143 0.0614964 128 128 128
2.01831 1.14171 0.0613951 128 128 128
2.01114 1.10529 0.0611522 128 128 128
2.01044 1.07298 0.0609902 128 128 128
1.99683 1.03442 0.0606865 128 128 128
1.99955 1.00489 0.0605752 128 128 128
2.00634 0.977645 0.0605145 128 128 128
2.00101 0.944829 0.0603221 128 128 128
1.99518 0.912291 0.0601298 128 128 128
1.99708 0.883687 0.0600286 128 128 128
2.0041 0.857537 0.0599881 128 128 128
1.99322 0.824079 0.0597553 128 128 128
1.98926 0.793988 0.0596034 128 128 128
1.99699 0.768797 0.0595832 128 128 128
1.97721 0.733434 0.0592694 128 128 128
1.97571 0.70541 0.059158 128 128 128
1.97476 0.67786 0.0590568 128 128 128
1.96869 0.648871 0.0589049 128 128 128
1.9622 0.620134 0.0587531 128 128 128
1.93904 0.586721 0.0584292 128 128 128
1.93073 0.558426 0.0582672 128 128 128
1.92395 0.530958 0.0581255 128 128 128
1.92065 0.50476 0.0580243 128 128 128
1.91603 0.478481 0.0579129 128 128 128
1.90132 0.450081 0.0577003 128 128 128
1.9067 0.426715 0.0577003 128 128 128
1.90104 0.401007 0.057589 128 128 128
1.90385 0.377258 0.0575687 128 128 128
1.90047 0.352402 0.0574878 128 128 128
1.88298 0.325294 0.0572651 128 128 128
1.87498 0.300257 0.0571436 128 128 128
1.86171 0.274732 0.0569715 128 128 128
1.84711 0.249444 0.0567893 128 128 128
1.84407 0.226024 0.0567286 128 128 128
1.83776 0.202386 0.0566375 128 128 128
1.81722 0.177565 0.0564046 128 128 128
1.81727 0.15508 0.0563844 128 128 128
1.78314 0.130121 0.05602 128 128 128
1.77761 0.1078 0.0559491 128 128 128
1.76282 0.0851938 0.0557871 128 128 128
1.75274 0.0631505 0.0556758 128 128 128
1.74239 0.0413674 0.0555644 128 128 128
1.72877 0.0198114 0.0554227 128 128 128
1.72288 -0.00140451 0.055362 128 128 128
1.71373 -0.022436 0.0552709 128 128 128
1.70733 -0.0433169 0.0552101 128 128 128
1.69868 -0.0639705 0.0551292 128 128 128
1.69477 -0.0846637 0.0550988 128 128 128
1.68662 -0.105025 0.0550279 128 128 128
1.67622 -0.125052 0.0549368 128 128 128
1.66659 -0.144926 0.0548559 128 128 128
1.65872 -0.164778 0.0547951 128 128 128
1.63868 -0.183136 0.0546129 128 128 128
1.63234 -0.202742 0.0545724 128 128 128
1.62775 -0.222489 0.0545522 128 128 128
1.60907 -0.240099 0.0543902 128 128 128
1.59416 -0.25792 0.0542687 128 128 128
1.58792 -0.27695 0.0542384 128 128 128
1.58145 -0.295866 0.054208 128 128 128
1.56495 -0.312714 0.0540764 128 128 128
1.54828 -0.329202 0.0539448 128 128 128
1.52363 -0.343575 0.0537322 128 128 128
1.51444 -0.361091 0.0536816 128 128 128
1.50407 -0.37819 0.0536209 128 128 128
1.49158 -0.39458 0.0535399 128 128 128
1.47699 -0.410187 0.0534387 128 128 128
1.46128 -0.425217 0.0533273 128 128 128
1.4483 -0.440795 0.0532463 128 128 128
1.43801 -0.457024 0.0531957 128 128 128
1.42565 -0.472441 0.0531249 128 128 128
1.41786 -0.489249 0.0531046 128 128 128
1.40327 -0.503579 0.0530135 128 128 128
1.3923 -0.51902 0.0529629 128 128 128
1.37836 -0.533187 0.0528819 128 128 128
1.35315 -0.542634 0.0526795 128 128 128
1.33758 -0.574891 0.0526592 128 128 128
1.33957 -0.595314 0.0527604 128 128 128
1.33307 -0.612125 0.0527706 128 128 128
1.31642 -0.624162 0.0526693 128 128 128
1.30687 -0.639392 0.0526491 128 128 128
1.29624 -0.654032 0.0526187 128 128 128
1.28723 -0.669429 0.0526086 128 128 128
1.26834 -0.679518 0.0524871 128 128 128
1.26078 -0.695514 0.0524973 128 128 128
1.24084 -0.704525 0.0523657 128 128 128
1.22519 -0.715671 0.0522847 128 128 128
1.23004 -0.738877 0.0524466 128 128 128
1.2064 -0.744998 0.0522746 128 128 128
1.18534 -0.752256 0.0521328 128 128 128
1.17351 -0.76511 0.0521025 128 128 128
1.16237 -0.778342 0.0520822 128 128 128
1.1519 -0.791981 0.0520721 128 128 128
1.13638 -0.802027 0.0520012 128 128 128
1.12564 -0.815326 0.0519911 128 128 128
1.1043 -0.820738 0.0518494 128 128 128
1.09017 -0.8312 0.0517988 128 128 128
1.07989 -0.844515 0.0517988 128 128 128
1.0671 -0.855829 0.0517684 128 128 128
1.0542 -0.866956 0.051738 128 128 128
1.04042 -0.877252 0.0516976 128 128 128
1.02806 -0.888648 0.0516773 128 128 128
1.0006 -0.886623 0.0514546 128 128 128
1.01484 -0.921668 0.0517988 128 128 128
0.990263 -0.921802 0.0516166 128 128 128
0.976704 -0.931816 0.0515862 128 128 128
0.955892 -0.934653 0.0514546 128 128 128
0.942229 -0.944191 0.0514242 128 128 128
0.929175 -0.954251 0.051404 128 128 128
0.918084 -0.966306 0.0514141 128 128 128
0.902074 -0.973104 0.0513534 128 128 128
0.889393 -0.983359 0.0513433 128 128 128
0.878583 -0.995698 0.0513635 128 128 128
0.859767 -0.998832 0.0512623 128 128 128
0.851308 -1.0139 0.051323 128 128 128
0.834361 -1.01886 0.0512522 128 128 128
0.821171 -1.02824 0.051242 128 128 128
0.82264 -1.05637 0.0514749 128 128 128
0.810825 -1.06798 0.0514951 128 128 128
0.778003 -1.05134 0.0511611 128 128 128
0.765042 -1.06081 0.0511611 128 128 128
0.753119 -1.07175 0.0511813 128 128 128
0.734253 -1.07267 0.0510801 128 128 128
0.723257 -1.08492 0.0511206 128 128 128
0.707162 -1.08953 0.0510699 128 128 128
0.694808 -1.09981 0.0510902 128 128 128
0.679162 -1.10485 0.0510497 128 128 128
0.665552 -1.1131 0.0510497 128 128 128
0.653857 -1.12464 0.0510902 128 128 128
0.636064 -1.12562 0.0510092 128 128 128
0.631845 -1.15086 0.0512117 128 128 128
0.612961 -1.14971 0.0511104 128 128 128
0.523886 -1.18529 0.0510396 128 128 128
0.511665 -1.19714 0.0511003 128 128 128
0.496553 -1.20241 0.0510902 128 128 128
0.48176 -1.20841 0.0510902 128 128 128
0.468694 -1.2189 0.0511408 128 128 128
0.453701 -1.22456 0.0511408 128 128 128
0.401523 -1.27203 0.0514242 128 128 128
0.38182 -1.26347 0.0512825 128 128 128
0.368793 -1.2767 0.0513736 128 128 128
0.352298 -1.27824 0.0513433 128 128 128
0.33735 -1.28537 0.0513736 128 128 128
0.322037 -1.29135 0.0513939 128 128 128
0.310786 -1.31466 0.0515963 128 128 128
0.295724 -1.32326 0.0516469 128 128 128
0.276979 -1.31505 0.0515255 128 128 128
0.263161 -1.33012 0.0516469 128 128 128
0.247185 -1.33521 0.0516672 128 128 128
0.231635 -1.34307 0.0517178 128 128 128
0.216089 -1.35174 0.0517785 128 128 128
0.199778 -1.35626 0.0517988 128 128 128
0.183793 -1.36357 0.0518494 128 128 128
0.168147 -1.37465 0.0519405 128 128 128
0.151486 -1.3786 0.0519607 128 128 128
0.135144 -1.38633 0.0520215 128 128 128
0.118894 -1.39685 0.0521126 128 128 128
0.10167 -1.3972 0.0521025 128 128 128
0.0851902 -1.40932 0.0522138 128 128 128
0.0678892 -1.41026 0.0522138 128 128 128
0.0506147 -1.41199 0.0522239 128 128 128
0.0336511 -1.4275 0.0523758 128 128 128
0.0162043 -1.4338 0.0524365 128 128 128
-0.00139177 -1.4309 0.0524061 128 128 128
-0.019111 -1.44377 0.0525377 128 128 128
-0.0367285 -1.43943 0.0524973 128 128 128
-0.0549425 -1.45386 0.0526491 128 128 128
-0.0728285 -1.45407 0.0526592 128 128 128
-0.0915258 -1.46704 0.0528009 128 128 128
-0.109816 -1.4698 0.0528414 128 128 128
-0.128188 -1.47232 0.0528819 128 128 128
-0.147521 -1.48358 0.0530135 128 128 128
-0.166156 -1.48563 0.053054 128 128 128
-0.185354 -1.49142 0.053135 128 128 128
-0.204316 -1.49399 0.0531856 128 128 128
-0.223661 -1.49829 0.0532565 128 128 128
-0.242507 -1.49839 0.0532868 128 128 128
-0.261561 -1.49925 0.0533273 128 128 128
-0.280122 -1.49691 0.0533374 128 128 128
-0.300617 -1.50414 0.0534488 128 128 128
-0.318845 -1.49936 0.0534387 128 128 128
-0.340507 -1.50997 0.0535905 128 128 128
-0.358318 -1.50276 0.0535601 128 128 128
-0.379892 -1.51086 0.0536917 128 128 128
-0.398913 -1.50802 0.053712 128 128 128
-0.418989 -1.50879 0.0537727 128 128 128
-0.439144 -1.5093 0.0538335 128 128 128
-0.460246 -1.51241 0.0539246 128 128 128
-0.482093 -1.51713 0.0540359 128 128 128
-0.506948 -1.53009 0.0542384 128 128 128
-0.529265 -1.53416 0.0543497 128 128 128
-0.551758 -1.5379 0.0544611 128 128 128
-0.573376 -1.53851 0.054542 128 128 128
-0.593293 -1.53416 0.0545724 128 128 128
-0.61913 -1.54441 0.0547647 128 128 128
-0.64148 -1.54501 0.0548559 128 128 128
-0.66118 -1.53886 0.0548761 128 128 128
-0.685282 -1.54251 0.0550077 128 128 128
-0.709573 -1.5458 0.0551393 128 128 128
-0.729345 -1.53879 0.0551595 128 128 128
-0.754752 -1.5432 0.0553114 128 128 128
-0.781277 -1.549 0.0554835 128 128 128
-0.802069 -1.54285 0.055524 128 128 128
-0.825184 -1.54083 0.0556151 128 128 128
-0.846924 -1.53584 0.0556758 128 128 128
-0.871129 -1.5349 0.0557871 128 128 128
-0.89141 -1.52669 0.0558175 128 128 128
-0.916761 -1.52679 0.0559491 128 128 128
-0.937002 -1.51798 0.0559795 128 128 128
-0.966259 -1.52326 0.0561819 128 128 128
-0.99524 -1.52721 0.0563743 128 128 128
-1.02891 -1.53733 0.0566476 128 128 128
-1.05222 -1.53118 0.0567286 128 128 128
-1.08418 -1.53696 0.0569614 128 128 128
-1.10588 -1.52759 0.057012 128 128 128
-1.13646 -1.52997 0.0572144 128 128 128
-1.15697 -1.51829 0.0572448 128 128 128
-1.18228 -1.51265 0.0573562 128 128 128
-1.20575 -1.50428 0.0574372 128 128 128
-1.23491 -1.50251 0.0576092 128 128 128
-1.27321 -1.51096 0.057923 128 128 128
-1.29688 -1.50128 0.058004 128 128 128
-1.31454 -1.4845 0.0579939 128 128 128
-1.33938 -1.47567 0.0580951 128 128 128
-1.36283 -1.46498 0.0581761 128 128 128
-1.39587 -1.46408 0.0583988 128 128 128
-1.41793 -1.45113 0.0584595 128 128 128
-1.4632 -1.4612 0.0588543 128 128 128
-1.48532 -1.44732 0.0589151 128 128 128
-1.5218 -1.44691 0.0591783 128 128 128
-1.54823 -1.43629 0.0592997 128 128 128
-1.57019 -1.42121 0.0593605 128 128 128
-1.61073 -1.42237 0.0596743 128 128 128
-1.64775 -1.41948 0.0599375 128 128 128
-1.66964 -1.40301 0.0599982 128 128 128
-1.69987 -1.3932 0.0601703 128 128 128
-1.72933 -1.38224 0.0603323 128 128 128
-1.75405 -1.36706 0.0604335 128 128 128
-1.77865 -1.35149 0.0605347 128 128 128
-1.80233 -1.33492 0.0606258 128 128 128
-1.83235 -1.32266 0.0607979 128 128 128
-1.86234 -1.30986 0.06097 128 128 128
-1.91456 -1.3118 0.0614154 128 128 128
-1.93799 -1.29321 0.0615065 128 128 128
-1.973 -1.28187 0.0617393 128 128 128
-1.99956 -1.26451 0.0618709 128 128 128
-2.03366 -1.25142 0.0620936 128 128 128
-2.05572 -1.23048 0.0621746 128 128 128
-2.08363 -1.21271 0.0623264 128 128 128
-2.11053 -1.19395 0.0624681 128 128 128
-2.29479 -1.08376 0.063612 128 128 128
-2.35247 -1.07592 0.064108 128 128 128
-2.44607 -0.976647 0.0645838 128 128 128
-3.52892 1.55497 -0.0166153 128 128 128
-3.50593 1.5965 -0.016558 128 128 128
-3.45016 1.72715 -0.0166439 128 128 128
-3.44291 1.77671 -0.0168729 128 128 128
-3.43497 1.82636 -0.0171019 128 128 128
-3.43509 1.88088 -0.017474 128 128 128
-3.46746 1.95437 -0.0183899 128 128 128
-3.41815 1.9822 -0.0179748 128 128 128
-3.38155 2.01681 -0.0177745 128 128 128
-3.33781 2.04664 -0.0174596 128 128 128
-3.36485 2.12055 -0.0183469 128 128 128
-3.3478 2.16767 -0.0185044 128 128 128
-3.34009 2.22135 -0.0188335 128 128 128
-1.17621 0.800152 0.0182182 128 128 128
-1.12212 0.783487 0.018991 128 128 128
-1.1035 0.790766 0.0191484 128 128 128
-1.09452 0.804843 0.0191341 128 128 128
-1.08217 0.8164 0.0191771 128 128 128
-1.10284 0.853574 0.0186189 128 128 128
-3.13719 2.49972 -0.0188335 128 128 128
-3.1233 2.55197 -0.0191484 128 128 128
-3.09711 2.59461 -0.0192485 128 128 128
-3.06731 2.63437 -0.0192915 128 128 128
-3.0415 2.67777 -0.0194203 128 128 128
-3.01212 2.71824 -0.0194918 128 128 128
-2.97706 2.75364 -0.0194632 128 128 128
-2.94667 2.79341 -0.0195348 128 128 128
-2.91575 2.83285 -0.0196063 128 128 128
-2.88148 2.86912 -0.0196206 128 128 128
-2.85374 2.91213 -0.0197781 128 128 128
-2.81848 2.94765 -0.0197924 128 128 128
-2.77801 2.97763 -0.0197065 128 128 128
-2.73521 3.00483 -0.0195777 128 128 128
-2.70808 3.0494 -0.0197924 128 128 128
-2.6698 3.08164 -0.0197781 128 128 128
-2.63758 3.12105 -0.0199069 128 128 128
-2.59972 3.15396 -0.0199212 128 128 128
-2.56082 3.18562 -0.0199212 128 128 128
-2.53016 3.22783 -0.0201215 128 128 128
-2.47945 3.24433 -0.0198639 128 128 128
-2.44064 3.27612 -0.0198925 128 128 128
-2.40319 3.30987 -0.0199641 128 128 128
-2.36412 3.34156 -0.020007 128 128 128
-2.32237 3.3695 -0.0199927 128 128 128
-2.2814 3.39857 -0.020007 128 128 128
-2.23297 3.41626 -0.0198353 128 128 128
-2.19356 3.44763 -0.0199069 128 128 128
-2.14898 3.47088 -0.0198496 128 128 128
-2.1052 3.49528 -0.019821 128 128 128
-2.05962 3.51653 -0.0197494 128 128 128
-2.0178 3.54415 -0.0197924 128 128 128
-1.96884 3.55902 -0.0196349 128 128 128
-1.92454 3.58203 -0.0196206 128 128 128
-1.87998 3.60449 -0.0196063 128 128 128
-1.8293 3.61479 -0.019406 128 128 128
-0.553836 1.12239 0.0206654 128 128 128
-0.543878 1.13723 0.0205366 128 128 128
-0.524037 1.1311 0.020737 128 128 128
-1.63469 3.66639 -0.0188764 128 128 128
-0.512712 1.1822 0.0201359 128 128 128
-1.53309 3.67863 -0.0184614 128 128 128
-1.49789 3.72222 -0.0188478 128 128 128
-1.4456 3.72354 -0.0185902 128 128 128
-1.4012 3.74474 -0.0186475 128 128 128
-1.34973 3.7466 -0.0184185 128 128 128
-1.30071 3.75437 -0.0182897 128 128 128
-1.25297 3.76531 -0.0182181 128 128 128
-1.20364 3.77087 -0.018075 128 128 128
-1.1564 3.78249 -0.0180321 128 128 128
-1.10598 3.78295 -0.0178317 128 128 128
-1.05974 3.79721 -0.017846 128 128 128
-1.01332 3.81089 -0.0178604 128 128 128
-0.96355 3.8114 -0.0176886 128 128 128
-0.916706 3.82294 -0.0176886 128 128 128
-0.867081 3.8222 -0.0175169 128 128 128
-0.817613 3.82081 -0.0173451 128 128 128
-0.770075 3.82762 -0.0173022 128 128 128
-0.721204 3.82695 -0.0171591 128 128 128
-0.673843 3.83355 -0.0171305 128 128 128
-0.624669 3.82869 -0.0169444 128 128 128
-0.575716 3.82322 -0.0167584 128 128 128
-0.527127 3.81811 -0.0165867 128 128 128
-0.477885 3.80543 -0.0163147 128 128 128
-0.429926 3.80008 -0.0161573 128 128 128
-0.382566 3.79811 -0.0160571 128 128 128
-0.33532 3.79554 -0.015957 128 128 128
-0.286924 3.77544 -0.0156135 128 128 128
-0.239947 3.7687 -0.0154704 128 128 128
-0.192626 3.75039 -0.0151698 128 128 128
-0.146816 3.75846 -0.0152557 128 128 128
-0.100143 3.73899 -0.0149552 128 128 128
-0.0538087 3.70695 -0.0144829 128 128 128
-0.00831592 3.70833 -0.0144972 128 128 128
0.0370141 3.69215 -0.0142682 128 128 128
0.0823197 3.69142 -0.0142682 128 128 128
0.126972 3.67215 -0.0140106 128 128 128
0.171738 3.66432 -0.0139248 128 128 128
0.215789 3.64696 -0.0137101 128 128 128
0.259658 3.63207 -0.0135384 128 128 128
0.303872 3.62463 -0.0134811 128 128 128
0.346392 3.60072 -0.0131949 128 128 128
0.388371 3.57632 -0.0129087 128 128 128
0.430289 3.55541 -0.0126797 128 128 128
0.47322 3.5449 -0.0126081 128 128 128
0.514939 3.52696 -0.0124364 128 128 128
0.554713 3.49865 -0.0121216 128 128 128
0.594209 3.47187 -0.0118353 128 128 128
0.634587 3.45252 -0.0116636 128 128 128
0.672835 3.42387 -0.0113631 128 128 128
0.708417 3.38503 -0.0109194 128 128 128
0.747288 3.36437 -0.0107477 128 128 128
0.786678 3.34716 -0.0106332 128 128 128
0.825034 3.32658 -0.0104758 128 128 128
0.863257 3.30654 -0.0103327 128 128 128
0.899785 3.28123 -0.010118 128 128 128
0.9361 3.2565 -0.00991763 128 128 128
0.970498 3.22658 -0.00964572 128 128 128
1.0043 3.19631 -0.00937381 128 128 128
1.03783 3.16664 -0.0091162 128 128 128
1.07337 3.14421 -0.00897309 128 128 128
1.10348 3.10726 -0.00861531 128 128 128
1.13562 3.07754 -0.00837202 128 128 128
1.16577 3.04377 -0.00807149 128 128 128
1.19526 3.00973 -0.00777095 128 128 128
1.2218 2.96989 -0.00738455 128 128 128
1.25501 2.94731 -0.00727006 128 128 128
1.28785 2.92437 -0.00715557 128 128 128
1.31533 2.89016 -0.00686934 128 128 128
1.34686 2.86566 -0.00674054 128 128 128
1.37624 2.83723 -0.0065545 128 128 128
1.40198 2.80225 -0.00626827 128 128 128
1.428 2.76885 -0.00601067 128 128 128
1.45622 2.74053 -0.00583894 128 128 128
1.47964 2.70405 -0.0055384 128 128 128
1.50189 2.66653 -0.00522355 128 128 128
1.52646 2.63407 -0.00499457 128 128 128
1.54841 2.59797 -0.00470835 128 128 128
1.5629 2.55066 -0.00423608 128 128 128
1.58554 2.51777 -0.0040071 128 128 128
1.60815 2.48554 -0.00379243 128 128 128
1.63409 2.45896 -0.00367795 128 128 128
1.65172 2.42057 -0.0033631 128 128 128
1.68188 2.40094 -0.00337741 128 128 128
1.69952 2.36389 -0.00309118 128 128 128
1.72126 2.33321 -0.00291945 128 128 128
1.73949 2.29838 -0.00267616 128 128 128
1.75036 2.25476 -0.00227544 128 128 128
1.75918 2.20967 -0.00184611 128 128 128
1.783 2.18405 -0.00177455 128 128 128
1.79874 2.14899 -0.00153126 128 128 128
1.80932 2.10856 -0.00118779 128 128 128
1.81853 2.06745 -0.000830013 128 128 128
1.82431 2.02347 -0.000414986 128 128 128
1.84493 1.99653 -0.000329122 128 128 128
1.85621 1.95997 -5.72056e-05 128 128 128
1.87454 1.93131 5.72838e-05 128 128 128
1.89174 1.90179 0.000186082 128 128 128
1.32377 1.30024 0.0120215 128 128 128
1.33673 1.28114 0.0120787 128 128 128
1.37504 1.28576 0.0116351 128 128 128
1.94133 1.76903 0.000987511 128 128 128
1.9412 1.72584 0.00140253 128 128 128
1.94408 1.68619 0.00174601 128 128 128
1.9501 1.64996 0.00201792 128 128 128
1.95398 1.61256 0.00231845 128 128 128
1.96505 1.58158 0.00247588 128 128 128
1.95911 1.53763 0.00293384 128 128 128
1.96908 1.5068 0.00309126 128 128 128
1.97378 1.47238 0.00333455 128 128 128
1.97875 1.43866 0.00356353 128 128 128
1.99135 1.41081 0.0036494 128 128 128
1.99945 1.38004 0.00380682 128 128 128
1.37824 0.928011 0.0147978 128 128 128
1.28316 0.841653 0.0166154 128 128 128
1.33138 0.84996 0.0159713 128 128 128
1.37829 0.856157 0.015356 128 128 128
1.9869 1.19869 0.00536674 128 128 128
1.99887 1.1727 0.00540968 128 128 128
1.99833 1.13969 0.00565296 128 128 128
1.99028 1.103 0.00601074 128 128 128
1.98956 1.07094 0.00623973 128 128 128
1.98925 1.03952 0.00645439 128 128 128
1.98758 1.00782 0.00668337 128 128 128
1.9953 0.981156 0.00675493 128 128 128
1.98913 0.948025 0.00704115 128 128 128
1.98607 0.916865 0.00727013 128 128 128
2.0054 0.89608 0.00714133 128 128 128
1.99052 0.860342 0.00754205 128 128 128
1.976 0.82549 0.00792845 128 128 128
1.98041 0.798945 0.00801432 128 128 128
1.97049 0.767002 0.00831485 128 128 128
1.98256 0.743811 0.00827192 128 128 128
1.95484 0.706246 0.00883006 128 128 128
1.95863 0.680572 0.00890161 128 128 128
1.96114 0.654596 0.00898748 128 128 128
1.92806 0.617448 0.00960286 128 128 128
1.92497 0.590536 0.00976028 128 128 128
1.91479 0.561836 0.0100179 128 128 128
1.91576 0.536689 0.0101038 128 128 128
1.9135 0.510836 0.0102326 128 128 128
1.90508 0.483654 0.0104472 128 128 128
1.90212 0.45815 0.010576 128 128 128
1.90175 0.433452 0.0106619 128 128 128
1.89616 0.407791 0.0108193 128 128 128
1.89122 0.38253 0.0109624 128 128 128
1.87907 0.356162 0.0112057 128 128 128
1.87936 0.332387 0.011263 128 128 128
1.85566 0.304819 0.0116637 128 128 128
1.85332 0.281138 0.0117495 128 128 128
1.84673 0.257016 0.0118927 128 128 128
1.83684 0.232728 0.0120787 128 128 128
1.81273 0.207162 0.0124651 128 128 128
1.8022 0.183612 0.0126511 128 128 128
1.79038 0.160265 0.0128515 128 128 128
1.77825 0.137236 0.0130519 128 128 128
1.77181 0.114904 0.0131664 128 128 128
1.75811 0.092399 0.013381 128 128 128
1.75212 0.0705514 0.0134812 128 128 128
1.74086 0.0487363 0.0136529 128 128 128
1.73733 0.0273158 0.0137102 128 128 128
1.72953 0.0059847 0.0138247 128 128 128
1.72048 -0.0151399 0.0139535 128 128 128
1.71316 -0.0360881 0.0140536 128 128 128
1.7056 -0.0568592 0.0141538 128 128 128
1.69778 -0.07745 0.014254 128 128 128
1.68672 -0.0976771 0.0143971 128 128 128
1.67343 -0.1175 0.0145688 128 128 128
1.65791 -0.136842 0.0147692 128 128 128
1.64615 -0.156208 0.0149123 128 128 128
1.63318 -0.175198 0.0150697 128 128 128
1.62297 -0.194257 0.0151842 128 128 128
1.61352 -0.213225 0.0152844 128 128 128
1.60782 -0.232572 0.0153273 128 128 128
1.58411 -0.248974 0.0156279 128 128 128
1.57305 -0.267036 0.0157424 128 128 128
1.55687 -0.283956 0.0159284 128 128 128
1.5415 -0.300713 0.0161002 128 128 128
1.52987 -0.317959 0.0162146 128 128 128
1.51999 -0.335401 0.0163005 128 128 128
1.50506 -0.3515 0.0164579 128 128 128
1.47541 -0.363656 0.01683 128 128 128
1.4718 -0.381988 0.0168157 128 128 128
1.46315 -0.398958 0.016873 128 128 128
1.45046 -0.414664 0.0169874 128 128 128
1.44239 -0.431565 0.0170304 128 128 128
1.43412 -0.44833 0.0170733 128 128 128
1.42566 -0.464958 0.0171162 128 128 128
1.41607 -0.481121 0.0171735 128 128 128
1.40911 -0.498126 0.0171878 128 128 128
1.3907 -0.510866 0.0173738 128 128 128
1.38433 -0.527894 0.0173738 128 128 128
1.36939 -0.54151 0.0175026 128 128 128
1.36726 -0.560182 0.0174311 128 128 128
1.35385 -0.574168 0.0175313 128 128 128
1.34487 -0.58993 0.0175599 128 128 128
1.32934 -0.602651 0.0176887 128 128 128
1.31371 -0.615081 0.0178175 128 128 128
1.29347 -0.625031 0.0180179 128 128 128
1.28571 -0.640857 0.0180179 128 128 128
1.27775 -0.656586 0.0180179 128 128 128
1.25989 -0.667043 0.0181753 128 128 128
1.25073 -0.681973 0.0181896 128 128 128
1.2353 -0.693335 0.0183041 128 128 128
1.22497 -0.707437 0.0183327 128 128 128
1.21191 -0.719851 0.0184043 128 128 128
1.19531 -0.729957 0.0185331 128 128 128
1.18119 -0.741366 0.0186189 128 128 128
1.16362 -0.750363 0.018762 128 128 128
1.18761 -0.786767 0.0181896 128 128 128
1.13825 -0.774176 0.0188765 128 128 128
1.13112 -0.78981 0.0188336 128 128 128
1.12378 -0.805386 0.0187907 128 128 128
1.10416 -0.811979 0.0189624 128 128 128
1.09173 -0.823654 0.0190053 128 128 128
1.07917 -0.835147 0.0190483 128 128 128
1.06415 -0.844584 0.0191341 128 128 128
1.05293 -0.856945 0.0191484 128 128 128
1.03545 -0.864016 0.0192772 128 128 128
1.02325 -0.875353 0.0193059 128 128 128
1.00868 -0.884537 0.0193774 128 128 128
0.995526 -0.894836 0.0194204 128 128 128
0.981536 -0.904267 0.0194776 128 128 128
0.963116 -0.909358 0.0196207 128 128 128
0.956183 -0.925293 0.0195348 128 128 128
0.945464 -0.937663 0.0195205 128 128 128
0.932488 -0.947765 0.0195492 128 128 128
0.907671 -0.945393 0.0198211 128 128 128
0.899408 -0.960119 0.0197495 128 128 128
0.888903 -0.972564 0.0197209 128 128 128
0.878891 -0.985644 0.019678 128 128 128
0.860189 -0.988792 0.0198211 128 128 128
0.84928 -1.0008 0.0197924 128 128 128
0.836935 -1.01115 0.0197924 128 128 128
0.823838 -1.02056 0.0198068 128 128 128
0.805707 -1.02351 0.0199356 128 128 128
0.79248 -1.03252 0.0199499 128 128 128
0.778556 -1.04057 0.0199785 128 128 128
0.764555 -1.04842 0.0200071 128 128 128
0.752208 -1.05854 0.0199928 128 128 128
0.749361 -1.08252 0.0197352 128 128 128
0.754385 -1.11905 0.0192629 128 128 128
0.714922 -1.08886 0.0199356 128 128 128
0.696682 -1.08996 0.0200644 128 128 128
0.682729 -1.09757 0.0200787 128 128 128
0.670754 -1.10844 0.0200357 128 128 128
0.658614 -1.11918 0.0199928 128 128 128
0.640386 -1.11935 0.0201216 128 128 128
0.626602 -1.12712 0.0201216 128 128 128
0.613668 -1.13649 0.020093 128 128 128
0.600598 -1.14571 0.0200644 128 128 128
0.587395 -1.15478 0.0200357 128 128 128
0.573619 -1.1628 0.0200214 128 128 128
0.557592 -1.16614 0.0200787 128 128 128
0.543657 -1.1738 0.0200644 128 128 128
0.477875 -1.22358 0.0197781 128 128 128
0.460028 -1.22185 0.0198926 128 128 128
0.445337 -1.22835 0.0198783 128 128 128
0.430883 -1.23561 0.0198497 128 128 128
0.415373 -1.23986 0.019864 128 128 128
0.402248 -1.25153 0.0197638 128 128 128
0.385694 -1.25255 0.0198211 128 128 128
0.374489 -1.27159 0.0196064 128 128 128
0.365284 -1.29921 0.0192629 128 128 128
0.357505 -1.33452 0.018805 128 128 128
0.330361 -1.29614 0.0194347 128 128 128
0.313037 -1.29427 0.0195205 128 128 128
0.299113 -1.30679 0.0193917 128 128 128
0.282638 -1.3084 0.0194204 128 128 128
0.267934 -1.31864 0.0193202 128 128 128
0.251732 -1.32183 0.0193202 128 128 128
0.237385 -1.33565 0.0191627 128 128 128
0.221297 -1.34044 0.0191341 128 128 128
0.204387 -1.34008 0.0191771 128 128 128
0.188199 -1.34447 0.0191484 128 128 128
0.171933 -1.34867 0.0191198 128 128 128
0.155927 -1.35564 0.0190483 128 128 128
0.140668 -1.37138 0.0188479 128 128 128
0.124176 -1.37699 0.0187907 128 128 128
0.107792 -1.38539 0.0186905 128 128 128
0.0910953 -1.3916 0.0186189 128 128 128
0.0741621 -1.39561 0.018576 128 128 128
0.0571443 -1.39941 0.0185331 128 128 128
0.0400442 -1.403 0.0184901 128 128 128
0.0230393 -1.41939 0.0182611 128 128 128
0.00562542 -1.42456 0.0181896 128 128 128
-0.011912 -1.42952 0.018118 128 128 128
-0.029477 -1.43027 0.0181037 128 128 128
-0.047347 -1.43879 0.0179749 128 128 128
-0.0652869 -1.4441 0.0178891 128 128 128
-0.083304 -1.44818 0.0178175 128 128 128
-0.101576 -1.45403 0.0177173 128 128 128
-0.120427 -1.46463 0.0175456 128 128 128
-0.138488 -1.46403 0.0175313 128 128 128
-0.156988 -1.46719 0.0174597 128 128 128
-0.175466 -1.46913 0.0174025 128 128 128
-0.194815 -1.47677 0.0172594 128 128 128
-0.214378 -1.48416 0.0171162 128 128 128
-0.232891 -1.4834 0.0170876 128 128 128
-0.251246 -1.48141 0.0170733 128 128 128
-0.271043 -1.48706 0.0169445 128 128 128
-0.290435 -1.48951 0.0168586 128 128 128
-0.309516 -1.48975 0.0168014 128 128 128
-0.328428 -1.48877 0.0167585 128 128 128
-0.350121 -1.49922 0.0165438 128 128 128
-0.368734 -1.49578 0.0165295 128 128 128
-0.389091 -1.49888 0.016415 128 128 128
-0.40958 -1.50171 0.0163005 128 128 128
-0.429364 -1.50137 0.016229 128 128 128
-0.449491 -1.50173 0.0161431 128 128 128
-0.470894 -1.50564 0.016 128 128 128
-0.49121 -1.50544 0.0159141 128 128 128
-0.516131 -1.51822 0.0156279 128 128 128
-0.536401 -1.51648 0.0155563 128 128 128
-0.559485 -1.52198 0.0153703 128 128 128
-0.583143 -1.52806 0.0151699 128 128 128
-0.608884 -1.53844 0.014898 128 128 128
-0.63344 -1.54471 0.0146833 128 128 128
-0.653527 -1.53958 0.0146404 128 128 128
-0.676816 -1.54151 0.014483 128 128 128
-0.699835 -1.54218 0.0143399 128 128 128
-0.725104 -1.54704 0.0141252 128 128 128
-0.747972 -1.54612 0.0139964 128 128 128
-0.76958 -1.54219 0.0139105 128 128 128
-0.79396 -1.54328 0.0137388 128 128 128
-0.812369 -1.53254 0.0137531 128 128 128
-0.837369 -1.53385 0.0135671 128 128 128
-0.859079 -1.52869 0.0134812 128 128 128
-0.877774 -1.51803 0.0134812 128 128 128
-0.905571 -1.52259 0.0132236 128 128 128
-0.936229 -1.53096 0.0128944 128 128 128
-0.962955 -1.53203 0.0126798 128 128 128
-0.986581 -1.52765 0.012551 128 128 128
-1.00858 -1.52042 0.0124651 128 128 128
-1.04975 -1.54094 0.0118927 128 128 128
-1.07031 -1.53039 0.0118497 128 128 128
-1.09368 -1.52363 0.0117352 128 128 128
-1.12776 -1.531 0.0113631 128 128 128
-1.14223 -1.51147 0.0114633 128 128 128
-1.17298 -1.51311 0.0111771 128 128 128
-1.20144 -1.51111 0.0109481 128 128 128
-1.23256 -1.51173 0.0106619 128 128 128
-1.24909 -1.49419 0.0107048 128 128 128
-1.27777 -1.49087 0.0104758 128 128 128
-1.30787 -1.48858 0.0102182 128 128 128
-1.33543 -1.4828 0.0100179 128 128 128
-1.35081 -1.46337 0.0100751 128 128 128
-1.37831 -1.45683 0.00987477 128 128 128
-1.42049 -1.46488 0.00937388 128 128 128
-1.46731 -1.47636 0.00878712 128 128 128
-1.47031 -1.44356 0.00908766 128 128 128
-1.52046 -1.45648 0.00844365 128 128 128
-1.54627 -1.4452 0.00828623 128 128 128
-1.57277 -1.43419 0.00811449 128 128 128
-1.60073 -1.42407 0.00791414 128 128 128
-1.62943 -1.41413 0.00769947 128 128 128
-1.66271 -1.40756 0.00739893 128 128 128
-1.6899 -1.39531 0.00721289 128 128 128
-1.72171 -1.38636 0.00694098 128 128 128
-1.74017 -1.36635 0.00691235 128 128 128
-1.76794 -1.35339 0.006712 128 128 128
-1.78923 -1.33517 0.00662613 128 128 128
-1.82815 -1.32954 0.00622541 128 128 128
-1.87128 -1.32604 0.00575314 128 128 128
-1.89153 -1.30581 0.00568159 128 128 128
-1.91572 -1.28806 0.00553847 128 128 128
-2.00424 -1.31198 0.0042934 128 128 128
-1.99993 -1.27442 0.00463687 128 128 128
-2.03073 -1.25924 0.00437927 128 128 128
-2.05803 -1.24144 0.00417891 128 128 128
-2.08865 -1.22517 0.00392131 128 128 128
-2.05832 -1.17377 0.00466549 128 128 128
-2.10934 -1.16871 0.00406442 128 128 128
-2.15348 -1.1588 0.00357784 128 128 128
-2.21987 -1.15952 0.00273348 128 128 128
-2.23304 -1.13174 0.00274779 128 128 128
-2.26562 -1.11348 0.00244726 128 128 128
-2.30622 -1.09845 0.00201792 128 128 128
-2.33224 -1.07592 0.00181756 128 128 128
-2.3672 -1.05697 0.00147409 128 128 128
-2.41949 -1.04482 0.000858709 128 128 128
-2.43674 -1.01697 0.000787154 128 128 128
-2.38965 -0.963161 0.00170307 128 128 128
-2.37611 -0.924018 0.00208947 128 128 128
-2.47721 -0.928341 0.000715598 128 128 128
-2.36608 -0.853936 0.00257606 128 128 128
-2.92233 -0.440996 -0.00372088 128 128 128
-2.96417 -0.410124 -0.00425039 128 128 128
-3.43653 2.12012 -0.118689 128 128 128
-3.39168 2.15037 -0.117829 128 128 128
-1.14767 0.789364 -0.0152302 128 128 128
-1.14035 0.805114 -0.0153475 128 128 128
-1.16358 0.843054 -0.01695 128 128 128
-1.14993 0.854888 -0.0167937 128 128 128
-1.1163 0.851384 -0.0156602 128 128 128
-3.20238 2.50197 -0.119706 128 128 128
-3.17144 2.54108 -0.119706 128 128 128
-3.15624 2.59312 -0.120526 128 128 128
-3.12494 2.6323 -0.120565 128 128 128
-3.0977 2.67502 -0.120839 128 128 128
-3.06165 2.71019 -0.120683 128 128 128
-3.03038 2.74957 -0.1208 128 128 128
-2.99641 2.78655 -0.1208 128 128 128
-2.96561 2.82655 -0.120995 128 128 128
-2.93141 2.86343 -0.121034 128 128 128
-2.89888 2.90202 -0.121191 128 128 128
-2.78534 3.00162 -0.120917 128 128 128
-2.76708 3.05631 -0.122012 128 128 128
-2.72407 3.08405 -0.121699 128 128 128
-2.68341 3.11422 -0.121543 128 128 128
-2.64499 3.14691 -0.121543 128 128 128
-2.60427 3.17682 -0.121425 128 128 128
-2.56135 3.20385 -0.121191 128 128 128
-2.53167 3.24765 -0.121816 128 128 128
-2.49284 3.28007 -0.121894 128 128 128
-2.45299 3.31121 -0.121933 128 128 128
-2.411 3.33944 -0.121855 128 128 128
-2.3756 3.37695 -0.122246 128 128 128
-2.32437 3.39184 -0.121582 128 128 128
-2.28257 3.42011 -0.121582 128 128 128
-2.23988 3.44702 -0.121543 128 128 128
-2.19795 3.47509 -0.121582 128 128 128
-2.15357 3.49925 -0.121464 128 128 128
-2.10379 3.51427 -0.120956 128 128 128
-2.06151 3.54155 -0.121034 128 128 128
-2.0174 3.56571 -0.120995 128 128 128
-1.96771 3.5797 -0.120526 128 128 128
-1.92128 3.59917 -0.120331 128 128 128
-1.87743 3.62336 -0.12037 128 128 128
-0.563745 1.12353 -0.00991461 128 128 128
-0.555611 1.14203 -0.0104227 128 128 128
-0.542408 1.15057 -0.0105009 128 128 128
-1.67866 3.67023 -0.118611 128 128 128
-0.522103 1.18181 -0.0112826 128 128 128
-1.58336 3.6993 -0.118142 128 128 128
-1.54244 3.72953 -0.118611 128 128 128
-1.49359 3.74075 -0.118298 128 128 128
-1.44685 3.75694 -0.11822 128 128 128
-1.39611 3.76223 -0.117712 128 128 128
-1.34614 3.76873 -0.117282 128 128 128
-1.29654 3.77552 -0.116891 128 128 128
-1.25137 3.79494 -0.117048 128 128 128
-1.19927 3.79286 -0.116344 128 128 128
-1.148 3.79199 -0.115719 128 128 128
-1.09804 3.79428 -0.11525 128 128 128
-1.0498 3.80169 -0.115015 128 128 128
-1.00129 3.80752 -0.114742 128 128 128
-0.952306 3.8108 -0.11439 128 128 128
-0.905701 3.82317 -0.114429 128 128 128
-0.856092 3.8223 -0.11396 128 128 128
-0.807468 3.82469 -0.113647 128 128 128
-0.758914 3.82647 -0.113335 128 128 128
-0.710074 3.82567 -0.112944 128 128 128
-0.66222 3.82918 -0.112748 128 128 128
-0.613278 3.82518 -0.112279 128 128 128
-0.565852 3.82945 -0.112162 128 128 128
-0.517742 3.82818 -0.111849 128 128 128
-0.46865 3.81739 -0.111185 128 128 128
-0.42089 3.81491 -0.110872 128 128 128
-0.372871 3.80785 -0.110403 128 128 128
-0.325088 3.80019 -0.109934 128 128 128
-0.277257 3.78795 -0.109309 128 128 128
-0.230203 3.78209 -0.108957 128 128 128
-0.182602 3.76068 -0.108019 128 128 128
-0.136219 3.75664 -0.107784 128 128 128
-0.0894044 3.72906 -0.106651 128 128 128
-0.0433592 3.7069 -0.105752 128 128 128
0.00213099 3.69616 -0.105322 128 128 128
0.0474011 3.68886 -0.105049 128 128 128
0.0925913 3.68501 -0.104931 128 128 128
0.137509 3.6756 -0.104619 128 128 128
0.18157 3.65268 -0.103798 128 128 128
0.225581 3.63721 -0.10329 128 128 128
0.270419 3.63716 -0.103407 128 128 128
0.313657 3.61764 -0.102782 128 128 128
0.356653 3.5996 -0.102234 128 128 128
0.39804 3.57012 -0.101257 128 128 128
0.440473 3.55406 -0.100827 128 128 128
0.482303 3.53551 -0.100319 128 128 128
0.523597 3.51549 -0.099772 128 128 128
0.563201 3.4871 -0.0989121 128 128 128
0.603385 3.46516 -0.0983258 128 128 128
0.641468 3.43392 -0.0973878 128 128 128
0.677509 3.39541 -0.0961761 128 128 128
0.715603 3.37022 -0.0955117 128 128 128
0.755811 3.35631 -0.0953162 128 128 128
0.794862 3.33803 -0.0949645 128 128 128
0.832848 3.3164 -0.0944955 128 128 128
0.872464 3.30206 -0.0943391 128 128 128
0.909985 3.28051 -0.0939092 128 128 128
0.946553 3.25662 -0.0934011 128 128 128
0.977737 3.21608 -0.0922285 128 128 128
1.01079 3.18384 -0.0914077 128 128 128
1.04508 3.15696 -0.0908214 128 128 128
1.07658 3.12311 -0.0899615 128 128 128
1.10809 3.09085 -0.0891798 128 128 128
1.14071 3.06297 -0.0885936 128 128 128
1.17174 3.03196 -0.08789 128 128 128
1.20032 2.99602 -0.0869911 128 128 128
1.22628 2.95522 -0.0858967 128 128 128
1.26048 2.93535 -0.0857012 128 128 128
1.29074 2.90688 -0.085154 128 128 128
1.32257 2.88264 -0.0848023 128 128 128
1.35314 2.85626 -0.0843723 128 128 128
1.38063 2.82418 -0.0837079 128 128 128
1.4053 2.78739 -0.082848 128 128 128
1.42881 2.74954 -0.081949 128 128 128
1.4516 2.71153 -0.0810501 128 128 128
1.48525 2.69439 -0.0810892 128 128 128
1.50145 2.6464 -0.0797603 128 128 128
1.52928 2.62001 -0.0794085 128 128 128
1.54539 2.57448 -0.0781968 128 128 128
1.56061 2.52895 -0.0769852 128 128 128
1.58778 2.5037 -0.0767116 128 128 128
1.61294 2.47565 -0.0763207 128 128 128
1.61543 2.41414 -0.0743665 128 128 128
1.64493 2.39413 -0.0743665 128 128 128
1.67016 2.36805 -0.0740929 128 128 128
1.69968 2.34818 -0.074132 128 128 128
1.7117 2.30468 -0.0730376 128 128 128
1.73259 2.27396 -0.0725685 128 128 128
1.74991 2.23914 -0.0719041 128 128 128
1.75789 2.19332 -0.0706924 128 128 128
1.7739 2.15845 -0.070028 128 128 128
1.79188 2.12658 -0.0695199 128 128 128
1.79565 2.07871 -0.068191 128 128 128
1.81175 2.04604 -0.0676438 128 128 128
1.82263 2.00811 -0.066823 128 128 128
1.82877 1.96583 -0.0657677 128 128 128
1.8438 1.93383 -0.0652596 128 128 128
1.87297 1.91678 -0.0655722 128 128 128
1.32038 1.31793 -0.0337176 128 128 128
1.32143 1.28697 -0.0328968 128 128 128
1.34146 1.27479 -0.0331314 128 128 128
1.88056 1.74438 -0.0610774 128 128 128
1.90923 1.72788 -0.0614683 128 128 128
1.92205 1.69704 -0.0610383 128 128 128
1.9223 1.65571 -0.059983 128 128 128
1.92947 1.62106 -0.0593186 128 128 128
1.93532 1.58585 -0.058615 128 128 128
1.9359 1.547 -0.057677 128 128 128
1.95002 1.51944 -0.0574425 128 128 128
1.94943 1.48088 -0.0565044 128 128 128
1.96504 1.45506 -0.0563872 128 128 128
1.9787 1.42791 -0.0561918 128 128 128
1.96829 1.38397 -0.0548628 128 128 128
1.9703 1.34954 -0.0541593 128 128 128
1.28538 0.856867 -0.0211712 128 128 128
1.29915 0.843208 -0.0213276 128 128 128
1.32967 0.840027 -0.0222656 128 128 128
1.98479 1.22084 -0.0518924 128 128 128
1.97134 1.17945 -0.0506025 128 128 128
1.9753 1.14913 -0.0501335 128 128 128
1.97708 1.11791 -0.0495863 128 128 128
1.98102 1.08827 -0.0491564 128 128 128
1.97219 1.0521 -0.0481792 128 128 128
1.95214 1.0108 -0.0467331 128 128 128
1.96528 0.987221 -0.0467722 128 128 128
1.97456 0.961716 -0.0466549 128 128 128
1.97356 0.931434 -0.0461077 128 128 128
1.97758 0.903818 -0.045795 128 128 128
1.98121 0.876244 -0.0454823 128 128 128
1.98171 0.847537 -0.0450524 128 128 128
1.96426 0.811689 -0.0438798 128 128 128
1.96665 0.784557 -0.0435672 128 128 128
1.96308 0.755332 -0.04302 128 128 128
1.95534 0.724922 -0.0423164 128 128 128
1.93774 0.691452 -0.041222 128 128 128
1.93947 0.665347 -0.0409484 128 128 128
1.92851 0.635232 -0.0401667 128 128 128
1.91901 0.60609 -0.0394632 128 128 128
1.90336 0.575539 -0.0385251 128 128 128
1.90836 0.551582 -0.038447 128 128 128
1.91016 0.526791 -0.0382515 128 128 128
1.89813 0.498476 -0.0375089 128 128 128
1.90895 0.476358 -0.0377043 128 128 128
1.89229 0.447591 -0.0368054 128 128 128
1.88886 0.422368 -0.0364536 128 128 128
1.88706 0.39771 -0.03618 128 128 128
1.88396 0.372965 -0.0358673 128 128 128
1.85499 0.343606 -0.0345384 128 128 128
1.85316 0.319793 -0.0343039 128 128 128
1.84905 0.29576 -0.0339912 128 128 128
1.84365 0.271729 -0.0336395 128 128 128
1.82605 0.246265 -0.0328187 128 128 128
1.81604 0.22225 -0.0323106 128 128 128
1.80969 0.198959 -0.0319588 128 128 128
1.80006 0.175563 -0.0314898 128 128 128
1.79113 0.15252 -0.0310598 128 128 128
1.77593 0.129283 -0.0303954 128 128 128
1.75045 0.105831 -0.0293401 128 128 128
1.75162 0.0843422 -0.0293401 128 128 128
1.74254 0.0624752 -0.0289492 128 128 128
1.73318 0.0408439 -0.0285584 128 128 128
1.72556 0.0194756 -0.0282457 128 128 128
1.72167 -0.00170022 -0.0280893 128 128 128
1.71353 -0.0227278 -0.0277767 128 128 128
1.70113 -0.0434568 -0.0273076 128 128 128
1.69548 -0.0641441 -0.0271122 128 128 128
1.68458 -0.0844529 -0.0267213 128 128 128
1.66647 -0.104074 -0.0260569 128 128 128
1.65709 -0.123926 -0.0257442 128 128 128
1.64947 -0.143736 -0.0255097 128 128 128
1.63665 -0.162887 -0.0250798 128 128 128
1.62062 -0.181414 -0.0245326 128 128 128
1.61926 -0.20141 -0.0245716 128 128 128
1.60974 -0.220323 -0.0242981 128 128 128
1.5911 -0.237711 -0.0236727 128 128 128
1.57228 -0.254675 -0.0230473 128 128 128
1.55525 -0.271556 -0.0225001 128 128 128
1.55377 -0.290987 -0.0225783 128 128 128
1.5393 -0.307885 -0.0221484 128 128 128
1.52465 -0.324473 -0.0217184 128 128 128
1.50301 -0.339214 -0.0210149 128 128 128
1.49193 -0.356015 -0.0207413 128 128 128
1.4826 -0.373081 -0.0205459 128 128 128
1.47115 -0.389463 -0.0202723 128 128 128
1.45952 -0.40562 -0.0199987 128 128 128
1.44771 -0.42155 -0.0197251 128 128 128
1.43669 -0.437542 -0.0194905 128 128 128
1.42645 -0.45363 -0.0192951 128 128 128
1.41319 -0.468591 -0.0189824 128 128 128
1.40544 -0.485247 -0.0189043 128 128 128
1.39562 -0.50111 -0.0187479 128 128 128
1.38749 -0.517502 -0.0186698 128 128 128
1.37358 -0.531611 -0.0183571 128 128 128
1.36509 -0.547685 -0.0182789 128 128 128
1.33889 -0.556361 -0.0174581 128 128 128
1.33288 -0.573143 -0.0174972 128 128 128
1.31387 -0.58419 -0.0169891 128 128 128
1.31023 -0.601934 -0.0171454 128 128 128
1.29914 -0.616258 -0.0169891 128 128 128
1.28968 -0.631277 -0.0169109 128 128 128
1.27559 -0.643909 -0.0166373 128 128 128
1.26404 -0.657673 -0.016481 128 128 128
1.25412 -0.672192 -0.0164028 128 128 128
1.24402 -0.686568 -0.0163246 128 128 128
1.23376 -0.700797 -0.0162465 128 128 128
1.194 -0.697764 -0.0148394 128 128 128
1.22905 -0.738572 -0.0168327 128 128 128
1.17906 -0.728429 -0.0149566 128 128 128
1.17763 -0.747656 -0.0153084 128 128 128
1.15497 -0.753329 -0.014683 128 128 128
1.14398 -0.766335 -0.0146049 128 128 128
1.12954 -0.776923 -0.0143704 128 128 128
1.11911 -0.79015 -0.0143313 128 128 128
1.10528 -0.800896 -0.0141358 128 128 128
1.08253 -0.804873 -0.0135105 128 128 128
1.08211 -0.825359 -0.0139795 128 128 128
1.06796 -0.835501 -0.0137841 128 128 128
1.04983 -0.842299 -0.0133932 128 128 128
1.04559 -0.860191 -0.0137059 128 128 128
1.02425 -0.863948 -0.0131587 128 128 128
1.01963 -0.881675 -0.0134714 128 128 128
1.00649 -0.892135 -0.0133541 128 128 128
0.971775 -0.88294 -0.0121034 128 128 128
0.960867 -0.894799 -0.0121034 128 128 128
0.975861 -0.931333 -0.0135105 128 128 128
0.940763 -0.920204 -0.0122207 128 128 128
0.924455 -0.926732 -0.0119471 128 128 128
0.918594 -0.94373 -0.0122597 128 128 128
0.904189 -0.952036 -0.0121034 128 128 128
0.893118 -0.963792 -0.0121425 128 128 128
0.880552 -0.973939 -0.0121034 128 128 128
0.868534 -0.984671 -0.0121034 128 128 128
0.855733 -0.994499 -0.0120643 128 128 128
0.843465 -1.00492 -0.0120643 128 128 128
0.831069 -1.0152 -0.0120643 128 128 128
0.816052 -1.0222 -0.011908 128 128 128
0.796071 -1.02268 -0.0114389 128 128 128
0.813705 -1.07214 -0.0133932 128 128 128
0.78442 -1.06037 -0.0123379 128 128 128
0.763156 -1.05858 -0.0117907 128 128 128
0.75471 -1.0744 -0.0121034 128 128 128
0.739773 -1.08111 -0.0119861 128 128 128
0.72645 -1.09011 -0.0119861 128 128 128
0.715197 -1.10229 -0.0121425 128 128 128
0.706426 -1.11858 -0.0124943 128 128 128
0.686358 -1.11696 -0.0120252 128 128 128
0.6726 -1.1253 -0.0120252 128 128 128
0.65874 -1.13347 -0.0120252 128 128 128
0.645766 -1.1432 -0.0121034 128 128 128
0.628798 -1.14579 -0.0118689 128 128 128
0.608099 -1.14108 -0.0113217 128 128 128
0.59681 -1.15378 -0.0115562 128 128 128
0.579463 -1.15477 -0.0112826 128 128 128
0.556487 -1.14383 -0.0105009 128 128 128
0.491032 -1.18965 -0.0110872 128 128 128
0.482329 -1.21043 -0.0117125 128 128 128
0.468877 -1.21999 -0.0118689 128 128 128
0.454218 -1.22659 -0.011908 128 128 128
0.440141 -1.23489 -0.0120252 128 128 128
0.425604 -1.24209 -0.0121034 128 128 128
0.411269 -1.25007 -0.0122207 128 128 128
0.401326 -1.27217 -0.0129242 128 128 128
0.396989 -1.31429 -0.0144485 128 128 128
0.371653 -1.28739 -0.0131587 128 128 128
0.349702 -1.2697 -0.0122597 128 128 128
0.335876 -1.28066 -0.0125333 128 128 128
0.32062 -1.28663 -0.0126115 128 128 128
0.306883 -1.29922 -0.0129633 128 128 128
0.29201 -1.30776 -0.0131587 128 128 128
0.277387 -1.31809 -0.0134323 128 128 128
0.263917 -1.33511 -0.0139795 128 128 128
0.247514 -1.33825 -0.0139795 128 128 128
0.231243 -1.34217 -0.0140186 128 128 128
0.215389 -1.34886 -0.0141749 128 128 128
0.19926 -1.35436 -0.0142922 128 128 128
0.183162 -1.36067 -0.0144485 128 128 128
0.167183 -1.36876 -0.014683 128 128 128
0.151253 -1.37866 -0.0149957 128 128 128
0.134714 -1.38439 -0.0151521 128 128 128
0.117972 -1.38892 -0.0152693 128 128 128
0.101139 -1.39325 -0.0153866 128 128 128
0.0847055 -1.40536 -0.0158165 128 128 128
0.0674043 -1.4053 -0.0157774 128 128 128
0.0505197 -1.416 -0.0161683 128 128 128
0.0332609 -1.42151 -0.0163637 128 128 128
0.0158744 -1.42681 -0.0165591 128 128 128
-0.00163766 -1.43489 -0.0168718 128 128 128
-0.0193082 -1.43976 -0.0170672 128 128 128
-0.0370985 -1.44441 -0.0172627 128 128 128
-0.0549319 -1.44684 -0.0173799 128 128 128
-0.0729781 -1.45204 -0.0176144 128 128 128
-0.0912219 -1.45802 -0.017888 128 128 128
-0.109771 -1.46576 -0.0182398 128 128 128
-0.127921 -1.46629 -0.018318 128 128 128
-0.147476 -1.48052 -0.0189433 128 128 128
-0.166075 -1.48258 -0.0190997 128 128 128
-0.184746 -1.48439 -0.019256 128 128 128
-0.203756 -1.48795 -0.0194905 128 128 128
-0.222734 -1.49028 -0.019686 128 128 128
-0.2418 -1.49237 -0.0198814 128 128 128
-0.261122 -1.4952 -0.0201159 128 128 128
-0.280366 -1.49679 -0.0203113 128 128 128
-0.299299 -1.49618 -0.0204286 128 128 128
-0.321158 -1.50901 -0.021093 128 128 128
-0.340309 -1.50788 -0.0212103 128 128 128
-0.359481 -1.50651 -0.0213276 128 128 128
-0.37867 -1.50489 -0.0214448 128 128 128
-0.398638 -1.50593 -0.0216793 128 128 128
-0.418155 -1.50478 -0.0218357 128 128 128
-0.438539 -1.50625 -0.0221093 128 128 128
-0.464828 -1.52657 -0.0231646 128 128 128
-0.48564 -1.52742 -0.0234382 128 128 128
-0.50717 -1.52988 -0.0237899 128 128 128
-0.530785 -1.53771 -0.0243762 128 128 128
-0.55231 -1.53861 -0.0246889 128 128 128
-0.574284 -1.54015 -0.0250407 128 128 128
-0.596379 -1.54137 -0.0253924 128 128 128
-0.620076 -1.546 -0.0259006 128 128 128
-0.640914 -1.54289 -0.026096 128 128 128
-0.664132 -1.54501 -0.0265259 128 128 128
-0.683852 -1.53857 -0.0266041 128 128 128
-0.708509 -1.54278 -0.0271513 128 128 128
-0.735082 -1.55023 -0.0278548 128 128 128
-0.760189 -1.55366 -0.028402 128 128 128
-0.779647 -1.54511 -0.0284411 128 128 128
-0.801772 -1.54163 -0.0287147 128 128 128
-0.823457 -1.53696 -0.0289492 128 128 128
-0.852378 -1.54512 -0.02977 128 128 128
-0.873738 -1.53889 -0.0299654 128 128 128
-0.89608 -1.5341 -0.030239 128 128 128
-0.919464 -1.5307 -0.0305908 128 128 128
-0.942374 -1.5261 -0.0309035 128 128 128
-0.970121 -1.52877 -0.0315679 128 128 128
-0.99426 -1.52513 -0.0319588 128 128 128
-1.0229 -1.52777 -0.0326623 128 128 128
-1.04722 -1.52334 -0.0330532 128 128 128
-1.0831 -1.53488 -0.0342257 128 128 128
-1.11123 -1.53442 -0.0348511 128 128 128
-1.13414 -1.52629 -0.0351247 128 128 128
-1.15339 -1.51305 -0.0351638 128 128 128
-1.24634 -1.51591 -0.0375089 128 128 128
-1.27257 -1.50968 -0.0379779 128 128 128
-1.29362 -1.49697 -0.0381343 128 128 128
-1.31851 -1.48847 -0.0385251 128 128 128
-1.35278 -1.48994 -0.0394632 128 128 128
-1.3941 -1.49812 -0.0407921 128 128 128
-1.40755 -1.47583 -0.0405185 128 128 128
-1.43951 -1.47275 -0.0413002 128 128 128
-1.46243 -1.45992 -0.0415738 128 128 128
-1.49239 -1.45372 -0.0422383 128 128 128
-1.52822 -1.45252 -0.0432154 128 128 128
-1.55178 -1.43909 -0.0435281 128 128 128
-1.57895 -1.42866 -0.0440362 128 128 128
-1.61359 -1.4244 -0.0449351 128 128 128
-1.64532 -1.41689 -0.0456778 128 128 128
-1.66412 -1.39788 -0.0457559 128 128 128
-3.52928 1.55587 -0.204793 128 128 128
-3.50902 1.59864 -0.20473 128 128 128
-3.49726 1.64542 -0.2053 128 128 128
-1.15011 0.803442 -0.0491064 128 128 128
-1.114 0.819551 -0.0478401 128 128 128
-1.06332 0.802381 -0.0446112 128 128 128
-3.19243 2.54474 -0.219102 128 128 128
-3.15015 2.57487 -0.218216 128 128 128
-3.12978 2.62296 -0.219165 128 128 128
-3.08979 2.65466 -0.218532 128 128 128
-3.05624 2.69171 -0.218469 128 128 128
-3.02446 2.73035 -0.218595 128 128 128
-2.99511 2.77133 -0.218975 128 128 128
-2.97245 2.81888 -0.219988 128 128 128
-2.94121 2.85862 -0.220305 128 128 128
-2.91368 2.90226 -0.221001 128 128 128
-2.87715 2.93708 -0.220938 128 128 128
-2.84296 2.97433 -0.221128 128 128 128
-2.70442 3.04633 -0.218532 128 128 128
-2.68184 3.09666 -0.219988 128 128 128
-2.65715 3.14536 -0.221318 128 128 128
-2.61518 3.17387 -0.221001 128 128 128
-2.57666 3.20651 -0.221065 128 128 128
-2.55372 3.25911 -0.222774 128 128 128
-2.50566 3.27988 -0.221951 128 128 128
-2.4557 3.29757 -0.220938 128 128 128
-2.41622 3.32907 -0.221065 128 128 128
-2.37288 3.35521 -0.220811 128 128 128
-2.32927 3.38079 -0.220558 128 128 128
-2.28872 3.41078 -0.220685 128 128 128
-2.24724 3.43944 -0.220748 128 128 128
-2.20005 3.45918 -0.220178 128 128 128
-2.16058 3.49101 -0.220558 128 128 128
-2.11089 3.50614 -0.219735 128 128 128
-2.07023 3.53609 -0.220052 128 128 128
-2.01731 3.54474 -0.218849 128 128 128
-1.978 3.57709 -0.219419 128 128 128
-1.93301 3.59933 -0.219292 128 128 128
-1.88548 3.61659 -0.218849 128 128 128
-0.569024 1.11886 -0.0397361 128 128 128
-0.557882 1.13114 -0.0401159 128 128 128
-0.555932 1.16315 -0.0418887 128 128 128
-1.68117 3.65124 -0.215113 128 128 128
-0.526409 1.17462 -0.0417621 128 128 128
-1.58475 3.67672 -0.2141 128 128 128
-1.55024 3.7217 -0.215873 128 128 128
-1.49888 3.72655 -0.214923 128 128 128
-1.45195 3.74187 -0.214733 128 128 128
-1.40523 3.75754 -0.214607 128 128 128
-1.35631 3.76698 -0.2141 128 128 128
-1.30445 3.76731 -0.213024 128 128 128
-1.25843 3.78398 -0.213087 128 128 128
-1.20525 3.77821 -0.211694 128 128 128
-1.15502 3.78031 -0.210871 128 128 128
-1.10798 3.79228 -0.210745 128 128 128
-1.05816 3.79405 -0.209985 128 128 128
-1.0128 3.81157 -0.210301 128 128 128
-0.962293 3.8092 -0.209352 128 128 128
-0.915013 3.81878 -0.209225 128 128 128
-0.863909 3.81122 -0.208022 128 128 128
-0.814374 3.80885 -0.207199 128 128 128
-0.767181 3.8166 -0.207073 128 128 128
-0.720104 3.82474 -0.207009 128 128 128
-0.672428 3.82936 -0.206756 128 128 128
-0.622514 3.81959 -0.205616 128 128 128
-0.573236 3.81115 -0.204603 128 128 128
-0.525071 3.80801 -0.20397 128 128 128
-0.47707 3.80426 -0.203337 128 128 128
-0.42813 3.78999 -0.202071 128 128 128
-0.381588 3.79496 -0.202071 128 128 128
-0.332997 3.77649 -0.200615 128 128 128
-0.284992 3.7584 -0.199222 128 128 128
-0.239222 3.76759 -0.199602 128 128 128
-0.191771 3.74632 -0.198082 128 128 128
-0.144991 3.72745 -0.196752 128 128 128
-0.0987029 3.708 -0.195423 128 128 128
-0.0531529 3.70593 -0.195233 128 128 128
-0.00765933 3.69433 -0.194473 128 128 128
0.0375639 3.68417 -0.19384 128 128 128
0.082842 3.68642 -0.19403 128 128 128
0.127288 3.66319 -0.192637 128 128 128
0.171943 3.65537 -0.192257 128 128 128
0.216185 3.64302 -0.191624 128 128 128
0.258992 3.61421 -0.189978 128 128 128
0.301716 3.59187 -0.188775 128 128 128
0.344028 3.57002 -0.187635 128 128 128
0.387049 3.55858 -0.187192 128 128 128
0.428387 3.53474 -0.185989 128 128 128
0.469732 3.51439 -0.18504 128 128 128
0.509769 3.48762 -0.18371 128 128 128
0.550166 3.46632 -0.18276 128 128 128
0.587573 3.42981 -0.180861 128 128 128
0.627255 3.40958 -0.180038 128 128 128
0.665562 3.384 -0.178898 128 128 128
0.704982 3.36582 -0.178265 128 128 128
0.743838 3.3462 -0.177569 128 128 128
0.782778 3.32808 -0.176999 128 128 128
0.820903 3.30757 -0.176302 128 128 128
0.856869 3.27987 -0.175163 128 128 128
0.89228 3.25179 -0.174023 128 128 128
0.927408 3.2243 -0.172947 128 128 128
0.961131 3.19357 -0.171681 128 128 128
0.996042 3.16821 -0.170794 128 128 128
1.02829 3.13584 -0.169465 128 128 128
1.06216 3.10977 -0.168578 128 128 128
1.08918 3.06548 -0.166489 128 128 128
1.12013 3.0341 -0.165286 128 128 128
1.15226 3.00709 -0.1644 128 128 128
1.18538 2.98345 -0.163766 128 128 128
1.21809 2.95946 -0.163133 128 128 128
1.24569 2.9241 -0.16174 128 128 128
1.27623 2.89672 -0.160917 128 128 128
1.30588 2.86814 -0.160031 128 128 128
1.33331 2.83565 -0.158891 128 128 128
1.35796 2.79843 -0.157435 128 128 128
1.38727 2.77175 -0.156739 128 128 128
1.40926 2.73147 -0.155092 128 128 128
1.43797 2.70517 -0.154459 128 128 128
1.46098 2.66895 -0.15313 128 128 128
1.47987 2.62649 -0.151357 128 128 128
1.49894 2.5857 -0.149711 128 128 128
1.5239 2.55598 -0.148888 128 128 128
1.54784 2.52518 -0.148001 128 128 128
1.57178 2.49503 -0.147178 128 128 128
1.59358 2.46216 -0.146165 128 128 128
1.61925 2.43577 -0.145659 128 128 128
1.64225 2.40584 -0.144899 128 128 128
1.66305 2.37326 -0.143949 128 128 128
1.67278 2.32596 -0.14186 128 128 128
1.70298 2.30766 -0.14205 128 128 128
1.70642 2.254 -0.139454 128 128 128
1.70881 2.20061 -0.136858 128 128 128
1.7388 2.18337 -0.137175 128 128 128
1.75029 2.14334 -0.135655 128 128 128
1.76619 2.10947 -0.134642 128 128 128
1.78218 2.07629 -0.133693 128 128 128
1.79894 2.04454 -0.13287 128 128 128
1.81653 2.01417 -0.132173 128 128 128
1.83229 1.98221 -0.13135 128 128 128
1.8496 1.95234 -0.130717 128 128 128
1.8588 1.91448 -0.129387 128 128 128
1.33509 1.34336 -0.0802564 128 128 128
1.29867 1.27525 -0.0755713 128 128 128
1.35105 1.29435 -0.0788002 128 128 128
1.87599 1.75161 -0.122929 128 128 128
1.91138 1.74121 -0.124132 128 128 128
1.91019 1.69777 -0.122233 128 128 128
1.90144 1.64874 -0.119764 128 128 128
1.91924 1.62336 -0.119574 128 128 128
1.91666 1.5813 -0.117738 128 128 128
1.92658 1.55017 -0.116978 128 128 128
1.93681 1.51965 -0.116282 128 128 128
1.94658 1.48911 -0.115585 128 128 128
1.95429 1.45737 -0.114762 128 128 128
1.96152 1.42567 -0.113939 128 128 128
1.97316 1.39746 -0.113496 128 128 128
0.983586 0.681065 -0.0360006 128 128 128
1.26303 0.850522 -0.056704 128 128 128
1.28424 0.842045 -0.057527 128 128 128
1.31807 0.841195 -0.0592998 128 128 128
1.95325 1.21091 -0.105898 128 128 128
1.95171 1.17708 -0.104695 128 128 128
1.96514 1.15254 -0.104632 128 128 128
1.96091 1.11799 -0.103302 128 128 128
1.964 1.08806 -0.102543 128 128 128
1.96489 1.05728 -0.101656 128 128 128
1.96709 1.02756 -0.100896 128 128 128
1.97064 0.998845 -0.100263 128 128 128
1.97737 0.971955 -0.0998835 128 128 128
1.9621 0.934788 -0.0979841 128 128 128
1.97886 0.913139 -0.098364 128 128 128
1.96986 0.879869 -0.0969711 128 128 128
1.964 0.848535 -0.0958314 128 128 128
1.95676 0.817096 -0.0946285 128 128 128
1.95089 0.786706 -0.0935522 128 128 128
1.94271 0.755865 -0.0923492 128 128 128
1.94156 0.728133 -0.0916528 128 128 128
1.93532 0.698857 -0.0906398 128 128 128
1.92865 0.669846 -0.0896268 128 128 128
1.90547 0.635766 -0.0875374 128 128 128
1.91693 0.613544 -0.0877907 128 128 128
1.89663 0.581545 -0.0859546 128 128 128
1.89979 0.557111 -0.0857013 128 128 128
1.9036 0.532955 -0.0855114 128 128 128
1.8878 0.503682 -0.0840552 128 128 128
1.89287 0.480234 -0.0839919 128 128 128
1.89668 0.456507 -0.0838653 128 128 128
1.8632 0.424411 -0.0813327 128 128 128
1.86144 0.400061 -0.0808896 128 128 128
1.86033 0.376014 -0.0805097 128 128 128
1.85892 0.352055 -0.0801298 128 128 128
1.83459 0.32424 -0.0782937 128 128 128
1.83843 0.301703 -0.0782937 128 128 128
1.82028 0.275876 -0.0769008 128 128 128
1.82056 0.253112 -0.0767109 128 128 128
1.78986 0.226564 -0.0745582 128 128 128
1.79151 0.204472 -0.0744949 128 128 128
1.76707 0.179804 -0.0727855 128 128 128
1.75324 0.156719 -0.0717725 128 128 128
1.74607 0.134523 -0.0712027 128 128 128
1.74062 0.11265 -0.0707595 128 128 128
1.74088 0.0912319 -0.0706961 128 128 128
1.72491 0.0692203 -0.0696198 128 128 128
1.72663 0.0480733 -0.0696831 128 128 128
1.7211 0.0268018 -0.0693033 128 128 128
1.71132 0.00566924 -0.0686701 128 128 128
1.70727 -0.0152867 -0.0684169 128 128 128
1.70496 -0.0361894 -0.0682902 128 128 128
1.67147 -0.0559299 -0.0662009 128 128 128
1.66667 -0.0762454 -0.0659477 128 128 128
1.66063 -0.0963913 -0.0656311 128 128 128
1.63742 -0.115169 -0.0642382 128 128 128
1.64384 -0.135931 -0.0647447 128 128 128
1.6202 -0.153963 -0.0633518 128 128 128
1.60926 -0.172853 -0.062782 128 128 128
1.60008 -0.19174 -0.0623388 128 128 128
1.58673 -0.209895 -0.0616424 128 128 128
1.57811 -0.228478 -0.0612625 128 128 128
1.56632 -0.246408 -0.0606927 128 128 128
1.55137 -0.263575 -0.0599329 128 128 128
1.53625 -0.280413 -0.0591732 128 128 128
1.52094 -0.296919 -0.0584134 128 128 128
1.5084 -0.31371 -0.0578436 128 128 128
1.49567 -0.330238 -0.0572738 128 128 128
1.48956 -0.348108 -0.0571471 128 128 128
1.47356 -0.363462 -0.0563874 128 128 128
1.46319 -0.379997 -0.0560075 128 128 128
1.45553 -0.397129 -0.0558176 128 128 128
1.44 -0.411913 -0.0551211 128 128 128
1.43962 -0.430997 -0.0554377 128 128 128
1.42565 -0.445927 -0.0548679 128 128 128
1.41154 -0.46058 -0.0542981 128 128 128
1.40012 -0.475924 -0.0539182 128 128 128
1.39229 -0.4924 -0.0537916 128 128 128
1.3796 -0.507021 -0.0533484 128 128 128
1.36954 -0.522479 -0.0530951 128 128 128
1.35654 -0.536659 -0.0526519 128 128 128
1.34801 -0.552503 -0.0525253 128 128 128
1.3347 -0.566258 -0.0520821 128 128 128
1.32765 -0.582594 -0.0520821 128 128 128
1.31042 -0.594281 -0.0513857 128 128 128
1.28498 -0.601801 -0.0501194 128 128 128
1.28467 -0.621019 -0.0506259 128 128 128
1.26804 -0.632259 -0.0499928 128 128 128
1.2593 -0.647314 -0.0499295 128 128 128
1.24685 -0.660371 -0.0496129 128 128 128
1.22991 -0.670818 -0.0489798 128 128 128
1.22158 -0.685861 -0.0489798 128 128 128
1.2079 -0.69779 -0.0485999 128 128 128
1.19753 -0.711536 -0.0484733 128 128 128
1.17936 -0.720428 -0.0477768 128 128 128
1.16284 -0.730049 -0.047207 128 128 128
1.15379 -0.744263 -0.047207 128 128 128
1.18858 -0.787708 -0.0505626 128 128 128
1.13353 -0.771227 -0.0470804 128 128 128
1.10847 -0.774176 -0.0458774 128 128 128
1.10131 -0.789472 -0.0460674 128 128 128
1.08753 -0.799959 -0.0457508 128 128 128
1.07207 -0.80902 -0.0453076 128 128 128
1.05891 -0.819662 -0.0450543 128 128 128
1.04799 -0.831972 -0.044991 128 128 128
1.03616 -0.843505 -0.0448644 128 128 128
1.0242 -0.854873 -0.0447378 128 128 128
1.00531 -0.860215 -0.0440413 128 128 128
0.996176 -0.873808 -0.044168 128 128 128
0.984638 -0.885297 -0.0441047 128 128 128
0.972968 -0.896635 -0.0440413 128 128 128
0.958998 -0.905758 -0.0437881 128 128 128
0.942091 -0.911888 -0.0432816 128 128 128
0.92871 -0.921265 -0.0430916 128 128 128
0.923614 -0.939015 -0.0436615 128 128 128
0.909955 -0.948112 -0.0434715 128 128 128
0.892132 -0.952632 -0.0429017 128 128 128
0.869639 -0.951688 -0.0418887 128 128 128
0.87047 -0.97648 -0.0430916 128 128 128
0.858421 -0.987089 -0.0430916 128 128 128
0.846244 -0.997549 -0.0430916 128 128 128
0.83584 -1.01017 -0.0432816 128 128 128
0.821508 -1.01802 -0.0430916 128 128 128
0.808953 -1.02802 -0.0430916 128 128 128
0.796277 -1.03787 -0.0430916 128 128 128
0.784671 -1.04917 -0.0432183 128 128 128
0.778177 -1.06761 -0.0439147 128 128 128
0.759263 -1.06892 -0.0432816 128 128 128
0.746088 -1.07816 -0.0432816 128 128 128
0.742797 -1.10216 -0.0444212 128 128 128
0.717769 -1.09364 -0.0430916 128 128 128
0.712851 -1.11584 -0.0441047 128 128 128
0.691762 -1.11262 -0.0432183 128 128 128
0.680112 -1.12445 -0.0434715 128 128 128
0.6718 -1.14219 -0.044168 128 128 128
0.647877 -1.13299 -0.0429017 128 128 128
0.641156 -1.15396 -0.0438514 128 128 128
0.619406 -1.14767 -0.0428384 128 128 128
0.611262 -1.16669 -0.0436615 128 128 128
0.59555 -1.17143 -0.0434715 128 128 128
0.583762 -1.18403 -0.0438514 128 128 128
0.562774 -1.17758 -0.0429017 128 128 128
0.545782 -1.17896 -0.0425218 128 128 128
0.531679 -1.18648 -0.0425851 128 128 128
0.515896 -1.19016 -0.0423952 128 128 128
0.495893 -1.1835 -0.0415088 128 128 128
0.439247 -1.21204 -0.0418887 128 128 128
0.428898 -1.23055 -0.0427751 128 128 128
0.413451 -1.23477 -0.0427118 128 128 128
0.401896 -1.25116 -0.0434715 128 128 128
0.387384 -1.25887 -0.0436615 128 128 128
0.370233 -1.25778 -0.0432816 128 128 128
0.35477 -1.26222 -0.0432816 128 128 128
0.346403 -1.2935 -0.0450543 128 128 128
0.330504 -1.29765 -0.0450543 128 128 128
0.326365 -1.35112 -0.0482833 128 128 128
0.300974 -1.31608 -0.0457508 128 128 128
0.282517 -1.30894 -0.0450543 128 128 128
0.266433 -1.3123 -0.0450543 128 128 128
0.25086 -1.31842 -0.0452443 128 128 128
0.234662 -1.3214 -0.0452443 128 128 128
0.220662 -1.33797 -0.0461307 128 128 128
0.205111 -1.3465 -0.0465105 128 128 128
0.188302 -1.34694 -0.0463839 128 128 128
0.172251 -1.35311 -0.0466372 128 128 128
0.155966 -1.3581 -0.0468271 128 128 128
0.139882 -1.36587 -0.047207 128 128 128
0.123889 -1.37643 -0.0477768 128 128 128
0.107287 -1.38183 -0.0480301 128 128 128
0.0906948 -1.38901 -0.0484099 128 128 128
0.0737925 -1.39301 -0.0485999 128 128 128
0.0568058 -1.39681 -0.0487898 128 128 128
0.0398135 -1.40338 -0.0491697 128 128 128
0.0227478 -1.41574 -0.0499295 128 128 128
0.00537879 -1.4219 -0.0503093 128 128 128
-0.012138 -1.42785 -0.0506892 128 128 128
-0.0297294 -1.43058 -0.0508792 128 128 128
-0.0477472 -1.44308 -0.0517022 128 128 128
-0.0655483 -1.44438 -0.0518288 128 128 128
-0.0836293 -1.44944 -0.0522087 128 128 128
-0.1017 -1.45229 -0.052462 128 128 128
-0.120021 -1.4569 -0.0528419 128 128 128
-0.138278 -1.45929 -0.0530951 128 128 128
-0.156829 -1.46343 -0.053475 128 128 128
-0.17623 -1.47328 -0.0542347 128 128 128
-0.194963 -1.47596 -0.0545513 128 128 128
-0.215533 -1.49024 -0.0556276 128 128 128
-0.234277 -1.49044 -0.0558176 128 128 128
-0.252719 -1.48843 -0.0558809 128 128 128
-0.272237 -1.49209 -0.0563241 128 128 128
-0.291302 -1.49255 -0.0565773 128 128 128
-0.310213 -1.49179 -0.0567673 128 128 128
-0.329802 -1.49372 -0.0571471 128 128 128
-0.350633 -1.50024 -0.0578436 128 128 128
-0.3695 -1.49776 -0.0579702 128 128 128
-0.389119 -1.49794 -0.0582868 128 128 128
-0.411981 -1.50941 -0.0593631 128 128 128
-0.430195 -1.50328 -0.0592998 128 128 128
-0.450054 -1.50267 -0.0596164 128 128 128
-0.475972 -1.52082 -0.0611992 128 128 128
-0.49772 -1.52435 -0.0618323 128 128 128
-0.519302 -1.52662 -0.0624021 128 128 128
-0.539002 -1.52295 -0.0625921 128 128 128
-0.559731 -1.52184 -0.0629719 128 128 128
-0.585887 -1.53442 -0.0643015 128 128 128
-0.607261 -1.5336 -0.0647447 128 128 128
-0.634416 -1.54633 -0.0661376 128 128 128
-0.655306 -1.54301 -0.0664542 128 128 128
-0.678227 -1.54398 -0.0670873 128 128 128
-0.700855 -1.54371 -0.0676571 128 128 128
-0.723578 -1.54312 -0.0682269 128 128 128
-0.747265 -1.54399 -0.0689234 128 128 128
-0.771082 -1.54452 -0.0696198 128 128 128
-0.793188 -1.54114 -0.070063 128 128 128
-0.816267 -1.53922 -0.0706328 128 128 128
-0.84326 -1.54396 -0.0717092 128 128 128
-0.857724 -1.52568 -0.0711393 128 128 128
-0.87889 -1.51935 -0.0714559 128 128 128
-0.909762 -1.52901 -0.0729754 128 128 128
-0.935251 -1.52878 -0.0737985 128 128 128
-0.960871 -1.52815 -0.0746216 128 128 128
-0.989333 -1.53132 -0.0757612 128 128 128
-1.02521 -1.5448 -0.0777239 128 128 128
-1.03845 -1.52387 -0.0770908 128 128 128
-1.07487 -1.53632 -0.0790535 128 128 128
-1.10006 -1.53192 -0.0797499 128 128 128
-1.12412 -1.52553 -0.0803197 128 128 128
-1.14638 -1.51638 -0.0806996 128 128 128
-1.18023 -1.52189 -0.0822824 128 128 128
-1.28864 -1.50299 -0.0857013 128 128 128
-1.30765 -1.48781 -0.0857647 128 128 128
-1.34054 -1.48793 -0.0871575 128 128 128
-1.33834 -1.44941 -0.0852581 128 128 128
-1.3134 -1.38802 -0.0813327 128 128 128
-1.45079 -1.4955 -0.0922859 128 128 128
-1.45634 -1.46486 -0.0911463 128 128 128
-1.48206 -1.45456 -0.0918427 128 128 128
-1.53446 -1.46933 -0.0948817 128 128 128
-1.55603 -1.45379 -0.0951983 128 128 128
-1.58409 -1.44398 -0.0960847 128 128 128
-1.61813 -1.43899 -0.0974776 128 128 128
-1.63189 -1.41576 -0.097161 128 128 128
-1.67584 -1.41814 -0.099377 128 128 128
-1.70545 -1.40761 -0.10039 128 128 128
-1.72104 -1.38533 -0.100263 128 128 128
-1.75599 -1.37825 -0.10172 128 128 128
-1.77436 -1.3578 -0.101846 128 128 128
-1.8021 -1.34426 -0.102733 128 128 128
-1.81829 -1.25497 -0.100263 128 128 128
-1.92183 -1.19151 -0.103556 128 128 128
-1.95171 -1.17708 -0.104695 128 128 128
-2.37091 -1.16452 -0.127678 128 128 128
-2.23533 -1.06435 -0.117168 128 128 128
-2.44261 -1.05427 -0.128881 128 128 128
-2.45721 -1.02498 -0.129007 128 128 128
-2.49461 -1.00478 -0.130717 128 128 128
-3.58312 1.4858 -0.302188 128 128 128
-3.15738 2.52893 -0.316888 128 128 128
-3.20157 2.62941 -0.325514 128 128 128
-3.1401 2.64413 -0.322169 128 128 128
-3.1044 2.67986 -0.321817 128 128 128
-3.07426 2.7204 -0.322169 128 128 128
-3.04581 2.7626 -0.322786 128 128 128
-2.99563 2.78485 -0.320849 128 128 128
-2.96411 2.82415 -0.321201 128 128 128
-2.92995 2.86101 -0.321289 128 128 128
-2.8925 2.89464 -0.321025 128 128 128
-2.73265 3.09268 -0.324106 128 128 128
-2.69515 3.12673 -0.324194 128 128 128
-2.65721 3.16033 -0.324282 128 128 128
-2.62266 3.19809 -0.324898 128 128 128
-2.60624 3.25881 -0.328155 128 128 128
-2.53112 3.24579 -0.323138 128 128 128
-2.50015 3.2885 -0.324458 128 128 128
-2.45961 3.31893 -0.324458 128 128 128
-2.41811 3.34806 -0.32437 128 128 128
-2.37799 3.37911 -0.324546 128 128 128
-2.33127 3.40064 -0.323754 128 128 128
-2.29213 3.43313 -0.324194 128 128 128
-2.24657 3.45599 -0.323666 128 128 128
-2.20399 3.4833 -0.323666 128 128 128
-2.16056 3.50924 -0.323578 128 128 128
-2.11682 3.53463 -0.32349 128 128 128
-2.07328 3.56034 -0.32349 128 128 128
-2.02944 3.58552 -0.32349 128 128 128
-1.97952 3.59968 -0.322433 128 128 128
-1.93238 3.61843 -0.321905 128 128 128
-0.57729 1.11567 -0.0704177 128 128 128
-0.566242 1.12801 -0.0709459 128 128 128
-0.549736 1.1295 -0.0704177 128 128 128
-1.73036 3.66206 -0.317328 128 128 128
-0.53305 1.16711 -0.0727944 128 128 128
-1.63391 3.68976 -0.316008 128 128 128
-1.59911 3.73426 -0.318384 128 128 128
-1.54706 3.73887 -0.316976 128 128 128
-1.5018 3.75943 -0.317152 128 128 128
-1.45018 3.76363 -0.315832 128 128 128
-1.40284 3.77834 -0.315567 128 128 128
-1.35167 3.78214 -0.314335 128 128 128
-1.3016 3.78809 -0.313367 128 128 128
-1.25251 3.79621 -0.312663 128 128 128
-1.20583 3.81129 -0.312663 128 128 128
-1.1529 3.80578 -0.310814 128 128 128
-1.10251 3.80721 -0.30967 128 128 128
-1.05464 3.81661 -0.309318 128 128 128
-0.999856 3.7994 -0.306589 128 128 128
-0.951704 3.80559 -0.306061 128 128 128
-0.903321 3.8102 -0.305445 128 128 128
-0.855405 3.81614 -0.305004 128 128 128
-0.807067 3.81952 -0.304388 128 128 128
-0.756249 3.8096 -0.302628 128 128 128
-0.710171 3.82251 -0.30298 128 128 128
-0.660486 3.81524 -0.301571 128 128 128
-0.613142 3.8201 -0.301307 128 128 128
-0.564026 3.81256 -0.299987 128 128 128
-0.5176 3.82216 -0.300251 128 128 128
-0.468707 3.8124 -0.298843 128 128 128
-0.42057 3.80598 -0.297786 128 128 128
-0.371979 3.79202 -0.296114 128 128 128
-0.324648 3.78737 -0.295322 128 128 128
-0.276902 3.77418 -0.293825 128 128 128
-0.230322 3.77332 -0.293473 128 128 128
-0.183268 3.76094 -0.292153 128 128 128
-0.136442 3.74499 -0.290568 128 128 128
-0.0899871 3.72646 -0.288808 128 128 128
-0.0440803 3.71334 -0.287576 128 128 128
0.00149037 3.69069 -0.285551 128 128 128
0.0466826 3.68243 -0.284847 128 128 128
0.0916967 3.67461 -0.284231 128 128 128
0.136416 3.66325 -0.28335 128 128 128
0.180234 3.63842 -0.281326 128 128 128
0.224747 3.63394 -0.28115 128 128 128
0.268444 3.61899 -0.280093 128 128 128
0.311638 3.60153 -0.278861 128 128 128
0.354052 3.57959 -0.277277 128 128 128
0.395866 3.55616 -0.275604 128 128 128
0.437768 3.5372 -0.274372 128 128 128
0.478862 3.51478 -0.272875 128 128 128
0.518887 3.48795 -0.271027 128 128 128
0.558643 3.46263 -0.269354 128 128 128
0.596835 3.43098 -0.267154 128 128 128
0.635063 3.40283 -0.265305 128 128 128
0.674052 3.3811 -0.264073 128 128 128
0.713429 3.36283 -0.263193 128 128 128
0.752896 3.34605 -0.262488 128 128 128
0.790448 3.32202 -0.261168 128 128 128
0.828492 3.30144 -0.2602 128 128 128
0.86488 3.27561 -0.258791 128 128 128
0.901558 3.25227 -0.257647 128 128 128
0.934741 3.21801 -0.255534 128 128 128
0.969533 3.19104 -0.254126 128 128 128
1.0026 3.15991 -0.252366 128 128 128
1.03224 3.11994 -0.249813 128 128 128
1.06624 3.09479 -0.248668 128 128 128
1.09742 3.06272 -0.246908 128 128 128
1.12729 3.02848 -0.244971 128 128 128
1.15899 3.00048 -0.243651 128 128 128
1.19165 2.97586 -0.242683 128 128 128
1.22122 2.94444 -0.241098 128 128 128
1.2553 2.92466 -0.240658 128 128 128
1.28665 2.89902 -0.23969 128 128 128
1.31715 2.87214 -0.238634 128 128 128
1.33654 2.82244 -0.235377 128 128 128
1.36758 2.79867 -0.234672 128 128 128
1.39062 2.75943 -0.232472 128 128 128
1.41429 2.72271 -0.230535 128 128 128
1.44243 2.69548 -0.229567 128 128 128
1.4557 2.6418 -0.225958 128 128 128
1.47917 2.60814 -0.224374 128 128 128
1.50304 2.57602 -0.222965 128 128 128
1.52737 2.54542 -0.221733 128 128 128
1.55692 2.52394 -0.221469 128 128 128
1.57019 2.47688 -0.218564 128 128 128
1.57765 2.42235 -0.214867 128 128 128
1.60504 2.3995 -0.214515 128 128 128
1.63549 2.38126 -0.214691 128 128 128
1.65484 2.34717 -0.213194 128 128 128
1.6736 2.31296 -0.211698 128 128 128
1.69118 2.27785 -0.210113 128 128 128
1.70754 2.24186 -0.208441 128 128 128
1.71592 2.1964 -0.205712 128 128 128
1.74026 2.17206 -0.20536 128 128 128
1.74277 2.12128 -0.202015 128 128 128
1.76418 2.0944 -0.201399 128 128 128
1.78324 2.06505 -0.200519 128 128 128
1.79129 2.02361 -0.19823 128 128 128
1.79859 1.98229 -0.195941 128 128 128
1.81533 1.95204 -0.194973 128 128 128
1.83571 1.92601 -0.194533 128 128 128
1.83347 1.87696 -0.191276 128 128 128
1.27453 1.27254 -0.118567 128 128 128
1.32142 1.28741 -0.122441 128 128 128
1.35444 1.28758 -0.124553 128 128 128
1.88467 1.74881 -0.186611 128 128 128
1.88902 1.71016 -0.184586 128 128 128
1.89643 1.67497 -0.183002 128 128 128
1.90477 1.64117 -0.181593 128 128 128
1.89352 1.59138 -0.177984 128 128 128
1.90751 1.5636 -0.177368 128 128 128
1.92267 1.53696 -0.176928 128 128 128
1.92725 1.50222 -0.175344 128 128 128
1.94474 1.47785 -0.175256 128 128 128
1.94673 1.44201 -0.173495 128 128 128
1.94813 1.40634 -0.171735 128 128 128
1.94 1.36455 -0.169006 128 128 128
1.35204 0.925902 -0.104219 128 128 128
1.25148 0.834535 -0.0923359 128 128 128
1.29586 0.841385 -0.095945 128 128 128
1.40624 0.888832 -0.10642 128 128 128
1.95048 1.20017 -0.161788 128 128 128
1.95139 1.16795 -0.160379 128 128 128
1.94492 1.13188 -0.158267 128 128 128
1.9474 1.10155 -0.157122 128 128 128
1.95117 1.07228 -0.156154 128 128 128
1.94397 1.03746 -0.15413 128 128 128
1.94064 1.00527 -0.152545 128 128 128
1.96262 0.986304 -0.153513 128 128 128
1.95488 0.952534 -0.151577 128 128 128
1.95111 0.921234 -0.15008 128 128 128
1.94235 0.888096 -0.148144 128 128 128
1.94855 0.862176 -0.147704 128 128 128
1.94799 0.83349 -0.146647 128 128 128
1.93323 0.799231 -0.144271 128 128 128
1.93086 0.770639 -0.143126 128 128 128
1.90486 0.733265 -0.139781 128 128 128
1.91185 0.70914 -0.139605 128 128 128
1.9129 0.682941 -0.138901 128 128 128
1.91078 0.655852 -0.137933 128 128 128
1.89787 0.625481 -0.135996 128 128 128
1.89876 0.600038 -0.13538 128 128 128
1.89263 0.572645 -0.134148 128 128 128
1.89569 0.548267 -0.133796 128 128 128
1.87924 0.518587 -0.131683 128 128 128
1.88257 0.494725 -0.131419 128 128 128
1.87787 0.468924 -0.130451 128 128 128
1.86797 0.442163 -0.129042 128 128 128
1.86257 0.416806 -0.128074 128 128 128
1.86365 0.393093 -0.127722 128 128 128
1.85563 0.367668 -0.126578 128 128 128
1.84433 0.341952 -0.125169 128 128 128
1.82483 0.315207 -0.123057 128 128 128
1.81873 0.291208 -0.122176 128 128 128
1.79556 0.264923 -0.1198 128 128 128
1.78979 0.241662 -0.119008 128 128 128
1.78373 0.218583 -0.118215 128 128 128
1.78331 0.196349 -0.117951 128 128 128
1.75683 0.17162 -0.115399 128 128 128
1.7469 0.149023 -0.114342 128 128 128
1.74263 0.127135 -0.113814 128 128 128
1.7371 0.105313 -0.113198 128 128 128
1.72433 0.0833048 -0.111966 128 128 128
1.71925 0.0619186 -0.111437 128 128 128
1.71391 0.0406696 -0.110909 128 128 128
1.70233 0.019488 -0.109853 128 128 128
1.69945 -0.00140349 -0.109589 128 128 128
1.69333 -0.0221846 -0.109061 128 128 128
1.68596 -0.0427913 -0.108445 128 128 128
1.67635 -0.063147 -0.107652 128 128 128
1.66152 -0.0830287 -0.10642 128 128 128
1.64645 -0.102556 -0.105188 128 128 128
1.6401 -0.122386 -0.104747 128 128 128
1.62756 -0.141563 -0.103779 128 128 128
1.60588 -0.159572 -0.102019 128 128 128
1.59984 -0.178827 -0.101667 128 128 128
1.58961 -0.19747 -0.100962 128 128 128
1.57128 -0.214816 -0.099554 128 128 128
1.56064 -0.232913 -0.0988498 128 128 128
1.54783 -0.250464 -0.0979695 128 128 128
1.53581 -0.267906 -0.0971773 128 128 128
1.52555 -0.285456 -0.0965611 128 128 128
1.49458 -0.298713 -0.0940965 128 128 128
1.49957 -0.318888 -0.0948887 128 128 128
1.48388 -0.334647 -0.0938324 128 128 128
1.47675 -0.35214 -0.0935683 128 128 128
1.45783 -0.366605 -0.0922479 128 128 128
1.45611 -0.385229 -0.092512 128 128 128
1.44839 -0.402271 -0.0922479 128 128 128
1.43569 -0.417795 -0.0915437 128 128 128
1.43141 -0.435671 -0.0916317 128 128 128
1.41931 -0.451097 -0.0910156 128 128 128
1.40515 -0.465668 -0.0902233 128 128 128
1.40875 -0.486117 -0.0911036 128 128 128
1.3858 -0.497327 -0.0895191 128 128 128
1.37306 -0.511866 -0.088903 128 128 128
1.3676 -0.529035 -0.088991 128 128 128
1.35546 -0.543558 -0.0884628 128 128 128
1.34408 -0.558245 -0.0880227 128 128 128
1.31516 -0.565277 -0.0859101 128 128 128
1.31176 -0.582988 -0.0862622 128 128 128
1.29908 -0.596552 -0.0857341 128 128 128
1.28896 -0.611171 -0.08547 128 128 128
1.27241 -0.622573 -0.0845897 128 128 128
1.26289 -0.637245 -0.0844137 128 128 128
1.25233 -0.651318 -0.0841496 128 128 128
1.2416 -0.665228 -0.0838855 128 128 128
1.22637 -0.676572 -0.0831813 128 128 128
1.21624 -0.690588 -0.0830053 128 128 128
1.19648 -0.69894 -0.081861 128 128 128
1.2143 -0.729447 -0.0845897 128 128 128
1.17219 -0.723912 -0.0811568 128 128 128
1.15564 -0.733446 -0.0803645 128 128 128
1.14071 -0.743769 -0.0797484 128 128 128
1.12984 -0.756605 -0.0795723 128 128 128
1.1254 -0.773794 -0.0801005 128 128 128
1.115 -0.786972 -0.0800124 128 128 128
1.09234 -0.791259 -0.078604 128 128 128
1.09215 -0.811725 -0.0796603 128 128 128
1.0718 -0.817225 -0.078516 128 128 128
1.05698 -0.826639 -0.0779879 128 128 128
1.0452 -0.838303 -0.0778118 128 128 128
1.03099 -0.847906 -0.0773717 128 128 128
1.01822 -0.85857 -0.0771076 128 128 128
1.00534 -0.869048 -0.0768435 128 128 128
0.991619 -0.87868 -0.0764914 128 128 128
0.980024 -0.890114 -0.0764034 128 128 128
0.962459 -0.895971 -0.0756112 128 128 128
0.937685 -0.894664 -0.0739387 128 128 128
0.945171 -0.924191 -0.0762274 128 128 128
0.933055 -0.935016 -0.0761393 128 128 128
0.914554 -0.939266 -0.0752591 128 128 128
0.903646 -0.95114 -0.0753471 128 128 128
0.895973 -0.966536 -0.0758753 128 128 128
0.882038 -0.975244 -0.0756112 128 128 128
0.870004 -0.985995 -0.0756112 128 128 128
0.859791 -0.998859 -0.0758753 128 128 128
0.845544 -1.00705 -0.0756112 128 128 128
0.827436 -1.01042 -0.074819 128 128 128
0.819331 -1.02594 -0.0754351 128 128 128
0.822612 -1.05634 -0.0777238 128 128 128
0.788478 -1.0386 -0.0746429 128 128 128
0.798221 -1.07861 -0.0779879 128 128 128
0.761001 -1.05522 -0.0743788 128 128 128
0.739392 -1.05226 -0.0730585 128 128 128
0.730931 -1.06783 -0.0737627 128 128 128
0.697297 -1.04607 -0.0705057 128 128 128
0.67952 -1.04703 -0.0697135 128 128 128
0.659159 -1.04351 -0.0684811 128 128 128
0.648394 -1.05491 -0.0688332 128 128 128
0.630791 -1.0551 -0.068041 128 128 128
0.61579 -1.05932 -0.0676889 128 128 128
0.619436 -1.09627 -0.0706818 128 128 128
0.631391 -1.15004 -0.0753471 128 128 128
0.604554 -1.13398 -0.0729704 128 128 128
0.586464 -1.13335 -0.0721782 128 128 128
0.577886 -1.15114 -0.0732345 128 128 128
0.570269 -1.17158 -0.0745549 128 128 128
0.556275 -1.17939 -0.0746429 128 128 128
0.528073 -1.15624 -0.0717381 128 128 128
0.51344 -1.16172 -0.0716501 128 128 128
0.462271 -1.20224 -0.0732345 128 128 128
0.456506 -1.2321 -0.0755232 128 128 128
0.441687 -1.23855 -0.0756112 128 128 128
0.426455 -1.24388 -0.0756112 128 128 128
0.411159 -1.24902 -0.0756112 128 128 128
0.3958 -1.25397 -0.0756112 128 128 128
0.379804 -1.25682 -0.0754351 128 128 128
0.374061 -1.29487 -0.078516 128 128 128
0.360003 -1.30609 -0.0791322 128 128 128
0.342171 -1.30366 -0.078516 128 128 128
0.321791 -1.29037 -0.0769316 128 128 128
0.304551 -1.28841 -0.0764034 128 128 128
0.289591 -1.29594 -0.0767555 128 128 128
0.27676 -1.31401 -0.0780759 128 128 128
0.261391 -1.32122 -0.078428 128 128 128
0.245887 -1.32824 -0.0787801 128 128 128
0.23008 -1.3341 -0.0790442 128 128 128
0.214166 -1.33978 -0.0793082 128 128 128
0.198147 -1.34526 -0.0795723 128 128 128
0.181891 -1.34956 -0.0797484 128 128 128
0.166535 -1.36158 -0.0806286 128 128 128
0.150363 -1.36847 -0.0810687 128 128 128
0.134046 -1.37517 -0.0815089 128 128 128
0.117673 -1.38267 -0.082037 128 128 128
0.10099 -1.38798 -0.0823891 128 128 128
0.0843768 -1.39608 -0.0830053 128 128 128
0.0674338 -1.40099 -0.0833574 128 128 128
0.0504196 -1.40668 -0.0837975 128 128 128
0.0335196 -1.42214 -0.0851179 128 128 128
0.0160288 -1.41945 -0.0848538 128 128 128
-0.0013918 -1.43149 -0.0859101 128 128 128
-0.0189951 -1.43436 -0.0861742 128 128 128
-0.0366934 -1.438 -0.0865263 128 128 128
-0.0545574 -1.44341 -0.0870544 128 128 128
-0.072364 -1.44463 -0.0872305 128 128 128
-0.0909421 -1.45755 -0.0884628 128 128 128
-0.109115 -1.4603 -0.0888149 128 128 128
-0.127882 -1.46877 -0.0896952 128 128 128
-0.146775 -1.47601 -0.0904874 128 128 128
-0.165097 -1.47608 -0.0906635 128 128 128
-0.184418 -1.48383 -0.0915437 128 128 128
-0.203284 -1.48639 -0.0919838 128 128 128
-0.222386 -1.4897 -0.092512 128 128 128
-0.2416 -1.49276 -0.0930402 128 128 128
-0.260411 -1.49262 -0.0933042 128 128 128
-0.279073 -1.49127 -0.0934803 128 128 128
-0.298713 -1.49458 -0.0940965 128 128 128
-0.317856 -1.4947 -0.0944486 128 128 128
-0.337484 -1.49651 -0.0949767 128 128 128
-0.357205 -1.49807 -0.0955049 128 128 128
-0.377982 -1.50324 -0.0963851 128 128 128
-0.399194 -1.50908 -0.0973534 128 128 128
-0.417948 -1.50503 -0.0974414 128 128 128
-0.443323 -1.52371 -0.099642 128 128 128
-0.462277 -1.51911 -0.09973 128 128 128
-0.483893 -1.52281 -0.10061 128 128 128
-0.505356 -1.52527 -0.101403 128 128 128
-0.527277 -1.52838 -0.102283 128 128 128
-0.549013 -1.53023 -0.103075 128 128 128
-0.576428 -1.54672 -0.105276 128 128 128
-0.596799 -1.54325 -0.105628 128 128 128
-0.618281 -1.54228 -0.106244 128 128 128
-0.640211 -1.54194 -0.106948 128 128 128
-0.667327 -1.5532 -0.108797 128 128 128
-0.685126 -1.54216 -0.108533 128 128 128
-0.713956 -1.55537 -0.110645 128 128 128
-0.734692 -1.55009 -0.110997 128 128 128
-0.756718 -1.54723 -0.111613 128 128 128
-0.782366 -1.55117 -0.112934 128 128 128
-0.80593 -1.55029 -0.113814 128 128 128
-0.827242 -1.54468 -0.114254 128 128 128
-0.849018 -1.53965 -0.114782 128 128 128
-0.869812 -1.53258 -0.115134 128 128 128
-0.894071 -1.53126 -0.116103 128 128 128
-0.920477 -1.53299 -0.117423 128 128 128
-0.950194 -1.53938 -0.119272 128 128 128
-0.967414 -1.52508 -0.119008 128 128 128
-0.998551 -1.5323 -0.121032 128 128 128
-1.02115 -1.52573 -0.121648 128 128 128
-1.05783 -1.53937 -0.124465 128 128 128
-1.0841 -1.53685 -0.125609 128 128 128
-1.10813 -1.5307 -0.126402 128 128 128
-1.13455 -1.52739 -0.127546 128 128 128
-1.24541 -1.51531 -0.132739 128 128 128
-1.25814 -1.49305 -0.131947 128 128 128
-1.28287 -1.48504 -0.132827 128 128 128
-1.41533 -1.48451 -0.140662 128 128 128
-1.44736 -1.48129 -0.142422 128 128 128
-1.49149 -1.48948 -0.145679 128 128 128
-1.51821 -1.47941 -0.146735 128 128 128
-1.54058 -1.46479 -0.147264 128 128 128
-1.57887 -1.46475 -0.149728 128 128 128
-1.59747 -1.44594 -0.149816 128 128 128
-1.63076 -1.44008 -0.151665 128 128 128
-1.6551 -1.42582 -0.152457 128 128 128
-1.68162 -1.41309 -0.153513 128 128 128
-1.6919 -1.38666 -0.152721 128 128 128
-2.33534 -1.13821 -0.188987 128 128 128
-2.35724 -1.11329 -0.18978 128 128 128
-2.39789 -1.09673 -0.19242 128 128 128
-2.4303 -1.0757 -0.194269 128 128 128
-2.88924 1.23197 -0.31331 128 128 128
-3.55816 1.57011 -0.397768 128 128 128
-3.54676 1.61737 -0.398778 128 128 128
-3.1596 2.58444 -0.419528 128 128 128
-3.11776 2.61471 -0.41807 128 128 128
-3.0877 2.65471 -0.418406 128 128 128
-3.06382 2.7003 -0.419752 128 128 128
-3.05698 2.7617 -0.42379 128 128 128
-3.01849 2.79495 -0.423117 128 128 128
-3.00124 2.84821 -0.425809 128 128 128
-2.94521 2.93576 -0.428164 128 128 128
-2.89854 2.96102 -0.426482 128 128 128
-2.84759 2.98126 -0.424127 128 128 128
-2.80064 3.00506 -0.422444 128 128 128
-2.78626 3.06422 -0.426258 128 128 128
-2.67449 3.09032 -0.420089 128 128 128
-2.65173 3.14115 -0.422781 128 128 128
-2.62182 3.1842 -0.424351 128 128 128
-2.57447 3.20605 -0.422893 128 128 128
-2.47497 3.16067 -0.411901 128 128 128
-2.46361 3.3106 -0.424575 128 128 128
-2.42454 3.343 -0.424912 128 128 128
-2.3862 3.37656 -0.425473 128 128 128
-2.34346 3.40395 -0.425248 128 128 128
-2.29819 3.4275 -0.424575 128 128 128
-2.25488 3.45378 -0.424351 128 128 128
-2.21126 3.47951 -0.424127 128 128 128
-2.17257 3.51315 -0.425024 128 128 128
-2.12725 3.53614 -0.424575 128 128 128
-2.07918 3.55425 -0.423566 128 128 128
-2.03296 3.57518 -0.423005 128 128 128
-1.98414 3.59115 -0.421883 128 128 128
-1.93664 3.6091 -0.421098 128 128 128
-0.581721 1.11082 -0.100313 128 128 128
-0.578334 1.13828 -0.102893 128 128 128
-0.572615 1.16226 -0.105024 128 128 128
-1.73339 3.64949 -0.414817 128 128 128
-0.550549 1.19041 -0.106818 128 128 128
-1.63604 3.67458 -0.412798 128 128 128
-1.60141 3.71904 -0.415827 128 128 128
-1.55337 3.7329 -0.415154 128 128 128
-1.50301 3.74061 -0.413808 128 128 128
-1.45699 3.75878 -0.413808 128 128 128
-1.4059 3.76334 -0.412237 128 128 128
-1.35593 3.77002 -0.411004 128 128 128
-1.30567 3.7751 -0.409658 128 128 128
-1.25394 3.7748 -0.407751 128 128 128
-1.20602 3.78517 -0.40719 128 128 128
-1.15572 3.78732 -0.405732 128 128 128
-1.1086 3.79931 -0.405508 128 128 128
-1.05525 3.78869 -0.402703 128 128 128
-1.00665 3.79367 -0.401806 128 128 128
-0.959294 3.80285 -0.40147 128 128 128
-0.910943 3.80757 -0.400685 128 128 128
-0.863058 3.81361 -0.400124 128 128 128
-0.813923 3.81322 -0.39889 128 128 128
-0.761622 3.79564 -0.395749 128 128 128
-0.715351 3.80665 -0.395974 128 128 128
-0.668925 3.8171 -0.396198 128 128 128
-0.622191 3.82601 -0.39631 128 128 128
-0.571532 3.80878 -0.393506 128 128 128
-0.523003 3.80271 -0.392048 128 128 128
-0.47373 3.78813 -0.389693 128 128 128
-0.426547 3.78774 -0.38902 128 128 128
-0.377877 3.77093 -0.386552 128 128 128
-0.331316 3.77231 -0.386216 128 128 128
-0.283597 3.75727 -0.384084 128 128 128
-0.236299 3.74162 -0.381953 128 128 128
-0.189427 3.72538 -0.379822 128 128 128
-0.143324 3.7175 -0.378701 128 128 128
-0.0970177 3.69215 -0.375672 128 128 128
-0.0516121 3.68611 -0.374887 128 128 128
-0.00637137 3.68249 -0.374438 128 128 128
0.038715 3.67335 -0.373429 128 128 128
0.08341 3.6567 -0.371634 128 128 128
0.127918 3.64547 -0.370513 128 128 128
0.172066 3.63172 -0.369167 128 128 128
0.216319 3.62438 -0.368606 128 128 128
0.258316 3.58775 -0.364793 128 128 128
0.300885 3.56748 -0.362886 128 128 128
0.343867 3.55561 -0.361988 128 128 128
0.385188 3.53038 -0.359633 128 128 128
0.42703 3.51355 -0.358287 128 128 128
0.467053 3.4854 -0.355707 128 128 128
0.506741 3.45876 -0.353352 128 128 128
0.548204 3.44639 -0.352679 128 128 128
0.584701 3.40611 -0.348865 128 128 128
0.624461 3.38794 -0.347632 128 128 128
0.662898 3.36442 -0.345837 128 128 128
0.702493 3.34826 -0.34494 128 128 128
0.740707 3.32678 -0.343482 128 128 128
0.778957 3.3068 -0.342248 128 128 128
0.816588 3.28542 -0.340902 128 128 128
0.851286 3.25401 -0.338434 128 128 128
0.886923 3.22799 -0.33664 128 128 128
0.92067 3.19682 -0.334284 128 128 128
0.95724 3.17672 -0.333275 128 128 128
0.986568 3.13442 -0.329686 128 128 128
1.01936 3.10509 -0.327667 128 128 128
1.05158 3.07543 -0.325648 128 128 128
1.07921 3.03422 -0.322283 128 128 128
1.1136 3.01329 -0.321386 128 128 128
1.14264 2.979 -0.318918 128 128 128
1.1758 2.95645 -0.317909 128 128 128
1.20895 2.93445 -0.317011 128 128 128
1.23784 2.90295 -0.314992 128 128 128
1.26613 2.87118 -0.312973 128 128 128
1.29176 2.83464 -0.310394 128 128 128
1.32094 2.8069 -0.308935 128 128 128
1.34788 2.77529 -0.307029 128 128 128
1.3747 2.74433 -0.305234 128 128 128
1.39822 2.70785 -0.302767 128 128 128
1.4173 2.66418 -0.299402 128 128 128
1.43984 2.6283 -0.297046 128 128 128
1.46416 2.5966 -0.295252 128 128 128
1.48992 2.56813 -0.293906 128 128 128
1.5106 2.53175 -0.29155 128 128 128
1.53583 2.50371 -0.290316 128 128 128
1.56113 2.47627 -0.289195 128 128 128
1.58219 2.44276 -0.287288 128 128 128
1.60323 2.40994 -0.285493 128 128 128
1.61976 2.37123 -0.282914 128 128 128
1.63388 2.33004 -0.279998 128 128 128
1.65479 2.29934 -0.278539 128 128 128
1.66573 2.2557 -0.275287 128 128 128
1.67825 2.21531 -0.272483 128 128 128
1.70348 2.1922 -0.272146 128 128 128
1.7135 2.15017 -0.269118 128 128 128
1.73031 2.11745 -0.267435 128 128 128
1.74658 2.08465 -0.265753 128 128 128
1.76035 2.04951 -0.263734 128 128 128
1.78077 2.02254 -0.262949 128 128 128
1.79878 1.99317 -0.261827 128 128 128
1.81905 1.96657 -0.261154 128 128 128
1.81223 1.91169 -0.256107 128 128 128
1.82099 1.87437 -0.253751 128 128 128
1.27649 1.28377 -0.163124 128 128 128
1.3149 1.29023 -0.166713 128 128 128
1.34214 1.28497 -0.168508 128 128 128
1.85984 1.73538 -0.2459 128 128 128
1.86113 1.6944 -0.242872 128 128 128
1.87211 1.66287 -0.241414 128 128 128
1.8826 1.63133 -0.239955 128 128 128
1.8926 1.59978 -0.238497 128 128 128
1.8975 1.56444 -0.236366 128 128 128
1.91113 1.53669 -0.235581 128 128 128
1.92279 1.50762 -0.234572 128 128 128
1.92218 1.46945 -0.23188 128 128 128
1.93289 1.44042 -0.23087 128 128 128
1.93834 1.40786 -0.229188 128 128 128
1.94735 1.37824 -0.228066 128 128 128
1.30645 0.902389 -0.138 128 128 128
1.25136 0.84208 -0.129027 128 128 128
1.26992 0.832085 -0.130148 128 128 128
1.33039 0.848369 -0.136878 128 128 128
1.92081 1.18996 -0.213822 128 128 128
1.93271 1.16476 -0.213485 128 128 128
1.92969 1.13094 -0.211242 128 128 128
1.9391 1.10472 -0.210681 128 128 128
1.93163 1.06933 -0.207989 128 128 128
1.93847 1.04226 -0.207204 128 128 128
1.94142 1.01335 -0.20597 128 128 128
1.9546 0.989901 -0.206082 128 128 128
1.93981 0.952748 -0.202717 128 128 128
1.95944 0.9327 -0.203727 128 128 128
1.95177 0.899883 -0.201371 128 128 128
1.92907 0.860942 -0.197221 128 128 128
1.92944 0.832892 -0.195988 128 128 128
1.93126 0.805724 -0.194978 128 128 128
1.90226 0.766441 -0.190267 128 128 128
1.90782 0.741607 -0.189819 128 128 128
1.9028 0.712937 -0.188136 128 128 128
1.88241 0.679136 -0.184659 128 128 128
1.88497 0.654042 -0.183986 128 128 128
1.89002 0.629924 -0.18365 128 128 128
1.88909 0.603977 -0.18264 128 128 128
1.87164 0.573233 -0.179724 128 128 128
1.88139 0.551054 -0.180061 128 128 128
1.8861 0.527394 -0.179836 128 128 128
1.88186 0.501416 -0.178602 128 128 128
1.86185 0.471749 -0.175574 128 128 128
1.8559 0.446103 -0.174228 128 128 128
1.84766 0.420238 -0.172658 128 128 128
1.84102 0.395055 -0.171312 128 128 128
1.83501 0.370294 -0.170078 128 128 128
1.82867 0.34574 -0.168844 128 128 128
1.81124 0.319522 -0.166377 128 128 128
1.80521 0.295686 -0.165255 128 128 128
1.80379 0.272779 -0.164694 128 128 128
1.77451 0.246188 -0.160993 128 128 128
1.76852 0.223293 -0.159983 128 128 128
1.76422 0.200803 -0.159198 128 128 128
1.75567 0.178059 -0.157965 128 128 128
1.73891 0.154869 -0.155833 128 128 128
1.7387 0.133371 -0.155609 128 128 128
1.73624 0.111778 -0.15516 128 128 128
1.73153 0.0901666 -0.154487 128 128 128
1.71463 0.0682413 -0.152469 128 128 128
1.71236 0.0471199 -0.152132 128 128 128
1.70386 0.0259875 -0.151123 128 128 128
1.70604 0.00507779 -0.151347 128 128 128
1.68014 -0.0155582 -0.148431 128 128 128
1.67386 -0.0360326 -0.147758 128 128 128
1.66635 -0.0563193 -0.146973 128 128 128
1.66057 -0.0765231 -0.146412 128 128 128
1.62479 -0.0947851 -0.142486 128 128 128
1.62251 -0.114644 -0.142374 128 128 128
1.61702 -0.134208 -0.141925 128 128 128
1.61031 -0.153557 -0.141364 128 128 128
1.59151 -0.171456 -0.139458 128 128 128
1.57844 -0.189642 -0.138224 128 128 128
1.5691 -0.208066 -0.137439 128 128 128
1.54283 -0.223822 -0.134747 128 128 128
1.54488 -0.243524 -0.135308 128 128 128
1.53296 -0.26094 -0.134298 128 128 128
1.51401 -0.276833 -0.132504 128 128 128
1.50075 -0.293459 -0.131382 128 128 128
1.4912 -0.310622 -0.130709 128 128 128
1.48631 -0.328681 -0.130597 128 128 128
1.47153 -0.344377 -0.129363 128 128 128
1.4643 -0.361687 -0.129027 128 128 128
1.45687 -0.378871 -0.12869 128 128 128
1.44636 -0.395134 -0.128017 128 128 128
1.43568 -0.411196 -0.127344 128 128 128
1.42482 -0.427056 -0.126671 128 128 128
1.41757 -0.44391 -0.126447 128 128 128
1.4073 -0.459717 -0.125886 128 128 128
1.39779 -0.475661 -0.125437 128 128 128
1.38343 -0.489771 -0.124428 128 128 128
1.37638 -0.506365 -0.124316 128 128 128
1.3645 -0.521076 -0.123643 128 128 128
1.35154 -0.535202 -0.122858 128 128 128
1.33845 -0.54909 -0.122072 128 128 128
1.32064 -0.560782 -0.120727 128 128 128
1.30912 -0.574936 -0.120166 128 128 128
1.30016 -0.590131 -0.119941 128 128 128
1.28114 -0.600526 -0.118483 128 128 128
1.27188 -0.615332 -0.118259 128 128 128
1.23849 -0.617954 -0.115006 128 128 128
1.24316 -0.639504 -0.116576 128 128 128
1.23084 -0.652372 -0.116016 128 128 128
1.22448 -0.668385 -0.11624 128 128 128
1.21273 -0.681404 -0.115791 128 128 128
1.20514 -0.696734 -0.115904 128 128 128
1.18882 -0.706878 -0.114894 128 128 128
1.17413 -0.717768 -0.114109 128 128 128
1.15348 -0.724688 -0.112539 128 128 128
1.1345 -0.732292 -0.111193 128 128 128
1.16593 -0.773184 -0.116689 128 128 128
1.13012 -0.769461 -0.113099 128 128 128
1.10352 -0.771267 -0.110744 128 128 128
1.09478 -0.785333 -0.110856 128 128 128
1.07788 -0.793385 -0.109847 128 128 128
1.07043 -0.808356 -0.110183 128 128 128
1.05573 -0.817766 -0.10951 128 128 128
1.04329 -0.828799 -0.109174 128 128 128
1.02843 -0.83776 -0.108501 128 128 128
1.02491 -0.856071 -0.10951 128 128 128
1.00605 -0.861449 -0.108276 128 128 128
0.9887 -0.867811 -0.107267 128 128 128
0.97724 -0.879211 -0.107155 128 128 128
0.962006 -0.887082 -0.106482 128 128 128
0.948887 -0.896767 -0.106145 128 128 128
0.94137 -0.911811 -0.106706 128 128 128
0.923781 -0.916975 -0.105697 128 128 128
0.916626 -0.932506 -0.10637 128 128 128
0.905799 -0.944404 -0.106482 128 128 128
0.875869 -0.935803 -0.103453 128 128 128
0.873668 -0.956783 -0.105024 128 128 128
0.836171 -0.938417 -0.100649 128 128 128
0.844728 -0.97192 -0.104126 128 128 128
0.849384 -1.00197 -0.107043 128 128 128
0.839548 -1.01539 -0.107491 128 128 128
0.827646 -1.02639 -0.107603 128 128 128
0.817436 -1.0396 -0.108052 128 128 128
0.794981 -1.03691 -0.106258 128 128 128
0.78042 -1.04419 -0.105921 128 128 128
0.780947 -1.0722 -0.108501 128 128 128
0.751695 -1.05897 -0.10536 128 128 128
0.726264 -1.0501 -0.102893 128 128 128
0.693982 -1.03002 -0.098967 128 128 128
0.724142 -1.10424 -0.107828 128 128 128
0.700957 -1.09794 -0.105809 128 128 128
0.645685 -1.0388 -0.0968359 128 128 128
0.639537 -1.05772 -0.098294 128 128 128
0.62751 -1.06721 -0.0985183 128 128 128
0.616328 -1.07829 -0.098967 128 128 128
0.630873 -1.13624 -0.105472 128 128 128
0.609847 -1.13076 -0.10379 128 128 128
0.61517 -1.17519 -0.108501 128 128 128
0.598465 -1.17821 -0.10794 128 128 128
0.585708 -1.18904 -0.108389 128 128 128
0.568519 -1.19075 -0.107716 128 128 128
0.551792 -1.19312 -0.107155 128 128 128
0.537513 -1.20071 -0.107267 128 128 128
0.521561 -1.20448 -0.106931 128 128 128
0.503694 -1.20344 -0.106033 128 128 128
0.488149 -1.20769 -0.105809 128 128 128
0.467919 -1.19969 -0.104126 128 128 128
0.410363 -1.22686 -0.104799 128 128 128
0.400991 -1.2498 -0.106931 128 128 128
0.385045 -1.25272 -0.106706 128 128 128
0.370198 -1.25926 -0.106931 128 128 128
0.355249 -1.26563 -0.107155 128 128 128
0.340198 -1.27181 -0.107379 128 128 128
0.324808 -1.27685 -0.107491 128 128 128
0.310726 -1.28751 -0.108276 128 128 128
0.307349 -1.34648 -0.11467 128 128 128
0.291835 -1.35501 -0.115231 128 128 128
0.267016 -1.31756 -0.11052 128 128 128
0.25174 -1.32563 -0.111081 128 128 128
0.235794 -1.33057 -0.111305 128 128 128
0.219924 -1.33631 -0.111641 128 128 128
0.204241 -1.34382 -0.112202 128 128 128
0.188541 -1.35213 -0.112875 128 128 128
0.171812 -1.35336 -0.112763 128 128 128
0.156623 -1.3682 -0.114221 128 128 128
0.140214 -1.37398 -0.11467 128 128 128
0.1236 -1.37857 -0.115006 128 128 128
0.107264 -1.38791 -0.115904 128 128 128
0.0908397 -1.39904 -0.117025 128 128 128
0.0736151 -1.39905 -0.116913 128 128 128
0.0566271 -1.40482 -0.117474 128 128 128
0.0395839 -1.41335 -0.118371 128 128 128
0.0222626 -1.41572 -0.118595 128 128 128
0.00489244 -1.42284 -0.119381 128 128 128
-0.0126146 -1.42677 -0.119829 128 128 128
-0.0302409 -1.43147 -0.12039 128 128 128
-0.0478769 -1.43298 -0.120614 128 128 128
-0.0663241 -1.45015 -0.122633 128 128 128
-0.0844764 -1.45518 -0.123306 128 128 128
-0.102617 -1.458 -0.123755 128 128 128
-0.121178 -1.46455 -0.124652 128 128 128
-0.139432 -1.46592 -0.124989 128 128 128
-0.158281 -1.472 -0.125886 128 128 128
-0.17718 -1.47685 -0.126671 128 128 128
-0.197286 -1.48933 -0.128354 128 128 128
-0.215838 -1.48877 -0.128578 128 128 128
-0.234877 -1.49091 -0.129139 128 128 128
-0.254509 -1.49575 -0.130036 128 128 128
-0.274295 -1.50033 -0.130933 128 128 128
-0.293072 -1.4988 -0.131158 128 128 128
-0.312674 -1.50093 -0.131831 128 128 128
-0.331069 -1.49698 -0.131831 128 128 128
-0.351704 -1.50247 -0.132952 128 128 128
-0.370838 -1.50093 -0.133289 128 128 128
-0.390744 -1.50204 -0.133962 128 128 128
-0.410733 -1.50288 -0.134635 128 128 128
-0.430526 -1.50249 -0.135196 128 128 128
-0.450658 -1.5028 -0.135868 128 128 128
-0.472061 -1.50664 -0.13699 128 128 128
-0.49518 -1.51489 -0.138673 128 128 128
-0.519218 -1.52467 -0.140579 128 128 128
-0.542233 -1.53035 -0.142037 128 128 128
-0.568921 -1.54501 -0.144617 128 128 128
-0.58998 -1.54348 -0.14529 128 128 128
-0.609245 -1.53704 -0.145402 128 128 128
-0.635654 -1.54782 -0.147646 128 128 128
-0.656164 -1.54355 -0.148094 128 128 128
-0.677871 -1.54175 -0.148879 128 128 128
-0.707483 -1.55681 -0.151796 128 128 128
-0.727807 -1.55071 -0.152132 128 128 128
-0.752005 -1.55238 -0.153478 128 128 128
-0.775014 -1.55102 -0.154487 128 128 128
-0.798103 -1.54934 -0.155497 128 128 128
-0.818459 -1.54206 -0.155833 128 128 128
-0.838278 -1.53364 -0.156058 128 128 128
-0.867797 -1.54226 -0.158525 128 128 128
-0.887658 -1.53322 -0.15875 128 128 128
-0.91355 -1.53414 -0.16032 128 128 128
-0.940118 -1.53551 -0.162002 128 128 128
-0.961015 -1.52722 -0.162451 128 128 128
-0.984556 -1.52281 -0.16346 128 128 128
-1.0153 -1.5288 -0.165928 128 128 128
-1.05533 -1.54738 -0.17019 128 128 128
-1.07595 -1.53675 -0.170527 128 128 128
-1.09706 -1.52665 -0.170975 128 128 128
-1.13286 -1.53623 -0.174228 128 128 128
-1.15403 -1.52538 -0.174677 128 128 128
-1.18854 -1.53148 -0.177593 128 128 128
-1.25178 -1.49582 -0.178939 128 128 128
-1.28561 -1.49842 -0.181631 128 128 128
-1.31574 -1.49594 -0.18365 128 128 128
-1.35067 -1.4981 -0.186454 128 128 128
-1.41626 -1.5324 -0.194305 128 128 128
-1.43496 -1.51491 -0.194305 128 128 128
-1.44789 -1.49149 -0.193408 128 128 128
-1.48013 -1.48767 -0.195651 128 128 128
-1.50822 -1.47912 -0.197221 128 128 128
-1.53489 -1.46873 -0.198567 128 128 128
-1.56007 -1.45655 -0.199689 128 128 128
-1.59108 -1.44931 -0.201708 128 128 128
-1.63106 -1.44944 -0.205073 128 128 128
-1.64647 -1.42737 -0.204736 128 128 128
-1.66614 -1.40898 -0.205073 128 128 128
-1.69252 -1.396 -0.206419 128 128 128
-1.7072 -1.37326 -0.206082 128 128 128
-1.89797 -1.17587 -0.210793 128 128 128
-1.908 -1.14993 -0.210232 128 128 128
-1.93305 -1.10129 -0.209896 128 128 128
-2.47545 -1.06737 -0.263061 128 128 128
-2.47735 -1.03234 -0.261715 128 128 128
-2.48153 -0.998536 -0.260706 128 128 128
-3.40208 1.36144 -0.464581 128 128 128
-3.47664 1.44098 -0.478274 128 128 128
-1.20295 0.870894 -0.163344 128 128 128
-1.19615 0.888541 -0.164029 128 128 128
-3.11397 2.68718 -0.526608 128 128 128
-3.0867 2.73044 -0.527704 128 128 128
-2.98972 2.7784 -0.522227 128 128 128
-3.02859 2.88454 -0.536193 128 128 128
-2.97382 2.90282 -0.532496 128 128 128
-2.93237 2.93349 -0.531401 128 128 128
-2.67115 3.17578 -0.531675 128 128 128
-2.6502 3.23052 -0.535646 128 128 128
-2.58002 3.22491 -0.528936 128 128 128
-2.55184 3.27116 -0.531538 128 128 128
-2.5109 3.30144 -0.531401 128 128 128
-2.47905 3.34394 -0.533455 128 128 128
-2.4268 3.35886 -0.530853 128 128 128
-2.37913 3.37948 -0.529347 128 128 128
-2.33299 3.40188 -0.528252 128 128 128
-2.29272 3.43273 -0.528662 128 128 128
-2.25042 3.4606 -0.528662 128 128 128
-2.19878 3.47373 -0.526335 128 128 128
-2.15598 3.50045 -0.526335 128 128 128
-2.11133 3.5241 -0.525924 128 128 128
-2.06893 3.55145 -0.526198 128 128 128
-2.02373 3.57399 -0.525787 128 128 128
-1.97828 3.59595 -0.525376 128 128 128
-0.597247 1.11985 -0.133494 128 128 128
-0.585741 1.13149 -0.134179 128 128 128
-0.598096 1.19079 -0.142257 128 128 128
-1.77685 3.6424 -0.518256 128 128 128
-0.560643 1.1881 -0.139656 128 128 128
-1.68322 3.67681 -0.517024 128 128 128
-1.65363 3.7325 -0.522364 128 128 128
-1.59716 3.72793 -0.518667 128 128 128
-1.55205 3.74908 -0.518941 128 128 128
-1.50004 3.75313 -0.51675 128 128 128
-1.45351 3.77033 -0.516613 128 128 128
-1.40334 3.77767 -0.515107 128 128 128
-1.35721 3.79554 -0.515244 128 128 128
-1.30473 3.79505 -0.512779 128 128 128
-1.2565 3.80607 -0.512094 128 128 128
-1.20641 3.81082 -0.510588 128 128 128
-1.15409 3.80732 -0.507986 128 128 128
-1.10424 3.81074 -0.50648 128 128 128
-1.05449 3.8135 -0.504974 128 128 128
-1.00686 3.82328 -0.504563 128 128 128
-0.951675 3.80268 -0.499908 128 128 128
-0.901045 3.79768 -0.49758 128 128 128
-0.854591 3.80942 -0.497717 128 128 128
-0.796078 3.76439 -0.489912 128 128 128
-0.753691 3.7933 -0.492651 128 128 128
-0.709806 3.81687 -0.494705 128 128 128
-0.661049 3.81456 -0.493199 128 128 128
-0.613244 3.81652 -0.492377 128 128 128
-0.564472 3.81102 -0.490597 128 128 128
-0.516328 3.80784 -0.489228 128 128 128
-0.467133 3.79423 -0.486489 128 128 128
-0.418679 3.78294 -0.484161 128 128 128
-0.371836 3.78385 -0.483614 128 128 128
-0.323842 3.77036 -0.481149 128 128 128
-0.277185 3.76911 -0.480464 128 128 128
-0.229876 3.75542 -0.478137 128 128 128
-0.182751 3.73718 -0.475261 128 128 128
-0.136181 3.72034 -0.47266 128 128 128
-0.0901008 3.70489 -0.470332 128 128 128
-0.044359 3.68393 -0.46732 128 128 128
0.00085349 3.67132 -0.465539 128 128 128
0.0458099 3.66311 -0.464444 128 128 128
0.090299 3.64345 -0.461843 128 128 128
0.134603 3.63118 -0.460336 128 128 128
0.179056 3.62728 -0.460062 128 128 128
0.222646 3.60998 -0.458009 128 128 128
0.26562 3.58919 -0.455544 128 128 128
0.308542 3.57283 -0.453764 128 128 128
0.351102 3.55596 -0.451984 128 128 128
0.39264 3.53268 -0.449382 128 128 128
0.43354 3.50793 -0.446644 128 128 128
0.473758 3.48173 -0.443768 128 128 128
0.514415 3.46194 -0.441851 128 128 128
0.553401 3.43385 -0.438839 128 128 128
0.59279 3.41118 -0.436648 128 128 128
0.628989 3.37346 -0.432403 128 128 128
0.668601 3.35674 -0.431171 128 128 128
0.708103 3.34053 -0.430076 128 128 128
0.746657 3.32096 -0.428569 128 128 128
0.783236 3.2942 -0.426105 128 128 128
0.822399 3.27953 -0.42542 128 128 128
0.855264 3.24141 -0.421449 128 128 128
0.888904 3.20872 -0.4183 128 128 128
0.926006 3.18996 -0.417205 128 128 128
0.958471 3.15655 -0.414055 128 128 128
0.990556 3.12377 -0.411043 128 128 128
1.02353 3.09539 -0.408715 128 128 128
1.05468 3.06293 -0.40584 128 128 128
1.08184 3.02084 -0.401595 128 128 128
1.11469 2.99619 -0.399952 128 128 128
1.14674 2.97027 -0.398172 128 128 128
1.1798 2.9477 -0.39694 128 128 128
1.21399 2.92842 -0.396255 128 128 128
1.24203 2.89509 -0.393516 128 128 128
1.26984 2.86243 -0.390915 128 128 128
1.29621 2.82772 -0.388039 128 128 128
1.32192 2.79279 -0.385164 128 128 128
1.34697 2.75766 -0.382289 128 128 128
1.37091 2.72146 -0.379276 128 128 128
1.39509 2.68684 -0.376538 128 128 128
1.41815 2.65117 -0.373662 128 128 128
1.43816 2.61101 -0.370102 128 128 128
1.45984 2.57506 -0.367227 128 128 128
1.48934 2.55353 -0.366679 128 128 128
1.50987 2.51722 -0.363804 128 128 128
1.53649 2.49175 -0.362708 128 128 128
1.54152 2.43253 -0.356136 128 128 128
1.56801 2.40845 -0.355314 128 128 128
1.5903 2.37832 -0.353534 128 128 128
1.616 2.35372 -0.352713 128 128 128
1.63165 2.31509 -0.349563 128 128 128
1.65471 2.28766 -0.348331 128 128 128
1.6626 2.24013 -0.343675 128 128 128
1.68157 2.20852 -0.341758 128 128 128
1.69758 2.17366 -0.339294 128 128 128
1.70927 2.1341 -0.336008 128 128 128
1.72528 2.10071 -0.333817 128 128 128
1.74646 2.07408 -0.332858 128 128 128
1.75238 2.02998 -0.328751 128 128 128
1.76141 1.99052 -0.325464 128 128 128
1.78105 1.96361 -0.324506 128 128 128
1.80636 1.94306 -0.32478 128 128 128
1.81709 1.90711 -0.322178 128 128 128
1.24964 1.27912 -0.205243 128 128 128
1.27295 1.27139 -0.20675 128 128 128
1.28632 1.2536 -0.206339 128 128 128
1.82383 1.73505 -0.306021 128 128 128
1.83991 1.70781 -0.305062 128 128 128
1.86073 1.68511 -0.305062 128 128 128
1.85901 1.64246 -0.300955 128 128 128
1.87002 1.61176 -0.299311 128 128 128
1.88663 1.58613 -0.298764 128 128 128
1.88834 1.54841 -0.295614 128 128 128
1.90256 1.5214 -0.294793 128 128 128
1.91172 1.49063 -0.29315 128 128 128
1.9204 1.45986 -0.291507 128 128 128
1.92147 1.42379 -0.288631 128 128 128
1.92435 1.38965 -0.286167 128 128 128
0.956526 0.672217 -0.119665 128 128 128
1.25056 0.856607 -0.167589 128 128 128
1.26592 0.844499 -0.16841 128 128 128
1.29114 0.838625 -0.170875 128 128 128
1.92309 1.21656 -0.272611 128 128 128
1.91764 1.18039 -0.269325 128 128 128
1.92094 1.15015 -0.267545 128 128 128
1.92378 1.12001 -0.265765 128 128 128
1.93135 1.09289 -0.264806 128 128 128
1.92118 1.05621 -0.261109 128 128 128
1.91653 1.02322 -0.258371 128 128 128
1.92366 0.996882 -0.257549 128 128 128
1.9331 0.971864 -0.257138 128 128 128
1.91818 0.935031 -0.253031 128 128 128
1.91876 0.906337 -0.251387 128 128 128
1.91083 0.874058 -0.248512 128 128 128
1.91416 0.847331 -0.247417 128 128 128
1.91076 0.817922 -0.245363 128 128 128
1.91333 0.791378 -0.244267 128 128 128
1.91095 0.763056 -0.242487 128 128 128
1.90445 0.733486 -0.240159 128 128 128
1.87896 0.697285 -0.235093 128 128 128
1.87712 0.670503 -0.233587 128 128 128
1.88146 0.646128 -0.233039 128 128 128
1.8836 0.621126 -0.232218 128 128 128
1.88258 0.595271 -0.230985 128 128 128
1.87742 0.568384 -0.229205 128 128 128
1.88235 0.54475 -0.228932 128 128 128
1.87553 0.517909 -0.227015 128 128 128
1.88653 0.496118 -0.227699 128 128 128
1.85789 0.46426 -0.22277 128 128 128
1.85477 0.439365 -0.221538 128 128 128
1.84456 0.413096 -0.219347 128 128 128
1.83883 0.388171 -0.217841 128 128 128
1.83763 0.364417 -0.217019 128 128 128
1.81469 0.336758 -0.213185 128 128 128
1.8021 0.311583 -0.210857 128 128 128
1.80285 0.288972 -0.210447 128 128 128
1.77981 0.262899 -0.20675 128 128 128
1.76916 0.23917 -0.204833 128 128 128
1.75131 0.214892 -0.201957 128 128 128
1.75579 0.193604 -0.202231 128 128 128
1.73832 0.170098 -0.199492 128 128 128
1.7383 0.148584 -0.199219 128 128 128
1.73505 0.126876 -0.198534 128 128 128
1.72857 0.105087 -0.197439 128 128 128
1.72082 0.0834287 -0.196206 128 128 128
1.7237 0.0623785 -0.19648 128 128 128
1.70552 0.040757 -0.193879 128 128 128
1.69598 0.0197018 -0.192509 128 128 128
1.68718 -0.00111321 -0.191277 128 128 128
1.67516 -0.0216731 -0.189634 128 128 128
1.66882 -0.0420832 -0.188812 128 128 128
1.66224 -0.062341 -0.187991 128 128 128
1.64354 -0.081862 -0.185526 128 128 128
1.64736 -0.102328 -0.186211 128 128 128
1.61733 -0.120426 -0.18224 128 128 128
1.60981 -0.139755 -0.181418 128 128 128
1.60304 -0.159014 -0.180734 128 128 128
1.59309 -0.177802 -0.179638 128 128 128
1.57604 -0.195521 -0.177584 128 128 128
1.56567 -0.213781 -0.176489 128 128 128
1.55705 -0.232107 -0.175667 128 128 128
1.52964 -0.247266 -0.172244 128 128 128
1.53039 -0.266696 -0.172792 128 128 128
1.51726 -0.283644 -0.171423 128 128 128
1.50881 -0.301276 -0.170738 128 128 128
1.49531 -0.317718 -0.169369 128 128 128
1.4826 -0.334092 -0.168136 128 128 128
1.4755 -0.351574 -0.167726 128 128 128
1.46723 -0.368692 -0.167178 128 128 128
1.46259 -0.38667 -0.167178 128 128 128
1.44628 -0.40142 -0.165535 128 128 128
1.43839 -0.41831 -0.165124 128 128 128
1.4322 -0.435643 -0.164987 128 128 128
1.42297 -0.451989 -0.164439 128 128 128
1.41355 -0.468175 -0.163892 128 128 128
1.40489 -0.484519 -0.163481 128 128 128
1.39324 -0.499722 -0.162659 128 128 128
1.37308 -0.511606 -0.160606 128 128 128
1.363 -0.526992 -0.160058 128 128 128
1.35459 -0.542943 -0.159784 128 128 128
1.34233 -0.557251 -0.158962 128 128 128
1.32811 -0.57056 -0.157867 128 128 128
1.30108 -0.577986 -0.154855 128 128 128
1.29389 -0.593909 -0.154855 128 128 128
1.28651 -0.609743 -0.154855 128 128 128
1.27092 -0.621575 -0.153622 128 128 128
1.26231 -0.636679 -0.153485 128 128 128
1.25264 -0.651209 -0.153212 128 128 128
1.24193 -0.665131 -0.152801 128 128 128
1.23108 -0.678889 -0.15239 128 128 128
1.21834 -0.691505 -0.151705 128 128 128
1.20206 -0.701915 -0.150473 128 128 128
1.2044 -0.723233 -0.152253 128 128 128
1.16507 -0.719255 -0.147324 128 128 128
1.157 -0.734028 -0.147461 128 128 128
1.14292 -0.74493 -0.146639 128 128 128
1.13369 -0.758899 -0.146639 128 128 128
1.12184 -0.771073 -0.146228 128 128 128
1.11068 -0.783641 -0.145954 128 128 128
1.09777 -0.794891 -0.145407 128 128 128
1.08713 -0.807713 -0.14527 128 128 128
1.0732 -0.817994 -0.144585 128 128 128
1.05527 -0.825009 -0.143216 128 128 128
1.04197 -0.835421 -0.142668 128 128 128
1.03011 -0.846888 -0.142394 128 128 128
1.01812 -0.85819 -0.142121 128 128 128
1.00151 -0.865444 -0.141025 128 128 128
0.990075 -0.877013 -0.140888 128 128 128
0.97777 -0.887767 -0.140614 128 128 128
0.965351 -0.89835 -0.14034 128 128 128
0.951384 -0.907397 -0.139793 128 128 128
0.937341 -0.916237 -0.139245 128 128 128
0.896604 -0.898256 -0.133494 128 128 128
0.912497 -0.936838 -0.138834 128 128 128
0.893418 -0.940074 -0.137328 128 128 128
0.877094 -0.945887 -0.13637 128 128 128
0.880058 -0.972725 -0.139382 128 128 128
0.881836 -0.999033 -0.142257 128 128 128
0.863686 -1.00303 -0.141025 128 128 128
0.850675 -1.0128 -0.140888 128 128 128
0.833782 -1.0178 -0.13993 128 128 128
0.830516 -1.03955 -0.141984 128 128 128
0.79941 -1.02624 -0.137876 128 128 128
0.787356 -1.03676 -0.138013 128 128 128
0.773984 -1.04555 -0.137876 128 128 128
0.780248 -1.08146 -0.142394 128 128 128
0.749233 -1.06585 -0.13815 128 128 128
0.732173 -1.06925 -0.137191 128 128 128
0.701933 -1.05262 -0.132946 128 128 128
0.685181 -1.05534 -0.131988 128 128 128
0.673769 -1.06618 -0.132399 128 128 128
0.661154 -1.07521 -0.132536 128 128 128
0.64791 -1.08325 -0.132536 128 128 128
0.636065 -1.09368 -0.132946 128 128 128
0.625038 -1.10571 -0.133631 128 128 128
0.628143 -1.14367 -0.138424 128 128 128
0.617798 -1.15828 -0.139519 128 128 128
0.605363 -1.16929 -0.140067 128 128 128
0.594977 -1.1846 -0.141299 128 128 128
0.576484 -1.1838 -0.140067 128 128 128
0.560219 -1.1872 -0.139519 128 128 128
0.544783 -1.19219 -0.139245 128 128 128
0.530112 -1.19878 -0.139245 128 128 128
0.5138 -1.20156 -0.138697 128 128 128
0.486123 -1.17666 -0.134042 128 128 128
0.429137 -1.20282 -0.13459 128 128 128
0.427239 -1.24546 -0.140067 128 128 128
0.411923 -1.25061 -0.140067 128 128 128
0.397443 -1.25841 -0.140477 128 128 128
0.381683 -1.26224 -0.14034 128 128 128
0.366441 -1.26778 -0.140477 128 128 128
0.352706 -1.27887 -0.141436 128 128 128
0.340774 -1.29747 -0.14349 128 128 128
0.3347 -1.34094 -0.149104 128 128 128
0.309975 -1.31026 -0.144174 128 128 128
0.291919 -1.30526 -0.142942 128 128 128
0.277727 -1.31747 -0.144174 128 128 128
0.261732 -1.32175 -0.144311 128 128 128
0.246037 -1.32778 -0.144722 128 128 128
0.230063 -1.33265 -0.144996 128 128 128
0.214637 -1.34124 -0.145818 128 128 128
0.199907 -1.35554 -0.147461 128 128 128
0.183658 -1.36083 -0.147871 128 128 128
0.167673 -1.36888 -0.148693 128 128 128
0.151737 -1.37871 -0.149788 128 128 128
0.134904 -1.38146 -0.149925 128 128 128
0.118707 -1.39189 -0.151158 128 128 128
0.102055 -1.39917 -0.151979 128 128 128
0.0850604 -1.40328 -0.15239 128 128 128
0.0681259 -1.41016 -0.153212 128 128 128
0.0509989 -1.41584 -0.153896 128 128 128
0.0336451 -1.41735 -0.154033 128 128 128
0.0164338 -1.43251 -0.156087 128 128 128
-0.00114693 -1.42963 -0.155676 128 128 128
-0.018883 -1.44536 -0.157867 128 128 128
-0.0364975 -1.44007 -0.157182 128 128 128
-0.0547479 -1.45535 -0.159373 128 128 128
-0.0726031 -1.45457 -0.159373 128 128 128
-0.0913566 -1.4684 -0.161427 128 128 128
-0.109587 -1.47013 -0.161838 128 128 128
-0.127875 -1.47163 -0.162249 128 128 128
-0.146506 -1.47587 -0.16307 128 128 128
-0.165588 -1.48282 -0.164303 128 128 128
-0.184862 -1.48953 -0.165535 128 128 128
-0.203526 -1.49009 -0.165946 128 128 128
-0.222668 -1.49336 -0.166767 128 128 128
-0.24192 -1.49638 -0.167589 128 128 128
-0.26128 -1.49916 -0.16841 128 128 128
-0.279839 -1.49681 -0.168547 128 128 128
-0.299152 -1.49812 -0.169232 128 128 128
-0.318539 -1.49919 -0.169916 128 128 128
-0.337563 -1.49806 -0.170327 128 128 128
-0.357293 -1.49959 -0.171149 128 128 128
-0.377112 -1.50086 -0.17197 128 128 128
-0.39752 -1.50378 -0.173066 128 128 128
-0.417528 -1.50452 -0.173887 128 128 128
-0.442854 -1.52307 -0.17731 128 128 128
-0.465822 -1.53174 -0.179364 128 128 128
-0.486677 -1.53252 -0.180323 128 128 128
-0.507311 -1.53207 -0.181144 128 128 128
-0.527362 -1.52948 -0.181692 128 128 128
-0.551429 -1.53781 -0.183883 128 128 128
-0.576469 -1.54765 -0.186348 128 128 128
-0.599338 -1.55062 -0.187854 128 128 128
-0.620895 -1.54959 -0.188812 128 128 128
-0.644412 -1.55284 -0.190455 128 128 128
-0.66693 -1.55301 -0.191688 128 128 128
-0.689951 -1.55376 -0.193057 128 128 128
-0.716389 -1.56139 -0.195522 128 128 128
-0.737613 -1.55696 -0.196206 128 128 128
-0.756663 -1.54779 -0.196206 128 128 128
-0.780053 -1.54724 -0.197576 128 128 128
-0.801261 -1.54194 -0.19826 128 128 128
-0.830394 -1.55122 -0.201273 128 128 128
-0.848412 -1.53917 -0.200999 128 128 128
-0.871629 -1.5364 -0.202231 128 128 128
-0.892911 -1.52987 -0.202916 128 128 128
-0.925874 -1.54259 -0.20675 128 128 128
-0.953047 -1.54461 -0.20894 128 128 128
-0.964512 -1.52108 -0.207023 128 128 128
-0.95016 -1.45847 -0.198671 128 128 128
-0.969087 -1.44835 -0.198945 128 128 128
-1.22036 -1.52307 -0.227836 128 128 128
-1.24964 -1.52099 -0.230164 128 128 128
-1.28096 -1.52071 -0.232902 128 128 128
-1.29565 -1.50037 -0.232081 128 128 128
-1.34021 -1.51404 -0.237558 128 128 128
-1.36334 -1.50262 -0.238516 128 128 128
-1.40257 -1.50828 -0.242761 128 128 128
-1.41893 -1.4888 -0.24235 128 128 128
-1.44608 -1.4805 -0.24413 128 128 128
-1.46975 -1.46824 -0.245226 128 128 128
-1.51317 -1.475 -0.250155 128 128 128
-2.13725 -1.17517 -0.295204 128 128 128
-2.14365 -1.14465 -0.293971 128 128 128
-2.1189 -1.06542 -0.285893 128 128 128
-2.13181 -1.03933 -0.285893 128 128 128
-2.17395 -1.02708 -0.290411 128 128 128
-2.21521 -1.01353 -0.294793 128 128 128
-1.60857 0.336831 -0.224801 128 128 128
-3.69532 1.52728 -0.607921 128 128 128
-2.94789 1.26008 -0.478983 128 128 128
-3.63326 1.60711 -0.603746 128 128 128
-3.62224 1.65568 -0.605352 128 128 128
-1.09878 0.89699 -0.18819 128 128 128
-1.11412 0.932654 -0.19381 128 128 128
-2.72428 3.15349 -0.635379 128 128 128
-2.68665 3.18819 -0.6357 128 128 128
-2.64231 3.21482 -0.634415 128 128 128
-2.452 3.30095 -0.626387 128 128 128
-2.40206 3.31799 -0.623818 128 128 128
-2.37195 3.36255 -0.626869 128 128 128
-2.3333 3.39548 -0.627671 128 128 128
-2.28543 3.41483 -0.625905 128 128 128
-2.25411 3.45916 -0.629117 128 128 128
-2.21994 3.49991 -0.631686 128 128 128
-2.15457 3.49075 -0.624781 128 128 128
-2.107 3.50931 -0.623336 128 128 128
-2.06726 3.54087 -0.62446 128 128 128
-2.02268 3.56425 -0.624139 128 128 128
-1.97736 3.58621 -0.623657 128 128 128
-0.603508 1.12122 -0.164587 128 128 128
-0.600154 1.1487 -0.16828 128 128 128
-0.58202 1.14804 -0.166835 128 128 128
-1.77261 3.6248 -0.613862 128 128 128
-0.566747 1.18964 -0.171812 128 128 128
-1.68353 3.66811 -0.614023 128 128 128
-1.64559 3.70474 -0.616913 128 128 128
-1.60233 3.7301 -0.617877 128 128 128
-1.55115 3.73671 -0.615629 128 128 128
-1.50115 3.74538 -0.613862 128 128 128
-1.45614 3.76628 -0.614344 128 128 128
-1.40603 3.77369 -0.612578 128 128 128
-1.35364 3.77393 -0.609688 128 128 128
-1.30402 3.78093 -0.608082 128 128 128
-1.25381 3.7854 -0.606155 128 128 128
-1.20726 3.8005 -0.606155 128 128 128
-1.15108 3.78386 -0.600856 128 128 128
-1.10484 3.79864 -0.601017 128 128 128
-1.05393 3.79669 -0.598448 128 128 128
-1.00123 3.78643 -0.594594 128 128 128
-0.95181 3.78695 -0.592667 128 128 128
-0.904583 3.79546 -0.592185 128 128 128
-0.855995 3.79761 -0.59074 128 128 128
-0.807898 3.80107 -0.589616 128 128 128
-0.759269 3.80101 -0.588011 128 128 128
-0.709319 3.79258 -0.58512 128 128 128
-0.663231 3.80391 -0.585602 128 128 128
-0.613056 3.79033 -0.582069 128 128 128
-0.565774 3.79268 -0.581267 128 128 128
-0.517598 3.7876 -0.57934 128 128 128
-0.469873 3.78387 -0.577734 128 128 128
-0.422426 3.78052 -0.576289 128 128 128
-0.374071 3.76578 -0.573078 128 128 128
-0.32631 3.75238 -0.570187 128 128 128
-0.278935 3.73839 -0.567297 128 128 128
-0.232255 3.72872 -0.56521 128 128 128
-0.185516 3.71157 -0.561998 128 128 128
-0.139269 3.69483 -0.558947 128 128 128
-0.0933168 3.67159 -0.554933 128 128 128
-0.0480752 3.65766 -0.552525 128 128 128
-0.00318913 3.64613 -0.550598 128 128 128
0.041567 3.64688 -0.550758 128 128 128
0.0860967 3.63721 -0.549313 128 128 128
0.130213 3.62207 -0.547065 128 128 128
0.174165 3.61034 -0.545459 128 128 128
0.216877 3.58232 -0.541285 128 128 128
0.259947 3.56758 -0.539358 128 128 128
0.302689 3.55232 -0.537431 128 128 128
0.344804 3.5336 -0.535022 128 128 128
0.385634 3.50654 -0.531329 128 128 128
0.425973 3.48 -0.527797 128 128 128
0.466916 3.46179 -0.525709 128 128 128
0.506751 3.43823 -0.522819 128 128 128
0.544352 3.40349 -0.518162 128 128 128
0.584557 3.3878 -0.516717 128 128 128
0.622831 3.36291 -0.513827 128 128 128
0.662124 3.34533 -0.512221 128 128 128
0.699852 3.32151 -0.509652 128 128 128
0.736663 3.29533 -0.506762 128 128 128
0.776134 3.28221 -0.50612 128 128 128
0.809392 3.24467 -0.501463 128 128 128
0.843861 3.21445 -0.498091 128 128 128
0.879819 3.19149 -0.496004 128 128 128
0.912314 3.1577 -0.49215 128 128 128
0.945261 3.12738 -0.488939 128 128 128
0.9779 3.09767 -0.485888 128 128 128
1.01088 3.07044 -0.483319 128 128 128
1.03788 3.027 -0.47802 128 128 128
1.07196 3.00568 -0.476575 128 128 128
1.1036 2.97842 -0.474166 128 128 128
1.13509 2.95176 -0.471918 128 128 128
1.16756 2.92845 -0.470313 128 128 128
1.19509 2.89384 -0.46678 128 128 128
1.22351 2.86263 -0.46389 128 128 128
1.25014 2.82845 -0.460518 128 128 128
1.28147 2.80572 -0.459233 128 128 128
1.30567 2.76837 -0.455379 128 128 128
1.33478 2.74238 -0.453613 128 128 128
1.35857 2.7064 -0.450081 128 128 128
1.38667 2.67989 -0.448314 128 128 128
1.39851 2.6235 -0.441089 128 128 128
1.42584 2.5975 -0.439483 128 128 128
1.45079 2.56778 -0.437235 128 128 128
1.47672 2.54041 -0.435469 128 128 128
1.50423 2.51617 -0.434345 128 128 128
1.52257 2.47736 -0.430491 128 128 128
1.54968 2.45348 -0.429528 128 128 128
1.5576 2.40036 -0.422944 128 128 128
1.582 2.37368 -0.421499 128 128 128
1.59537 2.33131 -0.417003 128 128 128
1.61135 2.2938 -0.413471 128 128 128
1.62434 2.25306 -0.409296 128 128 128
1.64187 2.21948 -0.406566 128 128 128
1.6636 2.1921 -0.405121 128 128 128
1.67762 2.15518 -0.401749 128 128 128
1.69345 2.12133 -0.399019 128 128 128
1.71122 2.09048 -0.396932 128 128 128
1.73102 2.06252 -0.395487 128 128 128
1.74653 2.02992 -0.393078 128 128 128
1.76346 1.99946 -0.391151 128 128 128
1.77858 1.96743 -0.388903 128 128 128
1.77773 1.91871 -0.382962 128 128 128
1.79842 1.89389 -0.38232 128 128 128
1.26098 1.29746 -0.251776 128 128 128
1.26006 1.26514 -0.247923 128 128 128
1.29033 1.26406 -0.251295 128 128 128
1.81553 1.73328 -0.365781 128 128 128
1.83161 1.70617 -0.364657 128 128 128
1.84289 1.67495 -0.36257 128 128 128
1.83817 1.62998 -0.35711 128 128 128
1.83261 1.58539 -0.351651 128 128 128
1.29069 1.09074 -0.232347 128 128 128
1.26963 1.04665 -0.225122 128 128 128
1.26388 1.01619 -0.221268 128 128 128
1.26848 0.994537 -0.219662 128 128 128
1.26801 0.969336 -0.217093 128 128 128
1.26316 0.941359 -0.213721 128 128 128
1.24982 0.907868 -0.208743 128 128 128
1.23665 0.875418 -0.203926 128 128 128
1.24405 0.857944 -0.203284 128 128 128
1.24381 0.835486 -0.201197 128 128 128
1.28128 0.837916 -0.206496 128 128 128
1.87443 1.19111 -0.318734 128 128 128
1.90151 1.17579 -0.321143 128 128 128
1.90141 1.14374 -0.318413 128 128 128
1.91444 1.11982 -0.318252 128 128 128
1.90829 1.08506 -0.314559 128 128 128
1.91281 1.0568 -0.312954 128 128 128
1.91867 1.02953 -0.311669 128 128 128
1.91802 0.999092 -0.309261 128 128 128
1.91603 0.968383 -0.306691 128 128 128
1.92776 0.944797 -0.306691 128 128 128
1.92851 0.916008 -0.304765 128 128 128
1.91178 0.879537 -0.299787 128 128 128
1.90258 0.847215 -0.296254 128 128 128
1.9092 0.822249 -0.295612 128 128 128
1.88358 0.784035 -0.28935 128 128 128
1.88206 0.756466 -0.287423 128 128 128
1.88107 0.729408 -0.285657 128 128 128
1.88063 0.702833 -0.284051 128 128 128
1.8761 0.675049 -0.281803 128 128 128
1.87491 0.648767 -0.280197 128 128 128
1.87242 0.622307 -0.278431 128 128 128
1.87709 0.598388 -0.277949 128 128 128
1.86729 0.570155 -0.275059 128 128 128
1.86561 0.544725 -0.273614 128 128 128
1.84933 0.515477 -0.26976 128 128 128
1.85265 0.49199 -0.269278 128 128 128
1.84131 0.464905 -0.266388 128 128 128
1.83439 0.439313 -0.264301 128 128 128
1.83579 0.415904 -0.263659 128 128 128
1.82145 0.389261 -0.260447 128 128 128
1.82125 0.365918 -0.259644 128 128 128
1.7994 0.338669 -0.255309 128 128 128
1.79369 0.314876 -0.253703 128 128 128
1.77891 0.289866 -0.250652 128 128 128
1.7755 0.267002 -0.249528 128 128 128
1.74636 0.240817 -0.24423 128 128 128
1.74821 0.219248 -0.244069 128 128 128
1.73703 0.196258 -0.241821 128 128 128
1.72654 0.173673 -0.239734 128 128 128
1.72657 0.152303 -0.239412 128 128 128
1.72437 0.130815 -0.23877 128 128 128
1.71895 0.109222 -0.237646 128 128 128
1.70833 0.0875408 -0.235719 128 128 128
1.70238 0.0663176 -0.234595 128 128 128
1.70405 0.0454458 -0.234756 128 128 128
1.68375 0.0242813 -0.231384 128 128 128
1.67504 0.00361916 -0.229939 128 128 128
1.66805 -0.0168501 -0.228815 128 128 128
1.65982 -0.0371229 -0.22753 128 128 128
1.6553 -0.0573425 -0.226888 128 128 128
1.62391 -0.0761432 -0.22191 128 128 128
1.62482 -0.0961867 -0.222231 128 128 128
1.60482 -0.114735 -0.219181 128 128 128
1.59837 -0.133995 -0.218378 128 128 128
1.5858 -0.152533 -0.216611 128 128 128
1.574 -0.170892 -0.215006 128 128 128
1.56395 -0.189226 -0.213721 128 128 128
1.55075 -0.20694 -0.211955 128 128 128
1.54126 -0.22494 -0.210831 128 128 128
1.52669 -0.241952 -0.208904 128 128 128
1.51777 -0.259655 -0.207941 128 128 128
1.50574 -0.276633 -0.206496 128 128 128
1.49545 -0.29374 -0.205372 128 128 128
1.48691 -0.311047 -0.204569 128 128 128
1.48105 -0.328837 -0.204248 128 128 128
1.47306 -0.346074 -0.203605 128 128 128
1.46296 -0.362684 -0.202642 128 128 128
1.45077 -0.378596 -0.201357 128 128 128
1.44411 -0.395843 -0.201036 128 128 128
1.43535 -0.412435 -0.200394 128 128 128
1.42074 -0.42715 -0.198788 128 128 128
1.40692 -0.441868 -0.197343 128 128 128
1.39858 -0.45817 -0.196861 128 128 128
1.39005 -0.474335 -0.19638 128 128 128
1.37019 -0.486366 -0.193971 128 128 128
1.36134 -0.502112 -0.193489 128 128 128
1.35232 -0.517713 -0.193008 128 128 128
1.33486 -0.529869 -0.191081 128 128 128
1.32553 -0.545076 -0.190599 128 128 128
1.3142 -0.559356 -0.189796 128 128 128
1.29912 -0.57184 -0.188351 128 128 128
1.292 -0.587739 -0.188351 128 128 128
1.28112 -0.601861 -0.187709 128 128 128
1.25679 -0.609307 -0.184658 128 128 128
1.24481 -0.622464 -0.183855 128 128 128
1.22394 -0.630872 -0.181447 128 128 128
1.22568 -0.650964 -0.183213 128 128 128
1.21587 -0.665004 -0.182892 128 128 128
1.20332 -0.677441 -0.182089 128 128 128
1.18298 -0.685196 -0.179841 128 128 128
1.17025 -0.697123 -0.179038 128 128 128
1.16161 -0.711431 -0.179038 128 128 128
1.14779 -0.722463 -0.178075 128 128 128
1.13139 -0.731648 -0.176629 128 128 128
1.11987 -0.743831 -0.176148 128 128 128
1.10821 -0.755842 -0.175666 128 128 128
1.11176 -0.778481 -0.178235 128 128 128
1.08613 -0.780498 -0.175024 128 128 128
1.07489 -0.792591 -0.174703 128 128 128
1.06351 -0.804527 -0.174381 128 128 128
1.05044 -0.815087 -0.173739 128 128 128
1.03805 -0.826066 -0.173257 128 128 128
1.02631 -0.837489 -0.172936 128 128 128
1.00991 -0.844935 -0.171652 128 128 128
0.997974 -0.855975 -0.171331 128 128 128
0.990352 -0.870773 -0.171973 128 128 128
0.976667 -0.880209 -0.171331 128 128 128
0.9629 -0.88944 -0.170688 128 128 128
0.952628 -0.90187 -0.170849 128 128 128
0.941488 -0.913493 -0.170849 128 128 128
0.927416 -0.922185 -0.170207 128 128 128
0.919476 -0.937029 -0.171009 128 128 128
0.909269 -0.949672 -0.171331 128 128 128
0.894188 -0.957142 -0.170528 128 128 128
0.876411 -0.96146 -0.169083 128 128 128
0.843629 -0.948477 -0.163944 128 128 128
0.817102 -0.941565 -0.160251 128 128 128
0.809933 -0.956809 -0.161375 128 128 128
0.836317 -1.01323 -0.17117 128 128 128
0.829986 -1.03112 -0.172776 128 128 128
0.808164 -1.02955 -0.170367 128 128 128
0.793676 -1.03704 -0.169885 128 128 128
0.78089 -1.0467 -0.169885 128 128 128
0.767987 -1.0562 -0.169885 128 128 128
0.754968 -1.06555 -0.169885 128 128 128
0.74016 -1.07229 -0.169404 128 128 128
0.734621 -1.09278 -0.171652 128 128 128
0.712546 -1.08848 -0.169083 128 128 128
0.721306 -1.13217 -0.175827 128 128 128
0.67889 -1.09471 -0.166995 128 128 128
0.670985 -1.11227 -0.168761 128 128 128
0.663247 -1.13066 -0.170688 128 128 128
0.644459 -1.13012 -0.169083 128 128 128
0.631494 -1.13967 -0.169404 128 128 128
0.617461 -1.14734 -0.169404 128 128 128
0.602426 -1.15308 -0.169083 128 128 128
0.585125 -1.15421 -0.167959 128 128 128
0.57135 -1.16219 -0.168119 128 128 128
0.556623 -1.16822 -0.167959 128 128 128
0.543067 -1.17676 -0.16828 128 128 128
0.529785 -1.18604 -0.168761 128 128 128
0.516745 -1.19608 -0.169404 128 128 128
0.502406 -1.20325 -0.169564 128 128 128
0.487969 -1.21024 -0.169725 128 128 128
0.471306 -1.21153 -0.168922 128 128 128
0.456746 -1.21815 -0.169083 128 128 128
0.442428 -1.22552 -0.169404 128 128 128
0.374604 -1.22214 -0.16539 128 128 128
0.369742 -1.26172 -0.171331 128 128 128
0.354231 -1.26616 -0.171331 128 128 128
0.339421 -1.27328 -0.171812 128 128 128
0.32353 -1.27639 -0.171652 128 128 128
0.310349 -1.29083 -0.173418 128 128 128
0.295133 -1.29743 -0.1739 128 128 128
0.27776 -1.29419 -0.172776 128 128 128
0.269167 -1.33429 -0.178877 128 128 128
0.259991 -1.37631 -0.1853 128 128 128
0.233139 -1.32202 -0.175827 128 128 128
0.218933 -1.33745 -0.177914 128 128 128
0.202649 -1.34101 -0.178075 128 128 128
0.18631 -1.34437 -0.178235 128 128 128
0.170643 -1.35342 -0.179359 128 128 128
0.154456 -1.35933 -0.180001 128 128 128
0.138053 -1.36407 -0.180483 128 128 128
0.122063 -1.37451 -0.181928 128 128 128
0.105766 -1.38378 -0.183213 128 128 128
0.0890783 -1.3899 -0.184016 128 128 128
0.07216 -1.39385 -0.184497 128 128 128
0.0553026 -1.40153 -0.185621 128 128 128
0.0383396 -1.41197 -0.187227 128 128 128
0.0209977 -1.41135 -0.187066 128 128 128
0.00367321 -1.4273 -0.189636 128 128 128
-0.0138545 -1.42822 -0.189796 128 128 128
-0.0314044 -1.42893 -0.189957 128 128 128
-0.049193 -1.43534 -0.191081 128 128 128
-0.0672409 -1.4435 -0.192526 128 128 128
-0.0853143 -1.44848 -0.193489 128 128 128
-0.103229 -1.44929 -0.19381 128 128 128
-0.121855 -1.45775 -0.195416 128 128 128
-0.140801 -1.46695 -0.197182 128 128 128
-0.159446 -1.471 -0.198146 128 128 128
-0.178333 -1.47579 -0.19927 128 128 128
-0.197228 -1.47935 -0.200233 128 128 128
-0.215802 -1.47975 -0.200715 128 128 128
-0.235201 -1.48479 -0.202 128 128 128
-0.255093 -1.49151 -0.203605 128 128 128
-0.273196 -1.4873 -0.203445 128 128 128
-0.292198 -1.48771 -0.204087 128 128 128
-0.311456 -1.48884 -0.20489 128 128 128
-0.331651 -1.49357 -0.206335 128 128 128
-0.354292 -1.50763 -0.209386 128 128 128
-0.373246 -1.50509 -0.209707 128 128 128
-0.392443 -1.50326 -0.210189 128 128 128
-0.412705 -1.50499 -0.211313 128 128 128
-0.434719 -1.51213 -0.2134 128 128 128
-0.45697 -1.51896 -0.215487 128 128 128
-0.481839 -1.533 -0.218859 128 128 128
-0.503404 -1.5354 -0.220305 128 128 128
-0.52542 -1.53844 -0.22191 128 128 128
-0.546922 -1.53931 -0.223195 128 128 128
-0.567835 -1.53804 -0.224158 128 128 128
-0.59413 -1.55029 -0.22753 128 128 128
-0.614943 -1.54746 -0.228333 128 128 128
-0.637666 -1.54892 -0.229939 128 128 128
-0.660905 -1.55096 -0.231705 128 128 128
-0.68389 -1.55175 -0.233311 128 128 128
-0.706582 -1.55132 -0.234756 128 128 128
-0.731899 -1.55591 -0.237164 128 128 128
-0.753103 -1.55125 -0.237967 128 128 128
-0.774746 -1.54718 -0.238931 128 128 128
-0.795493 -1.54106 -0.239573 128 128 128
-0.817137 -1.5364 -0.240536 128 128 128
-0.843547 -1.54009 -0.243106 128 128 128
-0.866763 -1.53735 -0.244551 128 128 128
-0.88805 -1.53087 -0.245354 128 128 128
-0.91083 -1.52662 -0.246638 128 128 128
-0.945034 -1.54054 -0.251455 128 128 128
-0.960698 -1.52382 -0.250492 128 128 128
-0.976095 -1.50695 -0.249528 128 128 128
-0.968733 -1.4563 -0.241982 128 128 128
-0.986531 -1.4443 -0.241982 128 128 128
-1.07411 -1.53133 -0.261732 128 128 128
-1.10092 -1.52923 -0.26398 128 128 128
-1.13371 -1.53463 -0.267833 128 128 128
-1.16322 -1.53474 -0.270724 128 128 128
-1.18258 -1.52112 -0.270884 128 128 128
-1.20054 -1.50573 -0.270724 128 128 128
-1.21141 -1.48173 -0.268797 128 128 128
-1.25747 -1.49997 -0.275862 128 128 128
-1.28803 -1.49863 -0.278913 128 128 128
-1.31221 -1.48936 -0.280358 128 128 128
-1.35227 -1.49728 -0.285657 128 128 128
-1.37121 -1.48129 -0.285817 128 128 128
-1.44102 -1.51867 -0.298021 128 128 128
-1.45886 -1.50017 -0.29786 128 128 128
-1.48205 -1.48704 -0.298984 128 128 128
-1.51008 -1.47838 -0.301232 128 128 128
-1.53597 -1.46723 -0.302998 128 128 128
-1.57267 -1.46573 -0.307173 128 128 128
-1.60151 -1.45626 -0.309582 128 128 128
-1.61778 -1.43519 -0.309261 128 128 128
-1.60945 -1.35884 -0.300108 128 128 128
-1.60235 -1.31959 -0.29513 128 128 128
-1.62627 -1.24179 -0.290313 128 128 128
-1.7183 -1.27875 -0.305889 128 128 128
-1.80402 -1.11574 -0.302517 128 128 128
-1.95729 -1.17722 -0.329011 128 128 128
-2.14172 -0.953159 -0.338805 128 128 128
-2.54476 -1.05774 -0.405763 128 128 128
-2.5438 -1.02093 -0.403355 128 128 128
-2.55982 -0.991061 -0.403997 128 128 128
-2.39362 3.39754 -0.741234 128 128 128
-2.34674 3.41937 -0.739564 128 128 128
-2.30077 3.44219 -0.738266 128 128 128
-2.25836 3.47017 -0.738266 128 128 128
-2.21298 3.49347 -0.737339 128 128 128
-2.17922 3.53542 -0.740677 128 128 128
-2.12455 3.54336 -0.736597 128 128 128
-2.06358 3.53946 -0.730104 128 128 128
-2.02047 3.56537 -0.73029 128 128 128
-0.618851 1.12589 -0.199217 128 128 128
-0.607306 1.13773 -0.200145 128 128 128
-0.577445 1.11457 -0.193652 128 128 128
-1.81833 3.61107 -0.719902 128 128 128
-0.574078 1.17785 -0.20404 128 128 128
-1.72916 3.65461 -0.719902 128 128 128
-1.69279 3.69431 -0.723797 128 128 128
-1.64374 3.70672 -0.722128 128 128 128
-1.59696 3.72391 -0.721571 128 128 128
-1.5455 3.72961 -0.718789 128 128 128
-1.50144 3.75285 -0.719717 128 128 128
-1.45386 3.76733 -0.718975 128 128 128
-1.40375 3.77476 -0.716934 128 128 128
-1.355 3.78522 -0.715636 128 128 128
-1.30364 3.78763 -0.712853 128 128 128
-1.25336 3.79215 -0.710627 128 128 128
-1.20584 3.80443 -0.710071 128 128 128
-1.15649 3.81048 -0.708401 128 128 128
-1.10718 3.81589 -0.706732 128 128 128
-1.05738 3.81878 -0.704691 128 128 128
-1.00416 3.80771 -0.700054 128 128 128
-0.952337 3.79974 -0.696159 128 128 128
-0.902224 3.7968 -0.693376 128 128 128
-0.851465 3.78937 -0.689852 128 128 128
-0.805103 3.80049 -0.690037 128 128 128
-0.754177 3.78889 -0.685956 128 128 128
-0.707084 3.79496 -0.6854 128 128 128
-0.659113 3.7956 -0.683916 128 128 128
-0.609824 3.78691 -0.680763 128 128 128
-0.563017 3.79217 -0.680392 128 128 128
-0.514183 3.78224 -0.677238 128 128 128
-0.466764 3.78046 -0.675754 128 128 128
-0.418053 3.7654 -0.671859 128 128 128
-0.370265 3.7546 -0.668891 128 128 128
-0.323145 3.74711 -0.666665 128 128 128
-0.276411 3.741 -0.66481 128 128 128
-0.229875 3.7343 -0.662955 128 128 128
-0.183204 3.72015 -0.659802 128 128 128
-0.136622 3.69757 -0.655164 128 128 128
-0.0910159 3.69013 -0.653495 128 128 128
-0.0454999 3.67328 -0.650156 128 128 128
-0.000404574 3.64212 -0.64422 128 128 128
0.044174 3.63203 -0.642365 128 128 128
0.0883156 3.61353 -0.639026 128 128 128
0.132438 3.60628 -0.637913 128 128 128
0.176635 3.6034 -0.637728 128 128 128
0.220004 3.58723 -0.635131 128 128 128
0.263003 3.57054 -0.632534 128 128 128
0.303446 3.52788 -0.625114 128 128 128
0.345853 3.51509 -0.623445 128 128 128
0.387668 3.49886 -0.621219 128 128 128
0.428299 3.47531 -0.617694 128 128 128
0.468937 3.45519 -0.614912 128 128 128
0.507278 3.42195 -0.609718 128 128 128
0.54612 3.39607 -0.606008 128 128 128
0.584738 3.37168 -0.602669 128 128 128
0.62302 3.34783 -0.599516 128 128 128
0.66157 3.3274 -0.597104 128 128 128
0.698495 3.30076 -0.59358 128 128 128
0.738947 3.29194 -0.59358 128 128 128
0.77657 3.27115 -0.591354 128 128 128
0.812841 3.24612 -0.588386 128 128 128
0.846115 3.2112 -0.583563 128 128 128
0.879701 3.17973 -0.579482 128 128 128
0.917016 3.16303 -0.578369 128 128 128
0.945794 3.11863 -0.571877 128 128 128
0.97866 3.08992 -0.568538 128 128 128
1.01127 3.06181 -0.565385 128 128 128
1.03951 3.02222 -0.560005 128 128 128
1.07189 2.99628 -0.557408 128 128 128
1.10311 2.96816 -0.55444 128 128 128
1.13592 2.94523 -0.552585 128 128 128
1.16505 2.91373 -0.549061 128 128 128
1.19922 2.89559 -0.548319 128 128 128
1.22228 2.85174 -0.542383 128 128 128
1.24963 2.81946 -0.538859 128 128 128
1.27841 2.7914 -0.536262 128 128 128
1.30376 2.75684 -0.532366 128 128 128
1.33189 2.72915 -0.529955 128 128 128
1.35028 2.68275 -0.523648 128 128 128
1.37405 2.64853 -0.519938 128 128 128
1.39627 2.6124 -0.515857 128 128 128
1.41923 2.57871 -0.512333 128 128 128
1.44593 2.55255 -0.510478 128 128 128
1.46874 2.52018 -0.507325 128 128 128
1.4935 2.49185 -0.505099 128 128 128
1.50181 2.43735 -0.497122 128 128 128
1.5211 2.40212 -0.493412 128 128 128
1.54832 2.37998 -0.49267 128 128 128
1.57305 2.35426 -0.491187 128 128 128
1.59793 2.32911 -0.489888 128 128 128
1.61509 2.29325 -0.486178 128 128 128
1.62527 2.24856 -0.480428 128 128 128
1.64572 2.21897 -0.478202 128 128 128
1.66094 2.18296 -0.474492 128 128 128
1.66706 2.13607 -0.468185 128 128 128
1.68271 2.1024 -0.465032 128 128 128
1.70465 2.07704 -0.463919 128 128 128
1.70725 2.02888 -0.457241 128 128 128
1.72304 1.99736 -0.454644 128 128 128
1.75197 1.98122 -0.455942 128 128 128
1.759 1.94063 -0.45112 128 128 128
1.77199 1.90738 -0.448152 128 128 128
1.28666 1.35077 -0.308845 128 128 128
1.2469 1.27718 -0.293634 128 128 128
1.26803 1.26735 -0.295118 128 128 128
1.36363 1.32996 -0.316265 128 128 128
1.81235 1.7253 -0.429046 128 128 128
1.82763 1.69758 -0.427562 128 128 128
1.82794 1.65654 -0.422368 128 128 128
1.829 1.61705 -0.417545 128 128 128
1.84722 1.59319 -0.417174 128 128 128
1.85386 1.55965 -0.414021 128 128 128
1.87058 1.53491 -0.413464 128 128 128
1.87317 1.49893 -0.409569 128 128 128
1.87903 1.46616 -0.406601 128 128 128
1.88594 1.43465 -0.404004 128 128 128
1.88604 1.39851 -0.399923 128 128 128
1.89988 1.37296 -0.399181 128 128 128
1.22027 0.858647 -0.238357 128 128 128
1.21857 0.835263 -0.235574 128 128 128
1.25486 0.837728 -0.24151 128 128 128
1.33669 0.86892 -0.257648 128 128 128
1.87343 1.18601 -0.375252 128 128 128
1.88533 1.16138 -0.374696 128 128 128
1.89439 1.13512 -0.373583 128 128 128
1.90478 1.10981 -0.372841 128 128 128
1.90116 1.07666 -0.369131 128 128 128
1.90649 1.04898 -0.367461 128 128 128
1.89669 1.01345 -0.362638 128 128 128
1.91073 0.991002 -0.363009 128 128 128
1.89905 0.95554 -0.358001 128 128 128
1.9071 0.930438 -0.357259 128 128 128
1.89262 0.894768 -0.35188 128 128 128
1.90614 0.872705 -0.352436 128 128 128
1.88168 0.833701 -0.345202 128 128 128
1.88544 0.807834 -0.343903 128 128 128
1.88251 0.779365 -0.341307 128 128 128
1.88646 0.754013 -0.340194 128 128 128
1.8644 0.718767 -0.333887 128 128 128
1.86848 0.69412 -0.332959 128 128 128
1.86946 0.668487 -0.331475 128 128 128
1.85336 0.637173 -0.326652 128 128 128
1.85824 0.613455 -0.326096 128 128 128
1.85533 0.587336 -0.324055 128 128 128
1.85676 0.56281 -0.322942 128 128 128
1.85031 0.536144 -0.320346 128 128 128
1.84823 0.511035 -0.318676 128 128 128
1.84296 0.485305 -0.31645 128 128 128
1.83829 0.460021 -0.31441 128 128 128
1.82564 0.433105 -0.310885 128 128 128
1.82027 0.408296 -0.308845 128 128 128
1.81841 0.3845 -0.307546 128 128 128
1.81336 0.360234 -0.305691 128 128 128
1.78963 0.332725 -0.300312 128 128 128
1.77228 0.307032 -0.296231 128 128 128
1.77106 0.284478 -0.295304 128 128 128
1.75109 0.259251 -0.290852 128 128 128
1.74538 0.236548 -0.289182 128 128 128
1.74133 0.214267 -0.287884 128 128 128
1.73504 0.191903 -0.286214 128 128 128
1.72846 0.169726 -0.284545 128 128 128
1.7265 0.148163 -0.283803 128 128 128
1.72524 0.126747 -0.283247 128 128 128
1.71686 0.104959 -0.281392 128 128 128
1.69937 0.0829573 -0.277867 128 128 128
1.69634 0.0619506 -0.277125 128 128 128
1.69009 0.0409572 -0.275827 128 128 128
1.68162 0.0201013 -0.274157 128 128 128
1.66504 -0.000544357 -0.271004 128 128 128
1.66294 -0.0209537 -0.270633 128 128 128
1.65274 -0.0411226 -0.268778 128 128 128
1.63639 -0.0608299 -0.26581 128 128 128
1.63258 -0.0807632 -0.265253 128 128 128
1.62656 -0.100492 -0.264326 128 128 128
1.60267 -0.118793 -0.26006 128 128 128
1.59521 -0.137949 -0.258947 128 128 128
1.58558 -0.156747 -0.257463 128 128 128
1.57572 -0.17533 -0.255979 128 128 128
1.56175 -0.193216 -0.253753 128 128 128
1.54855 -0.210917 -0.251712 128 128 128
1.53029 -0.227604 -0.248744 128 128 128
1.52641 -0.24621 -0.248559 128 128 128
1.50972 -0.262578 -0.245962 128 128 128
1.49962 -0.279829 -0.244664 128 128 128
1.48932 -0.296872 -0.243365 128 128 128
1.48269 -0.314517 -0.242809 128 128 128
1.47871 -0.332688 -0.242809 128 128 128
1.46496 -0.348543 -0.240954 128 128 128
1.46438 -0.367447 -0.241696 128 128 128
1.44551 -0.38164 -0.238913 128 128 128
1.43598 -0.398042 -0.237986 128 128 128
1.42816 -0.414814 -0.237429 128 128 128
1.4192 -0.431169 -0.236687 128 128 128
1.40818 -0.446774 -0.235574 128 128 128
1.39699 -0.462174 -0.234461 128 128 128
1.38657 -0.477687 -0.233534 128 128 128
1.38153 -0.494997 -0.233719 128 128 128
1.36798 -0.509178 -0.232235 128 128 128
1.35062 -0.521688 -0.230009 128 128 128
1.33591 -0.534943 -0.22834 128 128 128
1.32924 -0.551296 -0.22834 128 128 128
1.31876 -0.56602 -0.227598 128 128 128
1.30093 -0.577387 -0.225372 128 128 128
1.28303 -0.588403 -0.223146 128 128 128
1.25528 -0.59445 -0.21888 128 128 128
1.26555 -0.618421 -0.22259 128 128 128
1.25611 -0.633022 -0.222219 128 128 128
1.24825 -0.648388 -0.222219 128 128 128
1.23586 -0.661344 -0.221291 128 128 128
1.21388 -0.668885 -0.218323 128 128 128
1.20558 -0.683731 -0.218323 128 128 128
1.19455 -0.696991 -0.217767 128 128 128
1.18844 -0.713112 -0.218323 128 128 128
1.15867 -0.714765 -0.213686 128 128 128
1.15314 -0.731031 -0.214428 128 128 128
1.13996 -0.742449 -0.2135 128 128 128
1.12749 -0.7542 -0.212758 128 128 128
1.11572 -0.766313 -0.212202 128 128 128
1.10222 -0.77712 -0.211274 128 128 128
1.08543 -0.78541 -0.209605 128 128 128
1.07571 -0.798671 -0.209605 128 128 128
1.06504 -0.811216 -0.209419 128 128 128
1.04571 -0.816975 -0.207194 128 128 128
1.03791 -0.831587 -0.20775 128 128 128
1.02078 -0.838654 -0.206081 128 128 128
1.00891 -0.849852 -0.20571 128 128 128
0.997662 -0.861528 -0.205524 128 128 128
0.988487 -0.875007 -0.205895 128 128 128
0.974762 -0.884433 -0.205153 128 128 128
0.964555 -0.896997 -0.205339 128 128 128
0.953475 -0.908766 -0.205339 128 128 128
0.933808 -0.912167 -0.203113 128 128 128
0.92741 -0.928419 -0.204411 128 128 128
0.904961 -0.928482 -0.201443 128 128 128
0.858248 -0.902527 -0.191797 128 128 128
0.878557 -0.946813 -0.200516 128 128 128
0.86093 -0.950973 -0.198846 128 128 128
0.863523 -0.977655 -0.202927 128 128 128
0.859809 -0.997847 -0.205339 128 128 128
0.850031 -1.01133 -0.206081 128 128 128
0.830696 -1.01333 -0.20404 128 128 128
0.814512 -1.01885 -0.202927 128 128 128
0.806182 -1.03419 -0.204226 128 128 128
0.794025 -1.04478 -0.204411 128 128 128
0.78173 -1.05524 -0.204597 128 128 128
0.768146 -1.06396 -0.204411 128 128 128
0.752767 -1.07009 -0.203669 128 128 128
0.718439 -1.04847 -0.19662 128 128 128
0.729011 -1.09233 -0.204597 128 128 128
0.715015 -1.10037 -0.204411 128 128 128
0.697775 -1.10325 -0.203113 128 128 128
0.682636 -1.10922 -0.202556 128 128 128
0.672007 -1.12257 -0.203669 128 128 128
0.654714 -1.12479 -0.202371 128 128 128
0.640377 -1.13188 -0.202185 128 128 128
0.626439 -1.13966 -0.202185 128 128 128
0.611016 -1.14466 -0.201629 128 128 128
0.602811 -1.16341 -0.20404 128 128 128
0.582298 -1.15843 -0.201443 128 128 128
0.568038 -1.16549 -0.201443 128 128 128
0.554114 -1.17326 -0.201629 128 128 128
0.543361 -1.18801 -0.203298 128 128 128
0.527147 -1.191 -0.202556 128 128 128
0.513655 -1.20009 -0.203113 128 128 128
0.49663 -1.20085 -0.202 128 128 128
0.48551 -1.21598 -0.203855 128 128 128
0.46524 -1.2081 -0.201072 128 128 128
0.438381 -1.18148 -0.19458 128 128 128
0.393849 -1.24559 -0.203298 128 128 128
0.38282 -1.26443 -0.206081 128 128 128
0.367275 -1.26903 -0.206081 128 128 128
0.351411 -1.2725 -0.205895 128 128 128
0.335769 -1.27672 -0.205895 128 128 128
0.323904 -1.29599 -0.208863 128 128 128
0.307066 -1.29604 -0.208121 128 128 128
0.300416 -1.34094 -0.216097 128 128 128
0.279451 -1.32337 -0.212016 128 128 128
0.262229 -1.32189 -0.211089 128 128 128
0.248152 -1.3366 -0.213315 128 128 128
0.231731 -1.33954 -0.213315 128 128 128
0.216215 -1.3481 -0.214428 128 128 128
0.200523 -1.35649 -0.215541 128 128 128
0.184127 -1.36079 -0.215912 128 128 128
0.167776 -1.36588 -0.216468 128 128 128
0.151438 -1.37174 -0.21721 128 128 128
0.134883 -1.37643 -0.217767 128 128 128
0.118406 -1.38287 -0.218694 128 128 128
0.101718 -1.38814 -0.219436 128 128 128
0.0852224 -1.39811 -0.221106 128 128 128
0.0683511 -1.40494 -0.222219 128 128 128
0.051435 -1.41451 -0.223888 128 128 128
0.0342204 -1.42093 -0.225001 128 128 128
0.016856 -1.42714 -0.226114 128 128 128
-0.000655663 -1.43313 -0.227227 128 128 128
-0.0183235 -1.4399 -0.228525 128 128 128
-0.0360864 -1.44349 -0.229267 128 128 128
-0.0539404 -1.44687 -0.230009 128 128 128
-0.0718826 -1.45002 -0.230751 128 128 128
-0.0903289 -1.45982 -0.232792 128 128 128
-0.108667 -1.46448 -0.233905 128 128 128
-0.127217 -1.46989 -0.235203 128 128 128
-0.145917 -1.47507 -0.236502 128 128 128
-0.164762 -1.48 -0.2378 128 128 128
-0.183271 -1.4808 -0.238357 128 128 128
-0.202351 -1.48525 -0.239655 128 128 128
-0.220706 -1.48363 -0.239841 128 128 128
-0.239985 -1.4876 -0.241139 128 128 128
-0.258892 -1.48842 -0.241881 128 128 128
-0.278394 -1.49189 -0.24318 128 128 128
-0.297063 -1.49029 -0.243551 128 128 128
-0.317359 -1.49615 -0.245406 128 128 128
-0.33634 -1.49501 -0.245962 128 128 128
-0.35806 -1.50512 -0.248744 128 128 128
-0.377933 -1.50633 -0.249857 128 128 128
-0.398639 -1.51013 -0.251527 128 128 128
-0.42028 -1.51649 -0.253753 128 128 128
-0.440224 -1.51594 -0.25468 128 128 128
-0.460503 -1.51607 -0.255793 128 128 128
-0.486481 -1.53372 -0.260431 128 128 128
-0.508343 -1.53697 -0.262286 128 128 128
-0.528762 -1.53526 -0.263213 128 128 128
-0.552852 -1.54346 -0.266181 128 128 128
-0.574828 -1.54486 -0.26785 128 128 128
-0.595862 -1.54319 -0.268963 128 128 128
-0.620221 -1.54945 -0.271746 128 128 128
-0.642569 -1.54989 -0.273415 128 128 128
-0.666567 -1.55363 -0.275827 128 128 128
-0.687969 -1.55073 -0.27694 128 128 128
-0.707765 -1.54396 -0.277311 128 128 128
-0.734632 -1.55204 -0.280835 128 128 128
-0.756637 -1.54909 -0.282134 128 128 128
-0.777797 -1.54407 -0.283061 128 128 128
-0.798495 -1.5379 -0.283803 128 128 128
-0.818695 -1.53059 -0.284359 128 128 128
-0.844518 -1.53334 -0.287142 128 128 128
-0.870045 -1.53484 -0.289739 128 128 128
-0.985283 -1.55507 -0.304207 128 128 128
-1.00804 -1.54863 -0.305506 128 128 128
-1.0297 -1.54023 -0.306433 128 128 128
-1.06685 -1.55423 -0.312555 128 128 128
-1.08698 -1.54263 -0.312926 128 128 128
-1.11848 -1.5467 -0.317007 128 128 128
-1.14147 -1.53838 -0.318305 128 128 128
-1.16859 -1.53521 -0.320902 128 128 128
-1.62558 -1.40182 -0.361896 128 128 128
-1.71481 -1.44254 -0.379704 128 128 128
-1.74302 -1.43012 -0.382301 128 128 128
-1.73283 -1.3865 -0.375623 128 128 128
-2.02234 -1.04898 -0.386753 128 128 128
-2.5023 -1.10916 -0.473379 128 128 128
-2.48611 -1.02972 -0.464661 128 128 128
-3.71411 1.5396 -0.815075 128 128 128
-3.67431 1.62989 -0.814866 128 128 128
-3.32144 2.59375 -0.856444 128 128 128
-3.26419 2.61412 -0.849549 128 128 128
-3.14075 2.64425 -0.833252 128 128 128
-2.5041 3.37859 -0.854564 128 128 128
-2.4453 3.38526 -0.848296 128 128 128
-2.40638 3.41902 -0.84934 128 128 128
-2.36038 3.44264 -0.847878 128 128 128
-2.32554 3.48274 -0.850803 128 128 128
-2.28263 3.51101 -0.850803 128 128 128
-2.24094 3.54124 -0.85143 128 128 128
-2.184 3.54681 -0.845997 128 128 128
-2.12777 3.55236 -0.840774 128 128 128
-2.07223 3.55791 -0.83576 128 128 128
-2.0212 3.5703 -0.832626 128 128 128
-2.02145 3.67542 -0.852266 128 128 128
-0.610752 1.13759 -0.231935 128 128 128
-1.90953 3.6831 -0.842446 128 128 128
-1.80454 3.58738 -0.81403 128 128 128
-0.576167 1.17513 -0.235696 128 128 128
-1.72555 3.65093 -0.818836 128 128 128
-1.68996 3.69229 -0.823641 128 128 128
-1.64294 3.70918 -0.822806 128 128 128
-1.59269 3.71827 -0.820298 128 128 128
-1.54657 3.73663 -0.820089 128 128 128
-1.49191 3.73352 -0.815075 128 128 128
-1.44458 3.7479 -0.814239 128 128 128
-1.39202 3.74792 -0.810269 128 128 128
-1.34297 3.75643 -0.808389 128 128 128
-1.29868 3.77818 -0.809643 128 128 128
-1.2458 3.77432 -0.805255 128 128 128
-1.19733 3.7828 -0.803792 128 128 128
-1.1494 3.79252 -0.802748 128 128 128
-1.09735 3.78755 -0.798569 128 128 128
-1.04923 3.79507 -0.797315 128 128 128
-0.999357 3.79537 -0.794599 128 128 128
-0.950107 3.79691 -0.792301 128 128 128
-0.899171 3.7902 -0.788331 128 128 128
-0.846839 3.77518 -0.78269 128 128 128
-0.800851 3.7872 -0.783108 128 128 128
-0.752041 3.78523 -0.780601 128 128 128
-0.703934 3.78552 -0.77872 128 128 128
-0.655269 3.78134 -0.776004 128 128 128
-0.608508 3.78717 -0.775586 128 128 128
-0.560708 3.78564 -0.773706 128 128 128
-0.512776 3.78158 -0.771407 128 128 128
-0.463606 3.76526 -0.766602 128 128 128
-0.416087 3.759 -0.764095 128 128 128
-0.368224 3.7463 -0.760334 128 128 128
-0.321314 3.73982 -0.758035 128 128 128
-0.273841 3.72202 -0.753439 128 128 128
-0.227617 3.71631 -0.751558 128 128 128
-0.180592 3.68952 -0.74529 128 128 128
-0.134886 3.67973 -0.742783 128 128 128
-0.0895145 3.67231 -0.740903 128 128 128
-0.0440016 3.63304 -0.732336 128 128 128
0.00057364 3.62451 -0.730456 128 128 128
0.044893 3.61249 -0.727949 128 128 128
0.0892962 3.6146 -0.728575 128 128 128
0.133162 3.60053 -0.725859 128 128 128
0.176106 3.57421 -0.720636 128 128 128
0.219342 3.56202 -0.718547 128 128 128
0.261427 3.53761 -0.71395 128 128 128
0.303882 3.52341 -0.711652 128 128 128
0.345058 3.49899 -0.707264 128 128 128
0.386553 3.48185 -0.704548 128 128 128
0.427196 3.46035 -0.700996 128 128 128
0.466838 3.4345 -0.696608 128 128 128
0.505042 3.4024 -0.690967 128 128 128
0.543312 3.37471 -0.68637 128 128 128
0.582663 3.35623 -0.683863 128 128 128
0.620922 3.33345 -0.68052 128 128 128
0.660438 3.31886 -0.679058 128 128 128
0.695207 3.28277 -0.672999 128 128 128
0.735223 3.27304 -0.67279 128 128 128
0.771017 3.2457 -0.66882 128 128 128
0.805535 3.21513 -0.664223 128 128 128
0.840171 3.18704 -0.660253 128 128 128
0.872405 3.15199 -0.654821 128 128 128
0.907463 3.12885 -0.652105 128 128 128
0.939804 3.09783 -0.647717 128 128 128
0.969149 3.05904 -0.641658 128 128 128
1.00323 3.03671 -0.63936 128 128 128
1.03243 3.00106 -0.634136 128 128 128
1.06389 2.97344 -0.630794 128 128 128
1.09552 2.94733 -0.627868 128 128 128
1.12772 2.92363 -0.62557 128 128 128
1.16096 2.90322 -0.624108 128 128 128
1.18749 2.86708 -0.619093 128 128 128
1.21486 2.83433 -0.614914 128 128 128
1.242 2.80223 -0.610945 128 128 128
1.26567 2.76367 -0.605512 128 128 128
1.29195 2.73203 -0.601751 128 128 128
1.31978 2.70455 -0.599035 128 128 128
1.34626 2.67506 -0.595901 128 128 128
1.36319 2.62798 -0.588588 128 128 128
1.38332 2.58864 -0.583156 128 128 128
1.40884 2.56034 -0.58044 128 128 128
1.43387 2.53181 -0.577724 128 128 128
1.4594 2.50473 -0.575426 128 128 128
1.48398 2.47658 -0.572918 128 128 128
1.50655 2.4457 -0.569784 128 128 128
1.52492 2.40887 -0.565188 128 128 128
1.54635 2.37769 -0.562054 128 128 128
1.55799 2.33253 -0.555368 128 128 128
1.58705 2.31404 -0.555577 128 128 128
1.58205 2.24726 -0.543249 128 128 128
1.60778 2.2253 -0.542623 128 128 128
1.62797 2.19599 -0.540115 128 128 128
1.63997 2.15641 -0.534892 128 128 128
1.66209 2.13073 -0.533429 128 128 128
1.67464 2.09339 -0.528833 128 128 128
1.69337 2.06438 -0.526535 128 128 128
1.71732 2.04195 -0.526117 128 128 128
1.72241 1.99779 -0.51964 128 128 128
1.73188 1.95967 -0.514834 128 128 128
1.74593 1.92742 -0.5117 128 128 128
1.76812 1.90441 -0.511282 128 128 128
1.21675 1.28057 -0.333478 128 128 128
1.23237 1.26554 -0.333478 128 128 128
1.26027 1.26275 -0.337239 128 128 128
1.70456 1.66462 -0.465107 128 128 128
1.80712 1.7217 -0.489344 128 128 128
1.79798 1.67148 -0.480569 128 128 128
1.81691 1.64797 -0.480151 128 128 128
1.83332 1.62232 -0.479106 128 128 128
1.82937 1.57929 -0.47242 128 128 128
1.85311 1.56049 -0.473674 128 128 128
1.85396 1.52277 -0.468659 128 128 128
1.85416 1.48526 -0.463645 128 128 128
1.86222 1.45459 -0.460929 128 128 128
1.86902 1.42335 -0.458004 128 128 128
1.87691 1.39333 -0.455496 128 128 128
1.88594 1.36447 -0.453407 128 128 128
1.21512 0.858391 -0.273931 128 128 128
1.22153 0.840654 -0.272886 128 128 128
1.23582 0.828312 -0.273931 128 128 128
1.26804 0.827455 -0.279572 128 128 128
1.87593 1.18934 -0.430633 128 128 128
1.86539 1.15087 -0.424365 128 128 128
1.87769 1.12689 -0.423947 128 128 128
1.88039 1.09738 -0.421231 128 128 128
1.88945 1.07181 -0.420186 128 128 128
1.89046 1.04196 -0.417261 128 128 128
1.90397 1.01914 -0.41747 128 128 128
1.88506 0.979528 -0.409948 128 128 128
1.88295 0.949305 -0.406605 128 128 128
1.89974 0.928693 -0.407859 128 128 128
1.88092 0.891133 -0.400755 128 128 128
1.8837 0.864329 -0.398875 128 128 128
1.88612 0.837591 -0.396994 128 128 128
1.86118 0.799401 -0.388846 128 128 128
1.86272 0.773143 -0.386965 128 128 128
1.84753 0.740453 -0.381324 128 128 128
1.84461 0.713165 -0.378608 128 128 128
1.84772 0.688438 -0.377354 128 128 128
1.84037 0.66013 -0.373802 128 128 128
1.84278 0.635595 -0.372549 128 128 128
1.84673 0.611711 -0.371713 128 128 128
1.84757 0.586943 -0.37025 128 128 128
1.82842 0.556311 -0.3644 128 128 128
1.83511 0.533832 -0.3644 128 128 128
1.82926 0.507897 -0.361684 128 128 128
1.82212 0.481938 -0.358759 128 128 128
1.81935 0.457414 -0.356879 128 128 128
1.80484 0.430333 -0.352491 128 128 128
1.79758 0.405383 -0.349775 128 128 128
1.80146 0.383092 -0.349566 128 128 128
1.77341 0.354511 -0.342462 128 128 128
1.7632 0.330055 -0.339328 128 128 128
1.75555 0.306401 -0.336821 128 128 128
1.74856 0.28314 -0.334522 128 128 128
1.73352 0.258958 -0.330553 128 128 128
1.73657 0.237665 -0.330553 128 128 128
1.72285 0.214323 -0.327001 128 128 128
1.72243 0.192845 -0.326374 128 128 128
1.72175 0.17141 -0.325747 128 128 128
1.71983 0.149938 -0.324911 128 128 128
1.6991 0.127195 -0.320106 128 128 128
1.69761 0.106159 -0.319479 128 128 128
1.69195 0.0849912 -0.318016 128 128 128
1.68993 0.0641178 -0.31739 128 128 128
1.6857 0.0432611 -0.316345 128 128 128
1.6597 0.0222811 -0.310704 128 128 128
1.65203 0.00192227 -0.309032 128 128 128
1.64508 -0.0182581 -0.30757 128 128 128
1.63984 -0.0383182 -0.306525 128 128 128
1.62655 -0.0579547 -0.303809 128 128 128
1.60716 -0.0769754 -0.299839 128 128 128
1.60511 -0.0966307 -0.29963 128 128 128
1.58821 -0.11515 -0.296287 128 128 128
1.59252 -0.135142 -0.297541 128 128 128
1.5703 -0.152635 -0.293153 128 128 128
1.55957 -0.170913 -0.291273 128 128 128
1.54377 -0.188345 -0.288348 128 128 128
1.54037 -0.207142 -0.288139 128 128 128
1.5174 -0.222991 -0.283751 128 128 128
1.50586 -0.240185 -0.281871 128 128 128
1.49799 -0.257805 -0.280826 128 128 128
1.49086 -0.275447 -0.27999 128 128 128
1.4797 -0.292185 -0.278319 128 128 128
1.46931 -0.308895 -0.276856 128 128 128
1.46255 -0.326256 -0.276229 128 128 128
1.45463 -0.343271 -0.275394 128 128 128
1.44841 -0.360618 -0.274976 128 128 128
1.43631 -0.376361 -0.273304 128 128 128
1.43724 -0.395531 -0.274558 128 128 128
1.41819 -0.409035 -0.271424 128 128 128
1.40745 -0.424697 -0.27017 128 128 128
1.404 -0.44253 -0.270588 128 128 128
1.39382 -0.458186 -0.269543 128 128 128
1.37053 -0.469189 -0.265574 128 128 128
1.36007 -0.484319 -0.264529 128 128 128
1.35036 -0.499605 -0.263693 128 128 128
1.33957 -0.514373 -0.262648 128 128 128
1.33225 -0.530409 -0.26244 128 128 128
1.31841 -0.543714 -0.260768 128 128 128
1.30625 -0.557534 -0.259514 128 128 128
1.29216 -0.570342 -0.257843 128 128 128
1.28151 -0.584522 -0.257007 128 128 128
1.26806 -0.59727 -0.255545 128 128 128
1.25361 -0.609346 -0.253873 128 128 128
1.23119 -0.61719 -0.250321 128 128 128
1.20444 -0.62232 -0.245725 128 128 128
1.21912 -0.649067 -0.251157 128 128 128
1.20165 -0.65878 -0.248859 128 128 128
1.19433 -0.67396 -0.249068 128 128 128
1.18512 -0.688072 -0.248859 128 128 128
1.16485 -0.69551 -0.245934 128 128 128
1.15457 -0.708724 -0.245516 128 128 128
1.13918 -0.718645 -0.243844 128 128 128
1.14993 -0.745394 -0.248859 128 128 128
1.1017 -0.733321 -0.23883 128 128 128
1.10632 -0.756208 -0.242382 128 128 128
1.09775 -0.770291 -0.242591 128 128 128
1.07396 -0.773375 -0.23883 128 128 128
1.06675 -0.788246 -0.239457 128 128 128
1.05388 -0.798905 -0.238621 128 128 128
1.04169 -0.80997 -0.237994 128 128 128
1.03015 -0.821468 -0.237576 128 128 128
1.01772 -0.832183 -0.236949 128 128 128
1.00669 -0.843979 -0.23674 128 128 128
0.992554 -0.853071 -0.235696 128 128 128
0.982011 -0.865187 -0.235696 128 128 128
0.972044 -0.87783 -0.235905 128 128 128
0.961198 -0.889692 -0.235905 128 128 128
0.947378 -0.89872 -0.235069 128 128 128
0.93488 -0.90891 -0.234651 128 128 128
0.923656 -0.920314 -0.234651 128 128 128
0.910928 -0.930178 -0.234233 128 128 128
0.897425 -0.939159 -0.233606 128 128 128
0.885168 -0.949384 -0.233397 128 128 128
0.87673 -0.963802 -0.234442 128 128 128
0.862249 -0.971555 -0.233606 128 128 128
0.8273 -0.955376 -0.226085 128 128 128
0.825573 -0.977441 -0.229428 128 128 128
0.78688 -0.954959 -0.220443 128 128 128
0.795235 -0.989764 -0.227338 128 128 128
0.797446 -1.01797 -0.232353 128 128 128
0.790805 -1.03547 -0.234442 128 128 128
0.78211 -1.0506 -0.235905 128 128 128
0.768587 -1.05932 -0.235696 128 128 128
0.752157 -1.06387 -0.234442 128 128 128
0.739045 -1.07302 -0.234442 128 128 128
0.726364 -1.08283 -0.234651 128 128 128
0.702908 -1.07607 -0.230681 128 128 128
0.684951 -1.07717 -0.228801 128 128 128
0.68448 -1.10633 -0.234024 128 128 128
0.665333 -1.10541 -0.231726 128 128 128
0.655157 -1.11941 -0.233188 128 128 128
0.641852 -1.12822 -0.233397 128 128 128
0.626077 -1.13258 -0.232562 128 128 128
0.612131 -1.14018 -0.232562 128 128 128
0.597195 -1.14587 -0.232144 128 128 128
0.58265 -1.15224 -0.231935 128 128 128
0.568466 -1.1593 -0.231935 128 128 128
0.554614 -1.16707 -0.232144 128 128 128
0.542281 -1.17824 -0.233188 128 128 128
0.526596 -1.18212 -0.232562 128 128 128
0.51205 -1.18849 -0.232562 128 128 128
0.4978 -1.19559 -0.232771 128 128 128
0.483815 -1.20343 -0.233188 128 128 128
0.470063 -1.21201 -0.233815 128 128 128
0.455833 -1.21952 -0.234233 128 128 128
0.441162 -1.22595 -0.234442 128 128 128
0.425767 -1.23034 -0.234233 128 128 128
0.411248 -1.23733 -0.234651 128 128 128
0.392797 -1.23203 -0.232353 128 128 128
0.33584 -1.26495 -0.235696 128 128 128
0.323129 -1.28037 -0.238203 128 128 128
0.310764 -1.29851 -0.241337 128 128 128
0.295019 -1.30318 -0.241546 128 128 128
0.279005 -1.3067 -0.241546 128 128 128
0.264465 -1.3177 -0.243217 128 128 128
0.247741 -1.31796 -0.242591 128 128 128
0.235201 -1.34211 -0.247187 128 128 128
0.224416 -1.38062 -0.254918 128 128 128
0.202477 -1.34941 -0.247605 128 128 128
0.185642 -1.34986 -0.247187 128 128 128
0.169182 -1.353 -0.247396 128 128 128
0.153311 -1.36178 -0.248859 128 128 128
0.137062 -1.36843 -0.249903 128 128 128
0.120589 -1.3739 -0.250739 128 128 128
0.104145 -1.38113 -0.251993 128 128 128
0.0877756 -1.39207 -0.254082 128 128 128
0.0707796 -1.39499 -0.2545 128 128 128
0.0537946 -1.39967 -0.255336 128 128 128
0.0368421 -1.41 -0.257425 128 128 128
0.019558 -1.4123 -0.257843 128 128 128
0.00222049 -1.41635 -0.258679 128 128 128
-0.015306 -1.42702 -0.260977 128 128 128
-0.0328671 -1.42868 -0.261395 128 128 128
-0.0505829 -1.43306 -0.26244 128 128 128
-0.0687556 -1.44405 -0.264947 128 128 128
-0.0865935 -1.44505 -0.265365 128 128 128
-0.104905 -1.45168 -0.267036 128 128 128
-0.123478 -1.45905 -0.268917 128 128 128
-0.141859 -1.46229 -0.269961 128 128 128
-0.160556 -1.46724 -0.271424 128 128 128
-0.179275 -1.47098 -0.272677 128 128 128
-0.198508 -1.47739 -0.274558 128 128 128
-0.217057 -1.47775 -0.275185 128 128 128
-0.235801 -1.47883 -0.27602 128 128 128
-0.254268 -1.47776 -0.276438 128 128 128
-0.272924 -1.47741 -0.277065 128 128 128
-0.291801 -1.47778 -0.277901 128 128 128
-0.311748 -1.4827 -0.279781 128 128 128
-0.33272 -1.49116 -0.282497 128 128 128
-0.352357 -1.49267 -0.283751 128 128 128
-0.373036 -1.49772 -0.28584 128 128 128
-0.393641 -1.50154 -0.287721 128 128 128
-0.414658 -1.50602 -0.28981 128 128 128
-0.437485 -1.51584 -0.293153 128 128 128
-0.455484 -1.50848 -0.292735 128 128 128
-0.479298 -1.51955 -0.296496 128 128 128
-0.499757 -1.51913 -0.29775 128 128 128
-0.525067 -1.53229 -0.302137 128 128 128
-0.551104 -1.54598 -0.306734 128 128 128
-0.571402 -1.54276 -0.30757 128 128 128
-0.592409 -1.54111 -0.308823 128 128 128
-0.615284 -1.54371 -0.311122 128 128 128
-0.639436 -1.54868 -0.314047 128 128 128
-0.664576 -1.55509 -0.31739 128 128 128
-0.685596 -1.55129 -0.318434 128 128 128
-0.709073 -1.55253 -0.320733 128 128 128
-0.731007 -1.5499 -0.322195 128 128 128
-0.752121 -1.5452 -0.32324 128 128 128
-0.771908 -1.5376 -0.323658 128 128 128
-0.794331 -1.53495 -0.325329 128 128 128
-0.81819 -1.53457 -0.327628 128 128 128
-0.838378 -1.52698 -0.328254 128 128 128
-0.875411 -1.54889 -0.336194 128 128 128
-0.898794 -1.54563 -0.338074 128 128 128
-0.937846 -1.56801 -0.346432 128 128 128
-0.948792 -1.54307 -0.343089 128 128 128
-0.983908 -1.5569 -0.349566 128 128 128
-1.0024 -1.54389 -0.349357 128 128 128
-1.03271 -1.54854 -0.353745 128 128 128
-1.06105 -1.54944 -0.357296 128 128 128
-1.09748 -1.56107 -0.363773 128 128 128
-1.12114 -1.55382 -0.365445 128 128 128
-1.13604 -1.53445 -0.363982 128 128 128
-1.16131 -1.52895 -0.366281 128 128 128
-1.18179 -1.51689 -0.366907 128 128 128
-1.20154 -1.5038 -0.367325 128 128 128
-1.21742 -1.48592 -0.36649 128 128 128
-1.23682 -1.47237 -0.366907 128 128 128
-1.24904 -1.45042 -0.365027 128 128 128
-1.24664 -1.4123 -0.35855 128 128 128
-1.2744 -1.40847 -0.361893 128 128 128
-1.29891 -1.4006 -0.364191 128 128 128
-1.27144 -1.33787 -0.350402 128 128 128
-1.57274 -1.46277 -0.414963 128 128 128
-1.62031 -1.47025 -0.423529 128 128 128
-1.68077 -1.48777 -0.435647 128 128 128
-1.82839 -1.53975 -0.466779 128 128 128
-1.77391 -1.4212 -0.441707 128 128 128
-1.72948 -1.35127 -0.424992 128 128 128
-1.76463 -1.34413 -0.430006 128 128 128
-1.88713 -1.40089 -0.458212 128 128 128
-1.9018 -1.37591 -0.457586 128 128 128
-2.31713 -0.994169 -0.494776 128 128 128
-2.23244 -0.925738 -0.47242 128 128 128
-1.19659 0.865365 -0.310098 128 128 128
-3.29456 2.63498 -0.968892 128 128 128
-3.23491 2.65302 -0.960482 128 128 128
-3.03089 2.54865 -0.906751 128 128 128
-3.17398 2.73605 -0.962118 128 128 128
-2.23058 3.51989 -0.956511 128 128 128
-2.17803 3.5321 -0.952306 128 128 128
-2.15854 3.59858 -0.963519 128 128 128
-2.08775 3.57945 -0.950904 128 128 128
-2.03455 3.58874 -0.946465 128 128 128
-0.630507 1.14657 -0.269683 128 128 128
-0.617307 1.15594 -0.27015 128 128 128
-1.88673 3.63358 -0.93899 128 128 128
-0.594005 1.18116 -0.272953 128 128 128
-1.78759 3.65957 -0.93385 128 128 128
-1.73589 3.66717 -0.930112 128 128 128
-1.69157 3.68997 -0.93058 128 128 128
-1.64261 3.70245 -0.928477 128 128 128
-1.5936 3.71429 -0.926375 128 128 128
-1.5479 3.73356 -0.926375 128 128 128
-1.49654 3.73874 -0.92287 128 128 128
-1.4502 3.75591 -0.922637 128 128 128
-1.39924 3.76067 -0.919366 128 128 128
-1.3484 3.76475 -0.916095 128 128 128
-1.30083 3.77733 -0.915161 128 128 128
-1.25254 3.78747 -0.913759 128 128 128
-1.1992 3.78124 -0.908386 128 128 128
-1.14931 3.78451 -0.905583 128 128 128
-1.10224 3.79646 -0.905115 128 128 128
-1.05037 3.79096 -0.900443 128 128 128
-1.00278 3.79981 -0.899509 128 128 128
-0.952285 3.79674 -0.895771 128 128 128
-0.900665 3.78733 -0.890631 128 128 128
-0.852412 3.79051 -0.888762 128 128 128
-0.803408 3.78927 -0.885959 128 128 128
-0.755134 3.79026 -0.883857 128 128 128
-0.704279 3.7763 -0.87825 128 128 128
-0.65705 3.77987 -0.877082 128 128 128
-0.608135 3.77229 -0.873344 128 128 128
-0.560651 3.77178 -0.871475 128 128 128
-0.512745 3.76681 -0.868672 128 128 128
-0.465285 3.76317 -0.866335 128 128 128
-0.417561 3.75507 -0.863065 128 128 128
-0.371065 3.75604 -0.86213 128 128 128
-0.323096 3.739 -0.856991 128 128 128
-0.276394 3.73202 -0.854421 128 128 128
-0.229551 3.71863 -0.85045 128 128 128
-0.182934 3.70175 -0.845777 128 128 128
-0.137093 3.69302 -0.843208 128 128 128
-0.091127 3.66916 -0.837134 128 128 128
-0.0459054 3.65541 -0.833629 128 128 128
-0.00102532 3.62653 -0.826621 128 128 128
0.0432181 3.60391 -0.821248 128 128 128
0.0871849 3.59242 -0.818678 128 128 128
0.131192 3.58913 -0.818211 128 128 128
0.174238 3.56686 -0.813305 128 128 128
0.217111 3.54989 -0.809801 128 128 128
0.260019 3.53823 -0.807698 128 128 128
0.302923 3.52896 -0.806296 128 128 128
0.343365 3.49595 -0.799288 128 128 128
0.384642 3.47697 -0.795784 128 128 128
0.42586 3.46041 -0.79298 128 128 128
0.464126 3.42409 -0.785505 128 128 128
0.503979 3.40371 -0.782 128 128 128
0.542633 3.37807 -0.777328 128 128 128
0.579906 3.3472 -0.771488 128 128 128
0.617036 3.3188 -0.766348 128 128 128
0.655447 3.29953 -0.763545 128 128 128
0.694082 3.28268 -0.761442 128 128 128
0.731976 3.26348 -0.758873 128 128 128
0.769504 3.24384 -0.756303 128 128 128
0.804305 3.21434 -0.751397 128 128 128
0.836273 3.17602 -0.744388 128 128 128
0.87208 3.15427 -0.741585 128 128 128
0.906399 3.12839 -0.737847 128 128 128
0.936553 3.09004 -0.731072 128 128 128
0.970886 3.06719 -0.728269 128 128 128
1.00267 3.0375 -0.72383 128 128 128
1.02787 2.99002 -0.714953 128 128 128
1.05991 2.96436 -0.711682 128 128 128
1.09181 2.93928 -0.708645 128 128 128
1.12151 2.90932 -0.70444 128 128 128
1.15604 2.89263 -0.703739 128 128 128
1.1844 2.86116 -0.699301 128 128 128
1.21215 2.82942 -0.694862 128 128 128
1.2393 2.79744 -0.690423 128 128 128
1.26626 2.7661 -0.686218 128 128 128
1.28724 2.7231 -0.678976 128 128 128
1.31502 2.69574 -0.675939 128 128 128
1.3336 2.65073 -0.66823 128 128 128
1.36468 2.63157 -0.667529 128 128 128
1.37627 2.57602 -0.657016 128 128 128
1.40544 2.55468 -0.655848 128 128 128
1.4295 2.52455 -0.652344 128 128 128
1.45744 2.50177 -0.650942 128 128 128
1.46656 2.44782 -0.640897 128 128 128
1.48222 2.40645 -0.634356 128 128 128
1.50956 2.3848 -0.633421 128 128 128
1.53607 2.36201 -0.632253 128 128 128
1.55306 2.32519 -0.627114 128 128 128
1.56939 2.28831 -0.621974 128 128 128
1.58784 2.25536 -0.618003 128 128 128
1.608 2.22546 -0.614966 128 128 128
1.62015 2.18524 -0.608892 128 128 128
1.63213 2.14584 -0.603051 128 128 128
1.65177 2.11721 -0.600482 128 128 128
1.65395 2.06716 -0.59137 128 128 128
1.66995 2.03543 -0.587866 128 128 128
1.69605 2.01627 -0.588333 128 128 128
1.71115 1.98426 -0.584829 128 128 128
1.72443 1.95072 -0.580858 128 128 128
1.74367 1.92436 -0.579223 128 128 128
1.73739 1.87075 -0.56871 128 128 128
1.21082 1.27148 -0.377146 128 128 128
1.2399 1.27045 -0.381818 128 128 128
1.2712 1.27096 -0.387191 128 128 128
1.77841 1.73568 -0.552357 128 128 128
1.79254 1.70701 -0.550021 128 128 128
1.79057 1.6637 -0.542545 128 128 128
1.80653 1.63768 -0.541143 128 128 128
1.81484 1.60507 -0.537405 128 128 128
1.82852 1.5776 -0.535537 128 128 128
1.84105 1.5494 -0.533434 128 128 128
1.84264 1.51249 -0.528061 128 128 128
1.86031 1.48916 -0.527827 128 128 128
1.84856 1.44287 -0.518716 128 128 128
1.85917 1.41477 -0.516614 128 128 128
1.86156 1.38083 -0.512175 128 128 128
1.86655 1.34933 -0.508671 128 128 128
1.2012 0.845508 -0.308229 128 128 128
1.22751 0.841716 -0.312901 128 128 128
1.25715 0.839567 -0.318508 128 128 128
1.85148 1.20464 -0.48601 128 128 128
1.85709 1.1761 -0.48344 128 128 128
1.86642 1.15016 -0.482039 128 128 128
1.87372 1.12316 -0.48017 128 128 128
1.87057 1.09028 -0.475497 128 128 128
1.88043 1.06533 -0.474563 128 128 128
1.8593 1.02339 -0.465218 128 128 128
1.87343 1.00142 -0.465686 128 128 128
1.88731 0.979249 -0.466153 128 128 128
1.88095 0.946823 -0.461247 128 128 128
1.87495 0.915128 -0.456575 128 128 128
1.86671 0.882892 -0.451435 128 128 128
1.86768 0.855458 -0.448865 128 128 128
1.86827 0.828134 -0.446296 128 128 128
1.86131 0.797855 -0.441857 128 128 128
1.86468 0.772345 -0.440222 128 128 128
1.8352 0.733854 -0.430176 128 128 128
1.84044 0.709876 -0.429242 128 128 128
1.84446 0.68554 -0.428074 128 128 128
1.84358 0.659573 -0.425737 128 128 128
1.84142 0.633414 -0.423168 128 128 128
1.83983 0.607713 -0.420832 128 128 128
1.83881 0.582441 -0.418729 128 128 128
1.83744 0.557287 -0.416626 128 128 128
1.83387 0.531711 -0.414057 128 128 128
1.82714 0.505527 -0.410786 128 128 128
1.81911 0.479341 -0.407282 128 128 128
1.81259 0.453902 -0.404245 128 128 128
1.8133 0.430498 -0.403077 128 128 128
1.79947 0.40394 -0.398404 128 128 128
1.79383 0.379606 -0.395835 128 128 128
1.77738 0.353377 -0.390695 128 128 128
1.76342 0.328146 -0.386256 128 128 128
1.75486 0.304312 -0.383219 128 128 128
1.75654 0.282444 -0.382752 128 128 128
1.72429 0.255565 -0.374108 128 128 128
1.72537 0.234123 -0.373641 128 128 128
1.71847 0.211736 -0.371305 128 128 128
1.72094 0.190632 -0.371305 128 128 128
1.70767 0.167964 -0.367567 128 128 128
1.70669 0.146744 -0.366866 128 128 128
1.70061 0.125211 -0.364998 128 128 128
1.69716 0.104032 -0.363829 128 128 128
1.69443 0.0830037 -0.362895 128 128 128
1.68657 0.0618764 -0.360792 128 128 128
1.67263 0.0408074 -0.357288 128 128 128
1.65258 0.0200147 -0.352382 128 128 128
1.64784 -0.000269734 -0.351214 128 128 128
1.64091 -0.0204122 -0.349579 128 128 128
1.62304 -0.0401291 -0.345374 128 128 128
1.62145 -0.0600081 -0.34514 128 128 128
1.61088 -0.0794306 -0.342804 128 128 128
1.59232 -0.0981308 -0.338599 128 128 128
1.58226 -0.117026 -0.336496 128 128 128
1.58265 -0.136599 -0.336964 128 128 128
1.5644 -0.154401 -0.332992 128 128 128
1.56239 -0.173587 -0.332992 128 128 128
1.53987 -0.19026 -0.328086 128 128 128
1.52586 -0.20758 -0.325283 128 128 128
1.51646 -0.225295 -0.323648 128 128 128
1.50782 -0.242964 -0.322246 128 128 128
1.49419 -0.259628 -0.319676 128 128 128
1.48994 -0.277767 -0.319443 128 128 128
1.48165 -0.295084 -0.318275 128 128 128
1.46935 -0.311437 -0.316172 128 128 128
1.46352 -0.32902 -0.315705 128 128 128
1.45275 -0.345387 -0.314069 128 128 128
1.44652 -0.362717 -0.313602 128 128 128
1.43819 -0.379452 -0.312668 128 128 128
1.42874 -0.395778 -0.3115 128 128 128
1.42098 -0.412471 -0.310799 128 128 128
1.41115 -0.428469 -0.309631 128 128 128
1.40486 -0.445461 -0.309397 128 128 128
1.38636 -0.458406 -0.306127 128 128 128
1.37603 -0.473805 -0.304958 128 128 128
1.36554 -0.489021 -0.30379 128 128 128
1.35032 -0.50236 -0.301454 128 128 128
1.33407 -0.515049 -0.298884 128 128 128
1.32223 -0.529219 -0.297483 128 128 128
1.31114 -0.543547 -0.296315 128 128 128
1.30348 -0.559214 -0.296081 128 128 128
1.28941 -0.57202 -0.294212 128 128 128
1.27698 -0.585374 -0.29281 128 128 128
1.25915 -0.596018 -0.290007 128 128 128
1.243 -0.607166 -0.287671 128 128 128
1.24415 -0.62674 -0.290007 128 128 128
1.2355 -0.641513 -0.289773 128 128 128
1.22239 -0.65388 -0.288372 128 128 128
1.21001 -0.66649 -0.287204 128 128 128
1.19666 -0.678416 -0.285802 128 128 128
1.18741 -0.692561 -0.285568 128 128 128
1.1638 -0.698092 -0.281363 128 128 128
1.14769 -0.707735 -0.279261 128 128 128
1.1455 -0.725923 -0.28113 128 128 128
1.12998 -0.735688 -0.279261 128 128 128
1.11925 -0.74842 -0.278794 128 128 128
1.10918 -0.761549 -0.27856 128 128 128
1.09736 -0.773425 -0.277859 128 128 128
1.07754 -0.779435 -0.274822 128 128 128
1.06633 -0.791442 -0.274355 128 128 128
1.05112 -0.80035 -0.27272 128 128 128
1.03738 -0.8102 -0.271551 128 128 128
1.02433 -0.820441 -0.270617 128 128 128
1.01192 -0.8311 -0.269916 128 128 128
1.00016 -0.842204 -0.269449 128 128 128
0.99196 -0.856318 -0.27015 128 128 128
0.977733 -0.865209 -0.268982 128 128 128
0.967042 -0.877142 -0.268982 128 128 128
0.956205 -0.888943 -0.268982 128 128 128
0.941701 -0.89726 -0.267814 128 128 128
0.925048 -0.90332 -0.265945 128 128 128
0.920086 -0.920787 -0.268047 128 128 128
0.907358 -0.930618 -0.26758 128 128 128
0.893857 -0.939571 -0.266879 128 128 128
0.882259 -0.95047 -0.266879 128 128 128
0.837203 -0.924504 -0.254965 128 128 128
0.859957 -0.973291 -0.267346 128 128 128
0.828246 -0.96096 -0.260104 128 128 128
0.828294 -0.985179 -0.264543 128 128 128
0.819846 -0.999777 -0.265945 128 128 128
0.806908 -1.009 -0.265711 128 128 128
0.793267 -1.0173 -0.265244 128 128 128
0.784259 -1.0316 -0.266646 128 128 128
0.766324 -1.03412 -0.264543 128 128 128
0.746734 -1.03399 -0.26174 128 128 128
0.741275 -1.05341 -0.264777 128 128 128
0.733798 -1.07044 -0.267113 128 128 128
0.711955 -1.06643 -0.263375 128 128 128
0.704653 -1.08405 -0.265945 128 128 128
0.691297 -1.09262 -0.265945 128 128 128
0.677837 -1.10102 -0.265945 128 128 128
0.664775 -1.11009 -0.266178 128 128 128
0.650613 -1.11732 -0.265945 128 128 128
0.639251 -1.12945 -0.267113 128 128 128
0.622527 -1.1321 -0.265711 128 128 128
0.608587 -1.13965 -0.265711 128 128 128
0.594556 -1.14704 -0.265711 128 128 128
0.579998 -1.15338 -0.265477 128 128 128
0.566227 -1.16128 -0.265711 128 128 128
0.547771 -1.15936 -0.263375 128 128 128
0.538369 -1.1766 -0.266178 128 128 128
0.524284 -1.184 -0.266412 128 128 128
0.510099 -1.19124 -0.266646 128 128 128
0.495442 -1.19741 -0.266646 128 128 128
0.482519 -1.20791 -0.267814 128 128 128
0.46766 -1.21374 -0.267814 128 128 128
0.453069 -1.2203 -0.268047 128 128 128
0.435763 -1.21936 -0.266412 128 128 128
0.411576 -1.19796 -0.259637 128 128 128
0.361256 -1.24752 -0.267346 128 128 128
0.351119 -1.2706 -0.272019 128 128 128
0.339227 -1.28892 -0.275523 128 128 128
0.321016 -1.28355 -0.273187 128 128 128
0.307493 -1.29685 -0.275523 128 128 128
0.291769 -1.30148 -0.275757 128 128 128
0.2782 -1.31637 -0.27856 128 128 128
0.263167 -1.32541 -0.279962 128 128 128
0.24849 -1.33714 -0.282064 128 128 128
0.230728 -1.33243 -0.280195 128 128 128
0.216531 -1.3486 -0.283466 128 128 128
0.199678 -1.34923 -0.282999 128 128 128
0.18429 -1.36025 -0.285101 128 128 128
0.167823 -1.36434 -0.285568 128 128 128
0.151391 -1.36919 -0.286269 128 128 128
0.134865 -1.37385 -0.28697 128 128 128
0.118416 -1.38024 -0.288138 128 128 128
0.101975 -1.38838 -0.289773 128 128 128
0.0852309 -1.39438 -0.290942 128 128 128
0.0685967 -1.40503 -0.293278 128 128 128
0.0514953 -1.40965 -0.294212 128 128 128
0.0343153 -1.41504 -0.29538 128 128 128
0.0169857 -1.41827 -0.296081 128 128 128
-0.000414194 -1.42712 -0.298184 128 128 128
-0.0179949 -1.43285 -0.299585 128 128 128
-0.0358555 -1.44418 -0.302389 128 128 128
-0.0537509 -1.44849 -0.303557 128 128 128
-0.0718987 -1.45549 -0.305426 128 128 128
-0.0901673 -1.46129 -0.307061 128 128 128
-0.108376 -1.46396 -0.307995 128 128 128
-0.126499 -1.46445 -0.308463 128 128 128
-0.145596 -1.4744 -0.311266 128 128 128
-0.163146 -1.46767 -0.310098 128 128 128
-0.180434 -1.45977 -0.308696 128 128 128
-0.200808 -1.47575 -0.313135 128 128 128
-0.219897 -1.47991 -0.31477 128 128 128
-0.238041 -1.4771 -0.31477 128 128 128
-0.258468 -1.48748 -0.318041 128 128 128
-0.277589 -1.48898 -0.319209 128 128 128
-0.295651 -1.48451 -0.318975 128 128 128
-0.312642 -1.47506 -0.317574 128 128 128
-0.33518 -1.49104 -0.32248 128 128 128
-0.353452 -1.48681 -0.32248 128 128 128
-0.37874 -1.51066 -0.329488 128 128 128
-0.399969 -1.51625 -0.332058 128 128 128
-0.421133 -1.5206 -0.334394 128 128 128
-0.442463 -1.52465 -0.33673 128 128 128
-0.46283 -1.52469 -0.338132 128 128 128
-0.484143 -1.52724 -0.340234 128 128 128
-0.510153 -1.54335 -0.345841 128 128 128
-0.528738 -1.53605 -0.345607 128 128 128
-0.552453 -1.54318 -0.349112 128 128 128
-0.574392 -1.54449 -0.351214 128 128 128
-0.597844 -1.54912 -0.354251 128 128 128
-0.619692 -1.5489 -0.35612 128 128 128
-0.641997 -1.54926 -0.358223 128 128 128
-0.662108 -1.54395 -0.358924 128 128 128
-0.684939 -1.5446 -0.36126 128 128 128
-0.70465 -1.53785 -0.361727 128 128 128
-0.72596 -1.53436 -0.363129 128 128 128
-0.74729 -1.53058 -0.36453 128 128 128
-0.771255 -1.53172 -0.367334 128 128 128
-0.877079 -1.54789 -0.382752 128 128 128
-0.9053 -1.55298 -0.387191 128 128 128
-0.928783 -1.54926 -0.389293 128 128 128
-0.956896 -1.55265 -0.393499 128 128 128
-0.988349 -1.56051 -0.399105 128 128 128
-0.993123 -1.52625 -0.392798 128 128 128
-1.03013 -1.54145 -0.400741 128 128 128
-1.41666 -1.52503 -0.455407 128 128 128
-1.46274 -1.53642 -0.464985 128 128 128
-1.50413 -1.50419 -0.466386 128 128 128
-1.53916 -1.50193 -0.471993 128 128 128
-1.56663 -1.49165 -0.47503 128 128 128
-1.60973 -1.49549 -0.483207 128 128 128
-1.64164 -1.48804 -0.487645 128 128 128
-1.65323 -1.46198 -0.485543 128 128 128
-1.68723 -1.45556 -0.490682 128 128 128
-1.70125 -1.43162 -0.489514 128 128 128
-1.67737 -1.37668 -0.476666 128 128 128
-2.52784 -1.15836 -0.623376 128 128 128
-2.56408 -1.13711 -0.629216 128 128 128
-2.57606 -1.10479 -0.628749 128 128 128
-1.59922 -6.80392e-05 -0.379307 128 128 128
-3.84247 1.71026 -1.07143 128 128 128
-3.84313 1.76741 -1.07784 128 128 128
-3.35099 2.55769 -1.074 128 128 128
-3.32088 2.59981 -1.07451 128 128 128
-3.21417 2.58039 -1.0491 128 128 128
-3.32243 2.73526 -1.09735 128 128 128
-3.07165 2.59234 -1.0219 128 128 128
-3.20392 2.77229 -1.07964 128 128 128
-3.16315 2.80562 -1.07733 128 128 128
-3.11562 2.83251 -1.07271 128 128 128
-3.1157 2.9756 -1.09863 128 128 128
-3.01133 2.9473 -1.07348 128 128 128
-2.97493 2.98403 -1.07348 128 128 128
-2.91452 2.99604 -1.0645 128 128 128
-2.77422 3.14705 -1.06861 128 128 128
-2.67975 3.44485 -1.11352 128 128 128
-2.60461 3.43431 -1.09914 128 128 128
-2.41599 3.44157 -1.07117 128 128 128
-2.36322 3.45579 -1.0663 128 128 128
-2.31207 3.47165 -1.06219 128 128 128
-2.2546 3.47705 -1.05501 128 128 128
-2.10502 3.62446 -1.06758 128 128 128
-1.85292 3.81124 -1.0799 128 128 128
-1.73079 3.67361 -1.03294 128 128 128
-1.67677 3.67522 -1.02729 128 128 128
-1.63077 3.69375 -1.02678 128 128 128
-1.58305 3.70815 -1.02524 128 128 128
-1.53485 3.72104 -1.02344 128 128 128
-1.48515 3.72971 -1.02062 128 128 128
-1.43892 3.74675 -1.02036 128 128 128
-1.38848 3.75234 -1.01702 128 128 128
-1.33975 3.76181 -1.01497 128 128 128
-1.29286 3.77614 -1.01446 128 128 128
-1.2401 3.77243 -1.00907 128 128 128
-1.18879 3.77169 -1.00471 128 128 128
-1.13713 3.76841 -0.99983 128 128 128
-1.08947 3.77743 -0.998547 128 128 128
-1.03767 3.77094 -0.993158 128 128 128
-0.989116 3.77498 -0.990848 128 128 128
-0.937136 3.76432 -0.984689 128 128 128
-0.88822 3.76424 -0.98161 128 128 128
-0.838819 3.7607 -0.97776 128 128 128
-0.785682 3.7376 -0.968779 128 128 128
-0.739943 3.74791 -0.969035 128 128 128
-0.690928 3.74055 -0.964673 128 128 128
-0.645462 3.7516 -0.965442 128 128 128
-0.598015 3.75065 -0.963133 128 128 128
-0.549015 3.73762 -0.957744 128 128 128
-0.502214 3.73737 -0.955947 128 128 128
-0.456545 3.74517 -0.956461 128 128 128
-0.409197 3.738 -0.953124 128 128 128
-0.361541 3.72446 -0.948248 128 128 128
-0.314681 3.71513 -0.944656 128 128 128
-0.267624 3.69847 -0.939267 128 128 128
-0.221365 3.687 -0.935417 128 128 128
-0.175338 3.67303 -0.931054 128 128 128
-0.129422 3.65076 -0.924639 128 128 128
-0.0841641 3.63178 -0.91925 128 128 128
-0.0394862 3.62191 -0.916427 128 128 128
0.004891 3.59312 -0.908728 128 128 128
0.0488269 3.58216 -0.905905 128 128 128
0.0926774 3.57743 -0.904879 128 128 128
0.135697 3.55381 -0.898976 128 128 128
0.17885 3.54319 -0.896666 128 128 128
0.221268 3.52433 -0.892304 128 128 128
0.262883 3.50015 -0.886658 128 128 128
0.30556 3.49377 -0.885888 128 128 128
0.346565 3.47149 -0.881012 128 128 128
0.386526 3.44392 -0.874853 128 128 128
0.427069 3.4255 -0.87126 128 128 128
0.4651 3.39128 -0.863562 128 128 128
0.503364 3.36333 -0.857659 128 128 128
0.540078 3.32924 -0.850217 128 128 128
0.578713 3.30999 -0.846881 128 128 128
0.617317 3.29219 -0.844058 128 128 128
0.655761 3.27489 -0.841492 128 128 128
0.693267 3.25431 -0.838156 128 128 128
0.731437 3.23802 -0.836103 128 128 128
0.763445 3.19685 -0.827377 128 128 128
0.799772 3.17599 -0.824298 128 128 128
0.836448 3.15753 -0.821988 128 128 128
0.86603 3.11445 -0.813006 128 128 128
0.899025 3.08597 -0.80813 128 128 128
0.931735 3.05807 -0.803511 128 128 128
0.961544 3.02246 -0.796839 128 128 128
0.990314 2.98568 -0.78991 128 128 128
1.02308 2.96234 -0.78683 128 128 128
1.05411 2.93502 -0.782724 128 128 128
1.08632 2.91191 -0.779901 128 128 128
1.11882 2.89025 -0.777592 128 128 128
1.14951 2.86465 -0.774256 128 128 128
1.17378 2.82446 -0.766813 128 128 128
1.20414 2.80008 -0.76399 128 128 128
1.22857 2.76303 -0.757575 128 128 128
1.25631 2.73457 -0.753725 128 128 128
1.28063 2.69975 -0.74808 128 128 128
1.29918 2.65434 -0.739354 128 128 128
1.32598 2.62699 -0.736018 128 128 128
1.34559 2.58653 -0.728833 128 128 128
1.36991 2.5562 -0.724727 128 128 128
1.39462 2.52736 -0.721134 128 128 128
1.41931 2.49914 -0.717798 128 128 128
1.44156 2.46736 -0.713435 128 128 128
1.46325 2.43541 -0.709072 128 128 128
1.48692 2.40741 -0.705993 128 128 128
1.50597 2.37268 -0.70086 128 128 128
1.51857 2.32894 -0.692905 128 128 128
1.5314 2.28687 -0.685463 128 128 128
1.55496 2.26154 -0.68341 128 128 128
1.57534 2.23203 -0.680073 128 128 128
1.59295 2.19924 -0.675711 128 128 128
1.60422 2.1586 -0.668782 128 128 128
1.61943 2.12417 -0.663906 128 128 128
1.63524 2.09121 -0.659543 128 128 128
1.65532 2.0642 -0.657234 128 128 128
1.67131 2.03255 -0.653384 128 128 128
1.67989 1.9927 -0.646712 128 128 128
1.68839 1.95368 -0.640296 128 128 128
1.7193 1.94076 -0.643119 128 128 128
1.71696 1.89093 -0.632854 128 128 128
1.18731 1.27769 -0.417801 128 128 128
1.19021 1.24976 -0.412925 128 128 128
1.23388 1.26404 -0.423703 128 128 128
1.27533 1.27471 -0.433455 128 128 128
1.76172 1.71611 -0.607705 128 128 128
1.763 1.67575 -0.600519 128 128 128
1.77776 1.64874 -0.598466 128 128 128
1.79068 1.62033 -0.5959 128 128 128
1.80172 1.59057 -0.59282 128 128 128
1.81303 1.56142 -0.589998 128 128 128
1.82613 1.53409 -0.587945 128 128 128
1.82535 1.49567 -0.581272 128 128 128
1.82013 1.45449 -0.573317 128 128 128
1.83403 1.42908 -0.572034 128 128 128
1.8468 1.40297 -0.570494 128 128 128
1.84055 1.36299 -0.562795 128 128 128
1.82104 1.31434 -0.55099 128 128 128
1.18951 0.838269 -0.34107 128 128 128
1.22126 0.838319 -0.347998 128 128 128
1.23307 0.824339 -0.348512 128 128 128
1.82816 1.1877 -0.53354 128 128 128
1.8385 1.1626 -0.532256 128 128 128
1.83945 1.13188 -0.52815 128 128 128
1.85818 1.11219 -0.52969 128 128 128
1.85245 1.07815 -0.523788 128 128 128
1.85881 1.05155 -0.521735 128 128 128
1.86309 1.02402 -0.519169 128 128 128
1.86357 0.994729 -0.515576 128 128 128
1.84901 0.958053 -0.50762 128 128 128
1.87359 0.941776 -0.51147 128 128 128
1.85283 0.903108 -0.501975 128 128 128
1.85065 0.874137 -0.498125 128 128 128
1.84892 0.845757 -0.494532 128 128 128
1.84059 0.814825 -0.489143 128 128 128
1.8211 0.779684 -0.480675 128 128 128
1.8359 0.759483 -0.482214 128 128 128
1.82172 0.727624 -0.475542 128 128 128
1.81968 0.701066 -0.472462 128 128 128
1.82906 0.679018 -0.472719 128 128 128
1.8245 0.651995 -0.469126 128 128 128
1.82596 0.627371 -0.46733 128 128 128
1.80964 0.597093 -0.460658 128 128 128
1.81867 0.575421 -0.461171 128 128 128
1.81357 0.549442 -0.457835 128 128 128
1.80531 0.522875 -0.453729 128 128 128
1.79854 0.497105 -0.450136 128 128 128
1.79889 0.473533 -0.448596 128 128 128
1.79144 0.448167 -0.445003 128 128 128
1.77234 0.420404 -0.438331 128 128 128
1.77076 0.397157 -0.436535 128 128 128
1.76888 0.374013 -0.434738 128 128 128
1.76195 0.350043 -0.431659 128 128 128
1.73189 0.322111 -0.42242 128 128 128
1.72714 0.299368 -0.420111 128 128 128
1.72209 0.276791 -0.417801 128 128 128
1.70049 0.252012 -0.411129 128 128 128
1.69771 0.230359 -0.409589 128 128 128
1.69753 0.20916 -0.408819 128 128 128
1.69805 0.188105 -0.408306 128 128 128
1.69445 0.166699 -0.406766 128 128 128
1.68674 0.145088 -0.4042 128 128 128
1.67972 0.12376 -0.40189 128 128 128
1.67532 0.102796 -0.40035 128 128 128
1.66294 0.0815995 -0.396758 128 128 128
1.65416 0.0608548 -0.394191 128 128 128
1.64608 0.0403593 -0.391882 128 128 128
1.63776 0.0200712 -0.389572 128 128 128
1.63208 -1.369e-05 -0.388032 128 128 128
1.62326 -0.0199134 -0.385723 128 128 128
1.61806 -0.0397012 -0.384439 128 128 128
1.60297 -0.0589847 -0.38059 128 128 128
1.5944 -0.0782525 -0.378537 128 128 128
1.58078 -0.0970107 -0.375201 128 128 128
1.55538 -0.114565 -0.368785 128 128 128
1.54904 -0.133216 -0.367502 128 128 128
1.54344 -0.151827 -0.366476 128 128 128
1.53378 -0.169884 -0.364423 128 128 128
1.52007 -0.187245 -0.361343 128 128 128
1.51 -0.204825 -0.35929 128 128 128
1.49973 -0.222186 -0.357237 128 128 128
1.49307 -0.23995 -0.356211 128 128 128
1.4805 -0.256578 -0.353644 128 128 128
1.47344 -0.274009 -0.352618 128 128 128
1.46428 -0.290925 -0.351078 128 128 128
1.45493 -0.307657 -0.349538 128 128 128
1.44633 -0.324417 -0.348255 128 128 128
1.4366 -0.340788 -0.346715 128 128 128
1.43138 -0.358154 -0.346459 128 128 128
1.42034 -0.373952 -0.344662 128 128 128
1.41192 -0.390313 -0.343636 128 128 128
1.39775 -0.404895 -0.34107 128 128 128
1.38805 -0.420603 -0.339786 128 128 128
1.37726 -0.435839 -0.338247 128 128 128
1.36906 -0.451791 -0.337477 128 128 128
1.35884 -0.466974 -0.336194 128 128 128
1.34937 -0.482303 -0.335167 128 128 128
1.33702 -0.496452 -0.333371 128 128 128
1.32092 -0.508971 -0.330548 128 128 128
1.31367 -0.524781 -0.330291 128 128 128
1.30268 -0.539002 -0.329008 128 128 128
1.29153 -0.553033 -0.327725 128 128 128
1.28376 -0.568446 -0.327468 128 128 128
1.27142 -0.581729 -0.325929 128 128 128
1.25633 -0.593549 -0.323619 128 128 128
1.24635 -0.607643 -0.322849 128 128 128
1.22845 -0.617651 -0.31977 128 128 128
1.20279 -0.623288 -0.31438 128 128 128
1.18228 -0.631135 -0.310531 128 128 128
1.1939 -0.656363 -0.316433 128 128 128
1.18239 -0.669051 -0.315407 128 128 128
1.17243 -0.682533 -0.314894 128 128 128
1.15072 -0.688886 -0.310788 128 128 128
1.143 -0.703464 -0.311044 128 128 128
1.1302 -0.714842 -0.309761 128 128 128
1.15208 -0.748762 -0.319513 128 128 128
1.09788 -0.732662 -0.305142 128 128 128
1.10074 -0.754311 -0.308991 128 128 128
1.08903 -0.766086 -0.308221 128 128 128
1.0772 -0.777688 -0.307451 128 128 128
1.06448 -0.788538 -0.306425 128 128 128
1.05089 -0.798605 -0.305142 128 128 128
1.0372 -0.808459 -0.303859 128 128 128
1.01741 -0.81325 -0.300523 128 128 128
1.00288 -0.821984 -0.298983 128 128 128
0.99346 -0.834854 -0.299239 128 128 128
0.986791 -0.850148 -0.300523 128 128 128
0.97484 -0.860909 -0.300009 128 128 128
0.960629 -0.869553 -0.298726 128 128 128
0.950592 -0.881935 -0.298983 128 128 128
0.935508 -0.889525 -0.297443 128 128 128
0.919001 -0.895524 -0.29539 128 128 128
0.908624 -0.90742 -0.295647 128 128 128
0.896074 -0.917115 -0.295133 128 128 128
0.888075 -0.93155 -0.296417 128 128 128
0.875265 -0.940958 -0.295903 128 128 128
0.862357 -0.950193 -0.29539 128 128 128
0.851909 -0.962155 -0.295903 128 128 128
0.838149 -0.970337 -0.295133 128 128 128
0.824938 -0.979067 -0.29462 128 128 128
0.801858 -0.975641 -0.290001 128 128 128
0.798254 -0.995992 -0.293594 128 128 128
0.761076 -0.97365 -0.282815 128 128 128
0.77007 -1.01066 -0.292054 128 128 128
0.762774 -1.02703 -0.294364 128 128 128
0.750114 -1.03632 -0.294364 128 128 128
0.738449 -1.04703 -0.294877 128 128 128
0.72609 -1.05681 -0.295133 128 128 128
0.711461 -1.06322 -0.294364 128 128 128
0.700461 -1.07512 -0.29539 128 128 128
0.682064 -1.07546 -0.292824 128 128 128
0.671845 -1.08869 -0.294364 128 128 128
0.654971 -1.09104 -0.292567 128 128 128
0.647348 -1.10903 -0.295647 128 128 128
0.632267 -1.11436 -0.294877 128 128 128
0.621328 -1.12713 -0.296417 128 128 128
0.603822 -1.12784 -0.294364 128 128 128
0.592594 -1.14032 -0.295903 128 128 128
0.576826 -1.14405 -0.294877 128 128 128
0.5619 -1.1493 -0.294364 128 128 128
0.551453 -1.16398 -0.296673 128 128 128
0.535127 -1.16626 -0.29539 128 128 128
0.522722 -1.17716 -0.296673 128 128 128
0.508615 -1.18438 -0.29693 128 128 128
0.495881 -1.195 -0.298213 128 128 128
0.481536 -1.20189 -0.29847 128 128 128
0.467096 -1.20862 -0.298726 128 128 128
0.452564 -1.21516 -0.298983 128 128 128
0.437295 -1.21971 -0.298726 128 128 128
0.422294 -1.22499 -0.298726 128 128 128
0.409336 -1.23651 -0.300523 128 128 128
0.393262 -1.23867 -0.299753 128 128 128
0.377754 -1.24248 -0.299496 128 128 128
0.35981 -1.23773 -0.29693 128 128 128
0.303063 -1.27271 -0.302062 128 128 128
0.29203 -1.2971 -0.307708 128 128 128
0.276882 -1.30437 -0.308735 128 128 128
0.261599 -1.31146 -0.309761 128 128 128
0.246009 -1.31742 -0.310531 128 128 128
0.230475 -1.32415 -0.311557 128 128 128
0.213302 -1.32115 -0.310018 128 128 128
0.201535 -1.35428 -0.31823 128 128 128
0.186816 -1.37102 -0.322079 128 128 128
0.166616 -1.34538 -0.314637 128 128 128
0.151655 -1.36174 -0.318486 128 128 128
0.134933 -1.3635 -0.318486 128 128 128
0.118272 -1.36601 -0.318743 128 128 128
0.102393 -1.37989 -0.322079 128 128 128
0.0856223 -1.38394 -0.322849 128 128 128
0.0689929 -1.39261 -0.324902 128 128 128
0.0520641 -1.39818 -0.326185 128 128 128
0.0350729 -1.40645 -0.328238 128 128 128
0.0178393 -1.40967 -0.329008 128 128 128
0.00051755 -1.41848 -0.331318 128 128 128
-0.0169465 -1.42225 -0.332344 128 128 128
-0.0345029 -1.4258 -0.333371 128 128 128
-0.0522248 -1.43106 -0.334911 128 128 128
-0.0702306 -1.439 -0.33722 128 128 128
-0.0883157 -1.44478 -0.339017 128 128 128
-0.106333 -1.44744 -0.340043 128 128 128
-0.124514 -1.45084 -0.341326 128 128 128
-0.142794 -1.45401 -0.342609 128 128 128
-0.161062 -1.45599 -0.343636 128 128 128
-0.179641 -1.45966 -0.345176 128 128 128
-0.19807 -1.46118 -0.346202 128 128 128
-0.216707 -1.46341 -0.347485 128 128 128
-0.235896 -1.46827 -0.349538 128 128 128
-0.254399 -1.46812 -0.350308 128 128 128
-0.274547 -1.47629 -0.353388 128 128 128
-0.293788 -1.47849 -0.354927 128 128 128
-0.314745 -1.48801 -0.35852 128 128 128
-0.333838 -1.4878 -0.359547 128 128 128
-0.352747 -1.48641 -0.360317 128 128 128
-0.376891 -1.5054 -0.366732 128 128 128
-0.396579 -1.50533 -0.368015 128 128 128
-0.416583 -1.50593 -0.369555 128 128 128
-0.437746 -1.50998 -0.372121 128 128 128
-0.462749 -1.52576 -0.378024 128 128 128
-0.483497 -1.52641 -0.37982 128 128 128
-0.504636 -1.52769 -0.381873 128 128 128
-0.526195 -1.5296 -0.384183 128 128 128
-0.545909 -1.52576 -0.384953 128 128 128
-0.574084 -1.54429 -0.392138 128 128 128
-0.595092 -1.54253 -0.393678 128 128 128
-0.61506 -1.5378 -0.394448 128 128 128
-0.642443 -1.55066 -0.40035 128 128 128
-0.661423 -1.54266 -0.40035 128 128 128
-0.684637 -1.54413 -0.403173 128 128 128
-0.707581 -1.54439 -0.405739 128 128 128
-0.726064 -1.53472 -0.405483 128 128 128
-0.749104 -1.53437 -0.408049 128 128 128
-0.76875 -1.52679 -0.408562 128 128 128
-0.859536 -1.56087 -0.427809 128 128 128
-0.875755 -1.54517 -0.42627 128 128 128
-0.899049 -1.54181 -0.428579 128 128 128
-0.925885 -1.54391 -0.432685 128 128 128
-0.950361 -1.54146 -0.435508 128 128 128
-0.975435 -1.53947 -0.438588 128 128 128
-1.00378 -1.54194 -0.443207 128 128 128
-0.932616 -1.39553 -0.40035 128 128 128
-0.925526 -1.34897 -0.389059 128 128 128
-0.950387 -1.34934 -0.392908 128 128 128
-1.01094 -1.36281 -0.405226 128 128 128
-1.06987 -1.40557 -0.423703 128 128 128
-1.10254 -1.41211 -0.430376 128 128 128
-1.29206 -1.49653 -0.479648 128 128 128
-1.33296 -1.46937 -0.481444 128 128 128
-1.38189 -1.4861 -0.493506 128 128 128
-1.40025 -1.3321 -0.467843 128 128 128
-1.60671 -1.49063 -0.536619 128 128 128
-1.62057 -1.46692 -0.535079 128 128 128
-1.637 -1.44565 -0.534566 128 128 128
-1.65902 -1.42923 -0.536106 128 128 128
-1.80654 -1.40775 -0.562795 128 128 128
-1.84064 -1.3983 -0.568441 128 128 128
-1.86854 -1.38364 -0.572034 128 128 128
-1.90343 -1.37359 -0.577936 128 128 128
-1.91619 -1.34735 -0.576653 128 128 128
-1.98301 -1.02716 -0.547654 128 128 128
-2.54559 -1.12523 -0.693675 128 128 128
-2.55476 -1.09202 -0.692392 128 128 128
-2.57601 -1.06389 -0.694701 128 128 128
-2.58079 -1.02899 -0.692392 128 128 128
-3.79572 1.56848 -1.15873 128 128 128
-3.8106 1.62964 -1.16971 128 128 128
-3.7868 1.67473 -1.16858 128 128 128
-3.75986 1.71828 -1.16661 128 128 128
-1.21301 0.810078 -0.381777 128 128 128
-1.18872 0.815148 -0.37671 128 128 128
-3.34968 2.6095 -1.19955 128 128 128
-3.3234 2.6552 -1.2018 128 128 128
-3.08565 2.52801 -1.1241 128 128 128
-3.18889 2.67858 -1.17562 128 128 128
-3.16857 2.86687 -1.20743 128 128 128
-3.12048 2.89379 -1.20236 128 128 128
-3.08821 2.93517 -1.20377 128 128 128
-3.04233 2.96348 -1.19983 128 128 128
-1.87475 3.71661 -1.17506 128 128 128
-1.81212 3.70486 -1.1638 128 128 128
-1.75953 3.71208 -1.15901 128 128 128
-1.70263 3.70898 -1.15113 128 128 128
-1.65465 3.72433 -1.14944 128 128 128
-1.6001 3.72408 -1.14296 128 128 128
-1.54507 3.72129 -1.13593 128 128 128
-1.49929 3.73997 -1.13593 128 128 128
-1.44497 3.73661 -1.12917 128 128 128
-1.39532 3.74417 -1.12607 128 128 128
-1.3457 3.75108 -1.12298 128 128 128
-1.29956 3.76731 -1.12298 128 128 128
-1.24931 3.77113 -1.11932 128 128 128
-1.20032 3.77795 -1.11678 128 128 128
-1.15051 3.78138 -1.11341 128 128 128
-1.10375 3.79429 -1.11312 128 128 128
-1.05325 3.79368 -1.1089 128 128 128
-1.00392 3.79612 -1.10581 128 128 128
-0.951869 3.78675 -1.09933 128 128 128
-0.9031 3.78881 -1.09652 128 128 128
-0.851465 3.77715 -1.08976 128 128 128
-0.802452 3.77511 -1.0861 128 128 128
-0.751357 3.76115 -1.07906 128 128 128
-0.703201 3.75971 -1.07597 128 128 128
-0.655855 3.76144 -1.074 128 128 128
-0.603658 3.73227 -1.06302 128 128 128
-0.556819 3.73275 -1.06105 128 128 128
-0.508756 3.72314 -1.05626 128 128 128
-0.461724 3.71863 -1.05316 128 128 128
-0.415522 3.71925 -1.05176 128 128 128
-0.369088 3.71643 -1.0495 128 128 128
-0.32287 3.71399 -1.04753 128 128 128
-0.276552 3.7081 -1.04472 128 128 128
-0.230308 3.69972 -1.04134 128 128 128
-0.183491 3.67448 -1.03318 128 128 128
-0.137693 3.65823 -1.02783 128 128 128
-0.0924451 3.64622 -1.02389 128 128 128
-0.0475514 3.63652 -1.02079 128 128 128
-0.00289612 3.61476 -1.01432 128 128 128
0.0412712 3.59726 -1.00925 128 128 128
0.0844704 3.55619 -0.997426 128 128 128
0.12783 3.54721 -0.995174 128 128 128
0.171121 3.54058 -0.993767 128 128 128
0.213229 3.51619 -0.987292 128 128 128
0.255876 3.50661 -0.985322 128 128 128
0.29767 3.48886 -0.981099 128 128 128
0.339439 3.47444 -0.978002 128 128 128
0.378911 3.4414 -0.969557 128 128 128
0.418903 3.41839 -0.964209 128 128 128
0.459284 3.40158 -0.960831 128 128 128
0.49764 3.37291 -0.954075 128 128 128
0.536421 3.35044 -0.949289 128 128 128
0.572445 3.31429 -0.940562 128 128 128
0.610106 3.29097 -0.935777 128 128 128
0.645607 3.25876 -0.928458 128 128 128
0.683967 3.24308 -0.926206 128 128 128
0.719949 3.21759 -0.921139 128 128 128
0.757394 3.20011 -0.918605 128 128 128
0.793358 3.17754 -0.914664 128 128 128
0.829614 3.15735 -0.911567 128 128 128
0.862691 3.12658 -0.905374 128 128 128
0.893008 3.0881 -0.896929 128 128 128
0.927507 3.06589 -0.893551 128 128 128
0.956399 3.02682 -0.885106 128 128 128
0.987772 2.99754 -0.879757 128 128 128
1.02137 2.97612 -0.876942 128 128 128
1.04525 2.92811 -0.865964 128 128 128
1.07544 2.89976 -0.861178 128 128 128
1.10715 2.8765 -0.858082 128 128 128
1.13562 2.84576 -0.852733 128 128 128
1.1657 2.82008 -0.849074 128 128 128
1.19456 2.79232 -0.844851 128 128 128
1.21943 2.75639 -0.838095 128 128 128
1.24599 2.7255 -0.833028 128 128 128
1.27075 2.69178 -0.827116 128 128 128
1.29739 2.66304 -0.822894 128 128 128
1.31964 2.62634 -0.816137 128 128 128
1.33986 2.58694 -0.808537 128 128 128
1.36383 2.5559 -0.803751 128 128 128
1.38448 2.51963 -0.797277 128 128 128
1.40161 2.47822 -0.789113 128 128 128
1.42227 2.44424 -0.783483 128 128 128
1.44132 2.40849 -0.77729 128 128 128
1.46625 2.38326 -0.774756 128 128 128
1.4959 2.3659 -0.775038 128 128 128
1.51437 2.33126 -0.769408 128 128 128
1.53914 2.30692 -0.767437 128 128 128
1.55487 2.26964 -0.760963 128 128 128
1.57268 2.23626 -0.755896 128 128 128
1.58092 2.19032 -0.746324 128 128 128
1.6014 2.16227 -0.743228 128 128 128
1.60693 2.11494 -0.733094 128 128 128
1.62687 2.08749 -0.730279 128 128 128
1.63919 2.05087 -0.724086 128 128 128
1.65633 2.02095 -0.720426 128 128 128
1.67237 1.99019 -0.716485 128 128 128
1.69229 1.96442 -0.714514 128 128 128
1.70484 1.93055 -0.709447 128 128 128
1.71231 1.89169 -0.70241 128 128 128
1.19795 1.29061 -0.47045 128 128 128
1.21237 1.27442 -0.469887 128 128 128
1.24599 1.27801 -0.477488 128 128 128
1.73123 1.73339 -0.67257 128 128 128
1.75992 1.71939 -0.675667 128 128 128
1.76284 1.68044 -0.668348 128 128 128
1.77139 1.64757 -0.663562 128 128 128
1.77301 1.60893 -0.656243 128 128 128
1.78472 1.58005 -0.653147 128 128 128
1.79381 1.54924 -0.649206 128 128 128
1.80536 1.52093 -0.64639 128 128 128
1.81499 1.49134 -0.643012 128 128 128
1.81519 1.45455 -0.636256 128 128 128
1.81779 1.42034 -0.630626 128 128 128
1.82593 1.39094 -0.627248 128 128 128
1.83747 1.36442 -0.625278 128 128 128
1.18817 0.859258 -0.384029 128 128 128
1.19078 0.839078 -0.381214 128 128 128
1.21364 0.833102 -0.385718 128 128 128
1.33299 0.89131 -0.424284 128 128 128
1.83168 1.19309 -0.595157 128 128 128
1.83565 1.16383 -0.591497 128 128 128
1.84653 1.1392 -0.590371 128 128 128
1.84721 1.10855 -0.585867 128 128 128
1.84328 1.07563 -0.579956 128 128 128
1.84716 1.04771 -0.576859 128 128 128
1.84392 1.01616 -0.57151 128 128 128
1.85625 0.993454 -0.57151 128 128 128
1.85128 0.961742 -0.56588 128 128 128
1.85694 0.935924 -0.56391 128 128 128
1.8433 0.900831 -0.555746 128 128 128
1.84641 0.874442 -0.553213 128 128 128
1.84131 0.844507 -0.548146 128 128 128
1.834 0.81405 -0.542515 128 128 128
1.83415 0.787312 -0.539419 128 128 128
1.84102 0.76364 -0.538574 128 128 128
1.81819 0.728126 -0.52844 128 128 128
1.80909 0.698832 -0.52281 128 128 128
1.82113 0.67792 -0.523936 128 128 128
1.80763 0.647737 -0.51718 128 128 128
1.81273 0.624566 -0.516336 128 128 128
1.79931 0.595327 -0.509861 128 128 128
1.81288 0.575238 -0.511832 128 128 128
1.80603 0.548753 -0.507609 128 128 128
1.80249 0.523597 -0.504512 128 128 128
1.80231 0.499639 -0.502542 128 128 128
1.78326 0.470852 -0.494941 128 128 128
1.77774 0.446122 -0.491563 128 128 128
1.77561 0.422491 -0.489311 128 128 128
1.76756 0.39771 -0.48537 128 128 128
1.76292 0.373991 -0.482555 128 128 128
1.76079 0.351011 -0.480585 128 128 128
1.74516 0.325665 -0.474673 128 128 128
1.72729 0.300426 -0.468198 128 128 128
1.72327 0.277979 -0.465946 128 128 128
1.7256 0.256669 -0.465665 128 128 128
1.70485 0.232217 -0.458627 128 128 128
1.699 0.210211 -0.456094 128 128 128
1.6881 0.18785 -0.452153 128 128 128
1.68455 0.166549 -0.450464 128 128 128
1.68074 0.145364 -0.448775 128 128 128
1.67569 0.124225 -0.446804 128 128 128
1.6656 0.102933 -0.443426 128 128 128
1.66578 0.0824377 -0.443144 128 128 128
1.65804 0.0616618 -0.440611 128 128 128
1.65099 0.041113 -0.438359 128 128 128
1.64658 0.0207852 -0.436951 128 128 128
1.63423 0.000562862 -0.433292 128 128 128
1.61013 -0.0192256 -0.426254 128 128 128
1.60785 -0.0389381 -0.425691 128 128 128
1.59958 -0.0583925 -0.423439 128 128 128
1.59395 -0.0777877 -0.422032 128 128 128
1.58522 -0.0968804 -0.41978 128 128 128
1.56955 -0.115284 -0.415557 128 128 128
1.54985 -0.132994 -0.410209 128 128 128
1.54524 -0.151724 -0.409364 128 128 128
1.528 -0.169001 -0.40486 128 128 128
1.52391 -0.187506 -0.404297 128 128 128
1.51483 -0.205297 -0.402326 128 128 128
1.50366 -0.222613 -0.399793 128 128 128
1.49986 -0.240898 -0.399511 128 128 128
1.47599 -0.2557 -0.393318 128 128 128
1.46897 -0.273096 -0.392192 128 128 128
1.45986 -0.289985 -0.390503 128 128 128
1.45056 -0.306692 -0.388814 128 128 128
1.44106 -0.323215 -0.387125 128 128 128
1.43232 -0.339772 -0.385718 128 128 128
1.42339 -0.356162 -0.38431 128 128 128
1.41334 -0.372142 -0.382621 128 128 128
1.40682 -0.388948 -0.382058 128 128 128
1.40009 -0.40565 -0.381495 128 128 128
1.39134 -0.421691 -0.380369 128 128 128
1.37874 -0.436424 -0.378117 128 128 128
1.37145 -0.45271 -0.377554 128 128 128
1.35944 -0.467328 -0.375583 128 128 128
1.34818 -0.482042 -0.373894 128 128 128
1.33317 -0.495218 -0.371079 128 128 128
1.3243 -0.510507 -0.370235 128 128 128
1.31348 -0.524944 -0.368827 128 128 128
1.30162 -0.538826 -0.367138 128 128 128
1.2905 -0.552873 -0.365731 128 128 128
1.2801 -0.567117 -0.364605 128 128 128
1.27305 -0.582783 -0.364605 128 128 128
1.25972 -0.595496 -0.362634 128 128 128
1.24801 -0.608811 -0.361227 128 128 128
1.21986 -0.61375 -0.354471 128 128 128
1.22076 -0.633082 -0.357286 128 128 128
1.20697 -0.644856 -0.355315 128 128 128
1.19728 -0.658695 -0.354752 128 128 128
1.18577 -0.67145 -0.353626 128 128 128
1.17495 -0.684505 -0.352782 128 128 128
1.13681 -0.681147 -0.342647 128 128 128
1.14635 -0.706099 -0.348841 128 128 128
1.14166 -0.722676 -0.350248 128 128 128
1.12465 -0.731408 -0.347433 128 128 128
1.1148 -0.744622 -0.347152 128 128 128
1.10399 -0.757162 -0.346589 128 128 128
1.08833 -0.76624 -0.344337 128 128 128
1.07574 -0.777293 -0.343211 128 128 128
1.06689 -0.791006 -0.343492 128 128 128
1.05251 -0.800558 -0.341803 128 128 128
1.03807 -0.809877 -0.340114 128 128 128
1.0258 -0.820759 -0.339269 128 128 128
1.01491 -0.832677 -0.338988 128 128 128
1.00241 -0.843218 -0.338143 128 128 128
0.989806 -0.853578 -0.337299 128 128 128
0.975659 -0.862487 -0.335891 128 128 128
0.966425 -0.875682 -0.336454 128 128 128
0.954199 -0.886171 -0.335891 128 128 128
0.939773 -0.894509 -0.334484 128 128 128
0.933539 -0.91066 -0.336454 128 128 128
0.910745 -0.910526 -0.331669 128 128 128
0.89749 -0.919576 -0.330824 128 128 128
0.882825 -0.927049 -0.329417 128 128 128
0.872036 -0.938515 -0.329698 128 128 128
0.859163 -0.947725 -0.329135 128 128 128
0.848105 -0.958915 -0.329417 128 128 128
0.818701 -0.948927 -0.321535 128 128 128
0.82741 -0.983108 -0.330824 128 128 128
0.806749 -0.982813 -0.326883 128 128 128
0.795828 -0.994136 -0.327446 128 128 128
0.787116 -1.00836 -0.329135 128 128 128
0.772937 -1.01566 -0.328291 128 128 128
0.760415 -1.02506 -0.328291 128 128 128
0.744964 -1.03043 -0.326883 128 128 128
0.732816 -1.04028 -0.327165 128 128 128
0.722714 -1.05315 -0.328572 128 128 128
0.706532 -1.05716 -0.326883 128 128 128
0.70399 -1.08182 -0.332513 128 128 128
0.686032 -1.08309 -0.32998 128 128 128
0.669664 -1.08653 -0.328291 128 128 128
0.655786 -1.09384 -0.328009 128 128 128
0.642313 -1.1018 -0.328009 128 128 128
0.628744 -1.1096 -0.328009 128 128 128
0.615544 -1.11808 -0.328291 128 128 128
0.603137 -1.12808 -0.329135 128 128 128
0.589248 -1.1354 -0.329135 128 128 128
0.575703 -1.1434 -0.329417 128 128 128
0.562472 -1.1521 -0.32998 128 128 128
0.549114 -1.16065 -0.330543 128 128 128
0.536032 -1.16992 -0.331387 128 128 128
0.522415 -1.17816 -0.33195 128 128 128
0.508676 -1.18625 -0.332513 128 128 128
0.495185 -1.19506 -0.333358 128 128 128
0.481912 -1.20461 -0.334484 128 128 128
0.467786 -1.21222 -0.335047 128 128 128
0.454216 -1.22147 -0.336173 128 128 128
0.439842 -1.22876 -0.336736 128 128 128
0.423477 -1.23043 -0.33561 128 128 128
0.411064 -1.24373 -0.338143 128 128 128
0.392862 -1.23954 -0.335328 128 128 128
0.335007 -1.27031 -0.339269 128 128 128
0.322204 -1.28549 -0.342647 128 128 128
0.307741 -1.29495 -0.344337 128 128 128
0.293941 -1.30799 -0.347152 128 128 128
0.277068 -1.30774 -0.346026 128 128 128
0.261564 -1.31387 -0.34687 128 128 128
0.246659 -1.32358 -0.348841 128 128 128
0.233536 -1.34447 -0.354189 128 128 128
0.217634 -1.35102 -0.355315 128 128 128
0.200045 -1.34695 -0.353345 128 128 128
0.184934 -1.35976 -0.356441 128 128 128
0.168352 -1.36288 -0.356723 128 128 128
0.152042 -1.36865 -0.357849 128 128 128
0.135426 -1.37233 -0.358412 128 128 128
0.118658 -1.37484 -0.358693 128 128 128
0.102065 -1.38002 -0.359819 128 128 128
0.0858419 -1.39266 -0.363197 128 128 128
0.0687935 -1.39457 -0.363479 128 128 128
0.0519665 -1.40298 -0.365731 128 128 128
0.0349433 -1.41118 -0.367983 128 128 128
0.0176749 -1.41534 -0.369109 128 128 128
0.000313031 -1.42217 -0.371079 128 128 128
-0.0171818 -1.42591 -0.372205 128 128 128
-0.0347682 -1.42942 -0.373331 128 128 128
-0.0524778 -1.43369 -0.374739 128 128 128
-0.0703891 -1.43964 -0.37671 128 128 128
-0.0884544 -1.44538 -0.37868 128 128 128
-0.106463 -1.44801 -0.379806 128 128 128
-0.124467 -1.44946 -0.380651 128 128 128
-0.143082 -1.45642 -0.383184 128 128 128
-0.160315 -1.44883 -0.381495 128 128 128
-0.179479 -1.45819 -0.384873 128 128 128
-0.197616 -1.45778 -0.385436 128 128 128
-0.215909 -1.45809 -0.386281 128 128 128
-0.234845 -1.46196 -0.388251 128 128 128
-0.254234 -1.46748 -0.390785 128 128 128
-0.274317 -1.47557 -0.394163 128 128 128
-0.295382 -1.48716 -0.398667 128 128 128
-0.315981 -1.49469 -0.402045 128 128 128
-0.338482 -1.50943 -0.407675 128 128 128
-0.3572 -1.50609 -0.407956 128 128 128
-0.377512 -1.50905 -0.410209 128 128 128
-0.401358 -1.52472 -0.416402 128 128 128
-0.420548 -1.52153 -0.416965 128 128 128
-0.442648 -1.52824 -0.420624 128 128 128
-0.464143 -1.53188 -0.423439 128 128 128
-0.48435 -1.53064 -0.424847 128 128 128
-0.507596 -1.53826 -0.429069 128 128 128
-0.528612 -1.53826 -0.43104 128 128 128
-0.548738 -1.53528 -0.432166 128 128 128
-0.571536 -1.53923 -0.435544 128 128 128
-0.597956 -1.5518 -0.441737 128 128 128
-0.617665 -1.54613 -0.4423 128 128 128
-0.638422 -1.54287 -0.443708 128 128 128
-1.38622 -1.60876 -0.576859 128 128 128
-1.38745 -1.57076 -0.568695 128 128 128
-1.38024 -1.52443 -0.557154 128 128 128
-1.41058 -1.52005 -0.562221 128 128 128
-1.50759 -1.50922 -0.579674 128 128 128
-1.51982 -1.48456 -0.57714 128 128 128
-1.54556 -1.47309 -0.580237 128 128 128
-1.57335 -1.46317 -0.584178 128 128 128
-1.61534 -1.46569 -0.593749 128 128 128
-1.7643 -1.41371 -0.617114 128 128 128
-1.81477 -1.41797 -0.6295 128 128 128
-1.84958 -1.40898 -0.635975 128 128 128
-2.44486 -1.19531 -0.752236 128 128 128
-2.45327 -1.16234 -0.750266 128 128 128
-2.47607 -1.13616 -0.753081 128 128 128
-2.50736 -1.11348 -0.758711 128 128 128
-2.54728 -1.094 -0.767156 128 128 128
-2.56317 -1.06377 -0.768 128 128 128
-3.78872 1.63865 -1.27063 128 128 128
-3.77702 1.68892 -1.27367 128 128 128
-3.77589 1.74435 -1.28066 128 128 128
-3.74561 1.78644 -1.27762 128 128 128
-3.78919 1.86473 -1.30104 128 128 128
-3.6713 2.15582 -1.31198 128 128 128
-3.23445 2.60595 -1.27884 128 128 128
-3.21323 2.65456 -1.2834 128 128 128
-3.26322 2.76406 -1.31806 128 128 128
-3.22833 2.80327 -1.31776 128 128 128
-3.19085 2.84014 -1.31654 128 128 128
-3.17441 2.9684 -1.34026 128 128 128
-3.08827 2.95962 -1.31837 128 128 128
-3.04425 2.98995 -1.31502 128 128 128
-3.00062 3.02032 -1.31198 128 128 128
-2.9885 3.08293 -1.32353 128 128 128
-2.84817 3.1632 -1.31168 128 128 128
-2.80914 3.19792 -1.31168 128 128 128
-2.79259 3.25893 -1.32293 128 128 128
-2.68412 3.29249 -1.30894 128 128 128
-2.61864 3.29384 -1.29617 128 128 128
-2.56986 3.31518 -1.29191 128 128 128
-2.53702 3.35711 -1.29617 128 128 128
-2.5024 3.3972 -1.29982 128 128 128
-2.36484 3.38104 -1.27002 128 128 128
-1.97503 3.61607 -1.2682 128 128 128
-1.85566 3.49857 -1.21712 128 128 128
-1.80562 3.50752 -1.21226 128 128 128
-1.65532 3.64483 -1.2308 128 128 128
-1.61467 3.67447 -1.23415 128 128 128
-1.57615 3.70979 -1.23962 128 128 128
-1.53664 3.74384 -1.24479 128 128 128
-1.48288 3.74293 -1.2381 128 128 128
-1.42802 3.73769 -1.2302 128 128 128
-1.3768 3.74063 -1.22533 128 128 128
-1.32762 3.74826 -1.22229 128 128 128
-1.27724 3.75164 -1.21803 128 128 128
-1.22963 3.7625 -1.21651 128 128 128
-1.17882 3.76276 -1.21165 128 128 128
-1.12492 3.75138 -1.20314 128 128 128
-1.08063 3.77131 -1.20526 128 128 128
-1.02977 3.76774 -1.19979 128 128 128
-0.981544 3.77272 -1.19736 128 128 128
-0.931759 3.7706 -1.1928 128 128 128
-0.880878 3.76227 -1.18641 128 128 128
-0.833004 3.76535 -1.18398 128 128 128
-0.781128 3.74824 -1.17517 128 128 128
-0.730888 3.73604 -1.16817 128 128 128
-0.68226 3.72973 -1.16331 128 128 128
-0.632943 3.71715 -1.15662 128 128 128
-0.587133 3.7237 -1.15632 128 128 128
-0.539764 3.71931 -1.15267 128 128 128
-0.492218 3.71149 -1.14811 128 128 128
-0.445059 3.704 -1.14385 128 128 128
-0.398966 3.7035 -1.14203 128 128 128
-0.35188 3.69105 -1.13655 128 128 128
-0.304693 3.6723 -1.12926 128 128 128
-0.259077 3.66816 -1.12682 128 128 128
-0.212412 3.64253 -1.1177 128 128 128
-0.166927 3.62773 -1.11223 128 128 128
-0.122087 3.61998 -1.10919 128 128 128
-0.0772869 3.60311 -1.10341 128 128 128
-0.0329505 3.5895 -1.09885 128 128 128
0.0110321 3.57344 -1.09368 128 128 128
0.0545527 3.55303 -1.0873 128 128 128
0.0977934 3.53971 -1.08335 128 128 128
0.140794 3.52778 -1.08 128 128 128
0.183313 3.51151 -1.07544 128 128 128
0.225204 3.49094 -1.06967 128 128 128
0.266915 3.47367 -1.06511 128 128 128
0.307464 3.44736 -1.05781 128 128 128
0.348187 3.42816 -1.05294 128 128 128
0.389358 3.41606 -1.05051 128 128 128
0.42763 3.38268 -1.04139 128 128 128
0.466597 3.35925 -1.03561 128 128 128
0.503759 3.3269 -1.0271 128 128 128
0.542684 3.30919 -1.02345 128 128 128
0.576745 3.2657 -1.0116 128 128 128
0.615885 3.2537 -1.01008 128 128 128
0.654058 3.23749 -1.00734 128 128 128
0.690115 3.21246 -1.00187 128 128 128
0.72587 3.18796 -0.996698 128 128 128
0.761352 3.164 -0.991834 128 128 128
0.795885 3.1378 -0.986361 128 128 128
0.827916 3.10388 -0.978456 128 128 128
0.8613 3.07698 -0.972984 128 128 128
0.892533 3.04424 -0.965687 128 128 128
0.928141 3.0276 -0.963863 128 128 128
0.956478 2.98877 -0.954742 128 128 128
0.98703 2.95874 -0.948661 128 128 128
1.01228 2.91493 -0.93802 128 128 128
1.04733 2.90049 -0.937412 128 128 128
1.07512 2.86692 -0.930419 128 128 128
1.10398 2.83753 -0.924946 128 128 128
1.13658 2.81847 -0.923122 128 128 128
1.16334 2.78586 -0.916738 128 128 128
1.18873 2.75128 -0.909745 128 128 128
1.21616 2.72257 -0.90488 128 128 128
1.24067 2.68843 -0.898192 128 128 128
1.26371 2.65237 -0.890895 128 128 128
1.28647 2.61701 -0.883902 128 128 128
1.30812 2.58065 -0.876605 128 128 128
1.33173 2.54922 -0.871133 128 128 128
1.35612 2.52011 -0.866572 128 128 128
1.37676 2.48496 -0.859883 128 128 128
1.40005 2.45547 -0.855323 128 128 128
1.42283 2.42579 -0.850762 128 128 128
1.44855 2.40163 -0.84833 128 128 128
1.47036 2.37154 -0.84377 128 128 128
1.48499 2.33084 -0.835257 128 128 128
1.49884 2.29014 -0.826744 128 128 128
1.51991 2.26131 -0.822791 128 128 128
1.5432 2.23622 -0.820359 128 128 128
1.55673 2.1977 -0.812758 128 128 128
1.5645 2.15226 -0.802421 128 128 128
1.57995 2.11841 -0.796644 128 128 128
1.59365 2.08299 -0.79026 128 128 128
1.61319 2.05579 -0.787219 128 128 128
1.62633 2.02102 -0.781139 128 128 128
1.64251 1.99063 -0.776882 128 128 128
1.65448 1.9558 -0.770802 128 128 128
1.67773 1.93463 -0.770498 128 128 128
1.69501 1.90679 -0.767457 128 128 128
1.68036 1.84436 -0.749519 128 128 128
1.17594 1.26116 -0.503557 128 128 128
1.19396 1.24939 -0.504773 128 128 128
1.18315 1.20816 -0.492915 128 128 128
1.18435 1.18013 -0.486835 128 128 128
1.19738 1.16419 -0.486227 128 128 128
1.20464 1.14286 -0.483186 128 128 128
1.20597 1.11638 -0.477714 128 128 128
1.20895 1.09194 -0.473153 128 128 128
1.74447 1.53486 -0.694793 128 128 128
1.78417 1.53129 -0.70361 128 128 128
1.79039 1.49891 -0.698442 128 128 128
1.79608 1.4666 -0.693273 128 128 128
1.80499 1.43735 -0.689625 128 128 128
1.8127 1.40751 -0.685672 128 128 128
1.82071 1.37828 -0.682024 128 128 128
1.81829 1.34172 -0.674423 128 128 128
1.16937 0.842742 -0.413259 128 128 128
1.17806 0.827238 -0.412651 128 128 128
1.21255 0.829324 -0.422076 128 128 128
1.74849 1.16254 -0.623346 128 128 128
1.81707 1.17609 -0.64402 128 128 128
1.80393 1.13649 -0.633683 128 128 128
1.82343 1.11774 -0.635811 128 128 128
1.83046 1.09139 -0.633379 128 128 128
1.83299 1.06265 -0.629426 128 128 128
1.83924 1.03635 -0.626994 128 128 128
1.84346 1.00915 -0.623954 128 128 128
1.8296 0.972636 -0.614529 128 128 128
1.84394 0.951416 -0.615441 128 128 128
1.82563 0.913851 -0.6048 128 128 128
1.82898 0.887651 -0.602063 128 128 128
1.83111 0.861103 -0.599023 128 128 128
1.81898 0.828349 -0.591118 128 128 128
1.8133 0.799082 -0.585646 128 128 128
1.81244 0.77231 -0.581997 128 128 128
1.79886 0.740629 -0.574092 128 128 128
1.79629 0.713949 -0.57014 128 128 128
1.79513 0.688122 -0.566795 128 128 128
1.79539 0.663087 -0.564059 128 128 128
1.78901 0.635931 -0.559195 128 128 128
1.80029 0.615154 -0.560411 128 128 128
1.78868 0.58682 -0.554026 128 128 128
1.78938 0.562839 -0.551898 128 128 128
1.78885 0.538656 -0.549466 128 128 128
1.78067 0.512481 -0.544601 128 128 128
1.7712 0.486337 -0.539433 128 128 128
1.77242 0.463371 -0.537912 128 128 128
1.75762 0.436579 -0.531224 128 128 128
1.75172 0.412383 -0.527575 128 128 128
1.75013 0.389422 -0.525447 128 128 128
1.74638 0.366176 -0.522711 128 128 128
1.74326 0.343262 -0.520278 128 128 128
1.71267 0.315539 -0.509029 128 128 128
1.70608 0.29275 -0.505685 128 128 128
1.70107 0.270465 -0.502949 128 128 128
1.69766 0.24862 -0.50082 128 128 128
1.69397 0.226899 -0.498692 128 128 128
1.6796 0.204067 -0.493219 128 128 128
1.6744 0.182632 -0.490787 128 128 128
1.66419 0.160909 -0.486835 128 128 128
1.66319 0.140242 -0.485923 128 128 128
1.65053 0.118831 -0.481362 128 128 128
1.64901 0.098404 -0.48045 128 128 128
1.64438 0.0779045 -0.478626 128 128 128
1.63664 0.0574402 -0.47589 128 128 128
1.63151 0.0372357 -0.474065 128 128 128
1.62041 0.0171198 -0.470417 128 128 128
1.61478 -0.00274222 -0.468593 128 128 128
1.60987 -0.0224793 -0.467073 128 128 128
1.58757 -0.0416027 -0.46008 128 128 128
1.58503 -0.0610033 -0.459472 128 128 128
1.56514 -0.0794341 -0.453391 128 128 128
1.56024 -0.098385 -0.452175 128 128 128
1.54942 -0.116783 -0.449135 128 128 128
1.54028 -0.135102 -0.446702 128 128 128
1.52714 -0.152825 -0.443054 128 128 128
1.52231 -0.171227 -0.442142 128 128 128
1.51253 -0.18893 -0.43971 128 128 128
1.50632 -0.206948 -0.438494 128 128 128
1.48107 -0.221967 -0.431197 128 128 128
1.47259 -0.239193 -0.429373 128 128 128
1.46861 -0.257079 -0.429069 128 128 128
1.45037 -0.272229 -0.424204 128 128 128
1.45159 -0.290955 -0.425724 128 128 128
1.43487 -0.305929 -0.421468 128 128 128
1.4273 -0.322664 -0.420252 128 128 128
1.4186 -0.339034 -0.418731 128 128 128
1.40695 -0.354534 -0.416299 128 128 128
1.39973 -0.371033 -0.415387 128 128 128
1.3914 -0.38715 -0.414171 128 128 128
1.38198 -0.402849 -0.412651 128 128 128
1.37602 -0.419498 -0.412347 128 128 128
1.36714 -0.435186 -0.411131 128 128 128
1.35718 -0.450416 -0.40961 128 128 128
1.34346 -0.464214 -0.406874 128 128 128
1.33318 -0.479041 -0.405354 128 128 128
1.32274 -0.493687 -0.403834 128 128 128
1.31215 -0.508149 -0.402314 128 128 128
1.29169 -0.518493 -0.397449 128 128 128
1.28523 -0.534305 -0.397449 128 128 128
1.27245 -0.547383 -0.395321 128 128 128
1.2613 -0.561008 -0.393801 128 128 128
1.25777 -0.578045 -0.395017 128 128 128
1.23769 -0.587272 -0.390456 128 128 128
1.22441 -0.599466 -0.388328 128 128 128
1.21696 -0.614447 -0.388328 128 128 128
1.19583 -0.622257 -0.383464 128 128 128
1.17469 -0.629643 -0.378599 128 128 128
1.17437 -0.648177 -0.381335 128 128 128
1.16468 -0.661593 -0.380727 128 128 128
1.15893 -0.677285 -0.381639 128 128 128
1.14483 -0.688004 -0.379511 128 128 128
1.13145 -0.698982 -0.377687 128 128 128
1.11877 -0.710248 -0.376167 128 128 128
1.12192 -0.731767 -0.380727 128 128 128
1.09784 -0.73536 -0.374951 128 128 128
1.08717 -0.747692 -0.374343 128 128 128
1.07947 -0.762081 -0.374951 128 128 128
1.05695 -0.765728 -0.369782 128 128 128
1.04442 -0.776357 -0.368566 128 128 128
1.04388 -0.796076 -0.372214 128 128 128
1.0243 -0.801166 -0.368262 128 128 128
1.0144 -0.813675 -0.368262 128 128 128
1.00213 -0.824239 -0.36735 128 128 128
0.994848 -0.838941 -0.368566 128 128 128
0.973697 -0.841707 -0.364005 128 128 128
0.960451 -0.851056 -0.362789 128 128 128
0.948528 -0.861492 -0.362181 128 128 128
0.935799 -0.871113 -0.361269 128 128 128
0.9271 -0.884511 -0.362181 128 128 128
0.914139 -0.893817 -0.361269 128 128 128
0.896394 -0.898202 -0.358229 128 128 128
0.881992 -0.905712 -0.356709 128 128 128
0.872119 -0.917852 -0.357317 128 128 128
0.864017 -0.931989 -0.358837 128 128 128
0.848695 -0.93827 -0.357013 128 128 128
0.840257 -0.952196 -0.358533 128 128 128
0.830366 -0.964607 -0.359445 128 128 128
0.818467 -0.974725 -0.359445 128 128 128
0.806444 -0.984695 -0.359445 128 128 128
0.78897 -0.987801 -0.356709 128 128 128
0.772708 -0.992134 -0.35458 128 128 128
0.763917 -1.0061 -0.356405 128 128 128
0.735149 -0.993144 -0.347588 128 128 128
0.74066 -1.02687 -0.357317 128 128 128
0.730184 -1.03901 -0.358533 128 128 128
0.714701 -1.04395 -0.357013 128 128 128
0.70394 -1.05582 -0.358229 128 128 128
0.691962 -1.06598 -0.358837 128 128 128
0.679335 -1.0752 -0.359141 128 128 128
0.663112 -1.07858 -0.357317 128 128 128
0.657607 -1.09974 -0.362181 128 128 128
0.635014 -1.09205 -0.356405 128 128 128
0.626225 -1.10807 -0.359445 128 128 128
0.614404 -1.11902 -0.360661 128 128 128
0.596616 -1.11889 -0.357925 128 128 128
0.582405 -1.12528 -0.357621 128 128 128
0.568552 -1.13235 -0.357621 128 128 128
0.555857 -1.14181 -0.358533 128 128 128
0.541803 -1.14855 -0.358533 128 128 128
0.530026 -1.16032 -0.360357 128 128 128
0.515365 -1.16586 -0.360053 128 128 128
0.501763 -1.17385 -0.360661 128 128 128
0.493093 -1.19403 -0.365526 128 128 128
0.473504 -1.18758 -0.361269 128 128 128
0.458895 -1.1933 -0.361269 128 128 128
0.445201 -1.20153 -0.362181 128 128 128
0.431374 -1.2096 -0.363093 128 128 128
0.417416 -1.21751 -0.364005 128 128 128
0.403329 -1.22525 -0.364918 128 128 128
0.394224 -1.24921 -0.371302 128 128 128
0.376956 -1.24756 -0.369174 128 128 128
0.360049 -1.2466 -0.36735 128 128 128
0.347227 -1.26011 -0.37039 128 128 128
0.33317 -1.26981 -0.372214 128 128 128
0.271042 -1.28743 -0.373126 128 128 128
0.259043 -1.3103 -0.379511 128 128 128
0.243455 -1.31619 -0.380423 128 128 128
0.227762 -1.3219 -0.381335 128 128 128
0.211818 -1.32647 -0.381943 128 128 128
0.197289 -1.34123 -0.385896 128 128 128
0.180319 -1.33977 -0.38468 128 128 128
0.16499 -1.35135 -0.38772 128 128 128
0.14991 -1.36748 -0.392281 128 128 128
0.132581 -1.36352 -0.390456 128 128 128
0.116227 -1.3698 -0.391976 128 128 128
0.0996731 -1.37492 -0.393193 128 128 128
0.0830108 -1.37984 -0.394409 128 128 128
0.0663708 -1.38742 -0.396537 128 128 128
0.0496504 -1.39765 -0.399577 128 128 128
0.0325727 -1.40197 -0.400793 128 128 128
0.0153889 -1.40512 -0.401706 128 128 128
-0.00189549 -1.41473 -0.404746 128 128 128
-0.0193506 -1.42031 -0.40657 128 128 128
-0.0368059 -1.42092 -0.406874 128 128 128
-0.0545919 -1.42893 -0.40961 128 128 128
-0.0722753 -1.43101 -0.410522 128 128 128
-0.0899553 -1.43191 -0.411131 128 128 128
-0.107743 -1.43355 -0.412043 128 128 128
-0.125584 -1.43497 -0.412955 128 128 128
-0.143573 -1.43711 -0.414171 128 128 128
-0.162833 -1.44943 -0.418731 128 128 128
-0.18109 -1.45111 -0.419948 128 128 128
-0.199809 -1.45538 -0.422076 128 128 128
-0.218947 -1.46129 -0.424812 128 128 128
-0.237329 -1.46132 -0.425724 128 128 128
-0.256579 -1.4658 -0.428156 128 128 128
-0.275974 -1.47002 -0.430589 128 128 128
-0.297599 -1.48426 -0.436365 128 128 128
-0.317803 -1.48981 -0.439406 128 128 128
-0.337763 -1.49323 -0.441838 128 128 128
-0.35875 -1.50008 -0.445486 128 128 128
-0.378779 -1.50203 -0.447615 128 128 128
-0.39965 -1.50647 -0.450655 128 128 128
-0.42146 -1.51337 -0.454607 128 128 128
-0.443499 -1.51997 -0.45856 128 128 128
-0.464642 -1.52261 -0.461296 128 128 128
-0.485332 -1.52314 -0.463424 128 128 128
-0.50429 -1.51797 -0.463728 128 128 128
-0.53135 -1.53595 -0.471937 128 128 128
-0.552107 -1.53469 -0.473761 128 128 128
-0.572913 -1.53315 -0.475586 128 128 128
-0.593763 -1.53133 -0.47741 128 128 128
-0.614655 -1.52923 -0.479234 128 128 128
-0.640372 -1.53826 -0.485011 128 128 128
-0.658822 -1.52941 -0.484707 128 128 128
-0.670915 -1.50643 -0.479538 128 128 128
-0.695356 -1.51106 -0.484098 128 128 128
-0.742349 -1.38342 -0.454303 128 128 128
-0.775603 -1.36396 -0.453999 128 128 128
-0.823268 -1.33125 -0.452783 128 128 128
-0.842621 -1.32587 -0.454607 128 128 128
-0.877129 -1.3433 -0.465248 128 128 128
-0.954799 -1.42327 -0.500212 128 128 128
-0.992799 -1.44121 -0.511765 128 128 128
-1.08215 -1.52987 -0.55129 128 128 128
-1.07558 -1.48183 -0.537608 128 128 128
-1.08569 -1.45784 -0.533352 128 128 128
-1.10408 -1.44517 -0.533656 128 128 128
-1.23134 -1.57074 -0.590206 128 128 128
-1.24155 -1.54439 -0.585646 128 128 128
-1.18447 -1.43731 -0.547641 128 128 128
-1.23099 -1.4568 -0.561931 128 128 128
-1.24503 -1.43727 -0.560107 128 128 128
-1.38469 -1.5209 -0.609664 128 128 128
-1.40064 -1.50101 -0.608448 128 128 128
-1.44403 -1.50983 -0.620001 128 128 128
-1.45711 -1.48656 -0.617569 128 128 128
-1.49283 -1.48601 -0.625474 128 128 128
-1.5219 -1.47817 -0.630338 128 128 128
-1.56487 -1.48293 -0.641284 128 128 128
-1.58645 -1.46684 -0.642804 128 128 128
-1.60504 -1.4479 -0.643108 128 128 128
-1.77722 -1.48792 -0.692969 128 128 128
-1.76726 -1.44316 -0.681416 128 128 128
-1.78857 -1.42432 -0.682936 128 128 128
-1.82852 -1.41975 -0.692057 128 128 128
-1.82983 -1.38516 -0.685672 128 128 128
-1.88961 -1.3587 -0.69601 128 128 128
-2.3345 -1.27671 -0.802421 128 128 128
-2.26831 -1.20475 -0.77293 128 128 128
-2.53229 -1.11415 -0.836169 128 128 128
-2.56156 -1.08968 -0.841641 128 128 128
-2.58708 -1.06322 -0.845898 128 128 128
-2.61588 -1.03769 -0.85137 128 128 128
-2.63554 -1.00823 -0.853803 128 128 128
-3.84458 1.53138 -1.39189 128 128 128
-3.82986 1.58024 -1.39353 128 128 128
-3.82408 1.63305 -1.39879 128 128 128
-3.82449 1.689 -1.40667 128 128 128
-3.80433 1.7362 -1.407 128 128 128
-3.43761 2.60801 -1.45332 128 128 128
-3.40237 2.64768 -1.45201 128 128 128
-3.30317 2.63623 -1.42244 128 128 128
-3.22794 2.84633 -1.44938 128 128 128
-3.20468 2.89649 -1.45497 128 128 128
-3.16959 2.93624 -1.4553 128 128 128
-2.99857 3.06461 -1.4438 128 128 128
-2.96792 3.10869 -1.44741 128 128 128
-2.9289 3.14418 -1.44708 128 128 128
-2.88628 3.1757 -1.44511 128 128 128
-2.66837 3.32462 -1.43526 128 128 128
-2.62388 3.35265 -1.43328 128 128 128
-2.58483 3.3876 -1.4346 128 128 128
-1.71572 3.61489 -1.34425 128 128 128
-1.6665 3.62537 -1.34031 128 128 128
-1.63879 3.68352 -1.35476 128 128 128
-1.58973 3.69467 -1.35148 128 128 128
-1.53846 3.69995 -1.34622 128 128 128
-1.51302 3.76851 -1.36495 128 128 128
-1.45505 3.75685 -1.35378 128 128 128
-1.40487 3.7638 -1.34984 128 128 128
-1.35634 3.77454 -1.34754 128 128 128
-1.30189 3.76769 -1.33899 128 128 128
-1.25198 3.77263 -1.33505 128 128 128
-1.16975 3.67522 -1.29398 128 128 128
-1.12621 3.69472 -1.29596 128 128 128
-1.09851 3.76901 -1.31797 128 128 128
-1.04939 3.7722 -1.31435 128 128 128
-1.00012 3.77383 -1.31041 128 128 128
-0.95165 3.77758 -1.30745 128 128 128
-0.902364 3.77703 -1.30318 128 128 128
-0.853444 3.77677 -1.29924 128 128 128
-0.800131 3.75463 -1.28774 128 128 128
-0.75381 3.76324 -1.28741 128 128 128
-0.706002 3.76385 -1.28446 128 128 128
-0.656011 3.75083 -1.2769 128 128 128
-0.606445 3.73716 -1.26934 128 128 128
-0.558577 3.73124 -1.26474 128 128 128
-0.510172 3.7191 -1.25817 128 128 128
-0.460744 3.6951 -1.24766 128 128 128
-0.413779 3.68639 -1.24273 128 128 128
-0.367851 3.68461 -1.24043 128 128 128
-0.321451 3.67568 -1.23583 128 128 128
-0.275254 3.66522 -1.23091 128 128 128
-0.229601 3.65795 -1.22729 128 128 128
-0.183496 3.63691 -1.21908 128 128 128
-0.138415 3.62757 -1.21514 128 128 128
-0.0933686 3.60916 -1.20824 128 128 128
-0.0487548 3.58737 -1.20035 128 128 128
-0.00470607 3.57448 -1.19575 128 128 128
0.038939 3.55349 -1.18852 128 128 128
0.0821114 3.53386 -1.18195 128 128 128
0.12504 3.52031 -1.17768 128 128 128
0.166843 3.48927 -1.1675 128 128 128
0.208748 3.47187 -1.16224 128 128 128
0.250591 3.45869 -1.15863 128 128 128
0.291983 3.44312 -1.15436 128 128 128
0.33385 3.43551 -1.15304 128 128 128
0.373421 3.40768 -1.14483 128 128 128
0.413842 3.3916 -1.14089 128 128 128
0.453799 3.37409 -1.13662 128 128 128
0.490924 3.3393 -1.12643 128 128 128
0.529935 3.3209 -1.12216 128 128 128
0.56665 3.29087 -1.11395 128 128 128
0.603223 3.26324 -1.10672 128 128 128
0.639204 3.2352 -1.09949 128 128 128
0.673617 3.20216 -1.09062 128 128 128
0.709165 3.17706 -1.08471 128 128 128
0.746583 3.16168 -1.08241 128 128 128
0.780766 3.13395 -1.07584 128 128 128
0.817253 3.11682 -1.07321 128 128 128
0.852435 3.09563 -1.06926 128 128 128
0.880683 3.05136 -1.05711 128 128 128
0.91479 3.02947 -1.05317 128 128 128
0.945088 2.99639 -1.04528 128 128 128
0.975893 2.96662 -1.03871 128 128 128
1.00458 2.93208 -1.0305 128 128 128
1.0332 2.89907 -1.02294 128 128 128
1.06182 2.86757 -1.01604 128 128 128
1.08678 2.82787 -1.00619 128 128 128
1.11791 2.80554 -1.0029 128 128 128
1.14757 2.78026 -0.99863 128 128 128
1.17604 2.75294 -0.993702 128 128 128
1.20745 2.73312 -0.99173 128 128 128
1.22954 2.69317 -0.982203 128 128 128
1.25324 2.65823 -0.974647 128 128 128
1.27792 2.62651 -0.968404 128 128 128
1.30074 2.59205 -0.961176 128 128 128
1.32118 2.55408 -0.952634 128 128 128
1.34044 2.51516 -0.943764 128 128 128
1.35986 2.47782 -0.935551 128 128 128
1.37902 2.4412 -0.927666 128 128 128
1.40034 2.40939 -0.921752 128 128 128
1.41818 2.37256 -0.913867 128 128 128
1.44966 2.35901 -0.91551 128 128 128
1.47749 2.33944 -0.914853 128 128 128
1.48914 2.29498 -0.904011 128 128 128
1.51248 2.26946 -0.901054 128 128 128
1.53008 2.23591 -0.894812 128 128 128
1.54927 2.20537 -0.889884 128 128 128
1.55966 2.1632 -0.880028 128 128 128
1.57542 2.12946 -0.873786 128 128 128
1.59173 2.09718 -0.8682 128 128 128
1.59705 2.05139 -0.856702 128 128 128
1.61092 2.01761 -0.850459 128 128 128
1.62778 1.98818 -0.846188 128 128 128
1.6466 1.96154 -0.843232 128 128 128
1.66808 1.93832 -0.841918 128 128 128
1.67863 1.90283 -0.835018 128 128 128
1.18968 1.31506 -0.569232 128 128 128
1.17622 1.26848 -0.554119 128 128 128
1.21185 1.27519 -0.564304 128 128 128
1.25703 1.29069 -0.579088 128 128 128
1.72081 1.72473 -0.799865 128 128 128
1.73578 1.69754 -0.796908 128 128 128
1.74077 1.6611 -0.789352 128 128 128
1.73339 1.61386 -0.77621 128 128 128
1.74328 1.58357 -0.771611 128 128 128
1.7541 1.55453 -0.767668 128 128 128
1.22245 1.05631 -0.514366 128 128 128
1.20502 1.01564 -0.500568 128 128 128
1.1926 0.980358 -0.489397 128 128 128
1.19644 0.959144 -0.485783 128 128 128
1.19697 0.935654 -0.480855 128 128 128
1.20836 0.920895 -0.480855 128 128 128
1.19229 0.885696 -0.469028 128 128 128
1.16484 0.843269 -0.452601 128 128 128
1.1913 0.84036 -0.4595 128 128 128
1.20775 0.829962 -0.462129 128 128 128
1.80459 1.20858 -0.707874 128 128 128
1.79793 1.1724 -0.699004 128 128 128
1.79704 1.14062 -0.692762 128 128 128
1.80929 1.11749 -0.692105 128 128 128
1.8164 1.09131 -0.689476 128 128 128
1.82232 1.06464 -0.686519 128 128 128
1.7983 1.02119 -0.671735 128 128 128
1.82227 1.00544 -0.676335 128 128 128
1.82032 0.975406 -0.67075 128 128 128
1.82378 0.94863 -0.667464 128 128 128
1.82769 0.922343 -0.664508 128 128 128
1.82955 0.895272 -0.660894 128 128 128
1.82077 0.863432 -0.653337 128 128 128
1.8115 0.831944 -0.645781 128 128 128
1.80863 0.803888 -0.640853 128 128 128
1.79233 0.770425 -0.630997 128 128 128
1.8095 0.751639 -0.633954 128 128 128
1.79668 0.720572 -0.62574 128 128 128
1.78953 0.692324 -0.619826 128 128 128
1.78905 0.667006 -0.616541 128 128 128
1.78643 0.641164 -0.612599 128 128 128
1.78435 0.615797 -0.608985 128 128 128
1.78012 0.589983 -0.604714 128 128 128
1.78273 0.56666 -0.603071 128 128 128
1.78322 0.542811 -0.600771 128 128 128
1.76799 0.514536 -0.592886 128 128 128
1.76871 0.491281 -0.590915 128 128 128
1.76 0.465663 -0.585659 128 128 128
1.75001 0.440102 -0.580074 128 128 128
1.75436 0.418374 -0.579745 128 128 128
1.74463 0.393477 -0.574488 128 128 128
1.74286 0.370658 -0.572189 128 128 128
1.73153 0.346083 -0.566604 128 128 128
1.7078 0.319575 -0.556747 128 128 128
1.70694 0.297778 -0.555105 128 128 128
1.70301 0.275596 -0.552476 128 128 128
1.68758 0.251873 -0.545906 128 128 128
1.68213 0.229987 -0.542949 128 128 128
1.68107 0.208858 -0.541635 128 128 128
1.65723 0.185253 -0.532436 128 128 128
1.65468 0.164432 -0.530793 128 128 128
1.65469 0.143949 -0.530136 128 128 128
1.64597 0.12285 -0.526522 128 128 128
1.64547 0.102523 -0.525865 128 128 128
1.63434 0.0816999 -0.521594 128 128 128
1.63145 0.0614924 -0.52028 128 128 128
1.63208 0.0414673 -0.52028 128 128 128
1.61924 0.0212513 -0.51568 128 128 128
1.60899 0.00136141 -0.512066 128 128 128
1.607 -0.0183636 -0.511409 128 128 128
1.59343 -0.0377805 -0.50681 128 128 128
1.59191 -0.0572984 -0.506481 128 128 128
1.56656 -0.0756661 -0.497939 128 128 128
1.55608 -0.0943213 -0.494654 128 128 128
1.54633 -0.112799 -0.491697 128 128 128
1.54012 -0.131369 -0.490054 128 128 128
1.53651 -0.150077 -0.489397 128 128 128
1.52423 -0.167793 -0.485783 128 128 128
1.50518 -0.184433 -0.47987 128 128 128
1.50467 -0.203141 -0.480527 128 128 128
1.48338 -0.21885 -0.473956 128 128 128
1.47778 -0.236592 -0.47297 128 128 128
1.4636 -0.25279 -0.469028 128 128 128
1.45481 -0.269704 -0.467057 128 128 128
1.44491 -0.286257 -0.464757 128 128 128
1.43574 -0.302803 -0.462786 128 128 128
1.42454 -0.318756 -0.460157 128 128 128
1.41225 -0.334263 -0.457201 128 128 128
1.40529 -0.350884 -0.456215 128 128 128
1.39722 -0.367146 -0.454901 128 128 128
1.39079 -0.383764 -0.454244 128 128 128
1.37327 -0.397141 -0.449644 128 128 128
1.37643 -0.416417 -0.452601 128 128 128
1.36221 -0.430439 -0.449316 128 128 128
1.36041 -0.448302 -0.45063 128 128 128
1.34677 -0.462211 -0.447673 128 128 128
1.33476 -0.476487 -0.445373 128 128 128
1.3235 -0.490865 -0.443402 128 128 128
1.31297 -0.505377 -0.441759 128 128 128
1.29965 -0.518658 -0.439131 128 128 128
1.28969 -0.533128 -0.437817 128 128 128
1.28045 -0.547802 -0.436831 128 128 128
1.27104 -0.56233 -0.435846 128 128 128
1.25373 -0.573183 -0.431903 128 128 128
1.2466 -0.588525 -0.431903 128 128 128
1.22654 -0.597586 -0.426975 128 128 128
1.21996 -0.613016 -0.427304 128 128 128
1.20647 -0.624906 -0.425004 128 128 128
1.20038 -0.640551 -0.425661 128 128 128
1.18911 -0.653418 -0.424347 128 128 128
1.17031 -0.661927 -0.420076 128 128 128
1.16292 -0.676713 -0.420405 128 128 128
1.13344 -0.678344 -0.411863 128 128 128
1.12181 -0.690225 -0.410548 128 128 128
1.12684 -0.712507 -0.416134 128 128 128
1.11801 -0.726281 -0.416134 128 128 128
1.10508 -0.737329 -0.414491 128 128 128
1.09517 -0.750302 -0.414162 128 128 128
1.08279 -0.761515 -0.412848 128 128 128
1.07183 -0.773641 -0.412191 128 128 128
1.0577 -0.783368 -0.41022 128 128 128
1.0465 -0.795147 -0.409563 128 128 128
1.03592 -0.807349 -0.409234 128 128 128
1.02076 -0.815878 -0.406934 128 128 128
1.00556 -0.824158 -0.404635 128 128 128
0.994644 -0.835829 -0.404306 128 128 128
0.982163 -0.846124 -0.403321 128 128 128
0.971706 -0.858113 -0.403321 128 128 128
0.959 -0.868074 -0.402335 128 128 128
0.946196 -0.877852 -0.401349 128 128 128
0.933981 -0.888097 -0.400692 128 128 128
0.922336 -0.898833 -0.400364 128 128 128
0.907222 -0.906083 -0.398393 128 128 128
0.896035 -0.917148 -0.398393 128 128 128
0.882103 -0.925343 -0.397078 128 128 128
0.873257 -0.938862 -0.398393 128 128 128
0.861035 -0.948808 -0.398064 128 128 128
0.843685 -0.952945 -0.395107 128 128 128
0.831927 -0.963226 -0.395107 128 128 128
0.820654 -0.974085 -0.395436 128 128 128
0.809239 -0.984811 -0.395764 128 128 128
0.780533 -0.974048 -0.386565 128 128 128
0.785991 -1.00586 -0.396421 128 128 128
0.769003 -1.00943 -0.393793 128 128 128
0.761069 -1.02485 -0.396421 128 128 128
0.746217 -1.03105 -0.395107 128 128 128
0.732963 -1.03936 -0.394779 128 128 128
0.720689 -1.04905 -0.395107 128 128 128
0.708287 -1.0586 -0.395436 128 128 128
0.689563 -1.05852 -0.391822 128 128 128
0.702361 -1.10755 -0.408577 128 128 128
0.66934 -1.08476 -0.395764 128 128 128
0.655491 -1.09208 -0.395436 128 128 128
0.641086 -1.09841 -0.394779 128 128 128
0.628493 -1.10784 -0.395436 128 128 128
0.615764 -1.11712 -0.396093 128 128 128
0.603349 -1.12709 -0.397078 128 128 128
0.589909 -1.13525 -0.397407 128 128 128
0.575933 -1.1424 -0.397407 128 128 128
0.563949 -1.15362 -0.39905 128 128 128
0.548939 -1.15875 -0.398393 128 128 128
0.536257 -1.16883 -0.399707 128 128 128
0.522642 -1.17705 -0.400364 128 128 128
0.508159 -1.18338 -0.400364 128 128 128
0.494687 -1.19214 -0.401349 128 128 128
0.481077 -1.20075 -0.402335 128 128 128
0.466989 -1.20832 -0.402992 128 128 128
0.453448 -1.2175 -0.404306 128 128 128
0.438793 -1.22386 -0.404635 128 128 128
0.424359 -1.23094 -0.405292 128 128 128
0.409817 -1.23785 -0.405949 128 128 128
0.396603 -1.24908 -0.408249 128 128 128
0.380969 -1.25295 -0.40792 128 128 128
0.365565 -1.25753 -0.40792 128 128 128
0.346557 -1.24919 -0.403321 128 128 128
0.290475 -1.28956 -0.412191 128 128 128
0.277783 -1.30781 -0.417448 128 128 128
0.261342 -1.30926 -0.416791 128 128 128
0.247349 -1.32351 -0.420733 128 128 128
0.231578 -1.32924 -0.421719 128 128 128
0.21631 -1.33851 -0.424018 128 128 128
0.199307 -1.33732 -0.422704 128 128 128
0.183396 -1.34341 -0.424018 128 128 128
0.168538 -1.35868 -0.428618 128 128 128
0.151852 -1.36065 -0.428618 128 128 128
0.136085 -1.37181 -0.431903 128 128 128
0.119571 -1.37714 -0.433217 128 128 128
0.102947 -1.38227 -0.434532 128 128 128
0.0865718 -1.39285 -0.437817 128 128 128
0.0694728 -1.39381 -0.437817 128 128 128
0.052618 -1.40116 -0.440117 128 128 128
0.0354692 -1.40359 -0.440774 128 128 128
0.0182687 -1.40581 -0.441431 128 128 128
0.00102068 -1.40876 -0.442416 128 128 128
-0.016337 -1.41528 -0.444716 128 128 128
-0.0337034 -1.41497 -0.444716 128 128 128
-0.0511642 -1.41728 -0.445702 128 128 128
-0.0693132 -1.43259 -0.451287 128 128 128
-0.0869443 -1.43257 -0.451616 128 128 128
-0.104789 -1.43517 -0.45293 128 128 128
-0.122552 -1.43565 -0.453587 128 128 128
-0.140706 -1.43968 -0.455558 128 128 128
-0.159798 -1.45099 -0.460157 128 128 128
-0.177592 -1.44892 -0.460157 128 128 128
-0.196614 -1.45599 -0.463443 128 128 128
-0.21611 -1.46469 -0.467385 128 128 128
-0.234959 -1.46752 -0.469357 128 128 128
-0.253909 -1.47011 -0.471328 128 128 128
-0.276898 -1.49382 -0.480855 128 128 128
-0.295757 -1.49309 -0.481841 128 128 128
-0.314639 -1.49212 -0.482827 128 128 128
-0.335596 -1.50013 -0.487098 128 128 128
-0.357013 -1.50877 -0.491697 128 128 128
-0.377097 -1.51069 -0.493997 128 128 128
-0.396803 -1.51052 -0.495639 128 128 128
-0.417312 -1.51282 -0.498268 128 128 128
-0.44003 -1.52211 -0.503524 128 128 128
-0.45922 -1.5184 -0.504181 128 128 128
-0.482358 -1.52707 -0.509438 128 128 128
-0.503714 -1.52911 -0.512395 128 128 128
-0.522746 -1.52371 -0.512723 128 128 128
-0.536022 -1.50205 -0.507138 128 128 128
-0.553759 -1.49359 -0.506481 128 128 128
-0.579152 -1.5052 -0.513381 128 128 128
-0.598628 -1.50061 -0.514366 128 128 128
-0.790116 -1.48134 -0.536378 128 128 128
-0.818223 -1.48976 -0.543606 128 128 128
-0.987155 -1.56219 -0.595186 128 128 128
-0.981593 -1.51192 -0.579416 128 128 128
-1.05712 -1.58546 -0.615227 128 128 128
-1.03599 -1.5131 -0.590258 128 128 128
-1.09246 -1.5544 -0.613256 128 128 128
-1.11918 -1.5516 -0.617855 128 128 128
-1.14599 -1.54839 -0.622455 128 128 128
-1.19698 -1.53694 -0.630011 128 128 128
-1.23754 -1.54946 -0.642167 128 128 128
-1.37771 -1.52322 -0.666807 128 128 128
-1.45852 -1.49789 -0.67962 128 128 128
-1.52213 -1.52537 -0.701961 128 128 128
-1.53196 -1.49799 -0.69769 128 128 128
-1.5475 -1.47646 -0.696376 128 128 128
-1.57103 -1.46252 -0.699004 128 128 128
-1.63637 -1.48634 -0.721344 128 128 128
-1.75982 -1.44749 -0.744999 128 128 128
-1.79218 -1.43761 -0.75157 128 128 128
-1.87513 -1.46675 -0.780481 128 128 128
-2.02766 -1.39454 -0.808407 128 128 128
-2.41858 -1.22103 -0.894812 128 128 128
-2.4461 -1.1975 -0.89974 128 128 128
-2.44611 -1.1605 -0.894155 128 128 128
-2.48076 -1.13987 -0.90204 128 128 128
-2.51958 -1.12048 -0.911567 128 128 128
-2.55049 -1.09695 -0.918138 128 128 128
-2.57074 -1.06847 -0.920766 128 128 128
-2.74491 -1.10165 -0.981217 128 128 128
-3.75871 0.719551 -1.3849 128 128 128
-3.87986 0.792367 -1.43469 128 128 128
-3.88265 0.842713 -1.4396 128 128 128
-3.87658 0.89135 -1.44136 128 128 128
-3.8981 0.946846 -1.45398 128 128 128
-3.90433 0.999273 -1.461 128 128 128
-3.91166 1.05248 -1.46871 128 128 128
-3.91287 1.10449 -1.47432 128 128 128
-3.89812 1.15216 -1.47397 128 128 128
-3.82734 1.18243 -1.45188 128 128 128
-1.43157 0.497973 -0.519374 128 128 128
-3.85912 1.67793 -1.52763 128 128 128
-3.83738 1.72477 -1.52728 128 128 128
-3.8363 1.78122 -1.5357 128 128 128
-3.67488 1.76124 -1.47783 128 128 128
-3.65383 1.80662 -1.47818 128 128 128
-3.62888 1.85004 -1.47713 128 128 128
-3.71613 2.07048 -1.54481 128 128 128
-1.22936 0.805634 -0.50219 128 128 128
-3.17839 2.50677 -1.46766 128 128 128
-3.25143 2.62991 -1.51781 128 128 128
-3.31182 2.74683 -1.56305 128 128 128
-3.29426 2.80123 -1.57112 128 128 128
-3.28503 2.86362 -1.58374 128 128 128
-3.14193 2.94923 -1.56551 128 128 128
-3.10415 2.98627 -1.5648 128 128 128
-3.06727 3.02413 -1.5648 128 128 128
-3.02401 3.05555 -1.56165 128 128 128
-2.89809 3.15236 -1.55533 128 128 128
-2.87106 3.20095 -1.562 128 128 128
-2.81678 3.21901 -1.55358 128 128 128
-2.81958 3.30323 -1.57813 128 128 128
-2.74711 3.29941 -1.55954 128 128 128
-2.69108 3.31396 -1.55043 128 128 128
-2.65834 3.35702 -1.55533 128 128 128
-2.6078 3.37752 -1.54972 128 128 128
-2.53747 3.37108 -1.53184 128 128 128
-2.49204 3.39667 -1.52938 128 128 128
-2.45017 3.427 -1.52938 128 128 128
-2.40312 3.44989 -1.52623 128 128 128
-2.3606 3.47912 -1.52623 128 128 128
-2.34453 3.54848 -1.54446 128 128 128
-1.44852 3.67645 -1.43154 128 128 128
-1.41258 3.71847 -1.44136 128 128 128
-1.37487 3.75752 -1.45013 128 128 128
-1.32772 3.77145 -1.44907 128 128 128
-1.2117 3.73162 -1.42102 128 128 128
-1.155 3.71133 -1.40734 128 128 128
-1.12882 3.79076 -1.43294 128 128 128
-1.07149 3.76648 -1.41821 128 128 128
-1.0164 3.7468 -1.40559 128 128 128
-0.969176 3.75446 -1.40383 128 128 128
-0.920367 3.75515 -1.39963 128 128 128
-0.839228 3.61469 -1.34141 128 128 128
-0.820151 3.74092 -1.38595 128 128 128
-0.773994 3.74979 -1.3856 128 128 128
-0.723848 3.73785 -1.37753 128 128 128
-0.675106 3.73079 -1.37157 128 128 128
-0.624486 3.71016 -1.3607 128 128 128
-0.576906 3.70458 -1.35579 128 128 128
-0.529558 3.6984 -1.35088 128 128 128
-0.480644 3.67769 -1.34071 128 128 128
-0.43417 3.67215 -1.3365 128 128 128
-0.388684 3.67347 -1.3351 128 128 128
-0.34108 3.65093 -1.32493 128 128 128
-0.295133 3.64083 -1.31967 128 128 128
-0.250558 3.64605 -1.32037 128 128 128
-0.205228 3.63856 -1.31651 128 128 128
-0.158994 3.60432 -1.30283 128 128 128
-0.114407 3.59477 -1.29862 128 128 128
-0.0698722 3.57343 -1.29021 128 128 128
-0.0259352 3.56091 -1.2853 128 128 128
0.0176378 3.54035 -1.27758 128 128 128
0.0608405 3.52676 -1.27267 128 128 128
0.102793 3.48269 -1.25654 128 128 128
0.145121 3.47181 -1.25303 128 128 128
0.18668 3.45107 -1.24602 128 128 128
0.227752 3.42983 -1.23901 128 128 128
0.269377 3.42118 -1.2369 128 128 128
0.31022 3.40549 -1.23234 128 128 128
0.350915 3.39118 -1.22848 128 128 128
0.390215 3.36709 -1.22112 128 128 128
0.429098 3.34347 -1.21411 128 128 128
0.467724 3.32126 -1.20779 128 128 128
0.506872 3.30509 -1.20394 128 128 128
0.543222 3.27369 -1.19447 128 128 128
0.58037 3.25018 -1.18815 128 128 128
0.614722 3.21431 -1.17728 128 128 128
0.650165 3.18726 -1.16992 128 128 128
0.686634 3.16714 -1.16536 128 128 128
0.721443 3.14114 -1.1587 128 128 128
0.757493 3.12205 -1.15484 128 128 128
0.792484 3.09982 -1.14993 128 128 128
0.825579 3.07178 -1.14291 128 128 128
0.859128 3.047 -1.1373 128 128 128
0.888996 3.01109 -1.12748 128 128 128
0.92061 2.98296 -1.12082 128 128 128
0.951092 2.95272 -1.11346 128 128 128
0.977679 2.91243 -1.10223 128 128 128
1.00683 2.88166 -1.09487 128 128 128
1.03281 2.84357 -1.0847 128 128 128
1.06498 2.82368 -1.08189 128 128 128
1.09749 2.80517 -1.07979 128 128 128
1.12583 2.77674 -1.07383 128 128 128
1.15328 2.74718 -1.06751 128 128 128
1.17792 2.71222 -1.0591 128 128 128
1.20457 2.68305 -1.05314 128 128 128
1.23029 2.65278 -1.04682 128 128 128
1.2514 2.61385 -1.037 128 128 128
1.27007 2.57145 -1.02578 128 128 128
1.29727 2.54733 -1.02227 128 128 128
1.32145 2.51796 -1.01666 128 128 128
1.33126 2.46286 -1.00018 128 128 128
1.36093 2.44552 -0.99983 128 128 128
1.3731 2.39779 -0.986503 128 128 128
1.35715 2.30417 -0.953187 128 128 128
1.40819 2.32495 -0.96967 128 128 128
1.43463 2.30432 -0.968267 128 128 128
1.46836 2.29521 -0.972125 128 128 128
1.48662 2.26216 -0.965461 128 128 128
1.5064 2.23212 -0.960201 128 128 128
1.51817 2.19116 -0.950031 128 128 128
1.54059 2.16627 -0.947225 128 128 128
1.55268 2.12756 -0.938107 128 128 128
1.55617 2.07839 -0.924079 128 128 128
1.5787 2.05543 -0.922326 128 128 128
1.59451 2.02415 -0.916714 128 128 128
1.60626 1.98842 -0.908999 128 128 128
1.62575 1.9628 -0.906193 128 128 128
1.63453 1.92488 -0.897426 128 128 128
1.65618 1.90256 -0.896374 128 128 128
1.66004 1.86046 -0.885502 128 128 128
1.15026 1.25965 -0.590565 128 128 128
1.17653 1.25704 -0.596527 128 128 128
1.21267 1.26408 -0.60775 128 128 128
1.69668 1.72347 -0.857446 128 128 128
1.70104 1.68607 -0.848679 128 128 128
1.71891 1.66247 -0.847276 128 128 128
1.71258 1.61623 -0.833599 128 128 128
1.73228 1.59509 -0.833599 128 128 128
1.73149 1.5556 -0.823429 128 128 128
1.74551 1.52992 -0.820974 128 128 128
1.76202 1.50656 -0.819922 128 128 128
1.76524 1.47226 -0.812557 128 128 128
1.77881 1.44695 -0.810453 128 128 128
1.7766 1.40933 -0.800984 128 128 128
1.78857 1.38342 -0.798529 128 128 128
0.892661 0.675731 -0.371029 128 128 128
1.15855 0.853377 -0.490617 128 128 128
1.15293 0.827673 -0.483252 128 128 128
1.18837 0.831102 -0.494825 128 128 128
1.23415 0.840608 -0.510957 128 128 128
1.7776 1.17696 -0.750133 128 128 128
1.78875 1.15303 -0.74873 128 128 128
1.77497 1.11363 -0.736456 128 128 128
1.7893 1.09225 -0.736806 128 128 128
1.79612 1.0664 -0.734001 128 128 128
1.80907 1.04428 -0.734001 128 128 128
1.80948 1.01515 -0.72874 128 128 128
1.79793 0.979922 -0.71857 128 128 128
1.80817 0.956912 -0.717869 128 128 128
1.79476 0.921866 -0.707348 128 128 128
1.79419 0.89395 -0.702438 128 128 128
1.79489 0.866998 -0.69823 128 128 128
1.7986 0.841745 -0.695424 128 128 128
1.78404 0.808453 -0.685254 128 128 128
1.78953 0.784628 -0.6835 128 128 128
1.79126 0.759336 -0.680344 128 128 128
1.77702 0.727764 -0.670875 128 128 128
1.76141 0.696316 -0.661056 128 128 128
1.76807 0.673985 -0.660354 128 128 128
1.77005 0.649991 -0.657899 128 128 128
1.76641 0.62419 -0.65334 128 128 128
1.75441 0.595885 -0.645625 128 128 128
1.75536 0.572292 -0.64317 128 128 128
1.75777 0.549322 -0.641417 128 128 128
1.7572 0.525579 -0.638611 128 128 128
1.7446 0.498615 -0.631246 128 128 128
1.74697 0.476192 -0.629844 128 128 128
1.73817 0.450988 -0.624232 128 128 128
1.73447 0.427405 -0.620725 128 128 128
1.72955 0.403769 -0.616868 128 128 128
1.72339 0.38012 -0.612659 128 128 128
1.71692 0.356683 -0.608451 128 128 128
1.71381 0.33417 -0.605645 128 128 128
1.68737 0.307644 -0.594072 128 128 128
1.6827 0.285525 -0.590916 128 128 128
1.66664 0.261849 -0.583551 128 128 128
1.66973 0.241377 -0.583551 128 128 128
1.667 0.220147 -0.581447 128 128 128
1.65283 0.197713 -0.575135 128 128 128
1.63743 0.175563 -0.568471 128 128 128
1.63387 0.15494 -0.566367 128 128 128
1.62911 0.134356 -0.563912 128 128 128
1.62971 0.114291 -0.563562 128 128 128
1.62725 0.0940766 -0.562159 128 128 128
1.61986 0.073739 -0.559003 128 128 128
1.61783 0.0537692 -0.557951 128 128 128
1.61182 0.0337913 -0.555496 128 128 128
1.60181 0.0139462 -0.551638 128 128 128
1.58126 -0.00558469 -0.543923 128 128 128
1.58294 -0.0250232 -0.544624 128 128 128
1.57128 -0.0441016 -0.540416 128 128 128
1.56314 -0.0630585 -0.53761 128 128 128
1.55477 -0.0818222 -0.534805 128 128 128
1.53029 -0.099316 -0.526037 128 128 128
1.53175 -0.118311 -0.527089 128 128 128
1.51433 -0.135636 -0.521127 128 128 128
1.50697 -0.153624 -0.519023 128 128 128
1.49939 -0.171451 -0.516919 128 128 128
1.47767 -0.187311 -0.509554 128 128 128
1.47247 -0.205035 -0.508502 128 128 128
1.46152 -0.221801 -0.505346 128 128 128
1.45407 -0.238947 -0.503592 128 128 128
1.44089 -0.254949 -0.499735 128 128 128
1.42937 -0.271018 -0.496578 128 128 128
1.42044 -0.287408 -0.494474 128 128 128
1.41497 -0.304418 -0.493773 128 128 128
1.39562 -0.318176 -0.487811 128 128 128
1.38888 -0.334612 -0.486759 128 128 128
1.39011 -0.353029 -0.488863 128 128 128
1.37935 -0.368352 -0.486408 128 128 128
1.37292 -0.38474 -0.485707 128 128 128
1.3654 -0.40076 -0.484655 128 128 128
1.3577 -0.416653 -0.483603 128 128 128
1.34981 -0.432418 -0.48255 128 128 128
1.33908 -0.447154 -0.480446 128 128 128
1.3326 -0.463243 -0.480096 128 128 128
1.32066 -0.477315 -0.477641 128 128 128
1.3112 -0.492159 -0.476238 128 128 128
1.28937 -0.502049 -0.469925 128 128 128
1.28832 -0.519952 -0.47203 128 128 128
1.26631 -0.529176 -0.465717 128 128 128
1.25714 -0.543553 -0.464665 128 128 128
1.24867 -0.55817 -0.463964 128 128 128
1.24003 -0.57266 -0.463262 128 128 128
1.22447 -0.583778 -0.459755 128 128 128
1.22225 -0.601256 -0.461859 128 128 128
1.20644 -0.611947 -0.458352 128 128 128
1.19055 -0.622342 -0.454845 128 128 128
1.17706 -0.63378 -0.45239 128 128 128
1.16429 -0.645437 -0.450286 128 128 128
1.15385 -0.658276 -0.449234 128 128 128
1.14487 -0.671909 -0.448884 128 128 128
1.13414 -0.684449 -0.447831 128 128 128
1.12327 -0.696826 -0.446779 128 128 128
1.08784 -0.693358 -0.434856 128 128 128
1.0816 -0.708202 -0.435908 128 128 128
1.08213 -0.727723 -0.440116 128 128 128
1.07158 -0.739878 -0.439415 128 128 128
1.0609 -0.751885 -0.438713 128 128 128
1.05083 -0.764293 -0.438363 128 128 128
1.03913 -0.775444 -0.437311 128 128 128
1.02805 -0.786994 -0.436609 128 128 128
1.01758 -0.79897 -0.436258 128 128 128
1.00625 -0.810218 -0.435557 128 128 128
0.995508 -0.821906 -0.435206 128 128 128
0.98107 -0.830417 -0.433102 128 128 128
0.974332 -0.845474 -0.434856 128 128 128
0.954813 -0.849246 -0.430297 128 128 128
0.943629 -0.860266 -0.429946 128 128 128
0.933002 -0.871781 -0.429946 128 128 128
0.920885 -0.881865 -0.429244 128 128 128
0.905996 -0.88915 -0.42714 128 128 128
0.895017 -0.900201 -0.42714 128 128 128
0.883253 -0.910443 -0.42679 128 128 128
0.873297 -0.922577 -0.427491 128 128 128
0.859377 -0.930464 -0.426088 128 128 128
0.840398 -0.932567 -0.42188 128 128 128
0.833819 -0.948453 -0.424685 128 128 128
0.822117 -0.958614 -0.424685 128 128 128
0.809095 -0.96719 -0.423984 128 128 128
0.798344 -0.978501 -0.424685 128 128 128
0.782793 -0.983815 -0.422581 128 128 128
0.771232 -0.994089 -0.422932 128 128 128
0.755038 -0.998237 -0.420477 128 128 128
0.741072 -1.00516 -0.419425 128 128 128
0.724873 -1.00884 -0.41697 128 128 128
0.71618 -1.02304 -0.419425 128 128 128
0.707247 -1.03718 -0.42188 128 128 128
0.694982 -1.04657 -0.422231 128 128 128
0.682087 -1.05502 -0.422231 128 128 128
0.667104 -1.06013 -0.420828 128 128 128
0.658421 -1.07544 -0.423984 128 128 128
0.644698 -1.08263 -0.423633 128 128 128
0.636963 -1.10021 -0.427842 128 128 128
0.615195 -1.09322 -0.421529 128 128 128
0.61245 -1.12045 -0.429946 128 128 128
0.599527 -1.12953 -0.430647 128 128 128
0.582637 -1.13097 -0.428192 128 128 128
0.572042 -1.14475 -0.430998 128 128 128
0.553084 -1.14155 -0.42679 128 128 128
0.539034 -1.14825 -0.42679 128 128 128
0.52875 -1.16332 -0.430297 128 128 128
0.515183 -1.17144 -0.430998 128 128 128
0.500769 -1.17767 -0.430998 128 128 128
0.486985 -1.18546 -0.431699 128 128 128
0.471716 -1.18961 -0.430998 128 128 128
0.456419 -1.19355 -0.430297 128 128 128
0.444947 -1.20786 -0.433804 128 128 128
0.428541 -1.20881 -0.43205 128 128 128
0.416367 -1.22197 -0.435206 128 128 128
0.403358 -1.23322 -0.437661 128 128 128
0.387917 -1.23718 -0.437311 128 128 128
0.373238 -1.24365 -0.438012 128 128 128
0.35897 -1.25174 -0.439415 128 128 128
0.346024 -1.26509 -0.442922 128 128 128
0.330008 -1.26743 -0.44222 128 128 128
0.314208 -1.27047 -0.44187 128 128 128
0.300279 -1.28153 -0.444675 128 128 128
0.238196 -1.30117 -0.44713 128 128 128
0.224682 -1.31878 -0.452741 128 128 128
0.210055 -1.33161 -0.456599 128 128 128
0.193567 -1.33317 -0.456248 128 128 128
0.177553 -1.33823 -0.4573 128 128 128
0.161553 -1.34403 -0.458703 128 128 128
0.146023 -1.35522 -0.46221 128 128 128
0.129037 -1.35318 -0.460807 128 128 128
0.11369 -1.37053 -0.466769 128 128 128
0.0968629 -1.37182 -0.466769 128 128 128
0.0806413 -1.38413 -0.470977 128 128 128
0.0638508 -1.38969 -0.472731 128 128 128
0.0468785 -1.39318 -0.473783 128 128 128
0.0298129 -1.39552 -0.474484 128 128 128
0.0127084 -1.39953 -0.475887 128 128 128
-0.00449001 -1.40333 -0.47729 128 128 128
-0.0219177 -1.4144 -0.481498 128 128 128
-0.0394454 -1.41964 -0.483603 128 128 128
-0.0569843 -1.42186 -0.484655 128 128 128
-0.0745835 -1.42386 -0.485707 128 128 128
-0.0922403 -1.42564 -0.486759 128 128 128
-0.109728 -1.4244 -0.486759 128 128 128
-0.127802 -1.42947 -0.489214 128 128 128
-0.145724 -1.43152 -0.490617 128 128 128
-0.163825 -1.43428 -0.49237 128 128 128
-0.182256 -1.43866 -0.494825 128 128 128
-0.200951 -1.44373 -0.497631 128 128 128
-0.21994 -1.44949 -0.500787 128 128 128
-0.238792 -1.45314 -0.503242 128 128 128
-0.257436 -1.45471 -0.504995 128 128 128
-0.281111 -1.48179 -0.516568 128 128 128
-0.300027 -1.4819 -0.517971 128 128 128
-0.319787 -1.48543 -0.520777 128 128 128
-0.339888 -1.4896 -0.523933 128 128 128
-0.361694 -1.49987 -0.529544 128 128 128
-0.381471 -1.50077 -0.531648 128 128 128
-0.401569 -1.5023 -0.534103 128 128 128
-0.423294 -1.50897 -0.538662 128 128 128
-0.446307 -1.51893 -0.544624 128 128 128
-0.466855 -1.5196 -0.547079 128 128 128
-0.485179 -1.51286 -0.546728 128 128 128
-0.500117 -1.49615 -0.54252 128 128 128
-0.522781 -1.50227 -0.54743 128 128 128
-0.542139 -1.49838 -0.548482 128 128 128
-0.55551 -1.47848 -0.543221 128 128 128
-0.573954 -1.47242 -0.543572 128 128 128
-0.588096 -1.45572 -0.539714 128 128 128
-0.603006 -1.44149 -0.536909 128 128 128
-0.619527 -1.43141 -0.535857 128 128 128
-0.629351 -1.40662 -0.528843 128 128 128
-0.644194 -1.3937 -0.526738 128 128 128
-0.663276 -1.38991 -0.528492 128 128 128
-0.65907 -1.33887 -0.510606 128 128 128
-0.702301 -1.38322 -0.5327 128 128 128
-0.696093 -1.33058 -0.514113 128 128 128
-0.735588 -1.36475 -0.53235 128 128 128
-0.762782 -1.37442 -0.540416 128 128 128
-0.787523 -1.37876 -0.546378 128 128 128
-0.829163 -1.41091 -0.564614 128 128 128
-0.842524 -1.39423 -0.561808 128 128 128
-0.830296 -1.33693 -0.541117 128 128 128
-0.891156 -1.39599 -0.571978 128 128 128
-0.863886 -1.31771 -0.541818 128 128 128
-0.977654 -1.45124 -0.607048 128 128 128
-1.00341 -1.45067 -0.612309 128 128 128
-1.00754 -1.41919 -0.603541 128 128 128
-1.12944 -1.54953 -0.669823 128 128 128
-1.15512 -1.54454 -0.674032 128 128 128
-1.20313 -1.52895 -0.680344 128 128 128
-1.23359 -1.52862 -0.687358 128 128 128
-1.28458 -1.55226 -0.706296 128 128 128
-1.30961 -1.54351 -0.709803 128 128 128
-1.3303 -1.52944 -0.710855 128 128 128
-1.43494 -1.49468 -0.727688 128 128 128
-1.47028 -1.49428 -0.736806 128 128 128
-1.4945 -1.48205 -0.739963 128 128 128
-1.54899 -1.49869 -0.7589 128 128 128
-1.61161 -1.52127 -0.781696 128 128 128
-1.62257 -1.49442 -0.777838 128 128 128
-1.70389 -1.49357 -0.800283 128 128 128
-1.71497 -1.46648 -0.796776 128 128 128
-1.7458 -1.4561 -0.803088 128 128 128
-1.77663 -1.44518 -0.809401 128 128 128
-1.79791 -1.42617 -0.811154 128 128 128
-1.8123 -1.40171 -0.809752 128 128 128
-2.01731 -1.40731 -0.872877 128 128 128
-2.01117 -1.3667 -0.862356 128 128 128
-2.06844 -1.36872 -0.880593 128 128 128
-2.18632 -1.29703 -0.903739 128 128 128
-2.2313 -1.2869 -0.916364 128 128 128
-2.24529 -1.25851 -0.915662 128 128 128
-2.30996 -1.25765 -0.936704 128 128 128
-2.32936 -1.23139 -0.938458 128 128 128
-2.3748 -1.14563 -0.939159 128 128 128
-2.46339 -1.15117 -0.97002 128 128 128
-2.50893 -1.09823 -0.977385 128 128 128
-2.62664 -1.11136 -1.01982 128 128 128
-2.62013 -1.07093 -1.01175 128 128 128
-2.68711 -1.05992 -1.0335 128 128 128
-2.70605 -1.02919 -1.03595 128 128 128
-2.73607 -1.00232 -1.04297 128 128 128
-2.75082 -0.9696 -1.04402 128 128 128
-2.78114 -0.942054 -1.05138 128 128 128
-3.10463 -0.721405 -1.14537 128 128 128
-3.09312 -0.678862 -1.13765 128 128 128
-3.11681 -0.644055 -1.14362 128 128 128
-3.17046 -0.614611 -1.16115 128 128 128
-3.20173 -0.579967 -1.17027 128 128 128
-3.25571 -0.548509 -1.18815 128 128 128
-3.28626 -0.512235 -1.19727 128 128 128
-3.29322 -0.472001 -1.19762 128 128 128
-3.3387 -0.436726 -1.2127 128 128 128
-2.54681 -0.239189 -0.9097 128 128 128
-3.71949 0.638281 -1.47788 128 128 128
-3.72596 0.686559 -1.48388 128 128 128
-3.90918 0.769962 -1.56303 128 128 128
-3.92756 0.823765 -1.57466 128 128 128
-3.92941 1.45214 -1.64592 128 128 128
-3.89987 1.60672 -1.65755 128 128 128
-3.88156 1.65519 -1.6583 128 128 128
-3.86181 1.70307 -1.65868 128 128 128
-3.84906 1.75417 -1.66243 128 128 128
-3.76852 1.77366 -1.63617 128 128 128
-2.31633 1.30698 -1.02702 128 128 128
-2.30172 1.33624 -1.02777 128 128 128
-2.2748 1.35821 -1.0229 128 128 128
-1.30884 0.8041 -0.572411 128 128 128
-1.25181 0.79045 -0.549906 128 128 128
-2.18068 1.61152 -1.04803 128 128 128
-3.46726 2.62764 -1.71119 128 128 128
-3.30171 2.83712 -1.71232 128 128 128
-3.26387 2.87497 -1.71082 128 128 128
-3.22834 2.91481 -1.71082 128 128 128
-2.93062 2.9921 -1.64555 128 128 128
-2.90586 3.04056 -1.65268 128 128 128
-2.92145 3.13292 -1.68418 128 128 128
-2.89402 3.18088 -1.69094 128 128 128
-2.90093 3.26813 -1.71907 128 128 128
-2.76959 3.27887 -1.68756 128 128 128
-2.72207 3.30403 -1.68306 128 128 128
-1.22703 3.69112 -1.52477 128 128 128
-1.1684 3.6644 -1.50714 128 128 128
-1.12469 3.68289 -1.50902 128 128 128
-1.09893 3.76315 -1.53715 128 128 128
-1.0579 3.7951 -1.54502 128 128 128
-1.00267 3.77554 -1.53152 128 128 128
-0.92604 3.66804 -1.48163 128 128 128
-0.838152 3.50064 -1.40737 128 128 128
-0.844153 3.72672 -1.49701 128 128 128
-0.797581 3.73318 -1.49551 128 128 128
-0.750612 3.73723 -1.49326 128 128 128
-0.702805 3.73614 -1.48914 128 128 128
-0.653533 3.72531 -1.48126 128 128 128
-0.605529 3.71933 -1.47563 128 128 128
-0.556943 3.70723 -1.46776 128 128 128
-0.509632 3.70093 -1.4625 128 128 128
-0.460134 3.67471 -1.44938 128 128 128
-0.41438 3.67455 -1.44713 128 128 128
-0.365912 3.64616 -1.43362 128 128 128
-0.320161 3.63929 -1.42912 128 128 128
-0.27358 3.61799 -1.41899 128 128 128
-0.228573 3.61182 -1.41524 128 128 128
-0.183662 3.60325 -1.41074 128 128 128
-0.138997 3.59412 -1.40624 128 128 128
-0.0946577 3.58721 -1.40287 128 128 128
-0.0502805 3.564 -1.39311 128 128 128
-0.00649145 3.5421 -1.38411 128 128 128
0.0368364 3.52801 -1.37848 128 128 128
0.079652 3.50598 -1.36986 128 128 128
0.122061 3.48714 -1.36273 128 128 128
0.163411 3.45482 -1.35035 128 128 128
0.204699 3.43405 -1.34285 128 128 128
0.245568 3.41371 -1.33572 128 128 128
0.285969 3.39289 -1.3286 128 128 128
0.325807 3.37067 -1.32109 128 128 128
0.365944 3.35536 -1.31659 128 128 128
0.405978 3.34141 -1.31284 128 128 128
0.443638 3.31137 -1.30272 128 128 128
0.482365 3.29283 -1.29746 128 128 128
0.520268 3.2711 -1.29109 128 128 128
0.557711 3.24894 -1.28471 128 128 128
0.59385 3.22179 -1.27646 128 128 128
0.628156 3.18788 -1.26558 128 128 128
0.663049 3.15997 -1.25733 128 128 128
0.697152 3.13079 -1.2487 128 128 128
0.732336 3.10846 -1.24308 128 128 128
0.768194 3.09024 -1.23932 128 128 128
0.802076 3.06534 -1.23295 128 128 128
0.837179 3.04632 -1.2292 128 128 128
0.868863 3.01622 -1.22095 128 128 128
0.899935 2.9858 -1.21269 128 128 128
0.929558 2.95243 -1.20332 128 128 128
0.963119 2.93287 -1.19994 128 128 128
0.988252 2.88925 -1.18644 128 128 128
1.01836 2.86205 -1.18006 128 128 128
1.04538 2.8276 -1.17068 128 128 128
1.06905 2.78599 -1.1583 128 128 128
1.10042 2.76577 -1.1553 128 128 128
1.12722 2.73492 -1.1478 128 128 128
1.15597 2.70979 -1.14293 128 128 128
1.18466 2.68522 -1.13843 128 128 128
1.20753 2.64855 -1.12867 128 128 128
1.23126 2.61508 -1.12042 128 128 128
1.25719 2.58726 -1.11479 128 128 128
1.27557 2.54511 -1.10279 128 128 128
1.30033 2.51691 -1.09716 128 128 128
1.32328 2.48603 -1.09041 128 128 128
1.33633 2.43789 -1.07578 128 128 128
1.35932 2.4092 -1.07016 128 128 128
1.35065 2.32658 -1.0394 128 128 128
1.38575 2.32097 -1.04465 128 128 128
1.42478 2.32118 -1.0529 128 128 128
1.44921 2.29725 -1.0499 128 128 128
1.47124 2.26995 -1.0454 128 128 128
1.48718 2.23397 -1.03678 128 128 128
1.49985 2.19412 -1.02627 128 128 128
1.51868 2.16416 -1.02065 128 128 128
1.54188 2.14085 -1.0184 128 128 128
1.5416 2.08597 -1.00039 128 128 128
1.55589 2.05211 -0.992889 128 128 128
1.5656 2.0131 -0.982762 128 128 128
1.58037 1.98141 -0.976385 128 128 128
1.59812 1.95397 -0.972259 128 128 128
1.61662 1.92782 -0.968883 128 128 128
1.63472 1.9015 -0.965508 128 128 128
1.63282 1.85277 -0.950129 128 128 128
1.15118 1.27375 -0.645554 128 128 128
1.17491 1.26837 -0.65043 128 128 128
1.20059 1.26462 -0.656432 128 128 128
1.6759 1.72321 -0.923497 128 128 128
1.68711 1.69266 -0.917871 128 128 128
1.70312 1.66729 -0.915245 128 128 128
1.70067 1.62448 -0.902492 128 128 128
1.7137 1.59717 -0.898741 128 128 128
1.70987 1.5548 -0.885988 128 128 128
1.72258 1.52816 -0.882612 128 128 128
1.7293 1.49658 -0.876236 128 128 128
1.73974 1.46867 -0.87211 128 128 128
1.74834 1.43954 -0.867234 128 128 128
1.75503 1.40927 -0.861607 128 128 128
1.76125 1.37904 -0.855981 128 128 128
1.77068 1.3517 -0.85223 128 128 128
1.15307 0.857424 -0.532276 128 128 128
1.15 0.833405 -0.525525 128 128 128
1.17225 0.827797 -0.531526 128 128 128
1.21132 0.833342 -0.54578 128 128 128
1.76634 1.18425 -0.811345 128 128 128
1.78074 1.16249 -0.811345 128 128 128
1.76046 1.11865 -0.794841 128 128 128
1.76854 1.09355 -0.792215 128 128 128
1.77707 1.06889 -0.789965 128 128 128
1.77885 1.04044 -0.784713 128 128 128
1.76973 1.00615 -0.774586 128 128 128
1.78844 0.987948 -0.777587 128 128 128
1.78328 0.956712 -0.76971 128 128 128
1.78995 0.932184 -0.767459 128 128 128
1.78885 0.903868 -0.761833 128 128 128
1.78566 0.874905 -0.755456 128 128 128
1.7904 0.850139 -0.752831 128 128 128
1.7805 0.818794 -0.743828 128 128 128
1.77348 0.789332 -0.736326 128 128 128
1.78133 0.766775 -0.735576 128 128 128
1.76836 0.735585 -0.725824 128 128 128
1.76693 0.709676 -0.721323 128 128 128
1.75909 0.681564 -0.714196 128 128 128
1.74996 0.653428 -0.706694 128 128 128
1.74651 0.627819 -0.701818 128 128 128
1.74532 0.603304 -0.698067 128 128 128
1.74555 0.579499 -0.695066 128 128 128
1.74812 0.556625 -0.693191 128 128 128
1.75127 0.534047 -0.69169 128 128 128
1.73812 0.506792 -0.683438 128 128 128
1.73885 0.483929 -0.681188 128 128 128
1.73928 0.461125 -0.678937 128 128 128
1.71785 0.432929 -0.667685 128 128 128
1.72213 0.4116 -0.66731 128 128 128
1.7144 0.387564 -0.662058 128 128 128
1.70633 0.363781 -0.656807 128 128 128
1.69249 0.339156 -0.649305 128 128 128
1.68651 0.316473 -0.645179 128 128 128
1.68114 0.294148 -0.641428 128 128 128
1.67547 0.272002 -0.637677 128 128 128
1.67135 0.250317 -0.634677 128 128 128
1.66419 0.228393 -0.630551 128 128 128
1.6448 0.205181 -0.621548 128 128 128
1.64535 0.184773 -0.620798 128 128 128
1.62443 0.162246 -0.611421 128 128 128
1.63184 0.142789 -0.613671 128 128 128
1.61868 0.121629 -0.60767 128 128 128
1.61265 0.101285 -0.604669 128 128 128
1.60637 0.0811068 -0.601668 128 128 128
1.60168 0.061171 -0.599418 128 128 128
1.59675 0.0413624 -0.597167 128 128 128
1.58602 0.0216034 -0.592666 128 128 128
1.58431 0.00213478 -0.591916 128 128 128
1.57773 -0.0172421 -0.58929 128 128 128
1.57369 -0.0365192 -0.58779 128 128 128
1.56942 -0.0556999 -0.58629 128 128 128
1.54362 -0.0737824 -0.576162 128 128 128
1.53797 -0.0924455 -0.574287 128 128 128
1.53209 -0.110981 -0.572411 128 128 128
1.51953 -0.128844 -0.56791 128 128 128
1.50215 -0.145972 -0.561534 128 128 128
1.49472 -0.163794 -0.559283 128 128 128
1.48247 -0.180898 -0.555157 128 128 128
1.4783 -0.198831 -0.554407 128 128 128
1.46841 -0.215886 -0.551406 128 128 128
1.46016 -0.233018 -0.549156 128 128 128
1.44714 -0.249198 -0.54503 128 128 128
1.43394 -0.265093 -0.540904 128 128 128
1.41694 -0.279988 -0.535277 128 128 128
1.40705 -0.296025 -0.532651 128 128 128
1.39607 -0.311661 -0.529651 128 128 128
1.38492 -0.327072 -0.52665 128 128 128
1.3772 -0.343149 -0.52515 128 128 128
1.3693 -0.359087 -0.523649 128 128 128
1.36121 -0.374882 -0.522149 128 128 128
1.35028 -0.389764 -0.519523 128 128 128
1.34095 -0.404969 -0.517648 128 128 128
1.33323 -0.420561 -0.516523 128 128 128
1.32356 -0.435446 -0.514647 128 128 128
1.31637 -0.451056 -0.513897 128 128 128
1.30811 -0.466245 -0.512772 128 128 128
1.29881 -0.480978 -0.511271 128 128 128
1.28762 -0.49489 -0.509021 128 128 128
1.278 -0.509285 -0.50752 128 128 128
1.26651 -0.522812 -0.50527 128 128 128
1.26171 -0.539042 -0.50602 128 128 128
1.25076 -0.552615 -0.504144 128 128 128
1.23882 -0.565617 -0.501894 128 128 128
1.23095 -0.580383 -0.501519 128 128 128
1.21289 -0.590183 -0.496643 128 128 128
1.20224 -0.603363 -0.495142 128 128 128
1.19063 -0.615945 -0.493267 128 128 128
1.17397 -0.625723 -0.489141 128 128 128
1.16865 -0.641418 -0.490266 128 128 128
1.15584 -0.65298 -0.488016 128 128 128
1.14614 -0.666185 -0.487265 128 128 128
1.13071 -0.675926 -0.48389 128 128 128
1.11759 -0.686844 -0.481639 128 128 128
1.10908 -0.700507 -0.481639 128 128 128
1.09806 -0.712553 -0.480514 128 128 128
1.08615 -0.723921 -0.479013 128 128 128
1.07336 -0.734581 -0.477138 128 128 128
1.06426 -0.747698 -0.477138 128 128 128
1.05275 -0.759077 -0.476013 128 128 128
1.04112 -0.770287 -0.474887 128 128 128
1.03011 -0.781886 -0.474137 128 128 128
1.01677 -0.791625 -0.472262 128 128 128
1.00771 -0.80462 -0.472637 128 128 128
0.994169 -0.813994 -0.470761 128 128 128
0.982684 -0.824942 -0.470011 128 128 128
0.971783 -0.836335 -0.469636 128 128 128
0.960751 -0.847585 -0.469261 128 128 128
0.948213 -0.857448 -0.468136 128 128 128
0.933536 -0.865243 -0.465885 128 128 128
0.921502 -0.875358 -0.465135 128 128 128
0.911356 -0.887246 -0.46551 128 128 128
0.898428 -0.896401 -0.464385 128 128 128
0.88736 -0.907359 -0.464385 128 128 128
0.874878 -0.91684 -0.463635 128 128 128
0.861663 -0.925474 -0.462509 128 128 128
0.847121 -0.93255 -0.460634 128 128 128
0.838692 -0.946341 -0.462509 128 128 128
0.827622 -0.957262 -0.462884 128 128 128
0.815215 -0.966639 -0.462509 128 128 128
0.800932 -0.973709 -0.461009 128 128 128
0.788923 -0.983464 -0.461009 128 128 128
0.775651 -0.991612 -0.460259 128 128 128
0.759484 -0.995901 -0.457633 128 128 128
0.75219 -1.01184 -0.461009 128 128 128
0.73427 -1.01349 -0.457258 128 128 128
0.723919 -1.02545 -0.458758 128 128 128
0.709176 -1.0312 -0.457258 128 128 128
0.700602 -1.04599 -0.460259 128 128 128
0.687206 -1.05373 -0.459884 128 128 128
0.674224 -1.06208 -0.459884 128 128 128
0.66358 -1.07422 -0.461759 128 128 128
0.650348 -1.08228 -0.461759 128 128 128
0.636549 -1.08938 -0.461384 128 128 128
0.622674 -1.0963 -0.461009 128 128 128
0.609174 -1.10386 -0.461009 128 128 128
0.59602 -1.11207 -0.461384 128 128 128
0.583186 -1.12094 -0.462134 128 128 128
0.571061 -1.13132 -0.463635 128 128 128
0.557952 -1.13991 -0.464385 128 128 128
0.546709 -1.15253 -0.46701 128 128 128
0.530197 -1.1541 -0.46476 128 128 128
0.520147 -1.16984 -0.468886 128 128 128
0.50355 -1.17102 -0.466635 128 128 128
0.491638 -1.1831 -0.469261 128 128 128
0.47639 -1.18733 -0.468511 128 128 128
0.463797 -1.19827 -0.470761 128 128 128
0.450033 -1.20647 -0.471887 128 128 128
0.435822 -1.21365 -0.472637 128 128 128
0.421806 -1.22154 -0.473762 128 128 128
0.407663 -1.22926 -0.474887 128 128 128
0.394238 -1.23947 -0.477138 128 128 128
0.378999 -1.24421 -0.477138 128 128 128
0.363962 -1.24966 -0.477513 128 128 128
0.350842 -1.26207 -0.480889 128 128 128
0.333661 -1.26001 -0.478263 128 128 128
0.319309 -1.2685 -0.480139 128 128 128
0.261071 -1.30445 -0.489141 128 128 128
0.245903 -1.31211 -0.491016 128 128 128
0.229622 -1.31412 -0.490641 128 128 128
0.213031 -1.31409 -0.489516 128 128 128
0.197993 -1.32394 -0.492517 128 128 128
0.184267 -1.34463 -0.500018 128 128 128
0.166482 -1.33668 -0.495892 128 128 128
0.150588 -1.34322 -0.497768 128 128 128
0.135951 -1.36342 -0.50527 128 128 128
0.118475 -1.35667 -0.501894 128 128 128
0.102872 -1.37189 -0.50752 128 128 128
0.0861467 -1.3749 -0.50827 128 128 128
0.069173 -1.374 -0.50752 128 128 128
0.0524152 -1.37752 -0.508646 128 128 128
0.0357302 -1.3864 -0.512021 128 128 128
0.0187142 -1.38674 -0.512021 128 128 128
0.00171396 -1.39521 -0.515397 128 128 128
-0.0154075 -1.39512 -0.515397 128 128 128
-0.0325887 -1.39761 -0.516523 128 128 128
-0.0502179 -1.411 -0.522149 128 128 128
-0.0675293 -1.41028 -0.522149 128 128 128
-0.0850496 -1.41304 -0.523649 128 128 128
-0.103243 -1.42391 -0.528525 128 128 128
-0.120864 -1.42439 -0.529276 128 128 128
-0.138956 -1.42926 -0.531901 128 128 128
-0.157586 -1.43758 -0.536027 128 128 128
-0.176441 -1.44566 -0.540153 128 128 128
-0.196623 -1.46176 -0.547655 128 128 128
-0.214144 -1.45649 -0.54653 128 128 128
-0.23476 -1.47115 -0.553657 128 128 128
-0.252327 -1.46541 -0.552531 128 128 128
-0.272302 -1.47315 -0.557032 128 128 128
-0.292863 -1.48243 -0.562284 128 128 128
-0.311033 -1.47872 -0.562284 128 128 128
-0.328552 -1.47208 -0.561158 128 128 128
-0.351472 -1.48869 -0.569786 128 128 128
-0.406519 -1.47653 -0.570536 128 128 128
-0.423583 -1.46787 -0.569035 128 128 128
-0.443968 -1.47055 -0.572411 128 128 128
-0.464483 -1.47295 -0.575787 128 128 128
-0.479057 -1.45657 -0.571286 128 128 128
-0.50858 -1.48479 -0.585915 128 128 128
-0.528315 -1.48281 -0.58779 128 128 128
-0.540371 -1.45969 -0.580663 128 128 128
-0.559902 -1.45728 -0.582539 128 128 128
-0.577743 -1.4503 -0.582539 128 128 128
-0.598672 -1.45081 -0.585915 128 128 128
-0.612434 -1.43398 -0.581789 128 128 128
-0.907627 -1.51924 -0.666934 128 128 128
-0.839471 -1.36653 -0.599793 128 128 128
-1.05499 -1.58403 -0.720948 128 128 128
-1.07487 -1.57173 -0.721323 128 128 128
-1.09461 -1.55918 -0.721698 128 128 128
-1.11745 -1.5509 -0.724324 128 128 128
-1.11493 -1.50798 -0.709695 128 128 128
-1.18596 -1.56365 -0.744954 128 128 128
-1.20506 -1.54898 -0.744954 128 128 128
-1.22455 -1.5348 -0.745329 128 128 128
-1.26206 -1.54263 -0.757332 128 128 128
-1.28209 -1.52845 -0.758082 128 128 128
-1.42123 -1.49741 -0.786214 128 128 128
-1.44789 -1.4885 -0.79109 128 128 128
-1.49417 -1.49887 -0.807219 128 128 128
-1.56674 -1.53363 -0.837976 128 128 128
-1.56535 -1.49506 -0.826724 128 128 128
-1.70057 -1.4717 -0.860857 128 128 128
-1.73479 -1.46448 -0.869484 128 128 128
-1.75477 -1.44485 -0.870609 128 128 128
-1.78104 -1.43018 -0.875111 128 128 128
-1.95633 -1.41895 -0.928749 128 128 128
-1.9736 -1.39484 -0.928749 128 128 128
-1.99514 -1.37367 -0.930999 128 128 128
-2.18361 -1.3138 -0.982012 128 128 128
-2.46846 -1.17268 -1.05665 128 128 128
-2.46582 -1.13454 -1.04915 128 128 128
-2.62401 -1.13022 -1.10692 128 128 128
-2.62827 -1.09402 -1.10279 128 128 128
-2.67847 -1.07656 -1.11892 128 128 128
-3.05153 -0.770154 -1.22432 128 128 128
-3.89251 0.854764 -1.67397 128 128 128
-3.85432 0.946078 -1.66682 128 128 128
-3.814 0.985925 -1.65412 128 128 128
-3.81046 1.03507 -1.65809 128 128 128
-2.31361 0.910854 -1.02569 128 128 128
-2.27423 0.927689 -1.01259 128 128 128
-2.27366 0.960188 -1.01775 128 128 128
-2.27584 1.06153 -1.0364 128 128 128
-2.26843 1.09217 -1.03918 128 128 128
-2.26882 1.12689 -1.04593 128 128 128
-2.27114 1.16304 -1.05387 128 128 128
-1.27694 0.797084 -0.601306 128 128 128
-1.25319 0.803736 -0.59416 128 128 128
-1.23252 0.811955 -0.588603 128 128 128
-3.2571 2.51733 -1.73074 128 128 128
-3.27914 2.59935 -1.76011 128 128 128
-3.36015 2.73156 -1.82323 128 128 128
-3.2671 2.93366 -1.84944 128 128 128
-2.01835 1.85545 -1.13605 128 128 128
-1.99809 1.8826 -1.13764 128 128 128
-1.96825 1.90059 -1.13367 128 128 128
-1.94543 1.92525 -1.13406 128 128 128
-1.92423 1.95159 -1.13565 128 128 128
-1.88328 2.00627 -1.14042 128 128 128
-1.86471 2.03601 -1.14439 128 128 128
-2.87805 3.22449 -1.81966 128 128 128
-2.85031 3.27342 -1.8276 128 128 128
-2.79212 3.28715 -1.81569 128 128 128
-2.74163 3.30914 -1.80894 128 128 128
-2.64314 3.35451 -1.79743 128 128 128
-2.59898 3.38305 -1.79545 128 128 128
-2.54353 3.39631 -1.78552 128 128 128
-2.51733 3.44878 -1.79703 128 128 128
-0.987205 3.67413 -1.59576 128 128 128
-0.939781 3.67707 -1.59179 128 128 128
-0.894802 3.68922 -1.59219 128 128 128
-0.843331 3.67308 -1.58028 128 128 128
-0.797033 3.67777 -1.5779 128 128 128
-0.750199 3.67918 -1.57432 128 128 128
-0.703623 3.68089 -1.57115 128 128 128
-0.65808 3.68744 -1.57035 128 128 128
-0.616359 3.71698 -1.57988 128 128 128
-0.568215 3.70793 -1.57274 128 128 128
-0.519245 3.69008 -1.56202 128 128 128
-0.47184 3.67978 -1.55487 128 128 128
-0.424035 3.6625 -1.54495 128 128 128
-0.377099 3.64825 -1.53661 128 128 128
-0.330413 3.63158 -1.52748 128 128 128
-0.283483 3.60516 -1.51438 128 128 128
-0.238863 3.60288 -1.512 128 128 128
-0.193761 3.58904 -1.50485 128 128 128
-0.148998 3.57372 -1.49731 128 128 128
-0.105002 3.57069 -1.49532 128 128 128
-0.0607076 3.54235 -1.48262 128 128 128
-0.017179 3.52814 -1.47627 128 128 128
0.0259602 3.50973 -1.46833 128 128 128
0.0687407 3.49538 -1.46237 128 128 128
0.110899 3.47226 -1.45284 128 128 128
0.152168 3.4413 -1.44014 128 128 128
0.19391 3.43092 -1.43657 128 128 128
0.233817 3.39716 -1.42307 128 128 128
0.273905 3.37482 -1.41473 128 128 128
0.314779 3.36572 -1.41235 128 128 128
0.354786 3.34974 -1.40719 128 128 128
0.394122 3.33056 -1.40084 128 128 128
0.431238 3.29726 -1.38853 128 128 128
0.467859 3.26538 -1.37702 128 128 128
0.506185 3.24851 -1.37226 128 128 128
0.54125 3.214 -1.35995 128 128 128
0.578839 3.19719 -1.35558 128 128 128
0.614339 3.17093 -1.34725 128 128 128
0.647788 3.13709 -1.33573 128 128 128
0.680104 3.10112 -1.32343 128 128 128
0.714977 3.07913 -1.31747 128 128 128
0.75161 3.06567 -1.31549 128 128 128
0.784099 3.03667 -1.30675 128 128 128
0.818406 3.0162 -1.30199 128 128 128
0.852834 2.9971 -1.29802 128 128 128
0.886391 2.97586 -1.29326 128 128 128
0.913801 2.93585 -1.28016 128 128 128
0.943212 2.90435 -1.27102 128 128 128
0.971102 2.86996 -1.2607 128 128 128
0.998903 2.83706 -1.25117 128 128 128
1.02794 2.80908 -1.24403 128 128 128
1.05318 2.77224 -1.23291 128 128 128
1.08239 2.74716 -1.22736 128 128 128
1.11289 2.72603 -1.22378 128 128 128
1.14052 2.69865 -1.21743 128 128 128
1.16949 2.67521 -1.21306 128 128 128
1.19465 2.64394 -1.20512 128 128 128
1.21299 2.59916 -1.19083 128 128 128
1.2384 2.57085 -1.18448 128 128 128
1.25716 2.53 -1.17217 128 128 128
1.28643 2.51112 -1.17059 128 128 128
1.30641 2.47487 -1.16066 128 128 128
1.32921 2.44495 -1.15391 128 128 128
1.33888 2.39245 -1.13605 128 128 128
1.3585 2.35915 -1.12771 128 128 128
1.37562 2.32258 -1.11779 128 128 128
1.40306 2.30395 -1.11699 128 128 128
1.43025 2.28501 -1.1162 128 128 128
1.44873 2.25263 -1.10866 128 128 128
1.46967 2.22474 -1.1035 128 128 128
1.4762 2.17619 -1.08762 128 128 128
1.50122 2.15565 -1.08643 128 128 128
1.51312 2.11693 -1.07571 128 128 128
1.54007 2.09968 -1.0765 128 128 128
1.54802 2.05718 -1.0638 128 128 128
1.54674 2.00393 -1.04514 128 128 128
1.56379 1.97545 -1.03998 128 128 128
1.58038 1.94686 -1.03482 128 128 128
1.59768 1.91957 -1.03045 128 128 128
1.61037 1.88727 -1.0233 128 128 128
1.62796 1.86116 -1.01973 128 128 128
1.14915 1.28358 -0.695392 128 128 128
1.15237 1.25589 -0.687453 128 128 128
1.18471 1.25967 -0.698171 128 128 128
1.65985 1.71971 -0.984002 128 128 128
1.67113 1.68944 -0.978047 128 128 128
1.68781 1.66494 -0.975666 128 128 128
1.68294 1.61996 -0.96058 128 128 128
1.69599 1.59292 -0.95661 128 128 128
1.6944 1.5528 -0.944304 128 128 128
1.70647 1.52578 -0.940334 128 128 128
1.71468 1.4957 -0.934379 128 128 128
1.7252 1.46801 -0.930012 128 128 128
1.73248 1.43796 -0.924057 128 128 128
1.74428 1.41198 -0.920881 128 128 128
1.74055 1.37402 -0.909369 128 128 128
1.75582 1.35144 -0.908575 128 128 128
1.18707 0.892426 -0.592572 128 128 128
1.12968 0.828075 -0.55605 128 128 128
1.17119 0.836462 -0.572723 128 128 128
1.19344 0.830379 -0.579075 128 128 128
1.76535 1.19406 -0.872052 128 128 128
1.75608 1.1567 -0.859745 128 128 128
1.74496 1.08904 -0.839896 128 128 128
1.7629 1.07039 -0.842278 128 128 128
1.76799 1.04403 -0.838308 128 128 128
1.78067 1.02225 -0.838308 128 128 128
1.76901 0.986958 -0.826398 128 128 128
1.76564 0.956898 -0.818855 128 128 128
1.76587 0.929199 -0.813298 128 128 128
1.76977 0.903718 -0.809725 128 128 128
1.76097 0.872198 -0.800197 128 128 128
1.76988 0.849731 -0.799403 128 128 128
1.76435 0.820628 -0.79186 128 128 128
1.76172 0.79329 -0.785905 128 128 128
1.76458 0.768693 -0.78273 128 128 128
1.7434 0.734224 -0.768438 128 128 128
1.74292 0.708992 -0.764071 128 128 128
1.74038 0.683215 -0.75891 128 128 128
1.7409 0.6589 -0.755337 128 128 128
1.73591 0.632801 -0.749383 128 128 128
1.73314 0.60783 -0.744619 128 128 128
1.72915 0.582732 -0.739458 128 128 128
1.72394 0.557543 -0.7339 128 128 128
1.72012 0.53311 -0.729136 128 128 128
1.72125 0.510408 -0.726754 128 128 128
1.72032 0.487262 -0.723578 128 128 128
1.7173 0.463743 -0.719608 128 128 128
1.70952 0.43924 -0.713654 128 128 128
1.70675 0.41629 -0.710081 128 128 128
1.70457 0.393679 -0.706905 128 128 128
1.70927 0.372732 -0.706905 128 128 128
1.69663 0.348264 -0.699362 128 128 128
1.67192 0.321935 -0.686658 128 128 128
1.6658 0.299631 -0.682292 128 128 128
1.6612 0.277824 -0.678719 128 128 128
1.65632 0.256176 -0.675146 128 128 128
1.65843 0.235704 -0.674749 128 128 128
1.64299 0.213021 -0.666809 128 128 128
1.62633 0.190648 -0.658472 128 128 128
1.61394 0.169183 -0.652121 128 128 128
1.60767 0.148626 -0.648548 128 128 128
1.60662 0.128673 -0.647357 128 128 128
1.60259 0.10859 -0.644975 128 128 128
1.60105 0.0887704 -0.643784 128 128 128
1.60018 0.0690421 -0.64299 128 128 128
1.57797 0.0487527 -0.633065 128 128 128
1.57386 0.0293117 -0.63108 128 128 128
1.57227 0.00998903 -0.630286 128 128 128
1.56493 -0.00924278 -0.62711 128 128 128
1.5592 -0.0283313 -0.624728 128 128 128
1.54864 -0.0471284 -0.620362 128 128 128
1.54153 -0.0658374 -0.617583 128 128 128
1.52961 -0.0841143 -0.612819 128 128 128
1.5193 -0.102237 -0.608849 128 128 128
1.51702 -0.120798 -0.608452 128 128 128
1.50354 -0.138279 -0.603291 128 128 128
1.48622 -0.155057 -0.596542 128 128 128
1.47965 -0.172739 -0.594557 128 128 128
1.4756 -0.190643 -0.593763 128 128 128
1.46497 -0.207554 -0.59019 128 128 128
1.44871 -0.223379 -0.584236 128 128 128
1.43591 -0.239451 -0.579869 128 128 128
1.43738 -0.257877 -0.581854 128 128 128
1.41879 -0.272509 -0.575105 128 128 128
1.41175 -0.289152 -0.573517 128 128 128
1.39196 -0.302894 -0.566371 128 128 128
1.38277 -0.3187 -0.563989 128 128 128
1.37609 -0.334985 -0.562798 128 128 128
1.37009 -0.351385 -0.562004 128 128 128
1.35505 -0.365274 -0.55724 128 128 128
1.34606 -0.380613 -0.555256 128 128 128
1.33249 -0.39447 -0.551286 128 128 128
1.3223 -0.409149 -0.548904 128 128 128
1.31194 -0.423636 -0.546522 128 128 128
1.30404 -0.438818 -0.545331 128 128 128
1.29855 -0.454787 -0.545331 128 128 128
1.29201 -0.470371 -0.544934 128 128 128
1.27928 -0.483574 -0.541758 128 128 128
1.27667 -0.500587 -0.543346 128 128 128
1.26193 -0.512734 -0.539376 128 128 128
1.25386 -0.527465 -0.538582 128 128 128
1.24477 -0.541705 -0.537391 128 128 128
1.23385 -0.555044 -0.535406 128 128 128
1.22362 -0.568586 -0.533818 128 128 128
1.20911 -0.579963 -0.530245 128 128 128
1.20108 -0.594347 -0.529848 128 128 128
1.19778 -0.61114 -0.531833 128 128 128
1.18046 -0.620637 -0.527069 128 128 128
1.16631 -0.631559 -0.523894 128 128 128
1.14727 -0.639531 -0.518336 128 128 128
1.13377 -0.650347 -0.515557 128 128 128
1.13517 -0.669839 -0.520321 128 128 128
1.12608 -0.68324 -0.519924 128 128 128
1.10673 -0.690173 -0.514366 128 128 128
1.09895 -0.7042 -0.514763 128 128 128
1.10476 -0.727268 -0.522306 128 128 128
1.06844 -0.722178 -0.508014 128 128 128
1.02 -0.764885 -0.501662 128 128 128
1.02287 -0.786898 -0.508411 128 128 128
1.0117 -0.798249 -0.507617 128 128 128
0.97265 -0.786839 -0.491341 128 128 128
0.989691 -0.821072 -0.506426 128 128 128
0.972568 -0.827186 -0.502456 128 128 128
0.961655 -0.838453 -0.502059 128 128 128
0.949246 -0.84835 -0.500868 128 128 128
0.936065 -0.857446 -0.49928 128 128 128
0.922804 -0.866346 -0.497692 128 128 128
0.910785 -0.876328 -0.496898 128 128 128
0.899311 -0.886792 -0.496501 128 128 128
0.890291 -0.899725 -0.497692 128 128 128
0.876006 -0.907271 -0.495707 128 128 128
0.86418 -0.917282 -0.49531 128 128 128
0.855334 -0.930529 -0.496898 128 128 128
0.839577 -0.936158 -0.494119 128 128 128
0.824413 -0.942234 -0.491738 128 128 128
0.813382 -0.95298 -0.492135 128 128 128
0.801041 -0.962182 -0.491738 128 128 128
0.78975 -0.972654 -0.492135 128 128 128
0.778321 -0.982994 -0.492532 128 128 128
0.7662 -0.992471 -0.492532 128 128 128
0.752864 -1.00033 -0.491738 128 128 128
0.742153 -1.01172 -0.492928 128 128 128
0.730213 -1.0215 -0.493325 128 128 128
0.718667 -1.03189 -0.494119 128 128 128
0.710052 -1.04672 -0.497295 128 128 128
0.67853 -1.02696 -0.482607 128 128 128
0.671309 -1.04372 -0.486974 128 128 128
0.663778 -1.06045 -0.491341 128 128 128
0.654513 -1.0748 -0.494516 128 128 128
0.640344 -1.08117 -0.493723 128 128 128
0.629305 -1.09293 -0.495707 128 128 128
0.620301 -1.1086 -0.499677 128 128 128
0.620154 -1.14117 -0.511984 128 128 128
0.594185 -1.12593 -0.500868 128 128 128
0.578245 -1.12904 -0.498883 128 128 128
0.562724 -1.13276 -0.497295 128 128 128
0.547989 -1.13792 -0.496501 128 128 128
0.537066 -1.15123 -0.499677 128 128 128
0.522899 -1.15773 -0.499677 128 128 128
0.511935 -1.17164 -0.50325 128 128 128
0.49929 -1.18207 -0.505235 128 128 128
0.483027 -1.18385 -0.50325 128 128 128
0.470797 -1.19567 -0.506029 128 128 128
0.456412 -1.20222 -0.506426 128 128 128
0.441624 -1.20773 -0.506426 128 128 128
0.428279 -1.21739 -0.508411 128 128 128
0.413017 -1.22169 -0.508014 128 128 128
0.399395 -1.23103 -0.509999 128 128 128
0.385877 -1.24111 -0.512381 128 128 128
0.3701 -1.24399 -0.511587 128 128 128
0.354558 -1.24755 -0.51119 128 128 128
0.341831 -1.26156 -0.515557 128 128 128
0.327682 -1.271 -0.517939 128 128 128
0.31206 -1.27492 -0.517939 128 128 128
0.296596 -1.27955 -0.518336 128 128 128
0.280678 -1.2822 -0.517939 128 128 128
0.26711 -1.29634 -0.522703 128 128 128
0.206907 -1.33238 -0.533421 128 128 128
0.190287 -1.333 -0.532627 128 128 128
0.17403 -1.33615 -0.533024 128 128 128
0.157725 -1.3391 -0.533421 128 128 128
0.141654 -1.34458 -0.535009 128 128 128
0.125307 -1.34805 -0.535803 128 128 128
0.109039 -1.35315 -0.537391 128 128 128
0.0921866 -1.35072 -0.535803 128 128 128
0.0766691 -1.37191 -0.544537 128 128 128
0.060088 -1.37917 -0.547316 128 128 128
0.0431848 -1.38072 -0.547713 128 128 128
0.026238 -1.38115 -0.547713 128 128 128
0.00931423 -1.38871 -0.550889 128 128 128
-0.00771226 -1.38688 -0.550095 128 128 128
-0.0248266 -1.39127 -0.55208 128 128 128
-0.0420498 -1.39545 -0.554065 128 128 128
-0.0596709 -1.40583 -0.558828 128 128 128
-0.0770768 -1.40774 -0.560019 128 128 128
-0.0947311 -1.41218 -0.562401 128 128 128
-0.112581 -1.41732 -0.56518 128 128 128
-0.130658 -1.42314 -0.568356 128 128 128
-0.150069 -1.43968 -0.576296 128 128 128
-0.167942 -1.43955 -0.57709 128 128 128
-0.187037 -1.4483 -0.581854 128 128 128
-0.205716 -1.45226 -0.584633 128 128 128
-0.224661 -1.45687 -0.587809 128 128 128
-0.243751 -1.46125 -0.590984 128 128 128
-0.265288 -1.47801 -0.599718 128 128 128
-0.283054 -1.47284 -0.598924 128 128 128
-0.300733 -1.46746 -0.59813 128 128 128
-0.320696 -1.47262 -0.6021 128 128 128
-0.341666 -1.48109 -0.607658 128 128 128
-0.343335 -1.40995 -0.577884 128 128 128
-0.360612 -1.40563 -0.577884 128 128 128
-0.377109 -1.39844 -0.576693 128 128 128
-0.394747 -1.39547 -0.577487 128 128 128
-0.416316 -1.40547 -0.584236 128 128 128
-0.429422 -1.38712 -0.578281 128 128 128
-0.458369 -1.41839 -0.594954 128 128 128
-0.480171 -1.42569 -0.600909 128 128 128
-0.501303 -1.43008 -0.605673 128 128 128
-0.524514 -1.43933 -0.612819 128 128 128
-0.5441 -1.43793 -0.615201 128 128 128
-0.560016 -1.42687 -0.613216 128 128 128
-0.585143 -1.43858 -0.621949 128 128 128
-0.597016 -1.41777 -0.615598 128 128 128
-0.62064 -1.42462 -0.622347 128 128 128
-0.642625 -1.42693 -0.62711 128 128 128
-0.655415 -1.40896 -0.622347 128 128 128
-0.660669 -1.37603 -0.610437 128 128 128
-0.688157 -1.38917 -0.620759 128 128 128
-0.691722 -1.3545 -0.608055 128 128 128
-0.699698 -1.32969 -0.600115 128 128 128
-0.743218 -1.37096 -0.624728 128 128 128
-0.75594 -1.35453 -0.621155 128 128 128
-0.787201 -1.37058 -0.633859 128 128 128
-0.810058 -1.37107 -0.63902 128 128 128
-0.867382 -1.38887 -0.658472 128 128 128
-0.955529 -1.48839 -0.715242 128 128 128
-0.97575 -1.47962 -0.71683 128 128 128
-1.06622 -1.38351 -0.705714 128 128 128
-1.23383 -1.56005 -0.810519 128 128 128
-1.25172 -1.54337 -0.809725 128 128 128
-1.28115 -1.54058 -0.81687 128 128 128
-1.30354 -1.52892 -0.819252 128 128 128
-1.33553 -1.52798 -0.827986 128 128 128
-1.34558 -1.50193 -0.822428 128 128 128
-1.35334 -1.47383 -0.815679 128 128 128
-1.42238 -1.51115 -0.847836 128 128 128
-1.467 -1.52061 -0.864112 128 128 128
-1.5043 -1.52138 -0.875625 128 128 128
-1.53268 -1.51246 -0.881579 128 128 128
-1.55973 -1.50179 -0.88674 128 128 128
-1.57336 -1.47815 -0.883961 128 128 128
-1.70442 -1.52395 -0.939143 128 128 128
-1.69182 -1.47583 -0.921278 128 128 128
-1.7308 -1.47276 -0.933188 128 128 128
-1.75582 -1.45726 -0.937158 128 128 128
-1.77571 -1.43733 -0.938349 128 128 128
-1.79033 -1.41316 -0.936761 128 128 128
-1.95983 -1.43277 -1.00028 128 128 128
-1.96904 -1.40277 -0.995912 128 128 128
-2.01554 -1.39886 -1.01139 128 128 128
-2.03713 -1.3771 -1.01378 128 128 128
-2.22535 -1.31284 -1.06777 128 128 128
-2.2644 -1.29863 -1.07928 128 128 128
-2.28418 -1.27298 -1.08126 128 128 128
-2.68407 -1.08938 -1.20314 128 128 128
-2.69296 -1.0547 -1.20115 128 128 128
-2.73663 -1.0332 -1.21545 128 128 128
-2.76722 -1.0061 -1.22378 128 128 128
-2.8045 -0.980813 -1.2353 128 128 128
-2.83286 -0.951854 -1.24284 128 128 128
-3.22374 -0.616767 -1.36987 128 128 128
-3.25908 -0.582128 -1.38218 128 128 128
-3.80748 1.40338 -1.83284 128 128 128
-3.80522 1.45582 -1.84042 128 128 128
-3.78245 1.60909 -1.85726 128 128 128
-3.77321 1.66013 -1.86273 128 128 128
-3.7476 1.70406 -1.86021 128 128 128
-3.63836 1.98948 -1.8741 128 128 128
-3.63185 2.04421 -1.88378 128 128 128
-3.60728 2.08908 -1.88421 128 128 128
-1.31009 0.781376 -0.657307 128 128 128
-1.2594 0.772302 -0.634992 128 128 128
-1.24847 0.852579 -0.650992 128 128 128
-3.44075 2.40907 -1.89894 128 128 128
-3.41904 2.45693 -1.90357 128 128 128
-3.3806 2.49278 -1.89894 128 128 128
-3.3512 2.53517 -1.89978 128 128 128
-3.25772 2.65852 -1.90105 128 128 128
-3.22346 2.69714 -1.9002 128 128 128
-3.19632 2.7418 -1.90399 128 128 128
-3.15426 2.77364 -1.89894 128 128 128
-3.12605 2.8176 -1.90273 128 128 128
-3.03164 3.01491 -1.93389 128 128 128
-2.99695 3.05447 -1.93557 128 128 128
-2.96991 3.10215 -1.94273 128 128 128
-2.93038 3.13704 -1.94189 128 128 128
-2.91183 3.19488 -1.95578 128 128 128
-2.80692 3.3172 -1.96631 128 128 128
-1.74886 2.1198 -1.22486 128 128 128
-1.7102 2.12556 -1.2156 128 128 128
-0.829049 3.64552 -1.68463 128 128 128
-0.785585 3.66162 -1.68758 128 128 128
-0.742209 3.67899 -1.69137 128 128 128
-0.695319 3.67891 -1.68716 128 128 128
-0.646332 3.66573 -1.67706 128 128 128
-0.597922 3.6528 -1.66737 128 128 128
-0.555904 3.67869 -1.67621 128 128 128
-0.51022 3.68164 -1.67453 128 128 128
-0.463522 3.67593 -1.66906 128 128 128
-0.416939 3.66872 -1.66316 128 128 128
-0.369411 3.6492 -1.65179 128 128 128
-0.322828 3.63358 -1.64253 128 128 128
-0.276129 3.61014 -1.6299 128 128 128
-0.230637 3.59515 -1.62148 128 128 128
-0.185319 3.57507 -1.61095 128 128 128
-0.140637 3.55713 -1.60169 128 128 128
-0.0963988 3.53774 -1.59201 128 128 128
-0.0528944 3.53321 -1.58948 128 128 128
-0.00947915 3.51636 -1.58148 128 128 128
0.0335729 3.50533 -1.57643 128 128 128
0.0761776 3.48561 -1.56759 128 128 128
0.118089 3.45903 -1.5558 128 128 128
0.159652 3.43829 -1.54696 128 128 128
0.200408 3.41162 -1.53559 128 128 128
0.240788 3.3881 -1.5259 128 128 128
0.280922 3.36771 -1.5179 128 128 128
0.319558 3.33602 -1.50485 128 128 128
0.358529 3.31381 -1.49643 128 128 128
0.397868 3.29836 -1.49138 128 128 128
0.436883 3.28243 -1.48633 128 128 128
0.475176 3.26336 -1.48001 128 128 128
0.511936 3.23668 -1.47033 128 128 128
0.547809 3.2078 -1.4598 128 128 128
0.583867 3.18299 -1.45138 128 128 128
0.619225 3.15689 -1.44254 128 128 128
0.652365 3.12242 -1.42991 128 128 128
0.686713 3.09646 -1.42149 128 128 128
0.7168 3.05424 -1.40549 128 128 128
0.750961 3.03201 -1.39917 128 128 128
0.783771 3.00589 -1.39117 128 128 128
0.818446 2.98817 -1.38738 128 128 128
0.851305 2.96482 -1.38107 128 128 128
0.882672 2.93764 -1.37307 128 128 128
0.914315 2.91274 -1.36633 128 128 128
0.942662 2.87889 -1.35538 128 128 128
0.972948 2.85251 -1.34823 128 128 128
1.00303 2.82667 -1.34149 128 128 128
1.03294 2.80138 -1.33517 128 128 128
1.05526 2.75715 -1.3196 128 128 128
1.07933 2.71954 -1.30739 128 128 128
1.10779 2.69434 -1.30149 128 128 128
1.13368 2.66385 -1.29307 128 128 128
1.1619 2.63977 -1.28802 128 128 128
1.18858 2.61292 -1.2817 128 128 128
1.21863 2.59404 -1.2796 128 128 128
1.23654 2.55031 -1.26486 128 128 128
1.26287 2.52521 -1.25981 128 128 128
1.35583 2.34017 -1.20465 128 128 128
1.37935 2.31478 -1.20002 128 128 128
1.40291 2.28995 -1.19581 128 128 128
1.41352 2.24492 -1.18065 128 128 128
1.45721 2.25254 -1.19455 128 128 128
1.46518 2.20502 -1.17813 128 128 128
1.47885 2.16738 -1.16718 128 128 128
1.50014 2.14164 -1.16297 128 128 128
1.50567 2.09434 -1.14655 128 128 128
1.52319 2.06475 -1.14024 128 128 128
1.53583 2.02926 -1.13055 128 128 128
1.54283 1.98732 -1.11708 128 128 128
1.5592 1.9583 -1.11118 128 128 128
1.57394 1.92777 -1.10445 128 128 128
1.58118 1.88883 -1.09266 128 128 128
1.59952 1.86377 -1.08929 128 128 128
1.12353 1.27643 -0.738567 128 128 128
1.14457 1.26862 -0.742357 128 128 128
1.16559 1.26047 -0.746146 128 128 128
1.62297 1.71321 -1.04466 128 128 128
1.65271 1.70228 -1.05055 128 128 128
1.66772 1.67608 -1.04677 128 128 128
1.66745 1.63515 -1.03329 128 128 128
1.67953 1.60703 -1.02824 128 128 128
1.68653 1.57453 -1.02024 128 128 128
1.69299 1.54211 -1.01224 128 128 128
1.6874 1.49951 -0.997083 128 128 128
1.69334 1.46799 -0.989505 128 128 128
1.18975 0.841706 -0.62573 128 128 128
1.75303 1.209 -0.937717 128 128 128
1.74816 1.11293 -0.911192 128 128 128
1.74241 1.07944 -0.900666 128 128 128
1.74932 1.05423 -0.897298 128 128 128
1.73865 1.01891 -0.884667 128 128 128
1.72267 0.981311 -0.869509 128 128 128
1.74251 0.964496 -0.87372 128 128 128
1.75422 0.94304 -0.87372 128 128 128
1.76083 0.918921 -0.871193 128 128 128
1.75742 0.889858 -0.863615 128 128 128
1.76658 0.867424 -0.862773 128 128 128
1.75416 0.83475 -0.850984 128 128 128
1.75933 0.810879 -0.848458 128 128 128
1.75921 0.784787 -0.843405 128 128 128
1.7479 0.754141 -0.832879 128 128 128
1.75284 0.730886 -0.830774 128 128 128
1.74906 0.70423 -0.824459 128 128 128
1.73728 0.674816 -0.814354 128 128 128
1.7259 0.646116 -0.80467 128 128 128
1.72261 0.620882 -0.799196 128 128 128
1.71639 0.594932 -0.79246 128 128 128
1.72098 0.572963 -0.791197 128 128 128
1.7132 0.547098 -0.784039 128 128 128
1.71284 0.523906 -0.780671 128 128 128
1.71131 0.500549 -0.776881 128 128 128
1.71121 0.477799 -0.773934 128 128 128
1.71081 0.455126 -0.770987 128 128 128
1.69956 0.429859 -0.762987 128 128 128
1.6906 0.405573 -0.756251 128 128 128
1.69368 0.384393 -0.755409 128 128 128
1.69118 0.362055 -0.75204 128 128 128
1.67682 0.337501 -0.743199 128 128 128
1.66747 0.314366 -0.736883 128 128 128
1.66405 0.292618 -0.733515 128 128 128
1.66036 0.271 -0.730147 128 128 128
1.65459 0.249246 -0.725936 128 128 128
1.64764 0.227549 -0.721305 128 128 128
1.62871 0.204581 -0.7112 128 128 128
1.62389 0.183757 -0.707832 128 128 128
1.6179 0.16299 -0.704042 128 128 128
1.5981 0.141189 -0.693937 128 128 128
1.59519 0.12122 -0.691832 128 128 128
1.59022 0.101226 -0.688885 128 128 128
1.58863 0.081562 -0.687622 128 128 128
1.57229 0.0613733 -0.679622 128 128 128
1.57111 0.0420241 -0.67878 128 128 128
1.56879 0.0226992 -0.677517 128 128 128
1.55534 0.00340397 -0.671201 128 128 128
1.5598 -0.0157243 -0.673307 128 128 128
1.54951 -0.0346503 -0.668675 128 128 128
1.53809 -0.0532957 -0.663623 128 128 128
1.53461 -0.0720413 -0.66236 128 128 128
1.53361 -0.0908679 -0.66236 128 128 128
1.51247 -0.108274 -0.653097 128 128 128
1.50741 -0.126527 -0.651413 128 128 128
1.49672 -0.144154 -0.647202 128 128 128
1.48852 -0.16183 -0.644255 128 128 128
1.48192 -0.179543 -0.64215 128 128 128
1.46342 -0.195568 -0.634571 128 128 128
1.46001 -0.213381 -0.63415 128 128 128
1.45012 -0.230151 -0.630782 128 128 128
1.44361 -0.24732 -0.629098 128 128 128
1.4253 -0.262241 -0.62194 128 128 128
1.42019 -0.279364 -0.621098 128 128 128
1.39978 -0.293253 -0.613099 128 128 128
1.39077 -0.309233 -0.610572 128 128 128
1.38422 -0.325656 -0.609309 128 128 128
1.36074 -0.337829 -0.600046 128 128 128
1.35562 -0.354274 -0.599625 128 128 128
1.34329 -0.36873 -0.595836 128 128 128
1.33256 -0.383437 -0.592889 128 128 128
1.32602 -0.399239 -0.592047 128 128 128
1.31843 -0.414668 -0.590784 128 128 128
1.30462 -0.427997 -0.586573 128 128 128
1.29669 -0.443097 -0.58531 128 128 128
1.28774 -0.457764 -0.583626 128 128 128
1.27947 -0.472592 -0.582363 128 128 128
1.27018 -0.486963 -0.580679 128 128 128
1.26074 -0.501176 -0.578995 128 128 128
1.25114 -0.515232 -0.57731 128 128 128
1.24388 -0.530191 -0.576889 128 128 128
1.2323 -0.543226 -0.574363 128 128 128
1.22307 -0.557182 -0.5731 128 128 128
1.21532 -0.571763 -0.572679 128 128 128
1.20657 -0.585843 -0.571837 128 128 128
1.18875 -0.595337 -0.566364 128 128 128
0.967965 -0.715011 -0.50784 128 128 128
0.973589 -0.737776 -0.51626 128 128 128
0.942242 -0.732437 -0.503208 128 128 128
0.95519 -0.761446 -0.51626 128 128 128
0.994276 -0.812665 -0.545312 128 128 128
0.982141 -0.823059 -0.544049 128 128 128
0.97059 -0.833869 -0.543207 128 128 128
0.95824 -0.843921 -0.541943 128 128 128
0.941746 -0.850153 -0.538154 128 128 128
0.936574 -0.866568 -0.541522 128 128 128
0.921257 -0.873632 -0.538575 128 128 128
0.909816 -0.88424 -0.538154 128 128 128
0.898253 -0.894699 -0.537733 128 128 128
0.886571 -0.905007 -0.537312 128 128 128
0.872261 -0.912544 -0.535207 128 128 128
0.860997 -0.923179 -0.535207 128 128 128
0.848992 -0.933005 -0.534786 128 128 128
0.836273 -0.941998 -0.533944 128 128 128
0.824055 -0.951504 -0.533523 128 128 128
0.811144 -0.960161 -0.532681 128 128 128
0.800456 -0.971441 -0.533523 128 128 128
0.789044 -0.981897 -0.533944 128 128 128
0.777495 -0.992219 -0.534365 128 128 128
0.763606 -0.999525 -0.533102 128 128 128
0.752368 -1.01027 -0.533944 128 128 128
0.676009 -1.06288 -0.533944 128 128 128
0.665784 -1.07572 -0.53647 128 128 128
0.648315 -1.07682 -0.532681 128 128 128
0.653418 -1.11599 -0.549522 128 128 128
0.601464 -1.05696 -0.513734 128 128 128
0.612199 -1.1071 -0.53647 128 128 128
0.598137 -1.11373 -0.536049 128 128 128
0.587787 -1.12741 -0.539417 128 128 128
0.573497 -1.13373 -0.538996 128 128 128
0.559141 -1.13987 -0.538575 128 128 128
0.545501 -1.14747 -0.538996 128 128 128
0.532519 -1.15655 -0.540259 128 128 128
0.519397 -1.16548 -0.541522 128 128 128
0.505776 -1.17343 -0.542365 128 128 128
0.492737 -1.18289 -0.544049 128 128 128
0.479202 -1.19138 -0.545312 128 128 128
0.464546 -1.19717 -0.545312 128 128 128
0.450138 -1.20363 -0.545733 128 128 128
0.435951 -1.21077 -0.546575 128 128 128
0.422548 -1.22031 -0.54868 128 128 128
0.409552 -1.23142 -0.551627 128 128 128
0.394133 -1.23549 -0.551206 128 128 128
0.379474 -1.24197 -0.552048 128 128 128
0.364715 -1.24828 -0.55289 128 128 128
0.350348 -1.25615 -0.554575 128 128 128
0.334673 -1.25948 -0.554154 128 128 128
0.321869 -1.27404 -0.559206 128 128 128
0.306635 -1.27966 -0.560048 128 128 128
0.292923 -1.29217 -0.564258 128 128 128
0.215338 -1.32113 -0.570574 128 128 128
0.198974 -1.32277 -0.570153 128 128 128
0.182852 -1.32601 -0.570574 128 128 128
0.166566 -1.32816 -0.570574 128 128 128
0.151179 -1.33821 -0.574363 128 128 128
0.135021 -1.34267 -0.575626 128 128 128
0.118776 -1.34694 -0.576889 128 128 128
0.10203 -1.34558 -0.575626 128 128 128
0.0861524 -1.35669 -0.580258 128 128 128
0.0697338 -1.36217 -0.582363 128 128 128
0.0532297 -1.36836 -0.584889 128 128 128
0.0365591 -1.37345 -0.586994 128 128 128
0.0197857 -1.37924 -0.589521 128 128 128
0.00287289 -1.38391 -0.591626 128 128 128
-0.0141849 -1.392 -0.595415 128 128 128
-0.0314798 -1.4017 -0.600046 128 128 128
-0.0487702 -1.40393 -0.60131 128 128 128
-0.0666621 -1.41772 -0.608046 128 128 128
-0.0840547 -1.4168 -0.608046 128 128 128
-0.101307 -1.41385 -0.607204 128 128 128
-0.118799 -1.41431 -0.608046 128 128 128
-0.137265 -1.42448 -0.61352 128 128 128
-0.173157 -1.42879 -0.617309 128 128 128
-0.20035 -1.37025 -0.592047 128 128 128
-0.440416 -1.46329 -0.65857 128 128 128
-0.457526 -1.45518 -0.657307 128 128 128
-0.474221 -1.44601 -0.655623 128 128 128
-0.488421 -1.42978 -0.650571 128 128 128
-0.500477 -1.40829 -0.642992 128 128 128
-0.519915 -1.408 -0.645939 128 128 128
-0.532297 -1.3888 -0.639624 128 128 128
-0.554981 -1.3965 -0.646781 128 128 128
-0.584823 -1.42063 -0.66236 128 128 128
-0.607889 -1.4267 -0.669096 128 128 128
-0.633016 -1.43657 -0.677938 128 128 128
-0.779669 -1.38342 -0.686359 128 128 128
-0.832023 -1.43498 -0.7192 128 128 128
-0.861631 -1.44493 -0.730147 128 128 128
-1.153 -1.56236 -0.850563 128 128 128
-1.17591 -1.55316 -0.85351 128 128 128
-1.21267 -1.56155 -0.866983 128 128 128
-1.22948 -1.54371 -0.865299 128 128 128
-1.25922 -1.54186 -0.873299 128 128 128
-1.2798 -1.52838 -0.874562 128 128 128
-1.31439 -1.53115 -0.88593 128 128 128
-1.40924 -1.52439 -0.912876 128 128 128
-1.44966 -1.53004 -0.927612 128 128 128
-1.47464 -1.51865 -0.931823 128 128 128
-1.51299 -1.52038 -0.944875 128 128 128
-1.53994 -1.50996 -0.950348 128 128 128
-1.62866 -1.48343 -0.971821 128 128 128
-1.66707 -1.48142 -0.984452 128 128 128
-1.70156 -1.47512 -0.994557 128 128 128
-1.73476 -1.46702 -1.00382 128 128 128
-1.76522 -1.45602 -1.0114 128 128 128
-1.91959 -1.43114 -1.06066 128 128 128
-1.95314 -1.41921 -1.06992 128 128 128
-1.99187 -1.41035 -1.08213 128 128 128
-2.01499 -1.38992 -1.0855 128 128 128
-2.17634 -1.34868 -1.13771 128 128 128
-2.21991 -1.33827 -1.15245 128 128 128
-2.5614 -1.18127 -1.25855 128 128 128
-2.64834 -1.10507 -1.28128 128 128 128
-2.67768 -1.07894 -1.28928 128 128 128
-3.63447 1.39369 -1.86734 128 128 128
-3.62876 1.44284 -1.87353 128 128 128
-3.61493 1.48898 -1.87574 128 128 128
-3.59308 1.53181 -1.87398 128 128 128
-3.56104 1.67566 -1.88857 128 128 128
-2.32333 1.12664 -1.22139 128 128 128
-2.31734 1.15909 -1.22581 128 128 128
-2.29816 1.18497 -1.22316 128 128 128
-1.30473 0.797331 -0.702325 128 128 128
-1.28878 0.809448 -0.698788 128 128 128
-1.27499 0.82276 -0.696577 128 128 128
-1.26703 0.839837 -0.697904 128 128 128
-3.32359 2.45506 -1.98539 128 128 128
-3.28964 2.49295 -1.98318 128 128 128
-3.29205 2.55904 -2.00396 128 128 128
-3.30455 2.63451 -2.03182 128 128 128
-3.2803 2.68169 -2.03712 128 128 128
-3.18004 2.8012 -2.03756 128 128 128
-3.14011 2.8352 -2.03403 128 128 128
-3.10508 2.87352 -2.03403 128 128 128
-3.07413 2.91573 -2.03712 128 128 128
-3.01692 2.93259 -2.02253 128 128 128
-2.96737 2.95608 -2.01325 128 128 128
-2.91312 3.04813 -2.02695 128 128 128
-2.859 3.06592 -2.01502 128 128 128
-2.81453 3.09347 -2.01015 128 128 128
-2.79896 3.15329 -2.02695 128 128 128
-2.71724 3.13786 -1.99468 128 128 128
-2.68489 3.17851 -1.99954 128 128 128
-2.71403 3.29436 -2.0526 128 128 128
-2.62852 3.27144 -2.01723 128 128 128
-1.68049 2.14247 -1.2908 128 128 128
-1.65244 2.16079 -1.28948 128 128 128
-2.31642 3.11038 -1.86027 128 128 128
-0.506483 3.673 -1.77626 128 128 128
-0.457169 3.64512 -1.75946 128 128 128
-0.409812 3.62727 -1.74797 128 128 128
-0.36314 3.61061 -1.73736 128 128 128
-0.317872 3.60407 -1.73205 128 128 128
-0.272553 3.59339 -1.72498 128 128 128
-0.227487 3.58124 -1.71746 128 128 128
-0.182447 3.56227 -1.70685 128 128 128
-0.138719 3.56424 -1.70685 128 128 128
-0.0958595 3.60064 -1.72409 128 128 128
-0.0507819 3.53428 -1.69093 128 128 128
-0.00735712 3.47813 -1.66308 128 128 128
0.0353152 3.47706 -1.66264 128 128 128
0.0776207 3.46112 -1.65512 128 128 128
0.119154 3.43391 -1.6423 128 128 128
0.160895 3.42413 -1.63832 128 128 128
0.201872 3.40489 -1.62992 128 128 128
0.241359 3.37084 -1.61444 128 128 128
0.280192 3.33813 -1.59985 128 128 128
0.319219 3.31481 -1.59013 128 128 128
0.357616 3.29013 -1.57996 128 128 128
0.396547 3.27392 -1.57421 128 128 128
0.434895 3.25548 -1.56758 128 128 128
0.473111 3.23836 -1.56183 128 128 128
0.510831 3.21991 -1.55564 128 128 128
0.545271 3.18423 -1.54105 128 128 128
0.582018 3.16495 -1.53486 128 128 128
0.615761 3.13206 -1.52204 128 128 128
0.64971 3.1032 -1.51143 128 128 128
0.681282 3.06611 -1.49684 128 128 128
0.714108 3.03744 -1.48667 128 128 128
0.746768 3.01017 -1.47738 128 128 128
0.780005 2.9869 -1.47031 128 128 128
0.811593 2.95895 -1.46102 128 128 128
0.84336 2.93325 -1.45307 128 128 128
0.876176 2.91238 -1.44776 128 128 128
0.906987 2.88601 -1.4398 128 128 128
0.934758 2.85166 -1.42786 128 128 128
0.964153 2.82386 -1.41946 128 128 128
0.98758 2.78056 -1.4031 128 128 128
1.01913 2.7615 -1.39957 128 128 128
1.04522 2.7287 -1.38896 128 128 128
1.06799 2.689 -1.37481 128 128 128
1.09474 2.66077 -1.36685 128 128 128
1.12484 2.64137 -1.36375 128 128 128
1.15137 2.61424 -1.35668 128 128 128
1.17889 2.59012 -1.35137 128 128 128
1.20331 2.56005 -1.34297 128 128 128
1.22678 2.52896 -1.33413 128 128 128
1.24846 2.49528 -1.32396 128 128 128
1.27487 2.47181 -1.31954 128 128 128
1.29202 2.43144 -1.30584 128 128 128
1.35313 2.27044 -1.25145 128 128 128
1.3823 2.25596 -1.25278 128 128 128
1.40653 2.23352 -1.24968 128 128 128
1.41673 2.18976 -1.23421 128 128 128
1.51914 2.28563 -1.30141 128 128 128
1.54809 2.2683 -1.3023 128 128 128
1.4876 2.12365 -1.22669 128 128 128
1.50358 2.09142 -1.21829 128 128 128
1.50298 2.03748 -1.19663 128 128 128
1.51811 2.00603 -1.18867 128 128 128
1.53103 1.97239 -1.17939 128 128 128
1.54113 1.93593 -1.16833 128 128 128
1.55397 1.90369 -1.15993 128 128 128
1.56625 1.87143 -1.15153 128 128 128
1.58676 1.84935 -1.14976 128 128 128
1.11609 1.27092 -0.782351 128 128 128
1.13822 1.26445 -0.787214 128 128 128
1.13718 1.23263 -0.775277 128 128 128
1.11638 1.18087 -0.749633 128 128 128
1.12641 1.16258 -0.746538 128 128 128
1.13679 1.14486 -0.743886 128 128 128
1.65619 1.62488 -1.09229 128 128 128
1.66173 1.59082 -1.08256 128 128 128
1.66865 1.5587 -1.07416 128 128 128
1.66972 1.52182 -1.06222 128 128 128
1.67753 1.4917 -1.05515 128 128 128
1.68688 1.46338 -1.0494 128 128 128
1.7006 1.4391 -1.04675 128 128 128
1.6925 1.39705 -1.03039 128 128 128
1.65283 1.33072 -0.994574 128 128 128
1.6542 1.29874 -0.98529 128 128 128
1.69926 1.30064 -1.00342 128 128 128
1.77998 1.07401 -0.973352 128 128 128
1.77366 1.04078 -0.962299 128 128 128
1.74105 0.993254 -0.936655 128 128 128
1.81123 1.00387 -0.969373 128 128 128
1.75542 0.945145 -0.93135 128 128 128
1.74301 0.911119 -0.918086 128 128 128
1.74125 0.883197 -0.911011 128 128 128
1.74067 0.856245 -0.904822 128 128 128
1.74213 0.830593 -0.899958 128 128 128
1.74078 0.803913 -0.893768 128 128 128
1.74068 0.77812 -0.888463 128 128 128
1.73691 0.751034 -0.881389 128 128 128
1.71618 0.71728 -0.865472 128 128 128
1.72152 0.694831 -0.863703 128 128 128
1.71737 0.668799 -0.857071 128 128 128
1.71704 0.644542 -0.85265 128 128 128
1.70625 0.616758 -0.842923 128 128 128
1.70267 0.59197 -0.837175 128 128 128
1.70214 0.568493 -0.833196 128 128 128
1.69189 0.542129 -0.824354 128 128 128
1.69327 0.519759 -0.821701 128 128 128
1.68918 0.495934 -0.816395 128 128 128
1.69082 0.473968 -0.814185 128 128 128
1.69478 0.452725 -0.8133 128 128 128
1.6802 0.426863 -0.803131 128 128 128
1.6792 0.404756 -0.800036 128 128 128
1.67617 0.382343 -0.796057 128 128 128
1.67986 0.361559 -0.795615 128 128 128
1.66569 0.337226 -0.78633 128 128 128
1.65031 0.313131 -0.776603 128 128 128
1.64343 0.291006 -0.771298 128 128 128
1.63448 0.268811 -0.765108 128 128 128
1.63056 0.247674 -0.761571 128 128 128
1.6317 0.227403 -0.760687 128 128 128
1.61567 0.20504 -0.751402 128 128 128
1.6145 0.1848 -0.749633 128 128 128
1.60594 0.163909 -0.744328 128 128 128
1.5837 0.14209 -0.73239 128 128 128
1.57906 0.122177 -0.729295 128 128 128
1.5697 0.102121 -0.72399 128 128 128
1.56277 0.0824476 -0.72001 128 128 128
1.56008 0.0631286 -0.718242 128 128 128
1.55536 0.0438424 -0.715589 128 128 128
1.5504 0.0246816 -0.712936 128 128 128
1.5461 0.00565004 -0.710726 128 128 128
1.54157 -0.0132723 -0.708515 128 128 128
1.5395 -0.0321463 -0.707631 128 128 128
1.52554 -0.0505526 -0.700999 128 128 128
1.52481 -0.0692695 -0.700999 128 128 128
1.51131 -0.087217 -0.694809 128 128 128
1.50118 -0.105105 -0.690388 128 128 128
1.49173 -0.122833 -0.686408 128 128 128
1.48832 -0.140955 -0.685524 128 128 128
1.47668 -0.15813 -0.680661 128 128 128
1.46928 -0.175585 -0.678008 128 128 128
1.45279 -0.191683 -0.670934 128 128 128
1.43702 -0.207534 -0.664302 128 128 128
1.43702 -0.225578 -0.665628 128 128 128
1.42001 -0.240755 -0.658554 128 128 128
1.40283 -0.255548 -0.65148 128 128 128
1.40135 -0.273092 -0.652364 128 128 128
1.39263 -0.289158 -0.649711 128 128 128
1.39685 -0.307988 -0.653691 128 128 128
1.39035 -0.324487 -0.652364 128 128 128
1.36799 -0.336964 -0.643079 128 128 128
1.35855 -0.352359 -0.640427 128 128 128
1.33855 -0.364711 -0.632468 128 128 128
1.32967 -0.379865 -0.630258 128 128 128
1.31976 -0.394595 -0.627605 128 128 128
1.31225 -0.409951 -0.626278 128 128 128
1.2969 -0.422656 -0.620973 128 128 128
1.28483 -0.436211 -0.617436 128 128 128
1.27853 -0.451643 -0.616994 128 128 128
1.27541 -0.468234 -0.61832 128 128 128
1.26204 -0.480951 -0.614341 128 128 128
1.25354 -0.495405 -0.613014 128 128 128
1.24488 -0.509724 -0.611688 128 128 128
1.23771 -0.524609 -0.611246 128 128 128
1.22872 -0.53867 -0.609919 128 128 128
1.2163 -0.551098 -0.606825 128 128 128
1.20701 -0.564834 -0.605498 128 128 128
1.19919 -0.579211 -0.605056 128 128 128
1.19039 -0.593078 -0.604172 128 128 128
1.18142 -0.606816 -0.603287 128 128 128
1.16518 -0.616625 -0.598424 128 128 128
1.14967 -0.626559 -0.594003 128 128 128
1.12231 -0.64782 -0.587371 128 128 128
1.11505 -0.662005 -0.587813 128 128 128
1.17004 -0.796029 -0.646174 128 128 128
1.06505 -0.763104 -0.594445 128 128 128
1.09021 -0.801732 -0.615667 128 128 128
1.031 -0.777619 -0.58516 128 128 128
1.00723 -0.779189 -0.576317 128 128 128
0.97727 -0.775255 -0.563496 128 128 128
0.939234 -0.763884 -0.545368 128 128 128
0.981302 -0.818618 -0.578528 128 128 128
0.965745 -0.825917 -0.574991 128 128 128
0.949484 -0.832364 -0.571012 128 128 128
0.938533 -0.843351 -0.57057 128 128 128
0.926798 -0.853585 -0.569685 128 128 128
0.915603 -0.864276 -0.569243 128 128 128
0.904929 -0.875447 -0.569243 128 128 128
0.893483 -0.885852 -0.568801 128 128 128
0.880663 -0.894825 -0.567475 128 128 128
0.870854 -0.906863 -0.568359 128 128 128
0.858438 -0.916168 -0.567475 128 128 128
0.845925 -0.925306 -0.56659 128 128 128
0.834506 -0.935617 -0.56659 128 128 128
0.823548 -0.946466 -0.567033 128 128 128
0.808403 -0.952386 -0.56438 128 128 128
0.796085 -0.961542 -0.563938 128 128 128
0.783665 -0.970538 -0.563496 128 128 128
0.776116 -0.985735 -0.567033 128 128 128
0.763961 -0.995185 -0.567033 128 128 128
0.749016 -1.00089 -0.564822 128 128 128
0.736677 -1.01 -0.564822 128 128 128
0.72371 -1.01823 -0.56438 128 128 128
0.715733 -1.03369 -0.568359 128 128 128
0.696508 -1.03271 -0.562611 128 128 128
0.606205 -1.00105 -0.525472 128 128 128
0.637751 -1.08354 -0.568359 128 128 128
0.627949 -1.09753 -0.571896 128 128 128
0.607935 -1.09337 -0.565264 128 128 128
0.555085 -1.02721 -0.524146 128 128 128
0.560644 -1.06896 -0.5436 128 128 128
0.589903 -1.15985 -0.590024 128 128 128
0.561831 -1.1388 -0.574549 128 128 128
0.546661 -1.14318 -0.573223 128 128 128
0.533714 -1.15225 -0.574549 128 128 128
0.519534 -1.15871 -0.574549 128 128 128
0.506338 -1.16747 -0.575875 128 128 128
0.490253 -1.16945 -0.573665 128 128 128
0.4772 -1.17871 -0.575433 128 128 128
0.4682 -1.1987 -0.582949 128 128 128
0.450322 -1.19595 -0.578528 128 128 128
0.438642 -1.20983 -0.582949 128 128 128
0.424055 -1.21597 -0.583392 128 128 128
0.410229 -1.22449 -0.58516 128 128 128
0.395987 -1.23199 -0.586486 128 128 128
0.381622 -1.23933 -0.587813 128 128 128
0.367387 -1.24737 -0.589581 128 128 128
0.351092 -1.24833 -0.587813 128 128 128
0.336206 -1.25428 -0.588697 128 128 128
0.322976 -1.26701 -0.593118 128 128 128
0.309691 -1.28047 -0.597982 128 128 128
0.293166 -1.28068 -0.596213 128 128 128
0.278174 -1.28769 -0.597982 128 128 128
0.262702 -1.29276 -0.598866 128 128 128
0.246654 -1.29501 -0.598424 128 128 128
0.232593 -1.30854 -0.60373 128 128 128
0.168769 -1.32372 -0.606382 128 128 128
0.15331 -1.33282 -0.609919 128 128 128
0.137031 -1.33549 -0.610362 128 128 128
0.120865 -1.33975 -0.611688 128 128 128
0.104616 -1.34382 -0.613014 128 128 128
0.0882288 -1.34679 -0.613899 128 128 128
0.0716502 -1.34688 -0.613457 128 128 128
0.0561983 -1.37634 -0.627605 128 128 128
0.0393499 -1.37872 -0.628489 128 128 128
0.02231 -1.37013 -0.624068 128 128 128
0.00550263 -1.37927 -0.628489 128 128 128
-0.0114031 -1.37744 -0.627605 128 128 128
-0.0285389 -1.38706 -0.632468 128 128 128
-0.0459448 -1.39736 -0.637774 128 128 128
-0.063478 -1.40475 -0.641753 128 128 128
-0.0808744 -1.40655 -0.643079 128 128 128
-0.0974118 -1.39562 -0.638216 128 128 128
-0.114912 -1.39878 -0.640427 128 128 128
-0.134682 -1.42405 -0.653691 128 128 128
-0.141457 -1.32511 -0.605498 128 128 128
-0.158361 -1.32861 -0.608151 128 128 128
-0.176213 -1.33813 -0.613899 128 128 128
-0.192489 -1.33498 -0.613457 128 128 128
-0.207582 -1.32454 -0.609477 128 128 128
-0.238772 -1.40852 -0.652806 128 128 128
-0.254241 -1.39578 -0.647943 128 128 128
-0.271176 -1.39167 -0.647501 128 128 128
-0.285828 -1.37683 -0.641753 128 128 128
-0.303094 -1.37497 -0.642637 128 128 128
-0.320151 -1.37202 -0.643079 128 128 128
-0.335009 -1.36016 -0.6391 128 128 128
-0.359194 -1.38457 -0.653691 128 128 128
-0.372819 -1.36795 -0.647501 128 128 128
-0.39157 -1.37017 -0.651038 128 128 128
-0.417441 -1.39531 -0.666512 128 128 128
-0.435613 -1.3935 -0.668281 128 128 128
-0.453522 -1.39061 -0.669607 128 128 128
-0.470262 -1.38409 -0.669165 128 128 128
-0.493843 -1.3968 -0.678892 128 128 128
-0.515623 -1.40325 -0.685524 128 128 128
-0.534737 -1.40184 -0.688177 128 128 128
-0.556552 -1.40684 -0.694367 128 128 128
-0.575144 -1.40322 -0.696135 128 128 128
-0.59232 -1.39605 -0.696135 128 128 128
-0.603966 -1.37637 -0.689503 128 128 128
-0.621929 -1.37131 -0.69083 128 128 128
-0.639476 -1.36519 -0.691714 128 128 128
-0.662464 -1.37015 -0.698788 128 128 128
-0.692513 -1.38836 -0.713378 128 128 128
-0.716509 -1.3933 -0.720895 128 128 128
-0.747482 -1.41052 -0.735485 128 128 128
-0.761281 -1.39495 -0.731948 128 128 128
-0.786287 -1.39956 -0.739906 128 128 128
-0.812873 -1.40609 -0.749191 128 128 128
-0.81257 -1.36676 -0.73239 128 128 128
-0.851834 -1.39336 -0.753612 128 128 128
-0.857847 -1.36536 -0.743443 128 128 128
-1.1218 -1.41105 -0.837175 128 128 128
-1.17086 -1.43603 -0.861935 128 128 128
-1.3107 -1.56716 -0.955667 128 128 128
-1.31812 -1.53737 -0.946824 128 128 128
-1.35707 -1.54394 -0.961857 128 128 128
-1.23149 -1.36754 -0.855745 128 128 128
-1.40553 -1.52201 -0.969815 128 128 128
-1.44449 -1.5261 -0.984405 128 128 128
-1.46812 -1.5134 -0.987942 128 128 128
-1.5208 -1.52955 -1.01182 128 128 128
-1.54587 -1.51704 -1.01624 128 128 128
-1.58124 -1.51405 -1.02773 128 128 128
-1.61875 -1.51226 -1.04056 128 128 128
-1.75937 -1.60322 -1.12191 128 128 128
-1.68961 -1.50241 -1.0631 128 128 128
-1.70385 -1.47804 -1.06045 128 128 128
-1.75341 -1.48361 -1.08079 128 128 128
-1.78534 -1.47338 -1.08963 128 128 128
-1.81448 -1.46033 -1.09671 128 128 128
-1.86972 -1.46724 -1.12014 128 128 128
-1.91668 -1.42947 -1.12721 128 128 128
-1.9566 -1.42215 -1.14092 128 128 128
-1.98709 -1.40734 -1.14888 128 128 128
-2.01678 -1.39149 -1.15639 128 128 128
-2.06352 -1.38659 -1.17408 128 128 128
-2.22211 -1.33955 -1.22758 128 128 128
-2.26084 -1.3253 -1.2404 128 128 128
-2.28708 -1.30321 -1.24615 128 128 128
-2.31861 -1.28371 -1.25499 128 128 128
-2.34683 -1.26194 -1.26206 128 128 128
-2.72472 -1.09705 -1.39647 128 128 128
-2.75554 -1.07032 -1.40576 128 128 128
-2.80293 -1.04927 -1.42388 128 128 128
-2.84261 -1.02449 -1.43803 128 128 128
-2.87532 -0.996548 -1.44864 128 128 128
-2.89074 -0.962317 -1.45041 128 128 128
-3.51666 1.29284 -1.92049 128 128 128
-3.51211 1.34031 -1.92702 128 128 128
-3.4954 1.38331 -1.92702 128 128 128
-3.47343 1.4742 -1.93447 128 128 128
-3.4648 1.52098 -1.94006 128 128 128
-3.47972 1.57872 -1.95963 128 128 128
-2.31833 1.22899 -1.32924 128 128 128
-2.35123 1.28361 -1.35812 128 128 128
-2.34225 1.31626 -1.36232 128 128 128
-1.32676 0.767878 -0.754753 128 128 128
-1.30735 0.778228 -0.748696 128 128 128
-1.27882 0.782683 -0.737047 128 128 128
-1.25947 0.836063 -0.74357 128 128 128
-2.27775 1.55118 -1.39866 128 128 128
-2.26434 1.58307 -1.40239 128 128 128
-2.24618 1.61177 -1.40332 128 128 128
-2.23051 1.64236 -1.40611 128 128 128
-2.20595 1.66641 -1.40332 128 128 128
-2.15746 1.71454 -1.39866 128 128 128
-2.16439 1.76379 -1.41776 128 128 128
-2.14191 1.78965 -1.4173 128 128 128
-2.12516 1.8204 -1.42102 128 128 128
-2.10399 1.84751 -1.42195 128 128 128
-2.03843 1.92735 -1.42475 128 128 128
-2.92692 2.83535 -2.09335 128 128 128
-2.9007 2.87978 -2.09987 128 128 128
-2.88003 2.9303 -2.11106 128 128 128
-2.85986 3.05628 -2.15159 128 128 128
-0.522898 1.34365 -0.706762 128 128 128
-0.270648 3.4992 -1.79563 128 128 128
-0.227456 3.49872 -1.79376 128 128 128
-0.184504 3.50125 -1.79376 128 128 128
-0.140767 3.48468 -1.78398 128 128 128
-0.0972619 3.4605 -1.77047 128 128 128
-0.0544584 3.44108 -1.75975 128 128 128
-0.0121355 3.41849 -1.74764 128 128 128
0.0296612 3.3998 -1.73785 128 128 128
0.0717984 3.41953 -1.74857 128 128 128
0.114017 3.42635 -1.75276 128 128 128
0.154978 3.40082 -1.74018 128 128 128
0.196496 3.39513 -1.73832 128 128 128
0.236298 3.36598 -1.72434 128 128 128
0.27563 3.33902 -1.71176 128 128 128
0.315336 3.32217 -1.70477 128 128 128
0.352977 3.28902 -1.68939 128 128 128
0.390587 3.2616 -1.67728 128 128 128
0.426999 3.22936 -1.66284 128 128 128
0.464827 3.21162 -1.65631 128 128 128
0.502558 3.19518 -1.65072 128 128 128
0.538774 3.17133 -1.6414 128 128 128
0.574797 3.14881 -1.63302 128 128 128
0.610011 3.12415 -1.6237 128 128 128
0.64201 3.08611 -1.60739 128 128 128
0.676976 3.06503 -1.6004 128 128 128
0.708708 3.03151 -1.58689 128 128 128
0.74099 3.00282 -1.57618 128 128 128
0.769121 2.9601 -1.558 128 128 128
0.797247 2.92056 -1.5417 128 128 128
0.825005 2.88248 -1.52632 128 128 128
0.858795 2.86705 -1.52353 128 128 128
0.889163 2.84109 -1.51514 128 128 128
0.919848 2.81735 -1.50815 128 128 128
0.947523 2.78574 -1.49697 128 128 128
0.96513 2.72718 -1.47088 128 128 128
1.02292 2.78158 -1.50815 128 128 128
1.34933 2.33358 -1.36698 128 128 128
1.36612 2.29707 -1.35486 128 128 128
1.3859 2.26654 -1.34648 128 128 128
1.39997 2.22763 -1.33296 128 128 128
1.42432 2.20582 -1.33017 128 128 128
1.42832 2.15351 -1.30827 128 128 128
1.44667 2.12411 -1.30081 128 128 128
1.46655 2.09749 -1.29522 128 128 128
1.48342 2.06711 -1.2873 128 128 128
1.50395 2.04234 -1.28311 128 128 128
1.51878 2.01031 -1.27426 128 128 128
1.52654 1.96983 -1.25981 128 128 128
1.56765 1.97243 -1.27426 128 128 128
1.56213 1.91668 -1.24956 128 128 128
1.5725 1.88174 -1.23885 128 128 128
1.10131 1.2848 -0.838619 128 128 128
1.11466 1.26853 -0.836755 128 128 128
1.1396 1.26529 -0.84421 128 128 128
1.16584 1.26292 -0.852596 128 128 128
1.61749 1.71037 -1.18713 128 128 128
1.62666 1.67831 -1.17828 128 128 128
1.63405 1.64503 -1.16849 128 128 128
1.63392 1.605 -1.15358 128 128 128
1.10958 1.06284 -0.756616 128 128 128
1.11285 1.04007 -0.749627 128 128 128
1.12422 1.02515 -0.748696 128 128 128
1.12945 1.0048 -0.74357 128 128 128
1.14637 0.994925 -0.746832 128 128 128
1.62564 1.27725 -1.03617 128 128 128
1.72809 1.10223 -1.02685 128 128 128
1.69189 1.05011 -0.996101 128 128 128
1.74932 1.05629 -1.02359 128 128 128
1.78503 1.0482 -1.03757 128 128 128
1.76166 1.00557 -1.01567 128 128 128
1.71121 0.949069 -0.97793 128 128 128
1.71339 0.922956 -0.972339 128 128 128
1.71831 0.898576 -0.968611 128 128 128
1.7229 0.874214 -0.964884 128 128 128
1.72398 0.848311 -0.959293 128 128 128
1.73266 0.826328 -0.958361 128 128 128
1.71858 0.793854 -0.944383 128 128 128
1.72577 0.771619 -0.942986 128 128 128
1.71562 0.741939 -0.931803 128 128 128
1.72378 0.720488 -0.931338 128 128 128
1.71117 0.690653 -0.919224 128 128 128
1.69644 0.660594 -0.906178 128 128 128
1.70773 0.640973 -0.908041 128 128 128
1.69383 0.612132 -0.895927 128 128 128
1.69203 0.588097 -0.890802 128 128 128
1.67898 0.560547 -0.87962 128 128 128
1.68573 0.539902 -0.87962 128 128 128
1.68631 0.517353 -0.876359 128 128 128
1.69168 0.496371 -0.875893 128 128 128
1.67635 0.469589 -0.864245 128 128 128
1.67601 0.44738 -0.860983 128 128 128
1.67108 0.424158 -0.855392 128 128 128
1.67186 0.40258 -0.853062 128 128 128
1.66977 0.380455 -0.849335 128 128 128
1.67432 0.359936 -0.849335 128 128 128
1.65086 0.333728 -0.834425 128 128 128
1.6444 0.31146 -0.828834 128 128 128
1.64113 0.290019 -0.825107 128 128 128
1.63932 0.268994 -0.822311 128 128 128
1.63376 0.247524 -0.817652 128 128 128
1.62615 0.225986 -0.812061 128 128 128
1.60511 0.202995 -0.799481 128 128 128
1.60396 0.182878 -0.797617 128 128 128
1.59376 0.161918 -0.791095 128 128 128
1.58505 0.141395 -0.785504 128 128 128
1.57785 0.121248 -0.780844 128 128 128
1.56509 0.100952 -0.77339 128 128 128
1.55472 0.0811279 -0.767332 128 128 128
1.55383 0.0619708 -0.766401 128 128 128
1.54652 0.0426712 -0.762207 128 128 128
1.54427 0.0236467 -0.76081 128 128 128
1.52763 0.00462763 -0.751957 128 128 128
1.5258 -0.0141044 -0.751025 128 128 128
1.52021 -0.0327181 -0.74823 128 128 128
1.51616 -0.0512547 -0.746366 128 128 128
1.51099 -0.0696569 -0.744036 128 128 128
1.50737 -0.0880416 -0.742639 128 128 128
1.49824 -0.105978 -0.738445 128 128 128
1.488 -0.123632 -0.733786 128 128 128
1.48197 -0.141467 -0.731456 128 128 128
1.46517 -0.158043 -0.723536 128 128 128
1.4596 -0.175592 -0.721672 128 128 128
1.45734 -0.19349 -0.721672 128 128 128
1.43383 -0.208327 -0.71049 128 128 128
1.43467 -0.226455 -0.712354 128 128 128
1.42044 -0.242122 -0.706296 128 128 128
1.4104 -0.258267 -0.702569 128 128 128
1.3967 -0.273525 -0.696978 128 128 128
1.37764 -0.287407 -0.688591 128 128 128
1.38006 -0.305625 -0.691853 128 128 128
1.365 -0.319924 -0.685796 128 128 128
1.35496 -0.335169 -0.682534 128 128 128
1.35075 -0.351771 -0.682534 128 128 128
1.34633 -0.368321 -0.682534 128 128 128
1.32044 -0.378738 -0.670886 128 128 128
1.29639 -0.406543 -0.662966 128 128 128
1.29214 -0.422695 -0.663432 128 128 128
1.2701 -0.43283 -0.654113 128 128 128
1.27637 -0.45251 -0.660636 128 128 128
1.22807 -0.504533 -0.646658 128 128 128
1.22423 -0.520601 -0.648056 128 128 128
1.21208 -0.533098 -0.644795 128 128 128
1.19899 -0.54501 -0.641067 128 128 128
1.1826 -0.55518 -0.635476 128 128 128
1.18127 -0.572346 -0.638738 128 128 128
1.16466 -0.582062 -0.633147 128 128 128
1.15035 -0.592671 -0.628953 128 128 128
1.11953 -0.594323 -0.614976 128 128 128
1.11215 -0.608017 -0.614976 128 128 128
1.10692 -0.622918 -0.616373 128 128 128
1.09076 -0.631587 -0.611248 128 128 128
1.08749 -0.647636 -0.614044 128 128 128
1.08027 -0.679774 -0.619635 128 128 128
1.05548 -0.682429 -0.609384 128 128 128
1.0758 -0.714388 -0.627555 128 128 128
1.07427 -0.732512 -0.632215 128 128 128
1.04561 -0.731961 -0.619635 128 128 128
1.03943 -0.7468 -0.621498 128 128 128
1.0145 -0.747965 -0.611248 128 128 128
1.00595 -0.760891 -0.611714 128 128 128
0.991641 -0.769387 -0.608453 128 128 128
0.952461 -0.796861 -0.601464 128 128 128
0.961435 -0.824596 -0.61451 128 128 128
0.950578 -0.835749 -0.614044 128 128 128
0.937619 -0.844985 -0.61218 128 128 128
0.930432 -0.859425 -0.61451 128 128 128
0.916599 -0.867741 -0.61218 128 128 128
0.905246 -0.878308 -0.611714 128 128 128
0.895028 -0.889974 -0.61218 128 128 128
0.88528 -0.902152 -0.613112 128 128 128
0.87598 -0.914863 -0.61451 128 128 128
0.862269 -0.92296 -0.612646 128 128 128
0.794258 -0.986646 -0.61451 128 128 128
0.777166 -0.99006 -0.610316 128 128 128
0.766035 -1.00093 -0.611248 128 128 128
0.51065 -1.10671 -0.58935 128 128 128
0.463747 -1.0386 -0.546485 128 128 128
0.453781 -1.05071 -0.550212 128 128 128
0.481876 -1.15413 -0.606123 128 128 128
0.468008 -1.16078 -0.606589 128 128 128
0.462736 -1.18951 -0.619635 128 128 128
0.450909 -1.20256 -0.623828 128 128 128
0.43883 -1.21549 -0.628021 128 128 128
0.423008 -1.21827 -0.626624 128 128 128
0.406902 -1.22002 -0.62476 128 128 128
0.3919 -1.22492 -0.62476 128 128 128
0.379181 -1.23725 -0.628953 128 128 128
0.36347 -1.24011 -0.628021 128 128 128
0.350139 -1.25129 -0.631749 128 128 128
0.335445 -1.25806 -0.633147 128 128 128
0.320636 -1.26465 -0.634544 128 128 128
0.305509 -1.27021 -0.635476 128 128 128
0.29049 -1.27645 -0.636874 128 128 128
0.275364 -1.28251 -0.638272 128 128 128
0.260133 -1.2884 -0.639669 128 128 128
0.181741 -1.30981 -0.643863 128 128 128
0.165654 -1.31194 -0.643863 128 128 128
0.15136 -1.3297 -0.652249 128 128 128
0.134129 -1.32265 -0.64759 128 128 128
0.117174 -1.31627 -0.643397 128 128 128
0.102521 -1.33702 -0.653647 128 128 128
0.0849509 -1.32052 -0.644329 128 128 128
0.0528429 -1.33016 -0.648522 128 128 128
0.0381808 -1.38908 -0.679273 128 128 128
0.0214911 -1.41156 -0.690921 128 128 128
-0.199988 -1.37603 -0.679739 128 128 128
-0.218915 -1.38659 -0.686728 128 128 128
-0.427917 -1.3648 -0.700705 128 128 128
-0.444633 -1.35944 -0.700705 128 128 128
-0.463842 -1.36142 -0.704899 128 128 128
-0.490242 -1.38316 -0.720274 128 128 128
-0.510838 -1.38701 -0.725865 128 128 128
-0.852196 -1.31872 -0.774321 128 128 128
-0.955967 -1.40275 -0.841414 128 128 128
-1.183 -1.56534 -0.980725 128 128 128
-1.20808 -1.5584 -0.985851 128 128 128
-1.21721 -1.53099 -0.977464 128 128 128
-1.27836 -1.56808 -1.01287 128 128 128
-1.29751 -1.55228 -1.01287 128 128 128
-1.31128 -1.53019 -1.00868 128 128 128
-1.31768 -1.46333 -0.984453 128 128 128
-1.45101 -1.53412 -1.05947 128 128 128
-1.49065 -1.53781 -1.07531 128 128 128
-1.51377 -1.5238 -1.07857 128 128 128
-1.54056 -1.51318 -1.08463 128 128 128
-1.60888 -1.50455 -1.10746 128 128 128
-1.65858 -1.51334 -1.12982 128 128 128
-1.68957 -1.50406 -1.13867 128 128 128
-1.72059 -1.49424 -1.14753 128 128 128
-1.75432 -1.48618 -1.15824 128 128 128
-1.79287 -1.48146 -1.17222 128 128 128
-1.917 -1.5065 -1.23139 128 128 128
-1.8862 -1.44516 -1.19878 128 128 128
-1.93001 -1.44151 -1.21602 128 128 128
-1.96543 -1.43075 -1.22766 128 128 128
-2.00376 -1.42138 -1.24118 128 128 128
-2.03925 -1.40927 -1.25282 128 128 128
-2.14939 -1.37137 -1.2901 128 128 128
-2.19461 -1.36264 -1.3078 128 128 128
-2.22555 -1.34431 -1.31666 128 128 128
-2.585 -1.19487 -1.44711 128 128 128
-2.57686 -1.15293 -1.43407 128 128 128
-3.86011 1.66027 -2.28667 128 128 128
-2.38652 1.1305 -1.41732 128 128 128
-2.34658 1.147 -1.40127 128 128 128
-2.37598 1.1978 -1.42851 128 128 128
-1.35045 0.808482 -0.823319 128 128 128
-1.28769 0.792333 -0.788778 128 128 128
-1.28451 0.812297 -0.793156 128 128 128
-1.27956 0.831346 -0.796562 128 128 128
-1.26128 0.841628 -0.79121 128 128 128
-3.13259 2.15431 -2.06386 128 128 128
-3.04697 2.20744 -2.04197 128 128 128
-3.03646 2.25719 -2.05365 128 128 128
-3.01686 2.30065 -2.05948 128 128 128
-2.99803 2.34505 -2.0663 128 128 128
-2.96903 2.38166 -2.0663 128 128 128
-2.93755 2.41625 -2.06484 128 128 128
-2.87994 2.55233 -2.08965 128 128 128
-2.85616 2.59453 -2.09548 128 128 128
-2.8471 2.65085 -2.113 128 128 128
-2.81688 2.688 -2.11494 128 128 128
-2.80178 2.7401 -2.12905 128 128 128
-2.76794 2.77428 -2.12905 128 128 128
-2.73508 2.87942 -2.15824 128 128 128
-1.89281 2.04039 -1.49662 128 128 128
-1.87641 2.07319 -1.50392 128 128 128
-1.83293 2.07573 -1.48883 128 128 128
-1.80561 2.09608 -1.48737 128 128 128
-1.77975 2.11808 -1.48737 128 128 128
0.0862559 3.38052 -1.82986 128 128 128
0.127222 3.36611 -1.82256 128 128 128
0.16825 3.35906 -1.81965 128 128 128
0.208514 3.34192 -1.81138 128 128 128
0.248582 3.32692 -1.80456 128 128 128
0.287005 3.29664 -1.78948 128 128 128
0.326299 3.28157 -1.78316 128 128 128
0.367134 3.28252 -1.78608 128 128 128
0.405863 3.26564 -1.77927 128 128 128
0.443038 3.23964 -1.76759 128 128 128
0.475993 3.18903 -1.74229 128 128 128
0.509321 3.1476 -1.72235 128 128 128
0.55275 3.16865 -1.73792 128 128 128
0.582691 3.1144 -1.71116 128 128 128
0.61759 3.09074 -1.70192 128 128 128
0.654374 3.07781 -1.699 128 128 128
0.686294 3.04398 -1.6844 128 128 128
0.715037 2.99965 -1.66397 128 128 128
0.747296 2.97286 -1.65375 128 128 128
0.779679 2.94827 -1.645 128 128 128
0.840517 2.88967 -1.62262 128 128 128
0.873871 2.87246 -1.61873 128 128 128
0.894704 2.81657 -1.59246 128 128 128
0.924786 2.79212 -1.58467 128 128 128
0.954402 2.76735 -1.57689 128 128 128
0.985921 2.74886 -1.573 128 128 128
1.02203 2.7431 -1.57689 128 128 128
1.05973 2.74094 -1.58321 128 128 128
1.08871 2.71638 -1.5764 128 128 128
1.1018 2.65443 -1.54721 128 128 128
1.11214 2.58936 -1.51608 128 128 128
1.13102 2.5468 -1.49856 128 128 128
1.16036 2.52876 -1.49613 128 128 128
1.1838 2.49855 -1.4864 128 128 128
1.20744 2.46972 -1.47764 128 128 128
1.22937 2.43834 -1.46743 128 128 128
1.2495 2.40448 -1.45575 128 128 128
1.27643 2.38435 -1.45283 128 128 128
1.28572 2.33258 -1.42997 128 128 128
1.30343 2.29764 -1.41781 128 128 128
1.32932 2.27771 -1.41537 128 128 128
1.34861 2.247 -1.40613 128 128 128
1.3609 2.20577 -1.39008 128 128 128
1.37379 2.16679 -1.37548 128 128 128
1.42466 2.18707 -1.40029 128 128 128
1.41681 2.11792 -1.36575 128 128 128
1.43972 2.09606 -1.36283 128 128 128
1.45625 2.06539 -1.35408 128 128 128
1.47379 2.03676 -1.34678 128 128 128
1.49084 2.00802 -1.33948 128 128 128
1.49361 1.96111 -1.31954 128 128 128
1.51164 1.93507 -1.31418 128 128 128
1.51994 1.89731 -1.30056 128 128 128
1.53922 1.8738 -1.29716 128 128 128
1.53672 1.82474 -1.27527 128 128 128
1.08696 1.26102 -0.873913 128 128 128
1.11164 1.25804 -0.881697 128 128 128
1.13111 1.24883 -0.885103 128 128 128
1.58446 1.70434 -1.24267 128 128 128
1.60224 1.68161 -1.24024 128 128 128
1.61603 1.65496 -1.23489 128 128 128
1.63312 1.63193 -1.23245 128 128 128
1.65052 1.60933 -1.23051 128 128 128
1.50337 1.43088 -1.10256 128 128 128
1.61254 1.49715 -1.17213 128 128 128
1.67815 1.51998 -1.20764 128 128 128
1.66519 1.47156 -1.18429 128 128 128
1.66125 1.43223 -1.16824 128 128 128
1.62579 1.36742 -1.12981 128 128 128
1.53351 1.25838 -1.05148 128 128 128
1.31698 0.880931 -0.829156 128 128 128
1.6284 1.05937 -1.02862 128 128 128
1.65242 1.01817 -1.02764 128 128 128
1.60775 0.963809 -0.99067 128 128 128
1.65801 0.966357 -1.01548 128 128 128
1.66289 0.942077 -1.0111 128 128 128
1.67433 0.9216 -1.0111 128 128 128
1.70634 0.912057 -1.02424 128 128 128
1.70343 0.883838 -1.01548 128 128 128
1.71727 0.864432 -1.01743 128 128 128
1.7584 0.858169 -1.0364 128 128 128
1.71267 0.810131 -1.00186 128 128 128
1.73918 0.796656 -1.01208 128 128 128
1.72084 0.762925 -0.995049 128 128 128
1.71319 0.734559 -0.984833 128 128 128
1.73016 0.716806 -0.989697 128 128 128
1.7169 0.68681 -0.976562 128 128 128
1.72928 0.667252 -0.978995 128 128 128
1.7398 0.646889 -0.980454 128 128 128
1.72537 0.617593 -0.967319 128 128 128
1.71298 0.589597 -0.955643 128 128 128
1.70016 0.562 -0.943968 128 128 128
1.69526 0.537426 -0.937157 128 128 128
1.68667 0.512051 -0.9284 128 128 128
1.69031 0.49059 -0.92694 128 128 128
1.68693 0.467268 -0.921589 128 128 128
1.65534 0.436818 -0.900184 128 128 128
1.6521 0.414368 -0.895319 128 128 128
1.65621 0.393863 -0.894832 128 128 128
1.64045 0.368961 -0.883157 128 128 128
1.63972 0.347728 -0.880238 128 128 128
1.63787 0.3264 -0.876832 128 128 128
1.62628 0.303433 -0.868075 128 128 128
1.61438 0.2808 -0.859319 128 128 128
1.63755 0.264115 -0.870508 128 128 128
1.63289 0.242864 -0.86613 128 128 128
1.61843 0.220495 -0.8564 128 128 128
1.60106 0.198203 -0.845211 128 128 128
1.59034 0.177125 -0.837913 128 128 128
1.56892 0.155337 -0.824778 128 128 128
1.56287 0.135415 -0.8204 128 128 128
1.56267 0.116102 -0.819427 128 128 128
1.54043 0.095523 -0.806292 128 128 128
1.53276 0.0762034 -0.801427 128 128 128
1.5327 0.0573582 -0.80094 128 128 128
1.52718 0.038409 -0.797535 128 128 128
1.51792 0.019569 -0.792183 128 128 128
1.51456 0.000948146 -0.790237 128 128 128
1.51183 -0.0175998 -0.788778 128 128 128
1.50102 -0.03587 -0.78294 128 128 128
1.50047 -0.0542872 -0.78294 128 128 128
1.4962 -0.0725168 -0.780994 128 128 128
1.48648 -0.0903166 -0.776129 128 128 128
1.47393 -0.10769 -0.769805 128 128 128
1.46902 -0.125462 -0.767859 128 128 128
1.46476 -0.143216 -0.7664 128 128 128
1.45855 -0.160689 -0.763967 128 128 128
1.44607 -0.177269 -0.758129 128 128 128
1.44638 -0.19536 -0.759589 128 128 128
1.43351 -0.211533 -0.753751 128 128 128
1.4127 -0.226152 -0.743535 128 128 128
1.41067 -0.243623 -0.744021 128 128 128
1.40758 -0.260915 -0.744021 128 128 128
1.4017 -0.277652 -0.742562 128 128 128
1.39221 -0.293552 -0.739156 128 128 128
1.38168 -0.309067 -0.735264 128 128 128
1.37269 -0.324777 -0.732345 128 128 128
1.35674 -0.338599 -0.725535 128 128 128
1.34995 -0.354549 -0.724075 128 128 128
1.33877 -0.369209 -0.720183 128 128 128
1.32659 -0.383402 -0.715805 128 128 128
1.3151 -0.397609 -0.711913 128 128 128
1.2993 -0.410263 -0.705589 128 128 128
1.29417 -0.426176 -0.705589 128 128 128
1.27316 -0.43659 -0.696345 128 128 128
1.26688 -0.451884 -0.695859 128 128 128
1.25879 -0.466478 -0.694399 128 128 128
1.25052 -0.480942 -0.69294 128 128 128
1.26317 -0.503755 -0.704129 128 128 128
1.30125 -0.537707 -0.730886 128 128 128
1.25765 -0.537717 -0.708507 128 128 128
1.17675 -0.520015 -0.663264 128 128 128
1.1798 -0.538804 -0.669102 128 128 128
1.17783 -0.555493 -0.672021 128 128 128
1.17171 -0.57029 -0.672507 128 128 128
1.17008 -0.587388 -0.675913 128 128 128
1.16046 -0.60049 -0.674453 128 128 128
1.14993 -0.613031 -0.672507 128 128 128
1.14155 -0.626673 -0.672021 128 128 128
1.08594 -0.613397 -0.641372 128 128 128
1.08889 -0.632859 -0.648183 128 128 128
1.04063 -0.621828 -0.621913 128 128 128
1.08343 -0.665832 -0.654994 128 128 128
1.09139 -0.689397 -0.665697 128 128 128
1.11283 -0.72234 -0.685643 128 128 128
1.08793 -0.725227 -0.67494 128 128 128
1.06481 -0.748175 -0.671534 128 128 128
1.07322 -0.77402 -0.683697 128 128 128
1.11408 -0.824719 -0.718724 128 128 128
1.01295 -0.76882 -0.654994 128 128 128
1.09007 -0.849116 -0.716291 128 128 128
1.00808 -0.804944 -0.66521 128 128 128
0.97655 -0.799469 -0.649642 128 128 128
0.963996 -0.809137 -0.647697 128 128 128
0.955315 -0.82205 -0.648669 128 128 128
0.842602 -0.742617 -0.572291 128 128 128
0.923871 -0.835248 -0.640399 128 128 128
0.922494 -0.854867 -0.64721 128 128 128
0.903094 -0.857669 -0.640399 128 128 128
0.897493 -0.873579 -0.644291 128 128 128
0.885472 -0.883289 -0.643318 128 128 128
0.871523 -0.890955 -0.640886 128 128 128
0.865332 -0.906656 -0.644778 128 128 128
0.854734 -0.917848 -0.645264 128 128 128
0.838139 -0.92243 -0.640886 128 128 128
0.828488 -0.934613 -0.642345 128 128 128
0.815818 -0.943384 -0.641372 128 128 128
0.801936 -0.950645 -0.639426 128 128 128
0.795184 -0.966504 -0.643805 128 128 128
0.783808 -0.976872 -0.644291 128 128 128
0.770153 -0.984348 -0.642832 128 128 128
0.757488 -0.993028 -0.642345 128 128 128
0.744208 -1.00084 -0.641372 128 128 128
0.7334 -1.01203 -0.642832 128 128 128
0.719923 -1.01952 -0.641859 128 128 128
0.706372 -1.02684 -0.640886 128 128 128
0.693235 -1.0347 -0.640399 128 128 128
0.679536 -1.04166 -0.639426 128 128 128
0.664839 -1.04696 -0.63748 128 128 128
0.646461 -1.04611 -0.631642 128 128 128
0.629548 -1.04721 -0.627264 128 128 128
0.634179 -1.08509 -0.646724 128 128 128
0.612666 -1.07833 -0.63748 128 128 128
0.604002 -1.09419 -0.642832 128 128 128
0.584787 -1.09072 -0.636021 128 128 128
0.538107 -1.03337 -0.595642 128 128 128
0.540246 -1.06959 -0.614129 128 128 128
0.530131 -1.08242 -0.618021 128 128 128
0.536512 -1.13075 -0.643805 128 128 128
0.52332 -1.13884 -0.644778 128 128 128
0.506839 -1.13958 -0.641372 128 128 128
0.494186 -1.14893 -0.643318 128 128 128
0.439482 -1.05634 -0.583967 128 128 128
0.456164 -1.13635 -0.628723 128 128 128
0.425304 -1.09781 -0.602453 128 128 128
0.43298 -1.16032 -0.636507 128 128 128
0.419878 -1.16884 -0.638453 128 128 128
0.405785 -1.17473 -0.63894 128 128 128
0.391611 -1.18045 -0.639426 128 128 128
0.385479 -1.21184 -0.654994 128 128 128
0.369824 -1.21397 -0.653534 128 128 128
0.362383 -1.24445 -0.668615 128 128 128
0.334604 -1.2033 -0.642345 128 128 128
0.3218 -1.21492 -0.646724 128 128 128
0.299293 -1.18825 -0.62921 128 128 128
0.288688 -1.20885 -0.63894 128 128 128
0.276674 -1.22509 -0.646237 128 128 128
0.272898 -1.28227 -0.676886 128 128 128
0.260006 -1.3001 -0.685156 128 128 128
0.240399 -1.28343 -0.673967 128 128 128
0.224631 -1.28628 -0.673967 128 128 128
0.208419 -1.28635 -0.672507 128 128 128
0.192997 -1.2914 -0.673967 128 128 128
0.176094 -1.28588 -0.669588 128 128 128
0.158516 -1.2732 -0.661318 128 128 128
0.144107 -1.28634 -0.667642 128 128 128
0.128059 -1.2854 -0.666183 128 128 128
0.113517 -1.30168 -0.674453 128 128 128
0.0952917 -1.2716 -0.65694 128 128 128
0.0800929 -1.27965 -0.660832 128 128 128
0.0641381 -1.2753 -0.657913 128 128 128
0.0481212 -1.26552 -0.652075 128 128 128
0.0325098 -1.26252 -0.650129 128 128 128
0.0169706 -1.25845 -0.647697 128 128 128
0.00151631 -1.26293 -0.650129 128 128 128
-0.0140454 -1.26723 -0.652561 128 128 128
-0.0296888 -1.27045 -0.654507 128 128 128
-0.0460961 -1.29094 -0.666183 128 128 128
-0.0619345 -1.29028 -0.666183 128 128 128
-0.0787634 -1.30512 -0.67494 128 128 128
-0.0962305 -1.32322 -0.685643 128 128 128
-0.112461 -1.32194 -0.685643 128 128 128
-0.135595 -1.38913 -0.724075 128 128 128
-0.148308 -1.34917 -0.70267 128 128 128
-0.166596 -1.36111 -0.710453 128 128 128
-0.183167 -1.3581 -0.709967 128 128 128
-0.200991 -1.36353 -0.714345 128 128 128
-0.218271 -1.36441 -0.716291 128 128 128
-0.239083 -1.38486 -0.729426 128 128 128
-0.251042 -1.35521 -0.714345 128 128 128
-0.266964 -1.3486 -0.712399 128 128 128
-0.285871 -1.35633 -0.718724 128 128 128
-0.303267 -1.35612 -0.72067 128 128 128
-0.326815 -1.38119 -0.73721 128 128 128
-0.35038 -1.40333 -0.752291 128 128 128
-0.359489 -1.36853 -0.734778 128 128 128
-0.376961 -1.36654 -0.736237 128 128 128
-0.390759 -1.35175 -0.730399 128 128 128
-0.407318 -1.34685 -0.730399 128 128 128
-0.42541 -1.34674 -0.733318 128 128 128
-0.439697 -1.33479 -0.729426 128 128 128
-0.450036 -1.31196 -0.71921 128 128 128
-0.474691 -1.33017 -0.733318 128 128 128
-0.492204 -1.32752 -0.735264 128 128 128
-0.475249 -1.23586 -0.684183 128 128 128
-0.538011 -1.34827 -0.75521 128 128 128
-0.539388 -1.30528 -0.733318 128 128 128
-0.560556 -1.31059 -0.740616 128 128 128
-0.574461 -1.29883 -0.737697 128 128 128
-0.576097 -1.26074 -0.718724 128 128 128
-0.60241 -1.27645 -0.732832 128 128 128
-0.605709 -1.24386 -0.717264 128 128 128
-0.616193 -1.22698 -0.711426 128 128 128
-0.63484 -1.2263 -0.715805 128 128 128
-0.639088 -1.19841 -0.703156 128 128 128
-0.657976 -1.19812 -0.708021 128 128 128
-0.673494 -1.19147 -0.708994 128 128 128
-0.751393 -1.22159 -0.745481 128 128 128
-0.808076 -1.27787 -0.788778 128 128 128
-0.794054 -1.22252 -0.758616 128 128 128
-0.809971 -1.21414 -0.759589 128 128 128
-0.875391 -1.27748 -0.80921 128 128 128
-0.86072 -1.22385 -0.780021 128 128 128
-0.947398 -1.27872 -0.833048 128 128 128
-1.47781 -1.51395 -1.12494 128 128 128
-1.51362 -1.51296 -1.13856 128 128 128
-1.55526 -1.5168 -1.15656 128 128 128
-1.59024 -1.51322 -1.16921 128 128 128
-1.65285 -1.49715 -1.18867 128 128 128
-1.69208 -1.49523 -1.20424 128 128 128
-1.74212 -1.50167 -1.22759 128 128 128
-1.77247 -1.49028 -1.23635 128 128 128
-1.80822 -1.48279 -1.249 128 128 128
-1.83653 -1.46865 -1.25629 128 128 128
-1.93995 -1.43742 -1.29132 128 128 128
-1.97092 -1.4232 -1.30056 128 128 128
-2.02401 -1.42398 -1.32489 128 128 128
-2.06514 -1.41529 -1.34094 128 128 128
-2.11218 -1.40967 -1.36089 128 128 128
-2.20487 -1.43255 -1.411 128 128 128
-2.2036 -1.35609 -1.38764 128 128 128
-2.2486 -1.34595 -1.40613 128 128 128
-2.29669 -1.33666 -1.42656 128 128 128
-2.33423 -1.32039 -1.44019 128 128 128
-2.37248 -1.30381 -1.45429 128 128 128
-2.38985 -1.27542 -1.45527 128 128 128
-2.43637 -1.26202 -1.47473 128 128 128
-2.47824 -1.24532 -1.49127 128 128 128
-2.52321 -1.22931 -1.50975 128 128 128
-2.71988 -1.12415 -1.58565 128 128 128
-2.75539 -1.09939 -1.59878 128 128 128
-2.77846 -1.06925 -1.60462 128 128 128
-2.82744 -1.04838 -1.62602 128 128 128
-2.87302 -1.02531 -1.64548 128 128 128
-2.9226 -1.00268 -1.66738 128 128 128
-2.96872 -0.9779 -1.68732 128 128 128
-1.25598 0.645314 -0.782512 128 128 128
-3.09656 1.63688 -2.02131 128 128 128
-3.08984 1.68215 -2.03048 128 128 128
-3.08173 1.72709 -2.03915 128 128 128
-1.34729 0.777884 -0.867647 128 128 128
-1.32654 0.78778 -0.86 128 128 128
-1.31089 0.800418 -0.855922 128 128 128
-1.27839 0.846703 -0.854392 128 128 128
-2.96489 2.01411 -2.06974 128 128 128
-2.94913 2.05674 -2.07636 128 128 128
-2.93207 2.09878 -2.08248 128 128 128
-2.9054 2.13409 -2.08197 128 128 128
-2.96077 2.23117 -2.14264 128 128 128
0.105874 3.28236 -1.89182 128 128 128
0.145577 3.26792 -1.88417 128 128 128
0.185814 3.26846 -1.8857 128 128 128
0.225437 3.25907 -1.88162 128 128 128
0.265275 3.25434 -1.8806 128 128 128
0.30375 3.23542 -1.87143 128 128 128
0.34162 3.21434 -1.86123 128 128 128
0.380433 3.20478 -1.85817 128 128 128
0.450675 3.13657 -1.82351 128 128 128
0.488072 3.124 -1.81943 128 128 128
0.530228 3.14069 -1.83319 128 128 128
0.747621 2.88953 -1.71441 128 128 128
0.778743 2.86436 -1.70473 128 128 128
0.810067 2.84135 -1.69657 128 128 128
0.83947 2.81306 -1.68535 128 128 128
0.868558 2.78529 -1.67465 128 128 128
0.902938 2.77524 -1.67516 128 128 128
0.937754 2.7664 -1.67669 128 128 128
0.968202 2.74494 -1.67057 128 128 128
0.995013 2.71428 -1.65884 128 128 128
1.01725 2.67291 -1.64049 128 128 128
1.04398 2.64502 -1.63081 128 128 128
1.0666 2.60811 -1.61551 128 128 128
1.0925 2.58057 -1.60634 128 128 128
1.10995 2.53465 -1.58543 128 128 128
1.1353 2.50829 -1.57728 128 128 128
1.16017 2.4817 -1.56912 128 128 128
1.25243 2.36853 -1.53344 128 128 128
1.26989 2.33182 -1.51916 128 128 128
1.28916 2.29955 -1.50795 128 128 128
1.3117 2.27387 -1.50132 128 128 128
1.31494 2.21615 -1.47277 128 128 128
1.35413 2.21968 -1.48653 128 128 128
1.36483 2.17665 -1.46818 128 128 128
1.3784 2.13948 -1.45391 128 128 128
1.39222 2.10375 -1.44065 128 128 128
1.41358 2.0801 -1.43607 128 128 128
1.43408 2.05553 -1.43097 128 128 128
1.45519 2.03218 -1.42689 128 128 128
1.47137 2.00238 -1.41822 128 128 128
1.47824 1.96081 -1.40089 128 128 128
1.49325 1.93095 -1.39222 128 128 128
1.50561 1.89831 -1.38152 128 128 128
1.52229 1.87168 -1.3754 128 128 128
1.07275 1.28569 -0.937998 128 128 128
1.07392 1.25542 -0.924744 128 128 128
1.09774 1.25185 -0.932391 128 128 128
1.12451 1.25109 -0.942586 128 128 128
1.56781 1.70262 -1.31728 128 128 128
1.58209 1.67637 -1.31168 128 128 128
1.59477 1.64879 -1.30505 128 128 128
1.60157 1.61564 -1.29383 128 128 128
1.61086 1.5856 -1.28517 128 128 128
1.61904 1.55498 -1.27599 128 128 128
1.62545 1.52322 -1.26579 128 128 128
1.63704 1.49677 -1.26019 128 128 128
1.63732 1.46052 -1.24591 128 128 128
1.71479 1.49231 -1.29281 128 128 128
1.6471 1.39817 -1.22603 128 128 128
1.64427 1.36138 -1.21074 128 128 128
1.63409 1.31946 -1.19035 128 128 128
1.30655 1.00263 -0.921685 128 128 128
1.49247 1.00634 -1.01243 128 128 128
1.48818 0.977072 -1.0007 128 128 128
1.57837 0.802792 -0.995095 128 128 128
1.63206 0.805092 -1.02415 128 128 128
1.65268 0.790207 -1.03129 128 128 128
1.66382 0.770591 -1.03231 128 128 128
1.6269 0.522857 -0.95839 128 128 128
1.64964 0.507931 -0.968586 128 128 128
1.63595 0.481799 -0.956351 128 128 128
1.64174 0.461687 -0.956351 128 128 128
1.62817 0.436367 -0.944626 128 128 128
1.62423 0.414008 -0.939018 128 128 128
1.63254 0.394857 -0.941057 128 128 128
1.58779 0.363424 -0.910979 128 128 128
1.58372 0.342088 -0.905881 128 128 128
1.5819 0.321423 -0.902313 128 128 128
1.5815 0.301178 -0.899764 128 128 128
1.58762 0.282202 -0.901293 128 128 128
1.59521 0.263403 -0.903842 128 128 128
1.59917 0.243938 -0.904352 128 128 128
1.59693 0.223575 -0.901293 128 128 128
1.41617 0.0230209 -0.785061 128 128 128
1.42495 0.00568378 -0.790158 128 128 128
1.49029 -0.0122772 -0.828903 128 128 128
1.49003 -0.0305645 -0.828903 128 128 128
1.5119 -0.0495583 -0.842157 128 128 128
1.47078 -0.0663266 -0.818197 128 128 128
1.46299 -0.0839828 -0.814119 128 128 128
1.46614 -0.102224 -0.816668 128 128 128
1.46391 -0.120139 -0.816158 128 128 128
1.46062 -0.137934 -0.815138 128 128 128
1.45026 -0.154943 -0.81004 128 128 128
1.41835 -0.169192 -0.792198 128 128 128
1.42128 -0.187254 -0.795256 128 128 128
1.41632 -0.204315 -0.793727 128 128 128
1.40691 -0.220621 -0.789649 128 128 128
1.40155 -0.237441 -0.788119 128 128 128
1.39091 -0.253243 -0.783531 128 128 128
1.37841 -0.268493 -0.777923 128 128 128
1.3649 -0.2833 -0.771806 128 128 128
1.35124 -0.297817 -0.765688 128 128 128
1.33156 -0.31068 -0.756002 128 128 128
1.3218 -0.325562 -0.752434 128 128 128
1.31603 -0.341328 -0.751414 128 128 128
1.30095 -0.354524 -0.744787 128 128 128
1.30395 -0.372581 -0.749375 128 128 128
1.25888 -0.37652 -0.724395 128 128 128
1.27142 -0.39731 -0.735101 128 128 128
1.2509 -0.407832 -0.725415 128 128 128
1.24498 -0.422876 -0.724905 128 128 128
1.24295 -0.439266 -0.726944 128 128 128
1.23342 -0.453007 -0.724395 128 128 128
1.13271 -0.582143 -0.700435 128 128 128
1.13918 -0.603231 -0.709611 128 128 128
1.1468 -0.625385 -0.719807 128 128 128
1.10076 -0.617977 -0.693808 128 128 128
1.06698 -0.651807 -0.686671 128 128 128
0.969956 -0.695503 -0.653024 128 128 128
0.971152 -0.73307 -0.666789 128 128 128
0.996806 -0.771751 -0.692788 128 128 128
0.935954 -0.821225 -0.683612 128 128 128
0.928367 -0.834946 -0.685651 128 128 128
0.911719 -0.840453 -0.680553 128 128 128
0.882556 -0.833875 -0.665259 128 128 128
0.872256 -0.844643 -0.665259 128 128 128
0.884446 -0.877678 -0.684122 128 128 128
0.877232 -0.892142 -0.68718 128 128 128
0.865622 -0.902219 -0.686671 128 128 128
0.854485 -0.912774 -0.686671 128 128 128
0.84322 -0.923191 -0.686671 128 128 128
0.83412 -0.936035 -0.68871 128 128 128
0.82031 -0.943607 -0.686671 128 128 128
0.808111 -0.952946 -0.686161 128 128 128
0.796905 -0.963454 -0.686671 128 128 128
0.785022 -0.97316 -0.686671 128 128 128
0.769825 -0.978667 -0.683612 128 128 128
0.759854 -0.990769 -0.685651 128 128 128
0.744027 -0.9952 -0.682082 128 128 128
0.733281 -1.00634 -0.683612 128 128 128
0.722373 -1.01736 -0.685141 128 128 128
0.710325 -1.02686 -0.685651 128 128 128
0.347491 -1.18135 -0.675455 128 128 128
0.333669 -1.18801 -0.676985 128 128 128
0.321299 -1.20032 -0.682082 128 128 128
0.308891 -1.21334 -0.68769 128 128 128
0.293572 -1.21537 -0.686671 128 128 128
0.281526 -1.23145 -0.694317 128 128 128
0.26767 -1.2407 -0.697886 128 128 128
0.251736 -1.24052 -0.695847 128 128 128
0.23617 -1.24183 -0.694827 128 128 128
0.146951 -1.27976 -0.709101 128 128 128
0.13159 -1.28489 -0.711141 128 128 128
-0.0737125 -1.28089 -0.706043 128 128 128
-0.0884228 -1.2653 -0.697376 128 128 128
-0.103943 -1.26412 -0.697376 128 128 128
-0.120489 -1.27388 -0.704004 128 128 128
-0.135931 -1.2706 -0.702984 128 128 128
-0.154443 -1.29361 -0.717768 128 128 128
-0.172201 -1.30612 -0.726434 128 128 128
-1.31803 -1.3623 -1.06901 128 128 128
-1.32557 -1.33686 -1.06137 128 128 128
-1.33207 -1.31083 -1.05321 128 128 128
-1.6267 -1.5244 -1.26681 128 128 128
-1.65671 -1.51478 -1.27599 128 128 128
-1.70276 -1.51898 -1.29791 128 128 128
-1.73619 -1.51097 -1.30964 128 128 128
-1.7605 -1.49456 -1.31422 128 128 128
-1.78533 -1.47833 -1.31932 128 128 128
-1.80669 -1.45902 -1.32187 128 128 128
-1.85891 -1.46391 -1.34787 128 128 128
-1.92243 -1.47611 -1.38203 128 128 128
-1.95279 -1.4617 -1.3912 128 128 128
-1.98308 -1.44676 -1.40038 128 128 128
-2.03012 -1.44327 -1.42179 128 128 128
-2.05899 -1.42609 -1.42995 128 128 128
-2.16805 -1.38645 -1.47073 128 128 128
-2.21411 -1.37794 -1.49112 128 128 128
-2.2566 -1.36628 -1.50897 128 128 128
-1.36743 0.825748 -0.94288 128 128 128
-1.3241 0.821797 -0.91851 128 128 128
-1.31463 0.838442 -0.91904 128 128 128
-1.29433 0.847976 -0.911623 128 128 128
-2.34713 1.58369 -1.7137 128 128 128
-2.31916 1.60657 -1.70734 128 128 128
-2.30549 1.63934 -1.71211 128 128 128
-2.30162 1.67953 -1.72482 128 128 128
-2.28694 1.71223 -1.72959 128 128 128
-2.2718 1.74483 -1.73436 128 128 128
-2.25022 1.77258 -1.73436 128 128 128
-2.23291 1.80379 -1.73807 128 128 128
-2.208 1.82889 -1.73595 128 128 128
-2.68123 2.27825 -2.14281 128 128 128
-2.65499 2.31266 -2.1444 128 128 128
-2.63589 2.35355 -2.15235 128 128 128
-2.61118 2.38973 -2.15606 128 128 128
-2.59216 2.43147 -2.16506 128 128 128
-2.57496 2.47546 -2.17619 128 128 128
-2.5655 2.52773 -2.19473 128 128 128
0.964638 2.76289 -1.77303 128 128 128
0.986266 2.71737 -1.75078 128 128 128
1.00752 2.67334 -1.72959 128 128 128
1.02909 2.63236 -1.71052 128 128 128
1.05396 2.60146 -1.69833 128 128 128
1.07692 2.56723 -1.68403 128 128 128
1.1002 2.53516 -1.67132 128 128 128
1.11799 2.49208 -1.65118 128 128 128
1.14598 2.47279 -1.64748 128 128 128
1.16743 2.4402 -1.63476 128 128 128
1.19239 2.41581 -1.62787 128 128 128
1.21384 2.38513 -1.61675 128 128 128
1.228 2.34154 -1.59662 128 128 128
1.25179 2.31735 -1.59026 128 128 128
1.27269 2.28848 -1.58072 128 128 128
1.29096 2.25578 -1.56854 128 128 128
1.31121 2.22735 -1.55953 128 128 128
1.32655 2.19153 -1.54523 128 128 128
1.34166 2.15638 -1.53146 128 128 128
1.37444 2.14975 -1.53887 128 128 128
1.37317 2.09094 -1.50762 128 128 128
1.39397 2.06691 -1.50232 128 128 128
1.4139 2.04199 -1.49649 128 128 128
1.43147 2.01413 -1.48854 128 128 128
1.45107 1.98956 -1.48325 128 128 128
1.46467 1.95737 -1.47212 128 128 128
1.47357 1.91976 -1.45676 128 128 128
1.49018 1.89288 -1.44987 128 128 128
1.50155 1.85996 -1.43822 128 128 128
1.0554 1.27713 -0.979964 128 128 128
1.06604 1.25827 -0.975196 128 128 128
1.08196 1.24573 -0.975726 128 128 128
1.10112 1.23678 -0.979434 128 128 128
1.52677 1.67064 -1.35875 128 128 128
1.23166 1.31628 -1.07108 128 128 128
1.21594 1.26809 -1.04248 128 128 128
1.23439 1.25609 -1.04513 128 128 128
1.26902 1.25992 -1.06208 128 128 128
1.32983 1.25687 -1.08804 128 128 128
1.3664 1.25995 -1.10605 128 128 128
1.38555 1.24648 -1.10923 128 128 128
1.40649 1.23441 -1.114 128 128 128
1.42734 1.22201 -1.11876 128 128 128
1.57725 1.31661 -1.22843 128 128 128
1.52674 1.24322 -1.17492 128 128 128
1.55852 1.23754 -1.18816 128 128 128
1.08586 0.842457 -0.80355 128 128 128
1.61092 0.904765 -1.09916 128 128 128
1.59506 0.870369 -1.08009 128 128 128
1.64159 0.769131 -1.07744 128 128 128
1.61997 0.734989 -1.05625 128 128 128
1.6312 0.716071 -1.05784 128 128 128
1.6172 0.686447 -1.04248 128 128 128
1.62393 0.66591 -1.04142 128 128 128
1.62883 0.644691 -1.0393 128 128 128
1.63344 0.623453 -1.03718 128 128 128
1.65372 0.608012 -1.04566 128 128 128
1.63304 0.577842 -1.02711 128 128 128
1.62555 0.552881 -1.01758 128 128 128
1.63221 0.532891 -1.01758 128 128 128
1.64349 0.514328 -1.02076 128 128 128
1.64479 0.492674 -1.01758 128 128 128
1.64256 0.47014 -1.01228 128 128 128
1.64083 0.447957 -1.00751 128 128 128
1.6306 0.423776 -0.997446 128 128 128
1.61261 0.398104 -0.982613 128 128 128
1.60002 0.374276 -0.971488 128 128 128
1.59869 0.353347 -0.967779 128 128 128
1.58047 0.329096 -0.953475 128 128 128
1.57273 0.307431 -0.946059 128 128 128
1.60143 0.292613 -0.961952 128 128 128
1.60239 0.272519 -0.960362 128 128 128
1.65394 0.239556 -0.98897 128 128 128
1.66516 0.220332 -0.994268 128 128 128
1.62815 0.195243 -0.969369 128 128 128
1.55282 0.167121 -0.92063 128 128 128
1.57249 0.149691 -0.931755 128 128 128
1.53109 0.126934 -0.904736 128 128 128
1.53761 0.108479 -0.907915 128 128 128
1.55845 0.0715135 -0.91957 128 128 128
1.5465 0.0519927 -0.911623 128 128 128
1.53345 0.0327607 -0.903147 128 128 128
1.49218 0.0136838 -0.877188 128 128 128
1.47273 -0.00450957 -0.865004 128 128 128
1.4539 -0.0222391 -0.853349 128 128 128
1.40096 -0.0384681 -0.820503 128 128 128
1.45292 -0.057913 -0.853349 128 128 128
1.4377 -0.0749429 -0.844342 128 128 128
1.44768 -0.0933233 -0.851229 128 128 128
1.45149 -0.111487 -0.854408 128 128 128
1.44579 -0.128901 -0.851759 128 128 128
1.42555 -0.144691 -0.840104 128 128 128
1.42619 -0.16247 -0.841694 128 128 128
1.41147 -0.178325 -0.833747 128 128 128
1.39322 -0.193366 -0.823681 128 128 128
1.39661 -0.211356 -0.82739 128 128 128
1.37969 -0.226101 -0.818384 128 128 128
1.386 -0.244666 -0.824211 128 128 128
1.3679 -0.25877 -0.814675 128 128 128
1.34219 -0.270932 -0.800371 128 128 128
1.32799 -0.285033 -0.793484 128 128 128
1.331 -0.302835 -0.797723 128 128 128
1.32142 -0.317739 -0.794014 128 128 128
1.30428 -0.330554 -0.785538 128 128 128
1.29767 -0.345871 -0.783949 128 128 128
1.28843 -0.360382 -0.78077 128 128 128
1.28228 -0.375683 -0.77971 128 128 128
1.26299 -0.38687 -0.770174 128 128 128
1.26783 -0.405473 -0.776532 128 128 128
1.25794 -0.419375 -0.773353 128 128 128
1.27111 -0.441238 -0.785538 128 128 128
1.20743 -0.43559 -0.746865 128 128 128
1.20199 -0.450374 -0.746865 128 128 128
1.24216 -0.483074 -0.777591 128 128 128
1.24322 -0.519012 -0.786597 128 128 128
1.24142 -0.536262 -0.789776 128 128 128
1.19918 -0.535429 -0.765407 128 128 128
1.17945 -0.54402 -0.7564 128 128 128
1.11152 -0.529069 -0.714019 128 128 128
1.06315 -0.521954 -0.684881 128 128 128
1.07479 -0.544223 -0.697596 128 128 128
1.08829 -0.568042 -0.7119 128 128 128
1.09093 -0.586611 -0.718787 128 128 128
1.0718 -0.593338 -0.71031 128 128 128
1.06444 -0.606446 -0.71031 128 128 128
1.05838 -0.620326 -0.71137 128 128 128
1.04489 -0.629744 -0.707132 128 128 128
0.995361 -0.616458 -0.676405 128 128 128
1.06338 -0.677186 -0.732561 128 128 128
1.10385 -0.722397 -0.769115 128 128 128
0.997113 -0.705889 -0.708191 128 128 128
1.00343 -0.729095 -0.719846 128 128 128
0.967961 -0.721488 -0.699185 128 128 128
0.959034 -0.733312 -0.699185 128 128 128
0.947967 -0.743448 -0.697596 128 128 128
0.947338 -0.761967 -0.704483 128 128 128
0.942483 -0.777329 -0.708191 128 128 128
0.925771 -0.782786 -0.702364 128 128 128
0.896956 -0.816904 -0.702894 128 128 128
0.9054 -0.84528 -0.718787 128 128 128
0.894959 -0.856327 -0.718787 128 128 128
0.857833 -0.841021 -0.695477 128 128 128
0.855196 -0.859328 -0.702364 128 128 128
0.839289 -0.864262 -0.697596 128 128 128
0.851282 -0.898592 -0.718257 128 128 128
0.841337 -0.91022 -0.719316 128 128 128
0.830104 -0.920476 -0.719316 128 128 128
0.818746 -0.930593 -0.719316 128 128 128
0.806164 -0.93928 -0.718257 128 128 128
0.796204 -0.951059 -0.719846 128 128 128
0.784473 -0.960758 -0.719846 128 128 128
0.77315 -0.970977 -0.720376 128 128 128
0.761176 -0.980392 -0.720376 128 128 128
0.748578 -0.988981 -0.719846 128 128 128
0.736887 -0.998777 -0.720376 128 128 128
0.724082 -1.00705 -0.719846 128 128 128
0.711669 -1.01586 -0.719846 128 128 128
0.698199 -1.02312 -0.718787 128 128 128
0.689326 -1.03727 -0.723025 128 128 128
0.672422 -1.03923 -0.718257 128 128 128
0.656922 -1.04309 -0.715078 128 128 128
0.62557 -1.02063 -0.692828 128 128 128
0.570211 -1.01186 -0.670578 128 128 128
0.58687 -1.07246 -0.708721 128 128 128
0.557065 -1.04806 -0.686471 128 128 128
0.541073 -1.04878 -0.682233 128 128 128
0.522135 -1.04318 -0.673756 128 128 128
0.508927 -1.04875 -0.673226 128 128 128
0.497451 -1.05799 -0.675345 128 128 128
0.514748 -1.13128 -0.721436 128 128 128
0.492014 -1.1173 -0.707662 128 128 128
0.48683 -1.14358 -0.721436 128 128 128
0.478196 -1.16282 -0.730442 128 128 128
0.46234 -1.16465 -0.727793 128 128 128
0.448914 -1.17262 -0.729382 128 128 128
0.434781 -1.17884 -0.729912 128 128 128
0.421406 -1.18728 -0.732031 128 128 128
0.404636 -1.18594 -0.727793 128 128 128
0.388747 -1.18678 -0.725144 128 128 128
0.35456 -1.12827 -0.683822 128 128 128
0.342859 -1.13986 -0.68859 128 128 128
0.314739 -1.0942 -0.656274 128 128 128
0.304683 -1.16731 -0.698655 128 128 128
0.27787 -1.11988 -0.66581 128 128 128
0.270598 -1.1513 -0.683822 128 128 128
0.261331 -1.17691 -0.698126 128 128 128
0.23868 -1.14014 -0.672697 128 128 128
0.233171 -1.18713 -0.700774 128 128 128
0.219186 -1.19324 -0.702894 128 128 128
0.203967 -1.19249 -0.700774 128 128 128
0.191263 -1.20748 -0.708721 128 128 128
0.177147 -1.21477 -0.7119 128 128 128
0.162444 -1.21854 -0.712959 128 128 128
0.148466 -1.22886 -0.718257 128 128 128
0.132933 -1.22638 -0.715608 128 128 128
0.116859 -1.21693 -0.708721 128 128 128
0.101917 -1.21828 -0.708721 128 128 128
0.0862722 -1.20928 -0.702364 128 128 128
0.071098 -1.20432 -0.698655 128 128 128
0.0571157 -1.22375 -0.71031 128 128 128
0.0420942 -1.22435 -0.71031 128 128 128
0.0272384 -1.23411 -0.716138 128 128 128
0.0123433 -1.27506 -0.741567 128 128 128
-0.00330456 -1.27511 -0.741567 128 128 128
-0.019653 -1.31314 -0.765407 128 128 128
-0.0356098 -1.30771 -0.762228 128 128 128
-0.0527463 -1.3326 -0.778121 128 128 128
-0.0675515 -1.3039 -0.760639 128 128 128
-0.0806317 -1.25982 -0.73362 128 128 128
-0.0962206 -1.26042 -0.73468 128 128 128
-0.119473 -1.3436 -0.787657 128 128 128
-0.127301 -1.25937 -0.735739 128 128 128
-0.142055 -1.25182 -0.732031 128 128 128
-0.158387 -1.25755 -0.736799 128 128 128
-0.175715 -1.26895 -0.745275 128 128 128
-0.19244 -1.27424 -0.750043 128 128 128
-0.210859 -1.28851 -0.760639 128 128 128
-0.227105 -1.28833 -0.762228 128 128 128
-0.241776 -1.27962 -0.75852 128 128 128
-0.259166 -1.28486 -0.763817 128 128 128
-0.274371 -1.2791 -0.762228 128 128 128
-0.286993 -1.26241 -0.753752 128 128 128
-0.29985 -1.24808 -0.746865 128 128 128
-0.315777 -1.24678 -0.748454 128 128 128
-0.330168 -1.23953 -0.746335 128 128 128
-0.545688 -1.30653 -0.829509 128 128 128
-0.564392 -1.30595 -0.833747 128 128 128
-0.58142 -1.30125 -0.835336 128 128 128
-0.60164 -1.30324 -0.841694 128 128 128
-0.614649 -1.28965 -0.837455 128 128 128
-0.628922 -1.27897 -0.835336 128 128 128
-0.666182 -1.31345 -0.865004 128 128 128
-0.668024 -1.27816 -0.845932 128 128 128
-0.715729 -1.291 -0.867123 128 128 128
-0.694757 -1.21814 -0.821033 128 128 128
-0.732956 -1.24895 -0.84964 128 128 128
-0.73193 -1.21304 -0.830039 128 128 128
-0.728339 -1.17448 -0.808318 128 128 128
-0.749568 -1.17616 -0.816265 128 128 128
-0.753675 -1.15129 -0.80461 128 128 128
-0.80881 -1.17145 -0.834277 128 128 128
-0.779777 -1.10068 -0.787657 128 128 128
-0.909963 -1.25048 -0.911094 128 128 128
-0.905176 -1.18208 -0.875069 128 128 128
-0.913088 -1.13382 -0.854408 128 128 128
-1.01627 -1.14199 -0.899968 128 128 128
-1.1059 -1.21193 -0.969898 128 128 128
-1.07827 -1.15316 -0.931225 128 128 128
-1.65944 -1.38492 -1.29518 128 128 128
-1.82522 -1.48514 -1.41491 128 128 128
-1.88257 -1.49366 -1.44616 128 128 128
-1.97358 -1.48828 -1.48907 128 128 128
-1.98212 -1.45693 -1.48166 128 128 128
-2.01296 -1.44186 -1.49172 128 128 128
-2.04374 -1.42624 -1.50179 128 128 128
-2.08988 -1.42055 -1.52351 128 128 128
-2.13406 -1.41254 -1.54364 128 128 128
-2.20334 -1.41969 -1.58231 128 128 128
-2.23066 -1.39884 -1.58973 128 128 128
-2.25274 -1.37445 -1.59344 128 128 128
-2.28696 -1.35706 -1.60615 128 128 128
-2.32844 -1.34326 -1.62417 128 128 128
-2.35659 -1.3212 -1.63264 128 128 128
-2.40916 -1.312 -1.6586 128 128 128
-2.42733 -1.28352 -1.66019 128 128 128
-2.48972 -1.27757 -1.69304 128 128 128
-2.55233 -1.27028 -1.72588 128 128 128
-1.38271 0.773655 -0.994943 128 128 128
0.799934 2.69223 -1.80702 128 128 128
0.880894 2.71857 -1.83964 128 128 128
0.918713 2.72098 -1.84903 128 128 128
0.943208 2.68434 -1.83134 128 128 128
0.971225 2.65925 -1.82195 128 128 128
0.997884 2.63154 -1.81089 128 128 128
1.02858 2.61522 -1.80813 128 128 128
1.05149 2.58002 -1.79209 128 128 128
1.07627 2.5508 -1.78049 128 128 128
1.09717 2.51371 -1.76335 128 128 128
1.12075 2.48411 -1.75174 128 128 128
1.2011 2.34746 -1.69314 128 128 128
1.2271 2.32739 -1.68927 128 128 128
1.24881 2.2997 -1.67987 128 128 128
1.26841 2.26892 -1.66827 128 128 128
1.28952 2.24162 -1.65942 128 128 128
1.30548 2.20626 -1.64449 128 128 128
1.32337 2.17512 -1.63289 128 128 128
1.33187 2.12974 -1.61022 128 128 128
1.34575 2.0943 -1.59529 128 128 128
1.34933 2.04423 -1.56876 128 128 128
1.38273 2.03994 -1.57871 128 128 128
1.39767 2.00845 -1.5671 128 128 128
1.4164 1.983 -1.56047 128 128 128
1.4362 1.95942 -1.55549 128 128 128
1.44462 1.92099 -1.53835 128 128 128
1.45537 1.88662 -1.52453 128 128 128
1.46395 1.85031 -1.50906 128 128 128
1.02908 1.26764 -1.02701 128 128 128
1.0387 1.24786 -1.02092 128 128 128
1.0588 1.24073 -1.0259 128 128 128
1.08655 1.24208 -1.03861 128 128 128
1.11172 1.23983 -1.04857 128 128 128
1.15727 1.25925 -1.07842 128 128 128
1.67598 0.989109 -1.23486 128 128 128
1.66415 0.954765 -1.21662 128 128 128
1.6721 0.932239 -1.21386 128 128 128
1.57742 0.573943 -1.05741 128 128 128
1.59024 0.534792 -1.05686 128 128 128
1.12569 -0.492239 -0.758893 128 128 128
1.12032 -0.506358 -0.759446 128 128 128
1.09741 -0.512333 -0.747284 128 128 128
1.07151 -0.51638 -0.732911 128 128 128
1.06509 -0.52949 -0.732911 128 128 128
1.14236 -0.585365 -0.795378 128 128 128
0.912001 -0.759662 -0.731252 128 128 128
0.900707 -0.769176 -0.729594 128 128 128
0.891828 -0.780719 -0.730147 128 128 128
0.889631 -0.798273 -0.73678 128 128 128
0.879154 -0.808567 -0.736228 128 128 128
0.867344 -0.817582 -0.734569 128 128 128
0.855446 -0.82643 -0.732911 128 128 128
0.853541 -0.845063 -0.74065 128 128 128
0.857748 -0.870293 -0.75447 128 128 128
0.851052 -0.884953 -0.75834 128 128 128
0.84127 -0.896544 -0.759446 128 128 128
0.82119 -0.896977 -0.750601 128 128 128
0.809565 -0.906366 -0.750048 128 128 128
0.800026 -0.918115 -0.751706 128 128 128
0.784915 -0.923423 -0.747837 128 128 128
0.764469 -0.922092 -0.738439 128 128 128
0.659691 -0.816178 -0.640039 128 128 128
0.748845 -0.949727 -0.746178 128 128 128
0.735607 -0.956865 -0.74452 128 128 128
0.729316 -0.973148 -0.750601 128 128 128
0.716335 -0.98068 -0.749495 128 128 128
0.707151 -0.993467 -0.752812 128 128 128
0.672072 -0.969229 -0.726277 128 128 128
0.651716 -0.964984 -0.716326 128 128 128
0.597403 -1.07263 -0.75834 128 128 128
0.581016 -1.07402 -0.753918 128 128 128
0.51342 -0.977855 -0.676524 128 128 128
0.52907 -1.03825 -0.716879 128 128 128
0.509256 -1.03048 -0.706376 128 128 128
0.532309 -1.111 -0.761104 128 128 128
0.519691 -1.11972 -0.762762 128 128 128
0.505911 -1.12601 -0.762762 128 128 128
0.49039 -1.12831 -0.759998 128 128 128
0.322261 -1.14236 -0.731252 128 128 128
0.307349 -1.14301 -0.729041 128 128 128
0.294129 -1.14992 -0.731252 128 128 128
0.269523 -1.11054 -0.701953 128 128 128
0.261692 -1.13893 -0.71909 128 128 128
0.249828 -1.15183 -0.725724 128 128 128
0.109867 -1.20528 -0.746731 128 128 128
0.0954668 -1.21152 -0.750048 128 128 128
-1.67749 -1.46337 -1.42061 128 128 128
-1.78538 -1.51942 -1.49911 128 128 128
-1.91323 -1.47272 -1.54554 128 128 128
-1.94315 -1.45814 -1.55549 128 128 128
-1.98779 -1.45388 -1.5776 128 128 128
-2.08992 -1.45128 -1.63178 128 128 128
1.02674 2.59339 -1.88824 128 128 128
1.06567 2.59804 -1.9014 128 128 128
1.06497 2.50856 -1.84363 128 128 128
1.09038 2.4833 -1.83448 128 128 128
1.11499 2.45704 -1.82475 128 128 128
1.13947 2.4313 -1.8156 128 128 128
1.1728 2.42451 -1.82132 128 128 128
1.19585 2.39674 -1.81102 128 128 128
1.22178 2.37532 -1.80588 128 128 128
1.23581 2.33191 -1.78357 128 128 128
1.23556 2.26406 -1.74181 128 128 128
1.25881 2.24087 -1.73552 128 128 128
1.2784 2.21177 -1.72465 128 128 128
1.28905 2.16845 -1.70234 128 128 128
1.31427 2.15037 -1.70063 128 128 128
1.33531 2.12576 -1.69376 128 128 128
1.34167 2.07892 -1.66859 128 128 128
1.35754 2.04796 -1.65658 128 128 128
1.36637 2.00745 -1.63656 128 128 128
1.37488 1.9677 -1.61711 128 128 128
1.39221 1.94136 -1.60911 128 128 128
1.41398 1.92149 -1.60682 128 128 128
1.43052 1.89484 -1.59881 128 128 128
1.44964 1.87196 -1.59423 128 128 128
1.45204 1.82838 -1.57135 128 128 128
1.01746 1.25162 -1.06799 128 128 128
1.03749 1.2447 -1.07314 128 128 128
1.03932 1.21632 -1.05884 128 128 128
1.06772 1.21886 -1.07314 128 128 128
1.05621 1.17644 -1.04568 128 128 128
1.065 1.15737 -1.03996 128 128 128
1.06444 1.12875 -1.02509 128 128 128
1.0725 1.10972 -1.01937 128 128 128
1.54746 1.55957 -1.47526 128 128 128
1.65642 0.920837 -1.26476 128 128 128
1.50427 0.812759 -1.13549 128 128 128
1.44866 0.760121 -1.08401 128 128 128
1.63762 0.482896 -1.13377 128 128 128
1.61577 0.455056 -1.11375 128 128 128
1.63997 0.418679 -1.12348 128 128 128
1.6402 0.397377 -1.12004 128 128 128
1.63855 0.37577 -1.11547 128 128 128
1.63039 0.332054 -1.10346 128 128 128
1.61419 0.308231 -1.08916 128 128 128
1.62835 0.290242 -1.09659 128 128 128
1.57107 0.260355 -1.05369 128 128 128
1.58388 0.242517 -1.06056 128 128 128
1.55261 0.218364 -1.03653 128 128 128
1.51855 0.19471 -1.01079 128 128 128
1.51023 0.174866 -1.00336 128 128 128
1.51715 0.156811 -1.00679 128 128 128
1.50753 0.137176 -0.99878 128 128 128
1.53036 0.120273 -1.01365 128 128 128
1.54891 0.102572 -1.02566 128 128 128
1.54514 0.0833061 -1.02223 128 128 128
1.52883 0.0636734 -1.01022 128 128 128
1.5213 0.0446913 -1.0045 128 128 128
1.50123 0.0257305 -0.9902 128 128 128
1.48749 0.00728094 -0.980475 128 128 128
1.50223 -0.0111278 -0.990772 128 128 128
1.45688 -0.0285362 -0.959311 128 128 128
1.42527 -0.0453213 -0.937575 128 128 128
1.43034 -0.0630794 -0.941579 128 128 128
1.42209 -0.0801878 -0.936431 128 128 128
1.42509 -0.0979272 -0.939291 128 128 128
1.42623 -0.115615 -0.941007 128 128 128
1.40511 -0.131214 -0.927279 128 128 128
1.40421 -0.148536 -0.927851 128 128 128
1.39902 -0.165361 -0.925563 128 128 128
1.38225 -0.180556 -0.915267 128 128 128
1.37669 -0.197029 -0.912979 128 128 128
1.37174 -0.213522 -0.911263 128 128 128
1.36497 -0.229645 -0.908403 128 128 128
1.36205 -0.246378 -0.908403 128 128 128
1.36134 -0.26355 -0.910119 128 128 128
1.3564 -0.279899 -0.908975 128 128 128
1.34245 -0.294205 -0.901539 128 128 128
1.33155 -0.308964 -0.896391 128 128 128
1.31254 -0.321522 -0.885523 128 128 128
1.29183 -0.333245 -0.873511 128 128 128
1.30188 -0.352984 -0.883807 128 128 128
1.27144 -0.361442 -0.864931 128 128 128
1.27476 -0.379384 -0.870651 128 128 128
1.27627 -0.396969 -0.875227 128 128 128
1.22454 -0.397248 -0.840907 128 128 128
1.19629 -0.404282 -0.823747 128 128 128
1.18119 -0.415358 -0.816311 128 128 128
1.15062 -0.420436 -0.797435 128 128 128
1.14231 -0.433349 -0.795147 128 128 128
1.1491 -0.452186 -0.804299 128 128 128
1.12905 -0.460315 -0.793431 128 128 128
1.12408 -0.474457 -0.794003 128 128 128
1.12117 -0.48954 -0.796291 128 128 128
1.11284 -0.502241 -0.794575 128 128 128
1.10362 -0.514462 -0.792287 128 128 128
1.09428 -0.526532 -0.789999 128 128 128
1.08407 -0.538084 -0.787139 128 128 128
1.08321 -0.554358 -0.791715 128 128 128
1.09877 -0.579555 -0.809447 128 128 128
1.10597 -0.600879 -0.820887 128 128 128
1.08779 -0.608361 -0.812307 128 128 128
1.07244 -0.617135 -0.806015 128 128 128
1.05422 -0.623942 -0.797435 128 128 128
1.04159 -0.633829 -0.793431 128 128 128
1.02749 -0.642625 -0.788283 128 128 128
1.03536 -0.665445 -0.801439 128 128 128
1.05597 -0.716108 -0.832899 128 128 128
1.033 -0.71912 -0.820887 128 128 128
0.994806 -0.710653 -0.795719 128 128 128
0.966878 -0.708672 -0.779131 128 128 128
0.956148 -0.718997 -0.777415 128 128 128
0.944663 -0.728663 -0.775127 128 128 128
0.926671 -0.733041 -0.767118 128 128 128
0.913161 -0.740723 -0.763114 128 128 128
0.902745 -0.750819 -0.761971 128 128 128
0.881022 -0.751148 -0.75053 128 128 128
0.881585 -0.770578 -0.759682 128 128 128
0.86841 -0.77804 -0.75625 128 128 128
0.853379 -0.783624 -0.751102 128 128 128
0.843104 -0.793473 -0.75053 128 128 128
0.810366 -0.78146 -0.728222 128 128 128
0.798973 -0.789608 -0.726506 128 128 128
0.78291 -0.792907 -0.720214 128 128 128
0.795221 -0.825584 -0.742522 128 128 128
0.771605 -0.820881 -0.728794 128 128 128
0.796798 -0.869121 -0.765402 128 128 128
0.778995 -0.870858 -0.757966 128 128 128
0.77684 -0.890274 -0.767118 128 128 128
0.762681 -0.89598 -0.763686 128 128 128
0.753193 -0.907171 -0.765402 128 128 128
0.724538 -0.894604 -0.745954 128 128 128
0.725645 -0.918925 -0.759682 128 128 128
0.672494 -0.873002 -0.711634 128 128 128
0.653893 -0.870662 -0.702482 128 128 128
0.650867 -0.889243 -0.711634 128 128 128
0.634223 -0.889126 -0.70477 128 128 128
0.64234 -0.924539 -0.728222 128 128 128
0.60947 -0.900336 -0.701338 128 128 128
0.619457 -0.940024 -0.728222 128 128 128
0.592912 -0.92402 -0.708774 128 128 128
0.567719 -0.908905 -0.69047 128 128 128
0.592474 -0.975541 -0.73909 128 128 128
0.573001 -0.969995 -0.728794 128 128 128
0.572817 -0.997629 -0.745382 128 128 128
0.560531 -1.00458 -0.745382 128 128 128
0.544669 -1.00488 -0.740234 128 128 128
0.539878 -1.02604 -0.751674 128 128 128
0.548343 -1.07431 -0.784279 128 128 128
0.483841 -0.976378 -0.703054 128 128 128
0.465486 -0.968906 -0.692758 128 128 128
0.461791 -0.992428 -0.706486 128 128 128
0.468936 -1.04148 -0.739662 128 128 128
0.464234 -1.06599 -0.753962 128 128 128
0.456792 -1.08523 -0.764258 128 128 128
0.443134 -1.09 -0.763686 128 128 128
0.429428 -1.09459 -0.763114 128 128 128
0.405912 -1.07288 -0.743094 128 128 128
0.40938 -1.12409 -0.777415 128 128 128
0.392067 -1.11895 -0.769979 128 128 128
0.382187 -1.13536 -0.778558 128 128 128
0.365236 -1.13058 -0.771695 128 128 128
0.35876 -1.1593 -0.789427 128 128 128
0.325886 -1.09984 -0.743094 128 128 128
0.319191 -1.12825 -0.760826 128 128 128
0.303427 -1.12495 -0.755678 128 128 128
0.289801 -1.12938 -0.75625 128 128 128
0.277256 -1.13844 -0.760255 128 128 128
0.265801 -1.15295 -0.768263 128 128 128
0.253175 -1.16335 -0.773411 128 128 128
0.238395 -1.16395 -0.771695 128 128 128
0.225458 -1.17405 -0.776842 128 128 128
0.213018 -1.18803 -0.784851 128 128 128
0.186563 -1.1177 -0.73337 128 128 128
0.178072 -1.15478 -0.757966 128 128 128
0.162545 -1.14713 -0.751102 128 128 128
0.149169 -1.15473 -0.755106 128 128 128
0.136274 -1.16789 -0.763114 128 128 128
0.122915 -1.17927 -0.769979 128 128 128
0.108218 -1.17823 -0.768263 128 128 128
0.0946787 -1.19174 -0.776842 128 128 128
0.0671144 -1.22729 -0.800295 128 128 128
0.0528404 -1.24852 -0.814595 128 128 128
0.03624 -1.20069 -0.780847 128 128 128
0.0215029 -1.20105 -0.780847 128 128 128
0.00676406 -1.20204 -0.781419 128 128 128
-0.00791011 -1.19465 -0.776271 128 128 128
-0.0224951 -1.19118 -0.773983 128 128 128
-0.0371972 -1.19328 -0.775699 128 128 128
-0.0522642 -1.20174 -0.781991 128 128 128
-0.0685208 -1.22639 -0.799723 128 128 128
-0.0831534 -1.21973 -0.795719 128 128 128
-0.0980462 -1.2178 -0.795147 128 128 128
-0.114483 -1.23202 -0.806015 128 128 128
-0.128881 -1.224 -0.801439 128 128 128
-0.144684 -1.22884 -0.806015 128 128 128
-0.15997 -1.2286 -0.807159 128 128 128
-0.178602 -1.25089 -0.824319 128 128 128
-0.558481 -1.19713 -0.864359 128 128 128
-0.599818 -1.20727 -0.883235 128 128 128
-0.613082 -1.1969 -0.880947 128 128 128
-0.630422 -1.19436 -0.884951 128 128 128
-0.663976 -1.18638 -0.891243 128 128 128
-0.699895 -1.21504 -0.920987 128 128 128
-0.713492 -1.20424 -0.919271 128 128 128
-0.722209 -1.18561 -0.911263 128 128 128
-0.735829 -1.17527 -0.910119 128 128 128
-0.755103 -1.17372 -0.916411 128 128 128
-0.757633 -1.14661 -0.901539 128 128 128
-0.79849 -1.17651 -0.934715 128 128 128
-0.880804 -1.23111 -0.99878 128 128 128
-0.888533 -1.21031 -0.9902 128 128 128
-0.890781 -1.15318 -0.959311 128 128 128
-0.849124 -1.07225 -0.896963 128 128 128
-1.17734 -0.618726 -0.870651 128 128 128
1.25858 2.07493 -1.73686 128 128 128
1.2746 2.04432 -1.72378 128 128 128
1.28659 2.00821 -1.70594 128 128 128
1.32306 2.01041 -1.722 128 128 128
1.35303 2.00202 -1.72913 128 128 128
1.36971 1.97403 -1.71902 128 128 128
1.39616 1.96035 -1.722 128 128 128
1.40447 1.92164 -1.70237 128 128 128
-1.00714 -0.971507 -0.976859 128 128 128
0.954404 1.10638 -1.07527 128 128 128
1.50272 0.260508 -1.12494 128 128 128
1.46367 0.235409 -1.09183 128 128 128
1.37718 0.0848465 -1.01212 128 128 128
1.33238 -0.065069 -0.976551 128 128 128
1.39891 -0.103026 -1.0299 128 128 128
1.37315 -0.118005 -1.01089 128 128 128
1.40303 -0.138046 -1.03542 128 128 128
1.41693 -0.157045 -1.04768 128 128 128
1.28822 -0.239377 -0.958156 128 128 128
1.15699 -0.334679 -0.875989 128 128 128
1.15219 -0.364178 -0.879055 128 128 128
1.2512 -0.499994 -0.986976 128 128 128
1.17208 -0.484844 -0.925657 128 128 128
1.22405 -0.524278 -0.974712 128 128 128
1.19372 -0.528618 -0.954477 128 128 128
1.19073 -0.544884 -0.957543 128 128 128
1.20178 -0.567956 -0.972872 128 128 128
1.13306 -0.552317 -0.919525 128 128 128
1.10295 -0.554384 -0.89929 128 128 128
1.08276 -0.560921 -0.88764 128 128 128
1.06884 -0.57042 -0.881508 128 128 128
1.02861 -0.565102 -0.852075 128 128 128
1.04492 -0.590996 -0.872924 128 128 128
1.03078 -0.599775 -0.866792 128 128 128
1.03686 -0.620545 -0.879055 128 128 128
1.02783 -0.632389 -0.877829 128 128 128
1.00201 -0.633485 -0.861273 128 128 128
1.01398 -0.658722 -0.879669 128 128 128
0.968263 -0.663202 -0.852075 128 128 128
0.954252 -0.670922 -0.846557 128 128 128
0.933811 -0.67375 -0.834906 128 128 128
0.923574 -0.68374 -0.833067 128 128 128
0.904453 -0.686856 -0.822643 128 128 128
0.7913 -0.664037 -0.742929 128 128 128
0.871966 -0.750866 -0.834293 128 128 128
0.908121 -0.801949 -0.881508 128 128 128
0.875452 -0.79227 -0.857594 128 128 128
0.810271 -0.75116 -0.798728 128 128 128
0.844908 -0.803131 -0.845944 128 128 128
0.837244 -0.815653 -0.848396 128 128 128
0.843366 -0.863179 -0.877829 128 128 128
0.756979 -0.876081 -0.839812 128 128 128
0.737747 -0.897456 -0.842878 128 128 128
0.718813 -0.896548 -0.833067 128 128 128
0.709208 -0.907175 -0.834906 128 128 128
0.691417 -0.930666 -0.841038 128 128 128
0.695606 -0.960899 -0.861886 128 128 128
0.676971 -0.959653 -0.852688 128 128 128
0.664699 -0.967236 -0.852075 128 128 128
0.663261 -0.991117 -0.866792 128 128 128
0.642476 -0.985911 -0.854528 128 128 128
0.603421 -0.950921 -0.815284 128 128 128
0.610667 -0.989252 -0.843491 128 128 128
0.575055 -0.957296 -0.807926 128 128 128
0.555749 -0.951289 -0.796276 128 128 128
0.551002 -0.970432 -0.807313 128 128 128
0.530343 -0.961175 -0.79321 128 128 128
0.519988 -0.970402 -0.795663 128 128 128
0.504838 -1.00054 -0.810992 128 128 128
0.483229 -0.987462 -0.794436 128 128 128
0.473875 -1.03211 -0.822643 128 128 128
0.449416 -1.01109 -0.799955 128 128 128
0.422368 -1.0167 -0.795663 128 128 128
0.411314 -1.02548 -0.798728 128 128 128
0.409411 -1.05849 -0.822029 128 128 128
0.39912 -1.07085 -0.828161 128 128 128
0.384366 -1.07119 -0.824482 128 128 128
0.369919 -1.07209 -0.821416 128 128 128
0.3322 -1.00146 -0.760098 128 128 128
0.333345 -1.04843 -0.795049 128 128 128
0.328847 -1.08044 -0.817737 128 128 128
0.301858 -1.03655 -0.779107 128 128 128
0.288282 -1.03713 -0.776654 128 128 128
0.261606 -1.03929 -0.772975 128 128 128
0.261075 -1.09473 -0.814671 128 128 128
0.247621 -1.09785 -0.814671 128 128 128
0.236224 -1.11086 -0.822643 128 128 128
0.222574 -1.11367 -0.822643 128 128 128
0.206476 -1.10311 -0.812218 128 128 128
0.193851 -1.11101 -0.816511 128 128 128
0.179957 -1.11175 -0.815284 128 128 128
0.166414 -1.11465 -0.815898 128 128 128
0.153345 -1.12131 -0.819577 128 128 128
0.140139 -1.12781 -0.823256 128 128 128
0.126626 -1.13259 -0.825708 128 128 128
0.113841 -1.14585 -0.834906 128 128 128
0.100032 -1.15031 -0.837359 128 128 128
0.0856861 -1.1483 -0.834906 128 128 128
0.0718176 -1.15321 -0.837972 128 128 128
-0.556734 -1.17825 -0.952637 128 128 128
-0.544295 -1.11676 -0.905422 128 128 128
-0.589057 -1.17128 -0.958769 128 128 128
-0.605582 -1.16816 -0.962448 128 128 128
-0.613503 -1.14882 -0.952024 128 128 128
-0.634068 -1.15295 -0.962448 128 128 128
-0.639162 -1.1293 -0.948345 128 128 128
-0.662972 -1.1384 -0.963675 128 128 128
-0.732885 -1.15785 -1.00476 128 128 128
-0.730154 -1.123 -0.980844 128 128 128
-0.750936 -1.12444 -0.990655 128 128 128
-0.756596 -1.10345 -0.979617 128 128 128
-0.751345 -1.06766 -0.954477 128 128 128
-0.775546 -1.07369 -0.969193 128 128 128
-0.797819 -1.04931 -0.964288 128 128 128
-0.853418 -0.965948 -0.9416 128 128 128
-0.983648 -0.936935 -0.99556 128 128 128
-0.92029 0.905713 -1.00167 128 128 128
0.870925 2.60446 -2.19852 128 128 128
0.910424 2.61546 -2.21757 128 128 128
0.875538 2.41887 -2.05558 128 128 128
0.888877 2.36456 -2.01746 128 128 128
0.936597 2.40169 -2.06003 128 128 128
0.970045 2.40004 -2.06892 128 128 128
1.11159 2.25635 -2.00857 128 128 128
1.0564 2.0793 -1.85801 128 128 128
1.09543 2.09219 -1.88215 128 128 128
1.34093 2.04451 -1.95076 128 128 128
1.3504 2.00484 -1.92789 128 128 128
1.35647 1.96142 -1.90121 128 128 128
1.3524 1.85635 -1.82879 128 128 128
0.96701 1.16849 -1.18717 128 128 128
1.19701 1.1305 -1.29389 128 128 128
1.30912 0.844098 -1.22084 128 128 128
1.33965 0.840715 -1.24053 128 128 128
1.48622 0.907658 -1.37203 128 128 128
1.47469 0.875921 -1.35043 128 128 128
1.48198 0.855825 -1.34725 128 128 128
1.13166 -0.507515 -0.95974 128 128 128
1.11833 -0.518127 -0.953388 128 128 128
1.11607 -0.533805 -0.957199 128 128 128
1.11013 -0.547802 -0.957834 128 128 128
1.08266 -0.550903 -0.938776 128 128 128
1.03278 -0.557902 -0.905107 128 128 128
1.0934 -0.607979 -0.968634 128 128 128
0.928771 -0.610181 -0.85365 128 128 128
0.881934 -0.712326 -0.872073 128 128 128
0.877743 -0.745233 -0.886684 128 128 128
0.84112 -0.732155 -0.856827 128 128 128
0.83438 -0.744475 -0.859368 128 128 128
0.826322 -0.755699 -0.860638 128 128 128
0.819991 -0.807243 -0.886049 128 128 128
0.790424 -0.797526 -0.863179 128 128 128
0.809073 -0.836549 -0.896849 128 128 128
0.762105 -0.827781 -0.865085 128 128 128
0.805646 -0.896748 -0.931153 128 128 128
0.797129 -0.909467 -0.934329 128 128 128
0.785406 -0.918595 -0.933694 128 128 128
0.773084 -0.926979 -0.932424 128 128 128
-0.748614 -1.17127 -1.08298 128 128 128
-0.802628 -1.15945 -1.0995 128 128 128
0.831128 2.36027 -2.09647 128 128 128
0.854535 2.33496 -2.08275 128 128 128
0.890424 2.3434 -2.10038 128 128 128
0.935299 2.37313 -2.13826 128 128 128
0.975281 2.3881 -2.16307 128 128 128
1.01725 2.40592 -2.19115 128 128 128
1.06597 2.35817 -2.17026 128 128 128
1.08582 2.32571 -2.15197 128 128 128
1.02784 2.06869 -1.9306 128 128 128
1.06112 2.0714 -1.94562 128 128 128
1.10918 2.10104 -1.98741 128 128 128
1.18343 2.11412 -2.0279 128 128 128
1.2328 2.14007 -2.06839 128 128 128
1.25965 2.06783 -2.02659 128 128 128
1.27001 2.0285 -2.00243 128 128 128
1.28618 1.9994 -1.98872 128 128 128
1.30308 1.97211 -1.97696 128 128 128
1.36727 1.86373 -1.9319 128 128 128
1.38091 1.83473 -1.91884 128 128 128
0.985172 1.27841 -1.33047 128 128 128
0.98193 1.24252 -1.30435 128 128 128
0.993753 1.22627 -1.29978 128 128 128
1.00581 1.21049 -1.29586 128 128 128
1.47241 1.60206 -1.81501 128 128 128
1.4904 1.58222 -1.81305 128 128 128
1.57939 0.881233 -1.4983 128 128 128
1.57675 0.854604 -1.48523 128 128 128
1.58108 0.832033 -1.47936 128 128 128
1.49256 0.762549 -1.38402 128 128 128
1.50724 0.74685 -1.38924 128 128 128
1.50672 0.723735 -1.3801 128 128 128
1.54024 0.71662 -1.40361 128 128 128
1.56779 0.683113 -1.4134 128 128 128
1.59912 0.673458 -1.43495 128 128 128
1.57987 0.642731 -1.40948 128 128 128
1.58411 0.621922 -1.40622 128 128 128
1.54199 0.583811 -1.36051 128 128 128
1.49341 0.306833 -1.25341 128 128 128
1.35866 0.262272 -1.13195 128 128 128
1.5512 0.279052 -1.29782 128 128 128
1.35721 0.227624 -1.12542 128 128 128
1.40724 0.130463 -1.15742 128 128 128
1.39062 0.111791 -1.14174 128 128 128
1.38886 0.0945221 -1.13913 128 128 128
1.41412 0.0787354 -1.16003 128 128 128
1.40136 0.0608323 -1.14827 128 128 128
1.37929 0.0430032 -1.12868 128 128 128
1.42211 0.0267254 -1.16525 128 128 128
1.38977 0.00917132 -1.13717 128 128 128
1.34964 -0.00751533 -1.10256 128 128 128
1.38049 -0.0247431 -1.12934 128 128 128
1.29077 -0.0386684 -1.05228 128 128 128
1.28489 -0.0700692 -1.04836 128 128 128
1.28748 -0.11789 -1.05359 128 128 128
1.26184 -0.131084 -1.03269 128 128 128
1.28344 -0.149361 -1.05293 128 128 128
1.21194 -0.17102 -0.99416 128 128 128
1.13594 -0.217335 -0.936041 128 128 128
1.15762 -0.251202 -0.960203 128 128 128
1.17316 -0.284989 -0.979794 128 128 128
1.15751 -0.326724 -0.975876 128 128 128
1.20129 -0.355266 -1.01898 128 128 128
1.17516 -0.363186 -0.999385 128 128 128
1.16661 -0.392161 -1.00004 128 128 128
1.11174 -0.388742 -0.954326 128 128 128
1.09694 -0.398692 -0.945184 128 128 128
1.14997 -0.434294 -0.998732 128 128 128
1.10442 -0.432468 -0.961509 128 128 128
1.11655 -0.45318 -0.977835 128 128 128
1.12833 -0.474254 -0.99416 128 128 128
1.12866 -0.490807 -1.00004 128 128 128
1.11359 -0.500548 -0.991548 128 128 128
1.14165 -0.530261 -1.0242 128 128 128
1.14187 -0.547531 -1.03073 128 128 128
1.13235 -0.560149 -1.02812 128 128 128
1.10991 -0.566028 -1.0131 128 128 128
1.09619 -0.576056 -1.00657 128 128 128
1.08638 -0.588012 -1.00396 128 128 128
1.07248 -0.597587 -0.997426 128 128 128
1.04409 -0.598565 -0.976529 128 128 128
1.04578 -0.616755 -0.985671 128 128 128
1.03813 -0.629542 -0.985671 128 128 128
1.01879 -0.634976 -0.973917 128 128 128
1.0211 -0.654007 -0.984365 128 128 128
0.92844 -0.610368 -0.89686 128 128 128
0.938402 -0.633658 -0.915145 128 128 128
0.927453 -0.642955 -0.911879 128 128 128
0.915187 -0.651196 -0.907308 128 128 128
0.899811 -0.656986 -0.899472 128 128 128
0.897722 -0.672546 -0.906002 128 128 128
0.891795 -0.685368 -0.908614 128 128 128
0.879761 -0.693432 -0.904696 128 128 128
0.869425 -0.70274 -0.902737 128 128 128
0.840992 -0.7145 -0.89033 128 128 128
0.82704 -0.720267 -0.884452 128 128 128
0.815326 -0.727827 -0.881187 128 128 128
0.80437 -0.754384 -0.889677 128 128 128
0.798858 -0.767889 -0.894248 128 128 128
0.848463 -0.836359 -0.96608 128 128 128
0.75908 -0.766186 -0.86878 128 128 128
0.743857 -0.769428 -0.861597 128 128 128
0.736945 -0.781265 -0.864862 128 128 128
0.682904 -0.741566 -0.808049 128 128 128
0.672442 -0.767253 -0.818497 128 128 128
0.77108 -0.926006 -0.977835 128 128 128
0.740657 -0.911806 -0.951714 128 128 128
0.729879 -0.921422 -0.952367 128 128 128
0.72128 -0.933918 -0.956285 128 128 128
0.637282 -0.845594 -0.851801 128 128 128
0.654926 -0.891933 -0.892942 128 128 128
0.676342 -0.945623 -0.941266 128 128 128
0.677168 -0.971923 -0.960203 128 128 128
0.66519 -0.98016 -0.960203 128 128 128
0.653112 -0.988249 -0.960203 128 128 128
0.639714 -0.994273 -0.958244 128 128 128
0.625867 -0.999475 -0.955632 128 128 128
0.594633 -1.00343 -0.944531 128 128 128
0.595787 -1.03433 -0.968039 128 128 128
0.582314 -1.04024 -0.966733 128 128 128
0.566274 -1.04131 -0.960856 128 128 128
0.518718 -0.981732 -0.896207 128 128 128
0.493466 -0.992128 -0.894248 128 128 128
0.525904 -1.09177 -0.983712 128 128 128
0.512149 -1.09745 -0.983059 128 128 128
0.496171 -1.09812 -0.977835 128 128 128
0.457714 -1.04643 -0.923634 128 128 128
0.436663 -1.0324 -0.905349 128 128 128
0.440397 -1.07842 -0.943225 128 128 128
0.433753 -1.14208 -0.992201 128 128 128
0.415845 -1.13663 -0.982406 128 128 128
0.409572 -1.16383 -1.00265 128 128 128
0.395978 -1.17092 -1.00461 128 128 128
0.381349 -1.17497 -1.00396 128 128 128
0.367567 -1.18173 -1.00591 128 128 128
0.349627 -1.17453 -0.995467 128 128 128
0.305368 -1.07225 -0.900125 128 128 128
0.29082 -1.0708 -0.895554 128 128 128
0.276726 -1.07062 -0.892289 128 128 128
0.262504 -1.06951 -0.888371 128 128 128
0.247845 -1.06601 -0.882493 128 128 128
0.231562 -1.05416 -0.869433 128 128 128
0.216058 -1.0443 -0.858331 128 128 128
0.202381 -1.04241 -0.854413 128 128 128
0.189706 -1.04556 -0.855066 128 128 128
0.177964 -1.05454 -0.860944 128 128 128
0.164329 -1.05215 -0.857025 128 128 128
0.153282 -1.06759 -0.86878 128 128 128
0.141025 -1.07615 -0.874657 128 128 128
0.127036 -1.07103 -0.86878 128 128 128
0.114036 -1.07401 -0.870086 128 128 128
0.103002 -1.09947 -0.890983 128 128 128
0.0841614 -1.03118 -0.830904 128 128 128
-0.419365 -1.15308 -0.996773 128 128 128
-0.419694 -1.11177 -0.963468 128 128 128
-0.496293 -1.14114 -1.01179 128 128 128
-0.509946 -1.13428 -1.01114 128 128 128
-0.537338 -1.15673 -1.03857 128 128 128
-0.54126 -1.12892 -1.01832 128 128 128
-0.554396 -1.12084 -1.01702 128 128 128
-0.579203 -1.13549 -1.03791 128 128 128
-0.647202 -1.19471 -1.1104 128 128 128
-0.63397 -1.13717 -1.06142 128 128 128
-0.649394 -1.13193 -1.06403 128 128 128
-0.656651 -1.11281 -1.05293 128 128 128
-0.704253 -1.16022 -1.10909 128 128 128
-0.727308 -1.1656 -1.12346 128 128 128
-0.723472 -1.1286 -1.09473 128 128 128
-0.761139 -1.1556 -1.13195 128 128 128
-0.768438 -1.13616 -1.1215 128 128 128
-0.771903 -1.11175 -1.10583 128 128 128
-0.798298 -1.12003 -1.12477 128 128 128
-0.875864 -1.10915 -1.15742 128 128 128
-0.894078 -0.999897 -1.09538 128 128 128
-0.900223 -0.935321 -1.05816 128 128 128
-1.02803 0.505028 -0.983685 128 128 128
-1.0638 0.641181 -1.07205 128 128 128
0.815413 2.67142 -2.4893 128 128 128
0.834038 2.61689 -2.44681 128 128 128
0.82705 2.48874 -2.33348 128 128 128
0.80211 2.31791 -2.17833 128 128 128
0.877845 2.34871 -2.22825 128 128 128
0.924455 2.38389 -2.27344 128 128 128
1.01101 2.06173 -2.03532 128 128 128
1.05387 2.08409 -2.07108 128 128 128
1.09401 2.09916 -2.10008 128 128 128
1.14689 2.13633 -2.1527 128 128 128
1.19977 2.17057 -2.20329 128 128 128
1.20918 2.12551 -2.17159 128 128 128
1.22065 2.08566 -2.14528 128 128 128
1.25148 1.96827 -2.06838 128 128 128
1.2828 1.96389 -2.08052 128 128 128
1.3027 1.94187 -2.07377 128 128 128
1.31513 1.90931 -2.05556 128 128 128
1.33251 1.88459 -2.04612 128 128 128
1.33041 1.83342 -2.00699 128 128 128
0.933729 1.16131 -1.2987 128 128 128
1.01872 1.23586 -1.40056 128 128 128
1.40076 1.65835 -1.92065 128 128 128
1.23551 0.843597 -1.3041 128 128 128
1.38152 0.918856 -1.45318 128 128 128
1.54846 0.976136 -1.60968 128 128 128
1.54082 0.945078 -1.58877 128 128 128
1.54787 0.923447 -1.58404 128 128 128
1.55334 0.901044 -1.57797 128 128 128
1.55657 0.877556 -1.56988 128 128 128
1.55881 0.853771 -1.56111 128 128 128
1.54376 0.821035 -1.5348 128 128 128
1.56486 0.807796 -1.54627 128 128 128
1.55025 0.776279 -1.52131 128 128 128
1.54638 0.750736 -1.50782 128 128 128
1.13463 -0.362591 -1.02551 128 128 128
1.11608 -0.37184 -1.01202 128 128 128
1.10864 -0.384544 -1.00932 128 128 128
1.11217 -0.401114 -1.01741 128 128 128
1.10786 -0.41499 -1.01809 128 128 128
1.11439 -0.433084 -1.02956 128 128 128
1.16586 -0.469543 -1.08554 128 128 128
1.08093 -0.450953 -1.0073 128 128 128
1.14788 -0.495388 -1.07947 128 128 128
1.14171 -0.509437 -1.07947 128 128 128
1.13403 -0.522793 -1.07812 128 128 128
1.12887 -0.537303 -1.07947 128 128 128
1.11755 -0.548843 -1.07475 128 128 128
1.09886 -0.556528 -1.06261 128 128 128
1.08162 -0.581584 -1.05924 128 128 128
1.07117 -0.59303 -1.05586 128 128 128
1.07152 -0.610506 -1.06396 128 128 128
1.05821 -0.620257 -1.05789 128 128 128
0.961931 -0.579961 -0.963449 128 128 128
0.941552 -0.583574 -0.949283 128 128 128
0.896649 -0.586745 -0.916229 128 128 128
0.902261 -0.606332 -0.930395 128 128 128
0.885629 -0.611083 -0.920277 128 128 128
0.876857 -0.621054 -0.918928 128 128 128
0.841801 -0.627851 -0.896667 128 128 128
0.828163 -0.633657 -0.889921 128 128 128
0.857538 -0.672883 -0.933093 128 128 128
0.813514 -0.654715 -0.891271 128 128 128
0.800588 -0.677338 -0.895318 128 128 128
0.773229 -0.670695 -0.872383 128 128 128
0.756653 -0.672789 -0.862265 128 128 128
0.773475 -0.704857 -0.893294 128 128 128
0.756663 -0.70675 -0.883176 128 128 128
0.760217 -0.727704 -0.898691 128 128 128
0.749646 -0.73543 -0.896667 128 128 128
0.74995 -0.75398 -0.908809 128 128 128
0.740641 -0.763127 -0.908809 128 128 128
0.736813 -0.778046 -0.916229 128 128 128
0.730723 -0.790819 -0.920951 128 128 128
0.791767 -0.878026 -1.01741 128 128 128
0.789235 -0.897087 -1.02888 128 128 128
0.761313 -0.887121 -1.00527 128 128 128
0.648585 -0.794727 -0.874407 128 128 128
0.727751 -0.937388 -1.02146 128 128 128
0.72021 -0.95154 -1.02753 128 128 128
0.708918 -0.9609 -1.02821 128 128 128
0.697936 -0.970725 -1.02956 128 128 128
0.628979 -0.946614 -0.975591 128 128 128
0.651072 -1.00628 -1.03225 128 128 128
0.635915 -1.00982 -1.02753 128 128 128
0.622315 -1.01566 -1.02551 128 128 128
0.552696 -1.07181 -1.039 128 128 128
0.539171 -1.07785 -1.03832 128 128 128
0.528488 -1.08969 -1.04372 128 128 128
0.509408 -1.08408 -1.03158 128 128 128
0.460189 -1.01168 -0.952656 128 128 128
0.479604 -1.12653 -1.05586 128 128 128
0.464898 -1.13029 -1.05384 128 128 128
0.450993 -1.13591 -1.05384 128 128 128
0.439404 -1.14756 -1.05991 128 128 128
-0.703073 -1.13499 -1.15705 128 128 128
-0.788805 -1.11447 -1.1847 128 128 128
0.709531 2.42951 -2.3592 128 128 128
0.936367 2.41351 -2.41452 128 128 128
0.970789 2.41389 -2.42697 128 128 128
0.992804 2.38381 -2.4083 128 128 128
0.943867 2.19115 -2.22021 128 128 128
1.03624 2.32576 -2.37372 128 128 128
1.00797 2.19028 -2.24441 128 128 128
0.969696 2.04152 -2.09988 128 128 128
1.00521 2.05084 -2.1227 128 128 128
1.05583 2.08858 -2.17664 128 128 128
1.10585 2.12218 -2.22712 128 128 128
1.15788 2.15677 -2.27968 128 128 128
1.19146 2.09446 -2.24303 128 128 128
1.21121 2.06972 -2.23196 128 128 128
1.22045 2.02812 -2.20223 128 128 128
1.23342 1.99397 -2.18079 128 128 128
1.24264 1.95495 -2.15382 128 128 128
1.26138 1.9317 -2.14483 128 128 128
1.26481 1.88612 -2.11026 128 128 128
0.929753 1.25194 -1.42912 128 128 128
0.948563 1.24502 -1.43465 128 128 128
0.968683 1.23953 -1.44225 128 128 128
0.982006 1.2253 -1.43949 128 128 128
1.53233 0.890943 -1.63311 128 128 128
1.45163 0.797389 -1.52178 128 128 128
1.52642 0.813995 -1.59231 128 128 128
1.53501 0.794541 -1.59093 128 128 128
1.54141 0.774033 -1.58747 128 128 128
1.52673 0.74343 -1.56189 128 128 128
1.53312 0.723414 -1.55912 128 128 128
1.5353 0.701563 -1.5522 128 128 128
1.50873 0.667291 -1.51555 128 128 128
1.51747 0.649008 -1.51625 128 128 128
1.51129 0.624587 -1.50172 128 128 128
1.51011 0.602542 -1.49273 128 128 128
1.50929 0.580877 -1.48444 128 128 128
1.51155 0.560568 -1.4796 128 128 128
1.51083 0.539329 -1.47199 128 128 128
1.51186 0.51889 -1.46646 128 128 128
1.51125 0.498059 -1.45954 128 128 128
1.44347 0.45642 -1.38555 128 128 128
1.50779 0.456267 -1.44433 128 128 128
1.48768 0.371712 -1.40422 128 128 128
1.37579 0.273259 -1.27906 128 128 128
1.30954 0.0965509 -1.19331 128 128 128
1.31063 0.0804736 -1.19331 128 128 128
1.31512 0.0645473 -1.19677 128 128 128
1.30354 0.0479996 -1.18501 128 128 128
1.30259 0.0319697 -1.18363 128 128 128
1.2906 0.0158797 -1.17187 128 128 128
1.30009 4.19328e-06 -1.18086 128 128 128
1.26005 -0.108366 -1.14698 128 128 128
1.2076 -0.118595 -1.09788 128 128 128
1.17317 -0.232941 -1.08128 128 128 128
1.10809 -0.233912 -1.02043 128 128 128
1.10161 -0.246687 -1.01697 128 128 128
1.15963 -0.290047 -1.08059 128 128 128
1.10993 -0.291925 -1.03495 128 128 128
1.12045 -0.324377 -1.05293 128 128 128
1.11776 -0.338527 -1.05432 128 128 128
1.13583 -0.374797 -1.08128 128 128 128
1.18367 -0.407007 -1.13453 128 128 128
1.17723 -0.42101 -1.13315 128 128 128
1.16724 -0.433644 -1.12831 128 128 128
1.15847 -0.446622 -1.12485 128 128 128
1.15558 -0.461888 -1.12762 128 128 128
1.15382 -0.477708 -1.13176 128 128 128
1.13197 -0.484939 -1.11517 128 128 128
1.12725 -0.499384 -1.11655 128 128 128
1.11972 -0.512573 -1.11517 128 128 128
1.0775 -0.509149 -1.07714 128 128 128
1.09709 -0.535107 -1.1048 128 128 128
1.09366 -0.550167 -1.10825 128 128 128
1.08683 -0.563546 -1.10825 128 128 128
1.07983 -0.576841 -1.10825 128 128 128
1.07267 -0.590048 -1.10825 128 128 128
1.05782 -0.598865 -1.09996 128 128 128
0.950141 -0.552849 -0.988622 128 128 128
0.923505 -0.552506 -0.966493 128 128 128
1.02893 -0.633582 -1.09304 128 128 128
1.0229 -0.647327 -1.09511 128 128 128
1.01005 -0.65666 -1.08958 128 128 128
0.897079 -0.598365 -0.968568 128 128 128
0.900362 -0.616727 -0.981015 128 128 128
0.889781 -0.625638 -0.977558 128 128 128
0.903637 -0.652251 -1.00314 128 128 128
0.872423 -0.645988 -0.975483 128 128 128
0.842077 -0.639499 -0.948514 128 128 128
0.852333 -0.664077 -0.970642 128 128 128
0.812074 -0.648633 -0.931226 128 128 128
0.807949 -0.661773 -0.936067 128 128 128
0.788749 -0.662293 -0.922236 128 128 128
0.765786 -0.675683 -0.913938 128 128 128
0.742503 -0.671388 -0.894576 128 128 128
0.762157 -0.706616 -0.931226 128 128 128
0.763853 -0.725918 -0.945056 128 128 128
0.777034 -0.757016 -0.974791 128 128 128
0.743772 -0.742394 -0.94229 128 128 128
0.70762 -0.760238 -0.930535 128 128 128
0.68351 -0.771401 -0.922928 128 128 128
0.680568 -0.787414 -0.932609 128 128 128
0.668539 -0.792934 -0.929152 128 128 128
0.762745 -0.928798 -1.08682 128 128 128
0.732874 -0.914893 -1.05846 128 128 128
0.640669 -0.819289 -0.931918 128 128 128
0.603587 -0.791341 -0.889044 128 128 128
0.676634 -0.959889 -1.06054 128 128 128
0.668461 -0.973495 -1.06676 128 128 128
0.656464 -0.981625 -1.06676 128 128 128
0.639278 -0.981715 -1.05777 128 128 128
0.577622 -0.96235 -1.01075 128 128 128
0.599009 -1.02691 -1.07437 128 128 128
0.586362 -1.03419 -1.07437 128 128 128
0.574319 -1.04257 -1.07575 128 128 128
0.559115 -1.04507 -1.07091 128 128 128
0.542616 -1.04479 -1.06331 128 128 128
0.520584 -1.06559 -1.0716 128 128 128
0.509 -1.07517 -1.07506 128 128 128
0.500242 -1.09121 -1.08543 128 128 128
0.484202 -1.09131 -1.07921 128 128 128
0.471337 -1.0985 -1.08059 128 128 128
0.46056 -1.11089 -1.08751 128 128 128
0.388193 -0.967996 -0.934684 128 128 128
0.427754 -1.10768 -1.07299 128 128 128
0.4216 -1.13319 -1.09373 128 128 128
0.409829 -1.14441 -1.09996 128 128 128
0.394361 -1.14525 -1.09581 128 128 128
0.382068 -1.15549 -1.10134 128 128 128
0.367429 -1.15872 -1.09996 128 128 128
0.355666 -1.17144 -1.10825 128 128 128
0.295611 -1.01597 -0.949206 128 128 128
0.311424 -1.12337 -1.05224 128 128 128
0.268775 -1.01593 -0.94229 128 128 128
0.259571 -1.03247 -0.955429 128 128 128
0.246225 -1.03277 -0.952663 128 128 128
0.236954 -1.05123 -0.967876 128 128 128
0.223155 -1.04982 -0.963727 128 128 128
0.206939 -1.03546 -0.947131 128 128 128
0.194217 -1.03792 -0.947131 128 128 128
0.182431 -1.04592 -0.952663 128 128 128
0.167903 -1.03738 -0.94229 128 128 128
0.155263 -1.04008 -0.942982 128 128 128
0.140789 -1.02901 -0.930535 128 128 128
0.127893 -1.02851 -0.92846 128 128 128
0.116031 -1.03719 -0.935375 128 128 128
0.100778 -1.01192 -0.909789 128 128 128
0.0903052 -1.03684 -0.932609 128 128 128
0.0818532 -1.09912 -0.991388 128 128 128
-0.0390288 -1.08268 -0.973408 128 128 128
-0.054263 -1.11891 -1.00868 128 128 128
-0.067236 -1.10663 -0.997611 128 128 128
-0.0802515 -1.09852 -0.990696 128 128 128
-0.094892 -1.1104 -1.00314 128 128 128
-0.185013 -1.07114 -0.976866 128 128 128
-0.214837 -1.08397 -0.994154 128 128 128
-0.232693 -1.10244 -1.0149 128 128 128
-0.244755 -1.09316 -1.00868 128 128 128
-0.265955 -1.12237 -1.04049 128 128 128
-0.277926 -1.11203 -1.03357 128 128 128
-0.296409 -1.12667 -1.05155 128 128 128
-0.320372 -1.15911 -1.08751 128 128 128
-0.330086 -1.13985 -1.07229 128 128 128
-0.346385 -1.14331 -1.0799 128 128 128
-0.354647 -1.12109 -1.06192 128 128 128
-0.369983 -1.12145 -1.06676 128 128 128
-0.373736 -1.08817 -1.03772 128 128 128
-0.385585 -1.07943 -1.03357 128 128 128
-0.404906 -1.09084 -1.05017 128 128 128
-0.410909 -1.06695 -1.0308 128 128 128
-0.436159 -1.09196 -1.06192 128 128 128
-0.453433 -1.09586 -1.0716 128 128 128
-0.451625 -1.05508 -1.03495 128 128 128
-0.467787 -1.05671 -1.04256 128 128 128
-0.477079 -1.04302 -1.03426 128 128 128
-0.487351 -1.03187 -1.02873 128 128 128
-0.511474 -1.04914 -1.05362 128 128 128
-0.584787 -1.0632 -1.09788 128 128 128
-0.612167 -1.05102 -1.10065 128 128 128
-0.65081 -1.08608 -1.14836 128 128 128
-0.668713 -1.05638 -1.13315 128 128 128
-0.675682 -1.03904 -1.12278 128 128 128
-0.678785 -0.990064 -1.08543 128 128 128
-0.710535 -0.983616 -1.09788 128 128 128
-0.72385 -0.976559 -1.09996 128 128 128
-0.831566 -1.06523 -1.22996 128 128 128
-0.814186 -1.01728 -1.18363 128 128 128
-0.839373 -0.997545 -1.18432 128 128 128
-0.839448 -0.882171 -1.10203 128 128 128
-1.07505 0.445932 -1.1158 128 128 128
-0.781987 0.745429 -1.03103 128 128 128
0.174524 1.17271 -1.13788 128 128 128
0.746561 2.35876 -2.44584 128 128 128
0.763597 2.31343 -2.40737 128 128 128
0.801719 2.33243 -2.438 128 128 128
0.850324 2.3786 -2.49856 128 128 128
0.887497 2.3897 -2.52206 128 128 128
0.925574 2.40155 -2.547 128 128 128
0.999823 2.33424 -2.51209 128 128 128
0.971352 2.19279 -2.3689 128 128 128
0.978758 2.07055 -2.25919 128 128 128
1.01669 2.08425 -2.2884 128 128 128
1.03243 2.05217 -2.26632 128 128 128
1.05947 2.04309 -2.27059 128 128 128
1.12574 2.10734 -2.35964 128 128 128
1.15016 2.0909 -2.35679 128 128 128
1.16917 2.06502 -2.34325 128 128 128
1.21057 1.96559 -2.27771 128 128 128
1.23573 1.95237 -2.27985 128 128 128
1.24545 1.91528 -2.25349 128 128 128
1.26224 1.88992 -2.24138 128 128 128
1.25917 1.83607 -2.19436 128 128 128
1.2574 1.78603 -2.15162 128 128 128
1.29083 1.7411 -2.13452 128 128 128
0.901075 1.15414 -1.4207 128 128 128
1.34397 1.6798 -2.11814 128 128 128
1.35247 1.64852 -2.0989 128 128 128
0.846543 0.747723 -1.08089 128 128 128
0.839726 0.723512 -1.05952 128 128 128
1.30694 0.969112 -1.58598 128 128 128
1.33635 0.965761 -1.60806 128 128 128
1.36808 0.913967 -1.6045 128 128 128
1.42743 0.903807 -1.64938 128 128 128
1.49573 0.921618 -1.71777 128 128 128
1.50151 0.899942 -1.71136 128 128 128
1.50639 0.877909 -1.70424 128 128 128
1.50667 0.853467 -1.69213 128 128 128
1.51211 0.832201 -1.68643 128 128 128
1.51788 0.811263 -1.68144 128 128 128
1.50406 0.780271 -1.65437 128 128 128
1.50952 0.736648 -1.63941 128 128 128
1.50703 0.712657 -1.62659 128 128 128
1.50993 0.691474 -1.62017 128 128 128
1.50932 0.668903 -1.6102 128 128 128
1.50452 0.644788 -1.59595 128 128 128
1.50973 0.6252 -1.5931 128 128 128
1.50556 0.601925 -1.58028 128 128 128
1.4916 0.554254 -1.54965 128 128 128
1.49367 0.534249 -1.54466 128 128 128
1.48154 0.509469 -1.52471 128 128 128
1.21209 0.118845 -1.17065 128 128 128
1.20227 0.102988 -1.15926 128 128 128
1.22444 0.0897954 -1.18063 128 128 128
1.20024 0.0731898 -1.15498 128 128 128
1.19824 0.0583151 -1.15213 128 128 128
1.11179 -0.221773 -1.08517 128 128 128
1.22303 -0.338961 -1.22266 128 128 128
1.20395 -0.349658 -1.20699 128 128 128
1.19755 -0.363796 -1.20485 128 128 128
1.18162 -0.374873 -1.19274 128 128 128
1.18093 -0.390662 -1.19701 128 128 128
1.16874 -0.40262 -1.18918 128 128 128
1.21263 -0.434381 -1.24189 128 128 128
1.15127 -0.428498 -1.18134 128 128 128
1.14265 -0.441334 -1.17778 128 128 128
1.13715 -0.455323 -1.17778 128 128 128
1.11851 -0.463884 -1.16353 128 128 128
1.11064 -0.492897 -1.1678 128 128 128
1.10387 -0.506197 -1.16709 128 128 128
1.09376 -0.517909 -1.16282 128 128 128
1.08732 -0.531292 -1.16282 128 128 128
1.0801 -0.54428 -1.16211 128 128 128
1.07271 -0.557171 -1.16139 128 128 128
1.0501 -0.578599 -1.15142 128 128 128
1.0472 -0.59386 -1.15641 128 128 128
0.875788 -0.570594 -0.995405 128 128 128
0.882149 -0.590253 -1.01179 128 128 128
0.867891 -0.596276 -1.00324 128 128 128
0.850748 -0.600021 -0.991131 128 128 128
0.842751 -0.610005 -0.990419 128 128 128
0.823056 -0.627108 -0.98472 128 128 128
0.804677 -0.644928 -0.981158 128 128 128
0.805931 -0.662314 -0.993268 128 128 128
0.773641 -0.685028 -0.983295 128 128 128
0.748002 -0.678934 -0.959786 128 128 128
0.707423 -0.691317 -0.938414 128 128 128
0.683376 -0.701444 -0.92844 128 128 128
0.683435 -0.718918 -0.941264 128 128 128
0.676474 -0.729306 -0.944113 128 128 128
0.792023 -0.87471 -1.13219 128 128 128
0.690483 -0.781932 -0.993268 128 128 128
0.700109 -0.812647 -1.02319 128 128 128
0.676513 -0.805081 -1.00182 128 128 128
0.728123 -0.933922 -1.13646 128 128 128
0.71363 -0.93888 -1.13147 128 128 128
0.699543 -0.944187 -1.1272 128 128 128
0.644562 -0.965712 -1.11295 128 128 128
0.642628 -0.988834 -1.13147 128 128 128
0.629693 -0.99546 -1.13005 128 128 128
0.619273 -1.0061 -1.13361 128 128 128
0.603628 -1.00821 -1.1272 128 128 128
0.543906 -1.04955 -1.13432 128 128 128
0.530985 -1.05615 -1.13432 128 128 128
0.517676 -1.06195 -1.13361 128 128 128
0.505808 -1.07076 -1.13646 128 128 128
0.475103 -1.07323 -1.12577 128 128 128
0.464114 -1.08414 -1.13147 128 128 128
0.453736 -1.09688 -1.13931 128 128 128
0.440764 -1.10367 -1.14073 128 128 128
0.428453 -1.11227 -1.1443 128 128 128
-0.451827 -1.08932 -1.13147 128 128 128
-0.462126 -1.07659 -1.12364 128 128 128
-0.548783 -1.05651 -1.14287 128 128 128
-0.571614 -1.06827 -1.16424 128 128 128
-0.599205 -1.08763 -1.19488 128 128 128
-0.623558 -1.09974 -1.21767 128 128 128
-0.655352 -1.12355 -1.25472 128 128 128
-0.654321 -1.09073 -1.22551 128 128 128
-0.674918 -1.03648 -1.18989 128 128 128
-0.747719 -1.06089 -1.25187 128 128 128
-0.697865 -0.96455 -1.14287 128 128 128
