ply
format ascii 1.0
comment Created by Open3D
element vertex 20101
property double x
property double y
property double z
property uchar red
property uchar green
property uchar blue
end_header
-2.50581 0.577783 2.60543 128 128 128
-2.45956 0.598916 2.56495 128 128 128
-2.45475 0.629759 2.56779 128 128 128
-2.44004 0.657988 2.56069 128 128 128
-2.41689 0.683635 2.54507 128 128 128
-2.39752 0.710022 2.5337 128 128 128
-2.38124 0.737084 2.52589 128 128 128
-2.36063 0.762548 2.51382 128 128 128
-2.29309 0.771797 2.45203 128 128 128
-2.38702 0.836408 2.56282 128 128 128
-2.2421 0.911225 2.45274 128 128 128
-2.21648 0.932633 2.43712 128 128 128
-2.19262 0.954397 2.42363 128 128 128
-2.17497 0.978619 2.41723 128 128 128
-2.16216 1.00494 2.41652 128 128 128
-2.14015 1.02681 2.40587 128 128 128
-2.11794 1.04829 2.39522 128 128 128
-2.10491 1.0742 2.39522 128 128 128
-2.07975 1.0937 2.38172 128 128 128
-2.06122 1.11644 2.37604 128 128 128
-2.04245 1.1389 2.37036 128 128 128
-2.01857 1.15825 2.359 128 128 128
-1.99754 1.17898 2.35119 128 128 128
-1.9709 1.19607 2.33698 128 128 128
-1.94594 1.21381 2.32491 128 128 128
-1.92024 1.23074 2.31213 128 128 128
-1.90558 1.2546 2.31284 128 128 128
-1.84996 1.28407 2.28301 128 128 128
-1.81689 1.29438 2.2617 128 128 128
-1.80314 1.31825 2.26454 128 128 128
-1.77559 1.3318 2.25034 128 128 128
-1.75688 1.35177 2.2475 128 128 128
-1.73464 1.36885 2.2404 128 128 128
-1.71772 1.39003 2.2404 128 128 128
-1.69512 1.4065 2.2333 128 128 128
-1.67559 1.42537 2.23045 128 128 128
-1.65639 1.44443 2.22832 128 128 128
-1.62911 1.45618 2.21554 128 128 128
-1.60283 1.46843 2.20418 128 128 128
-1.57752 1.48123 2.19424 128 128 128
-1.5577 1.49901 2.1921 128 128 128
-1.52569 1.50463 2.17293 128 128 128
-1.48834 1.50418 2.14594 128 128 128
-1.5044 1.55837 2.19637 128 128 128
-1.4452 1.53408 2.13742 128 128 128
-1.42152 1.54651 2.13032 128 128 128
-1.40665 1.56856 2.13671 128 128 128
-1.38082 1.57827 2.12677 128 128 128
-1.35816 1.59134 2.1218 128 128 128
-1.32641 1.59325 2.10262 128 128 128
-1.30277 1.60448 2.09623 128 128 128
-1.27906 1.61537 2.08984 128 128 128
-1.25314 1.62313 2.0799 128 128 128
-1.22933 1.63331 2.0735 128 128 128
-1.20795 1.64657 2.07137 128 128 128
-1.18847 1.66241 2.07279 128 128 128
-1.17038 1.68035 2.07705 128 128 128
-1.13904 1.67882 2.05788 128 128 128
-1.11604 1.68915 2.05362 128 128 128
-1.09257 1.69856 2.04865 128 128 128
-1.0642 1.69989 2.03444 128 128 128
-1.0418 1.71041 2.0316 128 128 128
-1.01538 1.71397 2.02095 128 128 128
-0.991119 1.7208 2.01456 128 128 128
-0.970612 1.73406 2.01598 128 128 128
-0.946247 1.74027 2.00959 128 128 128
-0.919914 1.7424 1.99893 128 128 128
-0.890159 1.73724 1.98047 128 128 128
-0.869397 1.7493 1.98189 128 128 128
-0.839052 1.74142 1.96129 128 128 128
-2.29007 -2.3183 3.29857 128 128 128
-2.31434 -2.28607 3.29289 128 128 128
-2.32648 -2.24238 3.27088 128 128 128
-2.3456 -2.20595 3.25951 128 128 128
-2.3725 -2.177 3.25951 128 128 128
-2.39431 -2.14351 3.25312 128 128 128
-2.40131 -2.09732 3.22756 128 128 128
-2.44458 -2.08273 3.25099 128 128 128
-2.47809 -2.05932 3.26164 128 128 128
-2.49989 -2.0261 3.25738 128 128 128
-2.50963 -1.9835 3.23821 128 128 128
-2.53099 -1.95041 3.23466 128 128 128
-2.55304 -1.91794 3.23253 128 128 128
-2.56387 -1.87734 3.2169 128 128 128
-2.58156 -1.84206 3.21051 128 128 128
-2.62364 -1.82387 3.23466 128 128 128
-2.61723 -1.77225 3.19986 128 128 128
-2.63113 -1.73497 3.19063 128 128 128
-2.65223 -1.70255 3.19063 128 128 128
-2.62989 -1.64309 3.13949 128 128 128
-2.68779 -1.63367 3.18423 128 128 128
-2.67366 -1.58055 3.14446 128 128 128
-2.66292 -1.53049 3.10966 128 128 128
-2.69381 -1.50454 3.12387 128 128 128
-2.71207 -1.47137 3.12387 128 128 128
-2.70747 -1.4262 3.0983 128 128 128
-2.71599 -1.3884 3.08836 128 128 128
-2.72083 -1.34904 3.07487 128 128 128
-2.72384 -1.30917 3.05995 128 128 128
-2.76717 -1.28838 3.09049 128 128 128
-2.76864 -1.24798 3.07487 128 128 128
-2.77599 -1.21055 3.06634 128 128 128
-2.79648 -1.17884 3.07273 128 128 128
-2.78921 -1.13571 3.0493 128 128 128
-2.7872 -1.09525 3.03225 128 128 128
-2.80833 -1.06394 3.04078 128 128 128
-2.8139 -1.02676 3.03296 128 128 128
-2.80369 -0.984258 3.00882 128 128 128
-2.82223 -0.952017 3.01592 128 128 128
-2.8089 -0.909333 2.98964 128 128 128
-2.81245 -0.872513 2.98183 128 128 128
-2.80674 -0.833155 2.96479 128 128 128
-2.79371 -0.79216 2.94064 128 128 128
-2.80322 -0.757817 2.94064 128 128 128
-2.81026 -0.722838 2.93851 128 128 128
-2.81892 -0.688297 2.93851 128 128 128
-2.80932 -0.649561 2.92004 128 128 128
-2.76922 -0.569184 2.86323 128 128 128
-2.77323 -0.53463 2.86039 128 128 128
-2.7983 -0.503893 2.87956 128 128 128
-2.80497 -0.46963 2.88027 128 128 128
-2.81191 -0.435387 2.88169 128 128 128
-2.80658 -0.399379 2.87104 128 128 128
-2.53802 0.504517 2.50405 128 128 128
-2.32255 0.830782 2.38752 128 128 128
-2.2899 0.850956 2.36463 128 128 128
-2.27323 0.876664 2.35838 128 128 128
-2.26163 0.904227 2.35769 128 128 128
-2.2517 0.932463 2.35908 128 128 128
-2.23214 0.956625 2.35075 128 128 128
-2.20706 0.978117 2.33688 128 128 128
-2.18571 1.00093 2.32717 128 128 128
-2.15959 1.02122 2.3126 128 128 128
-2.1443 1.04639 2.30983 128 128 128
-2.12486 1.06939 2.30289 128 128 128
-2.09495 1.08677 2.28486 128 128 128
-2.08146 1.1124 2.28486 128 128 128
-2.05881 1.133 2.27515 128 128 128
-2.03911 1.15499 2.2689 128 128 128
-2.01235 -2.64634 3.21366 128 128 128
-2.046 -2.62315 3.21574 128 128 128
-2.07174 -2.58997 3.20603 128 128 128
-2.10884 -2.57104 3.21435 128 128 128
-2.13328 -2.53669 3.20395 128 128 128
-2.1666 -2.51305 3.20742 128 128 128
-2.18584 -2.47332 3.19077 128 128 128
-2.21119 -2.44097 3.18383 128 128 128
-2.24784 -2.42104 3.19354 128 128 128
-2.27539 -2.39119 3.19077 128 128 128
-2.292 -2.35018 3.17343 128 128 128
-2.42902 -2.14894 3.13528 128 128 128
-2.44485 -2.11002 3.1221 128 128 128
-2.46616 -2.07615 3.11655 128 128 128
-2.50758 -2.05899 3.13666 128 128 128
-2.52086 -2.01861 3.1221 128 128 128
-2.54714 -1.98885 3.12418 128 128 128
-2.54902 -1.94042 3.09713 128 128 128
-2.57842 -1.91328 3.10406 128 128 128
-2.58362 -1.8684 3.08256 128 128 128
-2.59163 -1.82618 3.06522 128 128 128
-2.61326 -1.79383 3.06452 128 128 128
-2.62849 -1.75722 3.05689 128 128 128
-2.65951 -1.73112 3.06799 128 128 128
-2.65318 -1.68099 3.03678 128 128 128
-2.68342 -1.65436 3.04788 128 128 128
-2.6961 -1.61686 3.03955 128 128 128
-2.70144 -1.5753 3.0236 128 128 128
-2.70553 -1.5335 3.00695 128 128 128
-2.73171 -1.50435 3.01527 128 128 128
-2.74298 -1.46698 3.00764 128 128 128
-2.74544 -1.42523 2.991 128 128 128
-2.76337 -1.39176 2.99169 128 128 128
-2.76471 -1.35015 2.97504 128 128 128
-2.75763 -1.30502 2.95007 128 128 128
-2.78064 -1.27438 2.9577 128 128 128
-2.79805 -1.24104 2.95978 128 128 128
-2.8038 -1.20263 2.95007 128 128 128
-2.81835 -1.16813 2.95007 128 128 128
-2.8084 -1.12381 2.9251 128 128 128
-2.80585 -1.08303 2.90845 128 128 128
-2.80138 -1.04198 2.89042 128 128 128
-2.7842 -0.845174 2.81412 128 128 128
-2.84486 -0.825628 2.86475 128 128 128
-2.8402 -0.78661 2.85018 128 128 128
-2.83362 -0.747462 2.83423 128 128 128
-2.84398 -0.712984 2.83562 128 128 128
-1.24836 0.0410798 1.14929 128 128 128
-1.24647 0.179947 1.15871 128 128 128
-2.58177 0.541638 2.41181 128 128 128
-2.51717 0.560306 2.358 128 128 128
-2.49787 0.588246 2.34657 128 128 128
-2.49046 0.618854 2.34657 128 128 128
-2.46837 0.645597 2.33311 128 128 128
-2.46026 0.675839 2.33311 128 128 128
-2.42691 0.698764 2.30957 128 128 128
-2.40682 0.725056 2.29881 128 128 128
-2.38575 0.750737 2.28738 128 128 128
-2.37284 0.778797 2.28401 128 128 128
-2.3743 0.811709 2.29477 128 128 128
-2.28833 0.90992 2.2524 128 128 128
-2.28725 0.942181 2.26249 128 128 128
-2.24559 0.957348 2.23289 128 128 128
-2.22826 0.982434 2.22751 128 128 128
-2.2046 1.00446 2.21608 128 128 128
-2.18809 1.02954 2.21204 128 128 128
-2.15202 1.04496 2.1885 128 128 128
-2.13308 1.06829 2.18245 128 128 128
-2.11981 1.09439 2.18245 128 128 128
-2.08273 1.10776 2.15823 128 128 128
-2.05861 1.12753 2.14747 128 128 128
-2.04333 1.15197 2.14612 128 128 128
-2.02137 1.17249 2.13805 128 128 128
-2.00048 1.1934 2.13133 128 128 128
-1.98002 1.21437 2.12527 128 128 128
-1.96246 1.23699 2.12258 128 128 128
-1.94155 1.25735 2.11653 128 128 128
-1.91983 1.27697 2.1098 128 128 128
-1.89486 1.29415 2.09971 128 128 128
-1.87883 1.3173 2.09971 128 128 128
-1.84274 1.32596 2.07752 128 128 128
-1.81385 1.33921 2.06339 128 128 128
-1.79433 1.35913 2.06003 128 128 128
-1.77635 1.38014 2.05868 128 128 128
-1.75177 1.39582 2.04994 128 128 128
-1.72021 1.40547 2.03312 128 128 128
-1.69491 1.41981 2.02371 128 128 128
-1.67287 1.43663 2.01833 128 128 128
-1.6529 1.45509 2.01563 128 128 128
-1.61518 1.45737 1.99142 128 128 128
-1.59718 1.47709 1.99142 128 128 128
-1.56928 1.48739 1.97931 128 128 128
-1.54773 1.50343 1.97528 128 128 128
-1.52655 1.5197 1.97191 128 128 128
-1.50727 1.53779 1.97124 128 128 128
-1.46584 1.53259 1.94165 128 128 128
-1.45296 1.55696 1.94972 128 128 128
-1.43424 1.57523 1.95039 128 128 128
-1.40696 1.58384 1.93963 128 128 128
-1.38694 1.60042 1.93896 128 128 128
-1.36291 1.61223 1.9329 128 128 128
-1.33175 1.6151 1.91676 128 128 128
-1.31322 1.63306 1.91878 128 128 128
-1.29081 1.64613 1.91541 128 128 128
-1.25617 1.643 1.89389 128 128 128
-1.23503 1.6571 1.89254 128 128 128
-1.19857 1.64994 1.86766 128 128 128
-1.17567 1.6609 1.86362 128 128 128
-1.16232 1.68557 1.87506 128 128 128
-1.12798 1.67941 1.85286 128 128 128
-1.0976 1.67823 1.83672 128 128 128
-1.0702 1.68095 1.82528 128 128 128
-1.05182 1.69773 1.82932 128 128 128
-1.02558 1.70163 1.8199 128 128 128
-1.00127 1.70833 1.81385 128 128 128
-0.980592 1.72113 1.81452 128 128 128
-0.95797 1.73044 1.81183 128 128 128
-0.932129 1.73359 1.80309 128 128 128
-0.908399 1.7403 1.79838 128 128 128
-0.885311 1.74801 1.79501 128 128 128
-0.863145 1.75741 1.79367 128 128 128
-0.840565 1.76586 1.79165 128 128 128
-0.816059 1.76999 1.7856 128 128 128
-0.796675 1.78528 1.79098 128 128 128
-0.772375 1.78948 1.7856 128 128 128
-0.748092 1.79336 1.78022 128 128 128
-0.724655 1.79897 1.77685 128 128 128
-0.702524 1.80772 1.77685 128 128 128
-0.660691 1.83209 1.78425 128 128 128
-2.26028 -2.44018 3.03735 128 128 128
-2.28546 -2.40744 3.0313 128 128 128
-2.33241 -2.39721 3.05417 128 128 128
-2.34072 -2.34748 3.02726 128 128 128
-2.38312 -2.33202 3.04475 128 128 128
-2.39065 -2.2827 3.01852 128 128 128
-2.40276 -2.23859 2.99901 128 128 128
-2.41964 -2.19949 2.98623 128 128 128
-2.4531 -2.17551 2.9943 128 128 128
-2.4897 -2.15395 3.00641 128 128 128
-2.46158 -2.0775 2.94184 128 128 128
-2.49147 -2.05089 2.94722 128 128 128
-2.5696 -2.0627 3.0091 128 128 128
-2.53171 -1.98184 2.93646 128 128 128
-2.55643 -1.95107 2.93713 128 128 128
-2.58137 -1.92044 2.93848 128 128 128
-2.61674 -1.89729 2.95193 128 128 128
-2.62712 -1.85608 2.9378 128 128 128
-2.64299 -1.8191 2.93041 128 128 128
-2.65773 -1.7816 2.92233 128 128 128
-2.68435 -1.75208 2.92771 128 128 128
-2.68564 -1.70634 2.90619 128 128 128
-2.70575 -1.67286 2.90552 128 128 128
-2.73306 -1.64372 2.91292 128 128 128
-2.74599 -1.60596 2.90552 128 128 128
-2.75776 -1.56776 2.89745 128 128 128
-2.7755 -1.53309 2.8961 128 128 128
-2.80193 -1.5031 2.90417 128 128 128
-2.78864 -1.45224 2.87189 128 128 128
-2.78312 -1.40627 2.84834 128 128 128
-2.77755 -1.36098 2.82548 128 128 128
-2.79338 -1.32647 2.8248 128 128 128
-2.80204 -1.28871 2.8174 128 128 128
-2.84065 -1.26442 2.84027 128 128 128
-2.84915 -1.22655 2.83355 128 128 128
-2.8298 -1.17734 2.79992 128 128 128
-2.83648 -1.1395 2.79252 128 128 128
-2.83437 -1.09848 2.77705 128 128 128
-2.84001 -1.06078 2.76965 128 128 128
-2.8542 -1.02635 2.77099 128 128 128
-2.85819 -0.988357 2.76292 128 128 128
-2.86869 -0.952744 2.76158 128 128 128
-2.87382 -0.915458 2.75552 128 128 128
-2.88484 -0.880123 2.75552 128 128 128
-2.88689 -0.842182 2.74745 128 128 128
-2.87276 -0.799983 2.72458 128 128 128
-2.88809 -0.766178 2.72996 128 128 128
-2.89512 -0.73014 2.72794 128 128 128
-2.88586 -0.690284 2.71113 128 128 128
-2.80747 -0.635367 2.63041 128 128 128
-2.86577 -0.574936 2.67077 128 128 128
-2.8486 -0.535257 2.64858 128 128 128
-2.83089 -0.496087 2.62638 128 128 128
-2.83896 -0.461662 2.6284 128 128 128
-2.84368 -0.426681 2.62772 128 128 128
-2.83697 -0.390159 2.61696 128 128 128
-2.65444 0.366194 2.3383 128 128 128
-2.64451 0.397957 2.33372 128 128 128
-2.62228 0.427593 2.31865 128 128 128
-2.58723 0.487358 2.29768 128 128 128
-2.56995 0.516843 2.28786 128 128 128
-2.52025 0.636966 2.26886 128 128 128
-1.19483 0.318509 1.08699 128 128 128
-2.47183 0.68971 2.24003 128 128 128
-2.44577 0.714915 2.22431 128 128 128
-2.42887 0.74245 2.2171 128 128 128
-2.41237 0.769908 2.21055 128 128 128
-2.39486 0.796835 2.20335 128 128 128
-2.37562 0.822954 2.19483 128 128 128
-2.35112 0.846933 2.18173 128 128 128
-2.32356 0.869378 2.166 128 128 128
-2.31624 0.899191 2.16928 128 128 128
-2.29452 0.923324 2.15945 128 128 128
-2.2572 0.940675 2.13521 128 128 128
-2.23439 0.963525 2.12473 128 128 128
-2.21204 0.986263 2.1149 128 128 128
-2.19634 1.01176 2.11163 128 128 128
-2.17761 1.03572 2.10573 128 128 128
-2.14439 1.05239 2.08608 128 128 128
-2.12659 1.07624 2.08149 128 128 128
-2.10786 1.09946 2.07625 128 128 128
-2.08955 1.12275 2.07166 128 128 128
-2.07562 1.14831 2.07166 128 128 128
-2.05349 1.16921 2.0638 128 128 128
-2.0279 1.18784 2.05266 128 128 128
-1.91359 1.28471 2.01336 128 128 128
-1.89706 1.30767 2.0127 128 128 128
-1.84237 1.33787 1.98912 128 128 128
-1.68238 1.42202 1.92491 128 128 128
-1.65795 1.43663 1.91705 128 128 128
-1.62493 1.44333 1.89936 128 128 128
-1.58902 1.48277 1.89936 128 128 128
-2.00843 -2.76718 2.97968 128 128 128
-2.04809 -2.75021 2.9882 128 128 128
-2.07481 -2.71586 2.97837 128 128 128
-2.08703 -2.66342 2.94889 128 128 128
-2.14084 -2.66412 2.97837 128 128 128
-2.17433 -2.63882 2.97968 128 128 128
-2.19144 -2.59404 2.95937 128 128 128
-2.18505 -2.52296 2.90893 128 128 128
-2.22587 -2.50726 2.92203 128 128 128
-2.27172 -2.49653 2.94168 128 128 128
-2.29755 -2.46349 2.93579 128 128 128
-2.30934 -2.41598 2.91286 128 128 128
-2.32191 -2.37018 2.89189 128 128 128
-2.43042 -2.24878 2.886 128 128 128
-2.44046 -2.20308 2.86569 128 128 128
-2.46674 -2.17247 2.86503 128 128 128
-2.49322 -2.14203 2.86503 128 128 128
-2.50542 -2.09962 2.84931 128 128 128
-2.52574 -2.06441 2.84341 128 128 128
-2.54261 -2.02667 2.83424 128 128 128
-2.57325 -1.99995 2.84079 128 128 128
-2.58436 -1.95818 2.82638 128 128 128
-2.60212 -1.92182 2.81983 128 128 128
-2.64512 -1.90388 2.84079 128 128 128
-2.6485 -1.85739 2.81983 128 128 128
-2.66922 -1.82347 2.81786 128 128 128
-2.71089 -1.80356 2.83817 128 128 128
-2.68528 -1.73932 2.78904 128 128 128
-2.71856 -1.7139 2.80148 128 128 128
-2.7323 -1.67606 2.79428 128 128 128
-2.73775 -1.6335 2.77921 128 128 128
-2.74321 -1.59143 2.7648 128 128 128
-2.77043 -1.5621 2.77266 128 128 128
-2.77283 -1.51891 2.75628 128 128 128
-2.77593 -1.4766 2.74121 128 128 128
-2.78713 -1.43895 2.73466 128 128 128
-2.79579 -1.40024 2.72614 128 128 128
-2.80461 -1.36186 2.71828 128 128 128
-2.80539 -1.31993 2.70321 128 128 128
-2.82069 -1.28509 2.70256 128 128 128
-2.82865 -1.24703 2.69535 128 128 128
-2.84304 -1.21192 2.6947 128 128 128
-2.85002 -1.17377 2.68749 128 128 128
-2.8628 -1.13815 2.68618 128 128 128
-2.86104 -1.09698 2.67177 128 128 128
-2.87145 -1.06074 2.66915 128 128 128
-2.84372 -0.97184 2.62067 128 128 128
-2.91229 -0.876988 2.65211 128 128 128
-2.85459 -0.821505 2.59053 128 128 128
-2.87466 -0.789219 2.5997 128 128 128
-2.87609 -0.751777 2.5925 128 128 128
-2.88729 -0.716974 2.59446 128 128 128
-2.87161 -0.675764 2.57284 128 128 128
-2.86051 -0.636199 2.55581 128 128 128
-2.57708 0.523926 2.16881 128 128 128
-2.56668 0.554687 2.16565 128 128 128
-2.54384 0.582486 2.15235 128 128 128
-2.53726 0.613843 2.15298 128 128 128
-2.51529 0.641274 2.14095 128 128 128
-2.50425 0.671285 2.13841 128 128 128
-2.48912 0.700068 2.13271 128 128 128
-2.47292 0.72836 2.12638 128 128 128
-2.44754 0.753611 2.11244 128 128 128
-2.43369 0.782161 2.10864 128 128 128
-2.4129 0.808259 2.09914 128 128 128
-2.36242 0.92257 2.09218 128 128 128
-2.30934 0.934574 2.05544 128 128 128
-2.28487 0.957434 2.04404 128 128 128
-2.24457 0.973034 2.0187 128 128 128
-2.2247 0.997008 2.01174 128 128 128
-2.21019 1.02325 2.00984 128 128 128
-2.19049 1.04695 2.0035 128 128 128
-2.16916 1.06963 1.9959 128 128 128
-2.15036 1.09335 1.99083 128 128 128
-2.13541 1.11893 1.98957 128 128 128
-2.11063 1.13915 1.97943 128 128 128
-2.08366 1.1578 1.9674 128 128 128
-2.06057 1.17827 1.95917 128 128 128
-2.03796 1.19874 1.95157 128 128 128
-2.01847 1.22085 1.94713 128 128 128
-1.99218 1.23856 1.93636 128 128 128
-1.96054 1.25246 1.92053 128 128 128
-1.93017 1.26663 1.90596 128 128 128
-1.90935 1.28675 1.90089 128 128 128
-1.89088 1.30832 1.89836 128 128 128
-1.86775 1.32648 1.89139 128 128 128
-1.84134 1.34199 1.88126 128 128 128
-1.80493 1.34961 1.86099 128 128 128
-1.7864 1.37024 1.85909 128 128 128
-1.76823 1.3911 1.85782 128 128 128
-1.74982 1.41172 1.85656 128 128 128
-1.7282 1.42963 1.85212 128 128 128
-1.69875 1.44069 1.83946 128 128 128
-1.67744 1.45838 1.83566 128 128 128
-1.65596 1.47575 1.83186 128 128 128
-1.63773 1.49596 1.83186 128 128 128
-1.61417 1.51118 1.82616 128 128 128
-1.5838 1.5196 1.81285 128 128 128
-1.56283 1.53674 1.81032 128 128 128
-1.53516 1.547 1.80019 128 128 128
-1.50209 1.55123 1.78372 128 128 128
-1.484 1.57068 1.78499 128 128 128
-1.45834 1.58193 1.77739 128 128 128
-1.42436 1.58356 1.75965 128 128 128
-1.39413 1.58868 1.74635 128 128 128
-1.37553 1.60685 1.74762 128 128 128
-1.3478 1.61409 1.73748 128 128 128
-1.31766 1.61788 1.72418 128 128 128
-1.29194 1.62665 1.71658 128 128 128
-1.26905 1.6387 1.71278 128 128 128
-1.2442 1.64796 1.70645 128 128 128
-1.21977 1.65749 1.70075 128 128 128
-1.19574 1.66729 1.69568 128 128 128
-1.17519 1.68184 1.69568 128 128 128
-1.14882 1.68781 1.68745 128 128 128
-1.12419 1.69596 1.68175 128 128 128
-1.10413 1.71093 1.68301 128 128 128
-1.08018 1.71976 1.67858 128 128 128
-1.05618 1.72826 1.67414 128 128 128
-1.03056 1.73376 1.66718 128 128 128
-1.00303 1.73554 1.65704 128 128 128
-0.980907 1.74637 1.65578 128 128 128
-0.953867 1.74807 1.64628 128 128 128
-0.928737 1.7528 1.63994 128 128 128
-0.902578 1.75511 1.63171 128 128 128
-0.879254 1.76258 1.62854 128 128 128
-0.856888 1.77184 1.62727 128 128 128
-0.827568 1.76609 1.61271 128 128 128
-0.803925 1.77188 1.60891 128 128 128
-0.778409 1.7731 1.60131 128 128 128
-0.75058 1.76826 1.58864 128 128 128
-0.724155 1.76587 1.5785 128 128 128
-0.695356 1.75662 1.56267 128 128 128
-0.673747 1.76502 1.56267 128 128 128
-0.651771 1.77243 1.56204 128 128 128
-0.628691 1.77664 1.55887 128 128 128
-0.606099 1.78202 1.55697 128 128 128
-0.580134 1.77681 1.5462 128 128 128
-2.24475 -2.57801 2.81423 128 128 128
-2.25506 -2.52663 2.78826 128 128 128
-2.28694 -2.49991 2.78953 128 128 128
-2.30632 -2.45982 2.77623 128 128 128
-2.32291 -2.4174 2.76039 128 128 128
-2.35946 -2.39587 2.76863 128 128 128
-2.39474 -2.37272 2.77559 128 128 128
-2.41644 -2.33617 2.76736 128 128 128
-2.43929 -2.30104 2.76103 128 128 128
-2.45423 -2.2589 2.74646 128 128 128
-2.48695 -2.23325 2.75216 128 128 128
-2.52058 -2.20817 2.75913 128 128 128
-2.52687 -2.1595 2.73696 128 128 128
-2.56092 -2.13476 2.74519 128 128 128
-2.58572 -2.1022 2.74392 128 128 128
-2.57854 -2.0444 2.70972 128 128 128
-2.60957 -2.01733 2.71606 128 128 128
-2.63969 -1.98933 2.72176 128 128 128
-2.63644 -1.93667 2.69389 128 128 128
-2.65181 -1.89833 2.68565 128 128 128
-2.69651 -1.88067 2.70719 128 128 128
-2.7117 -1.84223 2.69959 128 128 128
-2.69728 -1.78453 2.66349 128 128 128
-2.71637 -1.74962 2.66095 128 128 128
-2.72385 -1.70754 2.64765 128 128 128
-2.7446 -1.67399 2.64765 128 128 128
-2.73963 -1.62522 2.62358 128 128 128
-2.75869 -1.59109 2.62295 128 128 128
-2.77869 -1.5575 2.62358 128 128 128
-2.80575 -1.52771 2.63118 128 128 128
-2.80169 -1.48126 2.61028 128 128 128
-2.81966 -1.44677 2.61028 128 128 128
-2.8372 -1.41206 2.61028 128 128 128
-2.84525 -1.37278 2.60205 128 128 128
-2.84575 -1.33024 2.58748 128 128 128
-2.87738 -1.30222 2.60141 128 128 128
-2.87824 -1.26032 2.58811 128 128 128
-2.89207 -1.2243 2.58685 128 128 128
-2.89039 -1.182 2.57228 128 128 128
-2.89603 -1.14305 2.56468 128 128 128
-2.88524 -1.09811 2.54314 128 128 128
-2.92321 -1.07163 2.56468 128 128 128
-2.91205 -1.02722 2.54378 128 128 128
-2.9149 -0.988196 2.53554 128 128 128
-2.91061 -0.947108 2.52161 128 128 128
-2.91167 -0.90811 2.51274 128 128 128
-2.90627 -0.867467 2.49881 128 128 128
-2.89957 -0.826884 2.48424 128 128 128
-2.90054 -0.788817 2.47664 128 128 128
-2.90625 -0.7522 2.47347 128 128 128
-2.92278 -0.718314 2.4798 128 128 128
-2.94193 -0.684832 2.48867 128 128 128
-2.88812 -0.598104 2.4304 128 128 128
-2.91955 -0.567301 2.45067 128 128 128
-2.90192 -0.527046 2.4304 128 128 128
-2.91046 -0.491778 2.4323 128 128 128
-2.89945 -0.453422 2.41837 128 128 128
-2.9025 -0.41748 2.41647 128 128 128
-2.90357 -0.381333 2.4133 128 128 128
-2.67724 0.374513 2.12534 128 128 128
-2.6475 0.40355 2.10567 128 128 128
-2.65091 0.437416 2.11243 128 128 128
-2.63136 0.46744 2.10136 128 128 128
-2.6231 0.499254 2.09952 128 128 128
-2.599 0.527807 2.08537 128 128 128
-2.56172 0.61923 2.07246 128 128 128
-2.61507 0.700437 2.12842 128 128 128
-2.51213 0.706074 2.05216 128 128 128
-2.48966 0.732849 2.04109 128 128 128
-2.46088 0.757328 2.0251 128 128 128
-2.44389 0.785062 2.01895 128 128 128
-2.4064 0.805747 1.9962 128 128 128
-2.39484 0.834698 1.99497 128 128 128
-2.37181 0.859465 1.98452 128 128 128
-2.36478 0.889892 1.98759 128 128 128
-2.32282 0.90682 1.96176 128 128 128
-2.30713 0.933484 1.95807 128 128 128
-2.28314 0.956554 1.94762 128 128 128
-2.27484 0.986065 1.95069 128 128 128
-2.25753 1.01165 1.94639 128 128 128
-2.23278 1.03366 1.93593 128 128 128
-2.2185 1.0603 1.9347 128 128 128
-2.19259 1.08117 1.92363 128 128 128
-2.17142 1.10407 1.91687 128 128 128
-2.15282 1.12808 1.91256 128 128 128
-2.11938 1.14394 1.89534 128 128 128
-2.09967 1.1668 1.89042 128 128 128
-2.07423 1.18622 1.88058 128 128 128
-2.0466 1.204 1.8689 128 128 128
-2.02222 1.22331 1.86029 128 128 128
-2.00036 1.24388 1.85414 128 128 128
-1.94705 1.24415 1.81909 128 128 128
-1.94615 1.27746 1.83262 128 128 128
-1.91986 1.2942 1.82278 128 128 128
-1.88632 1.30556 1.80617 128 128 128
-1.86758 1.32679 1.80371 128 128 128
-1.84351 1.34404 1.79633 128 128 128
-1.82056 1.36184 1.79018 128 128 128
-1.80308 1.3836 1.78957 128 128 128
-1.78039 1.40123 1.78403 128 128 128
-1.75262 1.41456 1.77358 128 128 128
-1.74486 1.444 1.78342 128 128 128
-1.70715 1.44848 1.76312 128 128 128
-1.68627 1.46674 1.76005 128 128 128
-1.65696 1.47736 1.74837 128 128 128
-1.63055 1.49014 1.73976 128 128 128
-1.58968 1.48903 1.71577 128 128 128
-1.57755 1.51443 1.72254 128 128 128
-1.57066 1.54528 1.73545 128 128 128
-1.53268 1.54541 1.71454 128 128 128
-1.50318 1.55335 1.70286 128 128 128
-1.47912 1.56652 1.69732 128 128 128
-1.45177 1.57586 1.6881 128 128 128
-1.42757 1.58828 1.68256 128 128 128
-1.39861 1.59501 1.67149 128 128 128
-1.37329 1.60547 1.66473 128 128 128
-1.34388 1.6107 1.65304 128 128 128
-1.31654 1.61791 1.64382 128 128 128
-1.94711 -2.81461 2.6862 128 128 128
-1.99428 -2.80851 2.70342 128 128 128
-2.01189 -2.76088 2.68128 128 128 128
-2.05694 -2.75114 2.69604 128 128 128
-2.07616 -2.70691 2.67759 128 128 128
-2.11409 -2.68743 2.68374 128 128 128
-2.14691 -2.66129 2.68374 128 128 128
-2.17991 -2.63535 2.68436 128 128 128
-2.21668 -2.61381 2.68989 128 128 128
-2.23773 -2.57391 2.67698 128 128 128
-2.27544 -2.55333 2.68436 128 128 128
-2.30022 -2.51822 2.67698 128 128 128
-2.32448 -2.48289 2.6696 128 128 128
-2.34823 -2.44735 2.66222 128 128 128
-2.37864 -2.41891 2.66283 128 128 128
-2.45804 -2.32214 2.65422 128 128 128
-2.47302 -2.2795 2.64008 128 128 128
-2.50784 -2.25531 2.64746 128 128 128
-2.53533 -2.22437 2.64746 128 128 128
-2.54087 -2.17462 2.62532 128 128 128
-2.55466 -2.13266 2.6124 128 128 128
-2.58553 -2.10513 2.61732 128 128 128
-2.59141 -2.05754 2.59764 128 128 128
-2.62956 -2.03573 2.61056 128 128 128
-2.6254 -1.98145 2.58227 128 128 128
-2.65714 -1.95469 2.58965 128 128 128
-2.68028 -1.92148 2.58903 128 128 128
-2.69526 -1.88257 2.58104 128 128 128
-2.70903 -1.84313 2.57243 128 128 128
-2.70188 -1.79014 2.54476 128 128 128
-2.73225 -1.76241 2.55275 128 128 128
-2.74633 -1.72413 2.54599 128 128 128
-2.76594 -1.68948 2.54476 128 128 128
-2.779 -1.65097 2.53799 128 128 128
-2.79086 -1.61201 2.53061 128 128 128
-2.80287 -1.57339 2.52385 128 128 128
-2.82958 -1.54303 2.53061 128 128 128
-2.84064 -1.50413 2.52385 128 128 128
-2.85117 -1.46519 2.51708 128 128 128
-2.86047 -1.42587 2.5097 128 128 128
-2.86143 -1.38276 2.49556 128 128 128
-2.8789 -1.34787 2.49617 128 128 128
-2.88588 -1.30821 2.48818 128 128 128
-2.90244 -1.27301 2.48879 128 128 128
-2.90986 -1.23391 2.48203 128 128 128
-2.90655 -1.19062 2.46665 128 128 128
-2.91287 -1.15167 2.45989 128 128 128
-2.9069 -1.10825 2.44329 128 128 128
-2.90918 -1.06841 2.43406 128 128 128
-2.98752 -1.01472 2.47772 128 128 128
-2.94882 -0.881893 2.41746 128 128 128
-2.93441 -0.838478 2.39716 128 128 128
-2.9285 -0.798043 2.38425 128 128 128
-2.9396 -0.762442 2.38548 128 128 128
-2.94031 -0.724232 2.37871 128 128 128
-2.94898 -0.688096 2.37871 128 128 128
-2.9418 -0.648453 2.36641 128 128 128
-2.94645 -0.611661 2.36395 128 128 128
-2.66096 0.492916 2.01009 128 128 128
-2.64128 0.522851 2.00002 128 128 128
-2.61103 0.550201 1.98224 128 128 128
-2.59623 0.58043 1.97631 128 128 128
-2.57324 0.608511 1.96445 128 128 128
-2.55386 0.637098 1.95556 128 128 128
-2.54429 0.667978 1.95438 128 128 128
-2.52504 0.696134 1.94608 128 128 128
-2.4962 0.721219 1.93067 128 128 128
-2.46944 0.746406 1.91704 128 128 128
-2.43476 0.768606 1.89748 128 128 128
-2.4412 0.803745 1.90992 128 128 128
-2.4639 0.844934 1.93541 128 128 128
-2.40482 0.857702 1.89748 128 128 128
-2.34549 0.901937 1.86784 128 128 128
-2.34695 0.935746 1.87792 128 128 128
-2.32042 0.9583 1.86606 128 128 128
-2.3033 0.984478 1.86191 128 128 128
-2.27559 1.0058 1.84947 128 128 128
-2.25063 1.02794 1.83939 128 128 128
-2.22111 1.04755 1.82576 128 128 128
-2.20519 1.07331 1.82339 128 128 128
-2.18179 1.09521 1.81509 128 128 128
-2.15389 1.11447 1.80324 128 128 128
-2.13011 1.1355 1.79494 128 128 128
-2.09909 1.15222 1.78071 128 128 128
-2.08409 1.17749 1.78012 128 128 128
-2.05488 1.19445 1.76767 128 128 128
-2.0304 1.21377 1.75937 128 128 128
-2.00713 1.23352 1.75226 128 128 128
-1.97824 1.24943 1.74041 128 128 128
-1.95871 1.27097 1.73685 128 128 128
-1.9423 1.29447 1.73626 128 128 128
-1.91432 1.30999 1.72559 128 128 128
-1.89546 1.33153 1.72322 128 128 128
-1.88355 1.35799 1.72737 128 128 128
-1.85834 1.37476 1.71966 128 128 128
-1.81827 1.37989 1.69832 128 128 128
-1.79739 1.39912 1.69477 128 128 128
-1.77443 1.41654 1.68943 128 128 128
-1.74882 1.43156 1.68173 128 128 128
-1.7379 1.45862 1.68825 128 128 128
-1.69854 1.46141 1.6675 128 128 128
-1.67505 1.47733 1.66217 128 128 128
-1.64606 1.48803 1.6515 128 128 128
-1.62414 1.50483 1.64794 128 128 128
-1.59855 1.51798 1.64083 128 128 128
-1.56425 1.52228 1.62483 128 128 128
-1.53123 1.52711 1.61001 128 128 128
-1.51181 1.54521 1.60942 128 128 128
-1.49052 1.56131 1.60705 128 128 128
-1.47015 1.5783 1.60586 128 128 128
-1.44365 1.58846 1.59816 128 128 128
-1.41818 1.59942 1.59164 128 128 128
-1.39477 1.61243 1.58749 128 128 128
-1.36866 1.62202 1.58037 128 128 128
-1.35324 1.6443 1.58571 128 128 128
-1.32542 1.65135 1.57682 128 128 128
-1.29318 1.65224 1.56259 128 128 128
-1.2767 1.67311 1.56733 128 128 128
-1.25128 1.68218 1.56141 128 128 128
-1.22301 1.68696 1.55192 128 128 128
-1.19295 1.68866 1.54007 128 128 128
-1.16667 1.6952 1.53296 128 128 128
-1.14712 1.7114 1.53473 128 128 128
-1.11814 1.71319 1.52407 128 128 128
-1.09058 1.71657 1.51518 128 128 128
-1.06901 1.72914 1.51458 128 128 128
-1.04068 1.73038 1.50451 128 128 128
-1.01329 1.73258 1.49562 128 128 128
-0.98561 1.73366 1.48613 128 128 128
-0.958832 1.73574 1.47783 128 128 128
-0.929499 1.73246 1.46539 128 128 128
-0.908169 1.74373 1.46539 128 128 128
-0.886341 1.75403 1.46479 128 128 128
-0.857696 1.75029 1.45294 128 128 128
-0.839246 1.76724 1.45827 128 128 128
-0.817496 1.7774 1.45827 128 128 128
-0.791714 1.77846 1.45116 128 128 128
-0.76888 1.78582 1.44938 128 128 128
-0.744754 1.78991 1.44523 128 128 128
-0.720942 1.79443 1.44168 128 128 128
-0.696264 1.79638 1.43634 128 128 128
-0.669127 1.79119 1.42568 128 128 128
-0.646554 1.79775 1.42449 128 128 128
-0.623399 1.8025 1.42212 128 128 128
-0.598712 1.80237 1.41619 128 128 128
-0.574851 1.8042 1.41204 128 128 128
-0.551968 1.80881 1.41026 128 128 128
-0.524584 1.79765 1.39663 128 128 128
-0.499058 1.79153 1.38715 128 128 128
-0.473966 1.78583 1.37826 128 128 128
-0.453771 1.79855 1.38359 128 128 128
-0.430738 1.80006 1.38063 128 128 128
-0.405451 1.79107 1.36996 128 128 128
-0.384605 1.80142 1.37411 128 128 128
-0.365756 1.8226 1.38656 128 128 128
0.863871 1.48872 1.2852 128 128 128
1.12809 1.31276 1.29231 128 128 128
2.25345 -0.0248169 1.67699 128 128 128
2.29643 -0.0817781 1.70959 128 128 128
2.29043 -0.109712 1.70603 128 128 128
2.32877 -0.226582 1.74041 128 128 128
2.31805 -0.312035 1.73981 128 128 128
0.83708 -3.33406 2.54828 128 128 128
0.805376 -3.38327 2.57792 128 128 128
0.755358 -3.35517 2.54946 128 128 128
0.638837 -3.42109 2.57969 128 128 128
0.597629 -3.43343 2.58325 128 128 128
0.467293 -3.42677 2.56369 128 128 128
0.262611 -3.53573 2.6277 128 128 128
-2.19259 -2.67462 2.56369 128 128 128
-2.22577 -2.64813 2.56428 128 128 128
-2.25757 -2.62001 2.56369 128 128 128
-2.27727 -2.57824 2.55006 128 128 128
-2.29737 -2.53758 2.53761 128 128 128
-2.32066 -2.50094 2.52931 128 128 128
-2.35729 -2.47869 2.53583 128 128 128
-2.38809 -2.45015 2.53643 128 128 128
-2.41171 -2.4144 2.52991 128 128 128
-2.46596 -2.40879 2.55539 128 128 128
-2.47724 -2.36114 2.53702 128 128 128
-2.48477 -2.31085 2.51568 128 128 128
-2.54041 -2.30504 2.54295 128 128 128
-2.52443 -2.23478 2.49968 128 128 128
-2.56021 -2.21099 2.50797 128 128 128
-2.55816 -2.15506 2.48012 128 128 128
-2.5975 -2.13423 2.49256 128 128 128
-2.58888 -2.07454 2.45996 128 128 128
-2.6205 -2.04756 2.46589 128 128 128
-2.6589 -2.02548 2.47834 128 128 128
-2.67643 -1.98743 2.47182 128 128 128
-2.6856 -1.94359 2.45819 128 128 128
-2.69475 -1.9003 2.44515 128 128 128
-2.71588 -1.86572 2.44337 128 128 128
-2.73187 -1.82779 2.43744 128 128 128
-2.76287 -1.79983 2.44515 128 128 128
-2.77522 -1.75976 2.43685 128 128 128
-2.78769 -1.72009 2.42914 128 128 128
-2.7837 -1.67086 2.40781 128 128 128
-2.81235 -1.64144 2.41492 128 128 128
-2.84911 -1.61631 2.42914 128 128 128
-2.85391 -1.57309 2.4167 128 128 128
-2.87157 -1.53719 2.41551 128 128 128
-2.8659 -1.48924 2.39536 128 128 128
-2.88324 -1.4536 2.39477 128 128 128
-2.87697 -1.40647 2.37521 128 128 128
-2.91805 -1.3824 2.39477 128 128 128
-2.89231 -1.32707 2.36039 128 128 128
-2.90911 -1.2918 2.36098 128 128 128
-2.90549 -1.24777 2.34557 128 128 128
-2.92133 -1.21233 2.34616 128 128 128
-2.9285 -1.17341 2.34024 128 128 128
-2.93892 -1.13593 2.33727 128 128 128
-2.92772 -1.09054 2.31771 128 128 128
-2.94088 -1.05453 2.31771 128 128 128
-2.94675 -1.01601 2.31238 128 128 128
-2.95134 -0.977255 2.30645 128 128 128
-2.96081 -0.940235 2.30467 128 128 128
-2.96519 -0.901732 2.29934 128 128 128
-2.96752 -0.862816 2.29282 128 128 128
-2.97633 -0.825907 2.29163 128 128 128
-2.98391 -0.788707 2.28986 128 128 128
-2.97382 -0.747154 2.27504 128 128 128
-2.93339 -0.69892 2.2377 128 128 128
-2.99537 -0.636358 2.27207 128 128 128
-2.95871 -0.590789 2.23888 128 128 128
-2.94039 -0.54974 2.21991 128 128 128
-2.93819 -0.512107 2.21339 128 128 128
-2.9355 -0.474612 2.20688 128 128 128
-2.91561 -0.434792 2.18791 128 128 128
-2.91035 -0.39758 2.1802 128 128 128
-2.90781 -0.360954 2.17487 128 128 128
-2.74579 0.354106 1.95636 128 128 128
-2.73718 0.387203 1.95349 128 128 128
-2.70226 0.416166 1.93228 128 128 128
-2.69857 0.449564 1.93343 128 128 128
-2.67591 0.479619 1.92139 128 128 128
-2.66177 0.510881 1.91565 128 128 128
-2.64085 0.540557 1.90534 128 128 128
-2.55467 0.621737 1.8589 128 128 128
-2.5695 0.692542 1.88126 128 128 128
-2.53479 0.716681 1.86234 128 128 128
-2.49516 0.73868 1.83998 128 128 128
-2.47338 0.765375 1.83081 128 128 128
-2.46224 0.795167 1.82966 128 128 128
-2.43599 0.819844 1.81762 128 128 128
-2.41646 0.846431 1.81074 128 128 128
-2.40127 0.874342 1.8073 128 128 128
-2.38346 0.901139 1.80214 128 128 128
-2.37528 0.931515 1.80444 128 128 128
-2.34317 0.952276 1.78896 128 128 128
-2.31846 0.975564 1.77921 128 128 128
-2.2988 1.00068 1.77348 128 128 128
-2.27289 1.02277 1.76316 128 128 128
-2.25571 1.04851 1.75972 128 128 128
-2.22716 1.06868 1.74768 128 128 128
-2.19919 1.08867 1.73621 128 128 128
-2.18347 1.11446 1.73449 128 128 128
-2.15585 1.13393 1.7236 128 128 128
-2.11943 1.14822 1.70583 128 128 128
-2.09516 1.16856 1.6978 128 128 128
-2.07213 1.18929 1.69092 128 128 128
-2.0595 1.21588 1.69264 128 128 128
-2.0276 1.23087 1.67889 128 128 128
-2.01304 1.25609 1.67946 128 128 128
-1.99472 1.27893 1.67717 128 128 128
-1.95834 1.28981 1.65997 128 128 128
-1.94236 1.31374 1.65997 128 128 128
-1.92407 1.33608 1.65825 128 128 128
-1.89885 1.35341 1.65079 128 128 128
-1.87946 1.37468 1.6485 128 128 128
-1.85786 1.3942 1.64449 128 128 128
-1.81787 1.39941 1.62442 128 128 128
-1.79992 1.42111 1.62385 128 128 128
-1.7696 1.43279 1.61238 128 128 128
-1.74621 1.44969 1.60722 128 128 128
-1.71767 1.46199 1.59748 128 128 128
-1.68478 1.47004 1.58372 128 128 128
-1.66722 1.49115 1.58429 128 128 128
-1.64034 1.50375 1.57627 128 128 128
-1.59666 1.50022 1.55219 128 128 128
-1.57282 1.51459 1.54703 128 128 128
-1.54828 1.52802 1.5413 128 128 128
-1.53056 1.54807 1.54244 128 128 128
-1.51316 1.56851 1.54416 128 128 128
-1.48761 1.5804 1.53786 128 128 128
-1.46367 1.59371 1.53327 128 128 128
-1.43908 1.60606 1.52811 128 128 128
-1.41225 1.61559 1.52066 128 128 128
-1.38965 1.62968 1.51779 128 128 128
-1.36431 1.64031 1.51206 128 128 128
-1.33478 1.64549 1.50174 128 128 128
-1.31652 1.66431 1.50403 128 128 128
-1.28598 1.66737 1.49257 128 128 128
-1.25901 1.67452 1.48511 128 128 128
-1.23594 1.68654 1.48225 128 128 128
-1.21372 1.69958 1.48053 128 128 128
-1.17498 1.6888 1.45874 128 128 128
-1.14818 1.69428 1.45129 128 128 128
-1.90584 -2.97388 2.49067 128 128 128
-2.04424 -2.86944 2.48436 128 128 128
-2.0677 -2.82826 2.4706 128 128 128
-2.07867 -2.7712 2.44308 128 128 128
-2.1245 -2.76107 2.45684 128 128 128
-2.16431 -2.74252 2.46372 128 128 128
-2.19162 -2.70811 2.45684 128 128 128
-2.23672 -2.69551 2.47003 128 128 128
-2.24628 -2.64039 2.4448 128 128 128
-2.2952 -2.63178 2.46257 128 128 128
-2.29675 -2.5692 2.43047 128 128 128
-2.33364 -2.54686 2.4362 128 128 128
-2.35855 -2.51146 2.4299 128 128 128
-2.3591 -2.45103 2.39951 128 128 128
-2.37692 -2.40964 2.38747 128 128 128
-2.44183 -2.41545 2.42244 128 128 128
-2.47835 -2.39214 2.42932 128 128 128
-2.4795 -2.33513 2.40238 128 128 128
-2.50737 -2.30397 2.40181 128 128 128
-2.52874 -2.26701 2.3955 128 128 128
-2.54281 -2.22393 2.38289 128 128 128
-2.57552 -2.19735 2.38805 128 128 128
-2.58907 -2.15457 2.37601 128 128 128
-2.61468 -2.12212 2.37543 128 128 128
-2.63346 -2.08427 2.36913 128 128 128
-2.6504 -2.04529 2.36167 128 128 128
-2.66745 -2.0067 2.3548 128 128 128
-2.70641 -1.98448 2.36741 128 128 128
-2.71456 -1.93968 2.35365 128 128 128
-2.74555 -1.91137 2.35995 128 128 128
-2.75389 -1.86741 2.34734 128 128 128
-2.7766 -1.83348 2.34734 128 128 128
-2.78373 -1.78951 2.33473 128 128 128
-2.81381 -1.76043 2.34161 128 128 128
-2.82681 -1.72066 2.33473 128 128 128
-2.83996 -1.68124 2.32842 128 128 128
-2.87599 -1.65526 2.34104 128 128 128
-2.86392 -1.60183 2.31524 128 128 128
-2.88264 -1.56618 2.31467 128 128 128
-2.88425 -1.5215 2.30091 128 128 128
-2.90343 -1.48636 2.30148 128 128 128
-2.89504 -1.43749 2.28084 128 128 128
-2.89549 -1.39368 2.26766 128 128 128
-2.90346 -1.35388 2.26078 128 128 128
-2.91911 -1.31781 2.2602 128 128 128
-2.93506 -1.28189 2.2602 128 128 128
-2.92567 -1.23525 2.24128 128 128 128
-2.93226 -1.19584 2.23498 128 128 128
-2.95434 -1.16277 2.24071 128 128 128
-2.94694 -1.11828 2.22466 128 128 128
-2.97369 -1.00485 2.21549 128 128 128
-2.98981 -0.889104 2.20173 128 128 128
-2.98316 -0.847414 2.18911 128 128 128
-2.98622 -0.80881 2.18395 128 128 128
-2.99671 -0.772309 2.18453 128 128 128
-2.98209 -0.729623 2.16733 128 128 128
-2.98045 -0.690564 2.15988 128 128 128
-2.97029 -0.6499 2.14669 128 128 128
-2.97563 -0.612904 2.14497 128 128 128
-2.812 0.0875569 1.87564 128 128 128
-2.71455 0.455028 1.83545 128 128 128
-2.70547 0.487707 1.83325 128 128 128
-2.65749 0.512735 1.80517 128 128 128
-2.64037 0.543103 1.79802 128 128 128
-2.61802 0.572052 1.78756 128 128 128
-2.60186 0.60205 1.7815 128 128 128
-2.57158 0.628346 1.76609 128 128 128
-2.56448 0.660066 1.76664 128 128 128
-2.54652 0.688854 1.76003 128 128 128
-2.53065 0.717988 1.75508 128 128 128
-2.50725 0.744686 1.74517 128 128 128
-2.49075 0.773158 1.74022 128 128 128
-2.5041 0.811165 1.75618 128 128 128
-2.44968 0.826805 1.72535 128 128 128
-2.35512 0.827054 1.66645 128 128 128
-2.44334 0.926221 1.74352 128 128 128
-2.38986 0.939566 1.71379 128 128 128
-2.3457 0.955536 1.69067 128 128 128
-2.32765 0.981644 1.68627 128 128 128
-2.28484 0.996726 1.66425 128 128 128
-2.27776 1.0271 1.6681 128 128 128
-2.25138 1.04861 1.6582 128 128 128
-2.21503 1.0649 1.64113 128 128 128
-2.19358 1.0879 1.63508 128 128 128
-2.17338 1.11131 1.63012 128 128 128
-2.15442 1.13516 1.62627 128 128 128
-2.12786 1.15472 1.61691 128 128 128
-2.11353 1.18075 1.61691 128 128 128
-2.08948 1.20117 1.60975 128 128 128
-2.07746 1.22842 1.61196 128 128 128
-2.04726 1.24469 1.6004 128 128 128
-2.02759 1.26705 1.59709 128 128 128
-1.99505 1.28098 1.58388 128 128 128
-1.97222 1.30076 1.57838 128 128 128
-1.94783 1.31923 1.57177 128 128 128
-1.92396 1.33778 1.56572 128 128 128
-1.90197 1.3574 1.56131 128 128 128
-1.88181 1.37816 1.55856 128 128 128
-1.85009 1.39009 1.54645 128 128 128
-1.83157 1.41166 1.54535 128 128 128
-1.77945 1.40653 1.51617 128 128 128
-1.75817 1.4251 1.51287 128 128 128
-1.73286 1.44015 1.50626 128 128 128
-1.70174 1.4499 1.4947 128 128 128
-1.68444 1.47123 1.49525 128 128 128
-1.66005 1.48621 1.48975 128 128 128
-1.63555 1.50081 1.48424 128 128 128
-1.61823 1.52191 1.48534 128 128 128
-1.59343 1.53585 1.47984 128 128 128
-1.5709 1.55176 1.47654 128 128 128
-1.5453 1.56438 1.47048 128 128 128
-1.52079 1.5778 1.46553 128 128 128
-1.49789 1.59269 1.46222 128 128 128
-1.4833 1.6165 1.46718 128 128 128
-1.46335 1.63458 1.46718 128 128 128
-1.40866 1.61273 1.4325 128 128 128
-1.39039 1.6318 1.43415 128 128 128
-1.35855 1.63459 1.42204 128 128 128
-1.33157 1.64269 1.41488 128 128 128
-1.30305 1.64841 1.40608 128 128 128
-1.27307 1.6517 1.39562 128 128 128
-1.2502 1.66385 1.39286 128 128 128
-1.23313 1.68379 1.39672 128 128 128
-1.19932 1.68042 1.38185 128 128 128
-1.16483 1.6751 1.36589 128 128 128
-1.14279 1.68719 1.36424 128 128 128
-1.11879 1.69621 1.36039 128 128 128
-1.0925 1.70137 1.35378 128 128 128
-1.07242 1.71606 1.35488 128 128 128
-1.04264 1.71481 1.34387 128 128 128
-1.02236 1.72891 1.34497 128 128 128
-0.999827 1.73915 1.34332 128 128 128
-0.978815 1.75202 1.34387 128 128 128
-0.952483 1.75509 1.33727 128 128 128
-0.934361 1.7733 1.34222 128 128 128
-0.913665 1.78686 1.34387 128 128 128
-0.879484 1.77323 1.32571 128 128 128
-0.854417 1.77711 1.32075 128 128 128
-0.828687 1.77913 1.3147 128 128 128
-0.80645 1.7884 1.31415 128 128 128
-0.775478 1.77748 1.29928 128 128 128
-0.757478 1.7961 1.30589 128 128 128
-0.730683 1.79366 1.29763 128 128 128
-0.704973 1.79316 1.29103 128 128 128
-0.682916 1.80167 1.29103 128 128 128
-0.659617 1.80678 1.28882 128 128 128
-0.6308 1.79582 1.27561 128 128 128
-0.602883 1.78601 1.2635 128 128 128
-0.576834 1.78055 1.25469 128 128 128
-0.553222 1.78191 1.25084 128 128 128
-0.530842 1.78696 1.24974 128 128 128
-0.501643 1.76763 1.23212 128 128 128
-0.480778 1.77687 1.23433 128 128 128
-0.4577 1.77779 1.23102 128 128 128
-0.435457 1.78165 1.22992 128 128 128
-0.412443 1.78197 1.22662 128 128 128
-0.390192 1.78527 1.22552 128 128 128
-0.368919 1.79319 1.22772 128 128 128
-0.345949 1.79267 1.22442 128 128 128
-0.322902 1.79102 1.22056 128 128 128
-0.300219 1.79073 1.21781 128 128 128
-0.27734 1.7885 1.21396 128 128 128
-0.25514 1.79012 1.21286 128 128 128
-0.232731 1.7898 1.21066 128 128 128
-0.210368 1.78921 1.20845 128 128 128
-0.188311 1.79082 1.2079 128 128 128
-0.1445 1.7974 1.20955 128 128 128
-0.122214 1.79571 1.20735 128 128 128
-0.0997691 1.78957 1.2024 128 128 128
-0.0775278 1.78398 1.19799 128 128 128
-0.0555341 1.78146 1.19579 128 128 128
-0.0336277 1.77951 1.19414 128 128 128
-0.0117674 1.77478 1.19084 128 128 128
0.0100469 1.77896 1.19359 128 128 128
0.0313813 1.7545 1.17763 128 128 128
0.0529094 1.75398 1.17763 128 128 128
0.0750304 1.76654 1.18643 128 128 128
0.0970376 1.77133 1.19029 128 128 128
0.118709 1.76917 1.18974 128 128 128
0.221959 1.72048 1.16441 128 128 128
0.24246 1.7135 1.16166 128 128 128
0.263081 1.70792 1.16001 128 128 128
0.283602 1.70209 1.15836 128 128 128
0.30387 1.6952 1.15616 128 128 128
0.326565 1.70118 1.16276 128 128 128
0.346399 1.69214 1.15946 128 128 128
0.364623 1.67635 1.15175 128 128 128
0.381376 1.65548 1.14074 128 128 128
0.404855 1.66365 1.14955 128 128 128
0.415604 1.62138 1.12423 128 128 128
0.442709 1.64274 1.1424 128 128 128
0.462605 1.63638 1.14185 128 128 128
0.482652 1.63058 1.14185 128 128 128
0.500634 1.61816 1.13744 128 128 128
0.523816 1.62221 1.1446 128 128 128
0.537511 1.59748 1.13194 128 128 128
0.553182 1.57975 1.12423 128 128 128
0.567923 1.5603 1.11542 128 128 128
0.585244 1.54853 1.11212 128 128 128
0.604203 1.54123 1.11212 128 128 128
0.624336 1.53679 1.11432 128 128 128
0.642822 1.52825 1.11377 128 128 128
0.662533 1.52254 1.11542 128 128 128
0.681511 1.51505 1.11597 128 128 128
0.700052 1.50657 1.11597 128 128 128
0.717761 1.49637 1.11487 128 128 128
0.732347 1.47997 1.10937 128 128 128
0.75236 1.47459 1.11212 128 128 128
0.773914 1.47189 1.11707 128 128 128
0.793916 1.46594 1.11983 128 128 128
0.808577 1.45027 1.11542 128 128 128
0.825478 1.43879 1.11432 128 128 128
0.844351 1.4307 1.11597 128 128 128
0.862715 1.42166 1.11707 128 128 128
0.880096 1.41097 1.11707 128 128 128
0.897797 1.40076 1.11762 128 128 128
0.91584 1.39103 1.11872 128 128 128
0.932842 1.37969 1.11872 128 128 128
0.950658 1.3695 1.11983 128 128 128
0.971769 1.36384 1.12478 128 128 128
0.594253 0.815769 0.686047 128 128 128
0.594666 0.795752 0.675588 128 128 128
0.608985 0.794337 0.680542 128 128 128
0.607269 0.772418 0.668432 128 128 128
1.04092 1.28615 1.11157 128 128 128
1.05877 1.27584 1.11377 128 128 128
1.08411 1.27417 1.12368 128 128 128
1.11508 1.27834 1.13909 128 128 128
1.1452 1.28071 1.15341 128 128 128
1.16875 1.27515 1.16111 128 128 128
1.18946 1.26618 1.16607 128 128 128
1.97704 0.431607 1.35488 128 128 128
1.98791 0.408477 1.35873 128 128 128
1.99769 0.384989 1.36204 128 128 128
2.00967 0.36176 1.36699 128 128 128
2.02631 0.33911 1.37525 128 128 128
2.0394 0.315603 1.3813 128 128 128
2.0365 0.289627 1.3769 128 128 128
2.03825 0.264403 1.3758 128 128 128
2.07202 0.242901 1.39617 128 128 128
2.11803 0.221887 1.42479 128 128 128
2.13473 0.197154 1.43415 128 128 128
2.14948 0.171915 1.44241 128 128 128
2.15392 0.145688 1.44406 128 128 128
2.16805 0.119911 1.45232 128 128 128
2.17604 0.0935697 1.45672 128 128 128
2.18787 0.06717 1.46388 128 128 128
2.18769 0.0403027 1.46333 128 128 128
2.20806 0.0135351 1.47654 128 128 128
2.22058 -0.0136648 1.48479 128 128 128
2.21941 -0.0408966 1.48424 128 128 128
2.22792 -0.0684297 1.4903 128 128 128
2.22191 -0.0955392 1.487 128 128 128
2.24807 -0.124375 1.50516 128 128 128
2.25554 -0.152592 1.51122 128 128 128
2.251 -0.180054 1.50957 128 128 128
2.26525 -0.209233 1.52058 128 128 128
2.29156 -0.240117 1.53984 128 128 128
2.31414 -0.271283 1.55691 128 128 128
2.32636 -0.301732 1.56737 128 128 128
2.33984 -0.332759 1.57893 128 128 128
2.3529 -0.364162 1.59049 128 128 128
2.35649 -0.394401 1.59599 128 128 128
2.349 -0.422841 1.59434 128 128 128
2.35101 -0.453071 1.59929 128 128 128
2.34936 -0.482735 1.60205 128 128 128
2.35386 -0.513864 1.6092 128 128 128
2.35957 -0.545554 1.61746 128 128 128
1.82761 -2.63273 2.13381 128 128 128
1.79096 -2.64873 2.12886 128 128 128
1.77436 -2.69494 2.14812 128 128 128
1.73845 -2.71229 2.14482 128 128 128
1.70724 -2.73696 2.14757 128 128 128
1.67482 -2.75985 2.14922 128 128 128
1.64379 -2.78523 2.15308 128 128 128
1.61322 -2.81172 2.15803 128 128 128
1.58224 -2.83787 2.16299 128 128 128
1.56039 -2.88132 2.18115 128 128 128
1.52724 -2.90469 2.18446 128 128 128
1.49942 -2.93884 2.19602 128 128 128
1.45475 -2.93979 2.18335 128 128 128
1.42685 -2.97475 2.19602 128 128 128
1.3955 -3.0034 2.20427 128 128 128
1.3698 -3.04544 2.22244 128 128 128
1.34528 -3.09189 2.24391 128 128 128
1.31207 -3.11972 2.25216 128 128 128
1.2715 -3.13016 2.24831 128 128 128
1.22297 -3.11987 2.23015 128 128 128
1.17871 -3.11902 2.21914 128 128 128
1.13864 -3.12853 2.21583 128 128 128
1.10978 -3.16986 2.2351 128 128 128
1.08299 -3.21966 2.26042 128 128 128
1.0434 -3.23271 2.26042 128 128 128
0.790683 -2.66951 1.85637 128 128 128
0.891519 -3.30985 2.28079 128 128 128
0.85269 -3.32782 2.28574 128 128 128
0.809826 -3.32992 2.28024 128 128 128
0.768343 -3.33716 2.27859 128 128 128
0.727157 -3.34552 2.27804 128 128 128
0.691034 -3.37874 2.29455 128 128 128
0.651393 -3.39681 2.30116 128 128 128
0.609076 -3.40126 2.29896 128 128 128
0.572731 -3.44142 2.32097 128 128 128
0.52668 -3.42343 2.30446 128 128 128
0.482547 -3.41476 2.29455 128 128 128
0.444195 -3.44858 2.31327 128 128 128
0.405373 -3.48446 2.33364 128 128 128
0.362923 -3.49249 2.33584 128 128 128
0.320638 -3.50333 2.34024 128 128 128
0.276715 -3.49535 2.33253 128 128 128
0.23331 -3.49099 2.32758 128 128 128
0.190718 -3.49859 2.33088 128 128 128
0.148317 -3.51401 2.33969 128 128 128
0.104945 -3.50722 2.33419 128 128 128
0.0613244 -3.47319 2.31107 128 128 128
0.0189505 -3.53546 2.3518 128 128 128
-0.0244569 -3.53793 2.35345 128 128 128
-0.067888 -3.5382 2.354 128 128 128
-0.111357 -3.53876 2.3551 128 128 128
-0.154098 -3.52212 2.3452 128 128 128
-0.198169 -3.53497 2.3551 128 128 128
-0.241707 -3.53477 2.35676 128 128 128
-0.288273 -3.57064 2.38263 128 128 128
-2.1469 -2.78166 2.33749 128 128 128
-2.17776 -2.75118 2.33419 128 128 128
-2.17394 -2.67827 2.2951 128 128 128
-2.22162 -2.66934 2.31052 128 128 128
-2.24987 -2.6368 2.30611 128 128 128
-2.28701 -2.61464 2.31107 128 128 128
-2.32562 -2.59383 2.31767 128 128 128
-2.3454 -2.55221 2.30611 128 128 128
-2.3817 -2.52869 2.31107 128 128 128
-2.39978 -2.48608 2.29896 128 128 128
-2.416 -2.44222 2.28574 128 128 128
-2.44519 -2.4118 2.28519 128 128 128
-2.46798 -2.37525 2.27914 128 128 128
-2.49633 -2.34422 2.27859 128 128 128
-2.51012 -2.29989 2.26538 128 128 128
-2.54563 -2.27558 2.27198 128 128 128
-2.58911 -2.25787 2.28574 128 128 128
-2.60134 -2.21296 2.27253 128 128 128
-2.62123 -2.17502 2.26648 128 128 128
-2.64772 -2.14269 2.26648 128 128 128
-2.6666 -2.10436 2.26042 128 128 128
-2.69156 -2.07097 2.25987 128 128 128
-2.70942 -2.03228 2.25382 128 128 128
-2.73213 -1.9974 2.25216 128 128 128
-2.74146 -1.95309 2.24005 128 128 128
-2.75767 -1.91407 2.234 128 128 128
-2.77265 -1.87449 2.22739 128 128 128
-2.80312 -1.84536 2.23345 128 128 128
-2.80585 -1.79824 2.21803 128 128 128
-2.81353 -1.75485 2.20703 128 128 128
-2.83414 -1.71976 2.20647 128 128 128
-2.84784 -1.68062 2.20097 128 128 128
-2.85085 -1.6356 2.18776 128 128 128
-2.86341 -1.59644 2.18225 128 128 128
-2.88205 -1.56078 2.1817 128 128 128
-2.9069 -1.5284 2.18611 128 128 128
-2.88526 -1.47218 2.15638 128 128 128
-2.90984 -1.43998 2.16134 128 128 128
-2.91901 -1.40021 2.15528 128 128 128
-2.94506 -1.36849 2.16189 128 128 128
-2.94259 -1.32371 2.14812 128 128 128
-2.95095 -1.28418 2.14262 128 128 128
-2.96495 -1.24723 2.14152 128 128 128
-2.97229 -1.20762 2.13601 128 128 128
-2.97833 -1.16771 2.12996 128 128 128
-2.9815 -1.12696 2.12225 128 128 128
-2.9951 -1.09028 2.12225 128 128 128
-3.00116 -1.05097 2.1173 128 128 128
-3.00433 -1.01088 2.11069 128 128 128
-2.99982 -0.968578 2.09913 128 128 128
-3.00191 -0.928745 2.09253 128 128 128
-3.02269 -0.894667 2.09913 128 128 128
-3.02138 -0.854117 2.09087 128 128 128
-3.02115 -0.814167 2.08372 128 128 128
-3.03739 -0.778681 2.08812 128 128 128
-3.00696 -0.731734 2.06115 128 128 128
-2.98153 -0.686957 2.03803 128 128 128
-2.97505 -0.647145 2.02812 128 128 128
-2.9934 -0.612749 2.03528 128 128 128
-2.97527 -0.571128 2.01821 128 128 128
-2.98534 -0.535159 2.02041 128 128 128
-2.98345 -0.497124 2.01491 128 128 128
-2.98024 -0.45909 2.00885 128 128 128
-2.98483 -0.422368 2.0083 128 128 128
-2.97736 -0.384124 2.00004 128 128 128
-2.98683 -0.348131 2.00335 128 128 128
-2.80158 0.329809 1.7867 128 128 128
-2.7721 0.360894 1.77078 128 128 128
-2.75152 0.392619 1.7607 128 128 128
-2.74146 0.425577 1.75752 128 128 128
-2.71597 0.45583 1.74479 128 128 128
-2.69265 0.485973 1.73365 128 128 128
-2.66984 0.515773 1.72304 128 128 128
-2.65085 0.545939 1.71508 128 128 128
-2.60261 0.636708 1.6981 128 128 128
-2.49444 0.642848 1.63338 128 128 128
-2.61075 0.707022 1.71402 128 128 128
-2.56028 0.727218 1.68696 128 128 128
-2.5341 0.753517 1.67582 128 128 128
-2.519 0.7828 1.67211 128 128 128
-2.48823 0.806867 1.65831 128 128 128
-2.47332 0.835715 1.65513 128 128 128
-2.45568 0.863477 1.65036 128 128 128
-2.42579 0.886575 1.63762 128 128 128
-2.41394 0.915976 1.63709 128 128 128
-2.38437 0.9384 1.62489 128 128 128
-2.36325 0.963754 1.61853 128 128 128
-2.33875 0.987414 1.61004 128 128 128
-2.31169 1.0096 1.59996 128 128 128
-2.28135 1.02988 1.58776 128 128 128
-2.2524 1.05029 1.57662 128 128 128
-2.23935 1.07785 1.57662 128 128 128
-2.21304 1.09885 1.5676 128 128 128
-2.19184 1.12206 1.56229 128 128 128
-2.16891 1.14414 1.55593 128 128 128
-2.14949 1.16784 1.55221 128 128 128
-2.13647 1.19495 1.55327 128 128 128
-2.10622 1.21221 1.54213 128 128 128
-2.09118 1.23797 1.54213 128 128 128
-2.06352 1.25605 1.53311 128 128 128
-2.03357 1.27229 1.5225 128 128 128
-2.01281 1.29395 1.51879 128 128 128
-1.98617 1.31155 1.51083 128 128 128
-1.96782 1.3344 1.50924 128 128 128
-1.92345 1.33909 1.48802 128 128 128
-1.90412 1.36062 1.4859 128 128 128
-1.86607 1.36836 1.46945 128 128 128
-1.84372 1.38709 1.46521 128 128 128
-1.82186 1.40598 1.46149 128 128 128
-1.80181 1.42613 1.45937 128 128 128
-1.76903 1.43586 1.44717 128 128 128
-1.73563 1.44446 1.43444 128 128 128
-1.71971 1.4673 1.43603 128 128 128
-1.69455 1.48216 1.43019 128 128 128
-1.6775 1.50397 1.43126 128 128 128
-1.65017 1.51642 1.42383 128 128 128
-1.62588 1.53133 1.41905 128 128 128
-1.60086 1.54528 1.41375 128 128 128
-1.56188 1.54515 1.39624 128 128 128
-1.55412 1.57566 1.40632 128 128 128
-1.51408 1.57325 1.38775 128 128 128
-1.49408 1.59109 1.38722 128 128 128
-1.46412 1.59806 1.37767 128 128 128
-1.44949 1.62159 1.38245 128 128 128
-1.41443 1.62202 1.36813 128 128 128
-1.39112 1.63538 1.36494 128 128 128
-1.36932 1.65038 1.36335 128 128 128
-1.34523 1.66245 1.35964 128 128 128
-1.30791 1.65755 1.34266 128 128 128
-1.2885 1.67481 1.34372 128 128 128
-1.24953 1.6661 1.32462 128 128 128
-1.23249 1.6861 1.32834 128 128 128
-1.20334 1.68936 1.31932 128 128 128
-1.16268 1.67546 1.29757 128 128 128
-1.14821 1.69873 1.30446 128 128 128
-1.12448 1.70845 1.30128 128 128 128
-1.09931 1.7157 1.29651 128 128 128
-1.07593 1.72546 1.29385 128 128 128
-1.05159 1.73346 1.29014 128 128 128
-1.02981 1.74551 1.28961 128 128 128
-1.89843 -2.95441 2.21907 128 128 128
-1.93361 -2.92948 2.218 128 128 128
-2.02289 -2.83217 2.19944 128 128 128
-2.08804 -2.84885 2.2318 128 128 128
-2.11063 -2.80675 2.21907 128 128 128
-2.14543 -2.78131 2.2196 128 128 128
-2.17887 -2.75411 2.21907 128 128 128
-2.2013 -2.71333 2.20792 128 128 128
-2.23389 -2.68547 2.20739 128 128 128
-2.26062 -2.65075 2.20156 128 128 128
-2.29856 -2.6292 2.20686 128 128 128
-2.32443 -2.59384 2.20103 128 128 128
-2.35609 -2.56512 2.20103 128 128 128
-2.37984 -2.52799 2.19413 128 128 128
-2.41715 -2.50531 2.19997 128 128 128
-2.44712 -2.47486 2.19944 128 128 128
-2.46404 -2.43154 2.18776 128 128 128
-2.48697 -2.39464 2.18193 128 128 128
-2.50938 -2.35756 2.17609 128 128 128
-2.54499 -2.33289 2.18193 128 128 128
-2.57406 -2.30205 2.18246 128 128 128
-2.59446 -2.2636 2.17609 128 128 128
-2.62785 -2.23654 2.18087 128 128 128
-2.6401 -2.19166 2.16867 128 128 128
-2.66021 -2.15376 2.16336 128 128 128
-2.69442 -2.12726 2.16973 128 128 128
-2.7042 -2.08162 2.157 128 128 128
-2.72006 -2.04115 2.14957 128 128 128
-2.76747 -2.02414 2.16707 128 128 128
-2.74518 -1.95655 2.131 128 128 128
-2.78569 -1.93433 2.14373 128 128 128
-2.79377 -1.88954 2.13206 128 128 128
-2.81675 -1.85512 2.13206 128 128 128
-2.82147 -1.80896 2.1188 128 128 128
-2.83554 -1.76926 2.11296 128 128 128
-2.84907 -1.72949 2.10713 128 128 128
-2.85987 -1.68836 2.0997 128 128 128
-2.85685 -1.63963 2.08272 128 128 128
-2.90044 -1.61767 2.0997 128 128 128
-2.89548 -1.56862 2.08219 128 128 128
-2.90626 -1.52862 2.07636 128 128 128
-2.92329 -1.49207 2.0753 128 128 128
-2.93379 -1.45232 2.06999 128 128 128
-2.95139 -1.41621 2.06999 128 128 128
-2.95087 -1.37166 2.05779 128 128 128
-2.96671 -1.335 2.05726 128 128 128
-2.98364 -1.29883 2.05779 128 128 128
-2.99076 -1.2585 2.05195 128 128 128
-2.99813 -1.21851 2.04665 128 128 128
-3.00891 -1.18007 2.044 128 128 128
-3.00573 -1.13646 2.03233 128 128 128
-3.04461 -0.901417 2.00845 128 128 128
-3.01875 -0.85359 1.98458 128 128 128
-3.03145 -0.817144 1.98617 128 128 128
-3.02401 -0.775452 1.97503 128 128 128
-3.00612 -0.731656 1.95752 128 128 128
-3.00578 -0.692613 1.95169 128 128 128
-3.01406 -0.655675 1.95169 128 128 128
-3.01523 -0.617276 1.94744 128 128 128
-3.00843 -0.577504 1.93842 128 128 128
-3.01362 -0.540242 1.93736 128 128 128
-2.85233 0.0775247 1.70188 128 128 128
-2.75643 0.450856 1.66637 128 128 128
-2.7159 0.478461 1.64557 128 128 128
-2.68527 0.507076 1.63086 128 128 128
-2.6704 0.538274 1.62579 128 128 128
-2.65938 0.570093 1.62325 128 128 128
-2.64295 0.600569 1.61767 128 128 128
-2.61946 0.629107 1.60804 128 128 128
-2.61488 0.662056 1.61007 128 128 128
-2.58991 0.689632 1.59992 128 128 128
-2.56798 0.717629 1.5918 128 128 128
-2.55072 0.746654 1.58673 128 128 128
-2.53477 0.77587 1.58267 128 128 128
-2.4906 0.795842 1.56137 128 128 128
-2.54602 0.848245 1.60195 128 128 128
-2.43403 0.911625 1.55224 128 128 128
-2.38252 0.92575 1.52688 128 128 128
-2.37498 0.956534 1.52941 128 128 128
-2.33206 0.972615 1.50963 128 128 128
-2.31837 1.00047 1.50862 128 128 128
-2.29648 1.02462 1.50253 128 128 128
-2.2767 1.04946 1.49797 128 128 128
-2.25199 1.07175 1.49036 128 128 128
-2.23248 1.09625 1.4863 128 128 128
-2.21425 1.12122 1.48326 128 128 128
-2.19193 1.14391 1.47768 128 128 128
-2.1709 1.16704 1.47311 128 128 128
-2.14738 1.18856 1.46702 128 128 128
-2.1259 1.21097 1.46246 128 128 128
-2.09899 1.22998 1.45434 128 128 128
-2.07784 1.25207 1.45029 128 128 128
-2.04842 1.26883 1.44065 128 128 128
-2.02979 1.29202 1.43862 128 128 128
-1.9864 1.29885 1.41934 128 128 128
-1.96103 1.31687 1.41275 128 128 128
-1.92559 1.32759 1.39905 128 128 128
-1.90704 1.34962 1.39753 128 128 128
-1.87641 1.36277 1.38739 128 128 128
-1.85885 1.38518 1.38688 128 128 128
-1.83761 1.40474 1.38384 128 128 128
-1.81617 1.42398 1.38079 128 128 128
-1.78113 1.43209 1.36761 128 128 128
-1.7674 1.45713 1.37065 128 128 128
-1.7323 1.46421 1.35746 128 128 128
-1.71356 1.4848 1.35695 128 128 128
-1.69199 1.50285 1.35442 128 128 128
-1.67151 1.52175 1.3529 128 128 128
-1.63636 1.52683 1.33971 128 128 128
-1.61501 1.54441 1.33768 128 128 128
-1.59164 1.55988 1.33413 128 128 128
-1.56267 1.5695 1.32601 128 128 128
-1.5349 1.57989 1.31891 128 128 128
-1.5083 1.59109 1.31282 128 128 128
-1.47464 1.59426 1.30065 128 128 128
-1.48089 1.64108 1.32348 128 128 128
-1.44757 1.64423 1.31181 128 128 128
-1.40544 1.63633 1.29203 128 128 128
-1.37477 1.64088 1.28239 128 128 128
-1.3431 1.64359 1.27174 128 128 128
-1.31533 1.65049 1.26464 128 128 128
-1.28812 1.65765 1.25804 128 128 128
-1.26146 1.66508 1.25196 128 128 128
-1.23787 1.67627 1.24891 128 128 128
-1.21419 1.68713 1.24587 128 128 128
-1.18106 1.68423 1.23319 128 128 128
-1.16176 1.70074 1.23471 128 128 128
-1.13652 1.7084 1.23014 128 128 128
-1.11033 1.71425 1.22456 128 128 128
-1.09379 1.73505 1.22964 128 128 128
-1.0594 1.72701 1.21493 128 128 128
-1.03593 1.73617 1.21239 128 128 128
-1.01066 1.74204 1.20783 128 128 128
-0.987103 1.75055 1.20529 128 128 128
-0.960186 1.75269 1.1987 128 128 128
-0.933768 1.7552 1.19261 128 128 128
-0.906647 1.7558 1.18551 128 128 128
-0.879653 1.75599 1.17841 128 128 128
-0.854665 1.75967 1.17384 128 128 128
-0.831546 1.7669 1.17181 128 128 128
-0.810868 1.77933 1.17333 128 128 128
-0.770982 1.7481 1.14696 128 128 128
-0.746782 1.75108 1.1429 128 128 128
-0.723279 1.75533 1.13986 128 128 128
-0.703584 1.76888 1.1429 128 128 128
-0.682131 1.77819 1.14341 128 128 128
-0.657289 1.77833 1.13833 128 128 128
-0.627096 1.7627 1.12362 128 128 128
-0.60431 1.767 1.1216 128 128 128
-0.579645 1.76527 1.11602 128 128 128
-0.559736 1.77801 1.11957 128 128 128
-0.532941 1.76823 1.10942 128 128 128
-0.511675 1.77629 1.11044 128 128 128
-0.488933 1.77911 1.10841 128 128 128
-0.463605 1.77163 1.10029 128 128 128
-0.444095 1.78639 1.10587 128 128 128
-0.419792 1.78163 1.09978 128 128 128
-0.395303 1.77487 1.09268 128 128 128
-0.368769 1.7568 1.07899 128 128 128
-0.344713 1.7485 1.07138 128 128 128
-0.320763 1.73903 1.06326 128 128 128
-0.30098 1.75219 1.06884 128 128 128
-0.280389 1.76171 1.07239 128 128 128
-0.262067 1.78805 1.08609 128 128 128
-0.237407 1.77062 1.07392 128 128 128
-0.21505 1.76827 1.07087 128 128 128
-0.193334 1.77077 1.07087 128 128 128
-0.169648 1.75242 1.0587 128 128 128
-0.1501 1.77842 1.0729 128 128 128
-0.124736 1.7294 1.04297 128 128 128
-0.104243 1.74371 1.05058 128 128 128
-0.0819862 1.72592 1.03942 128 128 128
-0.0609128 1.73024 1.04145 128 128 128
-0.0394649 1.72052 1.03537 128 128 128
-0.0183067 1.7157 1.03232 128 128 128
0.00286781 1.74424 1.04906 128 128 128
0.0236767 1.70788 1.02776 128 128 128
0.0449302 1.7178 1.03384 128 128 128
0.065583 1.70678 1.02776 128 128 128
0.0859723 1.69552 1.02167 128 128 128
0.106208 1.68574 1.0166 128 128 128
0.126351 1.67744 1.01254 128 128 128
0.147081 1.67748 1.01355 128 128 128
0.168272 1.68155 1.0171 128 128 128
0.188894 1.67936 1.0171 128 128 128
0.209052 1.67349 1.01508 128 128 128
0.228377 1.66227 1.01 128 128 128
0.248758 1.65934 1.01 128 128 128
0.269102 1.65616 1.01 128 128 128
0.289255 1.65188 1.0095 128 128 128
0.310311 1.65244 1.01203 128 128 128
0.328334 1.63753 1.00544 128 128 128
0.348222 1.63254 1.00493 128 128 128
0.368422 1.62898 1.00544 128 128 128
0.388182 1.6235 1.00493 128 128 128
0.407436 1.61611 1.00341 128 128 128
0.425899 1.60599 1.00037 128 128 128
0.446275 1.60313 1.00189 128 128 128
0.467375 1.6025 1.00493 128 128 128
0.486244 1.59417 1.00341 128 128 128
0.505507 1.58726 1.0029 128 128 128
0.524673 1.58012 1.00239 128 128 128
0.543741 1.57275 1.00189 128 128 128
0.562412 1.56434 1.00087 128 128 128
0.580352 1.55409 0.998844 128 128 128
0.599066 1.54605 0.998337 128 128 128
0.617347 1.53699 0.997322 128 128 128
0.636828 1.53089 0.998337 128 128 128
0.656252 1.52454 0.999351 128 128 128
0.675616 1.51794 1.00037 128 128 128
0.695641 1.51266 1.00239 128 128 128
0.71378 1.50324 1.00189 128 128 128
0.730648 1.49127 0.999859 128 128 128
0.749284 1.48296 1.00037 128 128 128
0.765025 1.46908 0.997322 128 128 128
0.779311 1.45275 0.992757 128 128 128
0.797079 1.44308 0.992757 128 128 128
0.814728 1.43319 0.992757 128 128 128
0.834877 1.42754 0.995801 128 128 128
0.85367 1.4194 0.997322 128 128 128
0.869659 1.40662 0.995801 128 128 128
0.889639 1.4002 0.998844 128 128 128
0.906282 1.38846 0.998337 128 128 128
0.922288 1.3758 0.997322 128 128 128
0.940083 1.3658 0.998337 128 128 128
0.59587 0.846236 0.631604 128 128 128
0.585391 0.81031 0.610807 128 128 128
0.587547 0.792714 0.603199 128 128 128
0.626614 0.82373 0.631604 128 128 128
1.01354 1.29475 0.990221 128 128 128
1.03368 1.28757 0.994279 128 128 128
1.05435 1.28077 0.998844 128 128 128
1.06999 1.26773 0.998844 128 128 128
1.09225 1.26231 1.00493 128 128 128
1.11282 1.2546 1.0095 128 128 128
1.12988 1.24276 1.01102 128 128 128
1.14151 1.22503 1.00797 128 128 128
1.2126 1.15095 1.00645 128 128 128
1.21902 1.12897 1.00037 128 128 128
1.24625 1.12603 1.01102 128 128 128
1.12843 0.99531 0.908049 128 128 128
1.27678 1.0979 1.01355 128 128 128
1.2895 1.0816 1.01305 128 128 128
1.30468 1.06733 1.01457 128 128 128
1.79148 0.612618 1.13681 128 128 128
1.81034 0.594325 1.14391 128 128 128
1.82438 0.549718 1.14391 128 128 128
1.8401 0.529891 1.14949 128 128 128
1.89802 0.521306 1.18094 128 128 128
1.89426 0.495381 1.17486 128 128 128
1.91443 0.475599 1.18348 128 128 128
1.92347 0.452852 1.18551 128 128 128
1.9474 0.433291 1.19667 128 128 128
1.97873 0.414785 1.21239 128 128 128
1.98367 0.390471 1.21239 128 128 128
1.98408 0.365328 1.20985 128 128 128
2.00031 0.342966 1.21696 128 128 128
2.00947 0.319193 1.22 128 128 128
2.02092 0.295616 1.22456 128 128 128
2.03037 0.271581 1.22812 128 128 128
2.0558 0.249295 1.2413 128 128 128
2.06813 0.225053 1.24688 128 128 128
2.0716 0.199738 1.24739 128 128 128
2.07733 0.174583 1.24942 128 128 128
2.08103 0.149197 1.25043 128 128 128
2.09045 0.124092 1.255 128 128 128
2.10043 0.0988164 1.26007 128 128 128
2.11612 0.0735116 1.26869 128 128 128
2.1229 0.0476608 1.27225 128 128 128
2.17072 0.0219897 1.30014 128 128 128
2.17169 -0.00465367 1.30065 128 128 128
2.17922 -0.0314309 1.30522 128 128 128
2.19676 -0.0586906 1.31587 128 128 128
2.22257 -0.0867388 1.33159 128 128 128
2.21015 -0.11341 1.325 128 128 128
2.22923 -0.141878 1.33717 128 128 128
2.2299 -0.169425 1.33869 128 128 128
2.23452 -0.197396 1.34275 128 128 128
2.25165 -0.226828 1.35442 128 128 128
2.2487 -0.254442 1.35442 128 128 128
2.25395 -0.283108 1.35949 128 128 128
2.26994 -0.313496 1.37116 128 128 128
2.27444 -0.342628 1.37623 128 128 128
2.27857 -0.371918 1.3813 128 128 128
2.28656 -0.402115 1.38891 128 128 128
2.30346 -0.434337 1.4021 128 128 128
2.30641 -0.464288 1.40717 128 128 128
2.30475 -0.493467 1.40971 128 128 128
2.3212 -0.526905 1.4234 128 128 128
2.34471 -0.562645 1.44166 128 128 128
2.34515 -0.593292 1.44623 128 128 128
2.33769 -0.622026 1.44623 128 128 128
2.34896 -0.656032 1.45789 128 128 128
2.34156 -0.685052 1.4584 128 128 128
2.34863 -0.718553 1.46804 128 128 128
2.3503 -0.750749 1.47463 128 128 128
2.34337 -0.812458 1.48224 128 128 128
1.89618 -2.44355 1.84289 128 128 128
1.86761 -2.4687 1.84441 128 128 128
1.84279 -2.49907 1.84999 128 128 128
1.817 -2.5285 1.85506 128 128 128
1.80655 -2.58029 1.87637 128 128 128
1.76991 -2.59513 1.87129 128 128 128
1.73412 -2.61091 1.86723 128 128 128
1.71876 -2.65807 1.8855 128 128 128
1.68281 -2.67385 1.88194 128 128 128
1.66558 -2.72005 1.8997 128 128 128
1.64396 -2.76029 1.91339 128 128 128
1.62633 -2.80862 1.93267 128 128 128
1.59048 -2.82611 1.93115 128 128 128
1.55774 -2.8492 1.93368 128 128 128
1.53878 -2.89857 1.95397 128 128 128
1.5027 -2.91647 1.95347 128 128 128
1.45911 -2.91926 1.94332 128 128 128
1.42655 -2.94393 1.94789 128 128 128
1.39032 -2.96121 1.94789 128 128 128
1.36703 -3.0071 1.96665 128 128 128
1.33591 -3.03707 1.97528 128 128 128
1.29988 -3.0564 1.97731 128 128 128
1.26881 -3.08808 1.98745 128 128 128
1.2248 -3.08819 1.97781 128 128 128
1.18221 -3.0909 1.9702 128 128 128
1.15013 -3.12136 1.98035 128 128 128
1.11547 -3.1458 1.98694 128 128 128
1.07706 -3.16007 1.98745 128 128 128
1.04487 -3.19354 2.00013 128 128 128
1.01202 -3.22668 2.01281 128 128 128
0.963716 -3.20996 1.99506 128 128 128
0.933242 -3.25303 2.01433 128 128 128
0.844698 -3.24242 1.99455 128 128 128
0.812051 -3.28183 2.0123 128 128 128
0.782281 -3.33687 2.0397 128 128 128
0.740347 -3.34201 2.03716 128 128 128
0.703303 -3.37026 2.04883 128 128 128
0.664526 -3.39217 2.05694 128 128 128
0.625933 -3.41703 2.06709 128 128 128
0.581509 -3.41 2.05846 128 128 128
0.538286 -3.40837 2.05339 128 128 128
0.496911 -3.41813 2.05542 128 128 128
0.456277 -3.43422 2.06151 128 128 128
0.416545 -3.4601 2.07368 128 128 128
0.372408 -3.44953 2.06455 128 128 128
0.332718 -3.48215 2.08129 128 128 128
0.289821 -3.48426 2.08027 128 128 128
0.248238 -3.50474 2.09042 128 128 128
0.205457 -3.51183 2.09296 128 128 128
0.163623 -3.5425 2.10969 128 128 128
0.119801 -3.5339 2.10361 128 128 128
0.0762325 -3.52563 2.09803 128 128 128
0.0329619 -3.5263 2.09803 128 128 128
-0.0102957 -3.52213 2.09549 128 128 128
-0.0534743 -3.51915 2.09397 128 128 128
-0.0966309 -3.51737 2.09346 128 128 128
-0.140282 -3.52797 2.10056 128 128 128
-0.183702 -3.52857 2.10209 128 128 128
-0.226086 -3.51229 2.09397 128 128 128
-0.26897 -3.50667 2.09245 128 128 128
-0.311439 -3.4971 2.0889 128 128 128
-0.356884 -3.51788 2.10361 128 128 128
-0.400618 -3.51837 2.10665 128 128 128
-0.444091 -3.51575 2.10817 128 128 128
-2.154 -2.8139 2.10817 128 128 128
-2.17664 -2.77235 2.09701 128 128 128
-2.2105 -2.74543 2.09701 128 128 128
-2.24347 -2.71744 2.09651 128 128 128
-2.27052 -2.68247 2.09093 128 128 128
-2.3027 -2.65376 2.09042 128 128 128
-2.33509 -2.6253 2.09042 128 128 128
-2.36073 -2.58945 2.08484 128 128 128
-2.39292 -2.56092 2.08535 128 128 128
-2.43014 -2.53757 2.09042 128 128 128
-2.44115 -2.48729 2.07368 128 128 128
-2.47761 -2.46321 2.07875 128 128 128
-2.51446 -2.43922 2.08433 128 128 128
-2.52164 -2.38688 2.06607 128 128 128
-2.55075 -2.35575 2.06607 128 128 128
-2.58074 -2.32543 2.06709 128 128 128
-2.59483 -2.28108 2.05593 128 128 128
-2.63638 -2.26083 2.06658 128 128 128
-2.64937 -2.21616 2.05542 128 128 128
-2.66166 -2.17152 2.04426 128 128 128
-2.70296 -2.15048 2.05542 128 128 128
-2.71278 -2.10449 2.04325 128 128 128
-2.73015 -2.06481 2.03716 128 128 128
-2.74695 -2.02503 2.03107 128 128 128
-2.76319 -1.98514 2.02499 128 128 128
-2.77815 -1.94467 2.01839 128 128 128
-2.79254 -1.90413 2.0118 128 128 128
-2.84947 -1.89208 2.03564 128 128 128
-2.84712 -1.84063 2.01788 128 128 128
-2.82716 -1.77899 1.98846 128 128 128
-2.84877 -1.74416 1.98846 128 128 128
-2.86996 -1.70907 1.98846 128 128 128
-2.88176 -1.66855 1.98238 128 128 128
-2.91179 -1.63855 1.98897 128 128 128
-2.91428 -1.59321 1.97731 128 128 128
-2.93285 -1.55692 1.9768 128 128 128
-2.95096 -1.52042 1.97629 128 128 128
-2.96246 -1.48063 1.97173 128 128 128
-2.97187 -1.44005 1.96615 128 128 128
-2.97839 -1.39835 1.95904 128 128 128
-2.99454 -1.36134 1.95854 128 128 128
-2.99444 -1.31723 1.94789 128 128 128
-3.00959 -1.28005 1.94738 128 128 128
-3.00672 -1.23551 1.93571 128 128 128
-3.02968 -1.20169 1.94078 128 128 128
-3.01681 -1.15399 1.92354 128 128 128
-3.02185 -1.11361 1.91796 128 128 128
-3.03447 -1.07616 1.91745 128 128 128
-3.03276 -1.03386 1.90832 128 128 128
-3.03211 -0.99229 1.90021 128 128 128
-3.03501 -0.952181 1.89463 128 128 128
-3.04564 -0.914619 1.89412 128 128 128
-3.03757 -0.871734 1.88245 128 128 128
-3.02476 -0.828054 1.86825 128 128 128
-3.03302 -0.790441 1.86723 128 128 128
-3.02827 -0.749661 1.85861 128 128 128
-3.08508 -0.723594 1.88752 128 128 128
-3.04537 -0.635942 1.85354 128 128 128
-3.03687 -0.595395 1.8439 128 128 128
-3.03038 -0.555616 1.83579 128 128 128
-3.02168 -0.515798 1.82666 128 128 128
-3.0414 -0.480812 1.83477 128 128 128
-3.02319 -0.440012 1.82057 128 128 128
-3.02238 -0.402093 1.81702 128 128 128
-3.01768 -0.363853 1.81144 128 128 128
-3.01163 -0.325697 1.80535 128 128 128
-2.77996 0.296139 1.57982 128 128 128
-2.81863 0.335266 1.60366 128 128 128
-2.79871 0.367789 1.5949 128 128 128
-2.76545 0.398013 1.57885 128 128 128
-2.76122 0.432054 1.57933 128 128 128
-2.71866 0.459663 1.55841 128 128 128
-2.71798 0.493925 1.56133 128 128 128
-2.69884 0.524747 1.55403 128 128 128
-2.66996 0.553229 1.54139 128 128 128
-2.6393 0.649046 1.53652 128 128 128
-2.62005 0.712936 1.53506 128 128 128
-2.58757 0.738334 1.52144 128 128 128
-2.58167 0.77103 1.52339 128 128 128
-2.54281 0.79356 1.50636 128 128 128
-2.51544 0.819033 1.49614 128 128 128
-2.50023 0.848159 1.49322 128 128 128
-2.46491 0.870066 1.47863 128 128 128
-2.44667 0.897545 1.47425 128 128 128
-2.41668 0.92036 1.46306 128 128 128
-2.38651 0.942576 1.45187 128 128 128
-2.37072 0.97014 1.44944 128 128 128
-2.34979 0.995415 1.44409 128 128 128
-2.32939 1.02067 1.43922 128 128 128
-2.31032 1.0463 1.43533 128 128 128
-2.2886 1.07051 1.42998 128 128 128
-2.27136 1.09661 1.42755 128 128 128
-2.24834 1.11974 1.42171 128 128 128
-2.2251 1.14246 1.41587 128 128 128
-2.19006 1.15866 1.40274 128 128 128
-2.17107 1.18294 1.39982 128 128 128
-2.14572 1.20352 1.39301 128 128 128
-2.127 1.22758 1.39057 128 128 128
-2.0975 1.24512 1.38133 128 128 128
-2.07236 1.26486 1.37501 128 128 128
-2.04706 1.28416 1.36868 128 128 128
-2.01719 1.3002 1.35944 128 128 128
-1.98869 1.31667 1.35117 128 128 128
-1.96443 1.33557 1.34582 128 128 128
-1.92353 1.34259 1.32928 128 128 128
-1.89056 1.3544 1.31809 128 128 128
-1.86605 1.37181 1.31274 128 128 128
-1.85955 1.40249 1.32003 128 128 128
-1.8339 1.4188 1.3142 128 128 128
-1.81224 1.43794 1.31128 128 128 128
-1.78632 1.45346 1.30544 128 128 128
-1.76164 1.46968 1.30057 128 128 128
-1.73417 1.48324 1.29376 128 128 128
-1.70598 1.49578 1.28647 128 128 128
-1.68359 1.5131 1.28355 128 128 128
-1.65911 1.52832 1.27917 128 128 128
-1.63324 1.54197 1.27382 128 128 128
-1.61043 1.55826 1.2709 128 128 128
-1.56387 1.55085 1.24949 128 128 128
-1.53123 1.55623 1.23879 128 128 128
-1.53745 1.60136 1.25922 128 128 128
-1.49497 1.59589 1.24074 128 128 128
-1.46406 1.60187 1.23149 128 128 128
-1.44022 1.61515 1.22809 128 128 128
-1.40709 1.61755 1.2169 128 128 128
-1.38091 1.62738 1.21155 128 128 128
-1.35359 1.63545 1.20522 128 128 128
-1.32903 1.64651 1.20133 128 128 128
-1.3044 1.6572 1.19744 128 128 128
-1.28236 1.67101 1.19598 128 128 128
-1.25862 1.68242 1.19306 128 128 128
-1.23788 1.69774 1.19306 128 128 128
-1.2053 1.69643 1.18187 128 128 128
-1.1829 1.70894 1.18041 128 128 128
-1.15939 1.71971 1.17798 128 128 128
-1.13388 1.72723 1.1736 128 128 128
-1.10695 1.73219 1.16776 128 128 128
-1.0833 1.74193 1.16533 128 128 128
-1.0546 1.74314 1.15755 128 128 128
-1.03091 1.75219 1.15511 128 128 128
-0.995866 1.74121 1.14003 128 128 128
-0.971449 1.74795 1.13663 128 128 128
-0.950757 1.76128 1.1376 128 128 128
-0.923792 1.76276 1.13128 128 128 128
1.18768 -3.15253 1.89895 128 128 128
1.10275 -3.16011 1.88679 128 128 128
0.985941 -3.19939 1.88728 128 128 128
0.767072 -3.3467 1.93495 128 128 128
0.730942 -3.37892 1.94809 128 128 128
-1.74768 -2.94525 1.93009 128 128 128
-1.92773 -2.99206 2.00501 128 128 128
-1.97442 -2.98348 2.01523 128 128 128
-2.0045 -2.94963 2.0089 128 128 128
-2.01707 -2.89113 1.98604 128 128 128
-2.10034 -2.85836 1.9982 128 128 128
-2.14735 -2.84842 2.00939 128 128 128
-2.18214 -2.82186 2.00939 128 128 128
-2.21063 -2.78733 2.00404 128 128 128
-2.25073 -2.76746 2.00939 128 128 128
-2.2711 -2.72352 1.99771 128 128 128
-2.29811 -2.68813 1.99236 128 128 128
-2.33783 -2.66762 1.9982 128 128 128
-2.36981 -2.63808 1.99771 128 128 128
-2.3949 -2.60108 1.99187 128 128 128
-2.47427 -2.49627 1.9802 128 128 128
-2.50533 -2.46633 1.98068 128 128 128
-2.52156 -2.42208 1.96998 128 128 128
-2.56447 -2.40351 1.9802 128 128 128
-2.56541 -2.34591 1.95879 128 128 128
-2.60704 -2.32589 1.96852 128 128 128
-2.62155 -2.28167 1.95831 128 128 128
-2.64203 -2.2431 1.95295 128 128 128
-2.67541 -2.21553 1.95733 128 128 128
-2.68066 -2.16495 1.94177 128 128 128
-2.71045 -2.1346 1.9442 128 128 128
-2.70596 -2.07775 1.92279 128 128 128
-2.74664 -2.05591 1.9335 128 128 128
-2.77166 -2.02205 1.9335 128 128 128
-2.78061 -1.97675 1.92279 128 128 128
-2.79676 -1.937 1.91744 128 128 128
-2.80438 -1.89178 1.90674 128 128 128
-2.82593 -1.85626 1.90577 128 128 128
-2.83966 -1.81579 1.89993 128 128 128
-2.86247 -1.78127 1.90041 128 128 128
-2.88412 -1.74601 1.90041 128 128 128
-2.89705 -1.7056 1.89506 128 128 128
-2.917 -1.66949 1.89458 128 128 128
-2.93803 -1.63399 1.89506 128 128 128
-2.95786 -1.59782 1.89506 128 128 128
-2.96874 -1.55693 1.88971 128 128 128
-2.97984 -1.51642 1.88485 128 128 128
-2.99665 -1.47896 1.88387 128 128 128
-2.99724 -1.43377 1.87317 128 128 128
-3.01382 -1.39652 1.87268 128 128 128
-3.01399 -1.35191 1.86247 128 128 128
-3.01994 -1.3103 1.85614 128 128 128
-3.03418 -1.27246 1.85517 128 128 128
-3.04956 -1.23513 1.85517 128 128 128
-3.02544 -1.18234 1.83182 128 128 128
-3.04708 -1.1479 1.8362 128 128 128
-2.91471 -0.898077 1.72139 128 128 128
-3.06545 -0.903558 1.80263 128 128 128
-3.04183 -0.856151 1.78268 128 128 128
-3.05632 -0.819892 1.78512 128 128 128
-3.05854 -0.780377 1.78074 128 128 128
-3.06873 -0.742992 1.78122 128 128 128
-3.0691 -0.703322 1.77636 128 128 128
-3.06811 -0.66357 1.77101 128 128 128
-3.06233 -0.623076 1.76322 128 128 128
-3.0706 -0.585614 1.76371 128 128 128
-3.05863 -0.544511 1.75301 128 128 128
-3.06336 -0.50665 1.75204 128 128 128
-2.98479 0.0704811 1.58307 128 128 128
-2.79678 0.411959 1.50023 128 128 128
-2.76701 0.442293 1.48727 128 128 128
-2.7439 0.473175 1.47801 128 128 128
-2.73702 0.506649 1.47755 128 128 128
-2.71756 0.537598 1.47061 128 128 128
-2.70295 0.569249 1.46644 128 128 128
-2.69576 0.602376 1.46644 128 128 128
-2.66574 0.630075 1.45441 128 128 128
-2.64663 0.659934 1.44839 128 128 128
-2.62377 0.688515 1.44052 128 128 128
-2.59462 0.714976 1.42941 128 128 128
-2.58139 0.745525 1.4271 128 128 128
-2.54745 0.769672 1.41368 128 128 128
-2.56486 0.809456 1.42849 128 128 128
-2.51181 0.826666 1.40488 128 128 128
-2.4614 0.911755 1.3947 128 128 128
-2.41365 0.927835 1.37434 128 128 128
-2.39879 0.956066 1.37249 128 128 128
-2.36968 0.978299 1.36277 128 128 128
-2.34772 1.00311 1.35721 128 128 128
-2.32794 1.02861 1.35305 128 128 128
-2.31273 1.05599 1.35166 128 128 128
-2.28277 1.07632 1.34194 128 128 128
-2.25983 1.09958 1.33638 128 128 128
-2.22955 1.11885 1.32667 128 128 128
-2.21565 1.14613 1.32667 128 128 128
-2.19048 1.16738 1.32019 128 128 128
-2.1589 1.18476 1.31 128 128 128
-2.13341 1.20504 1.30352 128 128 128
-2.09932 1.21996 1.29195 128 128 128
-2.07583 1.24061 1.28686 128 128 128
-2.04536 1.25668 1.27761 128 128 128
-2.01556 1.27267 1.26881 128 128 128
-1.99608 1.29489 1.2665 128 128 128
-1.96825 1.3114 1.25909 128 128 128
-1.95639 1.33847 1.26187 128 128 128
-1.9333 1.35778 1.2577 128 128 128
-1.91146 1.37776 1.25446 128 128 128
-1.88658 1.3953 1.24937 128 128 128
-1.86509 1.41513 1.2466 128 128 128
-1.84129 1.433 1.24243 128 128 128
-1.82357 1.45548 1.24243 128 128 128
-1.78913 1.46425 1.23132 128 128 128
-1.74459 1.46382 1.21327 128 128 128
-1.72784 1.48628 1.2142 128 128 128
-1.69486 1.49444 1.20402 128 128 128
-1.67443 1.51334 1.20263 128 128 128
-1.64989 1.52834 1.19846 128 128 128
-1.6278 1.54542 1.19615 128 128 128
-1.59476 1.55165 1.18596 128 128 128
-1.55806 1.55354 1.17301 128 128 128
-1.53578 1.56937 1.17069 128 128 128
-1.50786 1.57911 1.16421 128 128 128
-1.4757 1.58385 1.15449 128 128 128
-1.45318 1.59855 1.15218 128 128 128
-1.43991 1.62357 1.15727 128 128 128
-1.39847 1.61627 1.14014 128 128 128
-1.37739 1.63196 1.13922 128 128 128
-1.35669 1.64805 1.13876 128 128 128
-1.32142 1.64588 1.12626 128 128 128
-1.29731 1.65708 1.12302 128 128 128
-1.2817 1.67923 1.12719 128 128 128
-1.2552 1.68699 1.12209 128 128 128
-1.22714 1.69221 1.11561 128 128 128
-1.19761 1.69481 1.10775 128 128 128
-1.17421 1.70573 1.10543 128 128 128
-1.14729 1.71116 1.09988 128 128 128
-1.11992 1.71545 1.09386 128 128 128
-1.09926 1.72981 1.09432 128 128 128
-1.07702 1.74166 1.0934 128 128 128
-1.0451 1.73725 1.08275 128 128 128
-1.02325 1.74918 1.08229 128 128 128
-0.989923 1.74077 1.06979 128 128 128
-0.954822 1.72793 1.05498 128 128 128
-0.935633 1.74343 1.0573 128 128 128
-0.914168 1.75478 1.0573 128 128 128
-0.893361 1.76745 1.05822 128 128 128
-0.857234 1.7488 1.0411 128 128 128
-0.831544 1.75037 1.03601 128 128 128
-0.809265 1.75883 1.03508 128 128 128
-0.786902 1.76701 1.03416 128 128 128
-0.760276 1.76512 1.02768 128 128 128
-0.738896 1.77514 1.02814 128 128 128
-0.71377 1.77584 1.02351 128 128 128
-0.689694 1.77867 1.02027 128 128 128
-0.66473 1.77869 1.01564 128 128 128
-0.642853 1.78672 1.01564 128 128 128
-0.620015 1.79196 1.01425 128 128 128
-0.594924 1.79017 1.00916 128 128 128
-0.567031 1.77874 0.99898 128 128 128
-0.545161 1.78556 0.99898 128 128 128
-0.52099 1.78446 0.994815 128 128 128
-0.498817 1.78986 0.994352 128 128 128
-0.477942 1.80013 0.996666 128 128 128
-0.457535 1.81274 1.00037 128 128 128
-0.435051 1.81736 0.999906 128 128 128
-0.408841 1.80526 0.990649 128 128 128
-0.378965 1.77371 0.971211 128 128 128
-0.3551 1.7678 0.965657 128 128 128
-0.332085 1.76505 0.961954 128 128 128
-0.311005 1.77249 0.963805 128 128 128
-0.289792 1.77967 0.965657 128 128 128
-0.267672 1.78134 0.964731 128 128 128
-0.244603 1.7757 0.960103 128 128 128
-0.221497 1.76801 0.954549 128 128 128
-0.198326 1.75738 0.947606 128 128 128
-0.176572 1.75792 0.94668 128 128 128
-0.153777 1.74582 0.939275 128 128 128
-0.133572 1.76438 0.948069 128 128 128
-0.11094 1.74996 0.939738 128 128 128
-0.0889402 1.74056 0.934184 128 128 128
-0.0670915 1.72823 0.927242 128 128 128
-0.0456654 1.72006 0.922613 128 128 128
-0.0245541 1.7205 0.922613 128 128 128
-0.00343915 1.72067 0.922613 128 128 128
0.0176537 1.71881 0.921687 128 128 128
0.0386781 1.7158 0.920299 128 128 128
0.0596315 1.71254 0.91891 128 128 128
0.0804228 1.70725 0.916596 128 128 128
0.101313 1.70525 0.916134 128 128 128
0.12164 1.69593 0.911968 128 128 128
0.142748 1.69784 0.913819 128 128 128
0.163835 1.6986 0.915208 128 128 128
0.183882 1.68942 0.911505 128 128 128
0.204164 1.68352 0.909654 128 128 128
0.224089 1.67561 0.906877 128 128 128
0.244765 1.67361 0.90734 128 128 128
0.265002 1.66873 0.906414 128 128 128
0.285916 1.66798 0.907803 128 128 128
0.306851 1.66696 0.909191 128 128 128
0.326417 1.65872 0.906877 128 128 128
0.346012 1.65112 0.905026 128 128 128
0.366053 1.64588 0.904563 128 128 128
0.386223 1.64127 0.904563 128 128 128
0.406119 1.63555 0.9041 128 128 128
0.42548 1.62787 0.902711 128 128 128
0.445187 1.62167 0.902249 128 128 128
0.464559 1.61438 0.901323 128 128 128
0.484593 1.60941 0.901786 128 128 128
0.504575 1.60418 0.902249 128 128 128
0.523109 1.59451 0.900397 128 128 128
0.542347 1.58713 0.899934 128 128 128
0.561484 1.57952 0.899472 128 128 128
0.578351 1.56586 0.895769 128 128 128
0.595925 1.55451 0.893455 128 128 128
0.615616 1.54873 0.89438 128 128 128
0.635594 1.54352 0.895769 128 128 128
0.652739 1.53153 0.893455 128 128 128
0.668247 1.51611 0.889289 128 128 128
0.695302 1.52633 0.899934 128 128 128
0.704115 1.49685 0.887901 128 128 128
0.72282 1.48889 0.888364 128 128 128
0.747021 1.49178 0.895306 128 128 128
0.763636 1.47936 0.893455 128 128 128
0.777132 1.46128 0.888364 128 128 128
0.79415 1.45008 0.887438 128 128 128
0.814071 1.44408 0.889752 128 128 128
0.832178 1.43475 0.890215 128 128 128
0.814145 1.36514 0.854114 128 128 128
0.866207 1.41238 0.889289 128 128 128
0.885847 1.40539 0.891603 128 128 128
0.910283 1.40556 0.898546 128 128 128
0.71504 1.07672 0.699065 128 128 128
0.603737 0.88665 0.584283 128 128 128
0.5686 0.813971 0.542628 128 128 128
0.579066 0.80765 0.543091 128 128 128
0.58682 0.797636 0.54124 128 128 128
0.634699 0.840444 0.574101 128 128 128
0.647693 0.836085 0.576415 128 128 128
0.783167 0.98442 0.681015 128 128 128
1.05235 1.28775 0.892529 128 128 128
1.07207 1.27949 0.895769 128 128 128
1.09232 1.2716 0.899472 128 128 128
1.11431 1.26541 0.904563 128 128 128
1.13571 1.2582 0.909191 128 128 128
0.730923 0.792362 0.58706 128 128 128
1.12588 1.1876 0.878644 128 128 128
0.743954 0.767844 0.582432 128 128 128
1.1528 1.15773 0.877256 128 128 128
1.17645 1.15278 0.884198 128 128 128
1.20271 1.14986 0.892992 128 128 128
0.776186 0.726194 0.579192 128 128 128
1.23911 1.12773 0.899009 128 128 128
1.25684 1.11596 0.901786 128 128 128
1.27447 1.10393 0.904563 128 128 128
1.29131 1.09106 0.906877 128 128 128
1.30803 1.07794 0.909191 128 128 128
1.32324 1.06347 0.91058 128 128 128
1.33619 1.04715 0.91058 128 128 128
1.34823 1.03014 0.910117 128 128 128
1.43025 0.959795 0.923539 128 128 128
1.41441 0.9243 0.906414 128 128 128
0.91526 0.522834 0.574564 128 128 128
0.921607 0.511563 0.574564 128 128 128
1.52291 0.817907 0.926779 128 128 128
1.58767 0.802981 0.95316 128 128 128
1.65178 0.784977 0.979079 128 128 128
1.67419 0.770548 0.986484 128 128 128
1.68271 0.749586 0.986021 128 128 128
1.66815 0.718764 0.972599 128 128 128
1.69814 0.707048 0.984633 128 128 128
1.69928 0.683198 0.980467 128 128 128
1.73897 0.674401 0.998055 128 128 128
1.75376 0.655477 1.00176 128 128 128
1.76418 0.634801 1.00315 128 128 128
1.771 0.612816 1.00268 128 128 128
1.658 0.551336 0.936498 128 128 128
1.16429 0.37272 0.662502 128 128 128
1.82883 0.558262 1.02258 128 128 128
1.8398 0.53701 1.0249 128 128 128
1.84626 0.514392 1.0249 128 128 128
1.85329 0.491922 1.02536 128 128 128
1.86004 0.469357 1.02582 128 128 128
1.87084 0.447723 1.0286 128 128 128
1.90041 0.430157 1.04156 128 128 128
1.89948 0.405521 1.03832 128 128 128
1.90344 0.382009 1.03786 128 128 128
1.92367 0.361535 1.04619 128 128 128
1.95155 0.341981 1.05869 128 128 128
1.99498 0.324323 1.07951 128 128 128
1.99881 0.299817 1.07951 128 128 128
2.01552 0.277049 1.08646 128 128 128
2.02669 0.253267 1.09062 128 128 128
2.02435 0.227794 1.08784 128 128 128
2.05523 0.205701 1.10265 128 128 128
2.07261 0.181749 1.11052 128 128 128
2.08618 0.157143 1.11654 128 128 128
2.08972 0.131639 1.11747 128 128 128
2.09206 0.106028 1.11793 128 128 128
2.09321 0.080347 1.11793 128 128 128
2.10467 0.0549097 1.12348 128 128 128
2.10785 0.0291092 1.12487 128 128 128
2.12666 0.003231 1.13459 128 128 128
2.12831 -0.0228893 1.13552 128 128 128
2.14205 -0.0493606 1.14292 128 128 128
2.14128 -0.0756431 1.14292 128 128 128
2.14905 -0.102354 1.14755 128 128 128
2.1609 -0.12954 1.15449 128 128 128
2.18213 -0.157755 1.16653 128 128 128
2.18268 -0.184751 1.16791 128 128 128
2.20848 -0.214317 1.18272 128 128 128
2.20568 -0.241402 1.18272 128 128 128
2.21575 -0.270086 1.18967 128 128 128
2.24125 -0.301208 1.20494 128 128 128
2.24528 -0.329863 1.20911 128 128 128
2.26119 -0.36064 1.21975 128 128 128
2.26271 -0.389426 1.22299 128 128 128
2.27083 -0.419604 1.22993 128 128 128
2.27072 -0.448479 1.23271 128 128 128
2.26158 -0.475574 1.23086 128 128 128
2.26422 -0.505238 1.23549 128 128 128
2.27769 -0.537707 1.24613 128 128 128
2.27607 -0.566912 1.24891 128 128 128
2.2698 -0.595026 1.24937 128 128 128
2.26318 -0.623072 1.24984 128 128 128
2.28176 -0.658465 1.26418 128 128 128
2.28707 -0.690541 1.27159 128 128 128
2.29195 -0.722845 1.27899 128 128 128
2.31152 -0.760385 1.29473 128 128 128
2.32632 -0.797069 1.30815 128 128 128
2.32304 -0.827949 1.31185 128 128 128
2.35175 -0.87093 1.33361 128 128 128
2.21189 -0.849889 1.26141 128 128 128
2.3312 -0.962335 1.34101 128 128 128
2.32573 -0.993667 1.34472 128 128 128
2.32308 -1.02645 1.35027 128 128 128
2.31676 -1.05784 1.35397 128 128 128
2.302 -1.08543 1.35305 128 128 128
2.29408 -1.11632 1.35629 128 128 128
2.29129 -1.14997 1.36277 128 128 128
2.29825 -1.18904 1.37526 128 128 128
2.31865 -1.23597 1.39609 128 128 128
2.3103 -1.26818 1.40026 128 128 128
2.27848 -1.3245 1.40026 128 128 128
2.10144 -2.04655 1.55577 128 128 128
1.94646 -2.2522 1.57845 128 128 128
1.9392 -2.30035 1.59511 128 128 128
1.85726 -2.31609 1.57428 128 128 128
1.84777 -2.36318 1.59048 128 128 128
1.83151 -2.40261 1.60159 128 128 128
1.82035 -2.44983 1.61779 128 128 128
1.78963 -2.47127 1.61732 128 128 128
1.76835 -2.5061 1.62565 128 128 128
1.75851 -2.55832 1.64509 128 128 128
1.74667 -2.6092 1.66361 128 128 128
1.72515 -2.64679 1.67379 128 128 128
1.6788 -2.64603 1.66037 128 128 128
1.65596 -2.68229 1.67009 128 128 128
1.62838 -2.71153 1.67564 128 128 128
1.6097 -2.75659 1.69091 128 128 128
1.57531 -2.77537 1.69045 128 128 128
1.54541 -2.80226 1.69508 128 128 128
1.51508 -2.82883 1.69971 128 128 128
1.48677 -2.8598 1.70711 128 128 128
1.45117 -2.87704 1.70665 128 128 128
1.42974 -2.92332 1.72331 128 128 128
1.39413 -2.94145 1.72378 128 128 128
1.35056 -2.94221 1.71452 128 128 128
1.31328 -2.95613 1.71313 128 128 128
1.29225 -3.00788 1.73349 128 128 128
1.24711 -3.00385 1.72239 128 128 128
1.21311 -3.02634 1.72655 128 128 128
1.18385 -3.06168 1.73812 128 128 128
1.16716 -3.13249 1.7696 128 128 128
1.1331 -3.1591 1.77654 128 128 128
1.1003 -3.19037 1.78626 128 128 128
1.06051 -3.20195 1.78533 128 128 128
1.02488 -3.22655 1.79181 128 128 128
0.986749 -3.24398 1.79459 128 128 128
0.947605 -3.2584 1.79598 128 128 128
0.908964 -3.27491 1.79875 128 128 128
0.867129 -3.27981 1.79551 128 128 128
0.827676 -3.29365 1.79737 128 128 128
0.789239 -3.31218 1.80199 128 128 128
0.751441 -3.33459 1.80894 128 128 128
0.709365 -3.33836 1.80616 128 128 128
0.667999 -3.34507 1.80523 128 128 128
0.629489 -3.36696 1.81264 128 128 128
0.589635 -3.38317 1.81727 128 128 128
0.551162 -3.40941 1.82745 128 128 128
0.50967 -3.41854 1.82884 128 128 128
0.466374 -3.41488 1.82375 128 128 128
0.427134 -3.44234 1.83532 128 128 128
0.386999 -3.46671 1.8455 128 128 128
0.34365 -3.46325 1.84133 128 128 128
0.297874 -3.42923 1.82143 128 128 128
0.255834 -3.43351 1.8219 128 128 128
0.215675 -3.46913 1.83902 128 128 128
0.174421 -3.49897 1.85337 128 128 128
0.132371 -3.52565 1.86633 128 128 128
0.0870516 -3.44193 1.8219 128 128 128
0.0462144 -3.5624 1.88438 128 128 128
0.00250203 -3.54852 1.87697 128 128 128
-0.0405566 -3.51017 1.85707 128 128 128
-0.0846059 -3.5484 1.87744 128 128 128
-0.127615 -3.53292 1.87003 128 128 128
-0.170783 -3.52755 1.86818 128 128 128
-0.215813 -3.5535 1.88299 128 128 128
-0.257893 -3.53025 1.87234 128 128 128
-0.304332 -3.56303 1.89132 128 128 128
-0.347072 -3.54932 1.88623 128 128 128
-0.391976 -3.55713 1.89271 128 128 128
-0.433964 -3.53885 1.88577 128 128 128
-0.479274 -3.54731 1.89317 128 128 128
-2.17299 -2.86011 1.89965 128 128 128
-2.20138 -2.82485 1.8941 128 128 128
-2.22978 -2.79001 1.88901 128 128 128
-2.26385 -2.76244 1.88901 128 128 128
-2.317 -2.7575 1.90474 128 128 128
-2.34429 -2.72148 1.89965 128 128 128
-2.35107 -2.66264 1.87882 128 128 128
-2.39667 -2.64803 1.88901 128 128 128
-2.44287 -2.63335 1.89965 128 128 128
-2.44626 -2.57301 1.8779 128 128 128
-2.44854 -2.513 1.85615 128 128 128
-2.50114 -2.50469 1.87234 128 128 128
-2.51582 -2.45834 1.86077 128 128 128
-2.51882 -2.40162 1.84133 128 128 128
-2.58449 -2.4043 1.86725 128 128 128
-2.59014 -2.35098 1.85059 128 128 128
-2.61282 -2.31374 1.84643 128 128 128
-2.64773 -2.28729 1.85105 128 128 128
-2.65999 -2.2415 1.84041 128 128 128
-2.67839 -2.20139 1.83439 128 128 128
-2.7052 -2.16835 1.83439 128 128 128
-2.72322 -2.12845 1.82884 128 128 128
-2.74137 -2.08897 1.82375 128 128 128
-2.78389 -2.06784 1.83486 128 128 128
-2.77384 -2.00809 1.81218 128 128 128
-2.78957 -1.96778 1.80662 128 128 128
-2.82229 -1.93942 1.81218 128 128 128
-2.83629 -1.89824 1.80616 128 128 128
-2.86011 -1.86377 1.80662 128 128 128
-2.88352 -1.82901 1.80709 128 128 128
-2.89669 -1.78791 1.80153 128 128 128
-2.9108 -1.74768 1.7969 128 128 128
-2.9305 -1.71093 1.79598 128 128 128
-2.95127 -1.67484 1.79598 128 128 128
-2.96461 -1.63466 1.79181 128 128 128
-2.97272 -1.59189 1.78487 128 128 128
-2.97393 -1.54591 1.77422 128 128 128
-3.00218 -1.51408 1.77978 128 128 128
-3.0277 -1.48062 1.78394 128 128 128
-3.0208 -1.43162 1.7696 128 128 128
-3.0196 -1.38596 1.75895 128 128 128
-3.03638 -1.3488 1.75895 128 128 128
-3.04048 -1.3062 1.75201 128 128 128
-3.03826 -1.26134 1.74183 128 128 128
-3.04198 -1.21936 1.73535 128 128 128
-3.04844 -1.17875 1.73072 128 128 128
-3.05271 -1.13755 1.72516 128 128 128
-3.0489 -1.09374 1.71544 128 128 128
-3.06377 -1.05682 1.71637 128 128 128
-3.06725 -1.01609 1.71128 128 128 128
-3.06935 -0.975166 1.70572 128 128 128
-3.07175 -0.934601 1.70063 128 128 128
-3.08129 -0.896343 1.69971 128 128 128
-3.07838 -0.854687 1.6923 128 128 128
-3.0955 -0.81865 1.69601 128 128 128
-3.09241 -0.777378 1.68906 128 128 128
-3.16986 -0.755517 1.72563 128 128 128
-3.0773 -0.654237 1.66685 128 128 128
-3.0677 -0.612975 1.65759 128 128 128
-3.06889 -0.57415 1.65435 128 128 128
-3.06959 -0.535389 1.65111 128 128 128
-3.06543 -0.495996 1.64556 128 128 128
-3.05287 -0.455619 1.63584 128 128 128
-3.05472 -0.417646 1.63399 128 128 128
-3.03146 -0.376671 1.61918 128 128 128
-3.03761 -0.339636 1.6201 128 128 128
-3.02479 -0.300692 1.61131 128 128 128
-2.84168 0.305662 1.4306 128 128 128
-2.82167 0.338594 1.42266 128 128 128
-2.81197 0.372491 1.42001 128 128 128
-2.79653 0.40543 1.41471 128 128 128
-2.78336 0.438465 1.41074 128 128 128
-2.76981 0.471238 1.40677 128 128 128
-2.75058 0.502779 1.40015 128 128 128
-2.7442 0.536494 1.40015 128 128 128
-2.7216 0.566844 1.3922 128 128 128
-2.63703 0.651389 1.36087 128 128 128
-2.64968 0.723934 1.37587 128 128 128
-2.60523 0.746283 1.35778 128 128 128
-2.57954 0.773309 1.34939 128 128 128
-2.55016 0.798748 1.33924 128 128 128
-2.50774 0.819409 1.32247 128 128 128
-2.49155 0.8481 1.31938 128 128 128
-2.47503 0.876518 1.31629 128 128 128
-2.4523 0.902492 1.31011 128 128 128
-2.43601 0.930599 1.30746 128 128 128
-2.41022 0.954812 1.29996 128 128 128
-2.39832 0.984317 1.29996 128 128 128
-2.36954 1.00667 1.29113 128 128 128
-2.35619 1.03531 1.29069 128 128 128
-2.33677 1.06118 1.28716 128 128 128
-2.30569 1.0814 1.27745 128 128 128
-2.28336 1.10532 1.2726 128 128 128
-2.25517 1.12605 1.26465 128 128 128
-2.23639 1.15118 1.26201 128 128 128
-2.1991 1.16635 1.24921 128 128 128
-2.17438 1.18767 1.24347 128 128 128
-2.14321 1.20504 1.2342 128 128 128
-2.12749 1.2308 1.23376 128 128 128
-2.08754 1.24214 1.21964 128 128 128
-2.06065 1.26065 1.21302 128 128 128
-2.03135 1.27725 1.20507 128 128 128
-2.01552 1.30208 1.20507 128 128 128
-1.99191 1.32176 1.20066 128 128 128
-1.97554 1.34611 1.20066 128 128 128
-1.93754 1.35534 1.18786 128 128 128
-1.91784 1.37693 1.18609 128 128 128
-1.89068 1.39291 1.17991 128 128 128
-1.86915 1.41277 1.17727 128 128 128
-1.84955 1.43395 1.17594 128 128 128
-1.81494 1.44314 1.16535 128 128 128
-1.79501 1.46361 1.16403 128 128 128
-1.77278 1.48207 1.16138 128 128 128
-1.74424 1.49496 1.15476 128 128 128
-1.70013 1.49377 1.13799 128 128 128
-1.681 1.51392 1.13754 128 128 128
-1.659 1.53139 1.13534 128 128 128
-1.63617 1.54794 1.13269 128 128 128
-1.58546 1.53731 1.11106 128 128 128
-1.56775 1.55791 1.11195 128 128 128
-1.53216 1.5604 1.10047 128 128 128
-1.51165 1.57779 1.09959 128 128 128
-1.48114 1.58443 1.09164 128 128 128
-1.46159 1.60248 1.09164 128 128 128
-1.43524 1.61293 1.08679 128 128 128
-1.40651 1.62026 1.08017 128 128 128
-1.3842 1.63466 1.0784 128 128 128
-1.35889 1.6453 1.07443 128 128 128
-1.33465 1.65697 1.07134 128 128 128
-1.31145 1.66969 1.06914 128 128 128
-1.27939 1.67071 1.05987 128 128 128
-1.25826 1.68556 1.05943 128 128 128
-1.23061 1.69145 1.05369 128 128 128
-1.20508 1.69984 1.04972 128 128 128
-1.17954 1.70786 1.04574 128 128 128
-1.15247 1.71327 1.04045 128 128 128
-1.12792 1.72203 1.03736 128 128 128
-1.10525 1.73348 1.03603 128 128 128
-1.05879 1.70651 1.01264 128 128 128
-1.03174 1.7094 1.00691 128 128 128
-0.997494 1.69949 0.994106 128 128 128
-0.990367 1.73576 1.00779 128 128 128
-0.951565 1.7164 0.990134 128 128 128
-0.928301 1.724 0.987927 128 128 128
-0.909572 1.74003 0.990575 128 128 128
-0.887744 1.75026 0.990134 128 128 128
-0.861439 1.75137 0.984838 128 128 128
-0.836402 1.75452 0.980866 128 128 128
-0.809157 1.75243 0.974246 128 128 128
-0.78429 1.75486 0.970273 128 128 128
-0.715803 1.77422 0.96586 128 128 128
-0.573471 1.79131 0.949971 128 128 128
-0.550391 1.79478 0.948206 128 128 128
-0.00516842 1.73908 0.880238 128 128 128
0.0371028 1.71895 0.870528 128 128 128
0.0792768 1.71752 0.870528 128 128 128
0.100451 1.71821 0.871411 128 128 128
0.325623 1.66264 0.858171 128 128 128
0.385988 1.6469 0.856847 128 128 128
0.424711 1.63086 0.853757 128 128 128
0.444928 1.62639 0.854199 128 128 128
0.467566 1.63029 0.859053 128 128 128
0.485736 1.61842 0.855964 128 128 128
0.507702 1.61919 0.859495 128 128 128
0.525029 1.60516 0.855523 128 128 128
0.768842 1.49259 0.850668 128 128 128
0.78374 1.4767 0.847137 128 128 128
0.806959 1.47642 0.852433 128 128 128
0.80305 1.42729 0.830366 128 128 128
0.803895 1.38858 0.814036 128 128 128
0.849754 1.42721 0.841841 128 128 128
0.866268 1.41514 0.840958 128 128 128
0.868299 1.38008 0.826835 128 128 128
0.844791 1.30674 0.790203 128 128 128
1.87702 0.47627 0.977335 128 128 128
1.91346 0.411211 0.987486 128 128 128
1.93443 0.366307 0.993224 128 128 128
1.98119 0.350066 1.01441 128 128 128
1.98031 0.299989 1.00999 128 128 128
1.99895 0.277776 1.0175 128 128 128
2.03426 0.2573 1.03339 128 128 128
2.03905 0.232522 1.03427 128 128 128
2.06138 0.209492 1.04398 128 128 128
2.0638 0.18418 1.04398 128 128 128
2.07932 0.159881 1.0506 128 128 128
2.10861 0.110179 1.0634 128 128 128
2.11249 0.0844044 1.06472 128 128 128
2.11696 0.0585762 1.06649 128 128 128
1.74257 -2.52187 1.53255 128 128 128
1.74408 -2.59144 1.56124 128 128 128
1.72839 -2.63741 1.5758 128 128 128
1.70604 -2.6743 1.58507 128 128 128
1.65983 -2.67369 1.57272 128 128 128
1.63757 -2.71152 1.58287 128 128 128
1.61827 -2.75539 1.59655 128 128 128
1.57677 -2.7618 1.58905 128 128 128
1.55975 -2.81154 1.60626 128 128 128
1.5247 -2.82968 1.60582 128 128 128
1.49028 -2.84897 1.60626 128 128 128
1.45724 -2.87104 1.60846 128 128 128
1.42547 -2.89595 1.61244 128 128 128
1.39601 -2.92618 1.6195 128 128 128
1.36113 -2.94554 1.62082 128 128 128
1.32781 -2.96857 1.62435 128 128 128
1.30484 -3.01593 1.64112 128 128 128
1.27847 -3.05737 1.65481 128 128 128
1.23312 -3.0537 1.64466 128 128 128
1.19034 -3.05523 1.63759 128 128 128
1.14802 -3.057 1.63097 128 128 128
1.14066 -3.15439 1.67467 128 128 128
1.10039 -3.16391 1.67246 128 128 128
1.04981 -3.14229 1.65436 128 128 128
1.02707 -3.20449 1.67996 128 128 128
0.996904 -3.24687 1.69541 128 128 128
0.960529 -3.27091 1.70159 128 128 128
0.919833 -3.28073 1.70071 128 128 128
0.8802 -3.29437 1.70203 128 128 128
0.830853 -3.27014 1.68438 128 128 128
0.798665 -3.31323 1.70115 128 128 128
0.756147 -3.31491 1.69718 128 128 128
0.722222 -3.35552 1.71306 128 128 128
0.681525 -3.36677 1.71439 128 128 128
0.640326 -3.37576 1.71483 128 128 128
0.603869 -3.41163 1.72895 128 128 128
0.558018 -3.39488 1.71704 128 128 128
0.513615 -3.38373 1.70821 128 128 128
0.477018 -3.42533 1.72586 128 128 128
0.434608 -3.42825 1.72454 128 128 128
0.394551 -3.45116 1.73337 128 128 128
0.350435 -3.43878 1.72498 128 128 128
0.309335 -3.45533 1.73116 128 128 128
0.267534 -3.46692 1.73513 128 128 128
0.226897 -3.49949 1.7497 128 128 128
-1.73381 -3.17563 1.80442 128 128 128
-1.76825 -3.14629 1.80001 128 128 128
-1.82199 -3.15077 1.81502 128 128 128
-1.78351 -2.99858 1.74087 128 128 128
-1.90435 -2.949 1.75146 128 128 128
-2.01177 -3.03312 1.81502 128 128 128
-2.02562 -2.97408 1.79471 128 128 128
-2.07327 -2.96518 1.80442 128 128 128
-2.00597 -2.79512 1.71704 128 128 128
-2.15668 -2.85463 1.78456 128 128 128
-2.21132 -2.85349 1.80045 128 128 128
-2.23892 -2.817 1.79471 128 128 128
-2.26708 -2.78166 1.78986 128 128 128
-2.30622 -2.75983 1.79383 128 128 128
-2.3405 -2.73201 1.79427 128 128 128
-2.36852 -2.69701 1.7903 128 128 128
-2.37984 -2.64372 1.77441 128 128 128
-2.43278 -2.63675 1.78942 128 128 128
-2.43476 -2.57474 1.76779 128 128 128
-2.47429 -2.55305 1.77353 128 128 128
-2.51302 -2.53013 1.77883 128 128 128
-2.5362 -2.49155 1.77353 128 128 128
-2.56658 -2.46024 1.77353 128 128 128
-2.58151 -2.41446 1.76338 128 128 128
-2.60366 -2.37594 1.75852 128 128 128
-2.62458 -2.33665 1.75323 128 128 128
-2.63748 -2.29072 1.74308 128 128 128
-2.66539 -2.25819 1.74308 128 128 128
-2.6929 -2.22531 1.74308 128 128 128
-2.70115 -2.17688 1.73116 128 128 128
-2.72766 -2.14357 1.73116 128 128 128
-2.77085 -2.12304 1.74175 128 128 128
-2.77297 -2.07115 1.72719 128 128 128
-2.79818 -2.03697 1.72719 128 128 128
-2.82297 -2.00248 1.72719 128 128 128
-2.84659 -1.96717 1.72675 128 128 128
-2.85414 -1.92106 1.71704 128 128 128
-2.87825 -1.88638 1.71748 128 128 128
-2.90119 -1.85092 1.71748 128 128 128
-2.91606 -1.81044 1.71306 128 128 128
-2.93575 -1.77313 1.71174 128 128 128
-2.95884 -1.73788 1.71262 128 128 128
-2.97916 -1.70099 1.71218 128 128 128
-2.98098 -1.65385 1.70159 128 128 128
-2.99316 -1.61289 1.69718 128 128 128
-3.00239 -1.57062 1.69144 128 128 128
-3.00384 -1.52472 1.68173 128 128 128
-3.02957 -1.49131 1.6857 128 128 128
-3.03145 -1.44629 1.67687 128 128 128
-3.04897 -1.40898 1.67687 128 128 128
-3.05702 -1.36742 1.67202 128 128 128
-3.06369 -1.32552 1.66672 128 128 128
-3.06979 -1.28367 1.66143 128 128 128
-3.06784 -1.23884 1.65216 128 128 128
-3.07027 -1.19621 1.64554 128 128 128
-3.13059 -0.919258 1.62965 128 128 128
-3.10276 -0.869855 1.60979 128 128 128
-3.10887 -0.830553 1.60758 128 128 128
-3.11796 -0.792119 1.60714 128 128 128
-3.11523 -0.750848 1.60096 128 128 128
-3.11634 -0.710764 1.59699 128 128 128
-3.10553 -0.668306 1.58728 128 128 128
-3.10382 -0.628183 1.58242 128 128 128
-3.10336 -0.588539 1.57845 128 128 128
-3.08031 -0.545082 1.56345 128 128 128
-3.07791 -0.505782 1.55903 128 128 128
-3.06792 -0.465542 1.55109 128 128 128
-2.94034 0.0607178 1.37672 128 128 128
-2.82087 0.407077 1.33498 128 128 128
-2.8031 0.439673 1.32914 128 128 128
-2.79839 0.474191 1.32956 128 128 128
-2.76376 0.503243 1.3162 128 128 128
-2.744 0.534495 1.30994 128 128 128
-2.72656 0.565895 1.30493 128 128 128
-2.70522 0.596161 1.29825 128 128 128
-2.6915 0.627858 1.29533 128 128 128
-2.65537 0.653844 1.28197 128 128 128
-2.64011 0.684544 1.27863 128 128 128
-2.61924 0.713528 1.27279 128 128 128
-2.59632 0.741601 1.26611 128 128 128
-2.56178 0.765818 1.25401 128 128 128
-2.58861 0.808635 1.27154 128 128 128
-2.52667 0.823364 1.24649 128 128 128
-2.47419 0.908257 1.23648 128 128 128
-2.45607 0.935951 1.23314 128 128 128
-2.43596 0.962667 1.22896 128 128 128
-2.41135 0.987302 1.2227 128 128 128
-2.38066 1.00899 1.21352 128 128 128
-2.36145 1.0352 1.21018 128 128 128
-2.3221 1.05205 1.19682 128 128 128
-2.30737 1.0797 1.19599 128 128 128
-2.29068 1.10634 1.19432 128 128 128
-2.25255 1.12217 1.1818 128 128 128
-2.23214 1.1464 1.17846 128 128 128
-2.20025 1.16432 1.16928 128 128 128
-2.16667 1.18077 1.15926 128 128 128
-2.13697 1.19879 1.15133 128 128 128
-2.11817 1.22265 1.14924 128 128 128
-2.0913 1.24157 1.14298 128 128 128
-2.07358 1.26572 1.14173 128 128 128
-2.05558 1.28961 1.14048 128 128 128
-2.02663 1.30635 1.13338 128 128 128
-2.00288 1.32609 1.12921 128 128 128
-1.97745 1.34442 1.1242 128 128 128
-1.95783 1.3665 1.12253 128 128 128
-1.93722 1.38777 1.12044 128 128 128
-1.90908 1.40335 1.11418 128 128 128
-1.88302 1.42009 1.10917 128 128 128
-1.84176 1.4247 1.0954 128 128 128
-1.83125 1.45285 1.09957 128 128 128
-1.79146 1.4574 1.08663 128 128 128
-1.79922 1.50085 1.10208 128 128 128
-1.72344 1.4737 1.06743 128 128 128
-1.70659 1.49593 1.06827 128 128 128
-1.67191 1.50216 1.05825 128 128 128
-1.65001 1.51948 1.05616 128 128 128
-1.62134 1.53024 1.0499 128 128 128
-1.59397 1.54179 1.04448 128 128 128
-1.56849 1.55482 1.0403 128 128 128
-1.54865 1.5733 1.03989 128 128 128
-1.51792 1.58037 1.03237 128 128 128
-1.50151 1.6022 1.03446 128 128 128
-1.47684 1.61513 1.03112 128 128 128
-1.44363 1.61819 1.02194 128 128 128
-1.43617 1.6502 1.0307 128 128 128
-1.39234 1.63995 1.01401 128 128 128
-1.36748 1.6513 1.01067 128 128 128
-1.34541 1.66583 1.00942 128 128 128
-1.32262 1.67936 1.00775 128 128 128
-1.29805 1.69041 1.00482 128 128 128
-1.26417 1.68872 0.994808 128 128 128
-1.23855 1.69749 0.991051 128 128 128
-1.21237 1.70515 0.986877 128 128 128
-1.17949 1.70269 0.977277 128 128 128
-1.15242 1.70799 0.972268 128 128 128
-1.12541 1.71287 0.96726 128 128 128
-1.10235 1.72349 0.96559 128 128 128
-1.07825 1.73225 0.963086 128 128 128
-1.04143 1.71967 0.949312 128 128 128
-1.01703 1.72683 0.94639 128 128 128
-0.989915 1.72892 0.940964 128 128 128
-0.958061 1.72185 0.930947 128 128 128
-0.944175 1.74709 0.938042 128 128 128
-0.920562 1.75452 0.935955 128 128 128
-0.894446 1.75676 0.931364 128 128 128
-0.870016 1.7619 0.928442 128 128 128
-0.845596 1.7667 0.925521 128 128 128
-0.820808 1.77034 0.922181 128 128 128
-0.800132 1.78277 0.923434 128 128 128
-0.772794 1.77994 0.917173 128 128 128
-0.751942 1.7918 0.918425 128 128 128
-0.724126 1.78657 0.911329 128 128 128
-0.703793 1.79955 0.913416 128 128 128
-0.676239 1.79359 0.906321 128 128 128
-0.651712 1.79491 0.902981 128 128 128
-0.626362 1.79333 0.89839 128 128 128
-0.600862 1.79053 0.893381 128 128 128
-0.573589 1.78133 0.885451 128 128 128
-0.549293 1.78041 0.881695 128 128 128
-0.522554 1.77045 0.873764 128 128 128
-0.497854 1.76622 0.868755 128 128 128
-0.479882 1.78625 0.875434 128 128 128
-0.457034 1.78848 0.873764 128 128 128
-0.427628 1.76303 0.859155 128 128 128
-0.406564 1.7708 0.860408 128 128 128
-0.381376 1.75966 0.852894 128 128 128
-0.356703 1.74907 0.845799 128 128 128
-0.332347 1.73813 0.838703 128 128 128
-0.310993 1.74208 0.838703 128 128 128
-0.289591 1.74576 0.838703 128 128 128
-0.26774 1.74649 0.837451 128 128 128
-0.245914 1.74694 0.836199 128 128 128
-0.223777 1.74442 0.833695 128 128 128
-0.201944 1.74342 0.832025 128 128 128
-0.179804 1.73854 0.828686 128 128 128
-0.159178 1.74876 0.832442 128 128 128
-0.135841 1.72612 0.821173 128 128 128
-0.115517 1.74126 0.827434 128 128 128
-0.0944218 1.74799 0.829938 128 128 128
-0.0720366 1.72541 0.819086 128 128 128
-0.0508332 1.72525 0.818668 128 128 128
-0.0296579 1.72575 0.818668 128 128 128
-0.00849147 1.73143 0.821173 128 128 128
0.012819 1.73777 0.824094 128 128 128
0.0341431 1.73748 0.824094 128 128 128
0.0554308 1.73602 0.823677 128 128 128
0.0766032 1.73249 0.822425 128 128 128
0.0975367 1.72597 0.819921 128 128 128
0.118581 1.72283 0.819086 128 128 128
0.139032 1.7131 0.815329 128 128 128
0.159436 1.70493 0.812408 128 128 128
0.17966 1.69652 0.809486 128 128 128
0.200029 1.69058 0.807816 128 128 128
0.22004 1.6826 0.805312 128 128 128
0.24054 1.67887 0.804895 128 128 128
0.260698 1.6731 0.803642 128 128 128
0.281669 1.67246 0.804895 128 128 128
0.302992 1.67335 0.806981 128 128 128
0.321053 1.65702 0.801138 128 128 128
0.340247 1.64762 0.798634 128 128 128
0.361031 1.64598 0.799886 128 128 128
0.379955 1.63612 0.797381 128 128 128
0.402409 1.64103 0.801973 128 128 128
0.422058 1.63421 0.801138 128 128 128
0.44136 1.62628 0.799886 128 128 128
0.46028 1.61725 0.798216 128 128 128
0.479568 1.60974 0.797381 128 128 128
0.498197 1.60026 0.795712 128 128 128
0.51808 1.59489 0.796129 128 128 128
0.537613 1.58842 0.796129 128 128 128
0.557065 1.5817 0.796129 128 128 128
0.576433 1.57474 0.796129 128 128 128
0.595714 1.56755 0.796129 128 128 128
0.608869 1.54492 0.788616 128 128 128
0.628127 1.53817 0.789034 128 128 128
0.647312 1.53119 0.789451 128 128 128
0.664588 1.5198 0.787781 128 128 128
0.682812 1.5107 0.787364 128 128 128
0.688158 1.47425 0.773173 128 128 128
0.698266 1.44934 0.764825 128 128 128
0.718438 1.44554 0.767329 128 128 128
0.732791 1.43015 0.76399 128 128 128
0.744316 1.40982 0.758147 128 128 128
0.773339 1.4221 0.769416 128 128 128
0.794745 1.41963 0.773173 128 128 128
0.830788 1.44201 0.790286 128 128 128
0.544138 0.921199 0.517312 128 128 128
0.532136 0.876486 0.49686 128 128 128
0.555928 0.890651 0.508129 128 128 128
0.550524 0.858585 0.494355 128 128 128
0.533353 0.81014 0.471399 128 128 128
0.541718 0.801282 0.470147 128 128 128
0.556725 0.802016 0.474321 128 128 128
0.567055 0.795862 0.474738 128 128 128
0.590807 0.807855 0.48559 128 128 128
0.600676 0.800544 0.48559 128 128 128
0.610455 0.793113 0.48559 128 128 128
0.62184 0.787694 0.486842 128 128 128
0.628585 0.776485 0.484755 128 128 128
0.637483 0.768016 0.484338 128 128 128
0.64686 0.760135 0.484338 128 128 128
0.656139 0.75214 0.484338 128 128 128
0.664711 0.743357 0.483921 128 128 128
0.698457 0.761836 0.500616 128 128 128
0.750252 0.798065 0.528999 128 128 128
0.765054 0.794014 0.532338 128 128 128
0.77474 0.784566 0.532338 128 128 128
0.780416 0.771182 0.529834 128 128 128
0.786538 0.758406 0.527747 128 128 128
1.09803 1.03085 0.71766 128 128 128
1.2369 1.13234 0.796129 128 128 128
1.12367 1.00419 0.718077 128 128 128
1.00682 0.878424 0.639608 128 128 128
1.01753 0.866003 0.639608 128 128 128
1.28746 1.06739 0.794042 128 128 128
0.868533 0.704075 0.539434 128 128 128
1.19958 0.946299 0.727677 128 128 128
1.33526 1.02645 0.799468 128 128 128
0.894588 0.672172 0.539851 128 128 128
1.36814 0.999252 0.80406 128 128 128
1.06582 0.759756 0.627086 128 128 128
1.41095 0.978274 0.814494 128 128 128
1.42209 0.960379 0.814077 128 128 128
1.43073 0.940865 0.812408 128 128 128
0.93778 0.602101 0.537764 128 128 128
0.944325 0.590069 0.537347 128 128 128
0.952274 0.578905 0.537764 128 128 128
0.913835 0.540524 0.513555 128 128 128
0.910134 0.523422 0.508129 128 128 128
0.923644 0.516175 0.511886 128 128 128
1.52058 0.822389 0.819921 128 128 128
1.53298 0.804929 0.821173 128 128 128
1.53707 0.783183 0.818251 128 128 128
1.48131 0.732215 0.78486 128 128 128
1.57716 0.755379 0.829103 128 128 128
1.59126 0.738251 0.831608 128 128 128
1.60684 0.721631 0.834947 128 128 128
1.63226 0.70906 0.843294 128 128 128
1.63664 0.687227 0.841208 128 128 128
1.65085 0.669467 0.844129 128 128 128
1.66318 0.650804 0.846216 128 128 128
1.68806 0.636719 0.854564 128 128 128
1.68549 0.612257 0.849555 128 128 128
1.70146 0.594505 0.853729 128 128 128
1.68276 0.564966 0.841208 128 128 128
1.78998 0.576355 0.889625 128 128 128
1.80648 0.557271 0.894216 128 128 128
1.80533 0.532763 0.89046 128 128 128
1.80998 0.51008 0.889625 128 128 128
1.84948 0.496713 0.905486 128 128 128
1.85543 0.47398 0.905486 128 128 128
1.85934 0.450751 0.904651 128 128 128
1.88511 0.432529 0.914251 128 128 128
1.89561 0.410506 0.916755 128 128 128
1.90318 0.387751 0.918008 128 128 128
1.90869 0.364536 0.918425 128 128 128
1.92018 0.342346 0.921764 128 128 128
1.935 0.320516 0.926773 128 128 128
1.94597 0.29783 0.930112 128 128 128
1.95938 0.275298 0.934703 128 128 128
1.96802 0.251913 0.937208 128 128 128
1.97458 0.228153 0.938877 128 128 128
1.98356 0.204543 0.941799 128 128 128
1.99044 0.180588 0.943886 128 128 128
2.00248 0.156908 0.948477 128 128 128
2.02058 0.133366 0.95599 128 128 128
2.04112 0.109544 0.964755 128 128 128
2.05048 0.0848087 0.968512 128 128 128
2.07408 0.0602531 0.978947 128 128 128
2.07284 0.0347697 0.978112 128 128 128
2.11582 0.00943491 0.997729 128 128 128
2.12487 -0.0166194 1.0019 128 128 128
2.11633 -0.0425129 0.998147 128 128 128
2.13744 -0.0692295 1.00816 128 128 128
2.14097 -0.0956658 1.01025 128 128 128
2.14054 -0.121985 1.01067 128 128 128
2.15792 -0.149601 1.01943 128 128 128
2.16679 -0.176979 1.02444 128 128 128
2.16717 -0.203816 1.02569 128 128 128
2.16721 -0.230689 1.02695 128 128 128
2.18046 -0.259229 1.03446 128 128 128
2.18161 -0.286568 1.03655 128 128 128
2.19502 -0.31581 1.04448 128 128 128
2.20175 -0.344428 1.04949 128 128 128
2.22154 -0.375556 1.06076 128 128 128
2.22749 -0.404759 1.06576 128 128 128
2.24108 -0.435741 1.07453 128 128 128
2.25691 -0.467674 1.08455 128 128 128
2.2581 -0.49691 1.08789 128 128 128
2.25803 -0.526037 1.09081 128 128 128
2.26904 -0.55808 1.09916 128 128 128
2.27433 -0.589095 1.105 128 128 128
2.28358 -0.621524 1.11293 128 128 128
2.28277 -0.651508 1.11627 128 128 128
2.26938 -0.677902 1.11376 128 128 128
2.27043 -0.708695 1.11836 128 128 128
2.25983 -0.735938 1.11752 128 128 128
2.26181 -0.76743 1.12295 128 128 128
2.26336 -0.79908 1.12837 128 128 128
2.27129 -0.8334 1.13714 128 128 128
2.26853 -0.864134 1.14089 128 128 128
2.22819 -0.88017 1.12629 128 128 128
2.26596 -0.927497 1.15049 128 128 128
2.26695 -0.960574 1.15676 128 128 128
2.30739 -1.01139 1.18305 128 128 128
2.30308 -1.0434 1.18722 128 128 128
2.28105 -1.06733 1.18263 128 128 128
2.28986 -1.10595 1.1939 128 128 128
2.29318 -1.1425 1.20267 128 128 128
2.28303 -1.17264 1.20476 128 128 128
2.27649 -1.20483 1.20893 128 128 128
2.28864 -1.24751 1.22312 128 128 128
2.2787 -1.27862 1.22604 128 128 128
2.26284 -1.30649 1.22604 128 128 128
2.25522 -1.33928 1.23063 128 128 128
2.24481 -1.37065 1.23397 128 128 128
2.22321 -1.39519 1.23147 128 128 128
2.21737 -1.42977 1.23773 128 128 128
2.23068 -1.47749 1.25484 128 128 128
2.20788 -1.50168 1.25234 128 128 128
2.20343 -1.53857 1.26027 128 128 128
2.18881 -1.56868 1.26277 128 128 128
2.18987 -1.61053 1.27446 128 128 128
2.20182 -1.66141 1.29282 128 128 128
2.1382 -1.65487 1.26778 128 128 128
2.16749 -1.72061 1.297 128 128 128
2.1631 -1.76087 1.30702 128 128 128
2.15666 -1.80012 1.3162 128 128 128
2.15372 -1.84302 1.32789 128 128 128
2.1364 -1.87411 1.33122 128 128 128
2.11526 -1.90201 1.33248 128 128 128
2.09643 -1.93215 1.3354 128 128 128
2.0752 -1.96023 1.33707 128 128 128
2.06012 -1.99441 1.34291 128 128 128
2.06383 -2.04774 1.36128 128 128 128
2.04427 -2.07875 1.36503 128 128 128
2.01421 -2.09909 1.36211 128 128 128
1.98086 -2.11568 1.3571 128 128 128
1.94435 -2.1284 1.35001 128 128 128
1.95973 -2.19897 1.37881 128 128 128
1.95819 -2.25238 1.39676 128 128 128
1.93686 -2.28388 1.40135 128 128 128
1.90117 -2.29836 1.39592 128 128 128
1.82064 -2.31429 1.37839 128 128 128
1.77941 -2.31986 1.36879 128 128 128
1.8263 -2.44279 1.42681 128 128 128
1.79512 -2.46355 1.42597 128 128 128
1.7679 -2.48984 1.42848 128 128 128
1.74289 -2.51958 1.43307 128 128 128
1.70677 -2.53323 1.42889 128 128 128
1.6855 -2.5692 1.43724 128 128 128
1.66263 -2.60348 1.44476 128 128 128
1.63965 -2.63837 1.45269 128 128 128
1.62967 -2.69565 1.47272 128 128 128
1.62955 -2.77189 1.50277 128 128 128
1.55448 -2.71983 1.46479 128 128 128
1.5289 -2.75301 1.4723 128 128 128
1.50318 -2.78677 1.48023 128 128 128
1.47392 -2.81468 1.48524 128 128 128
1.4561 -2.86579 1.50236 128 128 128
1.43644 -2.91525 1.51863 128 128 128
1.39978 -2.93102 1.5178 128 128 128
1.37017 -2.96201 1.52489 128 128 128
1.33817 -2.98855 1.5299 128 128 128
1.29275 -2.98473 1.51989 128 128 128
1.25498 -2.99785 1.51863 128 128 128
1.21843 -3.01387 1.51905 128 128 128
1.19057 -3.05231 1.53074 128 128 128
1.16004 -3.08541 1.53992 128 128 128
1.12147 -3.09771 1.53909 128 128 128
1.08575 -3.1181 1.54242 128 128 128
1.05286 -3.14757 1.55036 128 128 128
1.01997 -3.17843 1.55912 128 128 128
0.979557 -3.18637 1.55703 128 128 128
0.949315 -3.22867 1.57164 128 128 128
0.919892 -3.27684 1.58917 128 128 128
0.874234 -3.26768 1.57957 128 128 128
0.830948 -3.26583 1.57373 128 128 128
0.795687 -3.29611 1.58333 128 128 128
0.755984 -3.30917 1.585 128 128 128
0.726742 -3.37151 1.61004 128 128 128
0.67993 -3.35345 1.59752 128 128 128
0.643951 -3.38922 1.61046 128 128 128
0.602784 -3.39955 1.61171 128 128 128
0.562047 -3.41297 1.61463 128 128 128
0.520664 -3.42321 1.6163 128 128 128
0.475629 -3.40773 1.60629 128 128 128
0.440015 -3.4629 1.62924 128 128 128
0.395541 -3.45089 1.62131 128 128 128
0.353073 -3.45458 1.62089 128 128 128
0.311856 -3.47223 1.62716 128 128 128
0.269983 -3.48576 1.63175 128 128 128
0.225448 -3.4616 1.61922 128 128 128
0.185106 -3.50585 1.63843 128 128 128
0.14157 -3.49515 1.63258 128 128 128
0.0987911 -3.50117 1.63467 128 128 128
0.0555246 -3.48212 1.62549 128 128 128
0.012883 -3.52071 1.64302 128 128 128
-0.0303046 -3.51879 1.64218 128 128 128
-0.0735836 -3.52269 1.64427 128 128 128
-0.116869 -3.52334 1.6451 128 128 128
-0.160733 -3.53526 1.65136 128 128 128
-0.202713 -3.50943 1.64051 128 128 128
-0.246151 -3.51212 1.64302 128 128 128
-0.289308 -3.50974 1.64343 128 128 128
-0.330619 -3.48783 1.63509 128 128 128
-0.380153 -3.54585 1.66389 128 128 128
-0.420803 -3.51746 1.65303 128 128 128
-0.464056 -3.51293 1.65345 128 128 128
-0.512507 -3.54384 1.67056 128 128 128
-0.561216 -3.5705 1.68601 128 128 128
-0.596106 -3.51139 1.6618 128 128 128
-2.05287 -3.01551 1.70145 128 128 128
-2.07147 -2.96404 1.68684 128 128 128
-2.09496 -2.92069 1.67682 128 128 128
-2.21497 -2.85955 1.68726 128 128 128
-2.2431 -2.82362 1.68225 128 128 128
-2.27816 -2.79659 1.68267 128 128 128
-2.33156 -2.79141 1.69644 128 128 128
-2.33249 -2.72398 1.67307 128 128 128
-2.36514 -2.69446 1.67265 128 128 128
-2.39134 -2.65782 1.66806 128 128 128
-2.41637 -2.62026 1.66305 128 128 128
-2.44834 -2.59041 1.66305 128 128 128
-2.46412 -2.54387 1.65262 128 128 128
-2.51694 -2.53534 1.66681 128 128 128
-2.54138 -2.4979 1.66263 128 128 128
-2.5482 -2.44391 1.64761 128 128 128
-2.578 -2.41246 1.64761 128 128 128
-2.60002 -2.37391 1.64302 128 128 128
-2.62828 -2.34122 1.6426 128 128 128
-2.65819 -2.30998 1.64343 128 128 128
-2.7016 -2.2901 1.65262 128 128 128
-2.71337 -2.24347 1.64302 128 128 128
-2.7407 -2.21001 1.64302 128 128 128
-2.75975 -2.17004 1.63843 128 128 128
-2.77895 -2.13049 1.63425 128 128 128
-2.79469 -2.08862 1.62841 128 128 128
-2.8179 -2.05257 1.62716 128 128 128
-2.84288 -2.01783 1.62716 128 128 128
-2.85172 -1.97196 1.61839 128 128 128
-2.88551 -1.9434 1.62382 128 128 128
-2.90077 -1.90238 1.61922 128 128 128
-2.9078 -1.85639 1.61046 128 128 128
-2.92882 -1.81961 1.60963 128 128 128
-2.95015 -1.78306 1.60921 128 128 128
-2.97259 -1.74718 1.60963 128 128 128
-2.98433 -1.70518 1.60462 128 128 128
-2.98834 -1.65918 1.59585 128 128 128
-3.02208 -1.6297 1.60295 128 128 128
-3.01849 -1.5803 1.59084 128 128 128
-3.02549 -1.53698 1.58458 128 128 128
-3.04168 -1.49853 1.58333 128 128 128
-3.04261 -1.45289 1.57456 128 128 128
-3.04866 -1.41012 1.56872 128 128 128
-3.05494 -1.36779 1.56329 128 128 128
-3.0448 -1.31868 1.54994 128 128 128
-3.05908 -1.28051 1.5491 128 128 128
-3.06529 -1.23914 1.54451 128 128 128
-3.08026 -1.20143 1.54451 128 128 128
-3.08456 -1.15972 1.5395 128 128 128
-3.08916 -1.11839 1.53491 128 128 128
-3.10351 -1.08069 1.53533 128 128 128
-3.10619 -1.03908 1.53032 128 128 128
-3.10919 -0.997842 1.52573 128 128 128
-3.11338 -0.957219 1.52197 128 128 128
-3.12489 -0.918941 1.52197 128 128 128
-3.13243 -0.879547 1.5203 128 128 128
-3.11928 -0.834729 1.50903 128 128 128
-3.14778 -0.80107 1.5178 128 128 128
-3.17593 -0.766837 1.52656 128 128 128
-3.14137 -0.677431 1.50194 128 128 128
-3.08976 -0.626806 1.47397 128 128 128
-3.09097 -0.587663 1.47105 128 128 128
-3.08989 -0.54827 1.46729 128 128 128
-3.08025 -0.507673 1.45978 128 128 128
-3.07277 -0.467802 1.45352 128 128 128
-3.06567 -0.428316 1.44768 128 128 128
-3.05898 -0.389189 1.44225 128 128 128
-3.06262 -0.351519 1.44183 128 128 128
-3.06218 -0.313453 1.43975 128 128 128
-3.06942 -0.276172 1.44142 128 128 128
-2.90854 0.279299 1.28491 128 128 128
-2.88024 0.312309 1.27423 128 128 128
-2.85886 0.345545 1.26671 128 128 128
-2.84712 0.379634 1.26355 128 128 128
-2.83589 0.413619 1.26078 128 128 128
-2.81699 0.44624 1.25485 128 128 128
-2.80677 0.480003 1.25287 128 128 128
-2.78441 0.511432 1.24575 128 128 128
-2.76531 0.543091 1.24021 128 128 128
-2.74675 0.574546 1.23507 128 128 128
-2.65419 0.658053 1.20422 128 128 128
-2.61953 0.718145 1.19631 128 128 128
-2.62199 0.753528 1.20145 128 128 128
-2.59848 0.781423 1.19512 128 128 128
-2.55977 0.804182 1.18207 128 128 128
-2.54273 0.83325 1.1789 128 128 128
-2.52448 0.861724 1.17534 128 128 128
-2.50506 0.889569 1.17139 128 128 128
-2.48448 0.916751 1.16704 128 128 128
-2.45846 0.941594 1.16031 128 128 128
-2.44074 0.969322 1.15754 128 128 128
-2.41847 0.995013 1.1528 128 128 128
-2.39509 1.01994 1.14765 128 128 128
-2.36978 1.04371 1.14172 128 128 128
-2.34843 1.06891 1.13777 128 128 128
-2.32932 1.09492 1.135 128 128 128
-2.29256 1.11221 1.12392 128 128 128
-2.26888 1.13533 1.11918 128 128 128
-2.23355 1.15216 1.10889 128 128 128
-2.20951 1.17431 1.10414 128 128 128
-2.17881 1.19253 1.09623 128 128 128
-2.15361 1.21332 1.09109 128 128 128
-2.12902 1.23413 1.08634 128 128 128
-2.10661 1.25594 1.08278 128 128 128
-2.07772 1.27354 1.07606 128 128 128
-2.05883 1.29699 1.07448 128 128 128
-2.03813 1.31916 1.07211 128 128 128
-1.99884 1.32884 1.06024 128 128 128
-1.98845 1.3574 1.0634 128 128 128
-1.96788 1.37907 1.06143 128 128 128
-1.9426 1.39722 1.05707 128 128 128
-1.90683 1.40733 1.04719 128 128 128
-1.8711 1.41677 1.0373 128 128 128
-1.81511 1.40979 1.01633 128 128 128
-1.82714 1.4554 1.03255 128 128 128
-1.79278 1.46436 1.02345 128 128 128
-1.75424 1.46916 1.01198 128 128 128
-1.73887 1.49297 1.01356 128 128 128
-1.70524 1.50086 1.00486 128 128 128
-1.67851 1.51429 1.00012 128 128 128
-1.6517 1.5273 0.995369 128 128 128
-1.62883 1.54367 0.992996 128 128 128
-1.59724 1.55139 0.985481 128 128 128
-1.57483 1.56763 0.983503 128 128 128
-1.53681 1.56783 0.972032 128 128 128
-1.51682 1.58591 0.971637 128 128 128
-1.4891 1.59568 0.966494 128 128 128
-1.4626 1.60637 0.962143 128 128 128
-1.44399 1.62557 0.962934 128 128 128
-1.41491 1.63276 0.957001 128 128 128
-1.39002 1.64439 0.953837 128 128 128
-1.35921 1.64858 0.946717 128 128 128
-1.33715 1.66299 0.945531 128 128 128
-1.30019 1.65832 0.93406 128 128 128
-1.28477 1.68071 0.93762 128 128 128
-1.24922 1.67648 0.92694 128 128 128
-1.22315 1.68425 0.922984 128 128 128
-1.19177 1.68415 0.915074 128 128 128
-1.16788 1.69411 0.9127 128 128 128
-1.14393 1.70374 0.910327 128 128 128
-1.1174 1.7092 0.905976 128 128 128
-1.09239 1.71659 0.902812 128 128 128
-1.05962 1.71113 0.893318 128 128 128
-1.03475 1.71772 0.890154 128 128 128
-1.01313 1.72949 0.889759 128 128 128
-0.985458 1.73063 0.884221 128 128 128
-0.963256 1.74098 0.88343 128 128 128
-0.937466 1.74458 0.879474 128 128 128
-0.910882 1.74619 0.874728 128 128 128
-0.885647 1.74986 0.871168 128 128 128
-0.862486 1.7573 0.869586 128 128 128
-0.840066 1.7661 0.868795 128 128 128
-0.81756 1.7746 0.868004 128 128 128
-0.792725 1.77779 0.864839 128 128 128
-0.769027 1.78317 0.862862 128 128 128
-0.748503 1.79587 0.864444 128 128 128
-0.718851 1.78618 0.855742 128 128 128
-0.695545 1.79144 0.854159 128 128 128
-0.663188 1.77232 0.841502 128 128 128
-0.641701 1.78119 0.841898 128 128 128
-0.618891 1.78633 0.840711 128 128 128
-0.594889 1.78769 0.837942 128 128 128
-0.569267 1.78348 0.8328 128 128 128
-0.545454 1.78419 0.830031 128 128 128
-0.514992 1.76166 0.816978 128 128 128
-0.488631 1.75105 0.809463 128 128 128
-0.464503 1.74715 0.805112 128 128 128
-0.440996 1.7447 0.801552 128 128 128
-0.418263 1.74463 0.799179 128 128 128
-0.395192 1.74246 0.796014 128 128 128
-0.371658 1.7373 0.791663 128 128 128
-0.348311 1.73183 0.787312 128 128 128
-0.327886 1.74049 0.78929 128 128 128
-0.304587 1.73353 0.784544 128 128 128
-0.283588 1.73895 0.785335 128 128 128
-0.240827 1.74538 0.785335 128 128 128
-0.219045 1.74547 0.784148 128 128 128
-0.175123 1.74027 0.779797 128 128 128
-0.131589 1.73397 0.775446 128 128 128
-0.110124 1.73271 0.774259 128 128 128
-0.0887573 1.73209 0.773468 128 128 128
-0.0673857 1.7303 0.772282 128 128 128
-0.0460715 1.72824 0.771095 128 128 128
-0.0248459 1.72776 0.770699 128 128 128
-0.00364986 1.73069 0.771886 128 128 128
0.038606 1.72016 0.767535 128 128 128
0.0596498 1.71772 0.766744 128 128 128
0.0803853 1.70952 0.76358 128 128 128
0.101197 1.70565 0.762393 128 128 128
0.121601 1.69695 0.759229 128 128 128
0.141883 1.68892 0.75646 128 128 128
0.162947 1.69071 0.758042 128 128 128
0.182993 1.68219 0.755273 128 128 128
0.203622 1.67982 0.755273 128 128 128
0.224584 1.67993 0.75646 128 128 128
0.244125 1.66977 0.753295 128 128 128
0.266173 1.67663 0.757646 128 128 128
0.284258 1.65875 0.751318 128 128 128
0.302441 1.64339 0.746176 128 128 128
0.321173 1.63235 0.743011 128 128 128
0.339304 1.61929 0.739056 128 128 128
0.355376 1.59797 0.73154 128 128 128
0.379361 1.61227 0.739847 128 128 128
0.402646 1.62176 0.746176 128 128 128
0.425758 1.62914 0.751713 128 128 128
0.442567 1.61227 0.746571 128 128 128
0.460293 1.59966 0.743407 128 128 128
0.478304 1.58861 0.741033 128 128 128
0.499412 1.58788 0.743407 128 128 128
0.520288 1.586 0.745385 128 128 128
0.540896 1.58297 0.746967 128 128 128
0.560281 1.57621 0.746967 128 128 128
0.575454 1.55801 0.741825 128 128 128
0.588297 1.53454 0.734309 128 128 128
0.603021 1.51696 0.729563 128 128 128
0.625081 1.51794 0.733518 128 128 128
0.642224 1.50677 0.731936 128 128 128
0.653271 1.48196 0.724025 128 128 128
0.677868 1.48805 0.730749 128 128 128
0.701932 1.49209 0.736682 128 128 128
0.719388 1.48171 0.735891 128 128 128
0.733001 1.46373 0.73154 128 128 128
0.755955 1.46442 0.736287 128 128 128
0.752771 1.41529 0.716905 128 128 128
0.801798 1.46397 0.745385 128 128 128
0.809344 1.43561 0.736287 128 128 128
0.82598 1.42398 0.735496 128 128 128
0.796405 1.33482 0.695941 128 128 128
0.853005 1.39074 0.729167 128 128 128
0.826967 1.31176 0.694359 128 128 128
0.584229 0.901198 0.489071 128 128 128
0.534281 0.802143 0.441606 128 128 128
0.555913 0.791799 0.443188 128 128 128
0.608455 0.844592 0.474831 128 128 128
0.788256 1.06698 0.597846 128 128 128
1.60032 0.737115 0.785335 128 128 128
1.65264 0.688684 0.797597 128 128 128
1.68188 0.652915 0.80353 128 128 128
1.69235 0.633194 0.804716 128 128 128
1.73454 0.624856 0.820538 128 128 128
1.75856 0.609249 0.828053 128 128 128
1.77201 0.589657 0.830822 128 128 128
1.77998 0.568148 0.831218 128 128 128
1.7877 0.546531 0.831613 128 128 128
1.77929 0.520159 0.824889 128 128 128
1.87582 0.498821 0.862466 128 128 128
1.88304 0.451561 0.860488 128 128 128
1.89471 0.429847 0.863257 128 128 128
1.90702 0.408106 0.866421 128 128 128
1.91729 0.385764 0.868795 128 128 128
1.92458 0.362719 0.869981 128 128 128
1.93522 0.340192 0.87275 128 128 128
1.94106 0.316715 0.873541 128 128 128
1.95207 0.293971 0.876706 128 128 128
1.95098 0.269363 0.874728 128 128 128
1.96598 0.246897 0.87987 128 128 128
1.97343 0.223272 0.881848 128 128 128
1.98424 0.199873 0.885408 128 128 128
2.00667 0.177301 0.89411 128 128 128
2.02152 0.153646 0.899647 128 128 128
2.03425 0.129535 0.904394 128 128 128
2.0577 0.105708 0.913887 128 128 128
2.04416 0.0798647 0.907558 128 128 128
2.04039 0.0546476 0.90558 128 128 128
2.05652 0.029842 0.912305 128 128 128
2.09072 0.00470238 0.92694 128 128 128
2.11909 -0.0212205 0.939202 128 128 128
2.13795 -0.0476403 0.947508 128 128 128
2.13996 -0.073966 0.948695 128 128 128
2.14531 -0.100518 0.951464 128 128 128
2.16317 -0.127963 0.95977 128 128 128
2.16602 -0.154823 0.961748 128 128 128
2.17036 -0.181925 0.964517 128 128 128
2.17071 -0.208807 0.965703 128 128 128
2.17255 -0.235922 0.967681 128 128 128
2.17496 -0.263223 0.970054 128 128 128
2.1916 -0.292554 0.978756 128 128 128
2.18239 -0.318634 0.976383 128 128 128
2.19374 -0.347826 0.983107 128 128 128
2.2047 -0.377345 0.989832 128 128 128
2.20442 -0.405199 0.991809 128 128 128
2.24164 -0.440518 1.0104 128 128 128
2.20953 -0.49083 1.0013 128 128 128
1.941 -2.23905 1.30271 128 128 128
1.92406 -2.33276 1.32881 128 128 128
1.91372 -2.37909 1.34147 128 128 128
1.85829 -2.36916 1.32328 128 128 128
1.83633 -2.40127 1.32842 128 128 128
1.8254 -2.44865 1.34187 128 128 128
1.78819 -2.46121 1.33672 128 128 128
1.75414 -2.47772 1.33396 128 128 128
1.72621 -2.50284 1.33593 128 128 128
1.71638 -2.55508 1.35215 128 128 128
1.68942 -2.58287 1.35571 128 128 128
1.65908 -2.60573 1.3569 128 128 128
1.63182 -2.6337 1.36085 128 128 128
1.60317 -2.65982 1.36402 128 128 128
1.58157 -2.6983 1.37351 128 128 128
1.55107 -2.72229 1.37588 128 128 128
1.52556 -2.75558 1.383 128 128 128
1.50077 -2.79108 1.39131 128 128 128
1.48044 -2.83615 1.40436 128 128 128
1.43556 -2.83444 1.39487 128 128 128
1.39094 -2.83206 1.38538 128 128 128
1.39243 -2.9252 1.42177 128 128 128
1.3572 -2.94373 1.42256 128 128 128
1.3251 -2.96939 1.42691 128 128 128
1.28163 -2.96941 1.41939 128 128 128
1.25784 -3.01542 1.43363 128 128 128
1.23586 -3.06811 1.45104 128 128 128
1.18812 -3.05737 1.43917 128 128 128
1.15858 -3.09321 1.44906 128 128 128
1.12552 -3.12102 1.45539 128 128 128
1.08533 -3.12939 1.45302 128 128 128
1.05353 -3.16251 1.46211 128 128 128
1.01548 -3.17783 1.4633 128 128 128
0.967258 -3.16019 1.44985 128 128 128
0.933314 -3.18857 1.45737 128 128 128
0.89362 -3.19802 1.45658 128 128 128
0.861882 -3.23714 1.46923 128 128 128
0.832252 -3.28753 1.48703 128 128 128
0.798291 -3.32429 1.4989 128 128 128
0.750098 -3.3016 1.48466 128 128 128
0.711261 -3.31863 1.48822 128 128 128
0.668665 -3.31811 1.48426 128 128 128
0.637287 -3.3757 1.50602 128 128 128
0.597411 -3.39231 1.50997 128 128 128
0.558114 -3.41389 1.5163 128 128 128
0.513018 -3.39959 1.50721 128 128 128
0.466715 -3.37288 1.49297 128 128 128
0.433576 -3.44396 1.52144 128 128 128
0.390969 -3.44629 1.52026 128 128 128
0.351522 -3.47915 1.53252 128 128 128
0.306357 -3.45576 1.52065 128 128 128
0.265682 -3.48215 1.53054 128 128 128
0.223698 -3.49706 1.53568 128 128 128
0.180337 -3.49129 1.53212 128 128 128
0.138246 -3.51251 1.54043 128 128 128
0.0949807 -3.50844 1.53806 128 128 128
0.0521708 -3.52587 1.54518 128 128 128
0.00892858 -3.53635 1.54953 128 128 128
-0.034417 -3.53068 1.54716 128 128 128
-0.0778604 -3.5355 1.54953 128 128 128
-1.74096 -3.18218 1.58869 128 128 128
-1.78483 -3.16938 1.59304 128 128 128
-1.82359 -3.14724 1.59304 128 128 128
-1.86771 -3.13409 1.59779 128 128 128
-1.95472 -2.9415 1.54755 128 128 128
-2.03827 -2.9871 1.58394 128 128 128
-2.08109 -2.9709 1.58869 128 128 128
-0.498607 -0.691676 0.393745 128 128 128
-2.17463 -2.87324 1.5784 128 128 128
-2.21142 -2.84851 1.57959 128 128 128
-2.24563 -2.82044 1.57919 128 128 128
-2.28124 -2.79409 1.57999 128 128 128
-2.31358 -2.76378 1.5788 128 128 128
-2.33597 -2.72193 1.57128 128 128 128
-2.38193 -2.70755 1.57959 128 128 128
-2.3996 -2.66105 1.5697 128 128 128
-2.43145 -2.63073 1.56931 128 128 128
-2.44903 -2.58535 1.56021 128 128 128
-2.49656 -2.57159 1.5701 128 128 128
-2.52081 -2.53359 1.56575 128 128 128
-2.5445 -2.49539 1.56139 128 128 128
-2.57493 -2.46398 1.56139 128 128 128
-2.59692 -2.42467 1.55665 128 128 128
-2.62648 -2.39262 1.55665 128 128 128
-2.65564 -2.36021 1.55665 128 128 128
-2.67816 -2.32202 1.55309 128 128 128
-2.70435 -2.2872 1.5519 128 128 128
-2.7138 -2.23864 1.54162 128 128 128
-2.7425 -2.20632 1.54241 128 128 128
-2.76937 -2.1725 1.54241 128 128 128
-2.79728 -2.13947 1.5432 128 128 128
-2.82259 -2.10443 1.5428 128 128 128
-2.83929 -2.06315 1.53806 128 128 128
-2.8569 -2.02285 1.5341 128 128 128
-2.87999 -1.98659 1.53331 128 128 128
-2.88815 -1.94034 1.525 128 128 128
-2.91866 -1.90928 1.52856 128 128 128
-2.9349 -1.86887 1.525 128 128 128
-2.95683 -1.83223 1.52461 128 128 128
-2.96179 -1.78537 1.51591 128 128 128
-2.97397 -1.74331 1.51116 128 128 128
-2.98557 -1.70123 1.50641 128 128 128
-3.00702 -1.66491 1.50681 128 128 128
-3.0159 -1.62179 1.50127 128 128 128
-3.02581 -1.57955 1.49653 128 128 128
-3.02776 -1.53358 1.48822 128 128 128
-3.03646 -1.49144 1.48347 128 128 128
-3.04542 -1.44972 1.47912 128 128 128
-3.06298 -1.41224 1.47912 128 128 128
-3.06918 -1.36968 1.47398 128 128 128
-3.06805 -1.32426 1.46567 128 128 128
-3.08237 -1.2858 1.46488 128 128 128
-3.0877 -1.24376 1.46014 128 128 128
-3.0916 -1.20145 1.45499 128 128 128
-3.24625 -0.993637 1.48861 128 128 128
-3.12071 -0.913418 1.42691 128 128 128
-3.12372 -0.872826 1.42335 128 128 128
-3.1271 -0.832534 1.42019 128 128 128
-3.13886 -0.794548 1.42098 128 128 128
-3.13319 -0.752318 1.41425 128 128 128
-3.13323 -0.711774 1.4103 128 128 128
-3.13904 -0.672692 1.40911 128 128 128
-3.12275 -0.629211 1.39843 128 128 128
-3.11129 -0.587257 1.39012 128 128 128
-3.1065 -0.546957 1.38498 128 128 128
-3.08941 -0.504932 1.3747 128 128 128
-3.09265 -0.46657 1.37351 128 128 128
-3.08177 -0.42631 1.36639 128 128 128
-2.90243 0.375006 1.19743 128 128 128
-2.85165 0.404016 1.17887 128 128 128
-2.83363 0.436979 1.17367 128 128 128
-2.82347 0.470949 1.17181 128 128 128
-2.79738 0.501925 1.16365 128 128 128
-2.78554 0.535156 1.16142 128 128 128
-2.77149 0.567797 1.15845 128 128 128
-2.72894 0.594009 1.14397 128 128 128
-2.70697 0.624093 1.13803 128 128 128
-2.68648 0.654171 1.13284 128 128 128
-2.67016 0.685 1.1295 128 128 128
-2.63826 0.711394 1.11985 128 128 128
-2.61236 0.738888 1.11279 128 128 128
-2.58886 0.76665 1.10685 128 128 128
-2.59521 0.803328 1.11353 128 128 128
-2.5516 0.824217 1.09943 128 128 128
-2.53 0.921405 1.10388 128 128 128
-2.50201 0.946116 1.09683 128 128 128
-2.4617 0.965515 1.08458 128 128 128
-2.44279 0.992843 1.08161 128 128 128
-2.40733 1.01298 1.07159 128 128 128
-2.38025 1.03613 1.06528 128 128 128
-2.35213 1.05837 1.0586 128 128 128
-2.32634 1.08127 1.05303 128 128 128
-2.29115 1.09926 1.04338 128 128 128
-2.27665 1.12688 1.04301 128 128 128
-2.23786 1.14203 1.03187 128 128 128
-2.21957 1.16723 1.03001 128 128 128
-2.19366 1.18817 1.02482 128 128 128
-2.17325 1.21183 1.02222 128 128 128
-2.14775 1.23238 1.01739 128 128 128
-2.12048 1.25154 1.01182 128 128 128
-2.10259 1.27602 1.01071 128 128 128
-2.08441 1.30025 1.0096 128 128 128
-2.05736 1.3187 1.0044 128 128 128
-2.03638 1.34077 1.00217 128 128 128
-2.0044 1.35523 0.994749 128 128 128
-1.98381 1.37707 0.992893 128 128 128
-1.94788 1.38781 0.983613 128 128 128
-1.92921 1.41051 0.982871 128 128 128
-1.89321 1.42012 0.97359 128 128 128
-1.86829 1.43757 0.969878 128 128 128
-1.83522 1.44828 0.962083 128 128 128
-1.81659 1.47011 0.961712 128 128 128
-1.77986 1.47684 0.952061 128 128 128
-1.74819 1.48711 0.945008 128 128 128
-1.72841 1.50723 0.944265 128 128 128
-1.68559 1.50662 0.931273 128 128 128
-1.67176 1.5316 0.933871 128 128 128
-1.6373 1.53735 0.925334 128 128 128
-1.60896 1.54829 0.920137 128 128 128
-1.5905 1.56857 0.920508 128 128 128
-1.56591 1.58268 0.917538 128 128 128
-1.53865 1.59375 0.913084 128 128 128
-1.5158 1.60912 0.911228 128 128 128
-1.49468 1.62624 0.910486 128 128 128
-1.4542 1.6216 0.898236 128 128 128
-1.4348 1.64003 0.898607 128 128 128
-1.43081 1.67661 0.908629 128 128 128
-1.37456 1.65116 0.886357 128 128 128
-1.35069 1.66357 0.88413 128 128 128
-1.32213 1.66981 0.878933 128 128 128
-1.29758 1.68076 0.876335 128 128 128
-1.27128 1.68912 0.872622 128 128 128
-1.2417 1.6926 0.866683 128 128 128
-1.21437 1.69863 0.862229 128 128 128
-1.18973 1.70807 0.85963 128 128 128
-1.15932 1.70869 0.852949 128 128 128
-1.12347 1.70029 0.842184 128 128 128
-1.10252 1.71395 0.842184 128 128 128
-1.07993 1.72498 0.84107 128 128 128
-1.04905 1.72223 0.833646 128 128 128
-1.02642 1.73257 0.832532 128 128 128
-0.999081 1.73456 0.827707 128 128 128
-0.979528 1.74994 0.829191 128 128 128
-0.954887 1.75611 0.826593 128 128 128
-0.929378 1.7603 0.823252 128 128 128
-0.906863 1.76991 0.82251 128 128 128
-0.880961 1.77259 0.818798 128 128 128
-0.857136 1.77908 0.816942 128 128 128
-0.832502 1.78356 0.814343 128 128 128
-0.809411 1.79111 0.81323 128 128 128
-0.776265 1.77536 0.802093 128 128 128
-0.753341 1.78218 0.80098 128 128 128
-0.730716 1.78957 0.800237 128 128 128
-0.701252 1.77938 0.792071 128 128 128
-0.681331 1.79306 0.794298 128 128 128
-0.655152 1.78995 0.789472 128 128 128
-0.630992 1.79171 0.786874 128 128 128
-0.603634 1.78348 0.780192 128 128 128
-0.576574 1.77485 0.773511 128 128 128
-0.550913 1.76937 0.768314 128 128 128
-0.527843 1.77154 0.766458 128 128 128
-0.502533 1.76537 0.761261 128 128 128
-0.479143 1.76513 0.758662 128 128 128
-0.452152 1.75019 0.750125 128 128 128
-0.428668 1.74748 0.746784 128 128 128
-0.405944 1.74718 0.744557 128 128 128
-0.384866 1.75385 0.745299 128 128 128
-0.362572 1.7548 0.743814 128 128 128
-0.34136 1.76094 0.744557 128 128 128
-0.318581 1.7586 0.741958 128 128 128
-0.293629 1.74222 0.733792 128 128 128
-0.273072 1.7512 0.736019 128 128 128
-0.250913 1.74982 0.734163 128 128 128
-0.22954 1.75369 0.734534 128 128 128
-0.207574 1.75269 0.733049 128 128 128
-0.185763 1.75233 0.731936 128 128 128
-0.163823 1.74986 0.73008 128 128 128
-0.142338 1.75174 0.73008 128 128 128
-0.120584 1.74964 0.728595 128 128 128
-0.0992045 1.75285 0.729337 128 128 128
-0.0774148 1.74744 0.726739 128 128 128
-0.0557727 1.74176 0.72414 128 128 128
-0.0342656 1.73489 0.721171 128 128 128
-0.0129403 1.72868 0.718572 128 128 128
0.00824071 1.72406 0.716716 128 128 128
0.0293247 1.72012 0.715231 128 128 128
0.050372 1.71777 0.714489 128 128 128
0.0712845 1.71331 0.713004 128 128 128
0.0918862 1.70489 0.710034 128 128 128
0.11261 1.70086 0.708921 128 128 128
0.133249 1.69657 0.707807 128 128 128
0.15354 1.68926 0.70558 128 128 128
0.173673 1.68171 0.703353 128 128 128
0.192989 1.66839 0.698898 128 128 128
0.211764 1.653 0.693701 128 128 128
0.231638 1.64752 0.692588 128 128 128
0.250553 1.6363 0.689247 128 128 128
0.272309 1.64317 0.69333 128 128 128
0.291295 1.63331 0.690732 128 128 128
0.308668 1.61594 0.685164 128 128 128
0.326035 1.60021 0.680338 128 128 128
0.345648 1.59609 0.680338 128 128 128
0.367308 1.60077 0.68405 128 128 128
0.387366 1.59794 0.684792 128 128 128
0.40625 1.59037 0.683679 128 128 128
0.426708 1.58885 0.685164 128 128 128
0.443378 1.57367 0.68108 128 128 128
0.462126 1.56633 0.680338 128 128 128
0.474415 1.53838 0.671058 128 128 128
0.490389 1.52361 0.667346 128 128 128
0.51024 1.521 0.668831 128 128 128
0.5301 1.51812 0.670315 128 128 128
0.550285 1.51586 0.672171 128 128 128
0.567197 1.50466 0.670315 128 128 128
0.598894 1.53128 0.684792 128 128 128
0.603952 1.49028 0.670315 128 128 128
0.624364 1.48789 0.672543 128 128 128
0.645923 1.48778 0.675883 128 128 128
0.664132 1.47974 0.675883 128 128 128
0.677135 1.46054 0.671058 128 128 128
0.696619 1.45546 0.672543 128 128 128
0.710708 1.43932 0.669202 128 128 128
0.727047 1.42801 0.668088 128 128 128
0.735411 1.40174 0.660293 128 128 128
0.753445 1.39424 0.661035 128 128 128
0.770951 1.3857 0.661406 128 128 128
0.788824 1.37774 0.662149 128 128 128
0.800466 1.35917 0.658066 128 128 128
0.815635 1.34687 0.656952 128 128 128
0.827667 1.32968 0.653611 128 128 128
0.847439 1.32489 0.65621 128 128 128
0.586667 0.89529 0.455387 128 128 128
0.528782 0.786604 0.406388 128 128 128
0.539987 0.782342 0.407502 128 128 128
0.603019 0.850431 0.444251 128 128 128
0.921593 1.26294 0.652497 128 128 128
0.935347 1.24931 0.651384 128 128 128
0.95231 1.23994 0.652497 128 128 128
0.967454 1.22816 0.652497 128 128 128
0.984209 1.21836 0.653611 128 128 128
1.00325 1.21119 0.65621 128 128 128
1.01562 1.19596 0.654725 128 128 128
1.01921 1.17083 0.648043 128 128 128
1.03474 1.15962 0.648785 128 128 128
0.935136 1.02312 0.581597 128 128 128
0.947621 1.01156 0.581597 128 128 128
0.976735 1.01722 0.591249 128 128 128
1.08909 1.10613 0.648043 128 128 128
1.10258 1.09268 0.648043 128 128 128
1.10989 1.07327 0.644702 128 128 128
0.844688 0.798416 0.492137 128 128 128
1.02221 0.941619 0.583082 128 128 128
0.821094 0.739092 0.469122 128 128 128
0.7748 0.680765 0.439797 128 128 128
0.783096 0.671206 0.439797 128 128 128
0.788414 0.659175 0.438312 128 128 128
0.795722 0.648866 0.437941 128 128 128
0.802896 0.638478 0.437569 128 128 128
0.814351 0.631407 0.439425 128 128 128
0.820552 0.620252 0.438683 128 128 128
0.828851 0.610684 0.439054 128 128 128
0.836283 0.600467 0.439054 128 128 128
0.855034 0.598097 0.444622 128 128 128
0.863078 0.588079 0.444993 128 128 128
0.898157 0.595814 0.458357 128 128 128
0.921822 0.595263 0.466152 128 128 128
0.937726 0.589308 0.470235 128 128 128
0.924243 0.56524 0.460584 128 128 128
0.902315 0.536877 0.447221 128 128 128
0.889501 0.514682 0.438312 128 128 128
0.905484 0.509149 0.442766 128 128 128
0.936164 0.511255 0.453902 128 128 128
1.54574 0.816676 0.726367 128 128 128
1.55648 0.798068 0.726739 128 128 128
1.56699 0.779319 0.72711 128 128 128
1.57559 0.75963 0.726739 128 128 128
1.59406 0.744538 0.730822 128 128 128
1.598 0.722637 0.728595 128 128 128
1.6093 0.704083 0.729708 128 128 128
1.61867 0.684641 0.73008 128 128 128
1.62953 0.665773 0.731193 128 128 128
1.64536 0.648773 0.734534 128 128 128
1.65841 0.630501 0.736761 128 128 128
1.65294 0.605344 0.731193 128 128 128
1.68303 0.592983 0.740844 128 128 128
1.69018 0.572285 0.740844 128 128 128
1.72359 0.560049 0.751981 128 128 128
1.7321 0.539403 0.752723 128 128 128
1.74483 0.519949 0.755321 128 128 128
1.78414 0.50783 0.769056 128 128 128
1.7992 0.488309 0.772768 128 128 128
1.81945 0.469876 0.778707 128 128 128
1.83772 0.450581 0.783904 128 128 128
1.83768 0.426748 0.781677 128 128 128
1.85094 0.405937 0.785018 128 128 128
1.87762 0.38765 0.793927 128 128 128
1.88862 0.365802 0.796525 128 128 128
1.90668 0.345049 0.802093 128 128 128
1.91901 0.322995 0.805434 128 128 128
1.92834 0.300267 0.807662 128 128 128
1.94291 0.278136 0.812116 128 128 128
1.95539 0.255456 0.815828 128 128 128
1.97498 0.233367 0.82251 128 128 128
1.974 0.208731 0.821025 128 128 128
1.94867 0.181961 0.809889 128 128 128
1.99426 0.161465 0.827335 128 128 128
2.00351 0.137473 0.830305 128 128 128
2.01061 0.113178 0.832532 128 128 128
2.0137 0.0885744 0.833275 128 128 128
2.0202 0.0640215 0.835502 128 128 128
2.02269 0.0392579 0.836244 128 128 128
2.02859 0.0144617 0.838472 128 128 128
2.03233 -0.0104601 0.839956 128 128 128
2.04783 -0.0357065 0.846267 128 128 128
2.06023 -0.0612465 0.851464 128 128 128
2.10014 -0.0883218 0.867797 128 128 128
2.07851 -0.112938 0.85963 128 128 128
2.10846 -0.140599 0.872251 128 128 128
2.12601 -0.168037 0.880047 128 128 128
2.13119 -0.194804 0.883016 128 128 128
2.14249 -0.222407 0.888584 128 128 128
2.14789 -0.249663 0.891925 128 128 128
2.15019 -0.276724 0.894152 128 128 128
2.15583 -0.304405 0.897865 128 128 128
2.18037 -0.335266 0.909372 128 128 128
2.17701 -0.362151 0.909743 128 128 128
2.18154 -0.390493 0.913455 128 128 128
2.1857 -0.418999 0.917167 128 128 128
2.19403 -0.448605 0.922735 128 128 128
2.19199 -0.476291 0.92422 128 128 128
2.18689 -0.503364 0.924591 128 128 128
2.17784 -0.5295 0.923478 128 128 128
2.22692 -0.570575 0.946492 128 128 128
2.22781 -0.600048 0.949833 128 128 128
2.22654 -0.62912 0.952432 128 128 128
2.22666 -0.658781 0.955773 128 128 128
2.2122 -0.684125 0.953174 128 128 128
2.21953 -0.716382 0.959856 128 128 128
2.23608 -0.752196 0.970621 128 128 128
2.25121 -0.788214 0.981015 128 128 128
2.2466 -0.817696 0.983242 128 128 128
2.2633 -0.855426 0.994749 128 128 128
2.21203 -0.867137 0.977303 128 128 128
2.11526 -0.859118 0.940182 128 128 128
2.25166 -0.94719 1.00403 128 128 128
2.25178 -0.979958 1.00923 128 128 128
2.24213 -1.00866 1.01034 128 128 128
2.23715 -1.03964 1.01368 128 128 128
2.23677 -1.07306 1.01925 128 128 128
2.23508 -1.10621 1.02445 128 128 128
2.21803 -1.13186 1.02296 128 128 128
2.25078 -1.18371 1.04412 128 128 128
2.23445 -1.21035 1.04338 128 128 128
2.22834 -1.24267 1.04746 128 128 128
2.22419 -1.27641 1.05266 128 128 128
2.21315 -1.30645 1.05488 128 128 128
2.21598 -1.3451 1.06379 128 128 128
2.21977 -1.38501 1.07344 128 128 128
2.2151 -1.42018 1.07938 128 128 128
2.2161 -1.45955 1.08829 128 128 128
2.20263 -1.48976 1.09052 128 128 128
2.17809 -1.51243 1.08755 128 128 128
2.17976 -1.55363 1.09757 128 128 128
2.17251 -1.58905 1.10351 128 128 128
2.161 -1.62173 1.1076 128 128 128
2.11375 -1.62713 1.09386 128 128 128
2.09217 -1.65179 1.09312 128 128 128
2.08471 -1.68788 1.0998 128 128 128
2.08025 -1.727 1.10834 128 128 128
2.08503 -1.77471 1.12207 128 128 128
2.06449 -1.80139 1.12282 128 128 128
2.10444 -1.88239 1.15622 128 128 128
2.07093 -1.89865 1.15066 128 128 128
2.08666 -1.96086 1.17219 128 128 128
2.05309 -1.97728 1.16699 128 128 128
2.04451 -2.01801 1.1759 128 128 128
2.02807 -2.05154 1.18072 128 128 128
2.00274 -2.07627 1.18072 128 128 128
1.9733 -2.09663 1.1785 128 128 128
1.95244 -2.12617 1.18147 128 128 128
1.94352 -2.16936 1.19186 128 128 128
1.90699 -2.18184 1.18592 128 128 128
1.8909 -2.21781 1.1926 128 128 128
1.86473 -2.24228 1.19334 128 128 128
1.85342 -2.28521 1.20374 128 128 128
1.88388 -2.38215 1.2416 128 128 128
1.863 -2.41613 1.24717 128 128 128
1.78309 -2.37194 1.21376 128 128 128
1.75713 -2.39814 1.21599 128 128 128
1.73726 -2.43314 1.22267 128 128 128
1.74379 -2.50693 1.24828 128 128 128
1.71601 -2.53275 1.25051 128 128 128
1.70113 -2.57844 1.26239 128 128 128
1.67587 -2.60929 1.26721 128 128 128
1.64029 -2.62414 1.26462 128 128 128
1.607 -2.64249 1.26387 128 128 128
1.58388 -2.67801 1.2713 128 128 128
1.5509 -2.69724 1.2713 128 128 128
1.52311 -2.7258 1.27575 128 128 128
1.49396 -2.75246 1.27946 128 128 128
1.46266 -2.77551 1.28169 128 128 128
1.4306 -2.79739 1.28355 128 128 128
1.41057 -2.84387 1.29654 128 128 128
1.38238 -2.8752 1.30285 128 128 128
1.34856 -2.89532 1.30433 128 128 128
1.31635 -2.91927 1.30768 128 128 128
1.28783 -2.95224 1.3151 128 128 128
1.2641 -2.99778 1.32809 128 128 128
1.23036 -3.02081 1.33143 128 128 128
1.18405 -3.01234 1.32141 128 128 128
1.16241 -3.06747 1.33886 128 128 128
1.125 -3.08237 1.33923 128 128 128
1.09169 -3.1091 1.3448 128 128 128
1.05937 -3.13986 1.35222 128 128 128
1.02189 -3.15616 1.35371 128 128 128
0.986101 -3.17822 1.35779 128 128 128
0.938079 -3.15981 1.34517 128 128 128
0.899989 -3.17376 1.34628 128 128 128
0.87014 -3.21864 1.36039 128 128 128
0.833799 -3.24167 1.36558 128 128 128
0.798558 -3.27061 1.37338 128 128 128
0.760235 -3.2883 1.37672 128 128 128
0.717265 -3.28559 1.37189 128 128 128
0.677078 -3.29505 1.37227 128 128 128
0.642178 -3.3323 1.38414 128 128 128
0.603361 -3.35181 1.38897 128 128 128
0.562945 -3.36354 1.39083 128 128 128
0.522472 -3.3757 1.39305 128 128 128
0.481008 -3.38186 1.39305 128 128 128
0.440772 -3.39764 1.39714 128 128 128
0.401507 -3.42401 1.40567 128 128 128
0.362617 -3.45916 1.41792 128 128 128
0.320899 -3.47167 1.42126 128 128 128
0.278418 -3.4772 1.42201 128 128 128
0.232398 -3.43032 1.40196 128 128 128
0.194357 -3.50802 1.43203 128 128 128
0.150516 -3.49158 1.42461 128 128 128
0.108483 -3.52101 1.43574 128 128 128
0.0654755 -3.53415 1.44057 128 128 128
0.02212 -3.5384 1.44205 128 128 128
-0.0212297 -3.52819 1.43797 128 128 128
-0.0645787 -3.53045 1.43908 128 128 128
-0.108723 -3.55538 1.44948 128 128 128
-0.152426 -3.55563 1.45022 128 128 128
-0.19563 -3.54607 1.44725 128 128 128
-0.240022 -3.55638 1.45245 128 128 128
-0.284096 -3.55872 1.45467 128 128 128
-0.326882 -3.54572 1.45096 128 128 128
-0.369587 -3.53405 1.44799 128 128 128
-0.41489 -3.54585 1.45467 128 128 128
-0.460056 -3.55338 1.45987 128 128 128
-0.5006 -3.52632 1.45133 128 128 128
-0.543836 -3.51992 1.45133 128 128 128
-0.586989 -3.51298 1.45133 128 128 128
-0.631873 -3.51556 1.45542 128 128 128
-2.06124 -3.04472 1.49736 128 128 128
-2.065 -2.9712 1.47398 128 128 128
-2.10671 -2.95319 1.47769 128 128 128
-2.1362 -2.91813 1.47323 128 128 128
-2.19307 -2.91988 1.48734 128 128 128
-2.21285 -2.87217 1.47695 128 128 128
-2.23639 -2.83024 1.46952 128 128 128
-2.2774 -2.81052 1.4736 128 128 128
-2.29864 -2.76666 1.46544 128 128 128
-2.33242 -2.73824 1.46544 128 128 128
-2.37257 -2.7171 1.46952 128 128 128
-2.40636 -2.68847 1.46989 128 128 128
-2.43791 -2.65737 1.46915 128 128 128
-2.46397 -2.6205 1.46544 128 128 128
-2.49465 -2.58873 1.4647 128 128 128
-2.52558 -2.55726 1.46432 128 128 128
-2.54222 -2.51173 1.45616 128 128 128
-2.58155 -2.48872 1.46098 128 128 128
-2.60242 -2.44795 1.45579 128 128 128
-2.62542 -2.40956 1.45207 128 128 128
-2.65479 -2.37716 1.45207 128 128 128
-2.67606 -2.3377 1.44799 128 128 128
-2.70667 -2.30648 1.44911 128 128 128
-2.73477 -2.2731 1.44911 128 128 128
-2.75451 -2.23294 1.44502 128 128 128
-2.78098 -2.1984 1.44465 128 128 128
-2.81437 -2.1692 1.44799 128 128 128
-2.8118 -2.11278 1.43351 128 128 128
-2.85776 -2.0929 1.44354 128 128 128
-2.86734 -2.04637 1.43574 128 128 128
-2.89071 -2.00997 1.435 128 128 128
-2.90747 -1.96915 1.43129 128 128 128
-2.93995 -1.93893 1.43537 128 128 128
-2.94553 -1.89119 1.42683 128 128 128
-2.95827 -1.84852 1.42201 128 128 128
-2.972 -1.80678 1.41792 128 128 128
-2.99395 -1.77017 1.41792 128 128 128
-3.00578 -1.72776 1.41347 128 128 128
-3.00972 -1.68125 1.40567 128 128 128
-3.01951 -1.63845 1.40085 128 128 128
-3.03035 -1.59652 1.39677 128 128 128
-3.04723 -1.55795 1.39565 128 128 128
-3.0478 -1.51139 1.38748 128 128 128
-3.04686 -1.46464 1.37895 128 128 128
-3.06376 -1.42675 1.37858 128 128 128
-3.08189 -1.38943 1.37895 128 128 128
-3.08678 -1.34632 1.37375 128 128 128
-3.09451 -1.30474 1.37004 128 128 128
-3.10857 -1.26597 1.3693 128 128 128
-3.12301 -1.22739 1.36892 128 128 128
-3.12567 -1.18438 1.36373 128 128 128
-3.1391 -1.14562 1.36336 128 128 128
-3.14941 -1.10579 1.36187 128 128 128
-3.15042 -1.06291 1.35667 128 128 128
-3.16411 -1.02446 1.35705 128 128 128
-3.15604 -0.97925 1.34851 128 128 128
-3.15892 -0.937815 1.3448 128 128 128
-3.1541 -0.894441 1.33811 128 128 128
-3.15139 -0.852049 1.33255 128 128 128
-3.20209 -0.823671 1.34925 128 128 128
-3.1522 -0.688318 1.31733 128 128 128
-3.13129 -0.643639 1.30545 128 128 128
-3.11251 -0.600102 1.29468 128 128 128
-3.11415 -0.560881 1.29246 128 128 128
-3.11805 -0.522167 1.29134 128 128 128
-3.11413 -0.482314 1.28726 128 128 128
-3.12166 -0.444322 1.288 128 128 128
-3.11306 -0.404206 1.28243 128 128 128
-3.10948 -0.36501 1.27909 128 128 128
-2.91316 0.138009 1.11331 128 128 128
-2.87528 0.242556 1.1018 128 128 128
-2.93086 0.283478 1.12377 128 128 128
-2.92251 0.318917 1.12202 128 128 128
-2.89697 0.352166 1.114 128 128 128
-2.88965 0.387317 1.11296 128 128 128
-2.87911 0.421936 1.11087 128 128 128
-2.84687 0.452977 1.10075 128 128 128
-2.83279 0.486455 1.09761 128 128 128
-2.81646 0.519316 1.09378 128 128 128
-2.78781 0.5495 1.08541 128 128 128
-2.76159 0.579636 1.07808 128 128 128
-2.69654 0.670508 1.06204 128 128 128
-2.70097 0.742433 1.07041 128 128 128
-2.6331 0.758685 1.04774 128 128 128
-2.61911 0.78959 1.046 128 128 128
-2.59492 0.817174 1.04042 128 128 128
-2.56688 0.843116 1.03345 128 128 128
-2.55812 0.875158 1.03414 128 128 128
-2.53394 0.901778 1.02891 128 128 128
-2.51565 0.930208 1.02612 128 128 128
-2.48916 0.955308 1.02019 128 128 128
-2.47029 0.983013 1.0174 128 128 128
-2.43377 1.00327 1.00764 128 128 128
-2.40489 1.02608 1.00101 128 128 128
-2.38097 1.0506 0.99648 128 128 128
-2.35681 1.07469 0.991946 128 128 128
-2.33242 1.09834 0.987413 128 128 128
-2.30022 1.11788 0.979741 128 128 128
-2.27794 1.14183 0.976253 128 128 128
-2.26209 1.16884 0.975556 128 128 128
-2.22524 1.18463 0.96614 128 128 128
-2.19409 1.20285 0.959165 128 128 128
-2.17427 1.22692 0.957073 128 128 128
-2.15418 1.25069 0.95498 128 128 128
-2.13304 1.27367 0.952539 128 128 128
-2.10846 1.29436 0.948703 128 128 128
-2.08528 1.31564 0.945565 128 128 128
-2.0556 1.33247 0.939636 128 128 128
-2.03519 1.355 0.937892 128 128 128
-1.99829 1.36613 0.928825 128 128 128
-1.98214 1.39109 0.929174 128 128 128
-1.95807 1.41038 0.926035 128 128 128
-1.92629 1.42373 0.919409 128 128 128
-1.89373 1.43594 0.912435 128 128 128
-1.87227 1.4562 0.910691 128 128 128
-1.81907 1.45103 0.893952 128 128 128
-1.80185 1.47384 0.894301 128 128 128
-1.75633 1.47297 0.881049 128 128 128
-1.74097 1.49686 0.882443 128 128 128
-1.71121 1.5082 0.876864 128 128 128
-1.6884 1.52532 0.874771 128 128 128
-1.6613 1.53829 0.870587 128 128 128
-1.63617 1.55276 0.867448 128 128 128
-1.61094 1.56684 0.864309 128 128 128
-1.58562 1.58054 0.861171 128 128 128
-1.56151 1.59519 0.858729 128 128 128
-1.54052 1.61288 0.858032 128 128 128
-1.51102 1.62138 0.852801 128 128 128
-1.47398 1.62109 0.843385 128 128 128
-1.44339 1.62715 0.837457 128 128 128
-1.427 1.64899 0.839549 128 128 128
-1.39334 1.65063 0.831877 128 128 128
-1.36881 1.66254 0.829436 128 128 128
-1.33362 1.66095 0.820717 128 128 128
-1.31545 1.68014 0.822112 128 128 128
-1.27482 1.6701 0.809906 128 128 128
-1.25199 1.68261 0.808512 128 128 128
-1.22243 1.68571 0.802932 128 128 128
-1.19353 1.68911 0.797701 128 128 128
-1.17272 1.70363 0.797701 128 128 128
-1.14075 1.70155 0.790377 128 128 128
-1.11927 1.71464 0.790029 128 128 128
-1.09563 1.72429 0.788285 128 128 128
-1.07143 1.73282 0.786192 128 128 128
-1.04041 1.72979 0.779218 128 128 128
-1.01531 1.73595 0.776428 128 128 128
-0.99208 1.74503 0.775033 128 128 128
-0.969684 1.75543 0.774335 128 128 128
-0.94585 1.76307 0.772592 128 128 128
-0.921543 1.76956 0.770499 128 128 128
-0.895949 1.77321 0.767361 128 128 128
-0.86834 1.77229 0.762478 128 128 128
-0.841695 1.77265 0.758294 128 128 128
-0.815957 1.77434 0.754806 128 128 128
-0.792213 1.77994 0.753063 128 128 128
-0.769939 1.78866 0.752714 128 128 128
-0.74685 1.79538 0.751668 128 128 128
-0.712514 1.77398 0.739462 128 128 128
-0.688994 1.77822 0.737718 128 128 128
-0.66515 1.78128 0.735626 128 128 128
-0.64197 1.78578 0.734231 128 128 128
-0.612643 1.77227 0.725861 128 128 128
-0.585521 1.76365 0.719584 128 128 128
-0.563834 1.7707 0.719584 128 128 128
-0.539048 1.76763 0.715748 128 128 128
-0.515737 1.76871 0.713655 128 128 128
-0.492986 1.7713 0.71226 128 128 128
-0.469767 1.77178 0.710168 128 128 128
-0.4473 1.77468 0.709122 128 128 128
-0.423521 1.77184 0.705983 128 128 128
-0.39905 1.76502 0.70145 128 128 128
-0.375987 1.76337 0.699009 128 128 128
-0.35358 1.76417 0.697614 128 128 128
-0.330516 1.76101 0.694824 128 128 128
-0.308718 1.76401 0.694475 128 128 128
-0.284784 1.75379 0.689244 128 128 128
-0.263938 1.76179 0.690988 128 128 128
-0.242427 1.76582 0.691336 128 128 128
-0.220389 1.76588 0.69029 128 128 128
-0.199018 1.77124 0.691336 128 128 128
-0.176234 1.76329 0.6875 128 128 128
-0.15351 1.75319 0.682967 128 128 128
-0.131132 1.74372 0.678782 128 128 128
-0.109367 1.73959 0.67669 128 128 128
-0.0877707 1.73612 0.674946 128 128 128
-0.0664958 1.738 0.675295 128 128 128
-0.044937 1.73026 0.672156 128 128 128
-0.0235784 1.72224 0.669017 128 128 128
-0.00244416 1.72334 0.669366 128 128 128
0.0187135 1.72418 0.669715 128 128 128
0.0399541 1.72757 0.67111 128 128 128
0.0609565 1.72133 0.669017 128 128 128
0.0818557 1.71577 0.667274 128 128 128
0.101963 1.69873 0.661345 128 128 128
0.121531 1.67959 0.654719 128 128 128
0.141506 1.6705 0.651929 128 128 128
0.160918 1.65744 0.647744 128 128 128
0.180941 1.65255 0.646698 128 128 128
0.200869 1.64741 0.645652 128 128 128
0.22045 1.64018 0.643908 128 128 128
0.240019 1.63364 0.642513 128 128 128
0.259901 1.62964 0.642165 128 128 128
0.280038 1.62726 0.642513 128 128 128
0.301003 1.62923 0.644606 128 128 128
0.314284 1.59139 0.631703 128 128 128
0.333597 1.58649 0.631354 128 128 128
0.358936 1.60881 0.641467 128 128 128
0.379296 1.60702 0.642513 128 128 128
0.397408 1.59588 0.640072 128 128 128
0.415541 1.58544 0.63798 128 128 128
0.437445 1.58926 0.641467 128 128 128
0.454065 1.57386 0.637631 128 128 128
0.472264 1.56458 0.636236 128 128 128
0.487494 1.54615 0.631354 128 128 128
0.507015 1.54184 0.632051 128 128 128
0.519536 1.51687 0.624728 128 128 128
0.538111 1.51038 0.624728 128 128 128
0.555632 1.50103 0.623682 128 128 128
0.582729 1.51685 0.632749 128 128 128
0.601992 1.51133 0.633446 128 128 128
0.610504 1.47956 0.623682 128 128 128
0.628982 1.47282 0.62403 128 128 128
0.647764 1.4667 0.624728 128 128 128
0.666491 1.46035 0.625425 128 128 128
0.685957 1.45545 0.62682 128 128 128
0.702947 1.44524 0.626123 128 128 128
0.717693 1.43064 0.623682 128 128 128
0.731327 1.41423 0.620543 128 128 128
0.750387 1.40846 0.621938 128 128 128
0.767614 1.39914 0.621938 128 128 128
0.789788 1.3986 0.625774 128 128 128
0.808301 1.39123 0.62682 128 128 128
0.833954 1.3957 0.633098 128 128 128
0.849059 1.38217 0.631703 128 128 128
0.864457 1.36926 0.630656 128 128 128
0.613282 0.944728 0.447221 128 128 128
0.519481 0.778704 0.376428 128 128 128
0.531112 0.775367 0.377823 128 128 128
0.609444 0.867025 0.422461 128 128 128
0.916691 1.27183 0.611476 128 128 128
0.938909 1.26954 0.615661 128 128 128
0.948759 1.25045 0.612173 128 128 128
0.957133 1.22983 0.607989 128 128 128
0.853601 1.06919 0.537195 128 128 128
1.40229 0.751979 0.620194 128 128 128
1.5583 0.787175 0.677736 128 128 128
1.57373 0.770883 0.680177 128 128 128
1.53399 0.728162 0.65995 128 128 128
1.59728 0.734383 0.682269 128 128 128
1.48634 0.661288 0.633446 128 128 128
1.34374 0.578043 0.572418 128 128 128
1.49607 0.622088 0.631005 128 128 128
1.65835 0.665972 0.69308 128 128 128
1.67338 0.648285 0.69587 128 128 128
1.68999 0.630986 0.699357 128 128 128
1.69408 0.608929 0.697962 128 128 128
1.72268 0.595459 0.706332 128 128 128
1.73519 0.57605 0.708424 128 128 128
1.75195 0.557848 0.71226 128 128 128
1.76404 0.537952 0.714353 128 128 128
1.7885 0.521524 0.721328 128 128 128
1.79296 0.499033 0.72063 128 128 128
1.80438 0.478439 0.722723 128 128 128
1.82829 0.460855 0.729697 128 128 128
1.84748 0.441663 0.734928 128 128 128
1.87196 0.423313 0.742252 128 128 128
1.88342 0.401683 0.744693 128 128 128
1.89832 0.380574 0.748529 128 128 128
1.90745 0.358118 0.750273 128 128 128
1.91539 0.335333 0.751668 128 128 128
1.92677 0.31301 0.754458 128 128 128
1.94529 0.291575 0.760037 128 128 128
1.96729 0.270246 0.767012 128 128 128
1.97325 0.246434 0.768058 128 128 128
1.9873 0.223465 0.772243 128 128 128
1.98616 0.198686 0.770848 128 128 128
1.99218 0.174627 0.772243 128 128 128
2.00072 0.150664 0.774684 128 128 128
2.00896 0.126518 0.777125 128 128 128
2.01411 0.102048 0.77852 128 128 128
2.01989 0.0775065 0.780264 128 128 128
2.02538 0.0528389 0.782008 128 128 128
2.03805 0.0281571 0.786541 128 128 128
2.04387 0.00315743 0.788634 128 128 128
2.04938 -0.0219807 0.790726 128 128 128
2.05364 -0.0472327 0.79247 128 128 128
2.08569 -0.0735648 0.804675 128 128 128
2.08275 -0.0990661 0.803978 128 128 128
2.08232 -0.124673 0.804327 128 128 128
2.12924 -0.153694 0.822461 128 128 128
2.14494 -0.181299 0.829087 128 128 128
2.15002 -0.208326 0.831877 128 128 128
2.13426 -0.233277 0.826995 128 128 128
2.10611 -0.256408 0.817579 128 128 128
2.08608 -0.280001 0.811301 128 128 128
2.18821 -0.321021 0.851057 128 128 128
2.18966 -0.348731 0.85315 128 128 128
2.18707 -0.375891 0.853847 128 128 128
2.18782 -0.403719 0.85594 128 128 128
2.19006 -0.431983 0.858729 128 128 128
2.19193 -0.460362 0.861519 128 128 128
2.19435 -0.489055 0.864658 128 128 128
2.19548 -0.517663 0.867448 128 128 128
2.22444 -0.553368 0.881049 128 128 128
2.21567 -0.58015 0.880351 128 128 128
2.21067 -0.6372 0.884187 128 128 128
1.99395 -2.08702 1.10215 128 128 128
1.90239 -2.09166 1.08018 128 128 128
1.91516 -2.15829 1.1018 128 128 128
1.90081 -2.1958 1.10877 128 128 128
1.87433 -2.21968 1.10912 128 128 128
1.87198 -2.27288 1.12377 128 128 128
1.8463 -2.29861 1.12516 128 128 128
1.82547 -2.33068 1.1297 128 128 128
1.80925 -2.36929 1.13737 128 128 128
1.78844 -2.40258 1.1426 128 128 128
1.75717 -2.42207 1.14155 128 128 128
1.73869 -2.45952 1.14888 128 128 128
1.72274 -2.50151 1.15829 128 128 128
1.70758 -2.5458 1.16876 128 128 128
1.69006 -2.58774 1.17817 128 128 128
1.66572 -2.62015 1.1834 128 128 128
1.62555 -2.62764 1.17782 128 128 128
1.60479 -2.66666 1.18619 128 128 128
1.57668 -2.69424 1.18968 128 128 128
1.54999 -2.72479 1.19456 128 128 128
1.5178 -2.74606 1.19561 128 128 128
1.49064 -2.77687 1.20084 128 128 128
1.46035 -2.80243 1.20398 128 128 128
1.42966 -2.82767 1.20712 128 128 128
1.38701 -2.82901 1.20049 128 128 128
1.36306 -2.86867 1.20991 128 128 128
1.33952 -2.91072 1.22037 128 128 128
1.30904 -2.93892 1.22525 128 128 128
1.27474 -2.95907 1.22699 128 128 128
1.25744 -3.02033 1.24548 128 128 128
1.21153 -3.0138 1.23676 128 128 128
1.17174 -3.02145 1.23397 128 128 128
1.14739 -3.06984 1.24757 128 128 128
1.12234 -3.11896 1.26152 128 128 128
1.08582 -3.13781 1.26361 128 128 128
1.03865 -3.12511 1.2535 128 128 128
1.00792 -3.16172 1.26291 128 128 128
0.973975 -3.18999 1.26919 128 128 128
0.934492 -3.2008 1.26884 128 128 128
0.897411 -3.22015 1.27198 128 128 128
0.860718 -3.24179 1.27617 128 128 128
0.819033 -3.24484 1.27338 128 128 128
0.780901 -3.26194 1.27617 128 128 128
0.74662 -3.29686 1.28593 128 128 128
0.707675 -3.31311 1.28872 128 128 128
0.669184 -3.33257 1.29291 128 128 128
0.628411 -3.34145 1.29325 128 128 128
0.589631 -3.36184 1.29814 128 128 128
0.546068 -3.35494 1.29291 128 128 128
0.51016 -3.39661 1.30616 128 128 128
0.466261 -3.38683 1.30023 128 128 128
0.428168 -3.4202 1.31069 128 128 128
0.38353 -3.40191 1.30197 128 128 128
0.34354 -3.42408 1.3086 128 128 128
0.301907 -3.4327 1.31034 128 128 128
0.264874 -3.50344 1.33545 128 128 128
0.219003 -3.46153 1.31871 128 128 128
0.17747 -3.48267 1.32569 128 128 128
0.135523 -3.50519 1.33336 128 128 128
0.0930509 -3.5272 1.34103 128 128 128
0.0495423 -3.51309 1.33545 128 128 128
0.00650689 -3.54904 1.3487 128 128 128
-0.0368575 -3.53011 1.34173 128 128 128
-0.0806348 -3.55001 1.3494 128 128 128
-0.123966 -3.54219 1.34696 128 128 128
-1.76725 -3.22497 1.39648 128 128 128
-1.80163 -3.19406 1.39264 128 128 128
-1.84492 -3.17901 1.39578 128 128 128
-1.86844 -3.13037 1.38462 128 128 128
-1.90573 -3.10561 1.38393 128 128 128
-1.92771 -3.05661 1.37277 128 128 128
-1.97118 -3.04217 1.37695 128 128 128
-2.06234 -3.09892 1.41322 128 128 128
-2.06269 -3.01842 1.38846 128 128 128
-2.0872 -2.97523 1.38044 128 128 128
-2.12356 -2.94939 1.38044 128 128 128
-0.500845 -0.67612 0.341206 128 128 128
-2.22205 -2.85813 1.37521 128 128 128
-2.25871 -2.83284 1.37625 128 128 128
-2.29923 -2.81217 1.37974 128 128 128
-2.32033 -2.76794 1.37207 128 128 128
-2.35412 -2.73926 1.37207 128 128 128
-2.38075 -2.70242 1.36823 128 128 128
-2.43445 -2.69597 1.37974 128 128 128
-2.45271 -2.65006 1.37172 128 128 128
-2.49343 -2.62861 1.37625 128 128 128
-2.51048 -2.58235 1.36823 128 128 128
-2.54198 -2.55135 1.36823 128 128 128
-2.56574 -2.51275 1.3644 128 128 128
-2.59773 -2.48237 1.36509 128 128 128
-2.62868 -2.45094 1.36544 128 128 128
-2.65787 -2.41787 1.36509 128 128 128
-2.68103 -2.37947 1.36196 128 128 128
-2.7072 -2.34393 1.36056 128 128 128
-2.72645 -2.30267 1.35603 128 128 128
-2.76174 -2.275 1.35951 128 128 128
-2.78726 -2.23918 1.35847 128 128 128
-2.80346 -2.19613 1.35324 128 128 128
-2.83094 -2.16213 1.35359 128 128 128
-2.852 -2.12331 1.35114 128 128 128
-2.87405 -2.0854 1.3494 128 128 128
-2.89713 -2.04835 1.34835 128 128 128
-2.91433 -2.00732 1.34487 128 128 128
-2.92396 -1.96148 1.33824 128 128 128
-2.94154 -1.92135 1.33545 128 128 128
-2.94908 -1.87504 1.32848 128 128 128
-2.9647 -1.83427 1.32534 128 128 128
-2.99501 -1.80259 1.32883 128 128 128
-3.01286 -1.76333 1.32708 128 128 128
-3.03672 -1.72762 1.32813 128 128 128
-3.02981 -1.67479 1.31627 128 128 128
-3.04683 -1.63571 1.31488 128 128 128
-3.06833 -1.59907 1.31557 128 128 128
-3.06264 -1.5486 1.30511 128 128 128
-3.06963 -1.50511 1.30023 128 128 128
-3.08703 -1.46693 1.29988 128 128 128
-3.09458 -1.42423 1.2957 128 128 128
-3.10155 -1.38157 1.29151 128 128 128
-3.11569 -1.34229 1.29046 128 128 128
-3.12674 -1.30179 1.28837 128 128 128
-3.13813 -1.26157 1.28663 128 128 128
-3.14813 -1.22093 1.28454 128 128 128
-3.15637 -1.00621 1.26082 128 128 128
-3.20164 -0.977537 1.27372 128 128 128
-3.16302 -0.923445 1.2542 128 128 128
-3.17682 -0.885316 1.25524 128 128 128
-3.18292 -0.845061 1.2535 128 128 128
-3.18123 -0.802951 1.24896 128 128 128
-3.17627 -0.760354 1.24338 128 128 128
-3.15885 -0.715306 1.23327 128 128 128
-3.16098 -0.675115 1.23083 128 128 128
-3.1534 -0.633131 1.2249 128 128 128
-3.16002 -0.594212 1.22455 128 128 128
-3.13753 -0.550196 1.21339 128 128 128
-3.1422 -0.51135 1.2127 128 128 128
-3.13711 -0.471077 1.20851 128 128 128
-3.13152 -0.431006 1.20433 128 128 128
-3.00312 0.0475543 1.05908 128 128 128
-2.91822 0.33406 1.03638 128 128 128
-2.89045 0.366835 1.02827 128 128 128
-2.85856 0.398452 1.01886 128 128 128
-2.84411 0.432067 1.01561 128 128 128
-2.83486 0.466316 1.01432 128 128 128
-2.80285 0.496413 1.00523 128 128 128
-2.78168 0.527927 1.00004 128 128 128
-2.76387 0.559753 0.996148 128 128 128
-2.74755 0.591623 0.992904 128 128 128
-2.72165 0.62106 0.986416 128 128 128
-2.70463 0.652181 0.983172 128 128 128
-2.69184 0.68415 0.98155 128 128 128
-2.67776 0.715658 0.979603 128 128 128
-2.65785 0.745383 0.97571 128 128 128
-2.63308 0.773388 0.970195 128 128 128
-2.61435 0.802851 0.966951 128 128 128
-2.5827 0.82791 0.959165 128 128 128
-2.56825 0.928872 0.965653 128 128 128
-2.52215 0.947295 0.953001 128 128 128
-2.4795 0.966107 0.941647 128 128 128
-2.44467 0.987217 0.933212 128 128 128
-2.4097 1.00762 0.924777 128 128 128
-2.37546 1.02769 0.916667 128 128 128
-2.36095 1.05599 0.916018 128 128 128
-2.32979 1.07652 0.909206 128 128 128
-2.31214 1.10299 0.907583 128 128 128
-2.29504 1.1296 0.906286 128 128 128
-2.26499 1.14952 0.900122 128 128 128
-2.24485 1.17415 0.897851 128 128 128
-2.22528 1.19891 0.895905 128 128 128
-2.19635 1.2183 0.89039 128 128 128
-2.15743 1.23152 0.880982 128 128 128
-2.13564 1.25406 0.878386 128 128 128
-2.11766 1.27871 0.877413 128 128 128
-2.08736 1.29559 0.871574 128 128 128
-2.06413 1.31652 0.868654 128 128 128
-2.04071 1.33707 0.865734 128 128 128
-2.00377 1.34825 0.8573 128 128 128
-1.98241 1.36951 0.855353 128 128 128
-1.95081 1.38331 0.849189 128 128 128
-1.92223 1.39878 0.844323 128 128 128
-1.89811 1.41715 0.841403 128 128 128
-1.86557 1.42881 0.834915 128 128 128
-1.84121 1.44633 0.831995 128 128 128
-1.81671 1.46346 0.829076 128 128 128
-1.79934 1.48625 0.8294 128 128 128
-1.77159 1.50025 0.825183 128 128 128
-1.73451 1.50572 0.816748 128 128 128
-1.71519 1.52627 0.816424 128 128 128
-1.68587 1.53762 0.811557 128 128 128
-1.66618 1.55754 0.811233 128 128 128
-1.64013 1.57132 0.807989 128 128 128
-1.61533 1.58601 0.805393 128 128 128
-1.59242 1.60236 0.803771 128 128 128
-1.56278 1.61157 0.798905 128 128 128
-1.53834 1.62581 0.796634 128 128 128
-1.4997 1.62438 0.787226 128 128 128
-1.47586 1.63843 0.78528 128 128 128
-1.45191 1.65215 0.783333 128 128 128
-1.43153 1.66984 0.783333 128 128 128
-1.40548 1.68074 0.780414 128 128 128
-1.35433 1.66042 0.763869 128 128 128
-1.3362 1.67988 0.765166 128 128 128
-1.30103 1.67744 0.757056 128 128 128
-1.2775 1.6895 0.755434 128 128 128
-1.24995 1.6959 0.751541 128 128 128
-1.22189 1.70111 0.747324 128 128 128
-1.19552 1.70822 0.744079 128 128 128
-1.17128 1.71806 0.742133 128 128 128
-1.14176 1.71968 0.736942 128 128 128
-1.11443 1.72402 0.733049 128 128 128
-1.08967 1.73195 0.730779 128 128 128
-1.06587 1.74116 0.729156 128 128 128
-1.03864 1.74434 0.725264 128 128 128
-1.01763 1.75777 0.725588 128 128 128
-0.989048 1.75775 0.720722 128 128 128
-0.9665 1.76809 0.720073 128 128 128
-0.940753 1.77229 0.717153 128 128 128
-0.914619 1.77529 0.713909 128 128 128
-0.889396 1.7796 0.711314 128 128 128
-0.867901 1.79123 0.711638 128 128 128
-0.844654 1.79918 0.710665 128 128 128
-0.811211 1.78441 0.701257 128 128 128
-0.786599 1.78816 0.698986 128 128 128
-0.760913 1.78897 0.695742 128 128 128
-0.738187 1.79642 0.695093 128 128 128
-0.71227 1.79566 0.691525 128 128 128
-0.684468 1.78924 0.68601 128 128 128
-0.657907 1.78507 0.681468 128 128 128
-0.632495 1.78319 0.677899 128 128 128
-0.610261 1.78992 0.677575 128 128 128
-0.583281 1.78198 0.67206 128 128 128
-0.559682 1.78359 0.670113 128 128 128
-0.534512 1.77945 0.66622 128 128 128
-0.510045 1.77677 0.662976 128 128 128
-0.486221 1.77559 0.660381 128 128 128
-0.460846 1.76769 0.655515 128 128 128
-0.438443 1.77046 0.654542 128 128 128
-0.415828 1.77202 0.653244 128 128 128
-0.393443 1.77422 0.652271 128 128 128
-0.370493 1.77335 0.650324 128 128 128
-0.347984 1.77405 0.649027 128 128 128
-0.325513 1.77446 0.647729 128 128 128
-0.303242 1.77553 0.646756 128 128 128
-0.280848 1.77537 0.645458 128 128 128
-0.258637 1.77588 0.644485 128 128 128
-0.236948 1.77986 0.644809 128 128 128
-0.21431 1.77605 0.642538 128 128 128
-0.191702 1.77103 0.639943 128 128 128
-0.169162 1.76477 0.637023 128 128 128
-0.146881 1.75917 0.634428 128 128 128
-0.124827 1.75423 0.632157 128 128 128
-0.103451 1.75847 0.63313 128 128 128
-0.0814882 1.7511 0.630211 128 128 128
-0.0599632 1.75102 0.629886 128 128 128
-0.0383597 1.74595 0.62794 128 128 128
-0.0168688 1.73778 0.62502 128 128 128
0.00445766 1.73785 0.62502 128 128 128
0.0256207 1.72821 0.621776 128 128 128
0.0467151 1.72398 0.620478 128 128 128
0.0674727 1.71383 0.617234 128 128 128
0.0877329 1.6987 0.612368 128 128 128
0.107757 1.68523 0.608151 128 128 128
0.128504 1.68472 0.608475 128 128 128
0.149083 1.68208 0.608151 128 128 128
0.169713 1.68012 0.608151 128 128 128
0.190971 1.68355 0.610097 128 128 128
0.210533 1.67264 0.607177 128 128 128
0.229196 1.65681 0.602635 128 128 128
0.250514 1.66042 0.604906 128 128 128
0.26669 1.63203 0.596147 128 128 128
0.286697 1.62863 0.596147 128 128 128
0.306484 1.62406 0.595823 128 128 128
0.325634 1.61647 0.594525 128 128 128
0.342439 1.59849 0.589659 128 128 128
0.362876 1.59785 0.590957 128 128 128
0.383573 1.59787 0.592579 128 128 128
0.395418 1.5628 0.581873 128 128 128
0.414075 1.55601 0.581224 128 128 128
0.434166 1.55445 0.582522 128 128 128
0.452137 1.54538 0.581224 128 128 128
0.472462 1.54423 0.582846 128 128 128
0.493117 1.54372 0.584793 128 128 128
0.507507 1.5241 0.579927 128 128 128
0.530229 1.52937 0.584144 128 128 128
0.544434 1.5103 0.579602 128 128 128
0.564263 1.50704 0.5809 128 128 128
0.582369 1.49912 0.580575 128 128 128
0.601433 1.49362 0.581224 128 128 128
0.620816 1.48874 0.582198 128 128 128
0.640169 1.48361 0.583171 128 128 128
0.659102 1.47737 0.58382 128 128 128
0.678377 1.47175 0.584793 128 128 128
0.696795 1.46416 0.585117 128 128 128
0.714291 1.45466 0.584793 128 128 128
0.732088 1.44578 0.584793 128 128 128
0.749775 1.43669 0.584793 128 128 128
0.767349 1.42738 0.584793 128 128 128
0.783887 1.4162 0.584144 128 128 128
0.801677 1.4073 0.584468 128 128 128
0.817925 1.39572 0.58382 128 128 128
0.834992 1.38558 0.58382 128 128 128
0.851432 1.37443 0.583495 128 128 128
0.863644 1.35671 0.580575 128 128 128
0.512256 0.786446 0.350891 128 128 128
0.523986 0.783236 0.352189 128 128 128
0.56913 0.828052 0.3736 128 128 128
0.700461 0.991324 0.445295 128 128 128
0.897234 1.2355 0.552676 128 128 128
0.966214 1.29631 0.583495 128 128 128
0.982049 1.28435 0.583495 128 128 128
0.997736 1.27221 0.583495 128 128 128
1.00852 1.25398 0.5809 128 128 128
1.02685 1.24515 0.582522 128 128 128
1.02612 1.21372 0.574087 128 128 128
1.02975 1.1882 0.568248 128 128 128
1.01968 1.14795 0.555596 128 128 128
0.984516 1.08163 0.530616 128 128 128
1.0592 1.135 0.561435 128 128 128
1.08092 1.1301 0.565328 128 128 128
1.09271 1.11473 0.564355 128 128 128
1.12647 1.1212 0.574087 128 128 128
1.14831 1.11518 0.57798 128 128 128
1.15915 1.09841 0.576683 128 128 128
1.17394 1.08539 0.577331 128 128 128
1.18365 1.06774 0.575709 128 128 128
1.20022 1.05625 0.577331 128 128 128
1.21669 1.04451 0.578953 128 128 128
1.2316 1.03132 0.579927 128 128 128
1.27132 1.0382 0.59193 128 128 128
1.30473 1.03897 0.601013 128 128 128
1.31139 1.01825 0.598418 128 128 128
1.32303 1.00151 0.598094 128 128 128
1.32683 0.979043 0.594525 128 128 128
1.30413 0.937922 0.579927 128 128 128
1.28527 0.900755 0.567275 128 128 128
1.18979 0.812661 0.523154 128 128 128
1.292 0.85903 0.561111 128 128 128
1.18074 0.764788 0.511476 128 128 128
0.963976 0.608644 0.419991 128 128 128
0.951179 0.584463 0.411881 128 128 128
0.886672 0.530304 0.383333 128 128 128
0.914422 0.531663 0.391767 128 128 128
0.921703 0.520864 0.392092 128 128 128
0.965417 0.529854 0.40669 128 128 128
1.01032 0.538289 0.421613 128 128 128
0.989072 0.511611 0.410908 128 128 128
1.01222 0.507858 0.417396 128 128 128
1.45295 0.704854 0.582846 128 128 128
1.47434 0.692974 0.587713 128 128 128
1.48877 0.677557 0.589983 128 128 128
1.5897 0.699796 0.624696 128 128 128
1.59381 0.678393 0.623074 128 128 128
1.61603 0.664506 0.628264 128 128 128
1.62934 0.646706 0.630211 128 128 128
1.63627 0.626327 0.629886 128 128 128
1.33028 0.491405 0.515369 128 128 128
1.46022 0.518727 0.560462 128 128 128
1.70212 0.580538 0.645782 128 128 128
1.72171 0.563698 0.650324 128 128 128
1.72759 0.542247 0.65 128 128 128
1.73412 0.521006 0.65 128 128 128
1.73947 0.499427 0.649675 128 128 128
1.75095 0.47953 0.651622 128 128 128
1.78875 0.466287 0.662976 128 128 128
1.7824 0.441372 0.658759 128 128 128
1.77847 0.417326 0.655515 128 128 128
1.8121 0.401754 0.665572 128 128 128
1.82801 0.381782 0.669465 128 128 128
1.84091 0.360941 0.672384 128 128 128
1.85823 0.340683 0.676926 128 128 128
1.86694 0.318639 0.678548 128 128 128
1.88286 0.297599 0.682765 128 128 128
1.89386 0.275544 0.685361 128 128 128
1.90085 0.252773 0.686658 128 128 128
1.9179 0.231095 0.691525 128 128 128
1.94128 0.209734 0.698662 128 128 128
1.96632 0.18801 0.706448 128 128 128
1.98356 0.16509 0.711638 128 128 128
1.99393 0.141321 0.714558 128 128 128
1.99835 0.117001 0.715531 128 128 128
2.02515 0.0935972 0.72429 128 128 128
2.02803 0.0687988 0.724939 128 128 128
2.02305 0.0437952 0.722993 128 128 128
2.02344 0.018966 0.722993 128 128 128
2.03014 -0.00589879 0.725264 128 128 128
2.03275 -0.0308601 0.726237 128 128 128
2.04924 -0.0563045 0.732076 128 128 128
2.04839 -0.0814475 0.732076 128 128 128
2.05574 -0.107038 0.734996 128 128 128
2.05805 -0.132508 0.736294 128 128 128
2.06664 -0.15857 0.739862 128 128 128
2.07584 -0.184948 0.743755 128 128 128
2.08282 -0.211382 0.746999 128 128 128
2.09135 -0.238232 0.750892 128 128 128
2.10516 -0.266045 0.756732 128 128 128
2.13264 -0.296212 0.767437 128 128 128
2.12604 -0.321931 0.766464 128 128 128
2.11447 -0.346757 0.763869 128 128 128
2.11378 -0.373344 0.765166 128 128 128
2.16385 -0.409741 0.784307 128 128 128
2.16885 -0.438344 0.787875 128 128 128
2.1892 -0.470539 0.796959 128 128 128
2.19985 -0.501181 0.802798 128 128 128
2.1825 -0.525462 0.798905 128 128 128
2.18139 -0.553611 0.800852 128 128 128
2.18265 -0.582549 0.803771 128 128 128
2.18171 -0.611087 0.806042 128 128 128
2.18221 -0.640225 0.808962 128 128 128
2.176 -0.667514 0.809611 128 128 128
2.17755 -0.697358 0.813179 128 128 128
2.19035 -0.731255 0.820965 128 128 128
2.18746 -0.760264 0.823236 128 128 128
2.19753 -0.794157 0.830373 128 128 128
2.20177 -0.826407 0.835564 128 128 128
2.18618 -0.851296 0.833617 128 128 128
2.19135 -0.884459 0.839457 128 128 128
2.128 -0.889307 0.819992 128 128 128
2.20108 -0.951919 0.85146 128 128 128
2.2272 -0.995912 0.865734 128 128 128
2.21824 -1.02476 0.867032 128 128 128
2.21489 -1.0564 0.8706 128 128 128
2.21872 -1.09188 0.877089 128 128 128
2.21442 -1.12375 0.880657 128 128 128
2.20968 -1.15568 0.884226 128 128 128
2.19782 -1.18406 0.885199 128 128 128
2.19057 -1.21508 0.888119 128 128 128
2.18288 -1.2461 0.891038 128 128 128
2.1715 -1.2752 0.89266 128 128 128
2.17024 -1.31058 0.8985 128 128 128
2.16604 -1.34461 0.903366 128 128 128
2.17168 -1.38537 0.91245 128 128 128
2.13634 -1.39996 0.904988 128 128 128
2.14173 -1.44143 0.914396 128 128 128
2.14487 -1.48215 0.923155 128 128 128
2.15041 -1.52536 0.933212 128 128 128
2.15139 -1.56614 0.941647 128 128 128
2.1358 -1.59526 0.943269 128 128 128
2.13781 -1.63807 0.952677 128 128 128
2.11903 -1.66535 0.953326 128 128 128
2.10211 -1.6942 0.954948 128 128 128
2.08554 -1.72349 0.956894 128 128 128
2.05846 -1.74406 0.954299 128 128 128
2.07256 -1.80025 0.97052 128 128 128
2.05596 -1.83059 0.973115 128 128 128
2.04939 -1.87037 0.980576 128 128 128
2.01663 -1.88632 0.976035 128 128 128
2.00764 -1.92469 0.982847 128 128 128
2.01285 -1.97774 0.996797 128 128 128
1.99441 -2.00834 0.999717 128 128 128
1.98671 -2.05035 1.00815 128 128 128
1.97567 -2.08971 1.01529 128 128 128
1.95372 -2.11798 1.01723 128 128 128
1.94275 -2.15869 1.02502 128 128 128
1.90302 -2.16742 1.01821 128 128 128
1.86461 -2.17695 1.01204 128 128 128
1.85955 -2.22583 1.02372 128 128 128
1.84462 -2.2639 1.03054 128 128 128
1.81435 -2.2834 1.02924 128 128 128
1.74225 -2.2486 1.00458 128 128 128
1.75151 -2.31892 1.02567 128 128 128
1.76154 -2.39286 1.04805 128 128 128
1.73095 -2.41276 1.04741 128 128 128
1.70553 -2.44002 1.05 128 128 128
1.68609 -2.47642 1.05649 128 128 128
1.66705 -2.51429 1.06363 128 128 128
1.64938 -2.55524 1.07206 128 128 128
1.63397 -2.60094 1.08244 128 128 128
1.60734 -2.62968 1.08601 128 128 128
1.57977 -2.65734 1.08925 128 128 128
1.5579 -2.69538 1.09672 128 128 128
1.53904 -2.73988 1.10677 128 128 128
1.50937 -2.76604 1.10969 128 128 128
1.47354 -2.781 1.1084 128 128 128
1.44276 -2.80561 1.11099 128 128 128
1.41243 -2.83158 1.11423 128 128 128
1.3784 -2.8504 1.11488 128 128 128
1.33851 -2.85681 1.11099 128 128 128
1.30764 -2.88251 1.11456 128 128 128
1.2771 -2.9096 1.11878 128 128 128
1.24387 -2.93115 1.12105 128 128 128
1.22033 -2.97685 1.1324 128 128 128
1.1903 -3.00832 1.13857 128 128 128
1.15363 -3.02358 1.13889 128 128 128
1.13367 -3.08459 1.15608 128 128 128
1.09259 -3.08935 1.15284 128 128 128
1.05278 -3.09715 1.15089 128 128 128
1.01206 -3.10174 1.14797 128 128 128
0.988266 -3.15998 1.16452 128 128 128
0.952655 -3.18275 1.16841 128 128 128
0.918705 -3.2124 1.1749 128 128 128
0.881445 -3.23164 1.17782 128 128 128
0.844324 -3.25229 1.18139 128 128 128
0.803223 -3.25781 1.17977 128 128 128
0.762328 -3.26374 1.17847 128 128 128
0.729314 -3.30519 1.18982 128 128 128
0.685638 -3.29907 1.18463 128 128 128
0.650321 -3.33416 1.19404 128 128 128
0.61121 -3.35213 1.19761 128 128 128
0.570343 -3.36124 1.19826 128 128 128
0.529198 -3.36893 1.19858 128 128 128
0.4905 -3.39389 1.20507 128 128 128
0.449183 -3.40247 1.20604 128 128 128
0.405394 -3.39082 1.2002 128 128 128
0.363753 -3.39554 1.2002 128 128 128
0.323731 -3.41764 1.20637 128 128 128
0.282302 -3.42795 1.20864 128 128 128
0.245929 -3.5142 1.23719 128 128 128
0.200118 -3.46974 1.22097 128 128 128
0.158735 -3.49934 1.23037 128 128 128
0.117379 -3.55113 1.24757 128 128 128
0.0744047 -3.58351 1.25827 128 128 128
0.029778 -3.49619 1.2281 128 128 128
-0.0132537 -3.52183 1.23686 128 128 128
-0.0569103 -3.54694 1.24562 128 128 128
-0.100516 -3.54881 1.24659 128 128 128
-0.144926 -3.5681 1.25373 128 128 128
-0.186914 -3.53299 1.24238 128 128 128
-0.230756 -3.53798 1.24497 128 128 128
-0.273116 -3.52168 1.24043 128 128 128
-0.317599 -3.5322 1.2453 128 128 128
-0.362965 -3.54779 1.25211 128 128 128
-0.405712 -3.53649 1.24984 128 128 128
-0.44908 -3.53125 1.24984 128 128 128
-0.491589 -3.51985 1.24789 128 128 128
-0.541199 -3.55563 1.26249 128 128 128
-0.583243 -3.53939 1.25925 128 128 128
-0.631622 -3.5599 1.26898 128 128 128
-0.679347 -3.57325 1.27644 128 128 128
-0.718985 -3.54425 1.2693 128 128 128
-2.06209 -2.98129 1.27222 128 128 128
-2.11387 -2.97734 1.28131 128 128 128
-2.15025 -2.95118 1.28131 128 128 128
-2.16532 -2.89656 1.2693 128 128 128
-2.20358 -2.87352 1.27093 128 128 128
-2.21584 -2.81729 1.25827 128 128 128
-2.29306 -2.84285 1.28163 128 128 128
-2.32114 -2.80649 1.27806 128 128 128
-2.34928 -2.77059 1.27482 128 128 128
-2.39056 -2.75011 1.27871 128 128 128
-2.42349 -2.71986 1.27839 128 128 128
-2.44264 -2.67456 1.27125 128 128 128
-2.48175 -2.65128 1.27449 128 128 128
-2.5036 -2.60972 1.2693 128 128 128
-2.53743 -2.58082 1.27028 128 128 128
-2.57832 -2.55881 1.27482 128 128 128
-2.60273 -2.5204 1.27157 128 128 128
-2.63346 -2.48827 1.27157 128 128 128
-2.6631 -2.45513 1.27125 128 128 128
-2.68599 -2.41595 1.26801 128 128 128
-2.71472 -2.38218 1.26768 128 128 128
-2.74231 -2.34746 1.26703 128 128 128
-2.76437 -2.30818 1.26411 128 128 128
-2.79028 -2.27229 1.26314 128 128 128
-2.80684 -2.22907 1.25827 128 128 128
-2.84147 -2.20024 1.26152 128 128 128
-2.86296 -2.16122 1.25925 128 128 128
-2.86487 -2.10802 1.24887 128 128 128
-2.90052 -2.07985 1.25308 128 128 128
-2.90565 -2.03004 1.24465 128 128 128
-2.93895 -2.00008 1.24822 128 128 128
-2.96406 -1.96438 1.24854 128 128 128
-2.96965 -1.91609 1.24108 128 128 128
-2.99054 -1.87799 1.24011 128 128 128
-2.9972 -1.83131 1.23362 128 128 128
-3.01131 -1.78957 1.23037 128 128 128
-3.02813 -1.74965 1.22843 128 128 128
-3.04937 -1.71235 1.22843 128 128 128
-3.05935 -1.66893 1.22421 128 128 128
-3.05367 -1.61756 1.21415 128 128 128
-3.06403 -1.57522 1.21059 128 128 128
-3.0789 -1.5354 1.20896 128 128 128
-3.09836 -1.49791 1.20929 128 128 128
-3.11651 -1.45978 1.20929 128 128 128
-3.11523 -1.41285 1.20215 128 128 128
-3.13666 -1.37641 1.20377 128 128 128
-3.14896 -1.33597 1.20215 128 128 128
-3.15549 -1.2933 1.19858 128 128 128
-3.16056 -1.25031 1.19469 128 128 128
-3.16771 -1.20841 1.19177 128 128 128
-3.18407 -1.1701 1.19242 128 128 128
-3.17946 -1.12433 1.18561 128 128 128
-3.17868 -1.08038 1.18041 128 128 128
-3.16741 -1.0334 1.17166 128 128 128
-3.16811 -0.990797 1.16744 128 128 128
-3.16643 -0.947793 1.16257 128 128 128
-3.17055 -0.906793 1.15998 128 128 128
-3.16683 -0.863852 1.15479 128 128 128
-3.17811 -0.825162 1.15511 128 128 128
-3.1412 -0.733863 1.13532 128 128 128
-3.1666 -0.698909 1.14116 128 128 128
-3.1351 -0.65177 1.12721 128 128 128
-3.13543 -0.611809 1.12462 128 128 128
-3.15294 -0.57514 1.12818 128 128 128
-3.1607 -0.536562 1.12851 128 128 128
-3.15583 -0.495987 1.12462 128 128 128
-3.14295 -0.45454 1.11813 128 128 128
-3.13422 -0.414096 1.11326 128 128 128
-3.12592 -0.374047 1.10872 128 128 128
-3.11992 -0.334563 1.10515 128 128 128
-3.11344 -0.295283 1.10158 128 128 128
-3.13851 -0.258814 1.10904 128 128 128
-2.97889 0.106021 0.972325 128 128 128
-2.9745 0.142433 0.97142 128 128 128
-2.93827 0.176877 0.960565 128 128 128
-2.92446 0.212099 0.956946 128 128 128
-2.9815 0.253022 0.975943 128 128 128
-2.97532 0.289315 0.975038 128 128 128
-2.93742 0.32208 0.964183 128 128 128
-2.91432 0.3558 0.958152 128 128 128
-2.90028 0.39027 0.955137 128 128 128
-2.87264 0.422512 0.9479 128 128 128
-2.85782 0.456233 0.944885 128 128 128
-2.83133 0.487718 0.938251 128 128 128
-2.81201 0.520005 0.934029 128 128 128
-2.79138 0.551707 0.929506 128 128 128
-2.76481 0.581807 0.923174 128 128 128
-2.74536 0.612996 0.919254 128 128 128
-2.70173 0.673283 0.910208 128 128 128
-2.69511 0.70687 0.910811 128 128 128
-2.68164 0.738626 0.909303 128 128 128
-2.66321 0.768838 0.906288 128 128 128
-2.64901 0.800086 0.90478 128 128 128
-2.63353 0.830814 0.902971 128 128 128
-2.59325 0.853251 0.89302 128 128 128
-2.55552 0.875751 0.883974 128 128 128
-2.54188 0.906086 0.883069 128 128 128
-2.51001 0.929605 0.876134 128 128 128
-2.48595 0.955553 0.871912 128 128 128
-2.46429 0.98211 0.868596 128 128 128
-2.4309 1.00356 0.861359 128 128 128
-2.40437 1.02732 0.856534 128 128 128
-2.38547 1.05406 0.854423 128 128 128
-2.36021 1.07771 0.850202 128 128 128
-2.3425 1.10457 0.848694 128 128 128
-2.31762 1.12781 0.844774 128 128 128
-2.29934 1.15403 0.843266 128 128 128
-2.27145 1.17516 0.838442 128 128 128
-2.24339 1.19577 0.833617 128 128 128
-2.22939 1.22367 0.833919 128 128 128
-2.20092 1.24344 0.829094 128 128 128
-2.16818 1.2603 0.822762 128 128 128
-2.14845 1.28437 0.821254 128 128 128
-2.11872 1.30216 0.816128 128 128 128
-2.09209 1.32145 0.812208 128 128 128
-2.05812 1.33561 0.805574 128 128 128
-2.03443 1.35602 0.80286 128 128 128
-2.00347 1.37119 0.797433 128 128 128
-1.98025 1.39129 0.79502 128 128 128
-1.95606 1.41048 0.792306 128 128 128
-1.92174 1.42191 0.785673 128 128 128
-1.89958 1.44193 0.783863 128 128 128
-1.85841 1.44698 0.774516 128 128 128
-1.83008 1.46136 0.770294 128 128 128
-1.80315 1.47646 0.766676 128 128 128
-1.77248 1.48806 0.76155 128 128 128
-1.75119 1.50722 0.760343 128 128 128
-1.72684 1.52355 0.757931 128 128 128
-1.70448 1.54143 0.756423 128 128 128
-1.67844 1.55575 0.753408 128 128 128
-1.65715 1.57426 0.752503 128 128 128
-1.62677 1.58385 0.747679 128 128 128
-1.59708 1.59359 0.743156 128 128 128
-1.57607 1.61171 0.742553 128 128 128
-1.54036 1.61438 0.735316 128 128 128
-1.51263 1.6248 0.731697 128 128 128
-1.48553 1.63548 0.72838 128 128 128
-1.45712 1.64431 0.72446 128 128 128
-1.42373 1.64693 0.718128 128 128 128
-1.40156 1.66209 0.717223 128 128 128
-1.36712 1.66224 0.710288 128 128 128
-1.34125 1.6722 0.707574 128 128 128
-1.30652 1.67052 0.700337 128 128 128
-1.28302 1.68263 0.69883 128 128 128
-1.25602 1.68984 0.695513 128 128 128
-1.22735 1.69432 0.691291 128 128 128
-1.20591 1.70848 0.69099 128 128 128
-1.18378 1.72157 0.690387 128 128 128
-1.15619 1.72647 0.686768 128 128 128
-1.13022 1.73334 0.684054 128 128 128
-1.09966 1.7326 0.678627 128 128 128
-1.07631 1.74272 0.67742 128 128 128
-1.05238 1.75171 0.675913 128 128 128
-1.02118 1.74803 0.669882 128 128 128
-0.99588 1.7538 0.66747 128 128 128
-0.971977 1.76172 0.665962 128 128 128
-0.947579 1.76847 0.664153 128 128 128
-0.924044 1.77659 0.662947 128 128 128
-0.899592 1.78269 0.661137 128 128 128
-0.872612 1.78332 0.657519 128 128 128
-0.84739 1.787 0.655107 128 128 128
-0.816629 1.77821 0.648473 128 128 128
-0.791255 1.78026 0.645759 128 128 128
-0.768595 1.78808 0.645156 128 128 128
-0.733772 1.76657 0.634602 128 128 128
-0.709905 1.77014 0.632793 128 128 128
-0.685716 1.77249 0.630682 128 128 128
-0.660242 1.77095 0.627365 128 128 128
-0.637492 1.77623 0.626461 128 128 128
-0.613777 1.77851 0.624651 128 128 128
-0.583188 1.75967 0.615907 128 128 128
-0.56184 1.7676 0.616208 128 128 128
-0.538714 1.7698 0.614701 128 128 128
-0.51562 1.7717 0.613193 128 128 128
-0.492816 1.77422 0.611987 128 128 128
-0.469295 1.77369 0.609876 128 128 128
-0.446327 1.77469 0.608368 128 128 128
-0.423184 1.77447 0.606559 128 128 128
-0.400325 1.77488 0.605051 128 128 128
-0.377519 1.77499 0.603544 128 128 128
-0.355333 1.77762 0.602941 128 128 128
-0.331907 1.77342 0.600227 128 128 128
-0.309297 1.77266 0.598719 128 128 128
-0.286908 1.77256 0.597513 128 128 128
-0.264993 1.775 0.597211 128 128 128
-0.242281 1.77151 0.595101 128 128 128
-0.219932 1.76962 0.593593 128 128 128
-0.197346 1.7646 0.591181 128 128 128
-0.175296 1.7631 0.589974 128 128 128
-0.15348 1.76322 0.589371 128 128 128
-0.131473 1.76021 0.587864 128 128 128
-0.109442 1.75503 0.585753 128 128 128
-0.0877029 1.75244 0.584547 128 128 128
-0.0660076 1.74862 0.583039 128 128 128
-0.0444193 1.74453 0.581531 128 128 128
-0.0229146 1.73827 0.579421 128 128 128
-0.00156868 1.73079 0.577008 128 128 128
0.0195298 1.71733 0.572787 128 128 128
0.0405591 1.71506 0.572184 128 128 128
0.061 1.69728 0.566756 128 128 128
0.0817333 1.6945 0.566153 128 128 128
0.102976 1.70098 0.568565 128 128 128
0.12391 1.70054 0.568867 128 128 128
0.143887 1.68844 0.56555 128 128 128
0.163586 1.67611 0.562233 128 128 128
0.183521 1.66829 0.560424 128 128 128
0.20375 1.66402 0.559821 128 128 128
0.222634 1.65005 0.556202 128 128 128
0.242036 1.64154 0.554393 128 128 128
0.261413 1.63374 0.552885 128 128 128
0.280635 1.62571 0.551378 128 128 128
0.303849 1.63995 0.557107 128 128 128
0.318234 1.6071 0.547759 128 128 128
0.337344 1.60028 0.546855 128 128 128
0.355298 1.58857 0.544442 128 128 128
0.376296 1.59059 0.546553 128 128 128
0.392796 1.57382 0.542633 128 128 128
0.412079 1.56888 0.542633 128 128 128
0.430037 1.55911 0.541125 128 128 128
0.453362 1.56838 0.54595 128 128 128
0.469271 1.55174 0.542331 128 128 128
0.489424 1.5495 0.543538 128 128 128
0.508699 1.54429 0.543839 128 128 128
0.526994 1.53612 0.543236 128 128 128
0.546125 1.53044 0.543538 128 128 128
0.564865 1.52362 0.543538 128 128 128
0.583861 1.51747 0.543839 128 128 128
0.602086 1.5093 0.543538 128 128 128
0.620562 1.5018 0.543538 128 128 128
0.638945 1.49407 0.543538 128 128 128
0.657616 1.48699 0.543839 128 128 128
0.675419 1.47794 0.543538 128 128 128
0.69188 1.46609 0.542331 128 128 128
0.710652 1.4592 0.542935 128 128 128
0.728078 1.44952 0.542633 128 128 128
0.745374 1.43963 0.542331 128 128 128
0.763432 1.43122 0.542633 128 128 128
0.780938 1.42174 0.542633 128 128 128
0.798326 1.41205 0.542633 128 128 128
0.815115 1.40132 0.542331 128 128 128
0.832739 1.39203 0.542633 128 128 128
0.849759 1.38171 0.542633 128 128 128
0.760327 1.20264 0.479612 128 128 128
0.514181 0.790772 0.327938 128 128 128
0.523847 0.784403 0.327938 128 128 128
0.610376 0.890474 0.371058 128 128 128
0.689169 0.979695 0.408449 128 128 128
0.792523 1.09805 0.457901 128 128 128
0.958372 1.29451 0.539015 128 128 128
0.969577 1.27657 0.536602 128 128 128
0.989852 1.2706 0.539015 128 128 128
1.00299 1.25537 0.537808 128 128 128
1.02556 1.25183 0.541427 128 128 128
1.04391 1.2428 0.542935 128 128 128
1.05971 1.23062 0.543236 128 128 128
1.0741 1.21681 0.542935 128 128 128
1.0832 1.19717 0.540221 128 128 128
1.11225 1.17022 0.540221 128 128 128
1.12786 1.15785 0.540824 128 128 128
1.144 1.14595 0.541728 128 128 128
1.18763 1.13268 0.548664 128 128 128
1.20214 1.11867 0.548965 128 128 128
1.2179 1.10576 0.54987 128 128 128
0.88319 0.544663 0.35779 128 128 128
0.896291 0.522824 0.35779 128 128 128
1.37836 0.78235 0.530873 128 128 128
1.39036 0.76676 0.531778 128 128 128
1.42151 0.761364 0.539618 128 128 128
1.47218 0.765449 0.554393 128 128 128
1.46615 0.739583 0.548965 128 128 128
1.48025 0.724053 0.550775 128 128 128
1.576 0.747155 0.58123 128 128 128
1.29489 0.594254 0.480215 128 128 128
1.42228 0.631844 0.521827 128 128 128
1.6217 0.696938 0.587864 128 128 128
1.64422 0.682846 0.592688 128 128 128
1.64982 0.661551 0.591784 128 128 128
1.67648 0.648493 0.598116 128 128 128
1.68253 0.627204 0.597513 128 128 128
1.70804 0.612964 0.603544 128 128 128
1.71633 0.59227 0.603845 128 128 128
1.72709 0.572365 0.605051 128 128 128
1.73853 0.552576 0.606559 128 128 128
1.74791 0.532035 0.607464 128 128 128
1.75523 0.510812 0.607765 128 128 128
1.77606 0.493328 0.61259 128 128 128
1.78659 0.472719 0.614098 128 128 128
1.7941 0.451226 0.614701 128 128 128
1.79672 0.428509 0.613796 128 128 128
1.8065 0.407481 0.615304 128 128 128
1.84493 0.392448 0.626159 128 128 128
1.85521 0.370904 0.627968 128 128 128
1.86337 0.348814 0.629174 128 128 128
1.8816 0.328391 0.633698 128 128 128
1.89114 0.306194 0.635507 128 128 128
1.90889 0.285086 0.64003 128 128 128
1.91225 0.26164 0.64003 128 128 128
1.92099 0.238864 0.641839 128 128 128
1.93704 0.216766 0.646061 128 128 128
1.95379 0.194405 0.650584 128 128 128
1.97312 0.171916 0.656011 128 128 128
1.97699 0.147834 0.656614 128 128 128
2.011 0.125605 0.666867 128 128 128
2.01716 0.101159 0.668374 128 128 128
2.0192 0.0764348 0.668676 128 128 128
2.02761 0.0518505 0.671088 128 128 128
2.02905 0.0269781 0.67139 128 128 128
2.02541 0.00207003 0.670184 128 128 128
2.03958 -0.0229362 0.674707 128 128 128
2.04582 -0.0481157 0.676817 128 128 128
2.05365 -0.0735187 0.679531 128 128 128
2.06117 -0.0991211 0.682245 128 128 128
2.06455 -0.124692 0.683753 128 128 128
2.06953 -0.150497 0.685864 128 128 128
2.08082 -0.177005 0.690085 128 128 128
2.09083 -0.20372 0.694005 128 128 128
2.11187 -0.23195 0.701544 128 128 128
2.10413 -0.257272 0.700036 128 128 128
2.1131 -0.284721 0.703956 128 128 128
2.12266 -0.312567 0.708177 128 128 128
2.1535 -0.344137 0.719334 128 128 128
2.15851 -0.372151 0.72235 128 128 128
2.16503 -0.400687 0.725968 128 128 128
2.17305 -0.429807 0.73019 128 128 128
2.17881 -0.458792 0.733808 128 128 128
2.18977 -0.489226 0.739236 128 128 128
2.19937 -0.51978 0.744362 128 128 128
2.19653 -0.547651 0.745568 128 128 128
2.19057 -0.574805 0.74587 128 128 128
2.18427 -0.601897 0.746171 128 128 128
2.15473 -0.62232 0.738934 128 128 128
2.18253 -0.659448 0.750694 128 128 128
2.18519 -0.689618 0.754313 128 128 128
2.182 -0.718167 0.756122 128 128 128
2.16102 -0.770541 0.755217 128 128 128
2.17823 -0.806922 0.764263 128 128 128
2.20229 -0.97323 0.7911 128 128 128
2.19451 -1.00216 0.792608 128 128 128
2.21309 -1.17965 0.822762 128 128 128
2.19594 -1.20534 0.821857 128 128 128
2.01444 -2.00954 0.929506 128 128 128
1.99096 -2.03547 0.930109 128 128 128
1.96847 -2.0625 0.931315 128 128 128
1.8949 -2.03489 0.909002 128 128 128
1.87428 -2.06293 0.911112 128 128 128
1.92918 -2.17635 0.949408 128 128 128
1.89422 -2.19049 0.945488 128 128 128
1.87827 -2.22668 0.950915 128 128 128
1.86292 -2.26429 0.956946 128 128 128
1.84157 -2.29515 0.960263 128 128 128
1.8209 -2.32734 0.964183 128 128 128
1.78758 -2.34345 0.961771 128 128 128
1.7752 -2.38739 0.970515 128 128 128
1.74632 -2.40976 0.970817 128 128 128
1.71607 -2.43023 0.970515 128 128 128
1.70667 -2.48095 0.981974 128 128 128
1.69468 -2.52942 0.992528 128 128 128
1.64631 -2.52368 0.982577 128 128 128
1.63772 -2.5791 0.995845 128 128 128
1.58789 -2.56981 0.984989 128 128 128
1.58278 -2.63322 1.00127 128 128 128
1.55228 -2.65574 1.00248 128 128 128
1.52852 -2.69033 1.00821 128 128 128
1.48663 -2.69303 1.00248 128 128 128
1.4679 -2.73796 1.01213 128 128 128
1.4593 -2.80396 1.02932 128 128 128
1.41704 -2.80634 1.02389 128 128 128
1.39257 -2.84407 1.03112 128 128 128
1.36206 -2.87041 1.03444 128 128 128
1.32913 -2.89211 1.03625 128 128 128
1.28966 -2.89949 1.03324 128 128 128
1.26077 -2.93086 1.03866 128 128 128
1.23277 -2.96548 1.0453 128 128 128
1.19913 -2.98746 1.04771 128 128 128
1.1641 -3.0064 1.04922 128 128 128
1.13746 -3.04814 1.05856 128 128 128
1.09126 -3.03765 1.05042 128 128 128
1.06045 -3.06973 1.05676 128 128 128
1.0233 -3.08432 1.05736 128 128 128
0.984213 -3.09302 1.05615 128 128 128
0.962882 -3.15958 1.07424 128 128 128
0.93392 -3.20502 1.0854 128 128 128
0.899637 -3.23461 1.09143 128 128 128
0.863299 -3.25831 1.09565 128 128 128
0.822783 -3.26681 1.09505 128 128 128
0.783076 -3.27851 1.09565 128 128 128
0.747837 -3.31019 1.10289 128 128 128
0.703974 -3.3042 1.09807 128 128 128
0.666563 -3.32848 1.10319 128 128 128
0.626195 -3.33922 1.1041 128 128 128
0.585829 -3.35041 1.1053 128 128 128
0.545895 -3.36488 1.10772 128 128 128
0.505552 -3.37792 1.10983 128 128 128
0.4664 -3.40088 1.11525 128 128 128
0.423093 -3.39404 1.11133 128 128 128
0.381944 -3.40372 1.11284 128 128 128
0.342143 -3.42807 1.11917 128 128 128
0.301551 -3.44911 1.1246 128 128 128
0.258916 -3.44875 1.1234 128 128 128
0.217356 -3.46403 1.12732 128 128 128
0.176283 -3.49501 1.13636 128 128 128
0.13294 -3.48548 1.13274 128 128 128
0.0898322 -3.47445 1.12882 128 128 128
0.0474151 -3.4915 1.13395 128 128 128
0.00462869 -3.529 1.14571 128 128 128
-0.038547 -3.5164 1.14179 128 128 128
-0.0811077 -3.48993 1.13365 128 128 128
-0.124933 -3.51726 1.14269 128 128 128
-0.170795 -3.5726 1.16079 128 128 128
-0.214282 -3.56452 1.15898 128 128 128
-1.76724 -3.22097 1.19154 128 128 128
-1.81179 -3.20818 1.19486 128 128 128
-1.84575 -3.17663 1.19154 128 128 128
-1.88997 -3.16275 1.19486 128 128 128
-1.92914 -3.14013 1.19516 128 128 128
-0.481546 -0.760735 0.314369 128 128 128
-0.485659 -0.746767 0.311353 128 128 128
-2.00114 -3.0035 1.17104 128 128 128
-2.05023 -2.99682 1.17797 128 128 128
-2.10656 -2.99953 1.18883 128 128 128
-2.15101 -2.98429 1.19305 128 128 128
-2.18464 -2.95383 1.19154 128 128 128
-2.21324 -2.91692 1.18762 128 128 128
-2.2635 -2.90836 1.19516 128 128 128
-2.28713 -2.86546 1.18913 128 128 128
-2.31608 -2.82979 1.18611 128 128 128
-2.35615 -2.80773 1.18883 128 128 128
-2.3898 -2.77789 1.18853 128 128 128
-2.42182 -2.7462 1.18762 128 128 128
-2.45598 -2.71699 1.18792 128 128 128
-2.49108 -2.68874 1.18883 128 128 128
-2.5101 -2.64344 1.1825 128 128 128
-2.54834 -2.6186 1.18521 128 128 128
-2.58028 -2.58713 1.18521 128 128 128
-2.60502 -2.5486 1.18219 128 128 128
-2.64575 -2.52566 1.18642 128 128 128
-2.66678 -2.4839 1.18219 128 128 128
-2.69636 -2.45034 1.18189 128 128 128
-2.72408 -2.41517 1.18099 128 128 128
-2.7528 -2.38094 1.18069 128 128 128
-2.78181 -2.34698 1.18069 128 128 128
-2.80451 -2.30782 1.17827 128 128 128
-2.81626 -2.26009 1.17164 128 128 128
-2.84304 -2.22477 1.17134 128 128 128
-2.87088 -2.1903 1.17164 128 128 128
-2.87995 -2.14181 1.16471 128 128 128
-2.90679 -2.10686 1.16501 128 128 128
-2.92386 -2.06498 1.16169 128 128 128
-2.94898 -2.02895 1.16169 128 128 128
-2.96574 -1.98729 1.15867 128 128 128
-2.97234 -1.93928 1.15204 128 128 128
-2.98787 -1.89755 1.14903 128 128 128
-3.01823 -1.86525 1.15174 128 128 128
-3.03272 -1.82316 1.14872 128 128 128
-3.04334 -1.77906 1.1445 128 128 128
-3.04174 -1.72838 1.13606 128 128 128
-3.05604 -1.68724 1.13365 128 128 128
-3.07484 -1.64871 1.13304 128 128 128
-3.08723 -1.60688 1.13033 128 128 128
-3.10927 -1.57017 1.13123 128 128 128
-3.11974 -1.5277 1.12822 128 128 128
-3.12878 -1.4848 1.1249 128 128 128
-3.1407 -1.4435 1.12279 128 128 128
-3.14076 -1.3971 1.11676 128 128 128
-3.15942 -1.3592 1.11736 128 128 128
-3.16794 -1.31703 1.11465 128 128 128
-3.1759 -1.27486 1.11194 128 128 128
-3.17619 -1.22993 1.10681 128 128 128
-3.17497 -1.18485 1.10138 128 128 128
-3.2096 -0.935256 1.08691 128 128 128
-3.19052 -0.887355 1.07696 128 128 128
-3.18458 -0.843733 1.07153 128 128 128
-3.18453 -0.802024 1.06821 128 128 128
-3.18578 -0.760888 1.0655 128 128 128
-3.19674 -0.722157 1.0661 128 128 128
-3.18858 -0.679291 1.06068 128 128 128
-3.19761 -0.640299 1.06098 128 128 128
-3.19023 -0.598193 1.05615 128 128 128
-3.19546 -0.55867 1.05555 128 128 128
-3.19266 -0.517884 1.05253 128 128 128
-3.17992 -0.475836 1.0465 128 128 128
-3.17324 -0.435089 1.04258 128 128 128
-3.15847 -0.39363 1.03625 128 128 128
-3.12344 0.00534426 0.931408 128 128 128
-3.06166 0.0427336 0.91367 128 128 128
-3.18 0.0835841 0.948036 128 128 128
-3.15569 0.121683 0.941385 128 128 128
-2.94249 0.331201 0.88457 128 128 128
-2.9239 0.365478 0.880412 128 128 128
-2.88494 0.396573 0.870435 128 128 128
-2.87985 0.431945 0.870435 128 128 128
-2.85442 0.463988 0.864615 128 128 128
-2.83338 0.496307 0.860181 128 128 128
-2.81008 0.527823 0.855192 128 128 128
-2.79868 0.561316 0.853806 128 128 128
-2.77561 0.592186 0.849095 128 128 128
-2.76252 0.624923 0.847432 128 128 128
-2.7481 0.657202 0.845492 128 128 128
-2.73238 0.688986 0.843275 128 128 128
-2.70886 0.718502 0.83884 128 128 128
-2.68226 0.746768 0.833575 128 128 128
-2.66829 0.778275 0.832189 128 128 128
-2.64935 0.808144 0.829417 128 128 128
-2.61361 0.832392 0.821657 128 128 128
-2.7472 0.912457 0.865447 128 128 128
-2.71946 0.940425 0.860458 128 128 128
-2.59928 0.934556 0.8272 128 128 128
-2.53993 0.948497 0.812511 128 128 128
-2.51109 0.972973 0.807246 128 128 128
-2.47668 0.994728 0.800317 128 128 128
-2.42173 1.00727 0.787014 128 128 128
-2.41007 1.03729 0.787291 128 128 128
-2.384 1.06091 0.783134 128 128 128
-2.36383 1.08686 0.780917 128 128 128
-2.34251 1.11207 0.778422 128 128 128
-2.32178 1.13734 0.776205 128 128 128
-2.29651 1.16009 0.772602 128 128 128
-2.27018 1.18196 0.768722 128 128 128
-2.23943 1.20107 0.763456 128 128 128
-2.21612 1.22381 0.760685 128 128 128
-2.18591 1.24234 0.755696 128 128 128
-2.16139 1.26372 0.752648 128 128 128
-2.13502 1.2837 0.749045 128 128 128
-2.10441 1.30068 0.744056 128 128 128
-2.07533 1.31814 0.739622 128 128 128
-2.04935 1.3372 0.736296 128 128 128
-2.01126 1.34777 0.728813 128 128 128
-1.98587 1.36634 0.725764 128 128 128
-1.9619 1.38561 0.72327 128 128 128
-1.9362 1.40336 0.720222 128 128 128
-1.91114 1.42127 0.71745 128 128 128
-1.88974 1.44169 0.716064 128 128 128
-1.86435 1.45884 0.713293 128 128 128
-1.83882 1.47558 0.710521 128 128 128
-1.81983 1.49743 0.710244 128 128 128
-1.78959 1.50971 0.70581 128 128 128
-1.76077 1.52274 0.70193 128 128 128
-1.73836 1.54104 0.700544 128 128 128
-1.70654 1.55061 0.695555 128 128 128
-1.66421 1.54978 0.68641 128 128 128
-1.64923 1.57407 0.688072 128 128 128
-1.62499 1.58948 0.686132 128 128 128
-1.59182 1.59568 0.680589 128 128 128
-1.5661 1.60888 0.678095 128 128 128
-1.53963 1.621 0.675324 128 128 128
-1.5105 1.62989 0.671444 128 128 128
-1.48331 1.64045 0.668395 128 128 128
-1.44404 1.63688 0.660081 128 128 128
-1.42009 1.6501 0.658418 128 128 128
-1.4059 1.67477 0.661189 128 128 128
-1.37127 1.67477 0.654815 128 128 128
-1.33387 1.67042 0.647055 128 128 128
-1.31091 1.68363 0.645946 128 128 128
-1.27915 1.68502 0.64068 128 128 128
-1.25495 1.69595 0.639017 128 128 128
-1.23068 1.70654 0.637355 128 128 128
-1.2102 1.7223 0.637632 128 128 128
-1.17652 1.71877 0.631257 128 128 128
-1.15375 1.73067 0.630426 128 128 128
-1.12825 1.73824 0.628209 128 128 128
-1.10581 1.75033 0.627654 128 128 128
-1.07572 1.74984 0.622943 128 128 128
-1.04778 1.75218 0.61934 128 128 128
-1.02476 1.76241 0.618509 128 128 128
-0.998811 1.76731 0.616014 128 128 128
-0.969215 1.7651 0.611303 128 128 128
-0.94478 1.77177 0.60964 128 128 128
-0.917687 1.77298 0.606314 128 128 128
-0.892425 1.77723 0.604097 128 128 128
-0.864685 1.77594 0.600217 128 128 128
-0.836295 1.7725 0.595783 128 128 128
-0.814481 1.78263 0.595783 128 128 128
-0.784036 1.77314 0.589685 128 128 128
-0.762218 1.78263 0.589685 128 128 128
-0.73481 1.77852 0.585528 128 128 128
-0.70868 1.77668 0.582202 128 128 128
-0.686138 1.78345 0.581648 128 128 128
-0.654903 1.76649 0.573888 128 128 128
-0.632213 1.77168 0.573056 128 128 128
-0.608875 1.77476 0.571671 128 128 128
-0.585856 1.77844 0.570562 128 128 128
-0.56255 1.78091 0.569176 128 128 128
-0.539273 1.78308 0.567791 128 128 128
-0.516027 1.78495 0.566405 128 128 128
-0.492563 1.78558 0.564742 128 128 128
-0.47013 1.78963 0.564188 128 128 128
-0.445827 1.78594 0.561416 128 128 128
-0.422562 1.78566 0.559753 128 128 128
-0.40124 1.79353 0.560585 128 128 128
-0.377827 1.79173 0.558645 128 128 128
-0.353781 1.78586 0.555596 128 128 128
-0.330801 1.7844 0.553933 128 128 128
-0.308394 1.78548 0.553102 128 128 128
-0.286161 1.78724 0.552548 128 128 128
-0.263655 1.78681 0.551439 128 128 128
-0.240823 1.78324 0.549499 128 128 128
-0.218233 1.78034 0.547836 128 128 128
-0.195854 1.77811 0.54645 128 128 128
-0.172376 1.76316 0.541462 128 128 128
-0.150487 1.76227 0.54063 128 128 128
-0.128647 1.76111 0.539799 128 128 128
-0.106858 1.75968 0.538967 128 128 128
-0.0850787 1.75702 0.537859 128 128 128
-0.0633486 1.75313 0.536473 128 128 128
-0.0416027 1.74321 0.533424 128 128 128
-0.0200921 1.7311 0.529822 128 128 128
0.00112952 1.72352 0.527604 128 128 128
0.0223972 1.73107 0.529822 128 128 128
0.0432678 1.71722 0.525941 128 128 128
0.0642609 1.71463 0.525387 128 128 128
0.0857475 1.72235 0.527882 128 128 128
0.105146 1.69432 0.520121 128 128 128
0.125268 1.68428 0.517627 128 128 128
0.145928 1.68262 0.517627 128 128 128
0.165594 1.67114 0.514856 128 128 128
0.185872 1.66708 0.514301 128 128 128
0.206557 1.66658 0.514856 128 128 128
0.226067 1.65725 0.512916 128 128 128
0.246243 1.6534 0.512638 128 128 128
0.265115 1.64172 0.510144 128 128 128
0.284239 1.63267 0.508481 128 128 128
0.303181 1.6234 0.506818 128 128 128
0.320986 1.60919 0.50377 128 128 128
0.340306 1.60325 0.503215 128 128 128
0.359741 1.59802 0.502938 128 128 128
0.378875 1.59162 0.502384 128 128 128
0.398141 1.58592 0.502107 128 128 128
0.417573 1.58091 0.502107 128 128 128
0.436165 1.57289 0.501275 128 128 128
0.455163 1.5665 0.500998 128 128 128
0.473226 1.55712 0.49989 128 128 128
0.491712 1.54937 0.499335 128 128 128
0.509776 1.54048 0.498504 128 128 128
0.526119 1.52685 0.496287 128 128 128
0.544164 1.51847 0.495732 128 128 128
0.562082 1.50988 0.495178 128 128 128
0.580917 1.50376 0.495455 128 128 128
0.599686 1.49741 0.495732 128 128 128
0.620609 1.49615 0.497673 128 128 128
0.638922 1.48842 0.497673 128 128 128
0.655963 1.47783 0.496841 128 128 128
0.674049 1.46967 0.496841 128 128 128
0.695754 1.4691 0.499335 128 128 128
0.715002 1.46303 0.500167 128 128 128
0.733336 1.45501 0.500444 128 128 128
0.751136 1.4459 0.500444 128 128 128
0.77019 1.43911 0.501275 128 128 128
0.781736 1.41863 0.497673 128 128 128
0.802895 1.4156 0.49989 128 128 128
0.817288 1.40067 0.498227 128 128 128
0.835904 1.393 0.499058 128 128 128
0.850909 1.37938 0.49795 128 128 128
0.576476 0.911873 0.341639 128 128 128
0.509192 0.784962 0.300344 128 128 128
0.526829 0.790614 0.304501 128 128 128
0.605282 0.883711 0.339422 128 128 128
0.758874 1.07768 0.410648 128 128 128
0.807648 1.11723 0.428109 128 128 128
0.964969 1.29974 0.497395 128 128 128
0.985519 1.29391 0.499613 128 128 128
1.00251 1.28323 0.500167 128 128 128
1.01698 1.26933 0.499613 128 128 128
1.03309 1.2575 0.49989 128 128 128
1.03727 1.23152 0.494901 128 128 128
1.05104 1.21725 0.494347 128 128 128
1.06079 1.19852 0.49213 128 128 128
1.08319 1.19393 0.495455 128 128 128
1.10038 1.18336 0.496564 128 128 128
1.12745 1.18295 0.50183 128 128 128
1.14323 1.1704 0.502384 128 128 128
1.15818 1.15695 0.502661 128 128 128
1.17436 1.14466 0.503493 128 128 128
1.18483 1.12686 0.502107 128 128 128
1.2014 1.11485 0.503215 128 128 128
1.21713 1.10195 0.504047 128 128 128
1.23056 1.08693 0.504047 128 128 128
1.24453 1.07237 0.504324 128 128 128
1.2576 1.05702 0.504324 128 128 128
1.27271 1.04333 0.505155 128 128 128
1.28767 1.02943 0.505987 128 128 128
1.30476 1.01708 0.50765 128 128 128
1.31868 1.00215 0.508204 128 128 128
1.31541 0.974492 0.502661 128 128 128
1.32883 0.959397 0.503215 128 128 128
1.34286 0.944671 0.504047 128 128 128
1.35753 0.930286 0.505155 128 128 128
1.11188 0.742977 0.416191 128 128 128
1.04022 0.677123 0.388477 128 128 128
0.957363 0.607009 0.357436 128 128 128
0.958183 0.591202 0.355219 128 128 128
0.894363 0.537132 0.331384 128 128 128
0.925003 0.540074 0.339422 128 128 128
1.2322 0.697797 0.438917 128 128 128
1.24235 0.683545 0.439472 128 128 128
1.43482 0.76598 0.499613 128 128 128
1.44753 0.750074 0.500721 128 128 128
1.45577 0.731825 0.500444 128 128 128
1.46637 0.714743 0.500998 128 128 128
1.48547 0.701593 0.504324 128 128 128
1.50971 0.690466 0.509313 128 128 128
1.5295 0.676915 0.512916 128 128 128
1.56776 0.670875 0.522339 128 128 128
1.58743 0.656331 0.525941 128 128 128
1.55249 0.619805 0.512638 128 128 128
1.35266 0.521452 0.448617 128 128 128
1.34092 0.498172 0.443075 128 128 128
1.663 0.593697 0.539799 128 128 128
1.70745 0.585948 0.551162 128 128 128
1.71817 0.566145 0.55227 128 128 128
1.72957 0.546455 0.553656 128 128 128
1.74443 0.527675 0.55615 128 128 128
1.75724 0.508082 0.558091 128 128 128
1.76427 0.486733 0.558368 128 128 128
1.76918 0.464804 0.558091 128 128 128
1.77475 0.443059 0.558091 128 128 128
1.79034 0.423658 0.561139 128 128 128
1.77758 0.397709 0.555873 128 128 128
1.81055 0.381751 0.564188 128 128 128
1.81981 0.360427 0.565574 128 128 128
1.82693 0.338587 0.566405 128 128 128
1.83474 0.316788 0.567514 128 128 128
1.84323 0.294998 0.568899 128 128 128
1.83911 0.271251 0.566682 128 128 128
1.87468 0.252961 0.576105 128 128 128
1.88814 0.231199 0.579154 128 128 128
1.89083 0.208011 0.579154 128 128 128
1.91237 0.186618 0.584697 128 128 128
1.91547 0.163216 0.584974 128 128 128
1.93267 0.140783 0.589408 128 128 128
1.97741 0.119577 0.60188 128 128 128
1.99025 0.0958329 0.605206 128 128 128
1.98263 0.07111 0.602711 128 128 128
1.94878 0.0460299 0.592734 128 128 128
1.98186 0.0224145 0.602157 128 128 128
2.01465 -0.00200603 0.61158 128 128 128
2.01928 -0.0268022 0.612966 128 128 128
2.04185 -0.0522152 0.619617 128 128 128
2.04874 -0.077574 0.621834 128 128 128
2.04763 -0.102709 0.621834 128 128 128
2.05676 -0.128509 0.624883 128 128 128
2.05407 -0.153665 0.624606 128 128 128
2.05969 -0.179543 0.626823 128 128 128
2.06307 -0.205387 0.628486 128 128 128
2.07471 -0.232321 0.632643 128 128 128
2.07742 -0.258486 0.634306 128 128 128
2.08076 -0.284885 0.636246 128 128 128
2.0828 -0.311261 0.637909 128 128 128
2.08831 -0.338351 0.64068 128 128 128
2.08778 -0.364621 0.641789 128 128 128
2.08976 -0.391465 0.643729 128 128 128
2.10175 -0.420505 0.648718 128 128 128
2.11804 -0.450907 0.655092 128 128 128
2.15544 -0.486679 0.667841 128 128 128
2.11848 -0.505673 0.658695 128 128 128
2.11863 -0.533286 0.660635 128 128 128
2.13328 -0.564942 0.667009 128 128 128
2.14747 -0.597036 0.673384 128 128 128
2.16488 -0.630644 0.680867 128 128 128
2.19096 -0.667585 0.691121 128 128 128
2.17162 -0.690906 0.687795 128 128 128
2.1721 -0.720545 0.690567 128 128 128
2.15674 -0.744938 0.688627 128 128 128
2.15105 -0.772654 0.689735 128 128 128
2.1603 -0.80608 0.695555 128 128 128
2.16636 -0.838802 0.700544 128 128 128
2.14788 -0.862089 0.69805 128 128 128
2.11941 -0.880974 0.692507 128 128 128
2.12343 -0.913397 0.697218 128 128 128
2.134 -0.949186 0.704147 128 128 128
2.16319 -0.994231 0.717173 128 128 128
2.18205 -1.03559 0.72715 128 128 128
2.19332 -1.07416 0.73491 128 128 128
2.1894 -1.10577 0.737959 128 128 128
2.18758 -1.13879 0.741839 128 128 128
2.18783 -1.17329 0.746551 128 128 128
2.18335 -1.20564 0.749876 128 128 128
2.18591 -1.24234 0.755696 128 128 128
2.17382 -1.27102 0.756805 128 128 128
2.16217 -1.30008 0.758191 128 128 128
2.15504 -1.33209 0.761239 128 128 128
2.1442 -1.36205 0.763179 128 128 128
2.10883 -1.37615 0.756805 128 128 128
2.10295 -1.40943 0.760685 128 128 128
2.11633 -1.45642 0.771494 128 128 128
2.12025 -1.49784 0.779254 128 128 128
2.11492 -1.53336 0.783965 128 128 128
2.11981 -1.57701 0.792557 128 128 128
2.11632 -1.61517 0.798377 128 128 128
2.10919 -1.65111 0.803088 128 128 128
2.0738 -1.66481 0.797545 128 128 128
2.04655 -1.68463 0.795051 128 128 128
1.99932 -1.68727 0.785074 128 128 128
2.01692 -1.74505 0.799763 128 128 128
2.04202 -1.81118 0.817777 128 128 128
2.03526 -1.85035 0.823874 128 128 128
2.00889 -1.8719 0.822489 128 128 128
1.98438 -1.89509 0.821934 128 128 128
1.9836 -1.94151 0.83108 128 128 128
1.95963 -1.9657 0.83108 128 128 128
1.94873 -2.0034 0.836623 128 128 128
1.92731 -2.03065 0.838009 128 128 128
1.90811 -2.0605 0.840503 128 128 128
1.89361 -2.0959 0.845215 128 128 128
1.87282 -2.12475 0.847432 128 128 128
1.86474 -2.16873 0.855469 128 128 128
1.84724 -2.2025 0.859626 128 128 128
1.81825 -2.22277 0.858795 128 128 128
1.78246 -2.23439 0.854915 128 128 128
1.73017 -2.22421 0.843275 128 128 128
1.70449 -2.24757 0.844106 128 128 128
1.71155 -2.3155 0.861012 128 128 128
1.73682 -2.41125 0.887618 128 128 128
1.71866 -2.44891 0.893438 128 128 128
1.69985 -2.48649 0.899258 128 128 128
1.66442 -2.49996 0.896764 128 128 128
1.63779 -2.52665 0.898981 128 128 128
1.6082 -2.549 0.899813 128 128 128
1.5778 -2.57018 0.900367 128 128 128
1.55253 -2.60008 0.90397 128 128 128
1.53061 -2.6364 0.90979 128 128 128
1.51416 -2.68346 0.919213 128 128 128
1.49356 -2.7246 0.926696 128 128 128
1.46226 -2.74697 0.928082 128 128 128
1.43328 -2.7741 0.93113 128 128 128
1.4103 -2.81383 0.938336 128 128 128
1.37524 -2.83006 0.938059 128 128 128
1.33837 -2.84237 0.936673 128 128 128
1.30379 -2.85946 0.93695 128 128 128
1.28677 -2.91658 0.949976 128 128 128
1.25652 -2.94541 0.954134 128 128 128
1.2243 -2.97039 0.957182 128 128 128
1.19625 -3.00663 0.963834 128 128 128
1.15515 -3.01031 0.960508 128 128 128
1.11679 -3.02065 0.959399 128 128 128
1.08478 -3.04862 0.963834 128 128 128
1.04636 -3.05897 0.963002 128 128 128
1.01143 -3.0798 0.965497 128 128 128
0.974131 -3.09382 0.966051 128 128 128
0.947966 -3.14511 0.977968 128 128 128
0.907181 -3.14912 0.975751 128 128 128
0.865933 -3.15074 0.97298 128 128 128
0.838097 -3.20298 0.985451 128 128 128
0.791348 -3.18317 0.976582 128 128 128
0.749157 -3.17955 0.972702 128 128 128
0.727737 -3.26824 0.99626 128 128 128
0.684045 -3.25999 0.991271 128 128 128
0.657465 -3.33698 1.0115 128 128 128
0.612832 -3.32495 1.00568 128 128 128
0.571822 -3.33127 1.00541 128 128 128
0.533146 -3.35227 1.00956 128 128 128
0.496112 -3.38709 1.01788 128 128 128
0.455142 -3.39768 1.01926 128 128 128
0.412954 -3.3992 1.01815 128 128 128
0.374712 -3.43649 1.02758 128 128 128
0.331417 -3.42935 1.02425 128 128 128
0.290741 -3.45039 1.02924 128 128 128
0.247767 -3.44508 1.02675 128 128 128
0.205472 -3.44786 1.02675 128 128 128
0.162615 -3.4386 1.02342 128 128 128
0.121186 -3.46338 1.03007 128 128 128
0.0789236 -3.47614 1.0334 128 128 128
0.0364292 -3.4951 1.03866 128 128 128
-0.00642326 -3.48183 1.03478 128 128 128
-0.0496201 -3.51223 1.04365 128 128 128
-0.0924256 -3.50079 1.0406 128 128 128
-0.136565 -3.52916 1.0492 128 128 128
-0.181564 -3.55984 1.05862 128 128 128
-0.22369 -3.53337 1.05169 128 128 128
-0.270491 -3.57539 1.06472 128 128 128
-0.311104 -3.53543 1.05418 128 128 128
-0.353398 -3.52083 1.05114 128 128 128
-0.401255 -3.55728 1.06305 128 128 128
-0.447529 -3.57306 1.06915 128 128 128
-0.494382 -3.58919 1.07552 128 128 128
-0.532923 -3.54675 1.06499 128 128 128
-0.579051 -3.55607 1.0697 128 128 128
-0.626823 -3.57235 1.07663 128 128 128
-0.670436 -3.56344 1.07636 128 128 128
-0.710118 -3.53517 1.07054 128 128 128
-0.753043 -3.52431 1.06998 128 128 128
-1.97821 -3.11078 1.09382 128 128 128
-2.00255 -3.06537 1.08661 128 128 128
-2.02983 -3.02541 1.08134 128 128 128
-2.07499 -3.01214 1.0855 128 128 128
-2.12513 -3.00526 1.09215 128 128 128
-2.16581 -2.98439 1.09409 128 128 128
-2.20169 -2.95682 1.09382 128 128 128
-2.2419 -2.93492 1.09576 128 128 128
-2.27537 -2.90416 1.09465 128 128 128
-2.3018 -2.8648 1.09049 128 128 128
-2.34474 -2.84597 1.09409 128 128 128
-2.37203 -2.80818 1.09077 128 128 128
-2.41387 -2.78757 1.09409 128 128 128
-2.44215 -2.75128 1.0916 128 128 128
-2.47379 -2.71897 1.09077 128 128 128
-2.51353 -2.69543 1.09354 128 128 128
-2.5298 -2.64703 1.08661 128 128 128
-2.56479 -2.61853 1.08772 128 128 128
-2.59741 -2.58754 1.088 128 128 128
-2.62965 -2.55614 1.08827 128 128 128
-2.64477 -2.50849 1.0819 128 128 128
-2.69159 -2.49083 1.08827 128 128 128
-2.69983 -2.43768 1.07968 128 128 128
-2.73026 -2.405 1.07996 128 128 128
-2.7406 -2.35505 1.07275 128 128 128
-2.77519 -2.32618 1.07497 128 128 128
-2.81544 -2.30166 1.0794 128 128 128
-2.82843 -2.25498 1.07386 128 128 128
-2.84754 -2.21362 1.07081 128 128 128
-2.86836 -2.17387 1.0686 128 128 128
-2.88631 -2.13224 1.06555 128 128 128
-2.90134 -2.08881 1.06167 128 128 128
-2.92675 -2.05305 1.06167 128 128 128
-2.94617 -2.01319 1.05973 128 128 128
-2.96104 -1.97051 1.0564 128 128 128
-2.96967 -1.92412 1.05114 128 128 128
-2.99306 -1.88753 1.05114 128 128 128
-3.00698 -1.84514 1.04809 128 128 128
-3.02857 -1.80761 1.04781 128 128 128
-3.04138 -1.76501 1.04476 128 128 128
-3.06281 -1.72756 1.04476 128 128 128
-3.0745 -1.68477 1.04171 128 128 128
-3.0941 -1.64647 1.04143 128 128 128
-3.10553 -1.60398 1.03866 128 128 128
-3.12412 -1.56532 1.03839 128 128 128
-3.13531 -1.52309 1.03589 128 128 128
-3.1442 -1.48001 1.03284 128 128 128
-3.15162 -1.43655 1.02952 128 128 128
-3.15846 -1.39312 1.02619 128 128 128
-3.17443 -1.35388 1.02591 128 128 128
-3.17214 -1.30716 1.02009 128 128 128
-3.17812 -1.26424 1.01705 128 128 128
-3.18801 -1.22308 1.01538 128 128 128
-3.19016 -1.17922 1.0115 128 128 128
-3.19352 -1.13613 1.00818 128 128 128
-3.18994 -1.09097 1.00291 128 128 128
-3.19852 -1.05025 1.00153 128 128 128
-3.20292 -1.00833 0.999031 128 128 128
-3.19757 -0.963706 0.993766 128 128 128
-3.18606 -0.917774 0.986837 128 128 128
-3.21006 -0.882156 0.990717 128 128 128
-3.20351 -0.713406 0.977137 128 128 128
-3.17158 -0.665605 0.965219 128 128 128
-3.18328 -0.627373 0.966328 128 128 128
-3.19168 -0.588435 0.966605 128 128 128
-3.19961 -0.549385 0.966882 128 128 128
-3.18713 -0.507084 0.961339 128 128 128
-3.18836 -0.467244 0.959954 128 128 128
-3.17385 -0.425428 0.954134 128 128 128
-3.1712 -0.38553 0.951916 128 128 128
-3.17092 -0.34607 0.950531 128 128 128
-3.15484 -0.305215 0.944711 128 128 128
-3.15069 -0.265841 0.942493 128 128 128
-3.22559 -0.232242 0.963279 128 128 128
-3.18905 -0.151109 0.951362 128 128 128
-3.1657 -0.111118 0.944156 128 128 128
-3.17066 -0.0723449 0.945265 128 128 128
-3.1521 -0.0332526 0.939722 128 128 128
-3.04383 0.109884 0.830144 128 128 128
-3.03452 0.146857 0.828114 128 128 128
-3.01801 0.183212 0.824308 128 128 128
-3.00685 0.219603 0.822024 128 128 128
-3.01646 0.25755 0.825323 128 128 128
-2.98515 0.29183 0.817964 128 128 128
-2.96212 0.326331 0.812889 128 128 128
-2.94637 0.361249 0.809843 128 128 128
-2.92542 0.395184 0.80553 128 128 128
-2.90025 0.428097 0.800201 128 128 128
-2.88332 0.461825 0.797156 128 128 128
-2.85932 0.494052 0.792334 128 128 128
-2.83973 0.52664 0.788782 128 128 128
-2.82451 0.55976 0.786498 128 128 128
-2.79376 0.589399 0.780154 128 128 128
-2.77311 0.620687 0.776601 128 128 128
-2.72888 0.681538 0.768988 128 128 128
-2.71376 0.713256 0.767212 128 128 128
-2.69828 0.744706 0.765436 128 128 128
-2.69265 0.778835 0.766451 128 128 128
-2.67919 0.810701 0.765436 128 128 128
-2.64506 0.835951 0.758838 128 128 128
-2.60979 0.860184 0.751987 128 128 128
-2.58623 0.887755 0.748434 128 128 128
-2.55692 0.912929 0.743359 128 128 128
-2.53101 0.938863 0.739299 128 128 128
-2.50395 0.963952 0.734985 128 128 128
-2.47845 0.989235 0.731179 128 128 128
-2.45093 1.0133 0.726865 128 128 128
-2.43297 1.04102 0.725342 128 128 128
-2.40851 1.06572 0.722043 128 128 128
-2.38645 1.09117 0.719506 128 128 128
-2.36413 1.11625 0.716968 128 128 128
-2.34417 1.14222 0.715192 128 128 128
-2.32479 1.16829 0.713669 128 128 128
-2.28708 1.18473 0.706818 128 128 128
-2.26554 1.20907 0.704788 128 128 128
-2.24205 1.23213 0.70225 128 128 128
-2.20824 1.24908 0.696667 128 128 128
-2.18856 1.27366 0.695399 128 128 128
-2.15035 1.28702 0.688547 128 128 128
-2.12698 1.30875 0.686263 128 128 128
-2.10013 1.32804 0.682964 128 128 128
-2.06744 1.34318 0.677889 128 128 128
-2.04678 1.36577 0.676621 128 128 128
-2.01071 1.37767 0.67053 128 128 128
-1.9794 1.39223 0.665963 128 128 128
-1.94569 1.40454 0.660634 128 128 128
-1.92131 1.42313 0.65835 128 128 128
-1.89215 1.43783 0.654544 128 128 128
-1.87207 1.45916 0.653782 128 128 128
-1.84495 1.47478 0.650737 128 128 128
-1.82447 1.49547 0.649976 128 128 128
-1.79042 1.50469 0.644647 128 128 128
-1.76083 1.51708 0.640841 128 128 128
-1.73555 1.53282 0.638557 128 128 128
-1.71302 1.55076 0.637288 128 128 128
-1.68677 1.56509 0.63475 128 128 128
-1.66112 1.57967 0.632467 128 128 128
-1.63122 1.58982 0.62866 128 128 128
-1.60474 1.60288 0.626123 128 128 128
-1.57548 1.61277 0.62257 128 128 128
-1.54889 1.62499 0.620033 128 128 128
-1.5084 1.62193 0.612166 128 128 128
-1.49423 1.64676 0.61445 128 128 128
-1.45274 1.64109 0.606076 128 128 128
-1.42743 1.65294 0.604046 128 128 128
-1.4008 1.66293 0.601508 128 128 128
-1.37292 1.67104 0.598463 128 128 128
-1.3396 1.67191 0.593134 128 128 128
-1.31183 1.67908 0.590089 128 128 128
-1.2876 1.69044 0.588567 128 128 128
-1.26272 1.70068 0.58679 128 128 128
-1.24062 1.71448 0.586283 128 128 128
-1.21279 1.7201 0.583238 128 128 128
-1.18776 1.72927 0.581461 128 128 128
-1.15891 1.73246 0.577909 128 128 128
-1.13651 1.74494 0.577401 128 128 128
-1.11293 1.75548 0.576386 128 128 128
-1.07911 1.74926 0.570296 128 128 128
-1.05307 1.75491 0.568012 128 128 128
-1.0256 1.75768 0.564967 128 128 128
-1.00157 1.76593 0.563698 128 128 128
-0.977018 1.773 0.562176 128 128 128
-0.944219 1.7644 0.556086 128 128 128
-0.920711 1.77242 0.555071 128 128 128
-0.896711 1.77927 0.553802 128 128 128
-0.869281 1.77885 0.550503 128 128 128
-0.841167 1.77627 0.546696 128 128 128
-0.81123 1.76888 0.541621 128 128 128
-0.786318 1.77163 0.539591 128 128 128
-0.760314 1.77137 0.5368 128 128 128
-0.738519 1.78057 0.5368 128 128 128
-0.709769 1.77244 0.531979 128 128 128
-0.685172 1.7738 0.529948 128 128 128
-0.661324 1.77664 0.528426 128 128 128
-0.637838 1.78007 0.527157 128 128 128
-0.614051 1.78228 0.525635 128 128 128
-0.590611 1.78509 0.524366 128 128 128
-0.564849 1.78022 0.521067 128 128 128
-0.542115 1.78424 0.520306 128 128 128
-0.518827 1.78611 0.519037 128 128 128
-0.495833 1.78862 0.518022 128 128 128
-0.472856 1.79083 0.517007 128 128 128
-0.450136 1.79368 0.516246 128 128 128
-0.426743 1.79343 0.514723 128 128 128
-0.402998 1.79098 0.512693 128 128 128
-0.380184 1.79201 0.511678 128 128 128
-0.357405 1.79274 0.510663 128 128 128
-0.335201 1.79604 0.510409 128 128 128
-0.309472 1.77906 0.504826 128 128 128
-0.28576 1.77127 0.501781 128 128 128
-0.264718 1.77942 0.50305 128 128 128
-0.243255 1.78541 0.503811 128 128 128
-0.219773 1.77578 0.500513 128 128 128
-0.196888 1.76873 0.497975 128 128 128
-0.174304 1.76235 0.495691 128 128 128
-0.151655 1.7528 0.492646 128 128 128
-0.128616 1.73427 0.487317 128 128 128
-0.107445 1.73765 0.487825 128 128 128
-0.0862102 1.74077 0.488332 128 128 128
-0.0650255 1.74653 0.489601 128 128 128
-0.0434637 1.74236 0.488332 128 128 128
-0.0218968 1.72922 0.48478 128 128 128
-0.000669233 1.72453 0.483511 128 128 128
0.0204183 1.71763 0.481734 128 128 128
0.0413139 1.70952 0.479704 128 128 128
0.0619791 1.70018 0.477421 128 128 128
0.0832088 1.70702 0.479451 128 128 128
0.102987 1.68656 0.474375 128 128 128
0.123816 1.6871 0.474883 128 128 128
0.143364 1.67196 0.47133 128 128 128
0.162465 1.65563 0.467524 128 128 128
0.183403 1.65929 0.469047 128 128 128
0.203752 1.65691 0.469047 128 128 128
0.22394 1.65333 0.468793 128 128 128
0.243367 1.64471 0.46727 128 128 128
0.263074 1.63874 0.466509 128 128 128
0.283164 1.63538 0.466509 128 128 128
0.30286 1.62988 0.466001 128 128 128
0.3204 1.61371 0.462703 128 128 128
0.340776 1.6125 0.463464 128 128 128
0.360538 1.60819 0.463464 128 128 128
0.378912 1.598 0.461941 128 128 128
0.398025 1.59135 0.461434 128 128 128
0.416542 1.5826 0.460419 128 128 128
0.435161 1.57458 0.459658 128 128 128
0.453645 1.56633 0.458896 128 128 128
0.473672 1.56342 0.459658 128 128 128
0.490202 1.54919 0.457374 128 128 128
0.507967 1.53938 0.456359 128 128 128
0.525251 1.52846 0.45509 128 128 128
0.546892 1.5301 0.457374 128 128 128
0.56126 1.51148 0.454075 128 128 128
0.58046 1.50628 0.454582 128 128 128
0.600333 1.50264 0.455597 128 128 128
0.619096 1.49606 0.455851 128 128 128
0.637409 1.48835 0.455851 128 128 128
0.654061 1.47687 0.454836 128 128 128
0.672136 1.46873 0.454836 128 128 128
0.689283 1.45863 0.454329 128 128 128
0.706708 1.44919 0.454075 128 128 128
0.723137 1.43781 0.453314 128 128 128
0.740282 1.42797 0.45306 128 128 128
0.757295 1.41793 0.452806 128 128 128
0.773707 1.40683 0.452299 128 128 128
0.790437 1.39639 0.452045 128 128 128
0.808486 1.38826 0.452552 128 128 128
0.825957 1.37906 0.452806 128 128 128
0.758748 1.23202 0.410682 128 128 128
0.504701 0.79654 0.278474 128 128 128
0.513911 0.789475 0.278221 128 128 128
0.538581 0.805646 0.285326 128 128 128
0.90569 1.32103 0.451284 128 128 128
0.823416 1.16972 0.406368 128 128 128
0.828091 1.14619 0.402054 128 128 128
0.950248 1.28213 0.449761 128 128 128
0.972927 1.27962 0.452806 128 128 128
0.991528 1.2714 0.454075 128 128 128
1.01188 1.26518 0.456105 128 128 128
1.0304 1.25641 0.457374 128 128 128
1.0476 1.2459 0.458135 128 128 128
1.06281 1.23295 0.458135 128 128 128
1.07978 1.22199 0.458896 128 128 128
1.09535 1.20936 0.45915 128 128 128
1.11076 1.19654 0.459404 128 128 128
1.12603 1.18352 0.459658 128 128 128
1.14114 1.1703 0.459911 128 128 128
1.15678 1.15758 0.460419 128 128 128
1.1709 1.1433 0.460419 128 128 128
1.18484 1.12885 0.460419 128 128 128
1.19931 1.11488 0.460673 128 128 128
1.21434 1.10138 0.46118 128 128 128
1.22342 1.08254 0.459658 128 128 128
1.23295 1.06429 0.458389 128 128 128
1.24444 1.04783 0.457881 128 128 128
1.26094 1.03555 0.45915 128 128 128
1.28638 1.03029 0.463464 128 128 128
1.30121 1.01621 0.464225 128 128 128
1.31589 1.00193 0.464986 128 128 128
1.33042 0.987438 0.465748 128 128 128
1.344 0.972172 0.466255 128 128 128
1.3424 0.946122 0.461941 128 128 128
0.988103 0.677975 0.345466 128 128 128
1.04296 0.697022 0.360184 128 128 128
0.961506 0.625515 0.332017 128 128 128
0.903782 0.572193 0.311717 128 128 128
0.84079 0.517846 0.290147 128 128 128
0.843765 0.505496 0.289132 128 128 128
0.996886 0.580999 0.333794 128 128 128
1.41689 0.8033 0.458389 128 128 128
1.42918 0.787254 0.45915 128 128 128
1.44556 0.773312 0.46118 128 128 128
1.45666 0.756408 0.461688 128 128 128
1.45978 0.735424 0.459911 128 128 128
1.47217 0.719156 0.460926 128 128 128
1.47739 0.699377 0.459911 128 128 128
1.46037 0.669484 0.452552 128 128 128
1.46936 0.651905 0.452806 128 128 128
1.57322 0.675096 0.480212 128 128 128
1.5796 0.654997 0.479704 128 128 128
1.56238 0.625478 0.472599 128 128 128
1.597 0.616733 0.480212 128 128 128
1.67967 0.62515 0.501274 128 128 128
1.68995 0.605471 0.502035 128 128 128
1.69268 0.583109 0.500766 128 128 128
1.70797 0.565034 0.50305 128 128 128
1.72307 0.54667 0.505334 128 128 128
1.73983 0.528585 0.508125 128 128 128
1.75268 0.509089 0.509902 128 128 128
1.76159 0.488319 0.510663 128 128 128
1.77774 0.469389 0.513454 128 128 128
1.78805 0.448719 0.514723 128 128 128
1.79719 0.427641 0.515738 128 128 128
1.80985 0.407259 0.517768 128 128 128
1.81755 0.385623 0.518529 128 128 128
1.82309 0.36348 0.518783 128 128 128
1.83597 0.342684 0.521067 128 128 128
1.84862 0.321626 0.523351 128 128 128
1.85815 0.299845 0.524873 128 128 128
1.86935 0.278165 0.526903 128 128 128
1.88508 0.256911 0.530202 128 128 128
1.88809 0.233759 0.530202 128 128 128
1.8937 0.210895 0.530963 128 128 128
1.91347 0.189367 0.535531 128 128 128
1.9195 0.166208 0.536546 128 128 128
1.92236 0.142713 0.5368 128 128 128
1.94038 0.120139 0.541114 128 128 128
1.97359 0.0979228 0.549488 128 128 128
1.98624 0.0741374 0.552533 128 128 128
2.0015 0.0501307 0.556339 128 128 128
2.01164 0.0256955 0.558877 128 128 128
2.01857 0.00101565 0.560653 128 128 128
2.02907 -0.0238735 0.563445 128 128 128
2.04313 -0.0491105 0.567251 128 128 128
2.04914 -0.0744204 0.569027 128 128 128
2.05484 -0.0998852 0.570803 128 128 128
2.05635 -0.125268 0.571565 128 128 128
2.05659 -0.150634 0.572072 128 128 128
2.05652 -0.176023 0.57258 128 128 128
2.07634 -0.203401 0.578416 128 128 128
2.07561 -0.229077 0.578924 128 128 128
2.08513 -0.256055 0.582223 128 128 128
2.09333 -0.283172 0.585268 128 128 128
2.09831 -0.310107 0.587552 128 128 128
2.09913 -0.336595 0.58882 128 128 128
2.11485 -0.365779 0.594149 128 128 128
2.12067 -0.393639 0.596941 128 128 128
2.11758 -0.420008 0.597448 128 128 128
2.10469 -0.444369 0.595418 128 128 128
2.12268 -0.475434 0.601762 128 128 128
2.16093 -0.511898 0.613689 128 128 128
2.17326 -0.543056 0.618764 128 128 128
2.16924 -0.570421 0.619525 128 128 128
2.16207 -0.596998 0.619525 128 128 128
2.16481 -0.626436 0.622316 128 128 128
2.16621 -0.655751 0.624854 128 128 128
2.17738 -0.688396 0.630183 128 128 128
2.16876 -0.715064 0.630183 128 128 128
2.16806 -0.744447 0.632467 128 128 128
2.16241 -0.772295 0.633482 128 128 128
2.1573 -0.800453 0.63475 128 128 128
2.16628 -0.834154 0.640079 128 128 128
2.18014 -0.870344 0.646931 128 128 128
2.16214 -0.894079 0.644901 128 128 128
2.16079 -0.924725 0.647692 128 128 128
2.14928 -0.951172 0.647692 128 128 128
2.17528 -0.994751 0.658604 128 128 128
2.17953 -1.02921 0.663425 128 128 128
2.17457 -1.05969 0.665709 128 128 128
2.2003 -1.10582 0.677128 128 128 128
2.18828 -1.13362 0.677636 128 128 128
2.17933 -1.16312 0.679158 128 128 128
2.16998 -1.19257 0.680681 128 128 128
2.10718 -1.19199 0.666216 128 128 128
2.11497 -1.23088 0.673068 128 128 128
2.1379 -1.27957 0.684741 128 128 128
2.16077 -1.32951 0.696667 128 128 128
2.15001 -1.35955 0.698444 128 128 128
2.12343 -1.37951 0.695399 128 128 128
2.13773 -1.42638 0.705295 128 128 128
2.12566 -1.45633 0.707072 128 128 128
2.05043 -1.7663 0.741075 128 128 128
2.04311 -1.80413 0.74615 128 128 128
2.02727 -1.8349 0.748434 128 128 128
2.01737 -1.87148 0.753002 128 128 128
1.99215 -1.89409 0.75224 128 128 128
1.97915 -1.92852 0.756047 128 128 128
1.96013 -1.95744 0.757823 128 128 128
1.95557 -2.0014 0.765182 128 128 128
1.93755 -2.03225 0.76772 128 128 128
1.91114 -2.05445 0.767212 128 128 128
1.89489 -2.08777 0.770765 128 128 128
1.86977 -2.11159 0.771019 128 128 128
1.86017 -2.1534 0.777616 128 128 128
1.82612 -2.1672 0.774571 128 128 128
1.83011 -2.22679 0.787259 128 128 128
1.81717 -2.26719 0.793349 128 128 128
1.78624 -2.28551 0.79208 128 128 128
1.76627 -2.31802 0.795633 128 128 128
1.75154 -2.35815 0.801723 128 128 128
1.73098 -2.39122 0.80553 128 128 128
1.7082 -2.42176 0.808575 128 128 128
1.68329 -2.44972 0.810859 128 128 128
1.6714 -2.49751 0.819486 128 128 128
1.63693 -2.51216 0.81771 128 128 128
1.61013 -2.53859 0.81974 128 128 128
1.588 -2.57297 0.824308 128 128 128
1.56478 -2.60636 0.828622 128 128 128
1.53024 -2.62119 0.827353 128 128 128
1.50082 -2.64482 0.828875 128 128 128
1.47947 -2.68336 0.834966 128 128 128
1.44095 -2.69108 0.83192 128 128 128
1.42523 -2.74203 0.841817 128 128 128
1.39627 -2.76881 0.844608 128 128 128
1.36814 -2.7979 0.848161 128 128 128
1.34655 -2.84157 0.856027 128 128 128
1.335 -2.90886 0.870745 128 128 128
1.29331 -2.91176 0.866939 128 128 128
1.25786 -2.9283 0.867193 128 128 128
1.22889 -2.96049 0.872014 128 128 128
1.19823 -2.98971 0.876074 128 128 128
1.16459 -3.01231 0.878358 128 128 128
1.13024 -3.03362 0.880388 128 128 128
1.09587 -3.05546 0.882672 128 128 128
1.05767 -3.06685 0.882164 128 128 128
1.02726 -3.10163 0.888255 128 128 128
0.986187 -3.10478 0.885717 128 128 128
0.947731 -3.11573 0.885463 128 128 128
0.91213 -3.13641 0.888001 128 128 128
0.877977 -3.16321 0.892315 128 128 128
0.841569 -3.18309 0.894852 128 128 128
0.803389 -3.19693 0.895867 128 128 128
0.768365 -3.22443 0.900689 128 128 128
0.734917 -3.26098 0.908048 128 128 128
0.694038 -3.26597 0.907033 128 128 128
0.663588 -3.32261 0.919974 128 128 128
0.624903 -3.34191 0.92302 128 128 128
0.583846 -3.34933 0.92302 128 128 128
0.545022 -3.37056 0.926826 128 128 128
0.504906 -3.3856 0.92911 128 128 128
0.46713 -3.41934 0.936469 128 128 128
0.423819 -3.41425 0.933677 128 128 128
0.380488 -3.4067 0.930378 128 128 128
0.342684 -3.45154 0.941036 128 128 128
0.298368 -3.43332 0.9352 128 128 128
0.25802 -3.46084 0.941544 128 128 128
0.215591 -3.46471 0.941798 128 128 128
0.17437 -3.49318 0.948649 128 128 128
0.130535 -3.46992 0.942051 128 128 128
0.0884166 -3.48964 0.946873 128 128 128
0.0455217 -3.48562 0.945604 128 128 128
0.00274433 -3.48592 0.945604 128 128 128
-0.0403554 -3.51471 0.953217 128 128 128
-0.0832346 -3.50331 0.950425 128 128 128
-0.12746 -3.53682 0.959561 128 128 128
-0.170853 -3.53499 0.959561 128 128 128
-0.213114 -3.51429 0.954739 128 128 128
-0.257694 -3.53166 0.960068 128 128 128
-0.302733 -3.54848 0.965397 128 128 128
-0.346443 -3.54642 0.965905 128 128 128
-1.7432 -3.26766 1.0027 128 128 128
-1.78456 -3.24856 1.00346 128 128 128
-1.82334 -3.22473 1.00295 128 128 128
-1.86423 -3.20463 1.00371 128 128 128
-1.90292 -3.18068 1.00346 128 128 128
-1.94839 -3.1678 1.00676 128 128 128
-1.98041 -3.13302 1.00346 128 128 128
-0.482846 -0.741602 0.263249 128 128 128
-0.495129 -0.74045 0.264771 128 128 128
-2.12006 -3.09552 1.01539 128 128 128
-2.13342 -3.03445 1.00422 128 128 128
-2.1688 -3.00568 1.00346 128 128 128
-2.2061 -2.97962 1.00371 128 128 128
-0.524983 -0.689433 0.258427 128 128 128
-2.27618 -2.92153 1.0027 128 128 128
-2.30703 -2.88733 1.00067 128 128 128
-2.34229 -2.8588 1.00067 128 128 128
-2.37968 -2.83281 1.00168 128 128 128
-2.39849 -2.78506 0.995341 128 128 128
-2.44337 -2.76775 0.999654 128 128 128
-2.47715 -2.73756 0.999654 128 128 128
-2.50924 -2.70553 0.999147 128 128 128
-2.53559 -2.66753 0.996609 128 128 128
-2.56813 -2.63621 0.996609 128 128 128
-2.59346 -2.59765 0.994072 128 128 128
-2.62376 -2.56427 0.993564 128 128 128
-2.65503 -2.53188 0.993564 128 128 128
-2.6859 -2.49911 0.993564 128 128 128
-2.70777 -2.45816 0.990519 128 128 128
-2.73918 -2.42603 0.991027 128 128 128
-2.76801 -2.3916 0.990773 128 128 128
-2.78902 -2.35059 0.987982 128 128 128
-2.81019 -2.31004 0.985444 128 128 128
-2.83078 -2.26933 0.982906 128 128 128
-2.85841 -2.23442 0.982906 128 128 128
-2.87639 -2.19214 0.979861 128 128 128
-2.89453 -2.15033 0.97707 128 128 128
-2.91992 -2.11408 0.976816 128 128 128
-2.93537 -2.07083 0.973517 128 128 128
-2.94303 -2.0226 0.967935 128 128 128
-2.97004 -1.98794 0.968696 128 128 128
-2.99097 -1.94923 0.967681 128 128 128
-3.00895 -1.90875 0.965905 128 128 128
-3.02803 -1.86914 0.964636 128 128 128
-3.04577 -1.82885 0.963113 128 128 128
-3.07049 -1.7928 0.963875 128 128 128
-3.08216 -1.74926 0.96083 128 128 128
-3.10594 -1.7127 0.961591 128 128 128
-3.11649 -1.66898 0.958546 128 128 128
-3.13502 -1.62971 0.958038 128 128 128
-3.14788 -1.58763 0.956008 128 128 128
-3.16625 -1.54846 0.955754 128 128 128
-3.17366 -1.5041 0.952455 128 128 128
-3.18133 -1.46019 0.94941 128 128 128
-3.18398 -1.41436 0.945096 128 128 128
-3.19399 -1.37213 0.943066 128 128 128
-3.20076 -1.32874 0.940275 128 128 128
-3.22042 -1.29081 0.94129 128 128 128
-3.22519 -1.247 0.938245 128 128 128
-3.20762 -1.19516 0.92911 128 128 128
-3.23752 -1.02841 0.922258 128 128 128
-3.21473 -0.977891 0.912615 128 128 128
-3.25807 -0.947565 0.921243 128 128 128
-3.22658 -0.895594 0.90957 128 128 128
-3.20834 -0.848255 0.901704 128 128 128
-3.22507 -0.810473 0.90348 128 128 128
-3.22913 -0.769488 0.901958 128 128 128
-3.23644 -0.729377 0.90145 128 128 128
-3.23475 -0.687391 0.898659 128 128 128
-3.24009 -0.647074 0.897897 128 128 128
-3.23258 -0.604414 0.893837 128 128 128
-3.23022 -0.563035 0.8913 128 128 128
-3.21875 -0.520411 0.886478 128 128 128
-3.21341 -0.479157 0.883433 128 128 128
-3.20851 -0.438243 0.880642 128 128 128
-3.20309 -0.397522 0.877851 128 128 128
-3.092 0.00150475 0.759385 128 128 128
-3.10343 0.0396125 0.762134 128 128 128
-3.0813 0.0771295 0.757095 128 128 128
-3.06942 0.114523 0.754576 128 128 128
-3.05709 0.151636 0.752057 128 128 128
-2.97143 0.330855 0.735337 128 128 128
-2.94397 0.364393 0.729841 128 128 128
-2.92288 0.398236 0.725947 128 128 128
-2.90718 0.432485 0.723428 128 128 128
-2.8834 0.465157 0.719076 128 128 128
-2.86597 0.498488 0.716328 128 128 128
-2.84529 0.530922 0.712892 128 128 128
-2.82711 0.563499 0.710144 128 128 128
-2.8076 0.595506 0.707167 128 128 128
-2.78964 0.62755 0.704647 128 128 128
-2.77794 0.66083 0.703731 128 128 128
-2.75547 0.691297 0.700296 128 128 128
-2.73266 0.721312 0.69686 128 128 128
-2.70954 0.750872 0.693425 128 128 128
-2.67489 0.7767 0.687241 128 128 128
-2.67633 0.812878 0.689989 128 128 128
-2.66152 0.844181 0.688844 128 128 128
-2.69899 0.892742 0.700754 128 128 128
-2.67956 0.922931 0.698692 128 128 128
-2.63414 0.943549 0.690218 128 128 128
-2.56309 0.953652 0.675331 128 128 128
-2.52125 0.973419 0.667773 128 128 128
-2.49015 0.996661 0.662964 128 128 128
-2.44268 1.01255 0.654031 128 128 128
-2.43365 1.04399 0.654948 128 128 128
-2.4171 1.07219 0.654031 128 128 128
-2.3958 1.09811 0.65197 128 128 128
-2.36895 1.12116 0.648535 128 128 128
-2.34278 1.14415 0.645328 128 128 128
-2.3138 1.16535 0.641435 128 128 128
-2.29069 1.18915 0.639144 128 128 128
-2.25963 1.20843 0.634793 128 128 128
-2.2344 1.23042 0.632045 128 128 128
-2.21152 1.25341 0.629983 128 128 128
-2.18505 1.27406 0.627006 128 128 128
-2.14757 1.28773 0.621051 128 128 128
-2.11505 1.30375 0.61647 128 128 128
-2.08082 1.31811 0.611432 128 128 128
-2.05145 1.33503 0.607767 128 128 128
-2.02844 1.35577 0.605935 128 128 128
-2.01005 1.37945 0.605477 128 128 128
-1.98343 1.39727 0.602729 128 128 128
-1.95747 1.41522 0.600209 128 128 128
-1.93136 1.43274 0.59769 128 128 128
-1.90049 1.44629 0.593796 128 128 128
-1.878 1.4659 0.592422 128 128 128
-1.85455 1.48457 0.590819 128 128 128
-1.82793 1.50041 0.5883 128 128 128
-1.80566 1.51959 0.587155 128 128 128
-1.7729 1.52952 0.582803 128 128 128
-1.74453 1.54277 0.579826 128 128 128
-1.72402 1.56275 0.579368 128 128 128
-1.68621 1.56653 0.573413 128 128 128
-1.64433 1.56558 0.566084 128 128 128
-1.63195 1.59246 0.568374 128 128 128
-1.59786 1.59788 0.563564 128 128 128
-1.56999 1.60899 0.560816 128 128 128
-1.54075 1.61825 0.55761 128 128 128
-1.51482 1.63061 0.555548 128 128 128
-1.49078 1.64474 0.554174 128 128 128
-1.46019 1.65122 0.55051 128 128 128
-1.41571 1.64097 0.541807 128 128 128
-1.38546 1.64628 0.538142 128 128 128
-1.3787 1.67974 0.543181 128 128 128
-1.33978 1.6737 0.53631 128 128 128
-1.31795 1.68848 0.535852 128 128 128
-1.28595 1.68978 0.5315 128 128 128
-1.26223 1.70152 0.530355 128 128 128
-1.24012 1.7153 0.529897 128 128 128
-1.21282 1.72163 0.527378 128 128 128
-1.18886 1.73236 0.526232 128 128 128
-1.15888 1.73386 0.522568 128 128 128
-1.13328 1.74141 0.520736 128 128 128
-1.10663 1.74695 0.518445 128 128 128
-1.08104 1.75377 0.516613 128 128 128
-1.05644 1.76188 0.515239 128 128 128
-1.02497 1.75788 0.510658 128 128 128
-1.00093 1.76608 0.509513 128 128 128
-0.977777 1.77567 0.508826 128 128 128
-0.950425 1.77723 0.506078 128 128 128
-0.915142 1.76281 0.499207 128 128 128
-0.890824 1.76869 0.497833 128 128 128
-0.869478 1.78036 0.498062 128 128 128
-0.840931 1.77681 0.494397 128 128 128
-0.811392 1.77016 0.490046 128 128 128
-0.785286 1.77019 0.487526 128 128 128
-0.760449 1.77253 0.485694 128 128 128
-0.736044 1.77543 0.484091 128 128 128
-0.711682 1.778 0.482488 128 128 128
-0.687717 1.78114 0.481113 128 128 128
-0.664796 1.78671 0.480426 128 128 128
-0.641841 1.79198 0.479739 128 128 128
-0.616022 1.78867 0.476991 128 128 128
-0.593722 1.79517 0.476762 128 128 128
-0.569894 1.79675 0.475388 128 128 128
-0.547241 1.80174 0.47493 128 128 128
-0.524012 1.80458 0.474013 128 128 128
-0.501569 1.80994 0.473784 128 128 128
-0.474146 1.79618 0.468975 128 128 128
-0.45066 1.7962 0.467601 128 128 128
-0.424789 1.78548 0.463707 128 128 128
-0.402635 1.78961 0.463478 128 128 128
-0.380243 1.79251 0.46302 128 128 128
-0.357277 1.79227 0.461875 128 128 128
-0.331903 1.77833 0.457523 128 128 128
-0.309891 1.78131 0.457294 128 128 128
-0.287396 1.78113 0.456378 128 128 128
-0.264953 1.78067 0.455462 128 128 128
-0.241659 1.77318 0.452943 128 128 128
-0.219177 1.77021 0.451568 128 128 128
-0.196698 1.76599 0.449965 128 128 128
-0.174356 1.76149 0.448362 128 128 128
-0.1524 1.75962 0.447446 128 128 128
-0.129258 1.74 0.442407 128 128 128
-0.10778 1.73951 0.441949 128 128 128
-0.0861489 1.73487 0.440575 128 128 128
-0.064853 1.73579 0.440575 128 128 128
-0.0432372 1.72283 0.437369 128 128 128
-0.0220513 1.71934 0.436452 128 128 128
-0.00094541 1.7224 0.43714 128 128 128
0.0201501 1.71937 0.436452 128 128 128
0.0412479 1.71899 0.436452 128 128 128
0.0621891 1.71446 0.435536 128 128 128
0.082976 1.70871 0.434391 128 128 128
0.10357 1.70173 0.433017 128 128 128
0.123565 1.68869 0.430269 128 128 128
0.142232 1.66377 0.424772 128 128 128
0.162638 1.6619 0.424772 128 128 128
0.18302 1.65978 0.424772 128 128 128
0.203012 1.65451 0.424085 128 128 128
0.222238 1.64418 0.422253 128 128 128
0.242253 1.64037 0.422024 128 128 128
0.264085 1.64784 0.424543 128 128 128
0.282605 1.63489 0.422253 128 128 128
0.301387 1.6246 0.420649 128 128 128
0.323025 1.62937 0.422711 128 128 128
0.342386 1.62242 0.422024 128 128 128
0.3584 1.60101 0.417901 128 128 128
0.37938 1.60217 0.419275 128 128 128
0.399012 1.5974 0.419275 128 128 128
0.417336 1.58768 0.41813 128 128 128
0.436526 1.5815 0.417901 128 128 128
0.455901 1.57602 0.417901 128 128 128
0.473786 1.56565 0.416756 128 128 128
0.493554 1.56158 0.417214 128 128 128
0.511759 1.55263 0.416527 128 128 128
0.530455 1.54531 0.416298 128 128 128
0.54806 1.53502 0.415382 128 128 128
0.564812 1.52271 0.414007 128 128 128
0.583455 1.51567 0.414007 128 128 128
0.604189 1.51381 0.415382 128 128 128
0.62085 1.50179 0.414236 128 128 128
0.639232 1.49406 0.414236 128 128 128
0.656726 1.48432 0.413778 128 128 128
0.671229 1.46819 0.411717 128 128 128
0.687943 1.45721 0.41103 128 128 128
0.704487 1.44603 0.410343 128 128 128
0.722179 1.43728 0.410343 128 128 128
0.741112 1.4309 0.41103 128 128 128
0.760457 1.42513 0.411946 128 128 128
0.776005 1.41228 0.41103 128 128 128
0.792796 1.40181 0.410801 128 128 128
0.80748 1.38777 0.409656 128 128 128
0.822442 1.37442 0.40874 128 128 128
0.63081 1.02731 0.315524 128 128 128
0.500796 0.795227 0.252999 128 128 128
0.515308 0.796357 0.25506 128 128 128
0.563541 0.84737 0.271321 128 128 128
0.824564 1.20436 0.375301 128 128 128
0.893788 1.27125 0.397517 128 128 128
0.88817 1.23103 0.389043 128 128 128
0.922392 1.24581 0.396601 128 128 128
0.976012 1.28468 0.411488 128 128 128
0.979699 1.25728 0.406908 128 128 128
0.995663 1.24592 0.407137 128 128 128
0.986122 1.20355 0.397975 128 128 128
0.988885 1.17723 0.393624 128 128 128
0.966303 1.12232 0.38034 128 128 128
1.02394 1.15989 0.395914 128 128 128
1.07478 1.18756 0.40874 128 128 128
1.10785 1.19422 0.415153 128 128 128
1.12646 1.18476 0.416527 128 128 128
1.14091 1.17084 0.416527 128 128 128
1.1552 1.15675 0.416527 128 128 128
1.1693 1.14249 0.416527 128 128 128
1.18394 1.12873 0.416756 128 128 128
1.19985 1.1161 0.417443 128 128 128
1.21562 1.10325 0.41813 128 128 128
1.22907 1.08824 0.41813 128 128 128
1.24085 1.07181 0.417672 128 128 128
1.2569 1.059 0.418588 128 128 128
1.26829 1.04227 0.41813 128 128 128
1.28403 1.02905 0.419046 128 128 128
1.2858 1.00485 0.41584 128 128 128
1.30734 0.996056 0.418588 128 128 128
1.30146 0.966633 0.41332 128 128 128
1.28558 0.930681 0.405304 128 128 128
1.19331 0.842155 0.37553 128 128 128
1.13284 0.779113 0.355376 128 128 128
1.15122 0.771086 0.357895 128 128 128
1.37299 0.894536 0.417443 128 128 128
0.968086 0.615371 0.301783 128 128 128
0.859416 0.532162 0.269718 128 128 128
0.832449 0.501618 0.260557 128 128 128
1.02712 0.600822 0.31186 128 128 128
1.42526 0.80866 0.417443 128 128 128
1.44618 0.797191 0.42042 128 128 128
1.46015 0.781671 0.421565 128 128 128
1.46963 0.763694 0.421565 128 128 128
1.47889 0.745601 0.421565 128 128 128
1.4888 0.727822 0.421795 128 128 128
1.50115 0.711156 0.422711 128 128 128
1.53367 0.703583 0.428894 128 128 128
1.53685 0.682352 0.42752 128 128 128
1.55317 0.666879 0.429582 128 128 128
1.56213 0.64814 0.429811 128 128 128
1.55188 0.621725 0.42523 128 128 128
1.39035 0.537775 0.38263 128 128 128
1.56119 0.581427 0.423856 128 128 128
1.62782 0.583434 0.438743 128 128 128
1.64499 0.56688 0.441262 128 128 128
1.69344 0.560317 0.451568 128 128 128
1.70483 0.540955 0.452714 128 128 128
1.66194 0.505105 0.440575 128 128 128
1.74378 0.506498 0.459126 128 128 128
1.75268 0.485835 0.459814 128 128 128
1.75098 0.462319 0.457981 128 128 128
1.77258 0.444789 0.461875 128 128 128
1.77696 0.42278 0.461646 128 128 128
1.77916 0.400307 0.460959 128 128 128
1.79442 0.380643 0.463478 128 128 128
1.81137 0.361041 0.466455 128 128 128
1.81471 0.338609 0.466226 128 128 128
1.82928 0.318126 0.468746 128 128 128
1.84746 0.297947 0.472181 128 128 128
1.84906 0.274971 0.471723 128 128 128
1.85904 0.253165 0.473326 128 128 128
1.86684 0.23092 0.474472 128 128 128
1.87341 0.208415 0.475388 128 128 128
1.87582 0.18541 0.475388 128 128 128
1.87699 0.162295 0.475159 128 128 128
1.89923 0.140717 0.479968 128 128 128
1.91636 0.118327 0.483633 128 128 128
1.92642 0.0952157 0.485694 128 128 128
1.93717 0.0719093 0.487984 128 128 128
1.94764 0.0483533 0.490275 128 128 128
1.96755 0.0246533 0.494855 128 128 128
1.97549 0.000492644 0.496687 128 128 128
1.99774 -0.0240645 0.501955 128 128 128
2.00605 -0.0488087 0.504016 128 128 128
2.02378 -0.0741361 0.508368 128 128 128
2.03147 -0.0994109 0.510429 128 128 128
2.03301 -0.124517 0.511116 128 128 128
2.03812 -0.149969 0.51272 128 128 128
2.04873 -0.176077 0.515697 128 128 128
2.0561 -0.202176 0.517987 128 128 128
2.06894 -0.229137 0.521652 128 128 128
2.07081 -0.255113 0.522797 128 128 128
2.08006 -0.282231 0.525774 128 128 128
2.07162 -0.307013 0.524629 128 128 128
2.06386 -0.331786 0.523713 128 128 128
2.0673 -0.358433 0.525545 128 128 128
2.05892 -0.383056 0.524629 128 128 128
2.06074 -0.409634 0.526232 128 128 128
2.06413 -0.436722 0.528294 128 128 128
2.089 -0.468898 0.535623 128 128 128
2.0916 -0.496537 0.537684 128 128 128
2.06081 -0.515974 0.531729 128 128 128
2.10984 -0.555961 0.545242 128 128 128
2.11786 -0.585991 0.548906 128 128 128
2.11238 -0.612482 0.549365 128 128 128
2.13449 -0.647453 0.556693 128 128 128
2.13288 -0.675667 0.558297 128 128 128
2.12904 -0.703325 0.559442 128 128 128
2.13221 -0.733537 0.562419 128 128 128
2.13862 -0.76525 0.566313 128 128 128
2.14092 -0.795867 0.56929 128 128 128
2.14098 -0.825951 0.57181 128 128 128
2.16681 -0.866684 0.580971 128 128 128
2.13354 -0.883856 0.575245 128 128 128
2.1279 -0.912282 0.576619 128 128 128
2.12722 -0.943079 0.579368 128 128 128
2.13582 -0.978471 0.584635 128 128 128
2.13948 -1.01213 0.588758 128 128 128
2.14263 -1.04602 0.59288 128 128 128
2.13397 -1.07443 0.594025 128 128 128
2.1353 -1.10818 0.597919 128 128 128
2.13956 -1.14397 0.602729 128 128 128
2.14495 -1.18097 0.607996 128 128 128
2.16753 -1.22838 0.618074 128 128 128
2.15313 -1.25538 0.618303 128 128 128
2.14173 -1.28422 0.619448 128 128 128
2.13409 -1.31552 0.621738 128 128 128
2.14654 -1.35989 0.629754 128 128 128
2.12317 -1.38187 0.627922 128 128 128
2.11171 -1.41162 0.629525 128 128 128
2.11747 -1.45344 0.636167 128 128 128
2.0955 -1.4765 0.635022 128 128 128
2.08905 -1.51068 0.638457 128 128 128
2.07816 -1.54202 0.640748 128 128 128
2.06217 -1.56977 0.641664 128 128 128
2.04199 -1.59435 0.641435 128 128 128
2.03441 -1.62905 0.645099 128 128 128
2.03531 -1.67122 0.651512 128 128 128
2.05629 -1.73124 0.664338 128 128 128
2.04667 -1.76654 0.668002 128 128 128
2.03139 -1.79733 0.670064 128 128 128
2.00846 -1.82147 0.669835 128 128 128
2.00019 -1.85926 0.674415 128 128 128
1.97864 -1.88501 0.674873 128 128 128
1.96301 -1.91664 0.677393 128 128 128
1.9469 -1.94817 0.679912 128 128 128
1.93777 -1.98727 0.684951 128 128 128
1.9253 -2.02361 0.689073 128 128 128
1.91288 -2.06066 0.693425 128 128 128
1.88223 -2.0782 0.691592 128 128 128
1.8656 -2.11136 0.694799 128 128 128
1.84716 -2.14296 0.697547 128 128 128
1.82385 -2.16919 0.698692 128 128 128
1.79586 -2.1899 0.698234 128 128 128
1.80527 -2.25744 0.711976 128 128 128
1.73261 -2.22179 0.694799 128 128 128
1.70052 -2.23668 0.692967 128 128 128
1.69261 -2.28399 0.700754 128 128 128
1.6872 -2.33619 0.709915 128 128 128
1.67294 -2.37744 0.71587 128 128 128
1.6777 -2.44762 0.73007 128 128 128
1.66533 -2.49476 0.737628 128 128 128
1.63459 -2.51501 0.737628 128 128 128
1.6062 -2.53899 0.738773 128 128 128
1.579 -2.56515 0.740605 128 128 128
1.5479 -2.58517 0.740834 128 128 128
1.53268 -2.63259 0.748621 128 128 128
1.50265 -2.65544 0.749766 128 128 128
1.46854 -2.67112 0.749079 128 128 128
1.45212 -2.71988 0.757324 128 128 128
1.41059 -2.72193 0.753202 128 128 128
1.38886 -2.76253 0.759385 128 128 128
1.34932 -2.76798 0.756408 128 128 128
1.3194 -2.79314 0.758698 128 128 128
1.2939 -2.8286 0.763737 128 128 128
1.27285 -2.87544 0.771753 128 128 128
1.23861 -2.89353 0.77244 128 128 128
1.21191 -2.93011 0.777937 128 128 128
1.18054 -2.95652 0.780914 128 128 128
1.15986 -3.01168 0.791221 128 128 128
1.11843 -3.01382 0.788243 128 128 128
1.08789 -3.04566 0.792824 128 128 128
1.0498 -3.05694 0.792366 128 128 128
1.01555 -3.07976 0.794885 128 128 128
0.98177 -3.10499 0.798092 128 128 128
0.94584 -3.12426 0.799924 128 128 128
0.909046 -3.14125 0.801298 128 128 128
0.872494 -3.15968 0.80313 128 128 128
0.839321 -3.1918 0.808398 128 128 128
0.798915 -3.19714 0.807253 128 128 128
0.762077 -3.21713 0.809772 128 128 128
0.729099 -3.25569 0.816872 128 128 128
0.688492 -3.26153 0.816185 128 128 128
0.649546 -3.27547 0.817559 128 128 128
0.616184 -3.32053 0.826491 128 128 128
0.574895 -3.32496 0.825804 128 128 128
0.538943 -3.36253 0.833133 128 128 128
0.500743 -3.39008 0.838172 128 128 128
0.462207 -3.41912 0.843669 128 128 128
0.421976 -3.43903 0.847104 128 128 128
0.378264 -3.4304 0.843898 128 128 128
0.335483 -3.428 0.842295 128 128 128
0.294945 -3.45029 0.846646 128 128 128
0.253141 -3.46142 0.848478 128 128 128
0.209776 -3.44969 0.845043 128 128 128
0.167473 -3.45298 0.845272 128 128 128
0.125769 -3.47423 0.849853 128 128 128
0.0831921 -3.47843 0.85054 128 128 128
0.0405818 -3.48697 0.852372 128 128 128
-0.00223092 -3.49792 0.854891 128 128 128
-0.0451693 -3.4986 0.85512 128 128 128
-0.0886373 -3.51822 0.85993 128 128 128
-0.131579 -3.51103 0.858556 128 128 128
-0.17515 -3.51887 0.860846 128 128 128
-0.218994 -3.52714 0.863365 128 128 128
-0.262481 -3.5271 0.864052 128 128 128
-0.306768 -3.53525 0.866801 128 128 128
-0.351196 -3.54187 0.86932 128 128 128
-0.394743 -3.53827 0.869549 128 128 128
-0.440672 -3.55344 0.874359 128 128 128
-0.481856 -3.53041 0.870236 128 128 128
-0.526444 -3.53289 0.872298 128 128 128
-0.573511 -3.54922 0.877794 128 128 128
-0.620889 -3.56397 0.883062 128 128 128
-0.666376 -3.56565 0.885352 128 128 128
-0.708358 -3.54861 0.883291 128 128 128
-0.750022 -3.53109 0.88123 128 128 128
-0.802326 -3.56149 0.890849 128 128 128
-0.843931 -3.54286 0.888788 128 128 128
-1.948 -3.15643 0.904591 128 128 128
-1.99181 -3.14051 0.906881 128 128 128
-2.02275 -3.10442 0.903675 128 128 128
-2.05744 -3.07451 0.902301 128 128 128
-2.10495 -3.06346 0.906423 128 128 128
-2.15025 -3.04853 0.90963 128 128 128
-2.17778 -3.00852 0.905736 128 128 128
-2.20524 -2.96907 0.902071 128 128 128
-2.24446 -2.94566 0.903217 128 128 128
-0.529511 -0.682539 0.235135 128 128 128
-2.31912 -2.89348 0.904362 128 128 128
-2.34827 -2.85729 0.902071 128 128 128
-2.38629 -2.83198 0.903217 128 128 128
-2.42278 -2.80469 0.903904 128 128 128
-2.44926 -2.76601 0.901155 128 128 128
-2.48695 -2.74007 0.90253 128 128 128
-2.51906 -2.70792 0.902071 128 128 128
-2.54134 -2.66554 0.898407 128 128 128
-2.57658 -2.63693 0.899323 128 128 128
-2.60323 -2.59962 0.897491 128 128 128
-2.63564 -2.56816 0.89772 128 128 128
-2.66483 -2.53361 0.897033 128 128 128
-2.68858 -2.49411 0.894742 128 128 128
-2.71899 -2.46093 0.894742 128 128 128
-2.74095 -2.42029 0.892223 128 128 128
-2.77708 -2.39219 0.894284 128 128 128
-2.81742 -2.36731 0.89772 128 128 128
-2.81913 -2.31037 0.889475 128 128 128
-2.83738 -2.26772 0.886497 128 128 128
-2.85731 -2.22675 0.884207 128 128 128
-2.88364 -2.19093 0.883978 128 128 128
-2.9017 -2.14902 0.881459 128 128 128
-2.91758 -2.10585 0.878481 128 128 128
-2.93603 -2.06486 0.87642 128 128 128
-2.95954 -2.02758 0.875962 128 128 128
-2.98339 -1.99056 0.875733 128 128 128
-3.00351 -1.95116 0.874588 128 128 128
-3.02311 -1.91156 0.873443 128 128 128
-3.04219 -1.87177 0.872298 128 128 128
-3.05657 -1.82931 0.870007 128 128 128
-3.07711 -1.79068 0.869549 128 128 128
-3.09885 -1.75279 0.869549 128 128 128
-3.11159 -1.70995 0.867259 128 128 128
-3.12461 -1.66752 0.865198 128 128 128
-3.14138 -1.62726 0.864281 128 128 128
-3.1585 -1.58728 0.863594 128 128 128
-3.1611 -1.54032 0.859243 128 128 128
-3.1692 -1.49644 0.856494 128 128 128
-3.18024 -1.4542 0.854662 128 128 128
-3.18894 -1.41114 0.852372 128 128 128
-3.20512 -1.37152 0.852143 128 128 128
-3.20281 -1.32429 0.847333 128 128 128
-3.21701 -1.28417 0.846875 128 128 128
-3.21435 -1.23762 0.842295 128 128 128
-3.21743 -1.1937 0.839317 128 128 128
-3.22358 -1.15119 0.837256 128 128 128
-3.22733 -1.10808 0.834737 128 128 128
-3.22126 -1.06201 0.829927 128 128 128
-3.22384 -1.01919 0.827408 128 128 128
-3.23517 -0.979268 0.827179 128 128 128
-3.23572 -0.93626 0.82443 128 128 128
-3.22256 -0.889776 0.818475 128 128 128
-3.24736 -0.853859 0.821911 128 128 128
-3.23289 -0.724021 0.811375 128 128 128
-3.21295 -0.678297 0.804505 128 128 128
-3.21434 -0.637501 0.802901 128 128 128
-3.22288 -0.598185 0.80313 128 128 128
-3.22998 -0.55859 0.80313 128 128 128
-3.22025 -0.516311 0.799237 128 128 128
-3.2196 -0.475767 0.797634 128 128 128
-3.20783 -0.433895 0.793511 128 128 128
-3.20228 -0.393206 0.790992 128 128 128
-3.19429 -0.352507 0.788014 128 128 128
-3.179 -0.311408 0.783434 128 128 128
-3.1787 -0.272046 0.782518 128 128 128
-3.18277 -0.233088 0.782747 128 128 128
-3.14944 -0.191869 0.774273 128 128 128
-3.13016 -0.152193 0.769234 128 128 128
-3.1279 -0.113634 0.768318 128 128 128
-3.1203 -0.0750417 0.766256 128 128 128
-3.10249 -0.0365512 0.761905 128 128 128
-3.0793 0.112215 0.679602 128 128 128
-3.08747 0.150466 0.681657 128 128 128
-3.05608 0.186567 0.675492 128 128 128
-3.05161 0.223913 0.675081 128 128 128
-3.05936 0.262259 0.677342 128 128 128
-3.01695 0.295978 0.669121 128 128 128
-3.00142 0.331693 0.666654 128 128 128
-2.97381 0.365645 0.661722 128 128 128
-2.95261 0.399885 0.658228 128 128 128
-2.93489 0.434231 0.655556 128 128 128
-2.91388 0.46774 0.652268 128 128 128
-2.88478 0.499466 0.647335 128 128 128
-2.86881 0.533046 0.64528 128 128 128
-2.85437 0.566689 0.643636 128 128 128
-2.82709 0.597434 0.63932 128 128 128
-2.79376 0.626314 0.633771 128 128 128
-2.76141 0.690658 0.630277 128 128 128
-2.86063 0.752838 0.653707 128 128 128
-2.7408 0.757438 0.629661 128 128 128
-2.72471 0.789112 0.628222 128 128 128
-2.70077 0.81824 0.625139 128 128 128
-2.66533 0.843361 0.61959 128 128 128
-2.64084 0.871412 0.616507 128 128 128
-2.61143 0.897402 0.612397 128 128 128
-2.5781 0.921486 0.607464 128 128 128
-2.55742 0.949652 0.605409 128 128 128
-2.52731 0.973935 0.601299 128 128 128
-2.50153 0.999436 0.598216 128 128 128
-2.48094 1.02669 0.596366 128 128 128
-2.44836 1.0486 0.591845 128 128 128
-2.4362 1.07896 0.59205 128 128 128
-2.42011 1.10755 0.591434 128 128 128
-2.39925 1.13383 0.58979 128 128 128
-2.36668 1.15418 0.585474 128 128 128
-2.3331 1.17348 0.580952 128 128 128
-2.31157 1.19842 0.579308 128 128 128
-2.28892 1.22255 0.577458 128 128 128
-2.25488 1.24018 0.572937 128 128 128
-2.22926 1.26198 0.570471 128 128 128
-2.19331 1.27743 0.565538 128 128 128
-2.16823 1.29872 0.563277 128 128 128
-2.14129 1.31856 0.560606 128 128 128
-2.12081 1.34213 0.559578 128 128 128
-2.0812 1.35313 0.553823 128 128 128
-2.05467 1.37205 0.551357 128 128 128
-2.01991 1.38499 0.546836 128 128 128
-1.99236 1.40236 0.544164 128 128 128
-1.96547 1.41983 0.541698 128 128 128
-1.93846 1.43686 0.539231 128 128 128
-1.91757 1.45817 0.538409 128 128 128
-1.89104 1.47497 0.536149 128 128 128
-1.86744 1.49379 0.53471 128 128 128
-1.83383 1.50419 0.530599 128 128 128
-1.80999 1.52218 0.529161 128 128 128
-1.7845 1.53853 0.527311 128 128 128
-1.74714 1.54412 0.522173 128 128 128
-1.72879 1.5661 0.522379 128 128 128
-1.69868 1.57721 0.519296 128 128 128
-1.66572 1.58513 0.515391 128 128 128
-1.64123 1.60067 0.513952 128 128 128
-1.61108 1.61032 0.510869 128 128 128
-1.57956 1.61807 0.507376 128 128 128
-1.54811 1.62529 0.503882 128 128 128
-1.52271 1.63844 0.502238 128 128 128
-1.48539 1.63816 0.496894 128 128 128
-1.46647 1.65773 0.497305 128 128 128
-1.4249 1.65116 0.490523 128 128 128
-1.39444 1.65655 0.487235 128 128 128
-1.36966 1.66825 0.485796 128 128 128
-1.34602 1.68111 0.484768 128 128 128
-1.31625 1.68594 0.481685 128 128 128
-1.2925 1.69807 0.480658 128 128 128
-1.26981 1.71145 0.480041 128 128 128
-1.2424 1.71818 0.477781 128 128 128
-1.21953 1.7309 0.477164 128 128 128
-1.19598 1.74251 0.476342 128 128 128
-1.17178 1.75299 0.475314 128 128 128
-1.13629 1.74592 0.469971 128 128 128
-1.11111 1.75395 0.468532 128 128 128
-1.08539 1.76079 0.466888 128 128 128
-1.05816 1.76474 0.464627 128 128 128
-1.03198 1.76999 0.462778 128 128 128
-1.00342 1.77061 0.4599 128 128 128
-0.980198 1.78021 0.459284 128 128 128
-0.947189 1.7714 0.454351 128 128 128
-0.917706 1.76813 0.450857 128 128 128
-0.894176 1.77577 0.450035 128 128 128
-0.871027 1.78397 0.449419 128 128 128
-0.843621 1.78303 0.446747 128 128 128
-0.816369 1.78168 0.444075 128 128 128
-0.788086 1.77726 0.440787 128 128 128
-0.760809 1.7742 0.43791 128 128 128
-0.737478 1.77979 0.437087 128 128 128
-0.713761 1.78417 0.43606 128 128 128
-0.690401 1.78914 0.435238 128 128 128
-0.662926 1.7828 0.431949 128 128 128
-0.640007 1.78804 0.431333 128 128 128
-0.617697 1.79484 0.431127 128 128 128
-0.591932 1.79113 0.428661 128 128 128
-0.569019 1.79546 0.428045 128 128 128
-0.545234 1.79669 0.426811 128 128 128
-0.521778 1.79855 0.425784 128 128 128
-0.498358 1.8001 0.424756 128 128 128
-0.474479 1.79946 0.423318 128 128 128
-0.452123 1.8042 0.423112 128 128 128
-0.425637 1.79152 0.419207 128 128 128
-0.40276 1.79279 0.418385 128 128 128
-0.379508 1.79186 0.417152 128 128 128
-0.355765 1.78774 0.415302 128 128 128
-0.33272 1.7862 0.414069 128 128 128
-0.310272 1.78726 0.413453 128 128 128
-0.286284 1.77837 0.410781 128 128 128
-0.263717 1.77691 0.409753 128 128 128
-0.240832 1.77226 0.408109 128 128 128
-0.219186 1.77605 0.408315 128 128 128
-0.195527 1.76207 0.404821 128 128 128
-0.173599 1.76142 0.404204 128 128 128
-0.151547 1.75854 0.403176 128 128 128
-0.129155 1.74953 0.400916 128 128 128
-0.107372 1.7461 0.399888 128 128 128
-0.0856431 1.74142 0.398655 128 128 128
-0.0640458 1.73647 0.397422 128 128 128
-0.0427317 1.73713 0.397422 128 128 128
-0.0213087 1.72969 0.395778 128 128 128
-7.46169e-05 1.722 0.394134 128 128 128
0.0209561 1.71306 0.392284 128 128 128
0.041698 1.70093 0.389818 128 128 128
0.0623566 1.69443 0.388584 128 128 128
0.0830507 1.69158 0.388173 128 128 128
0.103447 1.68457 0.38694 128 128 128
0.123898 1.68024 0.386324 128 128 128
0.144508 1.6786 0.386324 128 128 128
0.165001 1.67572 0.386118 128 128 128
0.185445 1.6726 0.385913 128 128 128
0.20441 1.65757 0.383241 128 128 128
0.224736 1.65494 0.383241 128 128 128
0.246027 1.65883 0.38468 128 128 128
0.263581 1.63829 0.38098 128 128 128
0.283332 1.63301 0.380569 128 128 128
0.303172 1.62845 0.380364 128 128 128
0.320661 1.61212 0.377692 128 128 128
0.342843 1.61956 0.380158 128 128 128
0.361837 1.61141 0.379336 128 128 128
0.380007 1.60018 0.377897 128 128 128
0.400563 1.59919 0.378719 128 128 128
0.418168 1.58659 0.377075 128 128 128
0.437086 1.57945 0.376664 128 128 128
0.457523 1.57773 0.377486 128 128 128
0.475716 1.56825 0.376664 128 128 128
0.49463 1.56136 0.376459 128 128 128
0.51161 1.54866 0.37502 128 128 128
0.528035 1.53486 0.373376 128 128 128
0.547817 1.53103 0.373993 128 128 128
0.565543 1.52144 0.373376 128 128 128
0.584874 1.51621 0.373787 128 128 128
0.602711 1.5071 0.373376 128 128 128
0.620039 1.49688 0.372759 128 128 128
0.637976 1.48826 0.372554 128 128 128
0.655796 1.47942 0.372348 128 128 128
0.672274 1.4677 0.371526 128 128 128
0.687728 1.45403 0.370293 128 128 128
0.702948 1.44021 0.36906 128 128 128
0.724523 1.43934 0.37091 128 128 128
0.743031 1.43208 0.371321 128 128 128
0.757785 1.41767 0.370088 128 128 128
0.772298 1.40312 0.368854 128 128 128
0.79572 1.40461 0.371526 128 128 128
0.764672 1.31184 0.351385 128 128 128
0.7988 1.33259 0.358784 128 128 128
0.494656 0.801685 0.230333 128 128 128
0.504979 0.796382 0.230539 128 128 128
0.523775 0.804078 0.234033 128 128 128
0.782856 1.17129 0.328367 128 128 128
0.902791 1.31582 0.367621 128 128 128
0.910427 1.29263 0.364539 128 128 128
0.904461 1.25121 0.356729 128 128 128
0.865008 1.16608 0.33741 128 128 128
0.880437 1.15693 0.337821 128 128 128
0.963736 1.23482 0.361456 128 128 128
0.978205 1.22214 0.36125 128 128 128
0.972042 1.18431 0.354262 128 128 128
1.0035 1.19252 0.359812 128 128 128
1.04615 1.21275 0.368854 128 128 128
1.05902 1.19762 0.368238 128 128 128
1.07429 1.18526 0.368443 128 128 128
1.08742 1.17055 0.368032 128 128 128
1.10305 1.15853 0.368443 128 128 128
1.11992 1.14771 0.369266 128 128 128
1.13945 1.13943 0.37091 128 128 128
1.15335 1.12536 0.37091 128 128 128
1.16919 1.11315 0.371526 128 128 128
1.18563 1.10138 0.372348 128 128 128
1.19254 1.08083 0.370499 128 128 128
1.21523 1.07455 0.37317 128 128 128
1.23055 1.06147 0.373787 128 128 128
1.2577 1.05828 0.377692 128 128 128
1.27211 1.044 0.378103 128 128 128
1.28559 1.02893 0.378308 128 128 128
1.30737 1.02031 0.380775 128 128 128
1.30734 0.994695 0.377486 128 128 128
1.22596 0.909125 0.353029 128 128 128
1.18867 0.859001 0.340493 128 128 128
1.17913 0.830245 0.335355 128 128 128
1.33924 0.918817 0.373581 128 128 128
1.36668 0.913201 0.377692 128 128 128
0.938327 0.609942 0.267533 128 128 128
0.831701 0.526033 0.239171 128 128 128
0.833097 0.512703 0.237938 128 128 128
0.833453 0.498914 0.236499 128 128 128
1.43955 0.839027 0.382419 128 128 128
1.4574 0.825646 0.384269 128 128 128
1.47342 0.811007 0.385707 128 128 128
1.48671 0.794713 0.386529 128 128 128
1.50069 0.778666 0.387557 128 128 128
1.5145 0.762396 0.388584 128 128 128
1.52902 0.746333 0.389818 128 128 128
1.50711 0.712842 0.382624 128 128 128
1.50507 0.689395 0.380158 128 128 128
1.57781 0.699481 0.394956 128 128 128
1.60696 0.688952 0.399683 128 128 128
1.5945 0.660549 0.394956 128 128 128
1.61066 0.64421 0.396805 128 128 128
1.62666 0.627573 0.398655 128 128 128
1.65258 0.614399 0.402765 128 128 128
1.66 0.594073 0.402765 128 128 128
1.65791 0.570466 0.40071 128 128 128
1.67501 0.553463 0.402971 128 128 128
1.68261 0.533163 0.403176 128 128 128
1.72647 0.523869 0.411397 128 128 128
1.72713 0.501003 0.410164 128 128 128
1.73881 0.481341 0.411397 128 128 128
1.75405 0.462469 0.413453 128 128 128
1.76623 0.44258 0.414891 128 128 128
1.78105 0.423141 0.416946 128 128 128
1.79088 0.402329 0.417974 128 128 128
1.80239 0.381746 0.419413 128 128 128
1.81365 0.360942 0.420851 128 128 128
1.82276 0.339558 0.421879 128 128 128
1.83257 0.318173 0.423112 128 128 128
1.83923 0.296129 0.423729 128 128 128
1.85531 0.275414 0.4264 128 128 128
1.86534 0.253553 0.427839 128 128 128
1.87414 0.231367 0.429072 128 128 128
1.88365 0.209112 0.430511 128 128 128
1.89483 0.186852 0.43236 128 128 128
1.89796 0.16367 0.432566 128 128 128
1.91056 0.141167 0.434827 128 128 128
1.90727 0.117407 0.433799 128 128 128
1.91834 0.0944815 0.435854 128 128 128
1.93109 0.0713754 0.438321 128 128 128
1.94062 0.0478961 0.44017 128 128 128
1.944 0.0241165 0.440787 128 128 128
1.95687 0.000269337 0.443459 128 128 128
1.98511 -0.0240693 0.449419 128 128 128
2.01695 -0.0491936 0.456201 128 128 128
2.03184 -0.0745043 0.459489 128 128 128
2.04739 -0.100235 0.462983 128 128 128
2.04308 -0.125175 0.462367 128 128 128
2.05017 -0.150878 0.464216 128 128 128
2.05889 -0.17694 0.466477 128 128 128
2.06046 -0.202573 0.467299 128 128 128
2.07047 -0.229234 0.469971 128 128 128
2.07333 -0.255339 0.471204 128 128 128
2.07877 -0.281941 0.473054 128 128 128
2.07709 -0.307715 0.473465 128 128 128
2.08475 -0.335036 0.475931 128 128 128
2.08434 -0.36126 0.476753 128 128 128
2.10477 -0.391448 0.482097 128 128 128
2.07773 -0.412874 0.47737 128 128 128
2.08878 -0.441772 0.480863 128 128 128
2.09944 -0.471003 0.484357 128 128 128
2.09255 -0.496506 0.484152 128 128 128
2.10434 -0.52665 0.488057 128 128 128
2.13369 -0.561882 0.495866 128 128 128
2.15776 -0.596612 0.502649 128 128 128
2.16062 -0.626035 0.504909 128 128 128
2.14622 -0.650519 0.503471 128 128 128
2.14181 -0.677987 0.504293 128 128 128
2.15099 -0.710037 0.508198 128 128 128
2.16062 -0.742732 0.512308 128 128 128
2.15135 -0.76919 0.512308 128 128 128
2.15001 -0.798594 0.514158 128 128 128
2.14552 -0.827027 0.515391 128 128 128
2.16975 -0.867073 0.523201 128 128 128
2.15714 -0.892887 0.52279 128 128 128
2.15232 -0.921985 0.524228 128 128 128
2.14442 -0.949911 0.52505 128 128 128
2.14863 -0.983477 0.52875 128 128 128
2.13905 -1.01102 0.529366 128 128 128
2.13616 -1.04191 0.531627 128 128 128
2.14246 -1.07771 0.536149 128 128 128
2.1534 -1.11652 0.541903 128 128 128
2.16199 -1.15484 0.547247 128 128 128
2.16481 -1.19071 0.551357 128 128 128
2.15089 -1.21766 0.551563 128 128 128
2.09602 -1.22084 0.541903 128 128 128
2.1002 -1.25802 0.54663 128 128 128
2.11712 -1.3037 0.554645 128 128 128
2.12329 -1.3437 0.560194 128 128 128
2.14768 -1.3963 0.570471 128 128 128
2.11166 -1.41006 0.565744 128 128 128
2.1047 -1.44306 0.568415 128 128 128
2.09804 -1.47666 0.571293 128 128 128
2.08214 -1.50401 0.571909 128 128 128
2.06117 -1.5277 0.571293 128 128 128
2.04616 -1.55584 0.57232 128 128 128
2.02112 -1.61658 0.57602 128 128 128
2.0352 -1.66917 0.585268 128 128 128
2.0258 -1.70346 0.588351 128 128 128
2.06333 -1.77865 0.604587 128 128 128
2.02961 -1.79347 0.601299 128 128 128
2.01543 -1.82546 0.603559 128 128 128
2.00005 -1.85671 0.605615 128 128 128
1.97925 -1.88314 0.606231 128 128 128
1.97702 -1.92777 0.612397 128 128 128
1.94352 -1.94221 0.60952 128 128 128
1.92638 -1.97291 0.611575 128 128 128
1.93039 -2.02615 0.620207 128 128 128
1.90871 -2.05327 0.621234 128 128 128
1.87614 -2.06856 0.618974 128 128 128
1.86618 -2.10901 0.623906 128 128 128
1.84464 -2.13694 0.625345 128 128 128
1.81828 -2.15942 0.625345 128 128 128
1.78916 -2.17854 0.624523 128 128 128
1.78555 -2.22935 0.632332 128 128 128
1.76589 -2.26112 0.635004 128 128 128
1.75106 -2.29974 0.639526 128 128 128
1.7373 -2.34069 0.644664 128 128 128
1.72394 -2.38324 0.650213 128 128 128
1.70134 -2.41381 0.652679 128 128 128
1.67713 -2.44257 0.654734 128 128 128
1.65139 -2.46948 0.656378 128 128 128
1.62951 -2.50267 0.659667 128 128 128
1.60654 -2.53488 0.66275 128 128 128
1.58868 -2.57605 0.668093 128 128 128
1.55946 -2.59955 0.669121 128 128 128
1.53386 -2.62948 0.671792 128 128 128
1.50727 -2.65832 0.674259 128 128 128
1.48021 -2.6869 0.676725 128 128 128
1.44851 -2.70745 0.677342 128 128 128
1.41337 -2.72154 0.676519 128 128 128
1.38736 -2.75354 0.680013 128 128 128
1.36121 -2.78618 0.683713 128 128 128
1.3332 -2.81594 0.686795 128 128 128
1.29814 -2.8312 0.68659 128 128 128
1.27005 -2.86212 0.690084 128 128 128
1.25183 -2.91705 0.699127 128 128 128
1.22007 -2.94214 0.701387 128 128 128
1.18132 -2.95053 0.699949 128 128 128
1.15456 -2.98945 0.705498 128 128 128
1.12496 -3.02265 0.709814 128 128 128
1.0901 -3.04268 0.711252 128 128 128
1.05746 -3.0697 0.714335 128 128 128
1.02125 -3.08709 0.715363 128 128 128
0.986847 -3.11058 0.717829 128 128 128
0.949456 -3.12527 0.718446 128 128 128
0.91896 -3.16394 0.724406 128 128 128
0.875876 -3.15989 0.721117 128 128 128
0.839785 -3.18081 0.723378 128 128 128
0.801166 -3.19277 0.723789 128 128 128
0.765556 -3.21759 0.727078 128 128 128
0.725583 -3.22484 0.726667 128 128 128
0.690228 -3.2536 0.730982 128 128 128
0.651016 -3.26566 0.731805 128 128 128
0.612152 -3.28014 0.733243 128 128 128
0.576392 -3.31344 0.738792 128 128 128
0.537094 -3.32895 0.740642 128 128 128
0.499235 -3.35562 0.744958 128 128 128
0.462259 -3.39252 0.751535 128 128 128
0.418543 -3.38143 0.748041 128 128 128
0.385275 -3.46023 0.76366 128 128 128
0.33756 -3.41211 0.752562 128 128 128
0.297698 -3.43939 0.757495 128 128 128
0.256196 -3.45255 0.75955 128 128 128
0.2146 -3.46813 0.762222 128 128 128
0.172562 -3.48125 0.764482 128 128 128
0.130196 -3.49289 0.766538 128 128 128
0.0871994 -3.48933 0.76551 128 128 128
0.044758 -3.5195 0.771676 128 128 128
0.00154881 -3.50021 0.767565 128 128 128
-0.0415386 -3.51171 0.770031 128 128 128
-0.084908 -3.52267 0.772498 128 128 128
-0.128553 -3.5331 0.774964 128 128 128
-0.172325 -3.54006 0.776814 128 128 128
-0.215339 -3.53084 0.775375 128 128 128
-0.260431 -3.55233 0.780513 128 128 128
-0.302757 -3.53424 0.77743 128 128 128
-0.34677 -3.53708 0.778869 128 128 128
-0.390792 -3.53839 0.780102 128 128 128
-1.75318 -3.28365 0.814218 128 128 128
-1.79523 -3.26532 0.815041 128 128 128
-1.84094 -3.25326 0.817507 128 128 128
-1.87778 -3.22535 0.816274 128 128 128
-1.91872 -3.20458 0.81689 128 128 128
-1.95739 -3.17996 0.816685 128 128 128
-1.99731 -3.15736 0.817096 128 128 128
-2.02258 -3.11209 0.811958 128 128 128
-0.499392 -0.746297 0.221085 128 128 128
-0.51183 -0.744957 0.222318 128 128 128
-2.15996 -3.06996 0.820795 128 128 128
-2.18316 -3.02339 0.815657 128 128 128
-2.21718 -2.99243 0.81463 128 128 128
-2.25433 -2.96578 0.814835 128 128 128
-0.534896 -0.684377 0.214919 128 128 128
-2.33254 -2.91721 0.81689 128 128 128
-2.3539 -2.87095 0.812163 128 128 128
-2.3814 -2.83286 0.809697 128 128 128
-2.42684 -2.81603 0.813191 128 128 128
-2.46251 -2.7875 0.813602 128 128 128
-2.49325 -2.75345 0.812574 128 128 128
-2.52153 -2.7169 0.81093 128 128 128
-2.554 -2.68505 0.810725 128 128 128
-2.59017 -2.65701 0.811752 128 128 128
-2.61705 -2.61948 0.810108 128 128 128
-2.649 -2.58717 0.810108 128 128 128
-2.67418 -2.54839 0.808258 128 128 128
-2.71241 -2.52205 0.810314 128 128 128
-2.74678 -2.49186 0.811341 128 128 128
-2.76543 -2.44758 0.808053 128 128 128
-2.78489 -2.4045 0.805176 128 128 128
-2.81419 -2.37015 0.805176 128 128 128
-2.84155 -2.33419 0.804765 128 128 128
-2.85471 -2.2869 0.800654 128 128 128
-2.89027 -2.25773 0.802709 128 128 128
-2.89907 -2.20785 0.797777 128 128 128
-2.91888 -2.16686 0.795927 128 128 128
-2.95238 -2.13604 0.797777 128 128 128
-2.96398 -2.08949 0.794077 128 128 128
-2.98537 -2.05019 0.79305 128 128 128
-2.99973 -2.00633 0.790378 128 128 128
-3.0274 -1.9715 0.7912 128 128 128
-3.04889 -1.93263 0.790584 128 128 128
-3.07737 -1.89815 0.791817 128 128 128
-3.08701 -1.85218 0.788528 128 128 128
-3.10275 -1.81021 0.786884 128 128 128
-3.11621 -1.76717 0.784829 128 128 128
-3.13938 -1.72974 0.78524 128 128 128
-3.16382 -1.69294 0.786062 128 128 128
-3.17654 -1.64992 0.784212 128 128 128
-3.19131 -1.60817 0.782979 128 128 128
-3.19234 -1.55986 0.778663 128 128 128
-3.2077 -1.51889 0.777841 128 128 128
-3.21632 -1.47492 0.775581 128 128 128
-3.21718 -1.42779 0.771676 128 128 128
-3.23806 -1.38975 0.772498 128 128 128
-3.24583 -1.34616 0.770442 128 128 128
-3.25302 -1.30258 0.768387 128 128 128
-3.26602 -1.26151 0.767771 128 128 128
-3.24733 -1.20869 0.760166 128 128 128
-3.24769 -1.03041 0.748041 128 128 128
-3.30223 -1.0033 0.757289 128 128 128
-3.29643 -0.957503 0.753384 128 128 128
-3.26645 -0.905459 0.744341 128 128 128
-3.25177 -0.858551 0.738792 128 128 128
-3.2668 -0.819775 0.73982 128 128 128
-3.28518 -0.781667 0.74167 128 128 128
-3.2783 -0.737635 0.738176 128 128 128
-3.27849 -0.695518 0.736326 128 128 128
-3.27718 -0.653317 0.734271 128 128 128
-3.27629 -0.611432 0.732421 128 128 128
-3.27776 -0.570172 0.731188 128 128 128
-3.26229 -0.526312 0.726461 128 128 128
-3.25883 -0.484795 0.724406 128 128 128
-3.25484 -0.443442 0.722351 128 128 128
-3.23964 -0.400935 0.718035 128 128 128
-3.2375 -0.360388 0.716596 128 128 128
-3.20173 -0.237486 0.706731 128 128 128
-3.19366 -0.197509 0.70447 128 128 128
-3.18216 -0.157619 0.701593 128 128 128
-3.18288 -0.118521 0.701387 128 128 128
-3.16354 -0.0789316 0.697071 128 128 128
-3.12181 -0.00222317 0.607348 128 128 128
-3.12258 0.036099 0.607529 128 128 128
-3.11109 0.0741436 0.60554 128 128 128
-3.10896 0.112279 0.605359 128 128 128
-3.09262 0.14969 0.602646 128 128 128
-3.07092 0.186413 0.599029 128 128 128
-2.95805 0.36252 0.581304 128 128 128
-2.95436 0.398926 0.581485 128 128 128
-2.93076 0.432398 0.578048 128 128 128
-2.91066 0.465978 0.575336 128 128 128
-2.88826 0.498794 0.572261 128 128 128
-2.87515 0.532935 0.570995 128 128 128
-2.85971 0.566446 0.569367 128 128 128
-2.8333 0.597412 0.56575 128 128 128
-2.81808 0.630407 0.564303 128 128 128
-2.8044 0.663575 0.563218 128 128 128
-2.78555 0.695305 0.561228 128 128 128
-2.76254 0.725668 0.558515 128 128 128
-2.73921 0.755571 0.555802 128 128 128
-2.70235 0.781169 0.550557 128 128 128
-2.70385 0.817704 0.552728 128 128 128
-2.67767 0.845765 0.549653 128 128 128
-2.78007 0.915954 0.571537 128 128 128
-2.60677 0.930143 0.542238 128 128 128
-2.59977 0.963778 0.543142 128 128 128
-2.54738 0.980012 0.535184 128 128 128
-2.49682 0.995838 0.527588 128 128 128
-2.47078 1.02075 0.524875 128 128 128
-2.46168 1.05255 0.525598 128 128 128
-2.4378 1.07789 0.523428 128 128 128
-2.41545 1.10362 0.521619 128 128 128
-2.38839 1.12686 0.518906 128 128 128
-2.36201 1.15004 0.516374 128 128 128
-2.33455 1.1723 0.513661 128 128 128
-2.30166 1.19134 0.509863 128 128 128
-2.27386 1.21253 0.50715 128 128 128
-2.2545 1.23797 0.506246 128 128 128
-2.23058 1.26069 0.504437 128 128 128
-2.18776 1.2721 0.49865 128 128 128
-2.16102 1.29228 0.496299 128 128 128
-2.13831 1.31457 0.494852 128 128 128
-2.10789 1.33176 0.491777 128 128 128
-2.06584 1.34088 0.48617 128 128 128
-2.04678 1.36449 0.485628 128 128 128
-2.02421 1.38561 0.484362 128 128 128
-1.9958 1.40241 0.48183 128 128 128
-1.96968 1.42045 0.47984 128 128 128
-1.93946 1.43513 0.476946 128 128 128
-1.91701 1.45525 0.475861 128 128 128
-1.88738 1.46958 0.473148 128 128 128
-1.87535 1.49755 0.474595 128 128 128
-1.83327 1.5011 0.468988 128 128 128
-1.8117 1.52095 0.468265 128 128 128
-1.78174 1.53342 0.465552 128 128 128
-1.74732 1.54148 0.461754 128 128 128
-1.71953 1.55488 0.459584 128 128 128
-1.696 1.57184 0.458498 128 128 128
-1.6595 1.57625 0.454158 128 128 128
-1.62315 1.58 0.449817 128 128 128
-1.59668 1.59285 0.448008 128 128 128
-1.57427 1.6095 0.447285 128 128 128
-1.55237 1.62656 0.446742 128 128 128
-1.51624 1.62819 0.442402 128 128 128
-1.48954 1.63938 0.440593 128 128 128
-1.45824 1.645 0.437518 128 128 128
-1.43602 1.66054 0.436976 128 128 128
-1.40414 1.66448 0.43372 128 128 128
-1.378 1.67474 0.432092 128 128 128
-1.35489 1.68845 0.431369 128 128 128
-1.32681 1.69565 0.429199 128 128 128
-1.3065 1.71258 0.42938 128 128 128
-1.27133 1.70952 0.425039 128 128 128
-1.24853 1.7226 0.424496 128 128 128
-1.21372 1.71849 0.420156 128 128 128
-1.19087 1.73082 0.419613 128 128 128
-1.16518 1.73876 0.418166 128 128 128
-1.13625 1.74138 0.415634 128 128 128
-1.10954 1.74688 0.413825 128 128 128
-1.08131 1.74947 0.411474 128 128 128
-1.05623 1.7567 0.410208 128 128 128
-1.02519 1.75338 0.406772 128 128 128
-0.998754 1.75727 0.404963 128 128 128
-0.971904 1.75991 0.402974 128 128 128
-0.947455 1.7665 0.401888 128 128 128
-0.916657 1.76053 0.398271 128 128 128
-0.887916 1.75759 0.395377 128 128 128
-0.861111 1.75774 0.393207 128 128 128
-0.837795 1.76462 0.392484 128 128 128
-0.813623 1.7694 0.391398 128 128 128
-0.786276 1.76666 0.388866 128 128 128
-0.765698 1.77889 0.389409 128 128 128
-0.738173 1.77452 0.386696 128 128 128
-0.715247 1.7807 0.386153 128 128 128
-0.691221 1.78384 0.385068 128 128 128
-0.668936 1.79127 0.384887 128 128 128
-0.644258 1.79193 0.38344 128 128 128
-0.618706 1.78947 0.381451 128 128 128
-0.595776 1.79413 0.380908 128 128 128
-0.571046 1.79286 0.379281 128 128 128
-0.547007 1.79314 0.378015 128 128 128
-0.524141 1.79689 0.377472 128 128 128
-0.501266 1.80034 0.376929 128 128 128
-0.473632 1.78543 0.37295 128 128 128
-0.451448 1.79015 0.37277 128 128 128
-0.428086 1.78982 0.371684 128 128 128
-0.40437 1.78726 0.370238 128 128 128
-0.381392 1.78727 0.369333 128 128 128
-0.356752 1.77831 0.366801 128 128 128
-0.335261 1.78449 0.367163 128 128 128
-0.310153 1.77006 0.363726 128 128 128
-0.287942 1.77082 0.363184 128 128 128
-0.265614 1.77033 0.36246 128 128 128
-0.239915 1.74421 0.357035 128 128 128
-0.218972 1.75093 0.357758 128 128 128
-0.196607 1.74567 0.356311 128 128 128
-0.174786 1.74403 0.355588 128 128 128
-0.152784 1.73919 0.354322 128 128 128
-0.131215 1.73799 0.353779 128 128 128
-0.10916 1.72769 0.351609 128 128 128
-0.0876646 1.723 0.350523 128 128 128
-0.066229 1.71608 0.349077 128 128 128
-0.045 1.70989 0.347811 128 128 128
-0.0239791 1.70736 0.347268 128 128 128
-0.00302651 1.70556 0.346906 128 128 128
0.0178656 1.70252 0.346364 128 128 128
0.038658 1.69824 0.34564 128 128 128
0.0593848 1.69468 0.345098 128 128 128
0.0800302 1.69088 0.344555 128 128 128
0.100713 1.68879 0.344374 128 128 128
0.121211 1.68448 0.343832 128 128 128
0.141703 1.68091 0.34347 128 128 128
0.162029 1.67611 0.342927 128 128 128
0.181931 1.66813 0.341842 128 128 128
0.202267 1.6648 0.341661 128 128 128
0.221751 1.65537 0.340395 128 128 128
0.242338 1.65447 0.340757 128 128 128
0.262152 1.64846 0.340214 128 128 128
0.281856 1.64221 0.339672 128 128 128
0.301626 1.63669 0.33931 128 128 128
0.32111 1.62997 0.338767 128 128 128
0.34068 1.62399 0.338406 128 128 128
0.360367 1.61872 0.338225 128 128 128
0.379749 1.61227 0.337863 128 128 128
0.399026 1.60558 0.337501 128 128 128
0.417945 1.59771 0.336959 128 128 128
0.438309 1.5953 0.337501 128 128 128
0.455108 1.58036 0.335693 128 128 128
0.472751 1.56901 0.334608 128 128 128
0.491077 1.56028 0.334065 128 128 128
0.512968 1.56253 0.335693 128 128 128
0.527617 1.5431 0.333161 128 128 128
0.550164 1.5467 0.33515 128 128 128
0.566015 1.53153 0.333522 128 128 128
0.584412 1.52356 0.333342 128 128 128
0.599407 1.50714 0.331533 128 128 128
0.621249 1.50785 0.333161 128 128 128
0.639706 1.50011 0.333161 128 128 128
0.657667 1.49125 0.33298 128 128 128
0.672637 1.47591 0.331533 128 128 128
0.690698 1.46755 0.331533 128 128 128
0.704768 1.45101 0.329905 128 128 128
0.721193 1.43962 0.329363 128 128 128
0.736991 1.42717 0.328639 128 128 128
0.753057 1.41541 0.328097 128 128 128
0.768945 1.40348 0.327554 128 128 128
0.784655 1.39137 0.327011 128 128 128
0.781345 1.34681 0.319596 128 128 128
0.815022 1.3658 0.325745 128 128 128
0.492437 0.805767 0.206919 128 128 128
0.503341 0.801325 0.20728 128 128 128
0.514747 0.79756 0.207823 128 128 128
0.52559 0.792818 0.208185 128 128 128
0.53695 0.788741 0.208727 128 128 128
0.545455 0.780485 0.208366 128 128 128
0.559028 0.77931 0.209632 128 128 128
0.570308 0.77476 0.210174 128 128 128
0.580964 0.769267 0.210536 128 128 128
0.580067 0.748905 0.207461 128 128 128
0.593518 0.747103 0.208727 128 128 128
0.722519 0.885666 0.243453 128 128 128
0.925326 1.10465 0.298254 128 128 128
0.942026 1.09693 0.299159 128 128 128
1.03299 1.17292 0.320681 128 128 128
1.03938 1.15141 0.318511 128 128 128
1.06549 1.15154 0.321766 128 128 128
1.06868 1.12698 0.318873 128 128 128
1.08037 1.11167 0.31833 128 128 128
1.10228 1.10667 0.3205 128 128 128
1.08831 1.06629 0.313447 128 128 128
1.14407 1.09352 0.324298 128 128 128
1.15452 1.07672 0.323575 128 128 128
1.16765 1.06248 0.323575 128 128 128
1.17323 1.04156 0.321766 128 128 128
1.18964 1.03029 0.322671 128 128 128
1.21952 1.03017 0.326831 128 128 128
1.23739 1.01949 0.328097 128 128 128
1.2114 0.973522 0.319053 128 128 128
1.15189 0.902956 0.302414 128 128 128
1.17541 0.898274 0.305308 128 128 128
1.17686 0.876757 0.303138 128 128 128
1.23777 0.898517 0.314532 128 128 128
1.30582 0.923436 0.327373 128 128 128
1.28947 0.88844 0.321224 128 128 128
1.3469 0.903668 0.331533 128 128 128
0.961206 0.629321 0.244538 128 128 128
0.901528 0.574896 0.229888 128 128 128
0.913541 0.566882 0.230973 128 128 128
0.839417 0.507135 0.213611 128 128 128
1.42783 0.835701 0.337501 128 128 128
1.46195 0.831676 0.342566 128 128 128
1.47204 0.813674 0.342566 128 128 128
1.48192 0.795548 0.342566 128 128 128
1.49157 0.777303 0.342566 128 128 128
1.50275 0.759824 0.342927 128 128 128
1.51108 0.740895 0.342746 128 128 128
1.51917 0.721875 0.342566 128 128 128
1.53328 0.705633 0.343651 128 128 128
1.55351 0.691939 0.346002 128 128 128
1.58449 0.682497 0.350523 128 128 128
1.54367 0.642705 0.340757 128 128 128
1.52861 0.614597 0.336235 128 128 128
1.54613 0.59968 0.338225 128 128 128
1.58564 0.592637 0.344555 128 128 128
1.58817 0.57148 0.343651 128 128 128
1.60343 0.554822 0.345278 128 128 128
1.61759 0.537568 0.346725 128 128 128
1.63532 0.521235 0.348896 128 128 128
1.70184 0.519365 0.360471 128 128 128
1.67407 0.4886 0.35396 128 128 128
1.68847 0.470376 0.355588 128 128 128
1.70363 0.452122 0.357396 128 128 128
1.72432 0.434996 0.36029 128 128 128
1.75154 0.419018 0.36445 128 128 128
1.76806 0.400071 0.36662 128 128 128
1.77476 0.378751 0.366982 128 128 128
1.78796 0.358665 0.36861 128 128 128
1.80673 0.339389 0.371323 128 128 128
1.81173 0.31736 0.371504 128 128 128
1.832 0.29775 0.374578 128 128 128
1.83843 0.275677 0.375121 128 128 128
1.8485 0.254019 0.376387 128 128 128
1.86026 0.232394 0.378015 128 128 128
1.86395 0.209656 0.378195 128 128 128
1.88009 0.188109 0.380728 128 128 128
1.88715 0.165442 0.381632 128 128 128
1.89002 0.142343 0.381813 128 128 128
1.89163 0.119139 0.381813 128 128 128
1.89786 0.0961554 0.382717 128 128 128
1.90283 0.0730011 0.38344 128 128 128
1.91046 0.04981 0.384707 128 128 128
1.91486 0.026408 0.38543 128 128 128
1.94258 0.00289206 0.390494 128 128 128
1.95034 -0.0210476 0.391941 128 128 128
1.95977 -0.0452267 0.39375 128 128 128
1.96201 -0.0693829 0.394292 128 128 128
1.96691 -0.0937474 0.395377 128 128 128
1.98622 -0.119156 0.399176 128 128 128
1.98559 -0.143593 0.399356 128 128 128
2.01601 -0.170752 0.405325 128 128 128
2.00985 -0.195091 0.404601 128 128 128
2.03858 -0.223227 0.410389 128 128 128
2.02593 -0.247017 0.40858 128 128 128
2.0588 -0.276778 0.415272 128 128 128
2.06303 -0.30318 0.416719 128 128 128
2.06401 -0.329258 0.417623 128 128 128
2.06079 -0.354731 0.417804 128 128 128
2.06401 -0.381437 0.419251 128 128 128
2.06689 -0.408277 0.420698 128 128 128
2.06461 -0.434223 0.421241 128 128 128
2.07352 -0.462766 0.423954 128 128 128
2.07343 -0.489544 0.425039 128 128 128
2.07871 -0.517825 0.427209 128 128 128
2.08361 -0.546309 0.42938 128 128 128
2.08907 -0.575254 0.431731 128 128 128
2.09224 -0.603866 0.43372 128 128 128
2.0922 -0.631784 0.435167 128 128 128
2.08804 -0.658601 0.435891 128 128 128
2.08447 -0.68572 0.436795 128 128 128
2.07683 -0.711569 0.436976 128 128 128
2.12534 -0.757576 0.448189 128 128 128
2.12234 -0.786003 0.449455 128 128 128
2.11437 -0.812697 0.449817 128 128 128
2.11975 -0.844799 0.452892 128 128 128
2.12921 -0.87904 0.456871 128 128 128
2.03151 -0.867854 0.439508 128 128 128
2.07733 -0.917859 0.450902 128 128 128
2.11955 -0.967887 0.461754 128 128 128
2.11285 -0.99635 0.462839 128 128 128
2.11195 -1.02782 0.46519 128 128 128
2.11059 -1.05941 0.467542 128 128 128
2.1114 -1.09249 0.470435 128 128 128
2.10824 -1.12388 0.472606 128 128 128
2.10462 -1.15537 0.474776 128 128 128
2.09371 -1.18305 0.475499 128 128 128
2.10112 -1.22154 0.480202 128 128 128
2.09946 -1.25533 0.483096 128 128 128
2.10064 -1.29133 0.486713 128 128 128
2.05473 -1.29805 0.480202 128 128 128
2.02876 -1.31673 0.478032 128 128 128
2.12853 -1.41918 0.503714 128 128 128
2.05258 -1.4051 0.490692 128 128 128
2.07537 -1.45852 0.499735 128 128 128
2.07086 -1.49368 0.50281 128 128 128
2.06896 -1.53129 0.506608 128 128 128
2.04845 -1.55537 0.506246 128 128 128
2.03076 -1.58161 0.506608 128 128 128
2.01734 -1.61133 0.508055 128 128 128
2.01261 -1.64845 0.511672 128 128 128
2.01329 -1.69076 0.516736 128 128 128
1.9775 -1.70249 0.513119 128 128 128
1.9572 -1.72728 0.5133 128 128 128
1.94168 -1.75645 0.514747 128 128 128
1.95959 -1.81699 0.524694 128 128 128
1.95352 -1.8565 0.528854 128 128 128
1.93692 -1.88652 0.530482 128 128 128
1.92614 -1.92267 0.533737 128 128 128
1.9024 -1.94617 0.533737 128 128 128
1.90345 -1.99573 0.540429 128 128 128
1.87547 -2.01534 0.539525 128 128 128
1.87832 -2.06882 0.547121 128 128 128
1.85996 -2.09983 0.54911 128 128 128
1.83983 -2.1292 0.550738 128 128 128
1.82368 -2.16366 0.553632 128 128 128
1.79762 -2.18664 0.553813 128 128 128
1.77925 -2.21929 0.556345 128 128 128
1.75188 -2.24095 0.556345 128 128 128
1.72544 -2.26385 0.556707 128 128 128
1.65069 -2.22163 0.542238 128 128 128
1.68893 -2.33263 0.562856 128 128 128
1.67206 -2.37007 0.566654 128 128 128
1.65119 -2.40258 0.569367 128 128 128
1.63305 -2.43984 0.573165 128 128 128
1.59977 -2.45475 0.57208 128 128 128
1.56585 -2.46838 0.570814 128 128 128
1.5576 -2.52342 0.578591 128 128 128
1.54824 -2.57863 0.586368 128 128 128
1.52539 -2.61274 0.589624 128 128 128
1.49805 -2.63982 0.591432 128 128 128
1.46223 -2.65197 0.590166 128 128 128
1.44023 -2.68967 0.594326 128 128 128
1.4148 -2.72199 0.597401 128 128 128
1.37202 -2.72069 0.593603 128 128 128
1.34758 -2.75589 0.597401 128 128 128
1.31743 -2.78022 0.599029 128 128 128
1.28731 -2.80512 0.600837 128 128 128
1.25677 -2.8297 0.602646 128 128 128
1.23162 -2.86752 0.607167 128 128 128
1.20273 -2.89787 0.610242 128 128 128
1.16416 -2.9051 0.608795 128 128 128
1.13514 -2.93661 0.612231 128 128 128
1.1151 -2.99365 0.620732 128 128 128
1.08324 -3.021 0.623445 128 128 128
1.04321 -3.0257 0.621817 128 128 128
1.01432 -3.06349 0.626701 128 128 128
0.977538 -3.07852 0.627243 128 128 128
0.94966 -3.12323 0.633573 128 128 128
0.905794 -3.11575 0.629956 128 128 128
0.875082 -3.15413 0.635201 128 128 128
0.837811 -3.17034 0.636286 128 128 128
0.80242 -3.19469 0.638999 128 128 128
0.761795 -3.19856 0.637914 128 128 128
0.73001 -3.24125 0.644244 128 128 128
0.690586 -3.25189 0.644606 128 128 128
0.650628 -3.26012 0.644606 128 128 128
0.610573 -3.26786 0.644606 128 128 128
0.572771 -3.28868 0.647138 128 128 128
0.534239 -3.30711 0.649308 128 128 128
0.491891 -3.30174 0.647138 128 128 128
0.455949 -3.34164 0.653468 128 128 128
0.421259 -3.39872 0.663054 128 128 128
0.375745 -3.36942 0.656724 128 128 128
0.334561 -3.37574 0.657085 128 128 128
0.299732 -3.457 0.671374 128 128 128
0.257072 -3.45748 0.670831 128 128 128
0.215042 -3.46724 0.672097 128 128 128
0.172144 -3.46274 0.670831 128 128 128
0.130065 -3.47639 0.673001 128 128 128
0.0873946 -3.47772 0.673001 128 128 128
0.0447571 -3.48247 0.673725 128 128 128
0.00200727 -3.50243 0.677342 128 128 128
-0.0410993 -3.51202 0.679151 128 128 128
-0.0845398 -3.52502 0.681683 128 128 128
-0.128195 -3.53453 0.683672 128 128 128
-0.170925 -3.51992 0.681321 128 128 128
-0.214959 -3.5313 0.683853 128 128 128
-0.258204 -3.52741 0.683672 128 128 128
-0.301642 -3.52594 0.684034 128 128 128
-0.346827 -3.54154 0.687651 128 128 128
-0.390479 -3.53898 0.688013 128 128 128
-0.433999 -3.53489 0.688194 128 128 128
-0.477212 -3.52833 0.688013 128 128 128
-0.524096 -3.54653 0.692534 128 128 128
-0.567734 -3.5408 0.692715 128 128 128
-0.614516 -3.55294 0.696333 128 128 128
-0.654639 -3.52677 0.692896 128 128 128
-0.699793 -3.52811 0.694705 128 128 128
-0.747529 -3.54042 0.698684 128 128 128
-0.793944 -3.54442 0.701216 128 128 128
-0.837379 -3.53441 0.701216 128 128 128
-0.880929 -3.52482 0.701397 128 128 128
-0.928136 -3.52896 0.704291 128 128 128
-1.79672 -3.26831 0.719121 128 128 128
-1.83911 -3.25029 0.720026 128 128 128
-1.88084 -3.23088 0.720749 128 128 128
-1.91883 -3.20502 0.720206 128 128 128
-1.95492 -3.17621 0.719121 128 128 128
-1.99849 -3.15946 0.720749 128 128 128
-2.03443 -3.13058 0.719845 128 128 128
-2.05574 -3.08004 0.714238 128 128 128
-0.514118 -0.755503 0.201312 128 128 128
-0.51655 -0.739492 0.199142 128 128 128
-2.20865 -3.05885 0.727079 128 128 128
-2.20791 -2.98019 0.715323 128 128 128
-2.24968 -2.95992 0.716951 128 128 128
-2.27856 -2.92279 0.714781 128 128 128
-0.536324 -0.675724 0.191907 128 128 128
-2.38083 -2.90398 0.723824 128 128 128
-2.38143 -2.83318 0.713876 128 128 128
-2.42052 -2.80895 0.715142 128 128 128
-2.45416 -2.7783 0.714961 128 128 128
-2.49137 -2.75161 0.715866 128 128 128
-2.50486 -2.69923 0.71044 128 128 128
-2.54593 -2.67683 0.71261 128 128 128
-2.57447 -2.64116 0.711525 128 128 128
-2.60668 -2.60937 0.711525 128 128 128
-2.64062 -2.57925 0.712068 128 128 128
-2.66994 -2.54462 0.711525 128 128 128
-2.70457 -2.51501 0.712429 128 128 128
-2.72283 -2.47041 0.709355 128 128 128
-2.77727 -2.45829 0.715323 128 128 128
-2.79828 -2.41632 0.713153 128 128 128
-2.80966 -2.36661 0.708812 128 128 128
-2.83392 -2.32822 0.707727 128 128 128
-2.85921 -2.29081 0.707003 128 128 128
-2.87702 -2.24769 0.704652 128 128 128
-2.89655 -2.20626 0.702844 128 128 128
-2.91946 -2.16762 0.701939 128 128 128
-2.94345 -2.12991 0.701397 128 128 128
-2.97419 -2.09702 0.702482 128 128 128
-2.9924 -2.05536 0.700854 128 128 128
-3.00921 -2.01303 0.699045 128 128 128
-3.02627 -1.97112 0.697418 128 128 128
-3.05771 -1.93857 0.699045 128 128 128
-3.07373 -1.89626 0.697418 128 128 128
-3.09086 -1.85486 0.696152 128 128 128
-3.10659 -1.81284 0.694705 128 128 128
-3.13117 -1.77603 0.695247 128 128 128
-3.1398 -1.73037 0.692534 128 128 128
-3.15733 -1.68985 0.691811 128 128 128
-3.1787 -1.65143 0.691992 128 128 128
-3.19082 -1.60833 0.690364 128 128 128
-3.19971 -1.56388 0.688194 128 128 128
-3.20176 -1.51651 0.684757 128 128 128
-3.21566 -1.47506 0.683853 128 128 128
-3.22362 -1.43111 0.681864 128 128 128
-3.2328 -1.38796 0.680236 128 128 128
-3.23869 -1.34368 0.678065 128 128 128
-3.25402 -1.30347 0.677885 128 128 128
-3.25417 -1.25743 0.67481 128 128 128
-3.25644 -1.21261 0.672278 128 128 128
-3.25348 -1.16627 0.668841 128 128 128
-3.26383 -1.12498 0.668118 128 128 128
-3.26618 -1.08115 0.665948 128 128 128
-3.25669 -1.03387 0.661607 128 128 128
-3.25972 -0.99098 0.659798 128 128 128
-3.2603 -0.947623 0.657628 128 128 128
-3.26126 -0.904663 0.655639 128 128 128
-3.29774 -0.82817 0.658532 128 128 128
-3.39379 -0.808043 0.67481 128 128 128
-3.25373 -0.732804 0.646595 128 128 128
-3.24516 -0.689164 0.64334 128 128 128
-3.24758 -0.648141 0.642255 128 128 128
-3.26689 -0.610393 0.644425 128 128 128
-3.26832 -0.569252 0.64334 128 128 128
-3.2605 -0.526766 0.640627 128 128 128
-3.26088 -0.485853 0.639542 128 128 128
-3.2549 -0.444218 0.637371 128 128 128
-3.24156 -0.401965 0.633935 128 128 128
-3.24234 -0.361725 0.633212 128 128 128
-3.21717 -0.319034 0.627786 128 128 128
-3.213 -0.27886 0.626339 128 128 128
-3.20735 -0.238764 0.624711 128 128 128
-3.18353 -0.197774 0.619828 128 128 128
-3.17295 -0.158072 0.617477 128 128 128
-3.15696 -0.118481 0.614221 128 128 128
-3.15129 -0.0795665 0.612955 128 128 128
-3.14023 -0.0407511 0.610785 128 128 128
-3.11408 0.115085 0.529121 128 128 128
-3.12131 0.153725 0.530534 128 128 128
-3.09848 0.190751 0.527238 128 128 128
-3.08015 0.227602 0.524727 128 128 128
-3.08598 0.266143 0.526139 128 128 128
-3.05005 0.300808 0.52096 128 128 128
-3.02061 0.335392 0.516879 128 128 128
-3.01528 0.372313 0.516722 128 128 128
-2.99483 0.407166 0.514211 128 128 128
-2.97104 0.441139 0.511229 128 128 128
-2.94493 0.474276 0.507933 128 128 128
-2.91359 0.505997 0.503852 128 128 128
-2.89939 0.540269 0.502597 128 128 128
-2.88188 0.573692 0.50087 128 128 128
-2.85434 0.604725 0.497574 128 128 128
-2.83032 0.636033 0.494906 128 128 128
-2.78703 0.69859 0.490511 128 128 128
-2.8728 0.757629 0.50605 128 128 128
-2.76524 0.765724 0.489884 128 128 128
-2.73761 0.79438 0.486901 128 128 128
-2.71348 0.823619 0.484547 128 128 128
-2.68622 0.851492 0.481722 128 128 128
-2.66713 0.881606 0.480309 128 128 128
-2.63369 0.906566 0.476543 128 128 128
-2.5954 0.929176 0.471991 128 128 128
-2.57547 0.957861 0.470578 128 128 128
-2.54325 0.981581 0.467126 128 128 128
-2.52184 1.00905 0.465556 128 128 128
-2.50288 1.03728 0.464457 128 128 128
-2.47907 1.06325 0.462574 128 128 128
-2.44597 1.08479 0.459121 128 128 128
-2.43067 1.1139 0.458807 128 128 128
-2.40253 1.1369 0.456296 128 128 128
-2.38396 1.16413 0.455511 128 128 128
-2.36685 1.19197 0.45504 128 128 128
-2.32399 1.20637 0.450018 128 128 128
-2.30117 1.23062 0.448605 128 128 128
-2.26686 1.24829 0.445152 128 128 128
-2.24535 1.27261 0.444054 128 128 128
-2.2142 1.29112 0.441229 128 128 128
-2.18464 1.31008 0.438717 128 128 128
-2.14653 1.32332 0.434637 128 128 128
-2.12429 1.34587 0.433538 128 128 128
-2.10347 1.36914 0.432753 128 128 128
-2.05612 1.37456 0.426946 128 128 128
-2.02933 1.39299 0.425062 128 128 128
-2.00239 1.41096 0.423179 128 128 128
-1.97692 1.42965 0.42161 128 128 128
-1.95605 1.45145 0.420982 128 128 128
-1.92394 1.46458 0.418157 128 128 128
-1.90037 1.48383 0.417058 128 128 128
-1.87585 1.5021 0.415802 128 128 128
-1.84964 1.51875 0.414233 128 128 128
-1.80819 1.52226 0.409524 128 128 128
-1.78638 1.54176 0.408896 128 128 128
-1.7614 1.55833 0.407641 128 128 128
-1.72458 1.56392 0.403874 128 128 128
-1.70092 1.58093 0.402932 128 128 128
-1.66064 1.58194 0.398381 128 128 128
-1.6411 1.6022 0.398381 128 128 128
-1.60665 1.60756 0.395085 128 128 128
-1.58197 1.62221 0.393986 128 128 128
-1.55581 1.63506 0.392574 128 128 128
-1.52958 1.64752 0.391161 128 128 128
-1.48204 1.63617 0.384726 128 128 128
-1.45793 1.6498 0.383784 128 128 128
-1.42854 1.6571 0.381587 128 128 128
-1.40619 1.67224 0.381116 128 128 128
-1.38368 1.68708 0.380645 128 128 128
-1.3604 1.70085 0.380017 128 128 128
-1.33396 1.71041 0.378605 128 128 128
-1.3033 1.71408 0.376094 128 128 128
-1.27687 1.7228 0.374681 128 128 128
-1.24521 1.72394 0.371856 128 128 128
-1.21884 1.73182 0.370443 128 128 128
-1.1947 1.74258 0.369659 128 128 128
-1.16664 1.74726 0.367775 128 128 128
-1.13703 1.74903 0.365421 128 128 128
-1.10438 1.74533 0.362125 128 128 128
-1.07925 1.75287 0.361026 128 128 128
-1.04902 1.75158 0.358358 128 128 128
-1.02745 1.76432 0.358358 128 128 128
-0.99598 1.75961 0.355219 128 128 128
-0.9705 1.76478 0.353963 128 128 128
-0.946907 1.77308 0.353336 128 128 128
-0.914155 1.76353 0.349569 128 128 128
-0.889779 1.76932 0.348627 128 128 128
-0.865399 1.77478 0.347685 128 128 128
-0.832146 1.76117 0.343448 128 128 128
-0.809237 1.76855 0.342977 128 128 128
-0.787473 1.77835 0.342977 128 128 128
-0.763254 1.78243 0.342035 128 128 128
-0.737163 1.78163 0.340309 128 128 128
-0.714877 1.78962 0.340152 128 128 128
-0.690728 1.79273 0.33921 128 128 128
-0.665577 1.79274 0.337797 128 128 128
-0.641862 1.79613 0.337013 128 128 128
-0.618808 1.80107 0.336542 128 128 128
-0.595419 1.80478 0.335914 128 128 128
-0.571435 1.8063 0.334972 128 128 128
-0.54693 1.80561 0.333717 128 128 128
-0.522804 1.80555 0.332618 128 128 128
-0.497443 1.80041 0.330735 128 128 128
-0.473548 1.79969 0.329636 128 128 128
-0.449986 1.79962 0.328694 128 128 128
-0.426497 1.79924 0.327753 128 128 128
-0.403302 1.79952 0.326968 128 128 128
-0.377911 1.78888 0.324457 128 128 128
-0.353808 1.78273 0.32273 128 128 128
-0.332629 1.79082 0.323358 128 128 128
-0.307245 1.77531 0.320219 128 128 128
-0.284021 1.77017 0.318806 128 128 128
-0.261261 1.76668 0.317708 128 128 128
-0.239028 1.76584 0.31708 128 128 128
-0.216613 1.76276 0.316138 128 128 128
-0.194092 1.75743 0.314882 128 128 128
-0.171734 1.75182 0.313627 128 128 128
-0.149884 1.74986 0.312999 128 128 128
-0.127523 1.73975 0.311116 128 128 128
-0.106043 1.73921 0.310802 128 128 128
-0.0844969 1.73644 0.310174 128 128 128
-0.0630351 1.73339 0.309546 128 128 128
-0.0414154 1.72022 0.307349 128 128 128
-0.0202654 1.71763 0.306878 128 128 128
0.000817452 1.70689 0.305151 128 128 128
0.0217635 1.70675 0.305151 128 128 128
0.0426345 1.70339 0.304681 128 128 128
0.0634624 1.70077 0.304367 128 128 128
0.0841842 1.6969 0.303896 128 128 128
0.1047 1.69081 0.303111 128 128 128
0.125007 1.68349 0.302169 128 128 128
0.145319 1.67789 0.301542 128 128 128
0.165802 1.675 0.301385 128 128 128
0.186127 1.67087 0.301071 128 128 128
0.206617 1.66846 0.301071 128 128 128
0.22628 1.65993 0.300129 128 128 128
0.246199 1.6541 0.299658 128 128 128
0.266166 1.649 0.299344 128 128 128
0.285876 1.64269 0.298873 128 128 128
0.305472 1.63615 0.298403 128 128 128
0.32495 1.62937 0.297932 128 128 128
0.344307 1.62236 0.297461 128 128 128
0.363542 1.61512 0.29699 128 128 128
0.382879 1.60862 0.296676 128 128 128
0.40235 1.60284 0.296519 128 128 128
0.422744 1.60065 0.29699 128 128 128
0.441565 1.59248 0.296519 128 128 128
0.46025 1.5841 0.296048 128 128 128
0.478795 1.5755 0.295577 128 128 128
0.497497 1.56762 0.295264 128 128 128
0.515458 1.55764 0.294636 128 128 128
0.534534 1.5512 0.294636 128 128 128
0.552532 1.54174 0.294165 128 128 128
0.570723 1.53299 0.293851 128 128 128
0.588782 1.52403 0.293537 128 128 128
0.605974 1.51302 0.292909 128 128 128
0.624117 1.50455 0.292752 128 128 128
0.641367 1.49406 0.292281 128 128 128
0.659653 1.48608 0.292281 128 128 128
0.675785 1.47338 0.291497 128 128 128
0.693393 1.46408 0.29134 128 128 128
0.709142 1.45102 0.290555 128 128 128
0.724676 1.4378 0.28977 128 128 128
0.741811 1.42792 0.289613 128 128 128
0.755091 1.41087 0.288201 128 128 128
0.772823 1.40237 0.288358 128 128 128
0.781217 1.37731 0.285533 128 128 128
0.774202 1.32665 0.277999 128 128 128
0.491523 0.818019 0.185554 128 128 128
0.494792 0.800993 0.183514 128 128 128
0.51409 0.809882 0.186339 128 128 128
0.610658 0.936821 0.211608 128 128 128
0.800898 1.19701 0.262775 128 128 128
0.643518 0.936214 0.214433 128 128 128
0.559463 0.792566 0.188066 128 128 128
0.566255 0.781637 0.187281 128 128 128
0.570512 0.767489 0.185868 128 128 128
0.582278 0.763575 0.186496 128 128 128
0.590997 0.755593 0.186339 128 128 128
0.597757 0.745199 0.185711 128 128 128
0.606857 0.737807 0.185711 128 128 128
0.616501 0.73106 0.185868 128 128 128
0.626071 0.724188 0.186025 128 128 128
0.634256 0.715711 0.185868 128 128 128
0.646307 0.711533 0.186653 128 128 128
0.65499 0.703548 0.186653 128 128 128
0.662212 0.694027 0.186339 128 128 128
0.66999 0.685141 0.186182 128 128 128
0.677649 0.676169 0.186025 128 128 128
0.683776 0.665732 0.185554 128 128 128
0.701904 0.666828 0.187752 128 128 128
0.828667 0.768436 0.213492 128 128 128
0.909728 0.823228 0.228873 128 128 128
1.19195 1.05283 0.286631 128 128 128
1.22946 1.05942 0.291811 128 128 128
1.2401 1.04235 0.29134 128 128 128
1.23677 1.01389 0.288044 128 128 128
1.26608 1.01222 0.291497 128 128 128
1.28229 0.999643 0.292281 128 128 128
1.28268 0.974858 0.289927 128 128 128
1.29534 0.959633 0.290084 128 128 128
1.21339 0.875948 0.271721 128 128 128
1.21759 0.85644 0.270465 128 128 128
1.22231 0.837521 0.269367 128 128 128
1.18898 0.793365 0.261048 128 128 128
0.829483 0.538401 0.191048 128 128 128
0.825183 0.52131 0.189007 128 128 128
0.831518 0.511144 0.189007 128 128 128
0.998647 0.59742 0.218828 128 128 128
1.41796 0.82544 0.294636 128 128 128
1.42884 0.808465 0.294793 128 128 128
1.45249 0.798493 0.297304 128 128 128
1.45957 0.779212 0.296833 128 128 128
1.47253 0.763062 0.297461 128 128 128
1.48531 0.746712 0.298089 128 128 128
1.51033 0.736231 0.300914 128 128 128
1.48266 0.700317 0.294479 128 128 128
1.54141 0.705117 0.303268 128 128 128
1.55446 0.68815 0.304053 128 128 128
1.55553 0.665908 0.302797 128 128 128
1.57727 0.652442 0.305151 128 128 128
1.58883 0.634505 0.305779 128 128 128
1.58636 0.611047 0.304053 128 128 128
1.6067 0.596356 0.30625 128 128 128
1.61389 0.576594 0.30625 128 128 128
1.63859 0.562856 0.309232 128 128 128
1.65756 0.546736 0.311273 128 128 128
1.68392 0.532624 0.314569 128 128 128
1.68844 0.511345 0.314255 128 128 128
1.71166 0.495544 0.31708 128 128 128
1.73188 0.478457 0.319434 128 128 128
1.71471 0.45112 0.315667 128 128 128
1.75652 0.439174 0.321631 128 128 128
1.7512 0.415073 0.319905 128 128 128
1.7446 0.390951 0.318022 128 128 128
1.79275 0.378731 0.325084 128 128 128
1.80016 0.357281 0.325555 128 128 128
1.81606 0.337336 0.327439 128 128 128
1.82785 0.316378 0.328694 128 128 128
1.83549 0.294553 0.329322 128 128 128
1.83995 0.272151 0.329479 128 128 128
1.85685 0.251417 0.331676 128 128 128
1.8696 0.229823 0.333246 128 128 128
1.87522 0.207191 0.333717 128 128 128
1.8845 0.184843 0.334815 128 128 128
1.88761 0.161788 0.334972 128 128 128
1.89438 0.138977 0.335757 128 128 128
1.90284 0.116146 0.336856 128 128 128
1.91497 0.0933226 0.338582 128 128 128
1.91005 0.0695959 0.33764 128 128 128
1.9236 0.0464704 0.339681 128 128 128
1.92896 0.0229235 0.340466 128 128 128
1.93502 -0.000747772 0.341407 128 128 128
1.95166 -0.0246943 0.344075 128 128 128
1.96503 -0.0489774 0.346273 128 128 128
1.98106 -0.0737005 0.348941 128 128 128
1.98987 -0.0984872 0.35051 128 128 128
1.99344 -0.1232 0.351295 128 128 128
1.99572 -0.147943 0.351923 128 128 128
2.01146 -0.173942 0.354748 128 128 128
2.0249 -0.200156 0.357259 128 128 128
2.03309 -0.226184 0.358986 128 128 128
2.03997 -0.252322 0.360555 128 128 128
2.04846 -0.278928 0.362439 128 128 128
2.06931 -0.30766 0.366363 128 128 128
2.06245 -0.332561 0.365892 128 128 128
2.06211 -0.358519 0.36652 128 128 128
2.06532 -0.385242 0.367775 128 128 128
2.06528 -0.411519 0.36856 128 128 128
2.08616 -0.442347 0.372798 128 128 128
2.07769 -0.467266 0.372327 128 128 128
2.09102 -0.497285 0.375466 128 128 128
2.0838 -0.522668 0.375309 128 128 128
2.09251 -0.552223 0.37782 128 128 128
2.0989 -0.581543 0.380017 128 128 128
2.09255 -0.607531 0.380174 128 128 128
2.08778 -0.634023 0.380645 128 128 128
2.08455 -0.661085 0.38143 128 128 128
2.09222 -0.691878 0.384098 128 128 128
2.10506 -0.724883 0.387708 128 128 128
2.11181 -0.756312 0.390376 128 128 128
2.10793 -0.784234 0.391318 128 128 128
2.08985 -0.806846 0.389905 128 128 128
2.10639 -0.843057 0.394457 128 128 128
2.12326 -0.880172 0.399165 128 128 128
2.11321 -0.90655 0.399322 128 128 128
2.13353 -0.946412 0.404816 128 128 128
2.12804 -0.9754 0.405914 128 128 128
2.12573 -1.00608 0.407641 128 128 128
2.11944 -1.03512 0.40874 128 128 128
2.11893 -1.06727 0.410937 128 128 128
2.11093 -1.09592 0.411879 128 128 128
2.10255 -1.12453 0.41282 128 128 128
2.09638 -1.15453 0.414233 128 128 128
2.08292 -1.18066 0.41439 128 128 128
2.06486 -1.20414 0.413762 128 128 128
2.08297 -1.24918 0.419883 128 128 128
2.11037 -1.30106 0.427888 128 128 128
2.0834 -1.31999 0.425847 128 128 128
2.07449 -1.3503 0.42726 128 128 128
2.09391 -1.39979 0.434166 128 128 128
2.08227 -1.42929 0.435264 128 128 128
2.08154 -1.46667 0.43856 128 128 128
2.06418 -1.49268 0.438717 128 128 128
2.05523 -1.52496 0.440601 128 128 128
2.03793 -1.55126 0.440915 128 128 128
2.02809 -1.58344 0.442798 128 128 128
2.02239 -1.61931 0.445623 128 128 128
1.99778 -1.64025 0.444681 128 128 128
1.9964 -1.68053 0.448605 128 128 128
1.97712 -1.70619 0.448919 128 128 128
1.98268 -1.75387 0.454569 128 128 128
1.97638 -1.79199 0.457865 128 128 128
1.9499 -1.81208 0.456924 128 128 128
1.94039 -1.84812 0.459749 128 128 128
1.931 -1.8849 0.462731 128 128 128
1.90283 -1.90356 0.461632 128 128 128
1.92694 -1.97553 0.472462 128 128 128
1.89029 -1.98616 0.469637 128 128 128
1.87384 -2.01789 0.47152 128 128 128
1.86751 -2.06121 0.475915 128 128 128
1.85713 -2.10099 0.479525 128 128 128
1.82476 -2.11614 0.477955 128 128 128
1.81201 -2.15424 0.481251 128 128 128
1.79296 -2.18547 0.483135 128 128 128
1.76909 -2.21116 0.483919 128 128 128
1.74243 -2.23349 0.484076 128 128 128
1.72925 -2.27356 0.487843 128 128 128
1.70416 -2.29857 0.488628 128 128 128
1.68277 -2.32892 0.490511 128 128 128
1.66089 -2.35908 0.492395 128 128 128
1.64244 -2.39475 0.495377 128 128 128
1.6261 -2.43443 0.499144 128 128 128
1.6155 -2.484 0.504794 128 128 128
1.5923 -2.51532 0.506991 128 128 128
1.5696 -2.54812 0.509502 128 128 128
1.54126 -2.57227 0.510444 128 128 128
1.5066 -2.58587 0.509502 128 128 128
1.4991 -2.64712 0.51735 128 128 128
1.46031 -2.65407 0.51531 128 128 128
1.43043 -2.67702 0.516251 128 128 128
1.40111 -2.70138 0.517507 128 128 128
1.3763 -2.73513 0.520489 128 128 128
1.34523 -2.75714 0.521431 128 128 128
1.31594 -2.78326 0.523157 128 128 128
1.29568 -2.82972 0.528494 128 128 128
1.26406 -2.85263 0.529749 128 128 128
1.22585 -2.86067 0.528494 128 128 128
1.19821 -2.89374 0.531633 128 128 128
1.16885 -2.92381 0.534301 128 128 128
1.13929 -2.95452 0.537126 128 128 128
1.10708 -2.97939 0.539009 128 128 128
1.08242 -3.02622 0.54466 128 128 128
1.04456 -3.03741 0.544346 128 128 128
1.01155 -3.06312 0.546543 128 128 128
0.977464 -3.0866 0.548426 128 128 128
0.944392 -3.11443 0.551095 128 128 128
0.90858 -3.13432 0.552507 128 128 128
0.880333 -3.18235 0.558628 128 128 128
0.833906 -3.16522 0.554077 128 128 128
0.805573 -3.21737 0.560983 128 128 128
0.763517 -3.21644 0.559256 128 128 128
0.728105 -3.24388 0.562238 128 128 128
0.687629 -3.24967 0.561767 128 128 128
0.648856 -3.26367 0.562709 128 128 128
0.611111 -3.28401 0.564749 128 128 128
0.569581 -3.28445 0.563651 128 128 128
0.533163 -3.31557 0.567575 128 128 128
0.494904 -3.33847 0.570243 128 128 128
0.454298 -3.34723 0.570714 128 128 128
0.412704 -3.34863 0.570086 128 128 128
0.373435 -3.37013 0.572754 128 128 128
0.337391 -3.42851 0.581386 128 128 128
0.295633 -3.43633 0.582014 128 128 128
0.252931 -3.43281 0.580915 128 128 128
0.213099 -3.47311 0.58688 128 128 128
0.169877 -3.46363 0.584996 128 128 128
0.12901 -3.50986 0.592059 128 128 128
0.085315 -3.4865 0.588135 128 128 128
0.0427848 -3.50802 0.591431 128 128 128
-0.000264533 -3.51717 0.592844 128 128 128
-0.0434729 -3.52085 0.593472 128 128 128
-0.0869631 -3.5319 0.595355 128 128 128
-0.130695 -3.54142 0.597081 128 128 128
-0.174192 -3.54054 0.597238 128 128 128
-0.21829 -3.54898 0.598965 128 128 128
-0.261173 -3.53717 0.597552 128 128 128
-0.30532 -3.54255 0.598965 128 128 128
-0.349252 -3.54345 0.59975 128 128 128
-0.393904 -3.5497 0.601476 128 128 128
-0.439484 -3.56126 0.604144 128 128 128
-0.482888 -3.55364 0.60383 128 128 128
-0.52863 -3.5621 0.606185 128 128 128
-0.572616 -3.5573 0.606499 128 128 128
-0.597262 -1.34521 0.267797 128 128 128
-0.61578 -1.34227 0.268582 128 128 128
-0.633049 -1.33639 0.268896 128 128 128
-1.64206 -3.36395 0.628786 128 128 128
-1.68277 -3.34266 0.628629 128 128 128
-1.72685 -3.3279 0.629727 128 128 128
-1.76942 -3.30994 0.630355 128 128 128
-1.808 -3.28452 0.629727 128 128 128
-1.8506 -3.26638 0.630512 128 128 128
-1.89104 -3.24428 0.630669 128 128 128
-1.93224 -3.22337 0.63114 128 128 128
-1.97113 -3.19858 0.630983 128 128 128
-2.00706 -3.16914 0.630041 128 128 128
-2.05226 -3.15421 0.631925 128 128 128
-2.05626 -3.07704 0.622037 128 128 128
-0.515069 -0.74887 0.178335 128 128 128
-0.519105 -0.735224 0.176922 128 128 128
-2.20456 -3.04971 0.631925 128 128 128
-2.15537 -2.90579 0.608853 128 128 128
-2.26917 -2.98211 0.629413 128 128 128
-2.26005 -2.89563 0.617642 128 128 128
-2.35401 -2.94095 0.632553 128 128 128
-2.36425 -2.88053 0.626118 128 128 128
-2.38671 -2.83618 0.622979 128 128 128
-2.4252 -2.81117 0.62392 128 128 128
-2.48044 -2.80488 0.628943 128 128 128
-2.52329 -2.78374 0.630983 128 128 128
-2.55525 -2.7504 0.630512 128 128 128
-2.57724 -2.70667 0.627844 128 128 128
-2.60957 -2.67413 0.627687 128 128 128
-2.64428 -2.644 0.628158 128 128 128
-2.66946 -2.60445 0.626588 128 128 128
-2.70909 -2.57899 0.628315 128 128 128
-2.7427 -2.54757 0.628786 128 128 128
-2.76571 -2.50642 0.627059 128 128 128
-2.78812 -2.4651 0.625333 128 128 128
-2.81592 -2.42876 0.624862 128 128 128
-2.84249 -2.39148 0.624234 128 128 128
-2.86323 -2.34952 0.622508 128 128 128
-2.89184 -2.31421 0.622508 128 128 128
-2.91069 -2.27125 0.620624 128 128 128
-2.93834 -2.23536 0.620624 128 128 128
-2.96396 -2.19796 0.62031 128 128 128
-2.98031 -2.1539 0.61827 128 128 128
-3.00086 -2.11318 0.617171 128 128 128
-3.01436 -2.06781 0.614817 128 128 128
-3.03376 -2.02682 0.613718 128 128 128
-3.0584 -1.98944 0.613718 128 128 128
-3.08676 -1.9544 0.614503 128 128 128
-3.10799 -1.91482 0.614032 128 128 128
-3.12109 -1.87044 0.612149 128 128 128
-3.1438 -1.832 0.612149 128 128 128
-3.15746 -1.78841 0.610579 128 128 128
-3.18003 -1.75001 0.610736 128 128 128
-3.20301 -1.71178 0.61105 128 128 128
-3.21413 -1.66734 0.609324 128 128 128
-3.23876 -1.63 0.610108 128 128 128
-3.24077 -1.58146 0.606969 128 128 128
-3.25994 -1.54157 0.606969 128 128 128
-3.25437 -1.49034 0.602732 128 128 128
-3.2697 -1.44909 0.602261 128 128 128
-3.27635 -1.40418 0.600377 128 128 128
-3.28239 -1.35933 0.598494 128 128 128
-3.29699 -1.31822 0.59818 128 128 128
-3.29264 -1.26983 0.594727 128 128 128
-3.28669 -1.22141 0.591117 128 128 128
-3.23158 -1.02344 0.572597 128 128 128
-3.32138 -1.00724 0.585467 128 128 128
-3.34962 -0.971086 0.588135 128 128 128
-3.30798 -0.915141 0.579346 128 128 128
-3.30464 -0.870698 0.576992 128 128 128
-3.29783 -0.825755 0.574167 128 128 128
-3.31637 -0.787279 0.575579 128 128 128
-3.32 -0.745223 0.574637 128 128 128
-3.31633 -0.701763 0.572597 128 128 128
-3.3121 -0.658505 0.570557 128 128 128
-3.31314 -0.616543 0.569458 128 128 128
-3.3117 -0.574317 0.568045 128 128 128
-3.31362 -0.532848 0.567261 128 128 128
-3.2994 -0.489096 0.563965 128 128 128
-3.29341 -0.446972 0.562081 128 128 128
-3.2908 -0.405553 0.560826 128 128 128
-3.2759 -0.362956 0.557687 128 128 128
-3.23582 -0.23834 0.549525 128 128 128
-3.23259 -0.198248 0.548583 128 128 128
-3.22886 -0.158272 0.547642 128 128 128
-3.22365 -0.11838 0.546543 128 128 128
-3.19524 -0.0780761 0.541835 128 128 128
-3.16886 -0.00493842 0.457432 128 128 128
-3.18058 0.0340911 0.459019 128 128 128
-3.13929 0.0721341 0.453597 128 128 128
-3.13916 0.110689 0.453729 128 128 128
-3.11479 0.148091 0.450687 128 128 128
-3.10681 0.18594 0.449894 128 128 128
-3.00397 0.365572 0.438388 128 128 128
-2.98845 0.400944 0.436933 128 128 128
-2.96271 0.434538 0.434155 128 128 128
-2.94346 0.468662 0.432304 128 128 128
-2.91795 0.501365 0.429659 128 128 128
-2.90086 0.535142 0.428204 128 128 128
-2.88338 0.568576 0.426749 128 128 128
-2.86649 0.601867 0.425426 128 128 128
-2.84921 0.634829 0.424104 128 128 128
-2.82963 0.667 0.422517 128 128 128
-2.81258 0.699509 0.421326 128 128 128
-2.78461 0.728925 0.418681 128 128 128
-2.76782 0.760929 0.417623 128 128 128
-2.72685 0.785736 0.413259 128 128 128
-2.72839 0.822589 0.414846 128 128 128
-2.68879 0.846737 0.410746 128 128 128
-2.78268 0.91415 0.425426 128 128 128
-2.75251 0.941786 0.422781 128 128 128
-2.71461 0.96615 0.419078 128 128 128
-2.60963 0.964882 0.405852 128 128 128
-2.56799 0.985427 0.40162 128 128 128
-2.52717 1.00547 0.39752 128 128 128
-2.49449 1.02806 0.394611 128 128 128
-2.47896 1.05743 0.394214 128 128 128
-2.45764 1.08415 0.393024 128 128 128
-2.42973 1.10763 0.390907 128 128 128
-2.40609 1.13271 0.389453 128 128 128
-2.38132 1.15693 0.387866 128 128 128
-2.3572 1.18117 0.386411 128 128 128
-2.32053 1.1986 0.383104 128 128 128
-2.29516 1.22138 0.381517 128 128 128
-2.26784 1.24277 0.379666 128 128 128
-2.23775 1.2622 0.377417 128 128 128
-2.21181 1.28358 0.37583 128 128 128
-2.17464 1.2979 0.372524 128 128 128
-2.15348 1.32137 0.37173 128 128 128
-2.11281 1.33232 0.367895 128 128 128
-2.08883 1.35329 0.366705 128 128 128
-2.06794 1.37607 0.366043 128 128 128
-2.03455 1.39013 0.363398 128 128 128
-2.00518 1.40643 0.361414 128 128 128
-1.98214 1.42687 0.360488 128 128 128
-1.95732 1.44578 0.359298 128 128 128
-1.93154 1.46369 0.357976 128 128 128
-1.90561 1.48118 0.356653 128 128 128
-1.87646 1.49579 0.354801 128 128 128
-1.84876 1.51116 0.353214 128 128 128
-1.81794 1.52353 0.351098 128 128 128
-1.79235 1.5399 0.349908 128 128 128
-1.75995 1.54996 0.347527 128 128 128
-1.73565 1.56678 0.346602 128 128 128
-1.71194 1.58392 0.345808 128 128 128
-1.67586 1.58909 0.342766 128 128 128
-1.63707 1.59085 0.339195 128 128 128
-1.6006 1.59401 0.336021 128 128 128
-1.58368 1.61636 0.33655 128 128 128
-1.53912 1.60984 0.331789 128 128 128
-1.51992 1.62933 0.331921 128 128 128
-1.49515 1.64272 0.330995 128 128 128
-1.46897 1.65426 0.329805 128 128 128
-1.44338 1.66616 0.328747 128 128 128
-1.41644 1.67617 0.327424 128 128 128
-1.38255 1.67734 0.324647 128 128 128
-1.36558 1.69882 0.325441 128 128 128
-1.33182 1.69904 0.322663 128 128 128
-1.30847 1.7121 0.322134 128 128 128
-1.28441 1.72405 0.321473 128 128 128
-1.2527 1.72523 0.319092 128 128 128
-1.22629 1.73318 0.317902 128 128 128
-1.19539 1.7342 0.315654 128 128 128
-1.16851 1.7405 0.314331 128 128 128
-1.14166 1.7464 0.313008 128 128 128
-1.11484 1.75191 0.311686 128 128 128
-1.08909 1.75871 0.310628 128 128 128
-1.05417 1.74984 0.307189 128 128 128
-1.02912 1.75665 0.306263 128 128 128
-1.0026 1.76052 0.304941 128 128 128
-0.976616 1.76488 0.303751 128 128 128
-0.952079 1.77149 0.302957 128 128 128
-0.918393 1.76017 0.299518 128 128 128
-0.893156 1.76422 0.29846 128 128 128
-0.867959 1.76792 0.297402 128 128 128
-0.84323 1.77217 0.296476 128 128 128
-0.819767 1.77878 0.295947 128 128 128
-0.791446 1.77421 0.293831 128 128 128
-0.770005 1.7847 0.293963 128 128 128
-0.746527 1.79035 0.293434 128 128 128
-0.717502 1.78189 0.290922 128 128 128
-0.692725 1.78317 0.289864 128 128 128
-0.672865 1.79711 0.290657 128 128 128
-0.64675 1.79403 0.28907 128 128 128
-0.623073 1.79715 0.288409 128 128 128
-0.595681 1.78866 0.28616 128 128 128
-0.574885 1.79961 0.286689 128 128 128
-0.546997 1.78756 0.284044 128 128 128
-0.523638 1.78938 0.283383 128 128 128
-0.500846 1.79281 0.282986 128 128 128
-0.477291 1.79307 0.282193 128 128 128
-0.453081 1.79014 0.281002 128 128 128
-0.428327 1.78399 0.279415 128 128 128
-0.40488 1.78234 0.27849 128 128 128
-0.380305 1.77457 0.27677 128 128 128
-0.356757 1.77036 0.27558 128 128 128
-0.333914 1.76875 0.274786 128 128 128
-0.310826 1.76491 0.273728 128 128 128
-0.28804 1.76174 0.272803 128 128 128
-0.265087 1.75632 0.271612 128 128 128
-0.242311 1.7506 0.270422 128 128 128
-0.220567 1.75147 0.270157 128 128 128
-0.197743 1.74222 0.26857 128 128 128
-0.176348 1.74452 0.26857 128 128 128
-0.15322 1.7268 0.265925 128 128 128
-0.131872 1.72658 0.265661 128 128 128
-0.110918 1.73202 0.26619 128 128 128
-0.0890191 1.72038 0.26447 128 128 128
-0.0677167 1.71639 0.263809 128 128 128
-0.0465503 1.71313 0.26328 128 128 128
-0.0254617 1.70862 0.262619 128 128 128
-0.00449126 1.70484 0.26209 128 128 128
0.0163707 1.69981 0.261428 128 128 128
0.0371807 1.6975 0.261164 128 128 128
0.057864 1.69295 0.260635 128 128 128
0.0786348 1.69211 0.260635 128 128 128
0.0992727 1.68904 0.26037 128 128 128
0.119847 1.68572 0.260106 128 128 128
0.140185 1.68017 0.259577 128 128 128
0.159728 1.66747 0.258122 128 128 128
0.180178 1.66539 0.258122 128 128 128
0.200602 1.66305 0.258122 128 128 128
0.220995 1.66046 0.258122 128 128 128
0.241064 1.65566 0.257858 128 128 128
0.261206 1.6516 0.257725 128 128 128
0.280609 1.64339 0.257064 128 128 128
0.299124 1.63105 0.255874 128 128 128
0.318924 1.62629 0.255741 128 128 128
0.338037 1.61837 0.255212 128 128 128
0.357004 1.61023 0.254683 128 128 128
0.376051 1.60284 0.254287 128 128 128
0.395211 1.59618 0.254022 128 128 128
0.414264 1.58929 0.253758 128 128 128
0.433472 1.58313 0.253625 128 128 128
0.452591 1.57674 0.253493 128 128 128
0.469606 1.56348 0.252435 128 128 128
0.488159 1.55571 0.252171 128 128 128
0.507213 1.5496 0.252171 128 128 128
0.526835 1.54514 0.252435 128 128 128
0.543755 1.53295 0.251641 128 128 128
0.562181 1.52524 0.251509 128 128 128
0.580855 1.51822 0.251509 128 128 128
0.599443 1.51098 0.251509 128 128 128
0.617939 1.50351 0.251509 128 128 128
0.635953 1.4949 0.251377 128 128 128
0.653447 1.48517 0.251112 128 128 128
0.670798 1.47524 0.250848 128 128 128
0.688004 1.46511 0.250583 128 128 128
0.704194 1.45299 0.250054 128 128 128
0.720189 1.4407 0.249525 128 128 128
0.736446 1.42911 0.249129 128 128 128
0.752994 1.41822 0.248864 128 128 128
0.769386 1.40713 0.2486 128 128 128
0.786107 1.39672 0.248467 128 128 128
0.802689 1.38611 0.248335 128 128 128
0.29605 0.501999 0.112376 128 128 128
0.485131 0.795429 0.15893 128 128 128
0.510227 0.813706 0.162765 128 128 128
0.619045 0.959461 0.186968 128 128 128
0.884525 1.33181 0.247938 128 128 128
0.900241 1.32004 0.247806 128 128 128
0.899827 1.28538 0.243971 128 128 128
0.920757 1.28148 0.245161 128 128 128
0.936413 1.27008 0.245161 128 128 128
0.951929 1.25849 0.245161 128 128 128
0.965472 1.24437 0.244764 128 128 128
0.959 1.20534 0.240135 128 128 128
0.930347 1.1406 0.231009 128 128 128
0.946187 1.13137 0.231406 128 128 128
1.02537 1.1955 0.244764 128 128 128
1.03799 1.1806 0.244367 128 128 128
1.04974 1.16483 0.243838 128 128 128
1.04844 1.13516 0.240796 128 128 128
0.821786 0.869437 0.194242 128 128 128
0.67738 0.700324 0.164617 128 128 128
0.683821 0.689856 0.16422 128 128 128
0.690107 0.679335 0.163823 128 128 128
0.696956 0.669447 0.163559 128 128 128
0.704393 0.66017 0.163426 128 128 128
0.712441 0.651476 0.163426 128 128 128
0.720382 0.642684 0.163426 128 128 128
0.731216 0.636386 0.163955 128 128 128
0.739729 0.628003 0.164088 128 128 128
0.754274 0.62454 0.165278 128 128 128
0.914298 0.737299 0.191333 128 128 128
0.82406 0.648546 0.174536 128 128 128
0.779116 0.598155 0.165675 128 128 128
0.78799 0.589731 0.165939 128 128 128
0.793561 0.578855 0.165675 128 128 128
0.938344 0.666143 0.188158 128 128 128
1.2913 0.891324 0.243971 128 128 128
1.32274 0.889185 0.247277 128 128 128
0.908231 0.596002 0.179562 128 128 128
0.862729 0.551387 0.17123 128 128 128
0.873649 0.54336 0.171891 128 128 128
0.938054 0.567267 0.180884 128 128 128
1.42101 0.833367 0.254419 128 128 128
1.43285 0.816843 0.254683 128 128 128
1.44971 0.803024 0.255741 128 128 128
1.45946 0.785174 0.255741 128 128 128
1.46899 0.767205 0.255741 128 128 128
1.47917 0.749566 0.255874 128 128 128
1.49093 0.732663 0.25627 128 128 128
1.50429 0.716432 0.256932 128 128 128
1.51027 0.696679 0.256535 128 128 128
1.52505 0.680907 0.257461 128 128 128
1.53511 0.662923 0.257725 128 128 128
1.51108 0.630749 0.253096 128 128 128
1.53527 0.618788 0.255477 128 128 128
1.58991 0.618109 0.262222 128 128 128
1.58158 0.592676 0.259974 128 128 128
1.5934 0.574894 0.260635 128 128 128
1.61533 0.560461 0.262751 128 128 128
1.62773 0.542464 0.263545 128 128 128
1.656 0.52934 0.266586 128 128 128
1.66521 0.509842 0.266983 128 128 128
1.68086 0.492133 0.268306 128 128 128
1.69442 0.473586 0.269364 128 128 128
1.70777 0.454781 0.270422 128 128 128
1.71995 0.435478 0.271348 128 128 128
1.72999 0.415485 0.272009 128 128 128
1.74173 0.395746 0.272935 128 128 128
1.76003 0.377221 0.274786 128 128 128
1.78591 0.359855 0.277696 128 128 128
1.79019 0.337912 0.277696 128 128 128
1.7776 0.313033 0.275448 128 128 128
1.80284 0.294666 0.278357 128 128 128
1.8171 0.274123 0.279812 128 128 128
1.82721 0.25274 0.280738 128 128 128
1.84001 0.231515 0.28206 128 128 128
1.8565 0.210451 0.283912 128 128 128
1.8619 0.187946 0.284309 128 128 128
1.85913 0.164656 0.283648 128 128 128
1.88474 0.143587 0.286822 128 128 128
1.89328 0.120875 0.287747 128 128 128
1.91442 0.0986111 0.290393 128 128 128
1.91747 0.0751843 0.290657 128 128 128
1.89348 0.0510327 0.287351 128 128 128
1.89991 0.0278678 0.288144 128 128 128
1.91596 0.00455575 0.29026 128 128 128
1.91885 -0.018992 0.290657 128 128 128
1.9264 -0.04273 0.291715 128 128 128
1.93167 -0.0665837 0.292509 128 128 128
1.93962 -0.0907183 0.293699 128 128 128
1.94529 -0.114937 0.294625 128 128 128
1.95263 -0.139454 0.295815 128 128 128
1.97743 -0.165693 0.299386 128 128 128
1.99301 -0.19169 0.301767 128 128 128
1.99346 -0.21646 0.302163 128 128 128
2.00836 -0.243085 0.304544 128 128 128
2.02586 -0.270507 0.307321 128 128 128
2.02729 -0.296073 0.307983 128 128 128
2.02644 -0.3214 0.308379 128 128 128
2.03113 -0.347766 0.30957 128 128 128
2.03743 -0.374657 0.311025 128 128 128
2.04337 -0.401755 0.312479 128 128 128
2.04314 -0.427825 0.313141 128 128 128
2.0416 -0.453733 0.31367 128 128 128
2.06578 -0.485843 0.31777 128 128 128
2.06639 -0.512841 0.318695 128 128 128
2.06569 -0.539674 0.319489 128 128 128
2.06369 -0.566303 0.32015 128 128 128
2.06325 -0.593516 0.321076 128 128 128
2.07289 -0.623964 0.323457 128 128 128
2.06413 -0.649056 0.323324 128 128 128
2.05884 -0.675269 0.323721 128 128 128
2.05227 -0.701127 0.323986 128 128 128
2.05751 -0.731264 0.32597 128 128 128
2.05396 -0.758528 0.326763 128 128 128
2.05004 -0.785815 0.327557 128 128 128
2.05681 -0.817533 0.329937 128 128 128
2.08051 -0.856736 0.334831 128 128 128
2.08169 -0.887276 0.33655 128 128 128
2.05433 -0.905529 0.334169 128 128 128
2.05388 -0.935621 0.335757 128 128 128
2.09512 -0.985743 0.34356 128 128 128
2.10425 -1.02181 0.346734 128 128 128
2.10483 -1.05423 0.348718 128 128 128
2.10054 -1.08455 0.35004 128 128 128
2.09319 -1.11351 0.350966 128 128 128
2.07937 -1.13911 0.350966 128 128 128
2.07472 -1.16991 0.352421 128 128 128
2.06535 -1.19828 0.353214 128 128 128
2.05899 -1.22863 0.354537 128 128 128
2.05304 -1.25952 0.355992 128 128 128
2.03659 -1.28409 0.35586 128 128 128
2.01985 -1.30844 0.355727 128 128 128
2.00612 -1.33478 0.356124 128 128 128
2.04027 -1.39405 0.364324 128 128 128
2.03598 -1.42811 0.36644 128 128 128
2.03357 -1.46402 0.368953 128 128 128
2.00828 -1.48355 0.367763 128 128 128
2.0349 -1.54228 0.375301 128 128 128
2.01973 -1.57018 0.375962 128 128 128
2.00882 -1.60166 0.377417 128 128 128
1.99438 -1.63059 0.378343 128 128 128
1.9856 -1.66451 0.380327 128 128 128
1.97478 -1.69717 0.382046 128 128 128
1.95975 -1.72652 0.383104 128 128 128
1.94429 -1.75577 0.384162 128 128 128
1.89718 -1.75589 0.379533 128 128 128
1.89416 -1.7968 0.382972 128 128 128
1.91525 -1.86213 0.39104 128 128 128
1.89646 -1.88969 0.391833 128 128 128
1.8856 -1.92559 0.394214 128 128 128
1.85567 -1.94212 0.393024 128 128 128
1.85127 -1.9858 0.396859 128 128 128
1.84807 -2.03187 0.401091 128 128 128
1.82891 -2.06108 0.402282 128 128 128
1.8119 -2.09312 0.404001 128 128 128
1.79884 -2.13036 0.406646 128 128 128
1.78074 -2.16223 0.408365 128 128 128
1.75965 -2.19089 0.409556 128 128 128
1.743 -2.2256 0.411804 128 128 128
1.72637 -2.26101 0.414185 128 128 128
1.70086 -2.28521 0.414714 128 128 128
1.67268 -2.30591 0.414714 128 128 128
1.65911 -2.34733 0.418152 128 128 128
1.63747 -2.37814 0.419872 128 128 128
1.60596 -2.39476 0.419343 128 128 128
1.57591 -2.41345 0.41921 128 128 128
1.55891 -2.4527 0.422384 128 128 128
1.5365 -2.48431 0.424368 128 128 128
1.5217 -2.52933 0.428468 128 128 128
1.50703 -2.57606 0.432833 128 128 128
1.48068 -2.60385 0.434288 128 128 128
1.44813 -2.62095 0.434155 128 128 128
1.42802 -2.66125 0.437594 128 128 128
1.40119 -2.69001 0.439313 128 128 128
1.37476 -2.72028 0.441297 128 128 128
1.34737 -2.74942 0.443149 128 128 128
1.32328 -2.78635 0.446191 128 128 128
1.28403 -2.79157 0.444604 128 128 128
1.25651 -2.82252 0.446852 128 128 128
1.2253 -2.84592 0.448042 128 128 128
1.19635 -2.8754 0.450158 128 128 128
1.16503 -2.89998 0.451613 128 128 128
1.12721 -2.90851 0.45082 128 128 128
1.10595 -2.96114 0.456374 128 128 128
1.0712 -2.97916 0.457036 128 128 128
1.04392 -3.01926 0.460871 128 128 128
1.00586 -3.02902 0.460474 128 128 128
0.974308 -3.05909 0.462987 128 128 128
0.940439 -3.08314 0.464707 128 128 128
0.906679 -3.10873 0.46669 128 128 128
0.873755 -3.13873 0.469336 128 128 128
0.842759 -3.17796 0.473303 128 128 128
0.802251 -3.1823 0.47251 128 128 128
0.767725 -3.21119 0.475155 128 128 128
0.731523 -3.23487 0.477139 128 128 128
0.693621 -3.25234 0.478329 128 128 128
0.652496 -3.25477 0.477535 128 128 128
0.613596 -3.26838 0.478329 128 128 128
0.577686 -3.30008 0.481635 128 128 128
0.537461 -3.30887 0.4819 128 128 128
0.497981 -3.32306 0.482958 128 128 128
0.457967 -3.33482 0.483751 128 128 128
0.416888 -3.3392 0.483619 128 128 128
0.376208 -3.34702 0.484016 128 128 128
0.340272 -3.40367 0.491026 128 128 128
0.298648 -3.40956 0.49129 128 128 128
0.2562 -3.40506 0.490232 128 128 128
0.215006 -3.41784 0.491555 128 128 128
0.174809 -3.45586 0.496316 128 128 128
0.132534 -3.46171 0.496845 128 128 128
0.0906103 -3.48587 0.499887 128 128 128
0.0478141 -3.48573 0.499754 128 128 128
0.00503803 -3.49497 0.500945 128 128 128
-0.0380764 -3.5136 0.503458 128 128 128
-0.0812629 -3.51584 0.503854 128 128 128
-0.124836 -3.52647 0.505441 128 128 128
-0.168682 -3.53655 0.507029 128 128 128
-0.212793 -3.54609 0.508616 128 128 128
-0.257092 -3.55408 0.51007 128 128 128
-0.300856 -3.55263 0.510335 128 128 128
-0.345592 -3.56051 0.511922 128 128 128
-0.389368 -3.55699 0.512054 128 128 128
-0.43432 -3.56276 0.513509 128 128 128
-0.478141 -3.55815 0.513641 128 128 128
-0.522059 -3.55397 0.513906 128 128 128
-0.567361 -3.55807 0.515361 128 128 128
-0.612673 -3.5606 0.516683 128 128 128
-0.656683 -3.55476 0.516948 128 128 128
-0.700449 -3.54741 0.51708 128 128 128
-0.745979 -3.54825 0.518403 128 128 128
-0.789899 -3.54076 0.518667 128 128 128
-0.833519 -3.53176 0.518799 128 128 128
-0.879442 -3.53185 0.520254 128 128 128
-0.921203 -3.51504 0.519461 128 128 128
-0.971927 -3.53117 0.523296 128 128 128
-1.01326 -3.51232 0.52237 128 128 128
-1.05944 -3.51005 0.523825 128 128 128
-1.28201 -3.46357 0.527396 128 128 128
-1.32833 -3.45775 0.528851 128 128 128
-0.56222 -1.36888 0.232068 128 128 128
-0.576635 -1.35641 0.231274 128 128 128
-0.590427 -1.34288 0.230348 128 128 128
-0.597787 -1.31571 0.227439 128 128 128
-1.65182 -3.39607 0.538506 128 128 128
-1.676 -3.34101 0.533348 128 128 128
-1.71596 -3.31843 0.533083 128 128 128
-1.75842 -3.30062 0.533612 128 128 128
-1.79784 -3.27706 0.533348 128 128 128
-1.84085 -3.25992 0.534141 128 128 128
-1.87722 -3.23109 0.533215 128 128 128
-1.90705 -3.19166 0.530702 128 128 128
-1.95699 -3.18574 0.53348 128 128 128
-1.99646 -3.16232 0.533612 128 128 128
-2.02432 -3.12096 0.530967 128 128 128
-2.06246 -3.09588 0.530967 128 128 128
-0.514608 -0.757586 0.156814 128 128 128
-0.523296 -0.750404 0.156681 128 128 128
-0.518535 -0.724641 0.153507 128 128 128
-1.83414 -2.4813 0.446323 128 128 128
-2.24662 -2.96122 0.53057 128 128 128
-2.2962 -2.95062 0.53348 128 128 128
-2.31119 -2.8959 0.528983 128 128 128
-2.37672 -2.90411 0.535331 128 128 128
-2.39304 -2.85197 0.531364 128 128 128
-2.4188 -2.81188 0.529512 128 128 128
-2.46166 -2.79164 0.531231 128 128 128
-2.48309 -2.74726 0.528719 128 128 128
-2.54022 -2.74201 0.533348 128 128 128
-2.55523 -2.69124 0.529777 128 128 128
-2.60259 -2.67458 0.532554 128 128 128
-2.62261 -2.62983 0.530173 128 128 128
-2.66177 -2.60437 0.531496 128 128 128
-2.69138 -2.56946 0.531099 128 128 128
-2.72634 -2.53961 0.531761 128 128 128
-2.77565 -2.52261 0.535067 128 128 128
-2.78784 -2.47194 0.531761 128 128 128
-2.80071 -2.42264 0.528719 128 128 128
-2.83629 -2.3932 0.529777 128 128 128
-2.85396 -2.34878 0.527793 128 128 128
-2.88798 -2.31792 0.528719 128 128 128
-2.90136 -2.27071 0.526206 128 128 128
-2.93374 -2.23854 0.526999 128 128 128
-2.95224 -2.19587 0.525544 128 128 128
-2.97093 -2.15367 0.524222 128 128 128
-2.99065 -2.11248 0.523164 128 128 128
-3.01472 -2.0745 0.522899 128 128 128
-3.04324 -2.03955 0.523428 128 128 128
-3.06472 -1.99989 0.522899 128 128 128
-3.0907 -1.96319 0.523164 128 128 128
-3.10191 -1.91731 0.52118 128 128 128
-3.1218 -1.87706 0.520651 128 128 128
-3.14546 -1.83911 0.520783 128 128 128
-3.15399 -1.79255 0.518667 128 128 128
-3.17662 -1.75419 0.518799 128 128 128
-3.18829 -1.70993 0.517345 128 128 128
-3.20728 -1.66977 0.51708 128 128 128
-3.21956 -1.62627 0.51589 128 128 128
-3.2366 -1.58533 0.515493 128 128 128
-3.24775 -1.54168 0.514303 128 128 128
-3.25381 -1.49592 0.512451 128 128 128
-3.25924 -1.45026 0.510599 128 128 128
-3.26677 -1.40585 0.509145 128 128 128
-3.27645 -1.36262 0.508087 128 128 128
-3.2828 -1.31826 0.506632 128 128 128
-3.28301 -1.27181 0.504383 128 128 128
-3.29558 -1.23039 0.503987 128 128 128
-3.29924 -1.18584 0.5024 128 128 128
-3.30323 -1.14171 0.500945 128 128 128
-3.30758 -1.09798 0.499622 128 128 128
-3.30852 -1.05341 0.497903 128 128 128
-3.2937 -1.00438 0.494067 128 128 128
-3.30101 -0.962504 0.493406 128 128 128
-3.30876 -0.920864 0.492877 128 128 128
-3.31417 -0.749356 0.487984 128 128 128
-3.28239 -0.699995 0.482429 128 128 128
-3.28393 -0.658306 0.481503 128 128 128
-3.30638 -0.620684 0.483487 128 128 128
-3.30203 -0.578025 0.4819 128 128 128
-3.29909 -0.535883 0.480577 128 128 128
-3.29659 -0.494046 0.479387 128 128 128
-3.2916 -0.452084 0.477932 128 128 128
-3.28608 -0.410319 0.476477 128 128 128
-3.26723 -0.367334 0.473303 128 128 128
-3.25965 -0.326043 0.471716 128 128 128
-3.25452 -0.285249 0.470526 128 128 128
-3.25085 -0.244777 0.4696 128 128 128
-3.21107 -0.202239 0.463913 128 128 128
-3.20539 -0.162428 0.462855 128 128 128
-3.19823 -0.122749 0.461665 128 128 128
-3.18859 -0.0832219 0.46021 128 128 128
-3.17649 -0.0439246 0.45849 128 128 128
-3.1424 0.116665 0.377413 128 128 128
-3.13875 0.155121 0.377196 128 128 128
-3.13065 0.193261 0.376547 128 128 128
-3.11119 0.230424 0.374708 128 128 128
-3.10813 0.268585 0.374708 128 128 128
-3.07987 0.304274 0.372004 128 128 128
-3.05614 0.339857 0.36984 128 128 128
-3.05075 0.377213 0.369732 128 128 128
-3.02324 0.411548 0.367244 128 128 128
-2.99632 0.44541 0.364865 128 128 128
-2.97493 0.479621 0.363134 128 128 128
-2.94041 0.511167 0.359997 128 128 128
-2.9173 0.544121 0.358158 128 128 128
-2.90065 0.577941 0.357076 128 128 128
-2.87875 0.610407 0.355453 128 128 128
-2.85747 0.64264 0.353939 128 128 128
-2.79744 0.701708 0.349071 128 128 128
-2.8088 0.741302 0.351343 128 128 128
-2.77075 0.767764 0.348098 128 128 128
-2.75539 0.800047 0.347449 128 128 128
-2.74251 0.832934 0.347124 128 128 128
-2.70555 0.858123 0.344095 128 128 128
-2.67499 0.884714 0.341824 128 128 128
-2.64325 0.910361 0.339444 128 128 128
-2.61971 0.938377 0.338038 128 128 128
-2.59402 0.965261 0.336415 128 128 128
-2.56343 0.989867 0.334252 128 128 128
-2.53632 1.01535 0.332521 128 128 128
-2.51448 1.04259 0.331439 128 128 128
-2.4951 1.07063 0.330682 128 128 128
-2.46178 1.09231 0.328302 128 128 128
-2.44548 1.12119 0.327978 128 128 128
-2.42524 1.14814 0.32722 128 128 128
-2.4074 1.17607 0.326788 128 128 128
-2.36703 1.19257 0.323651 128 128 128
-2.3381 1.2142 0.32192 128 128 128
-2.3125 1.23718 0.320622 128 128 128
-2.28844 1.26067 0.31954 128 128 128
-2.24771 1.27445 0.316403 128 128 128
-2.22588 1.29844 0.315646 128 128 128
-2.18505 1.31084 0.312509 128 128 128
-2.15949 1.33182 0.311319 128 128 128
-2.13459 1.3529 0.310237 128 128 128
-2.09282 1.36273 0.306992 128 128 128
-2.0685 1.38334 0.306018 128 128 128
-2.03989 1.40075 0.304504 128 128 128
-2.01849 1.42281 0.303963 128 128 128
-1.99362 1.44224 0.30299 128 128 128
-1.9582 1.45357 0.30061 128 128 128
-1.93626 1.47448 0.300069 128 128 128
-1.90313 1.48651 0.298014 128 128 128
-1.88009 1.50602 0.297365 128 128 128
-1.85609 1.52457 0.296607 128 128 128
-1.81517 1.52867 0.29347 128 128 128
-1.79402 1.54888 0.293146 128 128 128
-1.76147 1.55893 0.291199 128 128 128
-1.73779 1.57643 0.29055 128 128 128
-1.68772 1.56922 0.286006 128 128 128
-1.67409 1.59529 0.286872 128 128 128
-1.64229 1.60392 0.285033 128 128 128
-1.60702 1.60849 0.282653 128 128 128
-1.58022 1.62097 0.281571 128 128 128
-1.55609 1.63592 0.280922 128 128 128
-1.51628 1.63377 0.277785 128 128 128
-1.49878 1.6552 0.278218 128 128 128
-1.46058 1.65337 0.275297 128 128 128
-1.44277 1.67418 0.27573 128 128 128
-1.40484 1.67122 0.272809 128 128 128
-1.38422 1.68833 0.272809 128 128 128
-1.36154 1.70286 0.272485 128 128 128
-1.3387 1.71709 0.27216 128 128 128
-1.30308 1.71441 0.269564 128 128 128
-1.27484 1.72069 0.268266 128 128 128
-1.24663 1.72653 0.266968 128 128 128
-1.21906 1.73276 0.265778 128 128 128
-1.19208 1.73939 0.264696 128 128 128
-1.16567 1.74645 0.263723 128 128 128
-1.13927 1.75313 0.262749 128 128 128
-1.11075 1.75606 0.261343 128 128 128
-1.08182 1.75771 0.259829 128 128 128
-1.05659 1.76488 0.259071 128 128 128
-1.02434 1.75968 0.2568 128 128 128
-1.00316 1.77298 0.256908 128 128 128
-0.972213 1.76861 0.254853 128 128 128
-0.941999 1.76463 0.252906 128 128 128
-0.918441 1.77253 0.252473 128 128 128
-0.887679 1.76591 0.250309 128 128 128
-0.860708 1.76595 0.249011 128 128 128
-0.83472 1.76739 0.24793 128 128 128
-0.812969 1.7775 0.24793 128 128 128
-0.787065 1.77825 0.246848 128 128 128
-0.763617 1.78412 0.246415 128 128 128
-0.736718 1.78142 0.245009 128 128 128
-0.715171 1.79125 0.245117 128 128 128
-0.690631 1.7934 0.24436 128 128 128
-0.664413 1.79056 0.243062 128 128 128
-0.64038 1.79296 0.242413 128 128 128
-0.616388 1.79504 0.241764 128 128 128
-0.59213 1.79587 0.241007 128 128 128
-0.569446 1.8011 0.24079 128 128 128
-0.543548 1.79559 0.239384 128 128 128
-0.520087 1.79735 0.238843 128 128 128
-0.497461 1.80168 0.238627 128 128 128
-0.470245 1.78842 0.236463 128 128 128
-0.447779 1.79213 0.236247 128 128 128
-0.421846 1.78105 0.234408 128 128 128
-0.398869 1.78124 0.233867 128 128 128
-0.376568 1.78406 0.233651 128 128 128
-0.351735 1.77392 0.232028 128 128 128
-0.329394 1.77517 0.231704 128 128 128
-0.304524 1.76145 0.229757 128 128 128
-0.282885 1.76505 0.229757 128 128 128
-0.25916 1.75462 0.228242 128 128 128
-0.237207 1.75472 0.227918 128 128 128
-0.213828 1.74269 0.226295 128 128 128
-0.192865 1.74914 0.226728 128 128 128
-0.170313 1.74049 0.225538 128 128 128
-0.148173 1.73354 0.224564 128 128 128
-0.127475 1.74316 0.22543 128 128 128
-0.104974 1.72673 0.223483 128 128 128
-0.0835811 1.72392 0.22305 128 128 128
-0.0623095 1.72183 0.222725 128 128 128
-0.0410281 1.7165 0.222076 128 128 128
-0.0198869 1.71091 0.221427 128 128 128
0.00111035 1.70904 0.221211 128 128 128
0.0220707 1.7079 0.221103 128 128 128
0.0429549 1.70452 0.220778 128 128 128
0.06365 1.69791 0.220129 128 128 128
0.0843352 1.69402 0.219805 128 128 128
0.104935 1.68988 0.21948 128 128 128
0.125007 1.67954 0.218507 128 128 128
0.145438 1.6759 0.21829 128 128 128
0.16609 1.67498 0.218398 128 128 128
0.186194 1.66886 0.217966 128 128 128
0.205809 1.65954 0.217209 128 128 128
0.226025 1.65591 0.2171 128 128 128
0.246037 1.65104 0.216884 128 128 128
0.265964 1.64594 0.216668 128 128 128
0.285632 1.63961 0.216343 128 128 128
0.305549 1.635 0.216235 128 128 128
0.325009 1.62821 0.21591 128 128 128
0.344965 1.6241 0.21591 128 128 128
0.363999 1.61586 0.215478 128 128 128
0.383112 1.60837 0.215153 128 128 128
0.401613 1.59873 0.214612 128 128 128
0.419682 1.58791 0.213963 128 128 128
0.437811 1.57785 0.213422 128 128 128
0.456034 1.56854 0.21299 128 128 128
0.475248 1.56282 0.21299 128 128 128
0.49439 1.55687 0.21299 128 128 128
0.513458 1.55069 0.21299 128 128 128
0.532126 1.54333 0.212882 128 128 128
0.550355 1.53481 0.212665 128 128 128
0.568802 1.52701 0.212557 128 128 128
0.58714 1.51899 0.212449 128 128 128
0.604998 1.50982 0.212233 128 128 128
0.62234 1.49953 0.211908 128 128 128
0.63952 1.48904 0.211584 128 128 128
0.656133 1.47744 0.211151 128 128 128
0.6738 1.46838 0.211043 128 128 128
0.691344 1.4591 0.210935 128 128 128
0.708326 1.44872 0.210718 128 128 128
0.725156 1.43814 0.210502 128 128 128
0.74275 1.42913 0.210502 128 128 128
0.758826 1.41728 0.210177 128 128 128
0.77712 1.4096 0.210394 128 128 128
0.79142 1.39477 0.209745 128 128 128
0.307505 0.525126 0.101464 128 128 128
0.488168 0.812105 0.138351 128 128 128
0.498618 0.8069 0.138459 128 128 128
0.610578 0.961994 0.159228 128 128 128
0.869497 1.33445 0.208555 128 128 128
0.885807 1.32368 0.208555 128 128 128
0.904233 1.31599 0.208987 128 128 128
0.908868 1.28853 0.206824 128 128 128
0.928105 1.28212 0.207473 128 128 128
0.940216 1.26584 0.206824 128 128 128
0.965309 1.26687 0.208555 128 128 128
0.986898 1.26277 0.209636 128 128 128
1.00232 1.25056 0.209636 128 128 128
1.01633 1.23663 0.20942 128 128 128
1.03207 1.22482 0.209528 128 128 128
1.04767 1.21282 0.209636 128 128 128
1.06445 1.20211 0.209961 128 128 128
1.08046 1.19043 0.210177 128 128 128
1.09701 1.17926 0.210502 128 128 128
1.11209 1.16643 0.21061 128 128 128
1.12909 1.15554 0.211043 128 128 128
1.12773 1.12613 0.208663 128 128 128
1.11869 1.08999 0.205201 128 128 128
1.05928 1.00694 0.194276 128 128 128
1.07519 0.997245 0.194817 128 128 128
1.18457 1.07211 0.209096 128 128 128
1.20211 1.06145 0.209745 128 128 128
1.2173 1.04857 0.210069 128 128 128
1.22855 1.03227 0.209853 128 128 128
1.12587 0.922498 0.193627 128 128 128
0.776231 0.619711 0.143326 128 128 128
0.761835 0.59301 0.140298 128 128 128
0.776175 0.589035 0.141271 128 128 128
0.78574 0.581243 0.141596 128 128 128
0.785563 0.566315 0.140622 128 128 128
0.799768 0.561785 0.141596 128 128 128
0.807421 0.552491 0.141704 128 128 128
0.808355 0.538674 0.140947 128 128 128
0.818237 0.530882 0.141379 128 128 128
0.82553 0.521333 0.141488 128 128 128
0.818325 0.502818 0.139757 128 128 128
1.37012 0.819904 0.208987 128 128 128
1.4316 0.833071 0.215478 128 128 128
1.44258 0.81593 0.215586 128 128 128
1.45336 0.798646 0.215694 128 128 128
1.46568 0.782157 0.216019 128 128 128
1.47429 0.763654 0.21591 128 128 128
1.49775 0.752658 0.217641 128 128 128
1.36216 0.663564 0.200117 128 128 128
1.51398 0.714824 0.217425 128 128 128
1.53167 0.700332 0.218507 128 128 128
1.54833 0.685111 0.21948 128 128 128
1.55753 0.66645 0.219588 128 128 128
1.56927 0.648809 0.220021 128 128 128
1.58542 0.632826 0.220995 128 128 128
1.58843 0.611534 0.220454 128 128 128
1.60979 0.597193 0.222076 128 128 128
1.62542 0.580408 0.22305 128 128 128
1.64558 0.564947 0.224564 128 128 128
1.64578 0.542527 0.223807 128 128 128
1.67222 0.528598 0.226079 128 128 128
1.68334 0.509481 0.22662 128 128 128
1.70951 0.494602 0.228891 128 128 128
1.71833 0.474383 0.229216 128 128 128
1.72594 0.453767 0.229432 128 128 128
1.7362 0.433762 0.229973 128 128 128
1.74816 0.414032 0.23073 128 128 128
1.75699 0.39342 0.231163 128 128 128
1.7685 0.373272 0.23192 128 128 128
1.79147 0.355229 0.233975 128 128 128
1.78299 0.330851 0.232569 128 128 128
1.8114 0.313198 0.235273 128 128 128
1.83277 0.293791 0.237221 128 128 128
1.83919 0.271716 0.237545 128 128 128
1.84731 0.249795 0.238086 128 128 128
1.86208 0.228569 0.239384 128 128 128
1.85881 0.205043 0.238735 128 128 128
1.88098 0.184168 0.240898 128 128 128
1.88409 0.161157 0.241007 128 128 128
1.88691 0.138098 0.241115 128 128 128
1.89244 0.115176 0.241547 128 128 128
1.90165 0.0923359 0.242413 128 128 128
1.90562 0.0691029 0.242737 128 128 128
1.91229 0.04586 0.243386 128 128 128
1.91867 0.0224638 0.244035 128 128 128
1.92079 -0.00108263 0.244252 128 128 128
1.93355 -0.0248105 0.245658 128 128 128
1.93509 -0.0485849 0.245874 128 128 128
1.94727 -0.0728017 0.247281 128 128 128
1.95417 -0.0970814 0.248146 128 128 128
1.95978 -0.121481 0.248903 128 128 128
1.97598 -0.146835 0.25085 128 128 128
1.98097 -0.171668 0.251608 128 128 128
1.99355 -0.197425 0.25323 128 128 128
2.00778 -0.223734 0.255069 128 128 128
2.01869 -0.250058 0.256583 128 128 128
2.02828 -0.276549 0.25799 128 128 128
2.02867 -0.302001 0.258422 128 128 128
2.03462 -0.328451 0.259504 128 128 128
2.04023 -0.355093 0.260586 128 128 128
2.05038 -0.382831 0.262208 128 128 128
2.05041 -0.408932 0.262749 128 128 128
2.07733 -0.440853 0.266319 128 128 128
2.07176 -0.466312 0.266319 128 128 128
2.07459 -0.493767 0.267293 128 128 128
2.07127 -0.519912 0.267617 128 128 128
2.0705 -0.54681 0.268266 128 128 128
2.06651 -0.572973 0.268591 128 128 128
2.06505 -0.599949 0.26924 128 128 128
2.06229 -0.626688 0.269781 128 128 128
2.07908 -0.659751 0.272593 128 128 128
2.0765 -0.687085 0.273242 128 128 128
2.07731 -0.715748 0.274324 128 128 128
2.08428 -0.746877 0.276163 128 128 128
2.09173 -0.778631 0.27811 128 128 128
2.1117 -0.815686 0.281571 128 128 128
2.10984 -0.84486 0.282545 128 128 128
2.0984 -0.870307 0.282437 128 128 128
2.12228 -0.910871 0.286547 128 128 128
2.11095 -0.936846 0.286547 128 128 128
2.11194 -0.968474 0.288062 128 128 128
2.11518 -1.00154 0.289901 128 128 128
2.10988 -1.03091 0.290766 128 128 128
2.09618 -1.05628 0.290658 128 128 128
2.0963 -1.08879 0.292281 128 128 128
2.08979 -1.11818 0.293146 128 128 128
2.08375 -1.14805 0.294119 128 128 128
2.07037 -1.17403 0.294228 128 128 128
2.0644 -1.20435 0.295309 128 128 128
2.05032 -1.2301 0.295418 128 128 128
2.05453 -1.26716 0.297905 128 128 128
2.04387 -1.29547 0.298555 128 128 128
2.04615 -1.33238 0.300934 128 128 128
2.04205 -1.36567 0.302557 128 128 128
2.04727 -1.40581 0.305478 128 128 128
2.04775 -1.44342 0.307857 128 128 128
2.04036 -1.47601 0.309264 128 128 128
2.03247 -1.50863 0.31067 128 128 128
2.02172 -1.53948 0.311752 128 128 128
2.01286 -1.57212 0.313158 128 128 128
2.03068 -1.62652 0.31835 128 128 128
2.01057 -1.65131 0.31835 128 128 128
1.98559 -1.67202 0.317701 128 128 128
1.96191 -1.69367 0.317268 128 128 128
1.96108 -1.73539 0.320189 128 128 128
1.94701 -1.766 0.321271 128 128 128
1.93393 -1.79788 0.322569 128 128 128
1.92108 -1.83039 0.323975 128 128 128
1.91271 -1.86771 0.326139 128 128 128
1.89527 -1.89666 0.327004 128 128 128
1.87532 -1.92333 0.327545 128 128 128
1.86118 -1.95628 0.329059 128 128 128
1.8526 -1.99572 0.331547 128 128 128
1.84199 -2.03377 0.333819 128 128 128
1.83533 -2.07707 0.336848 128 128 128
1.8214 -2.11299 0.338795 128 128 128
1.80429 -2.14583 0.340309 128 128 128
1.79296 -2.18625 0.342905 128 128 128
1.76538 -2.20731 0.342797 128 128 128
1.7455 -2.23821 0.344095 128 128 128
1.72874 -2.2737 0.346042 128 128 128
1.70841 -2.30513 0.347449 128 128 128
1.68057 -2.32672 0.347557 128 128 128
1.65476 -2.35124 0.348098 128 128 128
1.63422 -2.38366 0.34972 128 128 128
1.60871 -2.40932 0.350478 128 128 128
1.58661 -2.44055 0.351992 128 128 128
1.56931 -2.47999 0.354588 128 128 128
1.54398 -2.50752 0.35567 128 128 128
1.51871 -2.53566 0.35686 128 128 128
1.50551 -2.58502 0.360754 128 128 128
1.48151 -2.61714 0.362485 128 128 128
1.46175 -2.65777 0.365297 128 128 128
1.43278 -2.68252 0.366163 128 128 128
1.40937 -2.71843 0.368434 128 128 128
1.37948 -2.74262 0.3693 128 128 128
1.35051 -2.76917 0.37049 128 128 128
1.31983 -2.79273 0.371355 128 128 128
1.28753 -2.81323 0.371896 128 128 128
1.25573 -2.83518 0.372653 128 128 128
1.22202 -2.85312 0.372977 128 128 128
1.19148 -2.87892 0.374276 128 128 128
1.16124 -2.90625 0.37579 128 128 128
1.1262 -2.92213 0.376006 128 128 128
1.09441 -2.94691 0.377304 128 128 128
1.06386 -2.97603 0.379143 128 128 128
1.03794 -3.01989 0.382713 128 128 128
1.00361 -3.04089 0.383687 128 128 128
0.968322 -3.05961 0.384444 128 128 128
0.927527 -3.0608 0.383254 128 128 128
0.90624 -3.12828 0.389636 128 128 128
0.871231 -3.15162 0.391042 128 128 128
0.835532 -3.17361 0.39234 128 128 128
0.799183 -3.19423 0.39353 128 128 128
0.757626 -3.19413 0.392449 128 128 128
0.724039 -3.2284 0.395261 128 128 128
0.686221 -3.2458 0.396235 128 128 128
0.648667 -3.26568 0.397533 128 128 128
0.609636 -3.27925 0.398182 128 128 128
0.57241 -3.30412 0.400129 128 128 128
0.53103 -3.30599 0.399588 128 128 128
0.493779 -3.33487 0.402076 128 128 128
0.453889 -3.34856 0.402941 128 128 128
0.413859 -3.36276 0.403915 128 128 128
0.372672 -3.36857 0.404023 128 128 128
0.332379 -3.38377 0.405213 128 128 128
0.29177 -3.39849 0.406403 128 128 128
0.251948 -3.42759 0.409215 128 128 128
0.210539 -3.44134 0.410405 128 128 128
0.168439 -3.44665 0.41073 128 128 128
0.126866 -3.46832 0.412893 128 128 128
0.0844415 -3.47558 0.413542 128 128 128
0.042031 -3.49624 0.415706 128 128 128
-0.000874813 -3.50842 0.417004 128 128 128
-0.0439647 -3.51113 0.417328 128 128 128
-0.0873395 -3.52225 0.418626 128 128 128
-0.130994 -3.53283 0.419924 128 128 128
-0.174921 -3.54287 0.421223 128 128 128
-0.219114 -3.55237 0.422521 128 128 128
-0.263494 -3.56032 0.423711 128 128 128
-0.30759 -3.56177 0.424251 128 128 128
-0.352249 -3.56762 0.425333 128 128 128
-0.396987 -3.57192 0.426307 128 128 128
-0.440912 -3.56777 0.426415 128 128 128
-0.484928 -3.56406 0.426631 128 128 128
-0.530377 -3.56964 0.427929 128 128 128
-0.574615 -3.56581 0.428254 128 128 128
-0.61833 -3.55849 0.428254 128 128 128
-0.66377 -3.5604 0.429336 128 128 128
-0.707412 -3.55199 0.429336 128 128 128
-0.754033 -3.55763 0.430958 128 128 128
-1.16058 -3.51043 0.437557 128 128 128
-1.20648 -3.50438 0.43853 128 128 128
-1.25074 -3.49306 0.438963 128 128 128
-1.30078 -3.49701 0.441235 128 128 128
-1.34073 -3.47337 0.440369 128 128 128
-1.38621 -3.46404 0.441235 128 128 128
-0.572138 -1.37829 0.197629 128 128 128
-0.56943 -1.32547 0.192221 128 128 128
-0.592902 -1.33475 0.194168 128 128 128
-0.612134 -1.3337 0.194925 128 128 128
-0.630154 -1.32968 0.195358 128 128 128
-0.657758 -1.34508 0.19817 128 128 128
-1.68635 -3.34832 0.443182 128 128 128
-1.7296 -3.33178 0.443723 128 128 128
-1.77738 -3.32346 0.445345 128 128 128
-1.81803 -3.3014 0.445345 128 128 128
-1.85939 -3.28057 0.445561 128 128 128
-1.9005 -3.25922 0.445778 128 128 128
-1.94342 -3.24077 0.446427 128 128 128
-1.98722 -3.22345 0.447292 128 128 128
-2.02556 -3.19714 0.447076 128 128 128
-2.05272 -3.15371 0.444696 128 128 128
-2.09955 -3.14068 0.446319 128 128 128
-0.520179 -0.756047 0.135105 128 128 128
-0.525411 -0.743917 0.134348 128 128 128
-0.533919 -0.736608 0.13424 128 128 128
-2.25172 -3.03468 0.446427 128 128 128
-2.20031 -2.8905 0.430525 128 128 128
-2.32735 -2.98086 0.446751 128 128 128
-0.552029 -0.687788 0.131211 128 128 128
-2.40611 -2.93053 0.447833 128 128 128
-2.42269 -2.87796 0.444588 128 128 128
-2.46691 -2.85855 0.446102 128 128 128
-2.50181 -2.82806 0.446102 128 128 128
-2.53565 -2.79641 0.445994 128 128 128
-2.57046 -2.76581 0.446102 128 128 128
-2.60009 -2.72974 0.445453 128 128 128
-2.63339 -2.69763 0.445453 128 128 128
-2.67122 -2.67003 0.446211 128 128 128
-2.70734 -2.64052 0.446751 128 128 128
-2.73234 -2.60024 0.44567 128 128 128
-2.75603 -2.55907 0.44448 128 128 128
-2.78944 -2.52706 0.444804 128 128 128
-2.82024 -2.49264 0.444804 128 128 128
-2.84008 -2.44875 0.44329 128 128 128
-2.87296 -2.41628 0.443723 128 128 128
-2.89394 -2.3739 0.442533 128 128 128
-2.91587 -2.33262 0.441559 128 128 128
-2.93722 -2.29116 0.440586 128 128 128
-2.96512 -2.25494 0.440586 128 128 128
-2.99336 -2.21898 0.440694 128 128 128
-3.01795 -2.18033 0.440369 128 128 128
-3.02904 -2.13225 0.438314 128 128 128
-3.06071 -2.09886 0.439071 128 128 128
-3.07219 -2.05175 0.437232 128 128 128
-3.08964 -2.00901 0.436259 128 128 128
-3.11658 -1.97254 0.436583 128 128 128
-3.13293 -1.92945 0.43561 128 128 128
-3.15637 -1.89086 0.43561 128 128 128
-3.16989 -1.84648 0.43442 128 128 128
-3.19404 -1.80842 0.434636 128 128 128
-3.21338 -1.76765 0.434312 128 128 128
-3.22957 -1.72527 0.433662 128 128 128
-3.23991 -1.68002 0.432364 128 128 128
-3.25318 -1.63655 0.431499 128 128 128
-3.26587 -1.59302 0.430634 128 128 128
-3.28967 -1.55495 0.431174 128 128 128
-3.29043 -1.50618 0.429011 128 128 128
-3.30139 -1.46246 0.428146 128 128 128
-3.30995 -1.41792 0.427064 128 128 128
-3.32618 -1.37682 0.426956 128 128 128
-3.33452 -1.33257 0.425982 128 128 128
-3.33393 -1.28511 0.424035 128 128 128
-3.31684 -1.23197 0.420249 128 128 128
-3.37329 -1.06774 0.420249 128 128 128
-3.40041 -1.03059 0.421872 128 128 128
-3.3727 -0.977154 0.417328 128 128 128
-3.3442 -0.924551 0.412785 128 128 128
-3.34183 -0.879894 0.411271 128 128 128
-3.33695 -0.834952 0.40954 128 128 128
-3.34404 -0.79325 0.409215 128 128 128
-3.3448 -0.750192 0.408242 128 128 128
-3.35375 -0.70909 0.408242 128 128 128
-3.3388 -0.663223 0.405646 128 128 128
-3.34669 -0.622201 0.405646 128 128 128
-3.34232 -0.579044 0.404348 128 128 128
-3.34034 -0.536562 0.403374 128 128 128
-3.34372 -0.495093 0.40305 128 128 128
-3.32886 -0.451211 0.400778 128 128 128
-3.31639 -0.408134 0.398831 128 128 128
-3.31522 -0.366748 0.398182 128 128 128
-3.27067 -0.200031 0.3918 128 128 128
-3.26693 -0.159587 0.391151 128 128 128
-3.24678 -0.118677 0.388771 128 128 128
-3.22215 -0.078187 0.385958 128 128 128
-3.19859 -0.00716182 0.303978 128 128 128
-3.19545 0.0320566 0.303728 128 128 128
-3.16991 0.0706809 0.30164 128 128 128
-3.15785 0.109183 0.300722 128 128 128
-3.15428 0.14783 0.300555 128 128 128
-3.13929 0.185746 0.299469 128 128 128
-3.0399 0.367858 0.292538 128 128 128
-3.01639 0.402605 0.290952 128 128 128
-3.00432 0.438574 0.290367 128 128 128
-2.97707 0.471948 0.28853 128 128 128
-2.95632 0.505904 0.287278 128 128 128
-2.92833 0.538154 0.28544 128 128 128
-2.91467 0.572694 0.284856 128 128 128
-2.88207 0.603078 0.282685 128 128 128
-2.86861 0.637096 0.282184 128 128 128
-2.85476 0.670875 0.281683 128 128 128
-2.83374 0.702721 0.280597 128 128 128
-2.8143 0.73466 0.279679 128 128 128
-2.79067 0.765168 0.278426 128 128 128
-2.76192 0.793824 0.276756 128 128 128
-2.74529 0.825639 0.276172 128 128 128
-2.71595 0.853266 0.274501 128 128 128
-3.00816 0.986255 0.301223 128 128 128
-2.84602 1.0109 0.289031 128 128 128
-2.6353 0.972346 0.271328 128 128 128
-2.59434 0.993523 0.26874 128 128 128
-2.55326 1.01384 0.266151 128 128 128
-2.51668 1.03521 0.26398 128 128 128
-2.50103 1.06484 0.263729 128 128 128
-2.4659 1.08578 0.261725 128 128 128
-2.44605 1.11306 0.261141 128 128 128
-2.425 1.13959 0.260473 128 128 128
-2.40008 1.16403 0.259471 128 128 128
-2.36424 1.18266 0.257467 128 128 128
-2.33893 1.20609 0.256465 128 128 128
-2.309 1.22673 0.255045 128 128 128
-2.28242 1.24874 0.253959 128 128 128
-2.25825 1.27175 0.253124 128 128 128
-2.22524 1.28935 0.251454 128 128 128
-2.2007 1.31144 0.250619 128 128 128
-2.16322 1.3253 0.248532 128 128 128
-2.13331 1.34323 0.247196 128 128 128
-2.09912 1.35792 0.245442 128 128 128
-2.07566 1.37915 0.244774 128 128 128
-2.05282 1.40058 0.24419 128 128 128
-2.01918 1.41421 0.242519 128 128 128
-1.99682 1.43538 0.242018 128 128 128
-1.96624 1.45029 0.240682 128 128 128
-1.94353 1.47069 0.240181 128 128 128
-1.91748 1.48831 0.239346 128 128 128
-1.89206 1.50613 0.238595 128 128 128
-1.85416 1.51345 0.236507 128 128 128
-1.82706 1.52904 0.235589 128 128 128
-1.79683 1.5416 0.234336 128 128 128
-1.7703 1.55694 0.233501 128 128 128
-1.73998 1.56852 0.232248 128 128 128
-1.71037 1.58027 0.231079 128 128 128
-1.68218 1.5929 0.230077 128 128 128
-1.64965 1.60091 0.228574 128 128 128
-1.61295 1.60414 0.22657 128 128 128
-1.5827 1.61312 0.225318 128 128 128
-1.55315 1.62233 0.224149 128 128 128
-1.52498 1.63251 0.223147 128 128 128
-1.50148 1.64741 0.222729 128 128 128
-1.4686 1.65154 0.221142 128 128 128
-1.44626 1.66718 0.220892 128 128 128
-1.42056 1.67871 0.220224 128 128 128
-1.39099 1.68524 0.219055 128 128 128
-1.36584 1.69674 0.21847 128 128 128
-1.33816 1.70474 0.217552 128 128 128
-1.31231 1.71469 0.216884 128 128 128
-1.27809 1.71307 0.215047 128 128 128
-1.25405 1.72459 0.214629 128 128 128
-1.22302 1.72601 0.21321 128 128 128
-1.19893 1.73678 0.212792 128 128 128
-1.17032 1.7406 0.211706 128 128 128
-1.14288 1.74565 0.210788 128 128 128
-1.10963 1.74103 0.208951 128 128 128
-1.08399 1.74773 0.208283 128 128 128
-1.05681 1.75151 0.207364 128 128 128
-1.0282 1.7523 0.206195 128 128 128
-1.00219 1.75699 0.205444 128 128 128
-0.974782 1.75868 0.204442 128 128 128
-0.945597 1.75646 0.203106 128 128 128
-0.922132 1.76439 0.202772 128 128 128
-0.893228 1.76134 0.201435 128 128 128
-0.871108 1.77127 0.201352 128 128 128
-0.842902 1.76833 0.200099 128 128 128
-0.819059 1.77401 0.199682 128 128 128
-0.794799 1.77846 0.199181 128 128 128
-0.77016 1.78167 0.198596 128 128 128
-0.745944 1.78547 0.198095 128 128 128
-0.722123 1.78986 0.197678 128 128 128
-0.697587 1.79208 0.197093 128 128 128
-0.672062 1.79117 0.196258 128 128 128
-0.648347 1.7946 0.195841 128 128 128
-0.621074 1.78734 0.194505 128 128 128
-0.596272 1.78632 0.193753 128 128 128
-0.571891 1.7859 0.193085 128 128 128
-0.54645 1.78135 0.192083 128 128 128
-0.522878 1.78218 0.191582 128 128 128
-0.499101 1.78174 0.190997 128 128 128
-0.475924 1.78291 0.19058 128 128 128
-0.45255 1.78282 0.190079 128 128 128
-0.425783 1.76788 0.188325 128 128 128
-0.403398 1.77006 0.188075 128 128 128
-0.378743 1.76123 0.186906 128 128 128
-0.357688 1.76868 0.187156 128 128 128
-0.333022 1.75726 0.18582 128 128 128
-0.310576 1.75631 0.185403 128 128 128
-0.287885 1.7531 0.184818 128 128 128
-0.264878 1.74665 0.183983 128 128 128
-0.242208 1.74088 0.183232 128 128 128
-0.219966 1.7368 0.182647 128 128 128
-0.198303 1.7364 0.182397 128 128 128
-0.176191 1.73077 0.181729 128 128 128
-0.154333 1.72585 0.181144 128 128 128
-0.132697 1.72165 0.180643 128 128 128
-0.111559 1.72315 0.180643 128 128 128
-0.0900561 1.71742 0.180058 128 128 128
-0.0688609 1.71541 0.179808 128 128 128
-0.0476777 1.71115 0.17939 128 128 128
-0.0266625 1.71061 0.179307 128 128 128
-0.00566673 1.70881 0.17914 128 128 128
0.0152697 1.70576 0.178889 128 128 128
0.036154 1.70345 0.178722 128 128 128
0.0566628 1.69193 0.177804 128 128 128
0.0773253 1.68911 0.177637 128 128 128
0.0978672 1.68505 0.177386 128 128 128
0.118321 1.68074 0.177136 128 128 128
0.138684 1.67619 0.176885 128 128 128
0.159146 1.67337 0.176802 128 128 128
0.17956 1.6703 0.176718 128 128 128
0.199802 1.66599 0.176551 128 128 128
0.218634 1.65156 0.175549 128 128 128
0.238158 1.64383 0.175132 128 128 128
0.257841 1.63783 0.174881 128 128 128
0.277242 1.63061 0.174547 128 128 128
0.296506 1.62317 0.174213 128 128 128
0.315242 1.61354 0.173712 128 128 128
0.334813 1.60858 0.173629 128 128 128
0.353876 1.60143 0.173378 128 128 128
0.372813 1.59406 0.173128 128 128 128
0.391382 1.58549 0.172794 128 128 128
0.409544 1.57575 0.172376 128 128 128
0.426467 1.56196 0.171625 128 128 128
0.445602 1.55661 0.171625 128 128 128
0.465536 1.55389 0.171875 128 128 128
0.484569 1.54806 0.171875 128 128 128
0.50353 1.54199 0.171875 128 128 128
0.520475 1.53004 0.171374 128 128 128
0.537873 1.51979 0.17104 128 128 128
0.554751 1.5084 0.170623 128 128 128
0.57322 1.50148 0.170623 128 128 128
0.591602 1.49433 0.170623 128 128 128
0.608754 1.48419 0.170372 128 128 128
0.627313 1.47753 0.170456 128 128 128
0.643786 1.46607 0.170122 128 128 128
0.661728 1.45806 0.170122 128 128 128
0.67702 1.44443 0.16962 128 128 128
0.696003 1.4387 0.169871 128 128 128
0.712711 1.42827 0.169704 128 128 128
0.728352 1.41587 0.16937 128 128 128
0.742859 1.40155 0.168869 128 128 128
0.758564 1.38971 0.168618 128 128 128
0.775561 1.3803 0.168618 128 128 128
0.382191 0.665141 0.100229 128 128 128
0.479828 0.810069 0.114842 128 128 128
0.486601 0.799026 0.114341 128 128 128
0.527774 0.842699 0.119268 128 128 128
0.850603 1.3176 0.167366 128 128 128
0.875 1.3195 0.168618 128 128 128
0.890001 1.30702 0.168451 128 128 128
0.9054 1.29519 0.168368 128 128 128
0.920643 1.28317 0.168284 128 128 128
0.93632 1.27178 0.168284 128 128 128
0.950651 1.2586 0.168117 128 128 128
0.967861 1.2492 0.168368 128 128 128
0.991202 1.24735 0.169453 128 128 128
0.995069 1.22122 0.16795 128 128 128
1.01703 1.21731 0.168869 128 128 128
1.03579 1.20927 0.16937 128 128 128
1.0466 1.19198 0.168869 128 128 128
1.06115 1.17905 0.168869 128 128 128
1.07554 1.16594 0.168869 128 128 128
1.08976 1.15265 0.168869 128 128 128
1.11217 1.14776 0.169871 128 128 128
1.12194 1.12979 0.16937 128 128 128
1.13786 1.11803 0.16962 128 128 128
1.1515 1.10398 0.16962 128 128 128
1.16496 1.08977 0.16962 128 128 128
1.18267 1.07941 0.170122 128 128 128
1.20478 1.07275 0.171124 128 128 128
1.21257 1.05332 0.170539 128 128 128
1.21474 1.02937 0.16937 128 128 128
1.24729 1.03084 0.171541 128 128 128
1.26218 1.01733 0.171792 128 128 128
1.27536 1.00237 0.171875 128 128 128
1.28518 0.984836 0.171625 128 128 128
1.29717 0.968991 0.171625 128 128 128
1.313 0.955922 0.172042 128 128 128
1.30916 0.92882 0.170456 128 128 128
1.30486 0.901958 0.168869 128 128 128
1.03679 0.699024 0.140728 128 128 128
0.850794 0.559436 0.121272 128 128 128
0.818893 0.524391 0.117431 128 128 128
0.850702 0.53001 0.119936 128 128 128
1.3748 0.830509 0.170539 128 128 128
1.43479 0.842729 0.175382 128 128 128
1.43463 0.819154 0.17438 128 128 128
1.44981 0.804375 0.174881 128 128 128
1.4543 0.783699 0.17438 128 128 128
1.46027 0.763955 0.174046 128 128 128
1.49711 0.759894 0.176635 128 128 128
1.48216 0.72964 0.17438 128 128 128
1.4928 0.71225 0.174547 128 128 128
1.51139 0.698452 0.175466 128 128 128
1.54079 0.689162 0.177386 128 128 128
1.52533 0.65997 0.175215 128 128 128
1.53515 0.641967 0.175382 128 128 128
1.55679 0.628644 0.176635 128 128 128
1.56903 0.61129 0.177052 128 128 128
1.59603 0.599301 0.178806 128 128 128
1.58732 0.573947 0.177386 128 128 128
1.61119 0.560277 0.178889 128 128 128
1.61984 0.54109 0.179056 128 128 128
1.6387 0.525096 0.180142 128 128 128
1.64788 0.505818 0.180393 128 128 128
1.65684 0.486393 0.180643 128 128 128
1.67132 0.468425 0.181395 128 128 128
1.68947 0.451194 0.18248 128 128 128
1.70454 0.432859 0.183315 128 128 128
1.68743 0.406591 0.181395 128 128 128
1.72437 0.39309 0.18415 128 128 128
1.75148 0.376669 0.186071 128 128 128
1.755 0.354952 0.185987 128 128 128
1.77196 0.335773 0.187073 128 128 128
1.77889 0.314517 0.187323 128 128 128
1.78852 0.293619 0.187824 128 128 128
1.7979 0.272533 0.188325 128 128 128
1.80703 0.25126 0.188826 128 128 128
1.82778 0.23128 0.190329 128 128 128
1.84533 0.210495 0.191582 128 128 128
1.84381 0.187439 0.191248 128 128 128
1.85391 0.165491 0.191916 128 128 128
1.8727 0.143991 0.193336 128 128 128
1.87134 0.120813 0.193085 128 128 128
1.87567 0.0979894 0.193336 128 128 128
1.8837 0.0752285 0.19392 128 128 128
1.91835 0.0529724 0.196759 128 128 128
1.90192 0.0292024 0.19534 128 128 128
1.90313 0.00586174 0.195423 128 128 128
1.91103 -0.0175829 0.196091 128 128 128
1.9286 -0.041455 0.197594 128 128 128
1.93094 -0.0652258 0.197845 128 128 128
1.92899 -0.0888686 0.197761 128 128 128
1.93273 -0.112834 0.198179 128 128 128
1.93717 -0.136977 0.19868 128 128 128
1.95321 -0.16226 0.200183 128 128 128
1.96099 -0.187183 0.201018 128 128 128
1.96746 -0.212213 0.201769 128 128 128
1.98944 -0.239366 0.203857 128 128 128
1.99129 -0.264427 0.204275 128 128 128
1.98494 -0.288407 0.204024 128 128 128
1.99109 -0.314317 0.204859 128 128 128
1.99886 -0.34076 0.205861 128 128 128
2.00237 -0.366714 0.206529 128 128 128
2.02998 -0.397642 0.209285 128 128 128
2.0308 -0.423756 0.209786 128 128 128
2.03517 -0.450818 0.210621 128 128 128
2.05373 -0.481491 0.212709 128 128 128
2.0583 -0.50931 0.213627 128 128 128
2.0519 -0.53453 0.213627 128 128 128
2.05575 -0.562583 0.214546 128 128 128
2.05635 -0.58998 0.215214 128 128 128
2.04991 -0.615459 0.215297 128 128 128
2.05551 -0.644768 0.216466 128 128 128
2.06258 -0.67493 0.217802 128 128 128
2.05697 -0.70116 0.218053 128 128 128
2.05948 -0.730366 0.219055 128 128 128
2.06064 -0.759393 0.219973 128 128 128
2.0679 -0.791062 0.221476 128 128 128
2.05989 -0.817117 0.221643 128 128 128
2.06353 -0.84804 0.222896 128 128 128
2.07037 -0.880741 0.224483 128 128 128
2.08493 -0.917363 0.226821 128 128 128
2.0155 -0.916379 0.221476 128 128 128
2.09423 -0.983559 0.229827 128 128 128
2.08649 -1.01137 0.230244 128 128 128
2.08104 -1.04047 0.230912 128 128 128
2.07874 -1.07143 0.231914 128 128 128
2.06631 -1.09732 0.231998 128 128 128
2.07103 -1.13267 0.233752 128 128 128
2.07173 -1.16633 0.235171 128 128 128
2.06846 -1.19818 0.236257 128 128 128
2.05531 -1.2245 0.236424 128 128 128
2.04692 -1.2538 0.237092 128 128 128
2.04064 -1.28468 0.23801 128 128 128
2.02473 -1.30963 0.23801 128 128 128
2.00353 -1.33106 0.237509 128 128 128
2.00678 -1.36905 0.239513 128 128 128
2.02407 -1.41764 0.24302 128 128 128
2.0146 -1.4482 0.243855 128 128 128
1.99988 -1.47519 0.24419 128 128 128
1.99512 -1.50986 0.245609 128 128 128
2.00789 -1.55872 0.248949 128 128 128
1.99562 -1.58884 0.249701 128 128 128
1.9806 -1.617 0.250202 128 128 128
1.97892 -1.65657 0.252206 128 128 128
1.9592 -1.68138 0.252289 128 128 128
1.95934 -1.72375 0.254627 128 128 128
1.94469 -1.75368 0.255379 128 128 128
1.91571 -1.77064 0.254544 128 128 128
1.89745 -1.79745 0.254961 128 128 128
1.87168 -1.81712 0.254544 128 128 128
1.88663 -1.87726 0.25897 128 128 128
1.86972 -1.90668 0.259721 128 128 128
1.85512 -1.93886 0.260807 128 128 128
1.84069 -1.97169 0.261976 128 128 128
1.8244 -2.00298 0.262978 128 128 128
1.80431 -2.03044 0.263562 128 128 128
1.79424 -2.06977 0.265483 128 128 128
1.78991 -2.11677 0.268239 128 128 128
1.77266 -2.14935 0.269408 128 128 128
1.74677 -2.17172 0.269491 128 128 128
1.73227 -2.20869 0.271161 128 128 128
1.71712 -2.24563 0.272831 128 128 128
1.68824 -2.26494 0.272664 128 128 128
1.65623 -2.27983 0.27208 128 128 128
1.65513 -2.33825 0.276004 128 128 128
1.62688 -2.35921 0.276088 128 128 128
1.61278 -2.40135 0.278343 128 128 128
1.58373 -2.4218 0.278426 128 128 128
1.5587 -2.44862 0.279178 128 128 128
1.53848 -2.48367 0.280764 128 128 128
1.51148 -2.50835 0.281349 128 128 128
1.48913 -2.54133 0.282768 128 128 128
1.46423 -2.57068 0.283854 128 128 128
1.44027 -2.60242 0.28519 128 128 128
1.4167 -2.63571 0.286693 128 128 128
1.39942 -2.68207 0.289449 128 128 128
1.37448 -2.71505 0.290952 128 128 128
1.35114 -2.7523 0.292872 128 128 128
1.32324 -2.78128 0.294041 128 128 128
1.28818 -2.7955 0.293874 128 128 128
1.2562 -2.81656 0.294375 128 128 128
1.22705 -2.84458 0.295544 128 128 128
1.19511 -2.86678 0.296212 128 128 128
1.16504 -2.89418 0.297382 128 128 128
1.13483 -2.9222 0.298634 128 128 128
1.09366 -2.9219 0.297382 128 128 128
1.06647 -2.95949 0.299553 128 128 128
1.02942 -2.97047 0.299386 128 128 128
1.00042 -3.00558 0.30139 128 128 128
0.971009 -3.04137 0.303477 128 128 128
0.938547 -3.06927 0.304897 128 128 128
0.904154 -3.09203 0.305899 128 128 128
0.867476 -3.1077 0.306316 128 128 128
0.833353 -3.13352 0.307652 128 128 128
0.797268 -3.15318 0.308488 128 128 128
0.76337 -3.18308 0.310241 128 128 128
0.727321 -3.20582 0.31141 128 128 128
0.69 -3.22425 0.312245 128 128 128
0.653508 -3.24811 0.313581 128 128 128
0.615433 -3.26568 0.314416 128 128 128
0.579424 -3.29654 0.31642 128 128 128
0.538768 -3.30242 0.316337 128 128 128
0.500262 -3.32258 0.317506 128 128 128
0.459587 -3.32946 0.317589 128 128 128
0.419924 -3.34473 0.318424 128 128 128
0.38051 -3.36449 0.319677 128 128 128
0.339292 -3.3699 0.319761 128 128 128
0.298691 -3.38274 0.320512 128 128 128
0.258124 -3.39907 0.321598 128 128 128
0.216454 -3.40298 0.321681 128 128 128
0.175227 -3.41633 0.3226 128 128 128
0.134119 -3.44013 0.324437 128 128 128
0.0919953 -3.4455 0.324771 128 128 128
0.0499185 -3.46231 0.326107 128 128 128
0.00744583 -3.4816 0.327693 128 128 128
-0.0354365 -3.49538 0.328862 128 128 128
-0.0786089 -3.50663 0.329865 128 128 128
-0.121992 -3.51536 0.3307 128 128 128
-0.165744 -3.52654 0.331785 128 128 128
-0.209609 -3.53419 0.33262 128 128 128
-0.25318 -3.53433 0.332871 128 128 128
-0.297546 -3.54287 0.333873 128 128 128
-0.341097 -3.53995 0.333956 128 128 128
-0.387015 -3.55828 0.335877 128 128 128
-0.430289 -3.55029 0.335626 128 128 128
-0.475954 -3.56055 0.336962 128 128 128
-0.521499 -3.56725 0.338048 128 128 128
-0.565236 -3.56059 0.338048 128 128 128
-0.608887 -3.55338 0.338048 128 128 128
-0.654442 -3.55642 0.338966 128 128 128
-0.700357 -3.55985 0.339969 128 128 128
-0.744195 -3.55196 0.340052 128 128 128
-0.788379 -3.54548 0.340303 128 128 128
-0.832286 -3.53748 0.34047 128 128 128
-0.877804 -3.5357 0.341221 128 128 128
-0.923657 -3.5343 0.342056 128 128 128
-0.966959 -3.5227 0.342056 128 128 128
-1.01094 -3.51344 0.342307 128 128 128
-1.05341 -3.49886 0.34214 128 128 128
-1.10556 -3.51513 0.344728 128 128 128
-1.32977 -3.46863 0.347233 128 128 128
-1.37149 -3.4502 0.347066 128 128 128
-0.700816 -1.70709 0.19058 128 128 128
-0.579134 -1.36482 0.160185 128 128 128
-0.593825 -1.35306 0.159767 128 128 128
-0.607486 -1.33932 0.159183 128 128 128
-0.620899 -1.32546 0.158598 128 128 128
-0.63799 -1.31953 0.158765 128 128 128
-1.70046 -3.3955 0.354164 128 128 128
-1.7191 -3.33013 0.349989 128 128 128
-1.76265 -3.31406 0.35049 128 128 128
-1.80654 -3.29829 0.351075 128 128 128
-1.84835 -3.27848 0.351325 128 128 128
-1.88293 -3.24607 0.350406 128 128 128
-1.92365 -3.22443 0.350573 128 128 128
-1.96307 -3.20058 0.350573 128 128 128
-2.00859 -3.18636 0.351576 128 128 128
-2.04374 -3.15562 0.350991 128 128 128
-2.08894 -3.14025 0.351993 128 128 128
-2.12282 -3.1078 0.351325 128 128 128
-0.523223 -0.751378 0.112671 128 128 128
-0.531821 -0.744092 0.112587 128 128 128
-2.25 -3.04679 0.353329 128 128 128
-1.88227 -2.4856 0.297215 128 128 128
-2.29287 -2.95055 0.34907 128 128 128
-2.34942 -2.94789 0.351826 128 128 128
-0.5594 -0.689265 0.110333 128 128 128
-2.43067 -2.90079 0.353079 128 128 128
-2.46414 -2.86848 0.352828 128 128 128
-2.48596 -2.82308 0.351158 128 128 128
-2.51708 -2.78867 0.35074 128 128 128
-2.55856 -2.76561 0.351659 128 128 128
-2.59917 -2.74123 0.352494 128 128 128
-2.62983 -2.70627 0.35216 128 128 128
-2.6544 -2.66533 0.351158 128 128 128
-2.68619 -2.63186 0.351075 128 128 128
-2.72478 -2.60489 0.351826 128 128 128
-2.76456 -2.57872 0.352745 128 128 128
-2.77608 -2.52651 0.35049 128 128 128
-2.80688 -2.49225 0.35049 128 128 128
-2.83725 -2.45762 0.35049 128 128 128
-2.86034 -2.41684 0.349738 128 128 128
-2.88208 -2.37523 0.348903 128 128 128
-2.90868 -2.33781 0.348653 128 128 128
-2.93637 -2.30133 0.348569 128 128 128
-2.96122 -2.2627 0.348235 128 128 128
-2.98316 -2.22203 0.347651 128 128 128
-2.99971 -2.17766 0.346565 128 128 128
-3.02784 -2.14183 0.346732 128 128 128
-3.04404 -2.09774 0.34573 128 128 128
-3.06955 -2.06023 0.34573 128 128 128
-3.09377 -2.02186 0.345647 128 128 128
-3.11162 -1.97947 0.344979 128 128 128
-3.14331 -1.94585 0.34573 128 128 128
-3.15499 -1.89994 0.344561 128 128 128
-3.17893 -1.86159 0.344645 128 128 128
-3.18853 -1.81506 0.343392 128 128 128
-3.2097 -1.77531 0.343309 128 128 128
-3.2286 -1.73438 0.343058 128 128 128
-3.24169 -1.69049 0.342307 128 128 128
-3.25062 -1.64474 0.341221 128 128 128
-3.26967 -1.60429 0.341138 128 128 128
-3.281 -1.5602 0.340386 128 128 128
-3.28451 -1.51275 0.338966 128 128 128
-3.30009 -1.47112 0.338716 128 128 128
-3.30966 -1.42697 0.337964 128 128 128
-3.30575 -1.37746 0.336044 128 128 128
-3.30853 -1.33122 0.334791 128 128 128
-3.32834 -1.29196 0.335125 128 128 128
-3.33461 -1.24754 0.33429 128 128 128
-3.34028 -1.20315 0.333455 128 128 128
-3.34349 -1.15817 0.332453 128 128 128
-3.35367 -1.1158 0.332119 128 128 128
-3.36616 -1.07426 0.332036 128 128 128
-3.34382 -1.02213 0.328946 128 128 128
-3.35611 -0.981022 0.328946 128 128 128
-3.35541 -0.936296 0.32786 128 128 128
-3.38373 -0.811233 0.327526 128 128 128
-3.34385 -0.758463 0.323268 128 128 128
-3.31294 -0.70887 0.319844 128 128 128
-3.31748 -0.66738 0.31951 128 128 128
-3.33816 -0.629003 0.320596 128 128 128
-3.34759 -0.588334 0.320763 128 128 128
-3.35259 -0.546892 0.320596 128 128 128
-3.33835 -0.502618 0.318842 128 128 128
-3.31465 -0.45756 0.316337 128 128 128
-3.31705 -0.416481 0.316086 128 128 128
-3.31696 -0.37519 0.315669 128 128 128
-3.29949 -0.332287 0.313832 128 128 128
-3.28943 -0.290561 0.312663 128 128 128
-3.27486 -0.248835 0.31116 128 128 128
-3.24982 -0.20689 0.308822 128 128 128
-3.24813 -0.166795 0.308488 128 128 128
-3.23699 -0.126433 0.307402 128 128 128
-3.21737 -0.0861661 0.305648 128 128 128
-3.19328 -0.0463467 0.303561 128 128 128
-3.10067 0.191961 0.220073 128 128 128
-3.1379 0.232936 0.222432 128 128 128
-3.12187 0.270311 0.221665 128 128 128
-3.11335 0.308112 0.22137 128 128 128
-3.0885 0.343982 0.220132 128 128 128
-3.05532 0.378312 0.218423 128 128 128
-3.03759 0.41403 0.217656 128 128 128
-3.00265 0.446879 0.215887 128 128 128
-2.98906 0.482424 0.215416 128 128 128
-2.95537 0.514288 0.213765 128 128 128
-2.9351 0.547958 0.212939 128 128 128
-2.91347 0.581013 0.212055 128 128 128
-2.90026 0.615481 0.211701 128 128 128
-2.87398 0.646869 0.210581 128 128 128
-2.84659 0.714536 0.209933 128 128 128
-2.7926 0.774327 0.207751 128 128 128
-2.78193 0.80826 0.207692 128 128 128
-2.75461 0.837121 0.206631 128 128 128
-2.68417 0.924952 0.204273 128 128 128
-2.62938 0.942349 0.201561 128 128 128
-2.6092 0.971414 0.20103 128 128 128
-2.58218 0.997611 0.200087 128 128 128
-2.57901 1.03293 0.200676 128 128 128
-2.57721 1.06909 0.201384 128 128 128
-2.52261 1.08293 0.198731 128 128 128
-2.47354 1.09803 0.196431 128 128 128
-2.45443 1.1258 0.196077 128 128 128
-2.43682 1.15413 0.195842 128 128 128
-2.4153 1.18045 0.19537 128 128 128
-2.38369 1.20147 0.19425 128 128 128
-2.35282 1.22235 0.193189 128 128 128
-2.32355 1.2436 0.192245 128 128 128
-2.30112 1.26817 0.191774 128 128 128
-2.26194 1.28303 0.190182 128 128 128
-2.22705 1.29963 0.188885 128 128 128
-2.20408 1.32276 0.188413 128 128 128
-2.16984 1.33871 0.187175 128 128 128
-2.13891 1.35615 0.186173 128 128 128
-2.10704 1.3725 0.185111 128 128 128
-2.08257 1.39326 0.184581 128 128 128
-2.05956 1.41476 0.184168 128 128 128
-2.0249 1.42785 0.18293 128 128 128
-1.99833 1.44616 0.182281 128 128 128
-1.97241 1.46463 0.181692 128 128 128
-1.94635 1.48268 0.181102 128 128 128
-1.9225 1.50215 0.180689 128 128 128
-1.89456 1.51814 0.179982 128 128 128
-1.86653 1.53368 0.179274 128 128 128
-1.82771 1.53976 0.177742 128 128 128
-1.80112 1.55555 0.177152 128 128 128
-1.76918 1.56629 0.17615 128 128 128
-1.74465 1.58319 0.175737 128 128 128
-1.71412 1.59429 0.174853 128 128 128
-1.67202 1.59387 0.173025 128 128 128
-1.63804 1.60032 0.171846 128 128 128
-1.61052 1.61254 0.171197 128 128 128
-1.57597 1.61717 0.169959 128 128 128
-1.55394 1.63422 0.169782 128 128 128
-1.5195 1.63781 0.168544 128 128 128
-1.49325 1.64968 0.168014 128 128 128
-1.46827 1.66264 0.167601 128 128 128
-1.42754 1.6571 0.165773 128 128 128
-1.41738 1.68672 0.166716 128 128 128
-1.38708 1.69241 0.165832 128 128 128
-1.36246 1.70462 0.165478 128 128 128
-1.3353 1.71335 0.164889 128 128 128
-1.30571 1.71848 0.164063 128 128 128
-1.28155 1.73036 0.163769 128 128 128
-1.25496 1.73868 0.163238 128 128 128
-1.21571 1.72865 0.16141 128 128 128
-1.19158 1.73932 0.161115 128 128 128
-1.16849 1.75132 0.160939 128 128 128
-1.13548 1.74796 0.1597 128 128 128
-1.1102 1.75585 0.159288 128 128 128
-1.08386 1.7617 0.158757 128 128 128
-1.04779 1.75089 0.157106 128 128 128
-1.0217 1.75585 0.156576 128 128 128
-0.997124 1.76305 0.156222 128 128 128
-0.962419 1.75154 0.15463 128 128 128
-0.941323 1.7641 0.154689 128 128 128
-0.917765 1.77197 0.154453 128 128 128
-0.889219 1.76972 0.153569 128 128 128
-0.860868 1.76705 0.152684 128 128 128
-0.839545 1.77838 0.152743 128 128 128
-0.814749 1.78219 0.152331 128 128 128
-0.79039 1.78658 0.151977 128 128 128
-0.767227 1.79339 0.1518 128 128 128
-0.741724 1.79437 0.151269 128 128 128
-0.715571 1.79315 0.150621 128 128 128
-0.691357 1.7962 0.150267 128 128 128
-0.666829 1.798 0.149854 128 128 128
-0.641351 1.79665 0.149265 128 128 128
-0.616009 1.79495 0.148675 128 128 128
-0.590804 1.79289 0.148086 128 128 128
-0.566648 1.79334 0.147673 128 128 128
-0.541411 1.78965 0.147024 128 128 128
-0.517741 1.79041 0.146671 128 128 128
-0.493601 1.78893 0.146199 128 128 128
-0.468558 1.78327 0.145492 128 128 128
-0.44567 1.78501 0.145256 128 128 128
-0.421194 1.77967 0.144607 128 128 128
-0.397137 1.77496 0.144018 128 128 128
-0.374085 1.77384 0.143664 128 128 128
-0.350342 1.76851 0.143074 128 128 128
-0.326787 1.76286 0.142485 128 128 128
-0.304447 1.7628 0.142249 128 128 128
-0.281682 1.75951 0.141836 128 128 128
-0.256554 1.73913 0.140421 128 128 128
-0.234656 1.73819 0.140185 128 128 128
-0.213308 1.74094 0.140185 128 128 128
-0.191268 1.73747 0.139832 128 128 128
-0.169052 1.73075 0.139301 128 128 128
-0.147543 1.72971 0.139124 128 128 128
-0.125645 1.72243 0.138593 128 128 128
-0.104316 1.72085 0.138417 128 128 128
-0.0832882 1.724 0.138535 128 128 128
-0.0619056 1.7189 0.138181 128 128 128
-0.0406851 1.71454 0.137886 128 128 128
-0.0196175 1.71292 0.137768 128 128 128
0.001404 1.71103 0.13765 128 128 128
0.0222534 1.69891 0.136943 128 128 128
0.043149 1.7005 0.137061 128 128 128
0.06394 1.69785 0.136943 128 128 128
0.0845253 1.69195 0.136648 128 128 128
0.105098 1.6878 0.136471 128 128 128
0.125949 1.68837 0.136589 128 128 128
0.14563 1.67477 0.135881 128 128 128
0.166171 1.67285 0.135881 128 128 128
0.186577 1.6697 0.135822 128 128 128
0.207053 1.66728 0.135822 128 128 128
0.22696 1.66066 0.135587 128 128 128
0.246442 1.65182 0.135233 128 128 128
0.265901 1.64375 0.134938 128 128 128
0.284687 1.63249 0.134466 128 128 128
0.303784 1.62397 0.134172 128 128 128
0.323301 1.61816 0.134054 128 128 128
0.342513 1.61114 0.133877 128 128 128
0.361602 1.60389 0.1337 128 128 128
0.381027 1.59836 0.133641 128 128 128
0.399157 1.58776 0.133287 128 128 128
0.416321 1.57405 0.132757 128 128 128
0.436404 1.57171 0.132934 128 128 128
0.454824 1.56336 0.132757 128 128 128
0.473106 1.5548 0.13258 128 128 128
0.489134 1.53936 0.13199 128 128 128
0.507362 1.53134 0.131872 128 128 128
0.52644 1.52595 0.131931 128 128 128
0.54479 1.51843 0.131872 128 128 128
0.562339 1.50882 0.131695 128 128 128
0.580812 1.50181 0.131695 128 128 128
0.598456 1.49272 0.131578 128 128 128
0.616347 1.48434 0.131519 128 128 128
0.633336 1.47391 0.131342 128 128 128
0.650566 1.4642 0.131224 128 128 128
0.668069 1.4552 0.131165 128 128 128
0.685023 1.44509 0.131047 128 128 128
0.701391 1.43388 0.13087 128 128 128
0.718485 1.42427 0.130811 128 128 128
0.73315 1.41003 0.130457 128 128 128
0.748987 1.39829 0.13028 128 128 128
0.765608 1.38812 0.130221 128 128 128
0.380556 0.669011 0.0820529 128 128 128
0.473191 0.809182 0.0919578 128 128 128
0.485652 0.807595 0.0922526 128 128 128
0.514903 0.833019 0.094434 128 128 128
0.840208 1.32422 0.129219 128 128 128
0.866739 1.32971 0.130339 128 128 128
0.882991 1.31897 0.130339 128 128 128
0.887815 1.29157 0.12916 128 128 128
0.904747 1.28221 0.129278 128 128 128
0.928601 1.28234 0.130104 128 128 128
0.938915 1.26363 0.129573 128 128 128
0.961605 1.26155 0.13028 128 128 128
0.977014 1.24965 0.13028 128 128 128
0.992276 1.23757 0.13028 128 128 128
1.00865 1.22684 0.130398 128 128 128
1.02685 1.21819 0.130693 128 128 128
1.04042 1.20399 0.130575 128 128 128
1.05842 1.19487 0.13087 128 128 128
1.073 1.18179 0.13087 128 128 128
1.08742 1.16853 0.13087 128 128 128
1.10443 1.15799 0.131106 128 128 128
1.12135 1.14721 0.131342 128 128 128
1.11981 1.11784 0.130045 128 128 128
1.12987 1.10052 0.12975 128 128 128
1.1686 1.11067 0.131813 128 128 128
1.17556 1.09013 0.131283 128 128 128
1.19625 1.08232 0.131872 128 128 128
1.20944 1.06756 0.131872 128 128 128
1.22245 1.05264 0.131872 128 128 128
1.23756 1.03949 0.132049 128 128 128
1.25486 1.02802 0.132403 128 128 128
1.26738 1.01255 0.132403 128 128 128
1.28207 0.99876 0.13258 128 128 128
1.29661 0.984765 0.132757 128 128 128
1.30619 0.966995 0.13258 128 128 128
1.32201 0.953817 0.132875 128 128 128
1.33769 0.940396 0.133169 128 128 128
1.24541 0.852756 0.125741 128 128 128
0.85736 0.571217 0.0974409 128 128 128
0.81075 0.525815 0.0936676 128 128 128
0.818828 0.516894 0.0937855 128 128 128
1.22201 0.751347 0.121319 128 128 128
1.42894 0.854837 0.134938 128 128 128
1.43846 0.836734 0.134879 128 128 128
1.45817 0.824431 0.135528 128 128 128
1.46905 0.806957 0.135587 128 128 128
1.47092 0.784633 0.135056 128 128 128
1.49196 0.7725 0.135822 128 128 128
1.48438 0.745606 0.134702 128 128 128
1.4997 0.730399 0.135115 128 128 128
1.52479 0.719622 0.136176 128 128 128
1.52534 0.697116 0.135646 128 128 128
1.54108 0.681581 0.136117 128 128 128
1.55484 0.664978 0.136471 128 128 128
1.56104 0.645083 0.136353 128 128 128
1.57254 0.627361 0.136589 128 128 128
1.58385 0.609453 0.136825 128 128 128
1.59401 0.591014 0.137002 128 128 128
1.60961 0.574435 0.137532 128 128 128
1.62692 0.558211 0.138181 128 128 128
1.64312 0.541335 0.13877 128 128 128
1.65631 0.523241 0.139183 128 128 128
1.65878 0.501717 0.138947 128 128 128
1.67057 0.482992 0.139301 128 128 128
1.69272 0.46698 0.140303 128 128 128
1.69639 0.445664 0.140185 128 128 128
1.70851 0.426511 0.140598 128 128 128
1.73207 0.409894 0.141718 128 128 128
1.74477 0.390358 0.14219 128 128 128
1.75724 0.370571 0.142662 128 128 128
1.76459 0.349563 0.142838 128 128 128
1.78249 0.33044 0.143664 128 128 128
1.78149 0.307688 0.143369 128 128 128
1.79794 0.287865 0.144136 128 128 128
1.81516 0.267829 0.144961 128 128 128
1.82326 0.246206 0.145256 128 128 128
1.83803 0.225279 0.145963 128 128 128
1.85157 0.203916 0.146612 128 128 128
1.85592 0.181375 0.14673 128 128 128
1.86696 0.159357 0.14726 128 128 128
1.87774 0.137095 0.147791 128 128 128
1.88227 0.114225 0.147968 128 128 128
1.8915 0.0915099 0.148439 128 128 128
1.89947 0.0685483 0.148852 128 128 128
1.90615 0.0453805 0.149206 128 128 128
1.90557 0.0219734 0.149147 128 128 128
1.91967 -0.0014131 0.149972 128 128 128
1.9245 -0.0250318 0.150267 128 128 128
1.93003 -0.0487937 0.150621 128 128 128
1.93528 -0.0726952 0.150975 128 128 128
1.93623 -0.0965366 0.151093 128 128 128
1.93689 -0.120412 0.15121 128 128 128
1.9502 -0.145274 0.152095 128 128 128
1.9612 -0.170309 0.152861 128 128 128
1.96294 -0.194755 0.153097 128 128 128
1.96933 -0.219819 0.153628 128 128 128
1.98234 -0.245925 0.154571 128 128 128
1.995 -0.272383 0.155514 128 128 128
2.00928 -0.299482 0.156576 128 128 128
2.01137 -0.325068 0.156929 128 128 128
2.01608 -0.351262 0.15746 128 128 128
2.03909 -0.381094 0.159111 128 128 128
2.05287 -0.409789 0.160231 128 128 128
2.05354 -0.436191 0.160585 128 128 128
2.05388 -0.462671 0.160939 128 128 128
2.05193 -0.488763 0.161174 128 128 128
2.0603 -0.517545 0.162059 128 128 128
2.05862 -0.544062 0.162354 128 128 128
2.05757 -0.570881 0.162707 128 128 128
2.05616 -0.597756 0.163061 128 128 128
2.06013 -0.626421 0.163769 128 128 128
2.058 -0.653464 0.164122 128 128 128
2.05835 -0.681488 0.164653 128 128 128
2.05644 -0.70897 0.165066 128 128 128
2.06921 -0.741888 0.166422 128 128 128
2.06556 -0.769311 0.166775 128 128 128
2.05783 -0.79532 0.166893 128 128 128
2.0405 -0.817547 0.166422 128 128 128
2.06936 -0.888618 0.169605 128 128 128
2.07747 -0.922441 0.170843 128 128 128
2.06872 -0.949113 0.17102 128 128 128
2.07857 -0.984672 0.172435 128 128 128
2.0762 -1.01492 0.173084 128 128 128
2.08944 -1.05334 0.174794 128 128 128
2.07459 -1.07798 0.174676 128 128 128
2.06913 -1.1076 0.175206 128 128 128
2.09124 -1.15264 0.177624 128 128 128
2.06217 -1.16985 0.176621 128 128 128
2.06491 -1.20512 0.177801 128 128 128
2.05339 -1.23242 0.178036 128 128 128
2.05086 -1.26539 0.178921 128 128 128
2.04529 -1.29687 0.179628 128 128 128
2.03676 -1.32677 0.180159 128 128 128
2.02447 -1.35444 0.180454 128 128 128
2.0184 -1.38652 0.18122 128 128 128
2.02082 -1.42498 0.182635 128 128 128
2.00965 -1.45435 0.183107 128 128 128
2.00689 -1.4902 0.184227 128 128 128
1.99878 -1.52257 0.184993 128 128 128
1.99332 -1.55743 0.185996 128 128 128
1.98887 -1.59363 0.187116 128 128 128
1.97842 -1.62551 0.187823 128 128 128
1.97284 -1.66188 0.188944 128 128 128
1.95683 -1.68988 0.189297 128 128 128
1.95165 -1.72765 0.190535 128 128 128
1.93844 -1.75884 0.191184 128 128 128
1.92183 -1.78726 0.191597 128 128 128
1.91927 -1.82929 0.193189 128 128 128
1.90096 -1.85689 0.193542 128 128 128
1.88368 -1.88572 0.194014 128 128 128
1.86109 -1.90941 0.194073 128 128 128
1.85335 -1.94874 0.195429 128 128 128
1.83677 -1.97938 0.196077 128 128 128
1.81838 -2.00843 0.196608 128 128 128
1.8174 -2.05751 0.198731 128 128 128
1.80962 -2.10007 0.200322 128 128 128
1.77857 -2.11601 0.199851 128 128 128
1.77083 -2.16005 0.201561 128 128 128
1.7155 -2.14577 0.198848 128 128 128
1.73387 -2.22411 0.203152 128 128 128
1.71914 -2.2619 0.204391 128 128 128
1.69304 -2.28523 0.204567 128 128 128
1.67305 -2.31717 0.205393 128 128 128
1.65426 -2.3514 0.206395 128 128 128
1.62189 -2.36658 0.206041 128 128 128
1.60438 -2.40374 0.207279 128 128 128
1.57585 -2.42492 0.207397 128 128 128
1.5465 -2.44492 0.207456 128 128 128
1.52633 -2.47986 0.208577 128 128 128
1.51016 -2.52238 0.210227 128 128 128
1.48462 -2.55021 0.210876 128 128 128
1.46059 -2.58126 0.21176 128 128 128
1.44661 -2.63135 0.213942 128 128 128
1.42127 -2.66211 0.214826 128 128 128
1.39355 -2.6891 0.215475 128 128 128
1.36763 -2.72027 0.216418 128 128 128
1.3359 -2.74043 0.216654 128 128 128
1.3154 -2.78459 0.218481 128 128 128
1.28071 -2.79962 0.218423 128 128 128
1.24949 -2.82243 0.218894 128 128 128
1.22184 -2.85406 0.219955 128 128 128
1.19131 -2.87991 0.220663 128 128 128
1.16033 -2.90543 0.22137 128 128 128
1.12602 -2.92318 0.221606 128 128 128
1.09424 -2.94801 0.222314 128 128 128
1.06101 -2.96967 0.222844 128 128 128
1.02578 -2.98624 0.22308 128 128 128
0.993757 -3.01283 0.223965 128 128 128
0.959423 -3.03336 0.224495 128 128 128
0.922127 -3.0449 0.224495 128 128 128
0.894144 -3.08859 0.2265 128 128 128
0.858571 -3.10799 0.22703 128 128 128
0.825708 -3.13856 0.228268 128 128 128
0.790769 -3.16298 0.229153 128 128 128
0.755123 -3.18605 0.229978 128 128 128
0.718593 -3.20676 0.230686 128 128 128
0.681874 -3.22803 0.231452 128 128 128
0.64513 -3.25084 0.232337 128 128 128
0.607198 -3.26931 0.232985 128 128 128
0.569251 -3.2893 0.233752 128 128 128
0.530587 -3.30688 0.2344 128 128 128
0.492456 -3.32993 0.235402 128 128 128
0.452765 -3.34463 0.235933 128 128 128
0.411809 -3.35092 0.235992 128 128 128
0.371647 -3.36465 0.236523 128 128 128
0.330818 -3.37393 0.236817 128 128 128
0.290161 -3.38668 0.237348 128 128 128
0.249607 -3.40393 0.238173 128 128 128
0.207939 -3.40873 0.238291 128 128 128
0.16668 -3.42299 0.238999 128 128 128
0.125763 -3.4547 0.240768 128 128 128
0.0834569 -3.45998 0.241003 128 128 128
0.0411622 -3.47472 0.241829 128 128 128
-0.00148153 -3.48794 0.242595 128 128 128
-0.0444313 -3.49963 0.243303 128 128 128
-0.0876929 -3.5118 0.244069 128 128 128
-0.131296 -3.52442 0.244895 128 128 128
-0.175125 -3.53451 0.245602 128 128 128
-0.21916 -3.54306 0.246251 128 128 128
-0.262842 -3.54309 0.246428 128 128 128
-0.307416 -3.55253 0.247194 128 128 128
-0.35226 -3.5614 0.24796 128 128 128
-0.398359 -3.57864 0.249257 128 128 128
-0.4409 -3.56258 0.248609 128 128 128
-0.487407 -3.57767 0.249847 128 128 128
-0.53186 -3.57537 0.250083 128 128 128
-0.575854 -3.56956 0.250142 128 128 128
-0.622004 -3.576 0.250967 128 128 128
-0.667851 -3.57889 0.251616 128 128 128
-0.711719 -3.57043 0.251616 128 128 128
-0.755687 -3.5624 0.251675 128 128 128
-0.800003 -3.55578 0.251852 128 128 128
-0.846345 -3.55735 0.252559 128 128 128
-0.889208 -3.54379 0.252382 128 128 128
-0.935682 -3.5442 0.25309 128 128 128
-0.979904 -3.53533 0.253267 128 128 128
-1.02655 -3.53455 0.253974 128 128 128
-1.20849 -3.50824 0.255743 128 128 128
-1.25549 -3.50442 0.25645 128 128 128
-1.29944 -3.49156 0.256627 128 128 128
-1.34183 -3.47442 0.256568 128 128 128
-1.38844 -3.46789 0.257217 128 128 128
-1.42364 -3.43306 0.256097 128 128 128
-0.580627 -1.35096 0.123441 128 128 128
-0.617795 -1.39028 0.126448 128 128 128
-0.612359 -1.33359 0.123264 128 128 128
-0.634228 -1.3377 0.124031 128 128 128
-0.651471 -1.33161 0.124149 128 128 128
-1.70151 -3.37699 0.259929 128 128 128
-1.74052 -3.35142 0.259634 128 128 128
-1.78669 -3.3395 0.260283 128 128 128
-1.83091 -3.32344 0.260695 128 128 128
-1.87106 -3.29985 0.260636 128 128 128
-1.91142 -3.27665 0.260636 128 128 128
-1.95353 -3.25637 0.260872 128 128 128
-1.99073 -3.2279 0.260577 128 128 128
-2.035 -3.21082 0.261108 128 128 128
-2.08078 -3.19564 0.261816 128 128 128
-2.11762 -3.16655 0.26158 128 128 128
-2.13429 -3.10822 0.25928 128 128 128
-0.533399 -0.75499 0.0911913 128 128 128
-0.539115 -0.743533 0.0908376 128 128 128
-2.29304 -3.0893 0.26382 128 128 128
-2.2933 -3.01167 0.260165 128 128 128
-2.31412 -2.96284 0.258632 128 128 128
-2.36465 -2.95215 0.259988 128 128 128
-2.41907 -2.94528 0.261698 128 128 128
-2.46852 -2.93142 0.262936 128 128 128
-2.48931 -2.88352 0.26158 128 128 128
-2.5298 -2.85873 0.262051 128 128 128
-2.55799 -2.82008 0.261462 128 128 128
-2.5958 -2.79213 0.261757 128 128 128
-2.62436 -2.75428 0.261285 128 128 128
-2.66005 -2.72402 0.261462 128 128 128
-2.69752 -2.6954 0.261816 128 128 128
-2.71967 -2.65164 0.260931 128 128 128
-2.75562 -2.62151 0.261226 128 128 128
-2.78173 -2.58206 0.260754 128 128 128
-2.81025 -2.54505 0.260518 128 128 128
-2.84127 -2.51037 0.260518 128 128 128
-2.87186 -2.47531 0.260518 128 128 128
-2.89744 -2.43603 0.260165 128 128 128
-2.92326 -2.39712 0.25987 128 128 128
-2.94778 -2.35733 0.259516 128 128 128
-2.97334 -2.31852 0.25928 128 128 128
-2.99997 -2.28065 0.259162 128 128 128
-3.0109 -2.23117 0.257924 128 128 128
-3.03886 -2.19464 0.257983 128 128 128
-3.06719 -2.15834 0.258101 128 128 128
-3.09098 -2.11884 0.257924 128 128 128
-3.10845 -2.0752 0.257335 128 128 128
-3.13117 -2.03527 0.257158 128 128 128
-3.14157 -1.98761 0.256156 128 128 128
-3.15978 -1.94525 0.255743 128 128 128
-3.18341 -1.90632 0.255743 128 128 128
-3.19449 -1.86008 0.254917 128 128 128
-3.21621 -1.82025 0.254858 128 128 128
-3.2313 -1.77679 0.254387 128 128 128
-3.25022 -1.73559 0.25421 128 128 128
-3.26507 -1.69236 0.253797 128 128 128
-3.27757 -1.64812 0.253267 128 128 128
-3.30204 -1.60997 0.253561 128 128 128
-3.31432 -1.56591 0.25309 128 128 128
-3.29063 -1.50559 0.250319 128 128 128
-3.34013 -1.38192 0.250083 128 128 128
-3.35684 -1.34083 0.250083 128 128 128
-3.35627 -1.29306 0.249022 128 128 128
-3.42511 -1.03744 0.24796 128 128 128
-3.39923 -0.984214 0.245602 128 128 128
-3.38315 -0.934706 0.243892 128 128 128
-3.37023 -0.88676 0.242418 128 128 128
-3.36343 -0.84097 0.241357 128 128 128
-3.36961 -0.798709 0.241121 128 128 128
-3.36942 -0.755112 0.240532 128 128 128
-3.37648 -0.713294 0.240414 128 128 128
-3.36834 -0.668495 0.239412 128 128 128
-3.3704 -0.626014 0.239058 128 128 128
-3.36996 -0.583242 0.238586 128 128 128
-3.37489 -0.541527 0.238468 128 128 128
-3.36054 -0.496996 0.23723 128 128 128
-3.35254 -0.453839 0.236405 128 128 128
-3.34795 -0.411443 0.235815 128 128 128
-3.0615 0.446455 0.144227 128 128 128
-3.03803 0.481154 0.143605 128 128 128
-3.02106 0.516533 0.143225 128 128 128
-2.98992 0.549023 0.142361 128 128 128
-2.92567 0.611736 0.140599 128 128 128
-2.88186 0.639533 0.139321 128 128 128
-2.85726 0.670944 0.138733 128 128 128
-2.82457 0.699914 0.13787 128 128 128
-2.81383 0.734016 0.1378 128 128 128
-2.82195 0.773268 0.138422 128 128 128
-2.63226 1.04482 0.135175 128 128 128
-2.51763 1.03509 0.131374 128 128 128
-2.53047 1.0769 0.132341 128 128 128
-2.51249 1.10586 0.132169 128 128 128
-2.486 1.13079 0.131685 128 128 128
-2.49635 1.17272 0.132618 128 128 128
-2.46649 1.19583 0.132031 128 128 128
-2.39268 1.19642 0.12975 128 128 128
-2.3716 1.22248 0.129508 128 128 128
-2.3282 1.23645 0.128403 128 128 128
-2.30409 1.26012 0.128057 128 128 128
-2.27453 1.28043 0.127504 128 128 128
-2.23791 1.2962 0.126675 128 128 128
-2.20897 1.31587 0.126157 128 128 128
-2.18158 1.33608 0.125708 128 128 128
-2.14305 1.34887 0.124809 128 128 128
-2.11125 1.36527 0.124188 128 128 128
-2.08436 1.38443 0.123773 128 128 128
-2.05071 1.39861 0.123082 128 128 128
-2.03258 1.4231 0.123047 128 128 128
-2.00686 1.44209 0.122702 128 128 128
-1.98579 1.46423 0.122564 128 128 128
-1.94857 1.47399 0.121734 128 128 128
-1.92482 1.49349 0.121493 128 128 128
-1.89619 1.50889 0.121043 128 128 128
-1.86438 1.52129 0.120456 128 128 128
-1.84022 1.53955 0.120214 128 128 128
-1.80225 1.54572 0.11935 128 128 128
-1.7749 1.56045 0.11897 128 128 128
-1.74376 1.57139 0.118418 128 128 128
-1.71921 1.58791 0.118176 128 128 128
-1.6909 1.60063 0.117761 128 128 128
-1.65752 1.60802 0.117105 128 128 128
-1.62988 1.62047 0.116725 128 128 128
-1.5959 1.62606 0.116034 128 128 128
-1.55167 1.62022 0.114824 128 128 128
-1.52691 1.63402 0.114582 128 128 128
-1.50405 1.64967 0.114444 128 128 128
-1.47972 1.66352 0.114237 128 128 128
-1.45592 1.67777 0.114064 128 128 128
-1.42427 1.68252 0.113477 128 128 128
-1.40161 1.69756 0.113373 128 128 128
-1.36817 1.69904 0.112682 128 128 128
-1.34968 1.71885 0.11282 128 128 128
-1.31757 1.72098 0.112198 128 128 128
-1.28324 1.71938 0.111438 128 128 128
-1.26028 1.73257 0.111335 128 128 128
-1.23086 1.73647 0.110851 128 128 128
-1.20039 1.73827 0.110298 128 128 128
-1.17285 1.74374 0.109918 128 128 128
-1.14536 1.74879 0.109538 128 128 128
-1.11792 1.75343 0.109158 128 128 128
-1.09054 1.75767 0.108778 128 128 128
-1.06014 1.75635 0.108191 128 128 128
-1.03245 1.75888 0.107776 128 128 128
-1.00191 1.75577 0.107154 128 128 128
-0.975456 1.75919 0.106809 128 128 128
-0.950018 1.76398 0.106532 128 128 128
-0.925993 1.77107 0.106359 128 128 128
-0.901037 1.77605 0.106118 128 128 128
-0.875658 1.7798 0.105841 128 128 128
-0.84904 1.78048 0.105461 128 128 128
-0.824206 1.7844 0.105219 128 128 128
-0.800622 1.79073 0.105081 128 128 128
-0.772269 1.78573 0.104528 128 128 128
-0.749147 1.79231 0.104425 128 128 128
-0.722258 1.78931 0.103975 128 128 128
-0.699524 1.79617 0.103906 128 128 128
-0.67219 1.79057 0.103388 128 128 128
-0.647464 1.79116 0.103112 128 128 128
-0.620215 1.78386 0.102559 128 128 128
-0.594817 1.7809 0.102179 128 128 128
-0.572615 1.78711 0.102144 128 128 128
-0.548894 1.78827 0.101937 128 128 128
-0.522995 1.78144 0.101453 128 128 128
-0.498685 1.77906 0.101142 128 128 128
-0.475537 1.78021 0.10097 128 128 128
-0.451215 1.77622 0.100624 128 128 128
-0.426367 1.76899 0.100175 128 128 128
-0.404407 1.77311 0.10014 128 128 128
-0.378663 1.75937 0.0994838 128 128 128
-0.356456 1.76094 0.0993802 128 128 128
-0.333347 1.75733 0.0991038 128 128 128
-0.307628 1.73766 0.0982746 128 128 128
-0.287561 1.74919 0.098551 128 128 128
-0.263857 1.73776 0.0980327 128 128 128
-0.241833 1.73592 0.0978599 128 128 128
-0.220389 1.73777 0.0978254 128 128 128
-0.198268 1.73339 0.0975835 128 128 128
-0.176685 1.73271 0.0974799 128 128 128
-0.155322 1.73375 0.0974453 128 128 128
-0.133362 1.72655 0.0971344 128 128 128
-0.111977 1.72507 0.0970307 128 128 128
-0.0904979 1.72032 0.0968234 128 128 128
-0.0692662 1.71831 0.0967198 128 128 128
-0.0480976 1.71603 0.0966161 128 128 128
-0.0269684 1.7115 0.0964434 128 128 128
-0.00596016 1.7087 0.0963397 128 128 128
0.0150087 1.70865 0.0963397 128 128 128
0.0359519 1.70733 0.0963052 128 128 128
0.0569364 1.70776 0.0963397 128 128 128
0.0774582 1.69795 0.0960288 128 128 128
0.0978681 1.68989 0.0957869 128 128 128
0.118381 1.68557 0.0956833 128 128 128
0.138803 1.681 0.0955796 128 128 128
0.15855 1.67022 0.0952687 128 128 128
0.178271 1.6612 0.0950268 128 128 128
0.197553 1.64995 0.0947158 128 128 128
0.217252 1.64344 0.0945776 128 128 128
0.236821 1.6367 0.0944394 128 128 128
0.256888 1.63367 0.0944394 128 128 128
0.276238 1.62645 0.0943012 128 128 128
0.295813 1.62098 0.0942321 128 128 128
0.315295 1.61526 0.094163 128 128 128
0.333858 1.60541 0.0939557 128 128 128
0.353316 1.60021 0.0939212 128 128 128
0.372466 1.59381 0.0938521 128 128 128
0.39103 1.58524 0.0937139 128 128 128
0.408172 1.57162 0.0934029 128 128 128
0.426631 1.56361 0.0932993 128 128 128
0.444955 1.55537 0.0931956 128 128 128
0.463142 1.54692 0.093092 128 128 128
0.481188 1.53826 0.0929883 128 128 128
0.500028 1.53224 0.0929883 128 128 128
0.517498 1.52221 0.0928501 128 128 128
0.534796 1.51198 0.0927119 128 128 128
0.551922 1.50155 0.0925737 128 128 128
0.569231 1.49187 0.09247 128 128 128
0.590456 1.4922 0.0927465 128 128 128
0.606053 1.47838 0.0925046 128 128 128
0.624542 1.47175 0.0925392 128 128 128
0.638113 1.45392 0.0921591 128 128 128
0.656321 1.44688 0.0921936 128 128 128
0.674028 1.43872 0.0921936 128 128 128
0.691195 1.42944 0.0921591 128 128 128
0.705994 1.41549 0.0919518 128 128 128
0.722852 1.40584 0.0919172 128 128 128
0.74005 1.39686 0.0919172 128 128 128
0.757616 1.38855 0.0919518 128 128 128
0.396575 0.710004 0.0653823 128 128 128
0.465022 0.807906 0.0694939 128 128 128
0.474388 0.801281 0.0694593 128 128 128
0.496221 0.814982 0.070254 128 128 128
0.799177 1.27272 0.0892223 128 128 128
0.854448 1.32402 0.0917445 128 128 128
0.871185 1.31427 0.091779 128 128 128
0.887812 1.3043 0.0918136 128 128 128
0.903751 1.29331 0.0918136 128 128 128
0.9178 1.27969 0.0917099 128 128 128
0.931058 1.26512 0.0915717 128 128 128
0.941075 1.24643 0.0912608 128 128 128
0.955071 1.23321 0.0911917 128 128 128
0.968886 1.21984 0.0911226 128 128 128
0.993279 1.21946 0.0916408 128 128 128
1.00881 1.20794 0.0916754 128 128 128
1.02486 1.19699 0.0917445 128 128 128
1.0408 1.18582 0.0918136 128 128 128
1.05527 1.17296 0.0918136 128 128 128
1.0723 1.16285 0.0919518 128 128 128
1.08856 1.15178 0.0920554 128 128 128
1.10679 1.14263 0.0922627 128 128 128
1.11861 1.12684 0.0921591 128 128 128
1.13236 1.11303 0.0921591 128 128 128
1.14593 1.09905 0.0921591 128 128 128
1.16079 1.08626 0.0922282 128 128 128
1.18069 1.07799 0.0925392 128 128 128
1.2043 1.0727 0.0930229 128 128 128
1.22191 1.06176 0.0932302 128 128 128
1.22263 1.03637 0.0926774 128 128 128
1.24451 1.02891 0.093092 128 128 128
1.25705 1.01356 0.093092 128 128 128
1.26939 0.998061 0.093092 128 128 128
1.28154 0.982408 0.093092 128 128 128
1.29671 0.968993 0.0932302 128 128 128
1.31012 0.95418 0.0932993 128 128 128
1.32418 0.93976 0.0934029 128 128 128
1.33644 0.924006 0.0934375 128 128 128
0.948291 0.639996 0.0768186 128 128 128
0.817955 0.538223 0.0711178 128 128 128
0.821124 0.526003 0.0709796 128 128 128
0.926143 0.576819 0.0749874 128 128 128
1.41028 0.852157 0.0942321 128 128 128
1.42581 0.837812 0.0944394 128 128 128
1.43772 0.821239 0.0945085 128 128 128
1.44944 0.8045 0.0945776 128 128 128
1.4689 0.791846 0.0949577 128 128 128
1.47318 0.770993 0.0947504 128 128 128
1.49681 0.760063 0.0953032 128 128 128
1.50602 0.741638 0.0953032 128 128 128
1.51501 0.723101 0.0953032 128 128 128
1.53103 0.707793 0.0955796 128 128 128
1.53869 0.688545 0.0955451 128 128 128
1.5507 0.671191 0.0956833 128 128 128
1.5542 0.650193 0.0955105 128 128 128
1.57691 0.637026 0.0960633 128 128 128
1.58554 0.617988 0.0960979 128 128 128
1.59487 0.599183 0.096167 128 128 128
1.60587 0.580918 0.0963052 128 128 128
1.61665 0.562473 0.0964434 128 128 128
1.62913 0.544479 0.0966507 128 128 128
1.63664 0.524749 0.0966852 128 128 128
1.64678 0.50579 0.0968234 128 128 128
1.66246 0.488339 0.0971689 128 128 128
1.66736 0.467633 0.0971344 128 128 128
1.67684 0.44816 0.0972726 128 128 128
1.68997 0.429501 0.097549 128 128 128
1.69997 0.409891 0.0977217 128 128 128
1.70487 0.388999 0.0977217 128 128 128
1.7144 0.369089 0.0978945 128 128 128
1.72958 0.35018 0.0982746 128 128 128
1.74259 0.330586 0.0985855 128 128 128
1.75439 0.310553 0.0988619 128 128 128
1.76399 0.28996 0.0990692 128 128 128
1.80399 0.27376 0.100348 128 128 128
1.81612 0.252822 0.100659 128 128 128
1.83099 0.231999 0.101073 128 128 128
1.8337 0.209512 0.101073 128 128 128
1.83613 0.186994 0.101073 128 128 128
1.84625 0.165143 0.10135 128 128 128
1.85412 0.142923 0.101557 128 128 128
1.85873 0.120346 0.101661 128 128 128
1.86605 0.0978292 0.101868 128 128 128
1.88808 0.0757197 0.102593 128 128 128
1.90086 0.0528528 0.103008 128 128 128
1.89437 0.0294282 0.102766 128 128 128
1.89859 0.00618387 0.102904 128 128 128
1.91451 -0.0172926 0.103457 128 128 128
1.91415 -0.0407852 0.103457 128 128 128
1.93049 -0.0648771 0.104045 128 128 128
1.92356 -0.0882751 0.103837 128 128 128
1.93131 -0.112414 0.104148 128 128 128
1.95071 -0.137625 0.104874 128 128 128
1.94191 -0.160961 0.104632 128 128 128
1.94973 -0.185747 0.104977 128 128 128
1.9632 -0.211403 0.10553 128 128 128
1.96443 -0.235963 0.105668 128 128 128
1.97327 -0.261652 0.106083 128 128 128
1.98276 -0.287739 0.106532 128 128 128
1.99389 -0.314413 0.10705 128 128 128
2.00958 -0.342251 0.107741 128 128 128
2.01112 -0.367977 0.107949 128 128 128
2.00744 -0.392822 0.107983 128 128 128
2.01811 -0.42072 0.108536 128 128 128
2.0167 -0.446325 0.108674 128 128 128
2.02274 -0.473797 0.109089 128 128 128
2.03132 -0.502209 0.109607 128 128 128
2.03757 -0.530395 0.110056 128 128 128
2.03476 -0.556421 0.110195 128 128 128
2.04315 -0.585784 0.110747 128 128 128
2.05494 -0.616592 0.111438 128 128 128
2.05579 -0.644469 0.111749 128 128 128
2.05438 -0.671835 0.111991 128 128 128
2.04881 -0.697967 0.112095 128 128 128
2.05327 -0.727755 0.112579 128 128 128
2.04981 -0.754979 0.112786 128 128 128
2.04972 -0.783663 0.113131 128 128 128
2.04923 -0.812457 0.113477 128 128 128
2.04742 -0.840975 0.113788 128 128 128
2.04154 -0.868 0.113961 128 128 128
2.05725 -0.904702 0.114963 128 128 128
2.04508 -0.929464 0.114928 128 128 128
2.0046 -0.940851 0.113822 128 128 128
2.04232 -0.989431 0.115723 128 128 128
2.07022 -1.03459 0.117277 128 128 128
2.06714 -1.06497 0.117657 128 128 128
2.06361 -1.09543 0.118038 128 128 128
2.06491 -1.12884 0.118625 128 128 128
2.05699 -1.15754 0.118867 128 128 128
2.06337 -1.19475 0.119696 128 128 128
2.05198 -1.22203 0.119834 128 128 128
2.04194 -1.25026 0.120041 128 128 128
2.02898 -1.27682 0.120145 128 128 128
2.01567 -1.30326 0.120249 128 128 128
1.99371 -1.32401 0.120007 128 128 128
2.01113 -1.37152 0.121423 128 128 128
1.99741 -1.3984 0.121562 128 128 128
1.99307 -1.43215 0.122115 128 128 128
1.99463 -1.47077 0.122944 128 128 128
1.98758 -1.5036 0.123427 128 128 128
1.98396 -1.53954 0.124084 128 128 128
1.97429 -1.57125 0.124498 128 128 128
1.96646 -1.60486 0.125017 128 128 128
1.96346 -1.643 0.125777 128 128 128
1.95981 -1.68132 0.126537 128 128 128
1.94428 -1.70987 0.126779 128 128 128
1.92686 -1.73695 0.126952 128 128 128
1.91493 -1.7693 0.127401 128 128 128
1.90974 -1.80849 0.128195 128 128 128
1.87737 -1.82203 0.127712 128 128 128
1.84992 -1.83999 0.12747 128 128 128
1.85376 -1.8897 0.128783 128 128 128
1.84285 -1.92532 0.129405 128 128 128
1.81772 -1.94633 0.129336 128 128 128
1.80579 -1.98181 0.129958 128 128 128
1.79659 -2.02102 0.130752 128 128 128
1.77819 -2.05047 0.131098 128 128 128
1.76062 -2.08131 0.131512 128 128 128
1.75908 -2.13208 0.132825 128 128 128
1.73716 -2.15897 0.133067 128 128 128
1.71423 -2.18485 0.133274 128 128 128
1.70365 -2.22717 0.134207 128 128 128
1.68215 -2.25593 0.134553 128 128 128
1.6649 -2.29097 0.135175 128 128 128
1.64358 -2.32103 0.135589 128 128 128
1.62913 -2.36161 0.136453 128 128 128
1.60615 -2.39055 0.136833 128 128 128
1.57942 -2.41427 0.137006 128 128 128
1.55878 -2.44781 0.137593 128 128 128
1.53283 -2.47356 0.13787 128 128 128
1.50339 -2.4939 0.137939 128 128 128
1.4762 -2.5182 0.138181 128 128 128
1.45456 -2.55263 0.138837 128 128 128
1.42892 -2.58079 0.139252 128 128 128
1.40565 -2.61399 0.139874 128 128 128
1.37623 -2.63636 0.140081 128 128 128
1.35684 -2.67892 0.141083 128 128 128
1.33177 -2.71153 0.141705 128 128 128
1.30396 -2.7394 0.142154 128 128 128
1.27651 -2.76882 0.142672 128 128 128
1.24731 -2.79524 0.143087 128 128 128
1.21607 -2.81768 0.143363 128 128 128
1.18754 -2.84715 0.143916 128 128 128
1.16144 -2.88377 0.144745 128 128 128
1.13138 -2.91179 0.145263 128 128 128
1.09835 -2.93294 0.14554 128 128 128
1.06397 -2.9509 0.145713 128 128 128
1.03029 -2.9713 0.145989 128 128 128
0.99815 -2.997 0.146473 128 128 128
0.964932 -3.02045 0.146887 128 128 128
0.928668 -3.03493 0.146991 128 128 128
0.89387 -3.05473 0.147302 128 128 128
0.859261 -3.07606 0.147682 128 128 128
0.82938 -3.11633 0.148753 128 128 128
0.794003 -3.1379 0.149168 128 128 128
0.759149 -3.16296 0.14972 128 128 128
0.72446 -3.19056 0.150377 128 128 128
0.686709 -3.20605 0.150619 128 128 128
0.651041 -3.23286 0.151275 128 128 128
0.613161 -3.25043 0.151621 128 128 128
0.574775 -3.26657 0.151932 128 128 128
0.536725 -3.2862 0.152381 128 128 128
0.498427 -3.30638 0.152865 128 128 128
0.460393 -3.33106 0.153521 128 128 128
0.421087 -3.34935 0.15397 128 128 128
0.380399 -3.35823 0.154108 128 128 128
0.340051 -3.3716 0.154419 128 128 128
0.298912 -3.37851 0.154523 128 128 128
0.258251 -3.39288 0.154903 128 128 128
0.216971 -3.40178 0.15511 128 128 128
0.175912 -3.41816 0.155594 128 128 128
0.134295 -3.42905 0.155905 128 128 128
0.0922564 -3.43244 0.155974 128 128 128
0.0506255 -3.47029 0.157253 128 128 128
0.0080465 -3.47964 0.157563 128 128 128
-0.0347766 -3.49047 0.157944 128 128 128
-0.0776775 -3.49278 0.158047 128 128 128
-0.12121 -3.51054 0.158704 128 128 128
-0.164281 -3.50879 0.158704 128 128 128
-0.20907 -3.53544 0.159706 128 128 128
-0.252584 -3.5346 0.159775 128 128 128
-0.296785 -3.54119 0.16012 128 128 128
-0.34138 -3.54922 0.160535 128 128 128
-0.386326 -3.55768 0.160984 128 128 128
-0.43153 -3.56557 0.161433 128 128 128
-0.473386 -3.54613 0.160949 128 128 128
-0.519776 -3.55983 0.16164 128 128 128
-0.566732 -3.57391 0.162366 128 128 128
-0.610546 -3.56669 0.162366 128 128 128
-0.656269 -3.56974 0.162746 128 128 128
-0.700025 -3.56142 0.162746 128 128 128
-0.745735 -3.56234 0.163092 128 128 128
-0.790701 -3.55877 0.163299 128 128 128
-0.836151 -3.55658 0.163575 128 128 128
-0.8807 -3.54993 0.163713 128 128 128
-0.926479 -3.54755 0.164024 128 128 128
-0.970739 -3.53881 0.164128 128 128 128
-1.01409 -3.52663 0.164128 128 128 128
-1.05816 -3.51679 0.164232 128 128 128
-1.10485 -3.51498 0.164646 128 128 128
-1.14696 -3.49831 0.164543 128 128 128
-1.19693 -3.50477 0.165303 128 128 128
-1.37856 -3.46967 0.166339 128 128 128
-1.41722 -3.44325 0.165994 128 128 128
-0.724674 -1.7061 0.10135 128 128 128
-0.593681 -1.35336 0.0883585 128 128 128
-0.61398 -1.35415 0.0886695 128 128 128
-0.627142 -1.33929 0.0883931 128 128 128
-0.640031 -1.3243 0.0881167 128 128 128
-0.664752 -1.33332 0.0887731 128 128 128
-1.72946 -3.35157 0.167652 128 128 128
-1.77328 -3.33538 0.16786 128 128 128
-1.81552 -3.316 0.167963 128 128 128
-1.85755 -3.29608 0.168067 128 128 128
-1.89685 -3.27131 0.167998 128 128 128
-1.94301 -3.25808 0.168412 128 128 128
-1.98232 -3.23314 0.168378 128 128 128
-2.02345 -3.21111 0.168481 128 128 128
-2.06433 -3.18855 0.168585 128 128 128
-2.10774 -3.16963 0.168862 128 128 128
-2.14535 -3.14188 0.168792 128 128 128
-2.16765 -3.09241 0.167825 128 128 128
-0.536126 -0.750329 0.0691484 128 128 128
-0.538161 -0.734052 0.0687338 128 128 128
-2.25101 -2.97232 0.166167 128 128 128
-2.32722 -2.99573 0.168412 128 128 128
-2.35507 -2.95602 0.167929 128 128 128
-2.39054 -2.92612 0.167894 128 128 128
-0.555174 -0.667521 0.0672826 128 128 128
-2.519 -2.93323 0.170935 128 128 128
-2.51381 -2.85563 0.168792 128 128 128
-2.55336 -2.82976 0.169034 128 128 128
-2.58789 -2.79821 0.169034 128 128 128
-2.62203 -2.76624 0.169034 128 128 128
-2.65578 -2.73386 0.169034 128 128 128
-2.68772 -2.69965 0.168965 128 128 128
-2.73636 -2.68184 0.169725 128 128 128
-2.75316 -2.63288 0.168965 128 128 128
-2.78014 -2.59412 0.168723 128 128 128
-2.81103 -2.55914 0.168689 128 128 128
-2.83325 -2.5165 0.168274 128 128 128
-2.86694 -2.48415 0.168412 128 128 128
-2.89415 -2.44621 0.168274 128 128 128
-2.92395 -2.41051 0.168274 128 128 128
-2.9463 -2.36882 0.167963 128 128 128
-2.96255 -2.32263 0.16741 128 128 128
-2.99162 -2.28671 0.167445 128 128 128
-3.02106 -2.25101 0.167514 128 128 128
-3.04118 -2.20849 0.167203 128 128 128
-3.06642 -2.16985 0.167134 128 128 128
-3.08293 -2.12527 0.166719 128 128 128
-3.10297 -2.08338 0.166478 128 128 128
-3.13165 -2.04733 0.166616 128 128 128
-3.13882 -1.99749 0.16589 128 128 128
-3.16224 -1.9583 0.165856 128 128 128
-3.18689 -1.91986 0.16589 128 128 128
-3.19468 -1.87153 0.165268 128 128 128
-3.21915 -1.83318 0.165337 128 128 128
-3.2414 -1.79353 0.165337 128 128 128
-3.25348 -1.74843 0.164957 128 128 128
-3.27557 -1.70883 0.164992 128 128 128
-3.28559 -1.6631 0.164577 128 128 128
-3.2887 -1.61431 0.163921 128 128 128
-3.28388 -1.56227 0.162988 128 128 128
-3.32369 -1.53145 0.163783 128 128 128
-3.37876 -1.50679 0.165165 128 128 128
-3.32906 -1.43599 0.162608 128 128 128
-3.33812 -1.39158 0.162297 128 128 128
-3.41041 -1.32439 0.163748 128 128 128
-3.4339 -1.28524 0.164024 128 128 128
-3.44377 -1.24097 0.163817 128 128 128
-3.50125 -1.2133 0.165372 128 128 128
-3.52726 -1.17402 0.165787 128 128 128
-3.52521 -1.12549 0.165199 128 128 128
-3.56839 -1.09118 0.16627 128 128 128
-3.56808 -1.04339 0.165787 128 128 128
-3.43375 -0.691247 0.158358 128 128 128
-3.55101 -0.669492 0.162193 128 128 128
-3.49694 -0.615027 0.160017 128 128 128
-3.50422 -0.572068 0.160017 128 128 128
-3.49912 -0.527249 0.159602 128 128 128
-3.47859 -0.480607 0.158669 128 128 128
-3.44158 -0.432573 0.157183 128 128 128
-3.42378 -0.387746 0.156389 128 128 128
-3.36014 -0.131675 0.153521 128 128 128
-3.3615 -0.0904314 0.153521 128 128 128
-2.93699 0.585691 0.0682381 128 128 128
-2.49322 1.10675 0.0655353 128 128 128
-2.46945 1.13268 0.065424 128 128 128
-2.45175 1.16119 0.0653835 128 128 128
-2.42384 1.18461 0.0652317 128 128 128
-2.40465 1.21202 0.065181 128 128 128
-2.37362 1.23315 0.0649988 128 128 128
-2.33891 1.25181 0.0647761 128 128 128
-2.31023 1.27319 0.0646243 128 128 128
-2.28747 1.2975 0.0645433 128 128 128
-2.24201 1.30835 0.0641991 128 128 128
-2.22235 1.33371 0.0641586 128 128 128
-2.18709 1.34934 0.063936 128 128 128
-2.15769 1.36805 0.0637841 128 128 128
-2.11811 1.3797 0.0635108 128 128 128
-2.08855 1.39726 0.0633589 128 128 128
-2.06135 1.41599 0.0632375 128 128 128
-2.03892 1.43773 0.0631767 128 128 128
-2.01383 1.45737 0.0630856 128 128 128
-1.98535 1.47422 0.062954 128 128 128
-1.95676 1.49061 0.0628224 128 128 128
-1.92965 1.50774 0.0627111 128 128 128
-1.90398 1.52568 0.06262 128 128 128
-1.87429 1.54005 0.0624783 128 128 128
-1.84531 1.55456 0.0623467 128 128 128
-1.8064 1.56011 0.0620835 128 128 128
-1.77589 1.57222 0.0619316 128 128 128
-1.74979 1.58785 0.0618405 128 128 128
-1.71259 1.59287 0.0615976 128 128 128
-1.69002 1.61101 0.0615571 128 128 128
-1.65939 1.62115 0.0614053 128 128 128
-1.61745 1.61947 0.0610915 128 128 128
-1.58419 1.6256 0.0608991 128 128 128
-1.55585 1.63623 0.0607777 128 128 128
-1.53021 1.64934 0.0606967 128 128 128
-1.50179 1.6591 0.0605752 128 128 128
-1.47933 1.67516 0.0605448 128 128 128
-1.44887 1.68183 0.060393 128 128 128
-1.41653 1.68571 0.0602108 128 128 128
-1.39193 1.69832 0.06015 128 128 128
-1.36287 1.70513 0.0600184 128 128 128
-1.33753 1.71621 0.0599476 128 128 128
-1.31213 1.72692 0.0598767 128 128 128
-1.28846 1.73968 0.0598362 128 128 128
-1.24651 1.72699 0.0594819 128 128 128
-1.2212 1.73644 0.0594111 128 128 128
-1.1981 1.74882 0.0593807 128 128 128
-1.16711 1.74925 0.0592086 128 128 128
-1.13519 1.74752 0.0590163 128 128 128
-1.10885 1.75371 0.0589252 128 128 128
-1.07885 1.75357 0.0587632 128 128 128
-1.04954 1.75381 0.0586114 128 128 128
-1.02341 1.75878 0.0585203 128 128 128
-0.993369 1.75642 0.0583482 128 128 128
-0.968365 1.76234 0.0582773 128 128 128
-0.938653 1.7591 0.0581052 128 128 128
-0.912851 1.7625 0.0580141 128 128 128
-0.889356 1.77 0.0579737 128 128 128
-0.865375 1.77628 0.057923 128 128 128
-0.84052 1.78044 0.0578522 128 128 128
-0.815277 1.78335 0.0577712 128 128 128
-0.791305 1.78865 0.0577206 128 128 128
-0.765357 1.78903 0.0576194 128 128 128
-0.738371 1.78628 0.0574878 128 128 128
-0.716024 1.79428 0.0574776 128 128 128
-0.688554 1.78893 0.0573258 128 128 128
-0.663762 1.78975 0.0572448 128 128 128
-0.640065 1.79305 0.0571942 128 128 128
-0.616062 1.7951 0.0571335 128 128 128
-0.590851 1.79303 0.0570322 128 128 128
-0.566689 1.79347 0.0569614 128 128 128
-0.541445 1.78977 0.05685 128 128 128
-0.5161 1.78475 0.0567286 128 128 128
-0.492026 1.78324 0.0566476 128 128 128
-0.469341 1.78624 0.0566172 128 128 128
-0.442771 1.77344 0.0564249 128 128 128
-0.420743 1.77777 0.0564148 128 128 128
-0.395829 1.76914 0.056273 128 128 128
-0.373054 1.76897 0.0562224 128 128 128
-0.349368 1.76361 0.0561212 128 128 128
-0.324771 1.75203 0.0559592 128 128 128
-0.301538 1.74603 0.055858 128 128 128
-0.279612 1.74664 0.0558276 128 128 128
-0.257424 1.74499 0.055777 128 128 128
-0.234107 1.73415 0.0556353 128 128 128
-0.212564 1.73491 0.0556151 128 128 128
-0.190928 1.7344 0.0555847 128 128 128
-0.169727 1.73761 0.0555948 128 128 128
-0.148048 1.73558 0.0555543 128 128 128
-0.127107 1.74225 0.0556049 128 128 128
-0.104369 1.72172 0.0553822 128 128 128
-0.083282 1.72387 0.0553924 128 128 128
-0.0620109 1.72176 0.055362 128 128 128
-0.040804 1.7194 0.0553316 128 128 128
-0.0196769 1.71777 0.0553114 128 128 128
0.00140416 1.71488 0.055281 128 128 128
0.022436 1.71373 0.0552709 128 128 128
0.0432678 1.70533 0.0551899 128 128 128
0.0641916 1.70467 0.0551899 128 128 128
0.0847619 1.69677 0.055119 128 128 128
0.104903 1.68462 0.0550077 128 128 128
0.124979 1.67523 0.0549267 128 128 128
0.145441 1.67257 0.0549166 128 128 128
0.165367 1.66469 0.0548559 128 128 128
0.186113 1.66552 0.0548862 128 128 128
0.204824 1.64921 0.0547445 128 128 128
0.224912 1.64559 0.0547344 128 128 128
0.244795 1.64072 0.0547141 128 128 128
0.264593 1.63562 0.0546939 128 128 128
0.283961 1.62831 0.0546534 128 128 128
0.303738 1.62372 0.0546433 128 128 128
0.322665 1.61497 0.0545927 128 128 128
0.340802 1.60306 0.0545117 128 128 128
0.359572 1.59485 0.0544712 128 128 128
0.378192 1.58643 0.0544307 128 128 128
0.396902 1.57876 0.0544003 128 128 128
0.417011 1.57667 0.0544307 128 128 128
0.434727 1.56565 0.05437 128 128 128
0.451958 1.55348 0.0542991 128 128 128
0.469536 1.54303 0.0542485 128 128 128
0.487529 1.53429 0.0542181 128 128 128
0.506007 1.52724 0.054208 128 128 128
0.52406 1.51903 0.0541878 128 128 128
0.542324 1.51154 0.0541776 128 128 128
0.560833 1.50477 0.0541776 128 128 128
0.578536 1.49591 0.0541574 128 128 128
0.597964 1.49148 0.0541878 128 128 128
0.611629 1.47295 0.0540663 128 128 128
0.629659 1.46533 0.0540663 128 128 128
0.646377 1.45475 0.0540359 128 128 128
0.660433 1.43853 0.0539448 128 128 128
0.677608 1.42941 0.0539347 128 128 128
0.695098 1.42099 0.0539347 128 128 128
0.712933 1.41325 0.0539448 128 128 128
0.726538 1.39729 0.0538638 128 128 128
0.744573 1.39003 0.0538841 128 128 128
0.761092 1.37991 0.0538739 128 128 128
0.459548 0.808437 0.0473347 128 128 128
0.466413 0.797553 0.0472739 128 128 128
0.495702 0.824361 0.0476586 128 128 128
0.790638 1.28047 0.0531552 128 128 128
0.841067 1.32558 0.0538132 128 128 128
0.859452 1.31851 0.0538537 128 128 128
0.866678 1.29456 0.0536917 128 128 128
0.881368 1.28218 0.0536715 128 128 128
0.902218 1.27862 0.0537626 128 128 128
0.91374 1.26178 0.0536917 128 128 128
0.938687 1.26333 0.0538537 128 128 128
0.952908 1.25012 0.0538335 128 128 128
0.966332 1.23597 0.0538031 128 128 128
0.983301 1.22636 0.0538335 128 128 128
0.999545 1.21575 0.0538537 128 128 128
1.01632 1.20568 0.0538841 128 128 128
1.033 1.19539 0.0539144 128 128 128
1.05223 1.18787 0.0539853 128 128 128
1.06807 1.17635 0.0540055 128 128 128
1.08106 1.16169 0.0539853 128 128 128
1.09248 1.14544 0.0539448 128 128 128
1.11693 1.14268 0.0540966 128 128 128
1.13369 1.13172 0.0541371 128 128 128
1.14034 1.11073 0.0540359 128 128 128
1.15678 1.09942 0.0540764 128 128 128
1.17092 1.08582 0.0540865 128 128 128
1.18712 1.07405 0.054127 128 128 128
1.20246 1.06139 0.0541574 128 128 128
1.21539 1.04656 0.0541574 128 128 128
1.23197 1.03478 0.054208 128 128 128
1.24612 1.02085 0.0542282 128 128 128
1.2609 1.00736 0.0542586 128 128 128
1.27316 0.99181 0.0542586 128 128 128
1.29081 0.98035 0.0543295 128 128 128
1.30595 0.966819 0.05437 128 128 128
1.31691 0.950134 0.0543598 128 128 128
1.31375 0.923539 0.0541776 128 128 128
1.21202 0.829851 0.0527908 128 128 128
0.818029 0.544939 0.0478712 128 128 128
0.807891 0.523955 0.0476687 128 128 128
0.81088 0.511861 0.0476282 128 128 128
0.722602 0.44365 0.0465046 128 128 128
1.41587 0.847008 0.054623 128 128 128
1.43048 0.832087 0.0546736 128 128 128
1.44058 0.81447 0.0546736 128 128 128
1.45135 0.797212 0.0546838 128 128 128
1.46278 0.780285 0.054704 128 128 128
1.48024 0.76642 0.0547951 128 128 128
1.48328 0.74505 0.0547243 128 128 128
1.51028 0.735563 0.0549267 128 128 128
1.51829 0.716547 0.0549166 128 128 128
1.53424 0.701192 0.0549976 128 128 128
1.54548 0.683527 0.0550279 128 128 128
1.55375 0.664511 0.0550279 128 128 128
1.56456 0.646541 0.0550583 128 128 128
1.57516 0.628407 0.0550887 128 128 128
1.58182 0.60867 0.0550786 128 128 128
1.60042 0.593393 0.0552 128 128 128
1.6104 0.57472 0.0552304 128 128 128
1.61355 0.553613 0.0551899 128 128 128
1.63067 0.537221 0.0553012 128 128 128
1.64 0.518075 0.0553316 128 128 128
1.6491 0.498782 0.055362 128 128 128
1.66182 0.480456 0.0554328 128 128 128
1.66952 0.46056 0.0554531 128 128 128
1.68762 0.443351 0.0555847 128 128 128
1.69584 0.423337 0.0556151 128 128 128
1.70674 0.40388 0.0556758 128 128 128
1.72328 0.385534 0.0557973 128 128 128
1.73473 0.365807 0.0558681 128 128 128
1.74791 0.346247 0.0559592 128 128 128
1.7599 0.326235 0.0560402 128 128 128
1.76968 0.305639 0.0561009 128 128 128
1.78416 0.285647 0.0562123 128 128 128
1.79643 0.265051 0.0563034 128 128 128
1.80549 0.243793 0.0563641 128 128 128
1.82125 0.223209 0.0564957 128 128 128
1.82882 0.201394 0.0565463 128 128 128
1.83712 0.179524 0.0566071 128 128 128
1.84815 0.157738 0.0566982 128 128 128
1.8679 0.13637 0.0568804 128 128 128
1.87642 0.113866 0.0569513 128 128 128
1.87768 0.0908313 0.0569513 128 128 128
1.89064 0.0682236 0.0570727 128 128 128
1.90533 0.0453603 0.0572144 128 128 128
1.91174 0.0220489 0.0572752 128 128 128
1.91287 -0.0014128 0.0572853 128 128 128
1.91371 -0.0248989 0.0572954 128 128 128
1.92326 -0.048627 0.0573967 128 128 128
1.92551 -0.0723352 0.057427 128 128 128
1.92648 -0.096057 0.0574473 128 128 128
1.92915 -0.119936 0.0574878 128 128 128
1.94049 -0.144557 0.0576194 128 128 128
1.94854 -0.169218 0.0577206 128 128 128
1.94731 -0.193215 0.0577307 128 128 128
1.95075 -0.217758 0.0577914 128 128 128
1.9648 -0.243762 0.0579635 128 128 128
1.99139 -0.271893 0.0582672 128 128 128
1.9978 -0.297778 0.0583684 128 128 128
2.00386 -0.32386 0.0584697 128 128 128
2.00171 -0.348769 0.0584899 128 128 128
2.02972 -0.379348 0.058824 128 128 128
2.0357 -0.406373 0.0589353 128 128 128
2.03838 -0.432981 0.0590163 128 128 128
2.03877 -0.459277 0.059077 128 128 128
2.03298 -0.484262 0.059077 128 128 128
2.04435 -0.513547 0.0592592 128 128 128
2.04466 -0.54038 0.0593301 128 128 128
2.0504 -0.568898 0.0594617 128 128 128
2.04807 -0.595409 0.0595123 128 128 128
2.05305 -0.624272 0.0596439 128 128 128
2.05 -0.650929 0.0596945 128 128 128
2.0485 -0.678232 0.0597654 128 128 128
2.04759 -0.705922 0.0598464 128 128 128
2.04724 -0.734028 0.0599375 128 128 128
2.05402 -0.765019 0.0601096 128 128 128
2.051 -0.792687 0.0601804 128 128 128
2.04298 -0.818539 0.0602007 128 128 128
2.05077 -0.910607 0.0606359 128 128 128
2.04217 -0.936954 0.0606663 128 128 128
2.07481 -0.982895 0.0611623 128 128 128
2.06439 -1.00916 0.0611826 128 128 128
2.06972 -1.04341 0.061385 128 128 128
2.05764 -1.06919 0.0613951 128 128 128
2.06201 -1.10379 0.0615976 128 128 128
2.07021 -1.14106 0.0618507 128 128 128
2.06301 -1.17033 0.0619316 128 128 128
2.05367 -1.19858 0.0619924 128 128 128
2.03881 -1.22369 0.0619924 128 128 128
2.033 -1.25438 0.0621037 128 128 128
2.03351 -1.2894 0.0622961 128 128 128
2.02005 -1.3159 0.0623264 128 128 128
2.01705 -1.34948 0.0624884 128 128 128
2.00281 -1.37582 0.0625188 128 128 128
1.98578 -1.4003 0.0625188 128 128 128
1.98465 -1.43628 0.0627212 128 128 128
1.98856 -1.47661 0.0629945 128 128 128
1.97666 -1.50574 0.0630755 128 128 128
1.97301 -1.54158 0.0632678 128 128 128
1.96175 -1.57192 0.0633691 128 128 128
1.95545 -1.60666 0.0635412 128 128 128
1.944 -1.63762 0.0636525 128 128 128
1.9336 -1.66984 0.0637841 128 128 128
1.9257 -1.70471 0.0639562 128 128 128
1.92242 -1.74433 0.0641991 128 128 128
1.90746 -1.77391 0.0642902 128 128 128
1.89858 -1.8096 0.0644725 128 128 128
1.89055 -1.84673 0.0646749 128 128 128
1.87057 -1.87262 0.0647154 128 128 128
1.85374 -1.90187 0.0648065 128 128 128
1.83646 -1.93099 0.0648976 128 128 128
1.81671 -1.95778 0.0649583 128 128 128
1.79926 -1.98734 0.0650596 128 128 128
1.78269 -2.01826 0.065181 128 128 128
1.76301 -2.04604 0.065262 128 128 128
1.76288 -2.09736 0.0656568 128 128 128
1.74589 -2.12966 0.0657985 128 128 128
1.7215 -2.15326 0.0658289 128 128 128
1.71032 -2.19394 0.066082 128 128 128
1.70144 -2.23863 0.0663856 128 128 128
1.67741 -2.26416 0.0664464 128 128 128
1.6536 -2.29025 0.0665172 128 128 128
1.63746 -2.32754 0.0667298 128 128 128
1.61782 -2.36065 0.0668918 128 128 128
1.59651 -2.39197 0.0670335 128 128 128
1.57249 -2.41976 0.0671347 128 128 128
1.54589 -2.44394 0.0671955 128 128 128
1.52103 -2.47124 0.0672967 128 128 128
1.49675 -2.50001 0.0674182 128 128 128
1.4715 -2.5277 0.0675295 128 128 128
1.44136 -2.54731 0.0675498 128 128 128
1.4177 -2.57882 0.0677117 128 128 128
1.39302 -2.60925 0.0678636 128 128 128
1.37609 -2.65544 0.0681976 128 128 128
1.34745 -2.68016 0.0682887 128 128 128
1.32103 -2.70998 0.0684406 128 128 128
1.29623 -2.74406 0.068643 128 128 128
1.2662 -2.76795 0.0687341 128 128 128
1.23944 -2.79973 0.0689163 128 128 128
1.2105 -2.8276 0.0690581 128 128 128
1.18451 -2.86349 0.0692909 128 128 128
1.15374 -2.88895 0.0694124 128 128 128
1.12216 -2.91315 0.0695237 128 128 128
1.08911 -2.9342 0.0696047 128 128 128
1.05605 -2.95582 0.0696958 128 128 128
1.02295 -2.97801 0.069797 128 128 128
0.989467 -2.99984 0.0698982 128 128 128
0.955901 -3.02224 0.0700096 128 128 128
0.920193 -3.03853 0.0700602 128 128 128
0.886735 -3.06304 0.0702019 128 128 128
0.854146 -3.092 0.0703942 128 128 128
0.819451 -3.11482 0.0705258 128 128 128
0.786267 -3.14501 0.0707384 128 128 128
0.752003 -3.1729 0.0709308 128 128 128
0.715638 -3.1936 0.0710522 128 128 128
0.680949 -3.22366 0.0712749 128 128 128
0.643679 -3.24355 0.0713964 128 128 128
0.606206 -3.26398 0.071528 128 128 128
0.568157 -3.283 0.0716495 128 128 128
0.529574 -3.30058 0.0717608 128 128 128
0.492698 -3.33156 0.0720139 128 128 128
0.452316 -3.34132 0.0720544 128 128 128
0.412624 -3.35754 0.0721657 128 128 128
0.372603 -3.37328 0.0722771 128 128 128
0.331474 -3.38058 0.0723075 128 128 128
0.290735 -3.39336 0.0723986 128 128 128
0.249072 -3.39667 0.0723986 128 128 128
0.20829 -3.41445 0.0725504 128 128 128
0.166815 -3.42573 0.0726415 128 128 128
0.124984 -3.43352 0.0727022 128 128 128
0.0831337 -3.44679 0.0728237 128 128 128
0.0411235 -3.47155 0.0730667 128 128 128
-0.00148122 -3.48079 0.0731578 128 128 128
-0.0442327 -3.48351 0.0731881 128 128 128
-0.0878378 -3.51769 0.0735424 128 128 128
-0.130704 -3.50836 0.0734614 128 128 128
-0.174876 -3.52946 0.0736943 128 128 128
-0.219525 -3.549 0.073917 128 128 128
-0.26387 -3.55701 0.0740283 128 128 128
-0.307586 -3.5545 0.0740384 128 128 128
-0.352359 -3.5624 0.0741599 128 128 128
-0.397592 -3.57172 0.0743016 128 128 128
-0.441393 -3.56658 0.0743016 128 128 128
-0.485934 -3.56684 0.0743624 128 128 128
-0.532604 -3.58039 0.0745648 128 128 128
-0.576659 -3.57457 0.0745749 128 128 128
-0.622191 -3.57707 0.0746762 128 128 128
-0.666773 -3.5731 0.0747167 128 128 128
-0.712131 -3.5725 0.0747976 128 128 128
-0.758196 -3.57425 0.074909 128 128 128
-0.800467 -3.55785 0.0748381 128 128 128
-0.849151 -3.56916 0.0750608 128 128 128
-0.892886 -3.55847 0.0750608 128 128 128
-0.937251 -3.55015 0.0750912 128 128 128
-0.980746 -3.53838 0.0750912 128 128 128
-1.02688 -3.53568 0.0751924 128 128 128
-1.07077 -3.52473 0.0752127 128 128 128
-1.11727 -3.52181 0.075324 128 128 128
-1.25759 -3.51031 0.0756682 128 128 128
-1.30266 -3.50023 0.0757289 128 128 128
-1.34588 -3.48492 0.0757391 128 128 128
-1.38929 -3.46999 0.0757593 128 128 128
-1.43559 -3.46192 0.0758605 128 128 128
-1.47009 -3.42566 0.0756581 128 128 128
-0.600583 -1.35145 0.052892 128 128 128
-0.613374 -1.3358 0.0528009 128 128 128
-0.63143 -1.33179 0.0528414 128 128 128
-0.648165 -1.32484 0.0528515 128 128 128
-0.68101 -1.34983 0.0532261 128 128 128
-1.74436 -3.35883 0.0762351 128 128 128
-1.79299 -3.35128 0.076397 128 128 128
-1.8388 -3.33778 0.0764983 128 128 128
-1.8816 -3.31845 0.0765388 128 128 128
-1.92268 -3.29597 0.0765489 128 128 128
-1.96915 -3.28242 0.0766703 128 128 128
-2.00404 -3.2495 0.0765691 128 128 128
-2.05018 -3.2348 0.0766906 128 128 128
-2.08863 -3.20772 0.0766703 128 128 128
-2.12951 -3.18434 0.0767007 128 128 128
-2.16786 -3.15714 0.0766906 128 128 128
-2.18916 -3.10578 0.0763869 128 128 128
-0.541755 -0.747186 0.0472638 128 128 128
-0.549097 -0.738072 0.0472334 128 128 128
-2.33288 -3.06368 0.0769032 128 128 128
-2.34692 -3.00487 0.0765185 128 128 128
-2.39486 -2.98989 0.0767007 128 128 128
-0.573232 -0.696327 0.0470512 128 128 128
-2.46494 -2.92716 0.0766602 128 128 128
-2.50264 -2.89896 0.0766906 128 128 128
-2.54531 -2.87627 0.0768019 128 128 128
-2.5831 -2.84778 0.0768424 128 128 128
-2.60832 -2.80561 0.0767007 128 128 128
-2.64945 -2.78064 0.0768019 128 128 128
-2.68757 -2.75221 0.0768627 128 128 128
-2.71902 -2.7169 0.0768323 128 128 128
-2.74499 -2.67634 0.0767311 128 128 128
-2.78849 -2.6528 0.0768829 128 128 128
-2.81131 -2.60953 0.0767513 128 128 128
-2.83942 -2.57148 0.0767007 128 128 128
-2.86477 -2.53114 0.0766197 128 128 128
-2.90319 -2.50233 0.076721 128 128 128
-2.92602 -2.46008 0.0766197 128 128 128
-2.95367 -2.42208 0.0765894 128 128 128
-2.98474 -2.3869 0.0766096 128 128 128
-3.01301 -2.34948 0.0765995 128 128 128
-3.03286 -2.30567 0.0764881 128 128 128
-3.05129 -2.26113 0.0763667 128 128 128
-3.07881 -2.22352 0.0763667 128 128 128
-3.10259 -2.18326 0.0763262 128 128 128
-3.13163 -2.14672 0.0763565 128 128 128
-3.14692 -2.10091 0.076225 128 128 128
-3.16912 -2.05995 0.0761845 128 128 128
-3.17726 -2.01021 0.075982 128 128 128
-3.20084 -1.97054 0.0759719 128 128 128
-3.2222 -1.92957 0.0759415 128 128 128
-3.23614 -1.88435 0.0758302 128 128 128
-3.23727 -1.83217 0.0755771 128 128 128
-3.30542 -1.5617 0.0749292 128 128 128
-3.33616 -1.52643 0.0750608 128 128 128
-3.39683 -1.35681 0.0749495 128 128 128
-2.53476 1.11569 -0.00105899 128 128 128
-2.47994 1.12803 -0.000414986 128 128 128
-2.51805 1.22092 -0.00147402 128 128 128
-2.38491 1.19253 0.000415064 128 128 128
-2.36832 1.22079 0.000443686 128 128 128
-2.35051 1.24835 0.00048662 128 128 128
-2.32187 1.26988 0.000701286 128 128 128
-2.29131 1.28992 0.000944577 128 128 128
-2.27531 1.31794 0.000944577 128 128 128
-2.26068 1.34678 0.000915956 128 128 128
-2.24654 1.376 0.000873022 128 128 128
-2.17115 1.36662 0.0018605 128 128 128
-2.15003 1.39044 0.00193205 128 128 128
-2.12614 1.41228 0.00204654 128 128 128
-2.10123 1.43318 0.00217534 128 128 128
-2.0483 1.43415 0.00279072 128 128 128
-2.01838 1.4504 0.00300539 128 128 128
-1.99078 1.46792 0.00317712 128 128 128
-1.95669 1.48015 0.00346335 128 128 128
-1.93286 1.49975 0.00356353 128 128 128
-1.91431 1.52336 0.00356353 128 128 128
-1.87458 1.52963 0.00394993 128 128 128
-1.84265 1.54159 0.00419322 128 128 128
-1.81904 1.56018 0.00427909 128 128 128
-1.78551 1.56981 0.004551 128 128 128
-1.76241 1.58825 0.00462256 128 128 128
-1.71932 1.58801 0.00508052 128 128 128
-1.69463 1.60417 0.00518069 128 128 128
-1.6655 1.61578 0.00536674 128 128 128
-1.63139 1.62197 0.00565296 128 128 128
-1.60437 1.63472 0.00579608 128 128 128
-1.55795 1.6268 0.0063399 128 128 128
-1.53515 1.64287 0.00639715 128 128 128
-1.50143 1.64678 0.00668337 128 128 128
-1.48309 1.66733 0.00664044 128 128 128
-1.45729 1.67935 0.00675493 128 128 128
-1.43464 1.69481 0.00679786 128 128 128
-1.41119 1.7092 0.00685511 128 128 128
-1.36884 1.69987 0.00734169 128 128 128
-1.34541 1.71339 0.00739893 128 128 128
-1.317 1.72023 0.00757067 128 128 128
-1.28864 1.72664 0.0077424 128 128 128
-1.26148 1.73422 0.00788552 128 128 128
-1.23376 1.74059 0.00804294 128 128 128
-1.20268 1.74159 0.00828623 128 128 128
-1.17621 1.74874 0.00841503 128 128 128
-1.14865 1.75383 0.00857245 128 128 128
-1.119 1.75513 0.00878712 128 128 128
-1.09265 1.76108 0.00891592 128 128 128
-1.06632 1.76664 0.00904472 128 128 128
-1.03548 1.76405 0.00930233 128 128 128
-1.00042 1.75315 0.00968873 128 128 128
-0.974481 1.75742 0.00981753 128 128 128
-0.950952 1.76572 0.00987477 128 128 128
-0.925059 1.76927 0.0100036 128 128 128
-0.897419 1.76889 0.0101896 128 128 128
-0.874326 1.77707 0.0102326 128 128 128
-0.851167 1.78496 0.0102755 128 128 128
-0.827111 1.79073 0.010347 128 128 128
-0.798167 1.78521 0.0105903 128 128 128
-0.77541 1.79303 0.010619 128 128 128
-0.747976 1.78949 0.0108193 128 128 128
-0.723725 1.79296 0.0109052 128 128 128
-0.697337 1.79052 0.0110769 128 128 128
-0.66972 1.78395 0.0113059 128 128 128
-0.646764 1.78921 0.0113488 128 128 128
-0.622148 1.78946 0.0114633 128 128 128
-0.598882 1.79316 0.0115206 128 128 128
-0.573196 1.78894 0.0116923 128 128 128
-0.550325 1.79297 0.0117352 128 128 128
-0.522968 1.78135 0.0120071 128 128 128
-0.49973 1.78281 0.0120787 128 128 128
-0.474487 1.77625 0.0122647 128 128 128
-0.451433 1.77709 0.0123363 128 128 128
-0.42518 1.76402 0.0126082 128 128 128
-0.4024 1.76422 0.0126798 128 128 128
-0.375514 1.74458 0.0130376 128 128 128
-0.355843 1.75788 0.0129087 128 128 128
-0.332771 1.75425 0.0130232 128 128 128
-0.308981 1.7454 0.0132093 128 128 128
-0.287859 1.75103 0.0131807 128 128 128
-0.265019 1.74553 0.0133095 128 128 128
-0.243171 1.74568 0.0133524 128 128 128
-0.221236 1.74457 0.0134096 128 128 128
-0.199143 1.74119 0.0134955 128 128 128
-0.177761 1.7435 0.0134955 128 128 128
-0.155395 1.73459 0.0136529 128 128 128
-0.134471 1.74136 0.0135814 128 128 128
-0.112404 1.7319 0.0137388 128 128 128
-0.091143 1.73315 0.0137388 128 128 128
-0.0696399 1.72814 0.0138247 128 128 128
-0.048042 1.71387 0.0140393 128 128 128
-0.0269662 1.71133 0.0140823 128 128 128
-0.00595761 1.70653 0.0141538 128 128 128
0.0149403 1.70248 0.0142111 128 128 128
0.035691 1.69617 0.0142969 128 128 128
0.056111 1.68461 0.0144544 128 128 128
0.0767317 1.6828 0.0144687 128 128 128
0.0970757 1.67674 0.0145402 128 128 128
0.116921 1.66545 0.0146833 128 128 128
0.13718 1.6619 0.014712 128 128 128
0.157177 1.65611 0.0147692 128 128 128
0.176943 1.64908 0.0148408 128 128 128
0.196318 1.63984 0.0149409 128 128 128
0.216426 1.63731 0.0149409 128 128 128
0.236065 1.63156 0.0149839 128 128 128
0.255123 1.62262 0.0150697 128 128 128
0.275525 1.62232 0.0150268 128 128 128
0.293958 1.61095 0.0151413 128 128 128
0.310408 1.59055 0.0153846 128 128 128
0.329697 1.58564 0.0153989 128 128 128
0.348913 1.5805 0.0154132 128 128 128
0.368282 1.5761 0.0154132 128 128 128
0.38687 1.56855 0.0154561 128 128 128
0.404821 1.55885 0.0155277 128 128 128
0.422857 1.54991 0.0155849 128 128 128
0.441013 1.54172 0.0156279 128 128 128
0.459321 1.53428 0.0156565 128 128 128
0.476309 1.5228 0.0157424 128 128 128
0.494023 1.51399 0.0157853 128 128 128
0.512565 1.50782 0.0157853 128 128 128
0.529351 1.4967 0.0158569 128 128 128
0.548025 1.49103 0.0158425 128 128 128
0.566281 1.4842 0.0158425 128 128 128
0.584452 1.47713 0.0158425 128 128 128
0.596811 1.45599 0.0160572 128 128 128
0.615812 1.45131 0.0160143 128 128 128
0.631555 1.43907 0.0160858 128 128 128
0.652074 1.43758 0.0159857 128 128 128
0.664975 1.41952 0.0161431 128 128 128
0.68322 1.41305 0.0161145 128 128 128
0.696024 1.39563 0.0162576 128 128 128
0.716314 1.3932 0.0161574 128 128 128
0.730065 1.37813 0.0162576 128 128 128
0.747402 1.36994 0.0162433 128 128 128
0.478409 0.854859 0.0245581 128 128 128
0.461227 0.801377 0.0253452 128 128 128
0.473079 0.79909 0.0252879 128 128 128
0.512691 0.841782 0.0244722 128 128 128
0.82573 1.31477 0.0163578 128 128 128
0.844523 1.30873 0.0162862 128 128 128
0.859966 1.29743 0.0163005 128 128 128
0.874693 1.28513 0.0163291 128 128 128
0.889248 1.27267 0.0163578 128 128 128
0.903044 1.25923 0.0164007 128 128 128
0.920808 1.25126 0.0163434 128 128 128
0.947579 1.255 0.0160715 128 128 128
0.943253 1.21803 0.0165295 128 128 128
0.960624 1.20949 0.0164722 128 128 128
0.981095 1.20457 0.0163434 128 128 128
0.998375 1.19551 0.0162862 128 128 128
1.01754 1.18847 0.016186 128 128 128
1.0327 1.17665 0.0161717 128 128 128
1.04707 1.16388 0.0161717 128 128 128
1.06263 1.15241 0.0161431 128 128 128
1.07669 1.13929 0.0161431 128 128 128
1.09129 1.12671 0.0161288 128 128 128
1.10433 1.11252 0.0161431 128 128 128
1.12218 1.10308 0.0160572 128 128 128
1.13781 1.0913 0.0160143 128 128 128
1.15331 1.0793 0.0159713 128 128 128
1.18127 1.07851 0.0156851 128 128 128
1.18693 1.0573 0.0158282 128 128 128
1.20133 1.04396 0.0157996 128 128 128
1.21176 1.02721 0.0158425 128 128 128
1.23199 1.01861 0.0156994 128 128 128
1.24518 1.00404 0.0156851 128 128 128
1.25819 0.989304 0.0156708 128 128 128
1.27183 0.975002 0.0156422 128 128 128
1.2845 0.959918 0.0156279 128 128 128
1.2978 0.945256 0.0155993 128 128 128
1.31747 0.935026 0.0154561 128 128 128
0.659069 0.458106 0.0270912 128 128 128
0.824972 0.557387 0.0243291 128 128 128
0.807463 0.53138 0.0247441 128 128 128
0.829961 0.531613 0.0244722 128 128 128
1.29322 0.803603 0.0167871 128 128 128
1.39126 0.840724 0.015313 128 128 128
1.41615 0.832164 0.0150697 128 128 128
1.42712 0.815217 0.0150554 128 128 128
1.44402 0.801508 0.0149409 128 128 128
1.45375 0.783727 0.0149409 128 128 128
1.46592 0.767213 0.014898 128 128 128
1.48593 0.754573 0.0147263 128 128 128
1.49508 0.736282 0.0147263 128 128 128
1.50672 0.719165 0.0146833 128 128 128
1.5227 0.703961 0.0145688 128 128 128
1.523 0.681566 0.0146976 128 128 128
1.54319 0.66796 0.0145116 128 128 128
1.55958 0.652426 0.0143828 128 128 128
1.57303 0.635473 0.0142969 128 128 128
1.58071 0.616122 0.0142969 128 128 128
1.59003 0.597376 0.0142683 128 128 128
1.60101 0.579171 0.0142111 128 128 128
1.61083 0.56046 0.0141681 128 128 128
1.62423 0.542854 0.014068 128 128 128
1.63458 0.524094 0.0140107 128 128 128
1.64376 0.504869 0.0139678 128 128 128
1.65271 0.485499 0.0139248 128 128 128
1.6595 0.465449 0.0139105 128 128 128
1.67186 0.446841 0.0138104 128 128 128
1.67818 0.426535 0.013796 128 128 128
1.68815 0.40707 0.0137245 128 128 128
1.6979 0.387424 0.0136529 128 128 128
1.70742 0.367601 0.0135814 128 128 128
1.7216 0.348583 0.0134383 128 128 128
1.74049 0.330192 0.0132236 128 128 128
1.74737 0.309325 0.0131807 128 128 128
1.76288 0.289779 0.0130089 128 128 128
1.77322 0.269159 0.0129087 128 128 128
1.78333 0.248329 0.0128086 128 128 128
1.78624 0.226426 0.0128086 128 128 128
1.81273 0.207162 0.0124651 128 128 128
1.81812 0.185199 0.0124222 128 128 128
1.82325 0.163135 0.0123792 128 128 128
1.84904 0.142542 0.0120358 128 128 128
1.85564 0.120153 0.0119642 128 128 128
1.86197 0.0976238 0.0118927 128 128 128
1.87102 0.0750711 0.0117782 128 128 128
1.8798 0.0523109 0.0116637 128 128 128
1.8873 0.0293331 0.0115635 128 128 128
1.89751 0.0061826 0.0114204 128 128 128
1.90445 -0.0171809 0.0113202 128 128 128
1.92108 -0.0409472 0.0110769 128 128 128
1.92344 -0.0646257 0.011034 128 128 128
1.92749 -0.0884638 0.0109624 128 128 128
1.93125 -0.112411 0.0108909 128 128 128
1.9397 -0.136826 0.0107478 128 128 128
1.93787 -0.160619 0.0107478 128 128 128
1.94471 -0.185259 0.010619 128 128 128
1.95223 -0.2102 0.0104758 128 128 128
1.95745 -0.235111 0.0103614 128 128 128
1.96432 -0.260448 0.0102182 128 128 128
1.96593 -0.285261 0.0101467 128 128 128
1.9682 -0.310311 0.0100608 128 128 128
1.97804 -0.336817 0.00986046 128 128 128
2.00129 -0.366158 0.00945975 128 128 128
2.00057 -0.391465 0.0094025 128 128 128
2.00736 -0.418457 0.00923077 128 128 128
2.01476 -0.445891 0.00904472 128 128 128
2.01789 -0.472651 0.00891592 128 128 128
2.02552 -0.500763 0.00871556 128 128 128
2.02889 -0.528119 0.00857245 128 128 128
2.03769 -0.557226 0.00834347 128 128 128
2.04126 -0.58524 0.00818605 128 128 128
2.04541 -0.613715 0.00801432 128 128 128
2.05012 -0.64268 0.00782827 128 128 128
2.04588 -0.66904 0.00777102 128 128 128
2.05265 -0.699283 0.00754205 128 128 128
2.04392 -0.724419 0.00754205 128 128 128
2.04706 -0.753961 0.007356 128 128 128
2.04232 -0.780819 0.00728444 128 128 128
2.04745 -0.811745 0.00705547 128 128 128
2.03548 -0.836046 0.00708409 128 128 128
2.03427 -0.864891 0.00694098 128 128 128
2.03447 -0.894639 0.00676924 128 128 128
2.04244 -0.928259 0.00646871 128 128 128
2.03361 -0.954532 0.00642577 128 128 128
2.03613 -0.986416 0.00619679 128 128 128
2.04353 -1.0212 0.00588195 128 128 128
2.0415 -1.05171 0.00571021 128 128 128
2.03374 -1.0795 0.00562434 128 128 128
2.05014 -1.12074 0.00513776 128 128 128
2.03623 -1.14581 0.00513776 128 128 128
2.03931 -1.18076 0.00485154 128 128 128
2.03239 -1.21032 0.00472274 128 128 128
2.02675 -1.24092 0.00456531 128 128 128
2.02744 -1.27585 0.0042934 128 128 128
2.01247 -1.30118 0.00427909 128 128 128
2.01465 -1.33797 0.00396424 128 128 128
2.01128 -1.37163 0.00373526 128 128 128
1.98612 -1.39046 0.00387838 128 128 128
1.97539 -1.41941 0.00376388 128 128 128
1.96506 -1.44889 0.00363509 128 128 128
1.95589 -1.47955 0.00347766 128 128 128
1.94943 -1.51265 0.00326299 128 128 128
1.94322 -1.54644 0.00303401 128 128 128
1.93647 -1.58031 0.00280504 128 128 128
1.94144 -1.62452 0.00234707 128 128 128
1.93121 -1.6567 0.00216103 128 128 128
1.91899 -1.68756 0.00200361 128 128 128
1.90332 -1.71567 0.00190343 128 128 128
1.89899 -1.75453 0.00157427 128 128 128
1.88022 -1.78046 0.00151703 128 128 128
1.87543 -1.82014 0.00117356 128 128 128
1.86357 -1.85361 0.00095889 128 128 128
1.85117 -1.88706 0.00074422 128 128 128
1.82235 -1.90385 0.000858709 128 128 128
1.82202 -1.95095 0.00037213 128 128 128
1.79861 -1.9739 0.000357818 128 128 128
1.77624 -1.99807 0.000314884 128 128 128
1.76336 -2.03333 5.72838e-05 128 128 128
1.74795 -2.06628 -0.000157386 128 128 128
1.72246 -2.08757 -0.000157386 128 128 128
1.71173 -2.12727 -0.000500854 128 128 128
1.69227 -2.15678 -0.000658277 128 128 128
1.68387 -2.20123 -0.00108761 128 128 128
1.66568 -2.23377 -0.00130228 128 128 128
1.64518 -2.26376 -0.00147402 128 128 128
1.634 -2.30746 -0.00188904 128 128 128
1.61123 -2.33558 -0.00203215 128 128 128
1.59914 -2.3801 -0.00246149 128 128 128
1.5638 -2.39033 -0.00230407 128 128 128
1.54829 -2.43129 -0.00267616 128 128 128
1.52044 -2.45351 -0.00273341 128 128 128
1.49588 -2.48141 -0.00289083 128 128 128
1.47137 -2.50994 -0.00306256 128 128 128
1.44639 -2.53824 -0.0032343 128 128 128
1.42044 -2.56543 -0.00339172 128 128 128
1.39169 -2.58795 -0.00347759 128 128 128
1.36398 -2.61282 -0.00360639 128 128 128
1.34353 -2.65257 -0.00397848 128 128 128
1.31659 -2.68053 -0.00416452 128 128 128
1.29303 -2.71636 -0.00447937 128 128 128
1.26335 -2.7402 -0.00460817 128 128 128
1.23654 -2.77103 -0.00485146 128 128 128
1.20995 -2.80344 -0.00512338 128 128 128
1.18121 -2.83193 -0.00533804 128 128 128
1.15121 -2.85828 -0.00552409 128 128 128
1.11857 -2.87872 -0.00562427 128 128 128
1.0905 -2.9119 -0.0059248 128 128 128
1.05908 -2.9373 -0.00611085 128 128 128
1.0285 -2.96614 -0.00635414 128 128 128
0.992972 -2.98138 -0.00639707 128 128 128
0.959039 -3.00192 -0.00652587 128 128 128
0.925916 -3.0259 -0.00671192 128 128 128
0.892349 -3.04951 -0.00689797 128 128 128
0.858877 -3.07468 -0.00711263 128 128 128
0.823641 -3.09466 -0.00725575 128 128 128
0.785847 -3.1055 -0.00727006 128 128 128
0.753483 -3.13923 -0.00762784 128 128 128
0.717546 -3.15994 -0.00779957 128 128 128
0.684546 -3.19589 -0.00820029 128 128 128
0.646453 -3.20993 -0.00828615 128 128 128
0.610144 -3.23433 -0.00852944 128 128 128
0.571785 -3.24946 -0.00864393 128 128 128
0.535706 -3.27992 -0.0089874 128 128 128
0.496747 -3.29514 -0.0091162 128 128 128
0.456816 -3.30495 -0.00917345 128 128 128
0.418944 -3.33214 -0.0094883 128 128 128
0.379581 -3.35094 -0.00968865 128 128 128
0.33982 -3.36928 -0.00988901 128 128 128
0.298361 -3.3722 -0.0098747 128 128 128
0.257779 -3.38657 -0.0100321 128 128 128
0.217138 -3.40445 -0.0102468 128 128 128
0.175394 -3.40786 -0.0102611 128 128 128
0.133979 -3.42074 -0.0104185 128 128 128
0.0922998 -3.43412 -0.0105903 128 128 128
0.0503256 -3.448 -0.0107763 128 128 128
0.00800729 -3.44635 -0.0107477 128 128 128
-0.0343963 -3.45619 -0.0108908 128 128 128
-0.077484 -3.4845 -0.0113058 128 128 128
-0.120595 -3.49328 -0.0114489 128 128 128
-0.164124 -3.50552 -0.0116493 128 128 128
-0.207731 -3.51322 -0.0117924 128 128 128
-0.252565 -3.53434 -0.0121359 128 128 128
-0.296849 -3.54193 -0.0122933 128 128 128
-0.340388 -3.53902 -0.0123076 128 128 128
-0.385209 -3.5475 -0.0124937 128 128 128
-0.430289 -3.55541 -0.0126797 128 128 128
-0.475621 -3.56274 -0.0128657 128 128 128
-0.518578 -3.55169 -0.0127942 128 128 128
-0.56512 -3.56382 -0.0130661 128 128 128
-0.610509 -3.56647 -0.0132092 128 128 128
-0.656229 -3.56952 -0.0133666 128 128 128
-0.700953 -3.56611 -0.0134382 128 128 128
-0.746309 -3.56506 -0.0135527 128 128 128
-0.791091 -3.56052 -0.0136242 128 128 128
-0.837024 -3.56027 -0.0137673 128 128 128
-0.880651 -3.54973 -0.0137673 128 128 128
-0.927697 -3.5522 -0.0139677 128 128 128
-0.971484 -3.54151 -0.013982 128 128 128
-1.01764 -3.53893 -0.0141251 128 128 128
-1.06157 -3.52809 -0.0141537 128 128 128
-1.10629 -3.51956 -0.0142253 128 128 128
-1.15221 -3.51427 -0.0143541 128 128 128
-1.19525 -3.49987 -0.0143541 128 128 128
-1.24214 -3.49624 -0.0145258 128 128 128
-1.4225 -3.45603 -0.0149122 128 128 128
-1.47227 -3.45579 -0.0151842 128 128 128
-0.602458 -1.37322 0.0171162 128 128 128
-0.620095 -1.36755 0.0170876 128 128 128
-0.632139 -1.34988 0.017245 128 128 128
-0.650407 -1.34562 0.0171878 128 128 128
-0.656106 -1.31609 0.0175313 128 128 128
-0.700693 -1.363 0.016644 128 128 128
-1.77603 -3.34055 -0.0155706 128 128 128
-1.82603 -3.33516 -0.0158425 128 128 128
-1.86879 -3.31598 -0.0158997 128 128 128
-1.90934 -3.2928 -0.0158997 128 128 128
-1.94909 -3.26826 -0.0158854 128 128 128
-1.99743 -3.25773 -0.0161144 128 128 128
-2.04366 -3.24312 -0.0162861 128 128 128
-2.08059 -3.2136 -0.0162146 128 128 128
-2.12097 -3.18949 -0.0162432 128 128 128
-2.15939 -3.1624 -0.0162289 128 128 128
-2.19344 -3.12911 -0.0161144 128 128 128
-2.24161 -3.11575 -0.0163577 128 128 128
-0.549125 -0.748872 0.0252879 128 128 128
-0.555856 -0.738891 0.0253452 128 128 128
-2.36767 -3.0477 -0.0166582 128 128 128
-2.36809 -2.97231 -0.0158139 128 128 128
-2.41452 -2.95541 -0.0160428 128 128 128
-2.45639 -2.93245 -0.0161716 128 128 128
-2.50067 -2.91194 -0.0163577 128 128 128
-2.53423 -2.87878 -0.0163147 128 128 128
-2.57741 -2.85637 -0.0164865 128 128 128
-2.61159 -2.82379 -0.0164722 128 128 128
-2.63847 -2.78355 -0.0163147 128 128 128
-2.66964 -2.7481 -0.0162575 128 128 128
-2.71729 -2.72929 -0.0165437 128 128 128
-2.74128 -2.68665 -0.0163577 128 128 128
-2.77405 -2.65281 -0.0163577 128 128 128
-2.80639 -2.61857 -0.0163577 128 128 128
-2.83832 -2.58393 -0.0163577 128 128 128
-2.86831 -2.54758 -0.0163291 128 128 128
-2.89104 -2.50499 -0.0161716 128 128 128
-2.92003 -2.46804 -0.016143 128 128 128
-2.94933 -2.43138 -0.0161287 128 128 128
-2.97348 -2.39063 -0.0160285 128 128 128
-3.00023 -2.35211 -0.0159856 128 128 128
-3.02172 -2.30966 -0.0158568 128 128 128
-3.05887 -2.22131 -0.0155276 128 128 128
-3.09161 -2.18764 -0.0156278 128 128 128
-3.10175 -2.13821 -0.0153416 128 128 128
-3.1344 -2.10444 -0.0154561 128 128 128
-3.19935 -2.09149 -0.0161287 128 128 128
-3.21633 -2.04671 -0.0159856 128 128 128
-3.21909 -1.99342 -0.0156135 128 128 128
-3.24245 -1.95325 -0.0155992 128 128 128
-3.26877 -1.91483 -0.0156421 128 128 128
-3.24507 -1.8479 -0.0148693 128 128 128
-3.29464 -1.82292 -0.015313 128 128 128
-3.33792 -1.79369 -0.0156564 128 128 128
-3.35613 -1.75075 -0.0155992 128 128 128
-3.3247 -1.68284 -0.0147548 128 128 128
-3.32444 -1.63181 -0.0144257 128 128 128
-3.33337 -1.58575 -0.0142539 128 128 128
-3.35803 -1.54723 -0.0143398 128 128 128
-3.5394 -1.57822 -0.0168872 128 128 128
-3.39867 -1.46593 -0.014397 128 128 128
-3.37762 -1.408 -0.013796 128 128 128
-2.22189 1.37131 -0.0628754 128 128 128
-2.20067 1.3958 -0.0626799 128 128 128
-2.07778 1.42779 -0.0593577 128 128 128
-2.04213 1.44052 -0.0584978 128 128 128
-1.99596 1.44498 -0.0571298 128 128 128
-1.99413 1.48127 -0.0579115 128 128 128
-1.94718 1.48384 -0.0565044 128 128 128
-1.91701 1.4984 -0.0559182 128 128 128
-1.89691 1.52056 -0.05584 128 128 128
-1.87271 1.53929 -0.0555664 128 128 128
-1.84832 1.55765 -0.0552928 128 128 128
-1.81848 1.57107 -0.0547456 128 128 128
-1.78634 1.58201 -0.0540811 128 128 128
-1.7468 1.58569 -0.0530258 128 128 128
-1.71404 1.59477 -0.0523223 128 128 128
-1.68783 1.60948 -0.0519705 128 128 128
-1.65007 1.61262 -0.0509934 128 128 128
-1.62945 1.63204 -0.0509543 128 128 128
-1.52272 1.64185 -0.0483356 128 128 128
-1.50649 1.66485 -0.0485701 128 128 128
-1.478 1.67423 -0.0481011 128 128 128
-1.45213 1.68619 -0.0477884 128 128 128
-1.40495 1.67253 -0.0461859 128 128 128
-1.38876 1.69505 -0.0464595 128 128 128
-1.37098 1.71587 -0.0466549 128 128 128
-1.3406 1.72074 -0.0460686 128 128 128
-1.31091 1.72593 -0.0455214 128 128 128
-1.27535 1.72262 -0.0445834 128 128 128
-1.24651 1.72761 -0.0440753 128 128 128
-1.22291 1.73951 -0.0439189 128 128 128
-1.19243 1.7412 -0.0432936 128 128 128
-1.16543 1.74739 -0.0429027 128 128 128
-1.13464 1.74732 -0.0422383 128 128 128
-1.1083 1.75352 -0.0418865 128 128 128
-1.07622 1.74997 -0.0411048 128 128 128
-1.05466 1.76304 -0.0411048 128 128 128
-1.01886 1.75168 -0.0400104 128 128 128
-0.99286 1.75622 -0.0396586 128 128 128
-0.96738 1.76127 -0.0393459 128 128 128
-0.942398 1.76684 -0.0390723 128 128 128
-0.916965 1.77117 -0.0387597 128 128 128
-0.892467 1.77694 -0.0385251 128 128 128
-0.867089 1.78057 -0.0382125 128 128 128
-0.842611 1.78566 -0.0379779 128 128 128
-0.818971 1.79223 -0.0378216 128 128 128
-0.790036 1.78661 -0.0371572 128 128 128
-0.766084 1.79158 -0.0369617 128 128 128
-0.743277 1.799 -0.0368836 128 128 128
-0.713728 1.78943 -0.0361018 128 128 128
-0.690996 1.79619 -0.0360237 128 128 128
-0.667163 1.79985 -0.0358283 128 128 128
-0.635942 1.7825 -0.0347729 128 128 128
-0.614345 1.79111 -0.034812 128 128 128
-0.58856 1.78713 -0.034343 128 128 128
-0.564474 1.78755 -0.0340694 128 128 128
-0.538727 1.78191 -0.0335613 128 128 128
-0.51543 1.78359 -0.0333659 128 128 128
-0.491107 1.78111 -0.0330141 128 128 128
-0.466923 1.77831 -0.0326623 128 128 128
-0.442639 1.77421 -0.0322715 128 128 128
-0.416451 1.76103 -0.0315288 128 128 128
-0.391966 1.75334 -0.0310207 128 128 128
-0.37042 1.75801 -0.0310207 128 128 128
-0.347066 1.75361 -0.030669 128 128 128
-0.325703 1.75872 -0.0307081 128 128 128
-0.301366 1.74683 -0.0300827 128 128 128
-0.279432 1.74743 -0.0299654 128 128 128
-0.255918 1.73689 -0.0294182 128 128 128
-0.234315 1.73792 -0.0293401 128 128 128
-0.212604 1.73769 -0.0292228 128 128 128
-0.191374 1.74116 -0.0292619 128 128 128
-0.169016 1.73344 -0.028871 128 128 128
-0.147646 1.73438 -0.028832 128 128 128
-0.125765 1.72809 -0.0285193 128 128 128
-0.10461 1.7305 -0.0285584 128 128 128
-0.0829755 1.72367 -0.0282457 128 128 128
-0.0618171 1.72456 -0.0282457 128 128 128
-0.0405765 1.72219 -0.0281284 128 128 128
-0.0193913 1.71857 -0.0279721 128 128 128
0.00169673 1.70568 -0.027464 128 128 128
0.0226404 1.70653 -0.0275031 128 128 128
0.0434321 1.70013 -0.0272685 128 128 128
0.0641811 1.69648 -0.0271513 128 128 128
0.0843052 1.68159 -0.0266041 128 128 128
0.10432 1.67045 -0.0262132 128 128 128
0.125327 1.67602 -0.0264868 128 128 128
0.144596 1.65943 -0.0259006 128 128 128
0.164948 1.65753 -0.0259006 128 128 128
0.184173 1.64545 -0.0255097 128 128 128
0.204841 1.64703 -0.025666 128 128 128
0.223691 1.63449 -0.0252752 128 128 128
0.243438 1.62965 -0.025197 128 128 128
0.262782 1.62259 -0.0250407 128 128 128
0.282332 1.61727 -0.0249625 128 128 128
0.301608 1.61074 -0.0248452 128 128 128
0.32018 1.60104 -0.0246107 128 128 128
0.339389 1.59503 -0.0245326 128 128 128
0.357622 1.5849 -0.0242981 128 128 128
0.37612 1.5765 -0.0241417 128 128 128
0.394952 1.56983 -0.0240635 128 128 128
0.413676 1.56293 -0.0239854 128 128 128
0.431225 1.55196 -0.0237509 128 128 128
0.44968 1.54463 -0.0236727 128 128 128
0.46715 1.53422 -0.0234773 128 128 128
0.48564 1.52742 -0.0234382 128 128 128
0.50372 1.51945 -0.02336 128 128 128
0.522002 1.5122 -0.0233209 128 128 128
0.53951 1.50286 -0.0232037 128 128 128
0.555473 1.48957 -0.0229301 128 128 128
0.573351 1.48171 -0.022891 128 128 128
0.589634 1.46993 -0.0226955 128 128 128
0.607246 1.46166 -0.0226565 128 128 128
0.623955 1.45134 -0.0225392 128 128 128
0.639287 1.43809 -0.0223047 128 128 128
0.65314 1.42196 -0.0219529 128 128 128
0.667549 1.40752 -0.0216793 128 128 128
0.684332 1.39832 -0.0216402 128 128 128
0.706834 1.40053 -0.0221093 128 128 128
0.722586 1.38909 -0.021992 128 128 128
0.738164 1.37748 -0.0218748 128 128 128
0.461953 0.836133 0.00188918 128 128 128
0.453456 0.797368 0.00337443 128 128 128
0.462703 0.79088 0.00341351 128 128 128
0.517596 0.860555 -2.60063e-05 128 128 128
0.81128 1.31346 -0.0211321 128 128 128
0.837498 1.31944 -0.0218748 128 128 128
0.847085 1.29901 -0.0214057 128 128 128
0.856298 1.27855 -0.0209367 128 128 128
0.875317 1.27289 -0.0211712 128 128 128
0.891446 1.26287 -0.0212103 128 128 128
0.90512 1.24941 -0.021093 128 128 128
0.920979 1.23901 -0.0211321 128 128 128
0.939141 1.23159 -0.0213276 128 128 128
0.957258 1.22391 -0.021523 128 128 128
0.971581 1.21129 -0.0214839 128 128 128
0.991445 1.20545 -0.0217966 128 128 128
1.0023 1.18861 -0.0215621 128 128 128
1.02138 1.18152 -0.0218357 128 128 128
1.03845 1.17189 -0.021992 128 128 128
1.05477 1.16128 -0.0221093 128 128 128
1.06894 1.14824 -0.0221093 128 128 128
1.09467 1.14734 -0.0227737 128 128 128
1.10587 1.13096 -0.0226174 128 128 128
1.10695 1.10459 -0.0219138 128 128 128
1.12972 1.09999 -0.0224219 128 128 128
1.1453 1.08811 -0.0225392 128 128 128
1.1593 1.07466 -0.0225783 128 128 128
1.17536 1.06303 -0.0227346 128 128 128
1.18907 1.04919 -0.0227737 128 128 128
1.20261 1.03517 -0.0228128 128 128 128
1.21216 1.01776 -0.0226565 128 128 128
1.23229 1.00915 -0.0230473 128 128 128
1.24536 0.994576 -0.0230864 128 128 128
1.25983 0.981063 -0.0232037 128 128 128
1.27417 0.967343 -0.0233209 128 128 128
1.28514 0.951039 -0.0232818 128 128 128
1.29995 0.937538 -0.0234382 128 128 128
1.30891 0.919789 -0.0233209 128 128 128
0.935249 0.639747 -0.00506802 128 128 128
0.790134 0.526108 0.00212369 128 128 128
0.793179 0.514194 0.00228003 128 128 128
0.812939 0.512972 0.00165467 128 128 128
1.38582 0.851943 -0.0243762 128 128 128
1.39874 0.836414 -0.0244935 128 128 128
1.42012 0.825724 -0.0250016 128 128 128
1.4258 0.805774 -0.0248062 128 128 128
1.43821 0.789661 -0.0249234 128 128 128
1.4522 0.774307 -0.0251188 128 128 128
1.46603 0.758728 -0.0253143 128 128 128
1.48415 0.745171 -0.0257051 128 128 128
1.49229 0.726464 -0.025666 128 128 128
1.51283 0.713648 -0.0261741 128 128 128
1.5242 0.696277 -0.0262914 128 128 128
1.53629 0.679139 -0.0264477 128 128 128
1.5491 0.662203 -0.0266432 128 128 128
1.55988 0.64429 -0.0267604 128 128 128
1.56859 0.62547 -0.0267995 128 128 128
1.57895 0.607252 -0.0269168 128 128 128
1.58722 0.588178 -0.0269559 128 128 128
1.59996 0.570675 -0.0271904 128 128 128
1.60968 0.551973 -0.0273076 128 128 128
1.61918 0.533118 -0.0274249 128 128 128
1.62846 0.514112 -0.0275421 128 128 128
1.63751 0.494959 -0.0276594 128 128 128
1.64922 0.476496 -0.0278939 128 128 128
1.66072 0.457819 -0.0281284 128 128 128
1.67008 0.438423 -0.0282848 128 128 128
1.67727 0.418381 -0.0283629 128 128 128
1.68131 0.397536 -0.0283238 128 128 128
1.70556 0.381248 -0.0291056 128 128 128
1.715 0.361323 -0.029301 128 128 128
1.7242 0.341224 -0.0294964 128 128 128
1.73514 0.321319 -0.02977 128 128 128
1.74978 0.301878 -0.0301999 128 128 128
1.7573 0.281017 -0.0303563 128 128 128
1.76852 0.260602 -0.030669 128 128 128
1.78149 0.240223 -0.0310598 128 128 128
1.79621 0.219808 -0.0315288 128 128 128
1.80572 0.198519 -0.0318024 128 128 128
1.81598 0.177127 -0.0321151 128 128 128
1.82697 0.155598 -0.0324669 128 128 128
1.83074 0.133314 -0.0325451 128 128 128
1.85318 0.11212 -0.0333659 128 128 128
1.85841 0.0895652 -0.0335222 128 128 128
1.86935 0.0671185 -0.0339131 128 128 128
1.87903 0.0443923 -0.0342648 128 128 128
1.88742 0.0214268 -0.0345775 128 128 128
1.89854 -0.00173881 -0.0350075 128 128 128
1.90237 -0.0250866 -0.0351638 128 128 128
1.90991 -0.0486276 -0.0354765 128 128 128
1.91516 -0.0722834 -0.035711 128 128 128
1.92311 -0.0962232 -0.0360628 128 128 128
1.92577 -0.120061 -0.0362191 128 128 128
1.93213 -0.144274 -0.0365318 128 128 128
1.9332 -0.168232 -0.036649 128 128 128
1.94392 -0.193218 -0.0371572 128 128 128
1.94438 -0.21739 -0.0372744 128 128 128
1.94652 -0.241846 -0.0374698 128 128 128
1.94935 -0.266523 -0.0377043 128 128 128
1.95285 -0.291453 -0.0379779 128 128 128
1.95406 -0.31619 -0.0381734 128 128 128
1.96677 -0.343053 -0.0388378 128 128 128
1.97125 -0.36881 -0.0391896 128 128 128
1.99402 -0.398437 -0.040284 128 128 128
1.99777 -0.424742 -0.0406358 128 128 128
1.99631 -0.450102 -0.0407921 128 128 128
2.00328 -0.47757 -0.0413002 128 128 128
2.00889 -0.505033 -0.0417692 128 128 128
2.01124 -0.531942 -0.042121 128 128 128
2.01034 -0.558183 -0.0423555 128 128 128
2.02637 -0.589495 -0.0432936 128 128 128
2.02185 -0.615188 -0.0434108 128 128 128
2.03987 -0.648107 -0.0444661 128 128 128
2.03366 -0.673718 -0.0445443 128 128 128
2.03469 -0.701876 -0.0449351 128 128 128
2.03721 -0.730834 -0.0454042 128 128 128
2.03277 -0.75752 -0.0455996 128 128 128
2.03078 -0.785287 -0.0459123 128 128 128
2.02656 -0.812376 -0.0461468 128 128 128
2.02197 -0.839479 -0.0463813 128 128 128
2.02529 -0.870137 -0.0469676 128 128 128
2.01812 -0.896546 -0.0471239 128 128 128
2.01332 -0.924158 -0.0473975 128 128 128
2.02441 -0.95948 -0.0483747 128 128 128
2.01607 -0.986004 -0.048531 128 128 128
2.02792 -1.02281 -0.0495863 128 128 128
2.02231 -1.0513 -0.049899 128 128 128
2.02424 -1.08405 -0.0505635 128 128 128
2.01778 -1.11266 -0.0508761 128 128 128
2.01702 -1.14473 -0.0514624 128 128 128
2.01576 -1.17695 -0.0520487 128 128 128
2.03459 -1.22164 -0.053573 128 128 128
2.01179 -1.24179 -0.0532213 128 128 128
2.01075 -1.27548 -0.0538857 128 128 128
2.01086 -1.31041 -0.0546283 128 128 128
1.99961 -1.33832 -0.0548628 128 128 128
1.98551 -1.36446 -0.0549801 128 128 128
1.98005 -1.39678 -0.0555273 128 128 128
1.96924 -1.42565 -0.05584 128 128 128
1.96203 -1.45745 -0.0563481 128 128 128
1.94718 -1.48384 -0.0565044 128 128 128
1.93591 -1.51316 -0.0568562 128 128 128
1.92421 -1.54242 -0.057208 128 128 128
1.92831 -1.58494 -0.0583805 128 128 128
1.91101 -1.61042 -0.0584978 128 128 128
1.90623 -1.6468 -0.0592795 128 128 128
1.9016 -1.68397 -0.0601003 128 128 128
1.89041 -1.71591 -0.0606084 128 128 128
1.87653 -1.74578 -0.0609993 128 128 128
1.87233 -1.78522 -0.0619373 128 128 128
1.87316 -1.83039 -0.063188 128 128 128
1.85339 -1.85607 -0.0633444 128 128 128
1.84442 -1.89298 -0.0641261 128 128 128
1.82519 -1.91982 -0.0643606 128 128 128
1.80285 -1.94353 -0.0644388 128 128 128
1.79094 -1.97884 -0.0651423 128 128 128
1.76983 -2.00441 -0.0653377 128 128 128
1.74836 -2.02976 -0.0655332 128 128 128
1.73555 -2.0656 -0.0662758 128 128 128
1.71324 -2.0906 -0.0664712 128 128 128
1.69557 -2.12161 -0.0669793 128 128 128
1.68846 -2.16668 -0.068191 128 128 128
1.669 -2.19678 -0.06866 128 128 128
1.66274 -2.24519 -0.070028 128 128 128
1.63916 -2.2711 -0.0703016 128 128 128
1.61117 -2.29104 -0.0703016 128 128 128
1.59706 -2.33124 -0.0712787 128 128 128
1.57832 -2.36562 -0.0719823 128 128 128
1.55516 -2.39403 -0.0724122 128 128 128
1.53582 -2.42898 -0.0731548 128 128 128
1.51428 -2.46125 -0.0737802 128 128 128
1.49013 -2.48994 -0.0742492 128 128 128
1.46348 -2.51494 -0.0745619 128 128 128
1.43448 -2.53619 -0.0747182 128 128 128
1.41192 -2.56936 -0.0754218 128 128 128
1.38405 -2.59355 -0.0757345 128 128 128
1.35488 -2.61566 -0.075969 128 128 128
1.32672 -2.64012 -0.0763207 128 128 128
1.29992 -2.66788 -0.0768289 128 128 128
1.27904 -2.70892 -0.0779232 128 128 128
1.25402 -2.74259 -0.078705 128 128 128
1.23038 -2.78061 -0.0796821 128 128 128
1.20129 -2.80744 -0.0801902 128 128 128
1.174 -2.83951 -0.0809328 128 128 128
1.14389 -2.86577 -0.0814409 128 128 128
1.11295 -2.89078 -0.08191 128 128 128
1.07983 -2.91077 -0.0821836 128 128 128
1.0521 -2.94639 -0.0831216 128 128 128
1.01749 -2.9638 -0.083317 128 128 128
0.986055 -2.99125 -0.0839424 128 128 128
0.951988 -3.01169 -0.0842942 128 128 128
0.919016 -3.03654 -0.0848414 128 128 128
0.88085 -3.04471 -0.0847241 128 128 128
0.847947 -3.07166 -0.0853886 128 128 128
0.811971 -3.0886 -0.0856622 128 128 128
0.776433 -3.10802 -0.086053 128 128 128
0.744232 -3.1426 -0.0870692 128 128 128
0.709111 -3.16709 -0.0876946 128 128 128
0.67288 -3.18826 -0.0882027 128 128 128
0.638183 -3.21882 -0.0891017 128 128 128
0.600828 -3.2382 -0.0895707 128 128 128
0.563263 -3.25813 -0.0900788 128 128 128
0.526725 -3.2865 -0.0909387 128 128 128
0.488112 -3.30458 -0.0914077 128 128 128
0.449671 -3.32616 -0.0920331 128 128 128
0.410041 -3.34135 -0.0924239 128 128 128
0.370106 -3.35606 -0.0928148 128 128 128
0.330067 -3.37228 -0.0932838 128 128 128
0.288745 -3.37708 -0.0933229 128 128 128
0.248087 -3.39133 -0.0937528 128 128 128
0.207184 -3.40608 -0.0942219 128 128 128
0.165566 -3.41236 -0.0943782 128 128 128
0.124117 -3.42612 -0.0948472 128 128 128
0.0820887 -3.42838 -0.0948863 128 128 128
0.0401435 -3.44012 -0.0953162 128 128 128
-0.0020815 -3.46934 -0.0964497 128 128 128
-0.0447927 -3.48004 -0.0968797 128 128 128
-0.0876927 -3.48722 -0.0971923 128 128 128
-0.131109 -3.50286 -0.0978568 128 128 128
-0.174675 -3.51296 -0.0983258 128 128 128
-0.218448 -3.52152 -0.0987558 128 128 128
-0.263268 -3.5405 -0.0996156 128 128 128
-0.307469 -3.54596 -0.0999674 128 128 128
-0.352138 -3.55385 -0.100436 128 128 128
-0.396385 -3.55522 -0.100671 128 128 128
-0.441208 -3.56001 -0.101062 128 128 128
-0.485131 -3.55631 -0.10114 128 128 128
-0.530792 -3.56392 -0.101687 128 128 128
-0.577984 -3.57884 -0.102547 128 128 128
-0.622713 -3.5764 -0.102742 128 128 128
-0.668752 -3.58028 -0.103212 128 128 128
-0.714784 -3.58259 -0.103641 128 128 128
-0.75973 -3.57843 -0.103837 128 128 128
-0.803366 -3.56786 -0.103798 128 128 128
-0.848475 -3.56357 -0.104032 128 128 128
-0.893114 -3.55677 -0.104189 128 128 128
-0.939497 -3.55617 -0.104619 128 128 128
-0.986267 -3.55593 -0.105088 128 128 128
-1.03066 -3.54643 -0.105205 128 128 128
-1.07353 -3.53161 -0.105127 128 128 128
-1.12011 -3.52864 -0.105557 128 128 128
-1.16897 -3.53171 -0.10626 128 128 128
-1.35093 -3.4962 -0.107355 128 128 128
-1.39781 -3.48956 -0.107784 128 128 128
-1.44321 -3.47861 -0.108058 128 128 128
-1.4913 -3.47349 -0.108605 128 128 128
-1.51761 -3.41839 -0.107042 128 128 128
-0.612758 -1.33385 -0.0181616 128 128 128
-0.658145 -1.38765 -0.0208194 128 128 128
-0.655393 -1.33906 -0.0190606 128 128 128
-0.674473 -1.33627 -0.0192951 128 128 128
-0.69036 -1.32701 -0.019256 128 128 128
-1.79513 -3.35388 -0.109543 128 128 128
-1.84772 -3.35261 -0.110481 128 128 128
-1.88922 -3.33055 -0.11052 128 128 128
-1.92994 -3.30712 -0.11052 128 128 128
-1.9709 -3.28404 -0.11056 128 128 128
-2.01891 -3.27237 -0.111146 128 128 128
-2.05892 -3.24734 -0.111146 128 128 128
-2.09807 -3.221 -0.111107 128 128 128
-2.14132 -3.20082 -0.11138 128 128 128
-2.18327 -3.17842 -0.111576 128 128 128
-2.22211 -3.15139 -0.111576 128 128 128
-0.545021 -0.751435 0.00294449 128 128 128
-0.526812 -0.707777 0.00474242 128 128 128
-2.43714 -2.96626 -0.110911 128 128 128
-0.581449 -0.688665 0.00399979 128 128 128
-2.53923 -2.94035 -0.112709 128 128 128
-2.56387 -2.89625 -0.112045 128 128 128
-2.58848 -2.85272 -0.111419 128 128 128
-2.63417 -2.83245 -0.112045 128 128 128
-2.6708 -2.80208 -0.112162 128 128 128
-2.70429 -2.76838 -0.112123 128 128 128
-2.72887 -2.72581 -0.111615 128 128 128
-2.77427 -2.70397 -0.112279 128 128 128
-2.81087 -2.67317 -0.112475 128 128 128
-2.82515 -2.62148 -0.111498 128 128 128
-2.85415 -2.58393 -0.111341 128 128 128
-2.87516 -2.53944 -0.110794 128 128 128
-2.90535 -2.50332 -0.110755 128 128 128
-2.9435 -2.47391 -0.111146 128 128 128
-2.55244 1.08681 -0.136099 128 128 128
-2.52614 1.11241 -0.135212 128 128 128
-2.5014 1.13835 -0.134452 128 128 128
-2.47009 1.16087 -0.133249 128 128 128
-2.05804 1.47954 -0.120903 128 128 128
-2.04374 1.50765 -0.12122 128 128 128
-2.01475 1.52477 -0.120397 128 128 128
-1.99668 1.54999 -0.12046 128 128 128
-1.91434 1.52393 -0.115332 128 128 128
-1.88701 1.54035 -0.114635 128 128 128
-1.85191 1.54991 -0.113306 128 128 128
-1.81838 1.56015 -0.112103 128 128 128
-1.79012 1.57442 -0.111343 128 128 128
-1.74698 1.57485 -0.109317 128 128 128
-1.71801 1.58735 -0.108494 128 128 128
-1.70491 1.6145 -0.109064 128 128 128
-1.67281 1.62346 -0.107988 128 128 128
-1.65842 1.64951 -0.108494 128 128 128
-1.62828 1.65975 -0.107608 128 128 128
-1.57748 1.64783 -0.104822 128 128 128
-1.4595 1.64128 -0.0994403 128 128 128
-1.4497 1.67115 -0.100453 128 128 128
-1.42715 1.68653 -0.100263 128 128 128
-1.40254 1.69929 -0.0998835 128 128 128
-1.36472 1.69535 -0.098174 128 128 128
-1.41575 1.80395 -0.105582 128 128 128
-1.32513 1.73151 -0.0984273 128 128 128
-1.30199 1.74523 -0.0982373 128 128 128
-1.25706 1.72875 -0.0957048 128 128 128
-1.23 1.73589 -0.0950717 128 128 128
-1.20238 1.74181 -0.0943752 128 128 128
-1.1787 1.75312 -0.094122 128 128 128
-1.14728 1.7524 -0.0929823 128 128 128
-1.11981 1.75708 -0.0922859 128 128 128
-1.09187 1.7605 -0.0915261 128 128 128
-1.06196 1.76008 -0.0905131 128 128 128
-1.03626 1.76608 -0.0900066 128 128 128
-1.00317 1.75871 -0.0885504 128 128 128
-0.973801 1.7569 -0.0875374 128 128 128
-0.949811 1.76432 -0.0872209 128 128 128
-0.924865 1.76965 -0.0867777 128 128 128
-0.898583 1.77195 -0.0861445 128 128 128
-0.8737 1.77657 -0.0857013 128 128 128
-0.84884 1.78085 -0.0852581 128 128 128
-0.82484 1.7866 -0.0849416 128 128 128
-0.798395 1.78655 -0.0842451 128 128 128
-0.77247 1.78705 -0.083612 128 128 128
-0.748567 1.79178 -0.0832954 128 128 128
-0.725037 1.79713 -0.0830422 128 128 128
-0.698968 1.79565 -0.0823458 128 128 128
-0.669209 1.78352 -0.0809529 128 128 128
-0.644238 1.78315 -0.080383 128 128 128
-0.624587 1.79752 -0.0808262 128 128 128
-0.596515 1.78705 -0.0796233 128 128 128
-0.570005 1.77997 -0.0786736 128 128 128
-0.544922 1.77633 -0.0779772 128 128 128
-0.522525 1.78097 -0.0778505 128 128 128
-0.496089 1.7709 -0.0767742 128 128 128
-0.472788 1.77106 -0.0763943 128 128 128
-0.447854 1.76415 -0.0755713 128 128 128
-0.423624 1.75884 -0.0748748 128 128 128
-0.40069 1.75806 -0.0744949 128 128 128
-0.378048 1.75796 -0.0741784 128 128 128
-0.354881 1.75464 -0.0736719 128 128 128
-0.33222 1.75298 -0.073292 128 128 128
-0.31034 1.75496 -0.0731654 128 128 128
-0.285909 1.7409 -0.0720257 128 128 128
-0.264229 1.7423 -0.0718991 128 128 128
-0.242423 1.74245 -0.0717092 128 128 128
-0.220529 1.74133 -0.0714559 128 128 128
-0.198367 1.73696 -0.0710127 128 128 128
-0.17674 1.73629 -0.0708228 128 128 128
-0.155074 1.73435 -0.0705695 128 128 128
-0.13363 1.73413 -0.0704429 128 128 128
-0.111593 1.72369 -0.0696831 128 128 128
-0.0903824 1.72393 -0.0696198 128 128 128
-0.0692581 1.72591 -0.0696831 128 128 128
-0.0476909 1.71166 -0.0687334 128 128 128
-0.0266561 1.71012 -0.0686068 128 128 128
-0.00566023 1.70234 -0.0681003 128 128 128
0.0151743 1.69729 -0.0677837 128 128 128
0.0359075 1.69298 -0.0675305 128 128 128
0.0566803 1.69242 -0.0675305 128 128 128
0.0770129 1.68262 -0.0669607 128 128 128
0.0970535 1.67159 -0.0663275 128 128 128
0.117052 1.6633 -0.0658844 128 128 128
0.138132 1.6697 -0.0663909 128 128 128
0.157546 1.65695 -0.0656944 128 128 128
0.176668 1.64398 -0.064998 128 128 128
0.196102 1.63574 -0.0646181 128 128 128
0.215761 1.63025 -0.0644282 128 128 128
0.235459 1.6255 -0.0643015 128 128 128
0.255389 1.62249 -0.0643015 128 128 128
0.274093 1.61235 -0.0638583 128 128 128
0.292586 1.602 -0.0634151 128 128 128
0.311254 1.59339 -0.0630986 128 128 128
0.329962 1.58554 -0.0628453 128 128 128
0.348958 1.57943 -0.0627187 128 128 128
0.367855 1.57308 -0.0625921 128 128 128
0.386407 1.56555 -0.0624021 128 128 128
0.404829 1.55779 -0.0622122 128 128 128
0.420467 1.5402 -0.0613891 128 128 128
0.441552 1.54259 -0.0618956 128 128 128
0.45785 1.52846 -0.0613258 128 128 128
0.475972 1.52082 -0.0611992 128 128 128
0.493662 1.51202 -0.0610092 128 128 128
0.510238 1.50019 -0.0606294 128 128 128
0.526933 1.48911 -0.0603128 128 128 128
0.543086 1.47692 -0.0599329 128 128 128
0.558303 1.46269 -0.0594264 128 128 128
0.575841 1.4548 -0.0593631 128 128 128
0.592507 1.44486 -0.0591732 128 128 128
0.609017 1.43473 -0.0589832 128 128 128
0.62577 1.42532 -0.0588566 128 128 128
0.644458 1.42026 -0.0590465 128 128 128
0.66269 1.41405 -0.0591732 128 128 128
0.675624 1.39684 -0.05854 128 128 128
0.698088 1.39914 -0.0592998 128 128 128
0.712912 1.38604 -0.0589832 128 128 128
0.732684 1.38247 -0.0593631 128 128 128
0.376371 0.693659 -0.0101688 128 128 128
0.446234 0.797592 -0.018083 128 128 128
0.454985 0.790331 -0.0179564 128 128 128
0.491797 0.830083 -0.0213119 128 128 128
0.799353 1.30773 -0.0573371 128 128 128
0.822804 1.30964 -0.0582235 128 128 128
0.838813 1.29944 -0.0582235 128 128 128
0.853589 1.28739 -0.0580968 128 128 128
0.870451 1.27847 -0.0582235 128 128 128
0.884926 1.26605 -0.0580968 128 128 128
0.898061 1.25186 -0.0578436 128 128 128
0.92048 1.25037 -0.0586033 128 128 128
0.921874 1.2207 -0.0571471 128 128 128
0.929426 1.19985 -0.0563874 128 128 128
0.960274 1.20863 -0.0580335 128 128 128
0.978827 1.20138 -0.0584134 128 128 128
0.994138 1.19005 -0.0584767 128 128 128
1.00867 1.17776 -0.0584767 128 128 128
1.02304 1.16529 -0.0584767 128 128 128
1.03727 1.15265 -0.0584767 128 128 128
1.05065 1.1391 -0.0584134 128 128 128
1.06524 1.12685 -0.0584767 128 128 128
1.07969 1.1144 -0.05854 128 128 128
1.09399 1.10178 -0.0586033 128 128 128
1.106 1.08687 -0.0584767 128 128 128
1.14236 1.09526 -0.0605027 128 128 128
1.15644 1.08184 -0.0605661 128 128 128
1.15559 1.05482 -0.0593631 128 128 128
1.16546 1.03791 -0.0591099 128 128 128
1.18717 1.03137 -0.0598696 128 128 128
1.18753 1.00643 -0.0588566 128 128 128
1.21367 1.00319 -0.0599962 128 128 128
1.22433 0.98697 -0.0598696 128 128 128
1.24343 0.977405 -0.0604394 128 128 128
1.26009 0.965703 -0.0608193 128 128 128
1.26944 0.948381 -0.0606294 128 128 128
1.28341 0.934488 -0.0608193 128 128 128
1.29396 0.918093 -0.060756 128 128 128
0.49181 0.342942 0.00186064 128 128 128
0.800315 0.540672 -0.0213753 128 128 128
0.781809 0.514458 -0.0194759 128 128 128
0.804916 0.51552 -0.0207421 128 128 128
1.34783 0.837018 -0.060756 128 128 128
1.38366 0.835833 -0.0626554 128 128 128
1.39812 0.821308 -0.0629719 128 128 128
1.41157 0.80606 -0.0632252 128 128 128
1.4231 0.789641 -0.0633518 128 128 128
1.44324 0.777774 -0.0641116 128 128 128
1.44825 0.757702 -0.063795 128 128 128
1.46546 0.743919 -0.0643648 128 128 128
1.47716 0.727196 -0.0645548 128 128 128
1.4959 0.713718 -0.0652512 128 128 128
1.51996 0.702388 -0.0663275 128 128 128
1.52117 0.68044 -0.065821 128 128 128
1.52849 0.661327 -0.0657577 128 128 128
1.5457 0.646349 -0.0663909 128 128 128
1.54889 0.625475 -0.0660743 128 128 128
1.57599 0.613983 -0.0674039 128 128 128
1.57219 0.590413 -0.0666441 128 128 128
1.59059 0.575121 -0.0674039 128 128 128
1.59752 0.555559 -0.0674039 128 128 128
1.60896 0.537483 -0.0677204 128 128 128
1.62209 0.519814 -0.0681636 128 128 128
1.6398 0.503358 -0.0689234 128 128 128
1.6449 0.482918 -0.0688601 128 128 128
1.65262 0.46323 -0.0689867 128 128 128
1.66494 0.444702 -0.0694299 128 128 128
1.67124 0.424481 -0.0694932 128 128 128
1.6802 0.404867 -0.0697465 128 128 128
1.69186 0.385755 -0.0701896 128 128 128
1.69256 0.364134 -0.0699364 128 128 128
1.70669 0.345293 -0.0705695 128 128 128
1.72257 0.326527 -0.0713293 128 128 128
1.72645 0.305364 -0.0713293 128 128 128
1.734 0.284793 -0.0715825 128 128 128
1.74527 0.264672 -0.072089 128 128 128
1.76025 0.244858 -0.0728488 128 128 128
1.77302 0.22447 -0.0734819 128 128 128
1.78655 0.203917 -0.0741784 128 128 128
1.79289 0.182373 -0.0744316 128 128 128
1.80991 0.161657 -0.0753813 128 128 128
1.81574 0.139732 -0.0756346 128 128 128
1.8223 0.117751 -0.0759511 128 128 128
1.83756 0.0960789 -0.0768375 128 128 128
1.84359 0.0737107 -0.0771541 128 128 128
1.85632 0.0513874 -0.0779138 128 128 128
1.8628 0.0286831 -0.0782937 128 128 128
1.87499 0.0058335 -0.0790535 128 128 128
1.88191 -0.0172547 -0.0794967 128 128 128
1.89353 -0.0406291 -0.0802564 128 128 128
1.90386 -0.0642556 -0.0809529 128 128 128
1.9089 -0.0879018 -0.0813327 128 128 128
1.91366 -0.111682 -0.0817126 128 128 128
1.91513 -0.135374 -0.0819026 128 128 128
1.92227 -0.159627 -0.0824724 128 128 128
1.92613 -0.183785 -0.0828523 128 128 128
1.93266 -0.208389 -0.0834221 128 128 128
1.93293 -0.232454 -0.083612 128 128 128
1.94279 -0.257889 -0.0844351 128 128 128
1.94639 -0.282729 -0.0848783 128 128 128
1.94868 -0.307538 -0.0852581 128 128 128
1.95853 -0.333803 -0.0861445 128 128 128
1.95723 -0.358357 -0.0863345 128 128 128
1.96541 -0.384867 -0.0871575 128 128 128
1.96738 -0.410396 -0.0876007 128 128 128
1.98167 -0.438862 -0.088867 128 128 128
1.98585 -0.465443 -0.0895001 128 128 128
1.99645 -0.493884 -0.0905764 128 128 128
2.00472 -0.522147 -0.0915261 128 128 128
2.00875 -0.549626 -0.0922226 128 128 128
2.01623 -0.57839 -0.0931723 128 128 128
2.01758 -0.605687 -0.0937421 128 128 128
2.02713 -0.635808 -0.0948817 128 128 128
2.02675 -0.663133 -0.0953882 128 128 128
2.02696 -0.690868 -0.0959581 128 128 128
2.02867 -0.719378 -0.0966545 128 128 128
2.02437 -0.745953 -0.0969711 128 128 128
2.02717 -0.775396 -0.0977941 128 128 128
2.02399 -0.802801 -0.0982373 128 128 128
2.02229 -0.831007 -0.0988071 128 128 128
2.01653 -0.857723 -0.0991237 128 128 128
2.01133 -0.884825 -0.0995036 128 128 128
2.01575 -0.91649 -0.10058 128 128 128
2.00706 -0.942435 -0.10077 128 128 128
1.99893 -0.968741 -0.101023 128 128 128
1.9967 -0.998124 -0.10172 128 128 128
2.01089 -1.03631 -0.103619 128 128 128
2.00419 -1.0642 -0.104062 128 128 128
2.01897 -1.10408 -0.106088 128 128 128
2.0157 -1.13467 -0.106848 128 128 128
2.00852 -1.16333 -0.107354 128 128 128
2.0078 -1.19609 -0.108367 128 128 128
1.99807 -1.22377 -0.108747 128 128 128
1.99556 -1.2562 -0.109697 128 128 128
1.98418 -1.28331 -0.110014 128 128 128
1.99402 -1.32472 -0.111976 128 128 128
1.9875 -1.35586 -0.112736 128 128 128
1.97398 -1.38244 -0.112989 128 128 128
1.96901 -1.41532 -0.113939 128 128 128
1.95149 -1.43937 -0.113939 128 128 128
1.94242 -1.46985 -0.114635 128 128 128
1.93054 -1.49848 -0.115142 128 128 128
1.92448 -1.53203 -0.116155 128 128 128
1.91557 -1.56375 -0.116978 128 128 128
1.90694 -1.59612 -0.117864 128 128 128
1.90233 -1.63242 -0.119131 128 128 128
1.89413 -1.66621 -0.120144 128 128 128
1.8876 -1.70205 -0.121347 128 128 128
1.87609 -1.73391 -0.12217 128 128 128
1.86335 -1.76505 -0.122929 128 128 128
1.85657 -1.8024 -0.124259 128 128 128
1.83714 -1.82787 -0.124512 128 128 128
1.82782 -1.86383 -0.125715 128 128 128
1.81377 -1.89551 -0.126538 128 128 128
1.79445 -1.92201 -0.126918 128 128 128
1.78079 -1.95497 -0.127868 128 128 128
1.76527 -1.98638 -0.128691 128 128 128
1.75512 -2.02451 -0.130084 128 128 128
1.73465 -2.05123 -0.130527 128 128 128
1.71125 -2.07468 -0.130717 128 128 128
1.69503 -2.1072 -0.131667 128 128 128
1.67642 -2.13728 -0.132426 128 128 128
1.66277 -2.17435 -0.133756 128 128 128
1.64549 -2.20741 -0.134769 128 128 128
1.62589 -2.23794 -0.135592 128 128 128
1.61096 -2.27567 -0.136985 128 128 128
1.59026 -2.30595 -0.137808 128 128 128
1.58073 -2.35349 -0.139961 128 128 128
1.56372 -2.3911 -0.141354 128 128 128
1.52944 -2.40253 -0.140784 128 128 128
1.51033 -2.4381 -0.14205 128 128 128
1.48698 -2.46757 -0.142873 128 128 128
1.46364 -2.4977 -0.143759 128 128 128
1.43731 -2.52328 -0.144329 128 128 128
1.41251 -2.55209 -0.145152 128 128 128
1.38485 -2.57627 -0.145659 128 128 128
1.35544 -2.59749 -0.145975 128 128 128
1.33065 -2.62819 -0.146988 128 128 128
1.30356 -2.65508 -0.147748 128 128 128
1.27601 -2.68169 -0.148508 128 128 128
1.25467 -2.72254 -0.150281 128 128 128
1.22644 -2.74959 -0.151104 128 128 128
1.20009 -2.78186 -0.152307 128 128 128
1.16969 -2.80559 -0.15294 128 128 128
1.14149 -2.83548 -0.154016 128 128 128
1.10913 -2.85579 -0.154459 128 128 128
1.08028 -2.88602 -0.155599 128 128 128
1.0495 -2.91221 -0.156485 128 128 128
1.01661 -2.93336 -0.157055 128 128 128
0.989647 -2.97308 -0.158891 128 128 128
0.956112 -2.99451 -0.159524 128 128 128
0.921909 -3.01461 -0.160094 128 128 128
0.886519 -3.03145 -0.160474 128 128 128
0.852724 -3.0546 -0.161297 128 128 128
0.818495 -3.07738 -0.16212 128 128 128
0.781643 -3.09106 -0.162373 128 128 128
0.746199 -3.1111 -0.16307 128 128 128
0.709942 -3.12878 -0.16364 128 128 128
0.67627 -3.15971 -0.165096 128 128 128
0.640771 -3.18441 -0.166172 128 128 128
0.602931 -3.1989 -0.166615 128 128 128
0.56792 -3.23063 -0.168198 128 128 128
0.531583 -3.25805 -0.169528 128 128 128
0.49392 -3.28012 -0.170541 128 128 128
0.454984 -3.29582 -0.171174 128 128 128
0.415983 -3.31304 -0.171934 128 128 128
0.376849 -3.33178 -0.17282 128 128 128
0.337219 -3.34907 -0.173643 128 128 128
0.297915 -3.37383 -0.174973 128 128 128
0.256714 -3.38022 -0.175163 128 128 128
0.216147 -3.39805 -0.176112 128 128 128
0.175031 -3.41241 -0.176872 128 128 128
0.133369 -3.42029 -0.177252 128 128 128
0.0915648 -3.42865 -0.177695 128 128 128
0.0494831 -3.42951 -0.177695 128 128 128
0.00740393 -3.43984 -0.178328 128 128 128
-0.0349437 -3.45165 -0.179088 128 128 128
-0.0776505 -3.46593 -0.180038 128 128 128
-0.120641 -3.47768 -0.180861 128 128 128
-0.164412 -3.49886 -0.182317 128 128 128
-0.208119 -3.50953 -0.18314 128 128 128
-0.252691 -3.52762 -0.18447 128 128 128
-0.296131 -3.52624 -0.184596 128 128 128
-0.341027 -3.53923 -0.185673 128 128 128
-0.386286 -3.55164 -0.186749 128 128 128
-0.430083 -3.54861 -0.186876 128 128 128
-0.475064 -3.55395 -0.187572 128 128 128
-0.520677 -3.56167 -0.188458 128 128 128
-0.56466 -3.55699 -0.188585 128 128 128
-0.609964 -3.55962 -0.189218 128 128 128
-0.657779 -3.57444 -0.190674 128 128 128
-0.701787 -3.56708 -0.190738 128 128 128
-0.748593 -3.57285 -0.191687 128 128 128
-0.792817 -3.56534 -0.191814 128 128 128
-0.839265 -3.567 -0.192574 128 128 128
-0.883699 -3.55933 -0.192764 128 128 128
-0.929338 -3.55594 -0.19327 128 128 128
-0.97317 -3.54523 -0.193334 128 128 128
-1.01965 -3.54357 -0.19403 128 128 128
-1.06363 -3.5327 -0.194157 128 128 128
-1.10931 -3.527 -0.194663 128 128 128
-1.15344 -3.51596 -0.194853 128 128 128
-1.20265 -3.51948 -0.196056 128 128 128
-1.24743 -3.50916 -0.196373 128 128 128
-1.29352 -3.50201 -0.196942 128 128 128
-1.33926 -3.49332 -0.197449 128 128 128
-1.47203 -3.45359 -0.198272 128 128 128
-1.52036 -3.44896 -0.199222 128 128 128
-0.625382 -1.3785 -0.0561341 128 128 128
-0.633736 -1.35267 -0.0548679 128 128 128
-0.646793 -1.33761 -0.0543614 128 128 128
-0.660024 -1.32333 -0.0539182 128 128 128
-0.691351 -1.34438 -0.0560075 128 128 128
-0.720006 -1.35869 -0.0576537 128 128 128
-1.8294 -3.33991 -0.201691 128 128 128
-1.88154 -3.3372 -0.203147 128 128 128
-1.92787 -3.32334 -0.203844 128 128 128
-1.96646 -3.29601 -0.20359 128 128 128
-2.0078 -3.27333 -0.203717 128 128 128
-2.04995 -3.25182 -0.20397 128 128 128
-2.08807 -3.22391 -0.20378 128 128 128
-2.13467 -3.20884 -0.204603 128 128 128
-2.17445 -3.18322 -0.204667 128 128 128
-2.21106 -3.15303 -0.204413 128 128 128
-2.25542 -3.13376 -0.205046 128 128 128
-0.552386 -0.753014 -0.0193492 128 128 128
-0.562189 -0.746973 -0.0194126 128 128 128
-0.575032 -0.674033 -0.0163102 128 128 128
-2.57549 -2.92454 -0.207326 128 128 128
-2.59043 -2.86977 -0.205363 128 128 128
-2.62342 -2.83557 -0.205173 128 128 128
-2.65871 -2.80388 -0.205236 128 128 128
-2.72564 -2.80465 -0.208212 128 128 128
-2.72037 -2.73143 -0.204667 128 128 128
-2.73656 -2.6811 -0.203147 128 128 128
-2.78875 -2.66592 -0.204857 128 128 128
-2.8176 -2.62809 -0.20454 128 128 128
-2.85112 -2.59466 -0.204667 128 128 128
-2.88947 -2.56543 -0.205236 128 128 128
-2.923 -2.53174 -0.205426 128 128 128
-2.95919 -2.50018 -0.20587 128 128 128
-2.97963 -2.45544 -0.205046 128 128 128
-3.01109 -2.41994 -0.205173 128 128 128
-3.02562 -2.37113 -0.20397 128 128 128
-3.05846 -2.33684 -0.204287 128 128 128
-3.08691 -2.29914 -0.204287 128 128 128
-3.43192 -1.47952 -0.197196 128 128 128
-3.43231 -1.43002 -0.195993 128 128 128
-3.50425 -1.40972 -0.199728 128 128 128
-2.57723 1.03222 -0.204744 128 128 128
-2.60946 1.08245 -0.209057 128 128 128
-2.54014 1.09045 -0.203688 128 128 128
-2.08253 1.35655 -0.179041 128 128 128
-1.96502 1.42209 -0.173759 128 128 128
-1.96022 1.45559 -0.175168 128 128 128
-1.92239 1.46445 -0.172967 128 128 128
-1.94825 1.52226 -0.177896 128 128 128
-1.88588 1.51119 -0.172967 128 128 128
-1.87181 1.53801 -0.173495 128 128 128
-1.85051 1.55894 -0.173231 128 128 128
-1.81691 1.56917 -0.171559 128 128 128
-1.79155 1.58607 -0.170854 128 128 128
-1.75202 1.58987 -0.168478 128 128 128
-1.71486 1.59498 -0.166365 128 128 128
-1.68939 1.61041 -0.165661 128 128 128
-1.65809 1.61989 -0.164252 128 128 128
-1.62471 1.62673 -0.16258 128 128 128
-1.47769 1.6733 -0.156682 128 128 128
-1.44599 1.67848 -0.155186 128 128 128
-1.40732 1.67476 -0.152721 128 128 128
-1.38919 1.69498 -0.153073 128 128 128
-1.37327 1.71812 -0.153777 128 128 128
-1.34779 1.72935 -0.153161 128 128 128
-1.31079 1.72515 -0.150873 128 128 128
-1.2907 1.7427 -0.151049 128 128 128
-1.25988 1.74549 -0.14964 128 128 128
-1.22403 1.74046 -0.14744 128 128 128
-1.20145 1.75371 -0.147264 128 128 128
-1.17099 1.75507 -0.145855 128 128 128
-1.14067 1.75594 -0.144447 128 128 128
-1.11318 1.76055 -0.143479 128 128 128
-1.08052 1.75627 -0.14163 128 128 128
-1.05325 1.76 -0.140662 128 128 128
-1.02455 1.76074 -0.139429 128 128 128
-0.998447 1.76538 -0.138637 128 128 128
-0.973346 1.77139 -0.138021 128 128 128
-0.938389 1.75861 -0.135556 128 128 128
-0.918572 1.77353 -0.135908 128 128 128
-0.890021 1.77132 -0.134588 128 128 128
-0.866033 1.77763 -0.134148 128 128 128
-0.843302 1.78632 -0.133972 128 128 128
-0.81634 1.78567 -0.132915 128 128 128
-0.792751 1.79191 -0.132563 128 128 128
-0.765208 1.78869 -0.131331 128 128 128
-0.740914 1.79242 -0.130803 128 128 128
-0.714794 1.7912 -0.129835 128 128 128
-0.689892 1.7924 -0.12913 128 128 128
-0.665762 1.79513 -0.128602 128 128 128
-0.638314 1.78816 -0.127194 128 128 128
-0.615351 1.79303 -0.12693 128 128 128
-0.587678 1.78342 -0.125345 128 128 128
-0.563342 1.7829 -0.124641 128 128 128
-0.538529 1.78015 -0.123761 128 128 128
-0.51276 1.77323 -0.122529 128 128 128
-0.490961 1.77939 -0.122529 128 128 128
-0.46528 1.77083 -0.121208 128 128 128
-0.442063 1.77061 -0.12068 128 128 128
-0.419151 1.77106 -0.12024 128 128 128
-0.394331 1.76246 -0.119008 128 128 128
-0.370198 1.75547 -0.117951 128 128 128
-0.347462 1.75402 -0.117423 128 128 128
-0.324453 1.75032 -0.116719 128 128 128
-0.301587 1.74632 -0.116015 128 128 128
-0.279027 1.743 -0.115399 128 128 128
-0.257178 1.74334 -0.115134 128 128 128
-0.234961 1.74044 -0.114606 128 128 128
-0.21322 1.74023 -0.114342 128 128 128
-0.190751 1.73281 -0.113462 128 128 128
-0.169277 1.73304 -0.113286 128 128 128
-0.147571 1.73002 -0.112846 128 128 128
-0.126256 1.73071 -0.112758 128 128 128
-0.104825 1.72915 -0.112494 128 128 128
-0.0833048 1.72433 -0.111966 128 128 128
-0.0618087 1.71627 -0.111173 128 128 128
-0.0406696 1.71391 -0.110909 128 128 128
-0.0195855 1.7103 -0.110557 128 128 128
0.00140375 1.70543 -0.110117 128 128 128
0.0222583 1.69931 -0.109589 128 128 128
0.0429627 1.69293 -0.109061 128 128 128
0.0635875 1.68829 -0.108709 128 128 128
0.084105 1.68341 -0.108357 128 128 128
0.104268 1.67429 -0.107652 128 128 128
0.124439 1.66792 -0.107212 128 128 128
0.144385 1.66031 -0.106684 128 128 128
0.16426 1.65346 -0.106244 128 128 128
0.183879 1.64538 -0.105716 128 128 128
0.203569 1.63904 -0.105364 128 128 128
0.222997 1.63149 -0.104924 128 128 128
0.24227 1.6237 -0.104483 128 128 128
0.261385 1.61569 -0.104043 128 128 128
0.280171 1.60647 -0.103515 128 128 128
0.299863 1.60291 -0.103515 128 128 128
0.319122 1.59716 -0.103339 128 128 128
0.336428 1.5824 -0.102371 128 128 128
0.355384 1.57621 -0.102195 128 128 128
0.373779 1.56785 -0.101843 128 128 128
0.392265 1.56025 -0.101579 128 128 128
0.41062 1.55243 -0.101315 128 128 128
0.428046 1.54151 -0.100786 128 128 128
0.447763 1.53901 -0.10105 128 128 128
0.464591 1.52673 -0.100434 128 128 128
0.482689 1.51902 -0.100258 128 128 128
0.500981 1.51203 -0.10017 128 128 128
0.515285 1.49353 -0.0990258 128 128 128
0.533574 1.48709 -0.0990258 128 128 128
0.553171 1.48416 -0.0993779 128 128 128
0.567757 1.46797 -0.0984977 128 128 128
0.585359 1.45997 -0.0984097 128 128 128
0.602468 1.45083 -0.0982336 128 128 128
0.619835 1.44242 -0.0981456 128 128 128
0.636681 1.43288 -0.0979695 128 128 128
0.652972 1.42224 -0.0977055 128 128 128
0.671654 1.41682 -0.0979695 128 128 128
0.686805 1.404 -0.0975294 128 128 128
0.702191 1.39191 -0.0971773 128 128 128
0.71876 1.3823 -0.0970893 128 128 128
0.316312 0.588896 -0.0184829 128 128 128
0.4412 0.798769 -0.0400491 128 128 128
0.448514 0.788961 -0.0396089 128 128 128
0.488761 0.835894 -0.0449785 128 128 128
0.787319 1.31085 -0.0945366 128 128 128
0.815366 1.32059 -0.0965611 128 128 128
0.828312 1.30544 -0.096033 128 128 128
0.827972 1.27013 -0.0933923 128 128 128
0.855672 1.27809 -0.0953288 128 128 128
0.863402 1.25599 -0.0940965 128 128 128
0.886207 1.25589 -0.0952408 128 128 128
0.905637 1.25057 -0.0958569 128 128 128
0.925069 1.24497 -0.0964731 128 128 128
0.939674 1.23273 -0.0963851 128 128 128
0.95473 1.2211 -0.0963851 128 128 128
0.970888 1.21085 -0.0965611 128 128 128
0.985042 1.19808 -0.0964731 128 128 128
1.00159 1.18818 -0.0967372 128 128 128
1.0148 1.17429 -0.0965611 128 128 128
1.02385 1.15578 -0.0958569 128 128 128
1.04933 1.15568 -0.0973534 128 128 128
1.08445 1.16534 -0.100082 128 128 128
1.07188 1.12381 -0.0966492 128 128 128
1.08768 1.11271 -0.0969132 128 128 128
1.10125 1.09928 -0.0969132 128 128 128
1.11323 1.08429 -0.0967372 128 128 128
1.12429 1.06849 -0.0964731 128 128 128
1.14316 1.06003 -0.0971773 128 128 128
1.15387 1.04392 -0.0969132 128 128 128
1.16808 1.031 -0.0970893 128 128 128
1.1814 1.01724 -0.0971773 128 128 128
1.19608 1.00459 -0.0974414 128 128 128
1.21833 0.998048 -0.0985857 128 128 128
1.23204 0.984267 -0.0987618 128 128 128
1.24952 0.973363 -0.0993779 128 128 128
1.26058 0.957353 -0.0992899 128 128 128
1.26823 0.938845 -0.0988498 128 128 128
1.29096 0.93138 -0.100082 128 128 128
1.22248 0.859261 -0.0914557 128 128 128
0.788547 0.539341 -0.0438341 128 128 128
0.782682 0.521323 -0.0425138 128 128 128
0.790691 0.512766 -0.0426898 128 128 128
0.68415 0.431618 -0.0308945 128 128 128
1.36446 0.839113 -0.100962 128 128 128
1.38662 0.829474 -0.102195 128 128 128
1.39755 0.812898 -0.102283 128 128 128
1.40742 0.795686 -0.102283 128 128 128
1.42406 0.782197 -0.102987 128 128 128
1.4195 0.75715 -0.101579 128 128 128
1.47201 0.762151 -0.105892 128 128 128
1.46435 0.735521 -0.104219 128 128 128
1.48311 0.722301 -0.105188 128 128 128
1.49096 0.703621 -0.1051 128 128 128
1.50401 0.687346 -0.10554 128 128 128
1.51324 0.669241 -0.105628 128 128 128
1.53324 0.655722 -0.106772 128 128 128
1.54946 0.640288 -0.107564 128 128 128
1.56275 0.623445 -0.108092 128 128 128
1.574 0.605654 -0.108445 128 128 128
1.58411 0.587334 -0.108709 128 128 128
1.59214 0.568186 -0.108797 128 128 128
1.6037 0.550226 -0.109237 128 128 128
1.6056 0.528942 -0.108797 128 128 128
1.62337 0.512809 -0.109853 128 128 128
1.63049 0.493138 -0.109941 128 128 128
1.64216 0.474756 -0.110469 128 128 128
1.65554 0.456694 -0.111173 128 128 128
1.66295 0.436851 -0.111349 128 128 128
1.67688 0.418589 -0.112142 128 128 128
1.67996 0.39752 -0.111966 128 128 128
1.68957 0.377965 -0.112406 128 128 128
1.69798 0.358028 -0.112758 128 128 128
1.70126 0.33697 -0.11267 128 128 128
1.71311 0.317526 -0.113374 128 128 128
1.72669 0.298182 -0.114254 128 128 128
1.73907 0.278394 -0.115046 128 128 128
1.75221 0.258493 -0.115927 128 128 128
1.76117 0.237776 -0.116455 128 128 128
1.77681 0.21773 -0.117599 128 128 128
1.78034 0.196019 -0.117687 128 128 128
1.79351 0.175231 -0.118655 128 128 128
1.80545 0.154063 -0.119536 128 128 128
1.80721 0.131895 -0.119536 128 128 128
1.83056 0.111051 -0.121472 128 128 128
1.83676 0.088823 -0.121912 128 128 128
1.84369 0.0664962 -0.122441 128 128 128
1.84934 0.0439883 -0.122881 128 128 128
1.8597 0.0214125 -0.123761 128 128 128
1.86879 -0.00141088 -0.124553 128 128 128
1.87461 -0.0244173 -0.125081 128 128 128
1.88512 -0.0476892 -0.12605 128 128 128
1.89335 -0.0711493 -0.126842 128 128 128
1.90229 -0.0948675 -0.127722 128 128 128
1.91291 -0.118938 -0.128778 128 128 128
1.91429 -0.142623 -0.129042 128 128 128
1.92132 -0.166873 -0.129835 128 128 128
1.92805 -0.191318 -0.130627 128 128 128
1.93249 -0.215732 -0.131243 128 128 128
1.93464 -0.24004 -0.131683 128 128 128
1.9434 -0.265373 -0.132739 128 128 128
1.94393 -0.289786 -0.133092 128 128 128
1.94417 -0.314252 -0.133444 128 128 128
1.94605 -0.339109 -0.133972 128 128 128
1.94664 -0.363876 -0.134412 128 128 128
1.9518 -0.389681 -0.135292 128 128 128
1.95272 -0.414841 -0.13582 128 128 128
1.97469 -0.444885 -0.138285 128 128 128
1.97393 -0.470235 -0.138725 128 128 128
1.97767 -0.496843 -0.139605 128 128 128
2.00514 -0.529962 -0.142686 128 128 128
2.00232 -0.555591 -0.143038 128 128 128
2.00588 -0.583173 -0.144007 128 128 128
2.0062 -0.610058 -0.144711 128 128 128
2.00616 -0.637038 -0.145415 128 128 128
2.00859 -0.665046 -0.146383 128 128 128
2.00687 -0.691913 -0.147 128 128 128
2.01699 -0.723201 -0.14876 128 128 128
2.0145 -0.750328 -0.149376 128 128 128
2.01443 -0.778578 -0.150256 128 128 128
2.00843 -0.804719 -0.150609 128 128 128
2.00944 -0.83388 -0.151665 128 128 128
1.99906 -0.858476 -0.151665 128 128 128
2.0075 -0.891421 -0.153513 128 128 128
2.00818 -0.921382 -0.154658 128 128 128
2.00392 -0.949363 -0.155362 128 128 128
1.99929 -0.977379 -0.156066 128 128 128
1.99871 -1.00766 -0.15721 128 128 128
1.99769 -1.03808 -0.158355 128 128 128
1.99622 -1.06862 -0.159499 128 128 128
1.99342 -1.0988 -0.160555 128 128 128
1.98759 -1.1276 -0.161348 128 128 128
1.99426 -1.16394 -0.16346 128 128 128
1.99862 -1.1996 -0.165397 128 128 128
1.99647 -1.23187 -0.166717 128 128 128
1.9913 -1.26267 -0.167773 128 128 128
1.98568 -1.29353 -0.16883 128 128 128
1.97876 -1.32389 -0.169798 128 128 128
1.96976 -1.35315 -0.17059 128 128 128
1.96604 -1.38639 -0.171999 128 128 128
1.95776 -1.41683 -0.172967 128 128 128
1.94742 -1.44609 -0.173759 128 128 128
1.94142 -1.47893 -0.175079 128 128 128
1.92548 -1.50448 -0.175344 128 128 128
1.91465 -1.53422 -0.176224 128 128 128
1.90184 -1.56266 -0.176928 128 128 128
1.89319 -1.59486 -0.17816 128 128 128
1.87951 -1.62318 -0.178865 128 128 128
1.88333 -1.66723 -0.181681 128 128 128
1.86494 -1.69223 -0.181945 128 128 128
1.85498 -1.72515 -0.183266 128 128 128
1.83223 -1.74641 -0.18309 128 128 128
1.83632 -1.79381 -0.186259 128 128 128
1.84164 -1.84368 -0.189692 128 128 128
1.8314 -1.87898 -0.191276 128 128 128
1.80202 -1.89482 -0.190484 128 128 128
1.79151 -1.93065 -0.192156 128 128 128
1.77772 -1.96357 -0.193477 128 128 128
1.75811 -1.99046 -0.194093 128 128 128
1.74201 -2.02169 -0.195237 128 128 128
1.72348 -2.05053 -0.196117 128 128 128
1.70577 -2.08077 -0.197174 128 128 128
1.68322 -2.10543 -0.197614 128 128 128
1.66155 -2.13143 -0.19823 128 128 128
1.64793 -2.16831 -0.200079 128 128 128
1.64019 -2.21397 -0.202895 128 128 128
1.62632 -2.2525 -0.20492 128 128 128
1.60429 -2.28043 -0.2058 128 128 128
1.58971 -2.31966 -0.207913 128 128 128
1.56665 -2.34728 -0.208793 128 128 128
1.54642 -2.37969 -0.210202 128 128 128
1.52403 -2.40942 -0.211346 128 128 128
1.49905 -2.43558 -0.212138 128 128 128
1.47519 -2.46404 -0.213194 128 128 128
1.45337 -2.49659 -0.214691 128 128 128
1.42901 -2.52551 -0.215835 128 128 128
1.40367 -2.55332 -0.216891 128 128 128
1.37317 -2.57211 -0.217067 128 128 128
1.34839 -2.60203 -0.218388 128 128 128
1.32083 -2.62728 -0.219268 128 128 128
1.29635 -2.65941 -0.220853 128 128 128
1.26788 -2.68412 -0.221733 128 128 128
1.24273 -2.71668 -0.223405 128 128 128
1.21495 -2.74448 -0.224638 128 128 128
1.18589 -2.77017 -0.225694 128 128 128
1.16133 -2.80752 -0.227895 128 128 128
1.13308 -2.83728 -0.229391 128 128 128
1.10391 -2.86585 -0.230799 128 128 128
1.07317 -2.89132 -0.231944 128 128 128
1.04163 -2.91552 -0.233 128 128 128
1.01096 -2.94316 -0.234408 128 128 128
0.979768 -2.97047 -0.235817 128 128 128
0.948957 -3.00032 -0.237489 128 128 128
0.913802 -3.01745 -0.238017 128 128 128
0.878924 -3.03609 -0.238722 128 128 128
0.844787 -3.05817 -0.239778 128 128 128
0.811764 -3.08565 -0.241362 128 128 128
0.77529 -3.10117 -0.241891 128 128 128
0.738556 -3.11627 -0.242419 128 128 128
0.703532 -3.13968 -0.243739 128 128 128
0.671138 -3.17731 -0.24638 128 128 128
0.633651 -3.19312 -0.247084 128 128 128
0.596971 -3.21437 -0.248316 128 128 128
0.561397 -3.24403 -0.250341 128 128 128
0.523918 -3.26542 -0.251661 128 128 128
0.485268 -3.28146 -0.252542 128 128 128
0.447107 -3.30296 -0.25395 128 128 128
0.408857 -3.32698 -0.255622 128 128 128
0.369426 -3.34462 -0.256767 128 128 128
0.329233 -3.35782 -0.257559 128 128 128
0.289369 -3.37749 -0.258967 128 128 128
0.248633 -3.39072 -0.259848 128 128 128
0.207127 -3.39551 -0.260024 128 128 128
0.166273 -3.41471 -0.26152 128 128 128
0.12465 -3.42445 -0.262224 128 128 128
0.0827151 -3.42971 -0.262576 128 128 128
0.0408647 -3.45038 -0.264337 128 128 128
-0.00148012 -3.45561 -0.264777 128 128 128
-0.0440206 -3.46629 -0.265745 128 128 128
-0.0869457 -3.48142 -0.267154 128 128 128
-0.130322 -3.49801 -0.268738 128 128 128
-0.174021 -3.51206 -0.270147 128 128 128
-0.217718 -3.5196 -0.271027 128 128 128
-0.261772 -3.52859 -0.272083 128 128 128
-0.306849 -3.54595 -0.273932 128 128 128
-0.350438 -3.54291 -0.27402 128 128 128
-0.396744 -3.56408 -0.276308 128 128 128
-0.440085 -3.55598 -0.276044 128 128 128
-0.486103 -3.56808 -0.277629 128 128 128
-0.532777 -3.58155 -0.279389 128 128 128
-0.577321 -3.57868 -0.279741 128 128 128
-0.622556 -3.57918 -0.280445 128 128 128
-0.668255 -3.58106 -0.281326 128 128 128
-0.713705 -3.58041 -0.28203 128 128 128
-0.757794 -3.57235 -0.282118 128 128 128
-0.804195 -3.57445 -0.283174 128 128 128
-0.847999 -3.56431 -0.283174 128 128 128
-0.895548 -3.56909 -0.284583 128 128 128
-0.942579 -3.57036 -0.285727 128 128 128
-0.983399 -3.54796 -0.284759 128 128 128
-1.02936 -3.54424 -0.285551 128 128 128
-1.07625 -3.54278 -0.286607 128 128 128
-1.12476 -3.54545 -0.288104 128 128 128
-1.17131 -3.54083 -0.288984 128 128 128
-1.21759 -3.53467 -0.289776 128 128 128
-1.26053 -3.51853 -0.289688 128 128 128
-1.4062 -3.51229 -0.293737 128 128 128
-1.45034 -3.49753 -0.294001 128 128 128
-1.49747 -3.48954 -0.29497 128 128 128
-1.54179 -3.47454 -0.295322 128 128 128
-0.63223 -1.37696 -0.0933042 128 128 128
-0.632042 -1.33308 -0.0897832 128 128 128
-0.656656 -1.34223 -0.0914557 128 128 128
-0.672182 -1.33229 -0.0912796 128 128 128
-0.694445 -1.33544 -0.092424 128 128 128
-0.716415 -1.33736 -0.0934803 128 128 128
-1.85151 -3.36086 -0.298491 128 128 128
-1.90145 -3.35349 -0.300075 128 128 128
-1.94798 -3.33937 -0.301043 128 128 128
-1.98574 -3.31009 -0.300515 128 128 128
-2.03457 -3.29904 -0.301924 128 128 128
-2.07383 -3.27214 -0.301748 128 128 128
-2.11383 -3.24645 -0.301748 128 128 128
-2.15296 -3.21943 -0.30166 128 128 128
-2.19963 -3.20345 -0.302804 128 128 128
-2.2382 -3.1754 -0.302716 128 128 128
-2.27058 -3.13881 -0.301748 128 128 128
-2.43477 -2.96441 -0.298403 128 128 128
-2.01688 -2.3947 -0.236081 128 128 128
-2.49572 -2.89095 -0.296906 128 128 128
-2.65739 -2.85843 -0.3043 128 128 128
-2.68197 -2.81478 -0.30298 128 128 128
-2.71004 -2.77524 -0.302188 128 128 128
-2.777 -2.77488 -0.306325 128 128 128
-2.78732 -2.71764 -0.30342 128 128 128
-2.81613 -2.67911 -0.302892 128 128 128
-2.8539 -2.64909 -0.303508 128 128 128
-2.88398 -2.61186 -0.303244 128 128 128
-2.91955 -2.57958 -0.303684 128 128 128
-2.9359 -2.53054 -0.301924 128 128 128
-2.95758 -2.48663 -0.300867 128 128 128
-2.96708 -2.43309 -0.298491 128 128 128
-3.44271 -1.67862 -0.297874 128 128 128
-3.43604 -1.62347 -0.295234 128 128 128
-3.43849 -1.5733 -0.293561 128 128 128
-3.44024 -1.52332 -0.291889 128 128 128
-2.58685 1.10258 -0.276184 128 128 128
-2.54677 1.12258 -0.272931 128 128 128
-2.52377 1.14962 -0.27181 128 128 128
-1.96466 1.56522 -0.242311 128 128 128
-1.89765 1.55016 -0.235357 128 128 128
-1.88381 1.57781 -0.236142 128 128 128
-1.84097 1.5807 -0.232665 128 128 128
-1.82441 1.6058 -0.233114 128 128 128
-1.77584 1.60207 -0.228739 128 128 128
-1.76915 1.6359 -0.230758 128 128 128
-1.71942 1.62942 -0.226159 128 128 128
-1.68506 1.63652 -0.223916 128 128 128
-1.65782 1.65006 -0.222795 128 128 128
-1.63189 1.66459 -0.221897 128 128 128
-1.59009 1.66219 -0.21842 128 128 128
-1.54724 1.65757 -0.214719 128 128 128
-1.54615 1.69777 -0.217972 128 128 128
-1.57196 1.76944 -0.225935 128 128 128
-1.42932 1.64872 -0.205073 128 128 128
-1.4173 1.67602 -0.206531 128 128 128
-1.39915 1.69636 -0.20698 128 128 128
-1.35648 1.68626 -0.203054 128 128 128
-1.31529 1.71983 -0.203166 128 128 128
-1.29349 1.73504 -0.203054 128 128 128
-1.26336 1.73871 -0.201371 128 128 128
-1.23506 1.74434 -0.200026 128 128 128
-1.20287 1.7438 -0.197894 128 128 128
-1.1753 1.74935 -0.196661 128 128 128
-1.14724 1.75365 -0.195315 128 128 128
-1.11605 1.75249 -0.193296 128 128 128
-1.09133 1.76098 -0.192623 128 128 128
-1.0635 1.76402 -0.191277 128 128 128
-1.02975 1.75634 -0.188585 128 128 128
-1.00469 1.76279 -0.1878 128 128 128
-0.974826 1.76019 -0.185893 128 128 128
-0.952214 1.77027 -0.185669 128 128 128
-0.92217 1.76595 -0.18365 128 128 128
-0.898193 1.7727 -0.183089 128 128 128
-0.874626 1.78002 -0.18264 128 128 128
-0.848888 1.78254 -0.181631 128 128 128
-0.824877 1.7883 -0.18107 128 128 128
-0.800047 1.79193 -0.180285 128 128 128
-0.775252 1.79522 -0.1795 128 128 128
-0.747832 1.79175 -0.177929 128 128 128
-0.722831 1.79342 -0.177032 128 128 128
-0.691813 1.77898 -0.174228 128 128 128
-0.66889 1.78454 -0.173892 128 128 128
-0.645599 1.78887 -0.173443 128 128 128
-0.618092 1.78069 -0.171536 128 128 128
-0.594632 1.78343 -0.170975 128 128 128
-0.570597 1.78396 -0.17019 128 128 128
-0.544037 1.77562 -0.168396 128 128 128
-0.521651 1.78025 -0.168171 128 128 128
-0.49525 1.77024 -0.166265 128 128 128
-0.472981 1.77426 -0.16604 128 128 128
-0.445605 1.75777 -0.16346 128 128 128
-0.42308 1.75924 -0.163012 128 128 128
-0.400586 1.76042 -0.162563 128 128 128
-0.376062 1.75159 -0.160993 128 128 128
-0.353956 1.75315 -0.160656 128 128 128
-0.331138 1.75053 -0.159871 128 128 128
-0.308949 1.75054 -0.159423 128 128 128
-0.286334 1.74733 -0.158638 128 128 128
-0.264285 1.74679 -0.158189 128 128 128
-0.242426 1.74694 -0.157852 128 128 128
-0.219869 1.74091 -0.156843 128 128 128
-0.198379 1.74249 -0.156731 128 128 128
-0.176099 1.73589 -0.155721 128 128 128
-0.154611 1.73595 -0.155497 128 128 128
-0.133002 1.73375 -0.155048 128 128 128
-0.111532 1.73227 -0.154712 128 128 128
-0.089969 1.72756 -0.154039 128 128 128
-0.0686135 1.72456 -0.15359 128 128 128
-0.047195 1.71534 -0.152469 128 128 128
-0.0260774 1.71082 -0.151908 128 128 128
-0.00507974 1.70902 -0.151683 128 128 128
0.0157776 1.69902 -0.150562 128 128 128
0.036531 1.69473 -0.150113 128 128 128
0.0568222 1.68025 -0.148543 128 128 128
0.0774372 1.67942 -0.148543 128 128 128
0.0977993 1.67438 -0.148094 128 128 128
0.117977 1.6681 -0.147533 128 128 128
0.137254 1.65266 -0.145963 128 128 128
0.157718 1.65283 -0.146187 128 128 128
0.177553 1.64682 -0.145739 128 128 128
0.197144 1.63959 -0.145178 128 128 128
0.217116 1.63606 -0.145066 128 128 128
0.234854 1.61754 -0.143271 128 128 128
0.254372 1.61258 -0.143047 128 128 128
0.27211 1.59759 -0.141701 128 128 128
0.291513 1.59315 -0.141589 128 128 128
0.310655 1.5875 -0.141364 128 128 128
0.329498 1.58065 -0.141028 128 128 128
0.348219 1.57358 -0.140691 128 128 128
0.366816 1.56629 -0.140355 128 128 128
0.384805 1.55685 -0.139794 128 128 128
0.40287 1.54817 -0.139346 128 128 128
0.421045 1.54023 -0.139009 128 128 128
0.43881 1.53113 -0.13856 128 128 128
0.455264 1.51802 -0.137663 128 128 128
0.47236 1.50758 -0.137102 128 128 128
0.490203 1.49979 -0.136878 128 128 128
0.506958 1.48896 -0.136317 128 128 128
0.524857 1.48169 -0.136205 128 128 128
0.541272 1.47048 -0.135644 128 128 128
0.557491 1.45909 -0.135083 128 128 128
0.574249 1.44937 -0.134747 128 128 128
0.593131 1.44497 -0.135083 128 128 128
0.6116 1.43941 -0.135308 128 128 128
0.628816 1.43089 -0.135196 128 128 128
0.645915 1.42216 -0.135083 128 128 128
0.662894 1.41323 -0.134971 128 128 128
0.67888 1.4023 -0.134635 128 128 128
0.697376 1.39653 -0.134971 128 128 128
0.715375 1.38963 -0.135196 128 128 128
0.377278 0.715363 -0.050064 128 128 128
0.439149 0.807344 -0.0625141 128 128 128
0.443153 0.791515 -0.0611681 128 128 128
0.460829 0.799759 -0.0629627 128 128 128
0.469588 0.792338 -0.0627384 128 128 128
0.475631 0.780592 -0.0619533 128 128 128
0.491547 0.784775 -0.0632992 128 128 128
0.503847 0.78285 -0.06386 128 128 128
0.513968 0.777435 -0.0639722 128 128 128
0.531332 0.782546 -0.0655425 128 128 128
0.433998 0.623973 -0.0445681 128 128 128
0.893505 1.24465 -0.131718 128 128 128
0.884464 1.20085 -0.12712 128 128 128
0.917169 1.21364 -0.130485 128 128 128
0.948485 1.22346 -0.133513 128 128 128
0.963428 1.21173 -0.133513 128 128 128
0.978225 1.19981 -0.133513 128 128 128
0.993514 1.18848 -0.133625 128 128 128
1.00348 1.17093 -0.13284 128 128 128
1.02041 1.1615 -0.133289 128 128 128
1.03525 1.14963 -0.133401 128 128 128
1.04996 1.13757 -0.133513 128 128 128
1.06452 1.12532 -0.133625 128 128 128
1.08172 1.11573 -0.134186 128 128 128
1.09673 1.10378 -0.13441 128 128 128
1.12797 1.1076 -0.137214 128 128 128
1.12925 1.08201 -0.135308 128 128 128
1.13007 1.05657 -0.133401 128 128 128
1.14442 1.04396 -0.133625 128 128 128
1.15938 1.03181 -0.133962 128 128 128
1.17346 1.01881 -0.134186 128 128 128
1.18663 1.00497 -0.134298 128 128 128
1.20118 0.992224 -0.134635 128 128 128
1.22024 0.983002 -0.135644 128 128 128
1.23378 0.969177 -0.135868 128 128 128
1.24637 0.954566 -0.135981 128 128 128
1.25879 0.939792 -0.136093 128 128 128
1.27103 0.924857 -0.136205 128 128 128
1.28797 0.913198 -0.13699 128 128 128
0.797839 0.552953 -0.0683465 128 128 128
0.780614 0.527095 -0.0650938 128 128 128
0.77287 0.508255 -0.063187 128 128 128
0.825203 0.528002 -0.069356 128 128 128
1.34662 0.835632 -0.137663 128 128 128
1.37466 0.829784 -0.140018 128 128 128
1.38474 0.812852 -0.140018 128 128 128
1.40585 0.802172 -0.141477 128 128 128
1.40949 0.781502 -0.140691 128 128 128
1.42161 0.765554 -0.141028 128 128 128
1.42825 0.746676 -0.140691 128 128 128
1.44706 0.734014 -0.141925 128 128 128
1.464 0.720129 -0.142935 128 128 128
1.48709 0.708916 -0.144729 128 128 128
1.49297 0.689371 -0.144393 128 128 128
1.50495 0.672611 -0.144841 128 128 128
1.51765 0.656053 -0.145402 128 128 128
1.53385 0.640807 -0.146412 128 128 128
1.53975 0.621197 -0.146187 128 128 128
1.55375 0.604763 -0.146973 128 128 128
1.57223 0.589812 -0.148319 128 128 128
1.57935 0.570474 -0.148319 128 128 128
1.59375 0.553641 -0.149216 128 128 128
1.60419 0.535291 -0.149664 128 128 128
1.61254 0.516166 -0.149889 128 128 128
1.62065 0.496917 -0.150113 128 128 128
1.63426 0.479211 -0.15101 128 128 128
1.64097 0.459386 -0.151123 128 128 128
1.65225 0.440737 -0.151796 128 128 128
1.66332 0.421881 -0.152469 128 128 128
1.6703 0.401898 -0.152693 128 128 128
1.67899 0.382244 -0.153142 128 128 128
1.68938 0.36285 -0.153815 128 128 128
1.69468 0.342286 -0.153927 128 128 128
1.70071 0.321829 -0.154151 128 128 128
1.71041 0.301958 -0.154824 128 128 128
1.72183 0.282214 -0.155721 128 128 128
1.71828 0.260038 -0.154936 128 128 128
1.74104 0.24162 -0.157179 128 128 128
1.74979 0.22097 -0.157852 128 128 128
1.75829 0.200142 -0.158525 128 128 128
1.76457 0.178942 -0.158974 128 128 128
1.79336 0.159594 -0.162002 128 128 128
1.80212 0.138091 -0.162788 128 128 128
1.80963 0.116335 -0.16346 128 128 128
1.81688 0.0944157 -0.164133 128 128 128
1.82882 0.0725222 -0.165367 128 128 128
1.84249 0.0503997 -0.166825 128 128 128
1.85092 0.0278885 -0.167723 128 128 128
1.86006 0.0051786 -0.168732 128 128 128
1.86595 -0.0177169 -0.169405 128 128 128
1.87553 -0.040851 -0.170527 128 128 128
1.88382 -0.0641869 -0.171536 128 128 128
1.89381 -0.0878286 -0.17277 128 128 128
1.90251 -0.111665 -0.173892 128 128 128
1.9109 -0.135728 -0.175013 128 128 128
1.91504 -0.159675 -0.175686 128 128 128
1.91887 -0.183744 -0.176359 128 128 128
1.92437 -0.208148 -0.177257 128 128 128
1.9266 -0.232353 -0.177817 128 128 128
1.9305 -0.256909 -0.178602 128 128 128
1.93015 -0.281015 -0.178939 128 128 128
1.93244 -0.305623 -0.179612 128 128 128
1.9305 -0.329653 -0.179836 128 128 128
1.94195 -0.356218 -0.181631 128 128 128
1.9462 -0.381761 -0.18264 128 128 128
1.95498 -0.408487 -0.184211 128 128 128
1.94788 -0.432013 -0.183986 128 128 128
1.94823 -0.457258 -0.184659 128 128 128
1.96754 -0.487393 -0.187575 128 128 128
1.97391 -0.514785 -0.189034 128 128 128
1.97798 -0.541877 -0.190267 128 128 128
1.97977 -0.568595 -0.191277 128 128 128
1.99167 -0.598603 -0.19352 128 128 128
1.99364 -0.625994 -0.194642 128 128 128
1.99431 -0.653211 -0.195651 128 128 128
1.99742 -0.681507 -0.196997 128 128 128
2.00575 -0.711982 -0.199016 128 128 128
2.00152 -0.73827 -0.199577 128 128 128
2.01271 -0.770631 -0.202044 128 128 128
2.00679 -0.796745 -0.202493 128 128 128
2.00421 -0.824349 -0.20339 128 128 128
1.99943 -0.851227 -0.204063 128 128 128
1.99428 -0.878111 -0.204736 128 128 128
1.98697 -0.904171 -0.205185 128 128 128
1.98831 -0.934426 -0.206755 128 128 128
1.9758 -0.95832 -0.206643 128 128 128
1.96389 -0.982494 -0.206643 128 128 128
1.97639 -1.01932 -0.209784 128 128 128
1.98915 -1.05706 -0.213036 128 128 128
1.97952 -1.08331 -0.213485 128 128 128
1.99721 -1.12513 -0.217523 128 128 128
1.98669 -1.15155 -0.217972 128 128 128
1.98861 -1.18554 -0.220103 128 128 128
1.98322 -1.21558 -0.221336 128 128 128
1.97739 -1.24567 -0.22257 128 128 128
1.96779 -1.27363 -0.223355 128 128 128
1.98011 -1.31643 -0.227169 128 128 128
1.97037 -1.34513 -0.228066 128 128 128
1.96184 -1.37492 -0.229188 128 128 128
1.94724 -1.40064 -0.229524 128 128 128
1.94587 -1.43626 -0.231768 128 128 128
1.93602 -1.46604 -0.232889 128 128 128
1.92415 -1.49457 -0.233786 128 128 128
1.91187 -1.52304 -0.234684 128 128 128
1.89919 -1.55142 -0.235581 128 128 128
1.88685 -1.58036 -0.236591 128 128 128
1.87786 -1.61248 -0.238161 128 128 128
1.86687 -1.6433 -0.239507 128 128 128
1.85614 -1.67475 -0.240965 128 128 128
1.85439 -1.71497 -0.243881 128 128 128
1.83824 -1.74239 -0.244666 128 128 128
1.82882 -1.77661 -0.246573 128 128 128
1.82024 -1.81226 -0.248704 128 128 128
1.80134 -1.83801 -0.249265 128 128 128
1.79647 -1.87868 -0.252181 128 128 128
1.78885 -1.91732 -0.254761 128 128 128
1.76385 -1.93766 -0.254537 128 128 128
1.73796 -1.95692 -0.2542 128 128 128
1.7359 -2.00367 -0.258014 128 128 128
1.72143 -2.03698 -0.259808 128 128 128
1.70261 -2.06563 -0.26093 128 128 128
1.68273 -2.09335 -0.261939 128 128 128
1.65875 -2.11619 -0.262276 128 128 128
1.64711 -2.15535 -0.264968 128 128 128
1.6229 -2.1786 -0.265416 128 128 128
1.60304 -2.20801 -0.266762 128 128 128
1.5867 -2.24294 -0.268893 128 128 128
1.57706 -2.28845 -0.272483 128 128 128
1.55549 -2.31754 -0.273829 128 128 128
1.54755 -2.36809 -0.278091 128 128 128
1.51997 -2.38942 -0.278427 128 128 128
1.49836 -2.42058 -0.28011 128 128 128
1.47263 -2.4456 -0.281007 128 128 128
1.44702 -2.47121 -0.282016 128 128 128
1.43032 -2.51298 -0.285157 128 128 128
1.40225 -2.53557 -0.28583 128 128 128
1.37478 -2.55959 -0.286727 128 128 128
1.34739 -2.58421 -0.287737 128 128 128
1.32586 -2.62095 -0.290316 128 128 128
1.29709 -2.64417 -0.291214 128 128 128
1.2654 -2.66168 -0.291438 128 128 128
1.23803 -2.68875 -0.292896 128 128 128
1.21018 -2.71555 -0.294354 128 128 128
1.18186 -2.74207 -0.295812 128 128 128
1.16146 -2.78849 -0.299738 128 128 128
1.12974 -2.80898 -0.300523 128 128 128
1.10378 -2.84488 -0.303215 128 128 128
1.07399 -2.87218 -0.304898 128 128 128
1.04369 -2.89917 -0.30658 128 128 128
1.01289 -2.92586 -0.308263 128 128 128
0.979098 -2.94467 -0.309048 128 128 128
0.945896 -2.96593 -0.310169 128 128 128
0.9181 -3.00584 -0.313534 128 128 128
0.884751 -3.02928 -0.314992 128 128 128
0.84937 -3.04661 -0.315777 128 128 128
0.81395 -3.06449 -0.316675 128 128 128
0.779914 -3.08871 -0.318357 128 128 128
0.742182 -3.09901 -0.318469 128 128 128
0.707809 -3.12437 -0.320376 128 128 128
0.671273 -3.14157 -0.321386 128 128 128
0.636949 -3.171 -0.323853 128 128 128
0.600361 -3.19128 -0.325311 128 128 128
0.564223 -3.21603 -0.32733 128 128 128
0.529629 -3.25312 -0.330807 128 128 128
0.489521 -3.25839 -0.330695 128 128 128
0.451918 -3.28188 -0.332714 128 128 128
0.4143 -3.30887 -0.335182 128 128 128
0.374766 -3.32358 -0.336303 128 128 128
0.335227 -3.34078 -0.337761 128 128 128
0.295494 -3.3595 -0.339444 128 128 128
0.254909 -3.37179 -0.340453 128 128 128
0.214252 -3.38656 -0.341799 128 128 128
0.173171 -3.39886 -0.342921 128 128 128
0.131821 -3.41066 -0.344042 128 128 128
0.0902579 -3.42394 -0.345388 128 128 128
0.0483753 -3.43572 -0.346622 128 128 128
0.00621333 -3.44102 -0.347183 128 128 128
-0.0361292 -3.45078 -0.348305 128 128 128
-0.0785204 -3.45206 -0.348529 128 128 128
-0.122098 -3.4846 -0.352342 128 128 128
-0.165187 -3.48979 -0.353128 128 128 128
-0.209748 -3.51626 -0.35638 128 128 128
-0.253607 -3.52333 -0.357502 128 128 128
-0.297501 -3.52788 -0.358399 128 128 128
-0.341352 -3.5299 -0.359072 128 128 128
-0.38693 -3.54618 -0.361428 128 128 128
-0.431507 -3.55004 -0.362437 128 128 128
-0.477035 -3.55925 -0.36412 128 128 128
-0.522854 -3.56788 -0.365802 128 128 128
-0.567856 -3.56904 -0.366699 128 128 128
-0.612795 -3.56866 -0.367484 128 128 128
-0.660167 -3.58041 -0.369728 128 128 128
-0.703281 -3.56814 -0.369279 128 128 128
-0.750708 -3.57674 -0.371298 128 128 128
-0.795195 -3.57017 -0.371634 128 128 128
-0.841236 -3.56981 -0.372756 128 128 128
-0.885702 -3.56211 -0.373093 128 128 128
-0.932127 -3.56155 -0.374326 128 128 128
-0.978671 -3.56038 -0.37556 128 128 128
-1.02256 -3.54905 -0.375672 128 128 128
-1.06575 -3.53529 -0.37556 128 128 128
-1.11085 -3.52763 -0.376233 128 128 128
-1.1609 -3.53449 -0.378701 128 128 128
-1.21096 -3.53971 -0.381056 128 128 128
-1.25297 -3.52084 -0.380607 128 128 128
-1.30092 -3.51825 -0.382178 128 128 128
-1.35185 -3.52242 -0.384645 128 128 128
-1.39793 -3.51295 -0.385543 128 128 128
-1.52869 -3.46457 -0.386216 128 128 128
-1.57936 -3.46362 -0.388459 128 128 128
-0.64168 -1.3683 -0.129363 128 128 128
-0.651894 -1.34692 -0.127681 128 128 128
-0.674174 -1.35036 -0.129139 128 128 128
-0.686124 -1.33316 -0.128017 128 128 128
-0.694011 -1.30886 -0.125998 128 128 128
-0.749742 -1.37253 -0.135308 128 128 128
-1.89419 -3.35686 -0.393843 128 128 128
-1.93474 -3.3325 -0.39373 128 128 128
-1.98161 -3.31874 -0.395076 128 128 128
-2.02583 -3.3001 -0.395862 128 128 128
-2.06352 -3.27079 -0.395301 128 128 128
-2.11162 -3.25772 -0.396983 128 128 128
-2.15365 -3.23487 -0.397432 128 128 128
-2.19094 -3.20492 -0.396983 128 128 128
-2.22896 -3.17617 -0.396759 128 128 128
-2.27474 -3.15824 -0.398105 128 128 128
-2.27962 -3.08457 -0.391712 128 128 128
-0.55887 -0.742081 -0.0636357 128 128 128
-2.50684 -2.91604 -0.392833 128 128 128
-2.55822 -2.90294 -0.395525 128 128 128
-2.55898 -2.83302 -0.389693 128 128 128
-2.56382 -2.76935 -0.384757 128 128 128
-2.70648 -2.85218 -0.402591 128 128 128
-2.70799 -2.78459 -0.397208 128 128 128
-2.75178 -2.76099 -0.398778 128 128 128
-2.79043 -2.73188 -0.399563 128 128 128
-2.82087 -2.69469 -0.399114 128 128 128
-2.85518 -2.66122 -0.399339 128 128 128
-2.8891 -2.62732 -0.399563 128 128 128
-2.90475 -2.57718 -0.397095 128 128 128
-2.92789 -2.53419 -0.395862 128 128 128
-2.93977 -2.48206 -0.393058 128 128 128
-2.97615 -2.45085 -0.393955 128 128 128
-2.97886 -2.39239 -0.390029 128 128 128
-3.44329 -1.483 -0.381953 128 128 128
-3.47867 -1.44787 -0.384084 128 128 128
-3.47773 -1.39768 -0.381841 128 128 128
-2.59725 1.0397 -0.344771 128 128 128
-1.97855 1.43134 -0.295614 128 128 128
-1.97754 1.46791 -0.29849 128 128 128
-1.90902 1.52918 -0.296162 128 128 128
-1.88705 1.54998 -0.295614 128 128 128
-1.85424 1.56154 -0.29315 128 128 128
-1.83719 1.58612 -0.293561 128 128 128
-1.80646 1.5987 -0.291507 128 128 128
-1.69545 1.61562 -0.281785 128 128 128
-1.66557 1.62662 -0.279868 128 128 128
-1.64548 1.64694 -0.279868 128 128 128
-1.40945 1.6767 -0.260835 128 128 128
-1.39568 1.70229 -0.262341 128 128 128
-1.37406 1.71851 -0.262205 128 128 128
-1.33032 1.70635 -0.257138 128 128 128
-1.31648 1.73201 -0.258781 128 128 128
-1.28804 1.73849 -0.257138 128 128 128
-1.255 1.73811 -0.2544 128 128 128
-1.22388 1.73961 -0.252072 128 128 128
-1.1974 1.74715 -0.25084 128 128 128
-1.17311 1.75759 -0.250155 128 128 128
-1.1466 1.76438 -0.248923 128 128 128
-1.11532 1.76326 -0.246458 128 128 128
-1.08372 1.76079 -0.243856 128 128 128
-1.05948 1.76971 -0.243172 128 128 128
-1.03469 1.77744 -0.24235 128 128 128
-0.997174 1.76243 -0.237969 128 128 128
-0.968305 1.76152 -0.235915 128 128 128
-0.943346 1.76715 -0.234956 128 128 128
-0.91657 1.76892 -0.23345 128 128 128
-0.891675 1.77384 -0.232492 128 128 128
-0.867667 1.7802 -0.231807 128 128 128
-0.840672 1.77997 -0.230164 128 128 128
-0.816291 1.78475 -0.229342 128 128 128
-0.79232 1.7901 -0.228658 128 128 128
-0.76756 1.79332 -0.227699 128 128 128
-0.742082 1.79437 -0.226467 128 128 128
-0.717063 1.79598 -0.225371 128 128 128
-0.688194 1.78709 -0.22277 128 128 128
-0.666902 1.79725 -0.223044 128 128 128
-0.640123 1.79225 -0.221127 128 128 128
-0.616147 1.79435 -0.220305 128 128 128
-0.592217 1.79613 -0.219484 128 128 128
-0.566539 1.79193 -0.217841 128 128 128
-0.539904 1.78358 -0.21565 128 128 128
-0.516044 1.78341 -0.214691 128 128 128
-0.492005 1.78197 -0.213596 128 128 128
-0.46808 1.78021 -0.2125 128 128 128
-0.444995 1.78102 -0.211816 128 128 128
-0.418067 1.76514 -0.208803 128 128 128
-0.393769 1.75854 -0.20716 128 128 128
-0.370517 1.75549 -0.206065 128 128 128
-0.347979 1.75505 -0.20538 128 128 128
-0.324239 1.7475 -0.203737 128 128 128
-0.302431 1.7494 -0.203463 128 128 128
-0.27968 1.74515 -0.202368 128 128 128
-0.257807 1.74551 -0.201957 128 128 128
-0.236368 1.74854 -0.201957 128 128 128
-0.213436 1.73952 -0.200314 128 128 128
-0.191745 1.73905 -0.199903 128 128 128
-0.170682 1.74423 -0.200314 128 128 128
-0.148243 1.73435 -0.198671 128 128 128
-0.126584 1.7311 -0.197986 128 128 128
-0.105087 1.72857 -0.197439 128 128 128
-0.0838186 1.72874 -0.197302 128 128 128
-0.0624882 1.72667 -0.196891 128 128 128
-0.0411725 1.72235 -0.196206 128 128 128
-0.0199475 1.71579 -0.195248 128 128 128
0.00111049 1.70798 -0.194152 128 128 128
0.0219978 1.7019 -0.193331 128 128 128
0.0425668 1.68863 -0.191551 128 128 128
0.063322 1.68897 -0.191688 128 128 128
0.0837526 1.68213 -0.190866 128 128 128
0.104207 1.67801 -0.190455 128 128 128
0.124354 1.67067 -0.189634 128 128 128
0.144337 1.6631 -0.188812 128 128 128
0.164638 1.66022 -0.188675 128 128 128
0.184781 1.6561 -0.188401 128 128 128
0.20291 1.63602 -0.185937 128 128 128
0.222705 1.63144 -0.185663 128 128 128
0.242127 1.62466 -0.185115 128 128 128
0.261575 1.61864 -0.184704 128 128 128
0.280572 1.61042 -0.18402 128 128 128
0.300132 1.60589 -0.183883 128 128 128
0.31885 1.59722 -0.183198 128 128 128
0.337607 1.58931 -0.182651 128 128 128
0.356 1.58022 -0.181966 128 128 128
0.37445 1.57188 -0.181418 128 128 128
0.392989 1.56428 -0.181007 128 128 128
0.412156 1.55934 -0.181007 128 128 128
0.430468 1.5513 -0.180597 128 128 128
0.445888 1.53353 -0.178817 128 128 128
0.463523 1.52415 -0.178269 128 128 128
0.481594 1.51646 -0.177995 128 128 128
0.499546 1.50856 -0.177721 128 128 128
0.516732 1.49857 -0.177174 128 128 128
0.531079 1.48092 -0.17553 128 128 128
0.550248 1.47708 -0.175941 128 128 128
0.568689 1.47114 -0.176078 128 128 128
0.58339 1.45577 -0.174846 128 128 128
0.602347 1.45125 -0.175257 128 128 128
0.619721 1.44283 -0.17512 128 128 128
0.636577 1.43331 -0.174846 128 128 128
0.654118 1.42539 -0.174846 128 128 128
0.67029 1.41457 -0.174435 128 128 128
0.687599 1.40624 -0.174435 128 128 128
0.703468 1.39504 -0.174024 128 128 128
0.385311 0.739987 -0.0733837 128 128 128
0.426575 0.795486 -0.0828316 128 128 128
0.43726 0.791927 -0.0831055 128 128 128
0.465983 0.820118 -0.0884456 128 128 128
0.486484 0.832312 -0.091321 128 128 128
0.481387 0.800788 -0.0872132 128 128 128
0.479228 0.775422 -0.0840639 128 128 128
0.482879 0.760276 -0.0825578 128 128 128
0.500814 0.76758 -0.0847486 128 128 128
0.502492 0.749844 -0.0828316 128 128 128
0.535189 0.777931 -0.0885825 128 128 128
0.528727 0.748626 -0.0847486 128 128 128
0.538454 0.742884 -0.0848855 128 128 128
0.54694 0.735425 -0.0847486 128 128 128
0.554724 0.727081 -0.0844747 128 128 128
0.563605 0.720219 -0.0844747 128 128 128
0.573638 0.714795 -0.0847486 128 128 128
0.58111 0.70617 -0.0844747 128 128 128
0.589732 0.698986 -0.0844747 128 128 128
0.604734 0.699198 -0.085844 128 128 128
0.635576 0.716958 -0.0904995 128 128 128
0.617721 0.679742 -0.0850224 128 128 128
0.652979 0.701144 -0.0904995 128 128 128
0.523578 0.54814 -0.0628404 128 128 128
1.07395 1.09901 -0.170464 128 128 128
1.10346 1.10186 -0.173613 128 128 128
1.1169 1.08824 -0.173613 128 128 128
1.13017 1.07445 -0.173613 128 128 128
1.14399 1.06117 -0.17375 128 128 128
1.1584 1.04839 -0.174024 128 128 128
1.16969 1.03278 -0.17375 128 128 128
1.18153 1.0177 -0.173613 128 128 128
1.19393 1.00312 -0.173613 128 128 128
1.20921 0.990912 -0.174161 128 128 128
1.22592 0.979713 -0.174983 128 128 128
1.23863 0.965205 -0.17512 128 128 128
1.2559 0.954132 -0.176078 128 128 128
1.2707 0.941009 -0.176626 128 128 128
1.27412 0.919541 -0.175257 128 128 128
0.80995 0.568958 -0.0948811 128 128 128
0.779301 0.533192 -0.0885825 128 128 128
0.772608 0.514782 -0.0863917 128 128 128
0.772225 0.50094 -0.0852963 128 128 128
1.34066 0.847631 -0.17731 128 128 128
1.36614 0.840471 -0.179775 128 128 128
1.37635 0.823643 -0.179775 128 128 128
1.39235 0.810184 -0.180734 128 128 128
1.40218 0.793036 -0.180734 128 128 128
1.41441 0.777203 -0.181144 128 128 128
1.44306 0.770063 -0.184157 128 128 128
1.43746 0.744539 -0.181829 128 128 128
1.45976 0.733526 -0.183883 128 128 128
1.47221 0.717295 -0.184431 128 128 128
1.47732 0.69748 -0.183883 128 128 128
1.49567 0.683838 -0.185389 128 128 128
1.50486 0.665834 -0.185526 128 128 128
1.51565 0.648488 -0.185937 128 128 128
1.52898 0.632115 -0.186758 128 128 128
1.54122 0.615144 -0.187443 128 128 128
1.55605 0.599038 -0.188538 128 128 128
1.57071 0.582659 -0.189634 128 128 128
1.57961 0.564008 -0.189908 128 128 128
1.59671 0.548128 -0.191414 128 128 128
1.60332 0.528492 -0.191414 128 128 128
1.6144 0.510274 -0.192098 128 128 128
1.62244 0.490999 -0.192372 128 128 128
1.62929 0.471329 -0.192509 128 128 128
1.64355 0.453678 -0.193742 128 128 128
1.64995 0.433728 -0.193879 128 128 128
1.65803 0.41417 -0.194289 128 128 128
1.66299 0.393792 -0.194289 128 128 128
1.68606 0.377481 -0.196891 128 128 128
1.68087 0.35471 -0.195522 128 128 128
1.6919 0.33541 -0.19648 128 128 128
1.7066 0.316618 -0.197986 128 128 128
1.70938 0.295482 -0.197849 128 128 128
1.71581 0.274956 -0.19826 128 128 128
1.72494 0.254752 -0.199082 128 128 128
1.72793 0.233565 -0.199082 128 128 128
1.74836 0.214528 -0.201546 128 128 128
1.76465 0.194587 -0.203463 128 128 128
1.76986 0.173209 -0.203874 128 128 128
1.78468 0.152584 -0.205654 128 128 128
1.78445 0.130526 -0.20538 128 128 128
1.79679 0.109288 -0.206886 128 128 128
1.82372 0.0884972 -0.210447 128 128 128
1.83259 0.0664034 -0.211542 128 128 128
1.83722 0.0440075 -0.21209 128 128 128
1.83961 0.0214832 -0.212364 128 128 128
1.85558 -0.00109117 -0.214554 128 128 128
1.86137 -0.0239341 -0.215376 128 128 128
1.87084 -0.047016 -0.216745 128 128 128
1.87606 -0.0701885 -0.217567 128 128 128
1.88297 -0.0935932 -0.218662 128 128 128
1.89553 -0.117542 -0.220579 128 128 128
1.89493 -0.140867 -0.220716 128 128 128
1.90293 -0.164958 -0.222085 128 128 128
1.9116 -0.189364 -0.223591 128 128 128
1.91898 -0.213899 -0.224961 128 128 128
1.91818 -0.237674 -0.225235 128 128 128
1.92592 -0.26266 -0.226741 128 128 128
1.9392 -0.288743 -0.229068 128 128 128
1.93454 -0.312361 -0.228932 128 128 128
1.93641 -0.337093 -0.229753 128 128 128
1.93603 -0.361555 -0.230301 128 128 128
1.93922 -0.386831 -0.231396 128 128 128
1.94498 -0.412854 -0.232902 128 128 128
1.9475 -0.438426 -0.233998 128 128 128
1.9574 -0.465952 -0.236189 128 128 128
1.9573 -0.491381 -0.23701 128 128 128
1.96166 -0.518139 -0.238516 128 128 128
1.96374 -0.544549 -0.239749 128 128 128
1.98355 -0.576328 -0.243583 128 128 128
1.97823 -0.6012 -0.243856 128 128 128
1.98109 -0.62872 -0.245363 128 128 128
1.98357 -0.656401 -0.246869 128 128 128
1.98474 -0.683914 -0.248238 128 128 128
1.98645 -0.711888 -0.249744 128 128 128
1.99985 -0.744491 -0.253031 128 128 128
1.99981 -0.772541 -0.2544 128 128 128
1.99478 -0.798862 -0.255084 128 128 128
1.99215 -0.826312 -0.25618 128 128 128
1.9855 -0.852257 -0.256728 128 128 128
1.98032 -0.878966 -0.257549 128 128 128
1.9847 -0.910212 -0.259877 128 128 128
1.98144 -0.938309 -0.261109 128 128 128
1.9858 -0.970373 -0.263574 128 128 128
1.97463 -0.995114 -0.263711 128 128 128
1.96579 -1.02109 -0.264258 128 128 128
1.97145 -1.05494 -0.267134 128 128 128
1.96791 -1.08431 -0.26864 128 128 128
1.96307 -1.11326 -0.270009 128 128 128
1.96381 -1.14574 -0.272337 128 128 128
1.97085 -1.18249 -0.27576 128 128 128
1.97137 -1.21593 -0.278225 128 128 128
1.96885 -1.24798 -0.280279 128 128 128
1.95837 -1.27529 -0.2811 128 128 128
1.95246 -1.30583 -0.282743 128 128 128
1.94854 -1.33809 -0.284797 128 128 128
1.94251 -1.36932 -0.286577 128 128 128
1.93439 -1.39943 -0.288084 128 128 128
1.93219 -1.43428 -0.290685 128 128 128
1.91602 -1.45908 -0.290959 128 128 128
1.91046 -1.49223 -0.29315 128 128 128
1.8982 -1.52051 -0.294245 128 128 128
1.88246 -1.54621 -0.294793 128 128 128
1.87547 -1.57939 -0.296984 128 128 128
1.8642 -1.60941 -0.29849 128 128 128
1.85321 -1.64003 -0.300133 128 128 128
1.84249 -1.6713 -0.301913 128 128 128
1.83564 -1.70659 -0.304515 128 128 128
1.82603 -1.73992 -0.306705 128 128 128
1.82511 -1.78225 -0.310676 128 128 128
1.79049 -1.79191 -0.308212 128 128 128
1.79881 -1.84494 -0.314236 128 128 128
1.79106 -1.88265 -0.317249 128 128 128
1.77457 -1.91175 -0.318618 128 128 128
1.75231 -1.93485 -0.318892 128 128 128
1.7409 -1.9703 -0.321493 128 128 128
1.7263 -2.00277 -0.323547 128 128 128
1.71052 -2.03441 -0.325464 128 128 128
1.69297 -2.06444 -0.327107 128 128 128
1.66936 -2.08738 -0.327518 128 128 128
1.65155 -2.11786 -0.329298 128 128 128
1.63203 -2.14664 -0.330804 128 128 128
1.61973 -2.1856 -0.334091 128 128 128
1.60091 -2.21655 -0.336008 128 128 128
1.59128 -2.26113 -0.340252 128 128 128
1.57182 -2.29274 -0.342306 128 128 128
1.55237 -2.32503 -0.344497 128 128 128
1.52696 -2.34889 -0.345319 128 128 128
1.50174 -2.37331 -0.346277 128 128 128
1.48497 -2.41179 -0.349563 128 128 128
1.46698 -2.44938 -0.352713 128 128 128
1.4433 -2.47832 -0.354493 128 128 128
1.41424 -2.49843 -0.354903 128 128 128
1.39733 -2.54076 -0.358874 128 128 128
1.36885 -2.56296 -0.359696 128 128 128
1.34186 -2.58836 -0.361065 128 128 128
1.31757 -2.61967 -0.363393 128 128 128
1.28923 -2.64365 -0.364625 128 128 128
1.26135 -2.66912 -0.366131 128 128 128
1.2318 -2.6916 -0.367227 128 128 128
1.20551 -2.72191 -0.369554 128 128 128
1.18099 -2.75744 -0.372704 128 128 128
1.15124 -2.78179 -0.37421 128 128 128
1.12989 -2.8279 -0.379002 128 128 128
1.09689 -2.84617 -0.379687 128 128 128
1.0674 -2.87427 -0.381878 128 128 128
1.03939 -2.90767 -0.38489 128 128 128
1.00815 -2.93332 -0.386807 128 128 128
0.973319 -2.94924 -0.387355 128 128 128
0.945733 -2.98834 -0.391326 128 128 128
0.91158 -3.00825 -0.392558 128 128 128
0.875423 -3.02207 -0.392969 128 128 128
0.840915 -3.04213 -0.394338 128 128 128
0.806804 -3.06467 -0.396118 128 128 128
0.771543 -3.08395 -0.397487 128 128 128
0.734785 -3.09801 -0.398172 128 128 128
0.699536 -3.11935 -0.399952 128 128 128
0.666131 -3.15096 -0.403238 128 128 128
0.632248 -3.18319 -0.406661 128 128 128
0.595315 -3.20239 -0.408304 128 128 128
0.558684 -3.22507 -0.410495 128 128 128
0.52253 -3.2532 -0.413508 128 128 128
0.484605 -3.27308 -0.415425 128 128 128
0.446138 -3.29154 -0.417205 128 128 128
0.408382 -3.3184 -0.420217 128 128 128
0.368723 -3.33301 -0.421586 128 128 128
0.329252 -3.35207 -0.42364 128 128 128
0.288688 -3.36276 -0.424599 128 128 128
0.248203 -3.37692 -0.426105 128 128 128
0.206927 -3.38268 -0.426516 128 128 128
0.166278 -3.40277 -0.42898 128 128 128
0.124838 -3.41347 -0.430213 128 128 128
0.0831599 -3.42365 -0.431445 128 128 128
0.0412262 -3.43135 -0.432403 128 128 128
-0.000883832 -3.43952 -0.433499 128 128 128
-0.0434287 -3.46699 -0.437333 128 128 128
-0.0864543 -3.486 -0.440071 128 128 128
-0.129771 -3.49952 -0.442125 128 128 128
-0.173142 -3.50657 -0.443358 128 128 128
-0.217433 -3.52495 -0.446233 128 128 128
-0.26111 -3.52794 -0.447055 128 128 128
-0.306081 -3.54421 -0.449793 128 128 128
-0.350617 -3.55103 -0.451299 128 128 128
-0.396566 -3.56812 -0.454312 128 128 128
-0.440929 -3.5679 -0.454996 128 128 128
-0.486144 -3.57302 -0.456502 128 128 128
-0.531406 -3.57658 -0.457872 128 128 128
-0.576986 -3.58055 -0.459378 128 128 128
-0.620035 -3.56832 -0.458693 128 128 128
-0.665589 -3.57018 -0.460062 128 128 128
-0.712247 -3.57632 -0.462116 128 128 128
-0.756491 -3.56925 -0.46239 128 128 128
-0.801969 -3.56743 -0.463486 128 128 128
-0.848889 -3.57081 -0.465403 128 128 128
-0.893366 -3.56301 -0.465813 128 128 128
-0.941565 -3.56902 -0.468278 128 128 128
-0.98846 -3.56865 -0.469921 128 128 128
-1.03273 -3.55816 -0.470195 128 128 128
-1.08178 -3.56323 -0.472797 128 128 128
-1.12811 -3.55818 -0.474029 128 128 128
-1.1807 -3.57135 -0.478 128 128 128
-1.22412 -3.55565 -0.477863 128 128 128
-1.27133 -3.55062 -0.479369 128 128 128
-1.3148 -3.53476 -0.479369 128 128 128
-1.45197 -3.50319 -0.482244 128 128 128
-1.50539 -3.50969 -0.485941 128 128 128
-1.54433 -3.48189 -0.484572 128 128 128
-1.58983 -3.46898 -0.485531 128 128 128
-0.65039 -1.37248 -0.168 128 128 128
-0.663709 -1.35727 -0.166904 128 128 128
-0.67319 -1.33487 -0.164713 128 128 128
-0.699098 -1.34497 -0.167589 128 128 128
-0.713216 -1.33192 -0.166904 128 128 128
-0.742878 -1.34737 -0.170738 128 128 128
-1.90063 -3.35341 -0.490871 128 128 128
-1.94962 -3.34352 -0.493062 128 128 128
-1.99203 -3.3219 -0.493472 128 128 128
-2.03576 -3.30226 -0.494294 128 128 128
-2.07984 -3.28289 -0.495252 128 128 128
-2.12483 -3.26459 -0.496485 128 128 128
-2.15208 -3.21933 -0.493335 128 128 128
-2.47234 -3.08778 -0.504837 128 128 128
-2.50565 -3.05185 -0.503879 128 128 128
-2.52824 -3.00344 -0.500729 128 128 128
-2.61431 -2.95533 -0.503468 128 128 128
-2.6577 -2.9311 -0.504974 128 128 128
-2.66987 -2.87286 -0.500182 128 128 128
-2.68307 -2.81692 -0.4958 128 128 128
-2.71882 -2.7852 -0.496074 128 128 128
-2.74719 -2.74603 -0.494979 128 128 128
-2.77147 -2.70311 -0.493199 128 128 128
-2.63215 1.08663 -0.420696 128 128 128
-2.59412 1.10834 -0.416361 128 128 128
-2.57311 1.13689 -0.415076 128 128 128
-2.59127 1.18319 -0.420857 128 128 128
-1.87709 1.49789 -0.348119 128 128 128
-1.62518 1.66058 -0.335433 128 128 128
-1.56657 1.64036 -0.326442 128 128 128
-1.44746 1.67264 -0.317289 128 128 128
-1.4319 1.69632 -0.318574 128 128 128
-1.38907 1.68706 -0.312954 128 128 128
-1.38491 1.72479 -0.317289 128 128 128
-1.34396 1.76061 -0.317771 128 128 128
-1.27993 1.71988 -0.30621 128 128 128
-1.25237 1.72666 -0.304443 128 128 128
-1.22768 1.73705 -0.30348 128 128 128
-1.20459 1.74955 -0.302998 128 128 128
-1.17262 1.7486 -0.299947 128 128 128
-1.15053 1.76203 -0.299787 128 128 128
-1.1378 1.7902 -0.302517 128 128 128
-1.09815 1.77545 -0.297057 128 128 128
-1.0641 1.76847 -0.293203 128 128 128
-1.03338 1.76605 -0.290313 128 128 128
-1.00141 1.76056 -0.286941 128 128 128
-0.981162 1.77531 -0.287423 128 128 128
-0.946744 1.76371 -0.283088 128 128 128
-0.922304 1.76994 -0.282124 128 128 128
-0.896966 1.77407 -0.28084 128 128 128
-0.871233 1.77696 -0.279394 128 128 128
-0.844721 1.7777 -0.277628 128 128 128
-0.819556 1.78075 -0.276344 128 128 128
-0.793244 1.78075 -0.274577 128 128 128
-0.769389 1.78581 -0.273774 128 128 128
-0.744773 1.78873 -0.27265 128 128 128
-0.718737 1.78766 -0.270884 128 128 128
-0.692486 1.78529 -0.268957 128 128 128
-0.666057 1.78163 -0.26687 128 128 128
-0.641153 1.7813 -0.265425 128 128 128
-0.616357 1.78063 -0.26398 128 128 128
-0.591675 1.77963 -0.262535 128 128 128
-0.566217 1.77546 -0.260608 128 128 128
-0.542955 1.77755 -0.259805 128 128 128
-0.51753 1.77176 -0.257717 128 128 128
-0.494171 1.77227 -0.256754 128 128 128
-0.469117 1.76579 -0.254667 128 128 128
-0.445257 1.7628 -0.253221 128 128 128
-0.421996 1.76141 -0.252097 128 128 128
-0.39754 1.75393 -0.25001 128 128 128
-0.373536 1.74709 -0.248083 128 128 128
-0.351492 1.74864 -0.247601 128 128 128
-0.328383 1.74409 -0.246156 128 128 128
-0.307292 1.74993 -0.246477 128 128 128
-0.284855 1.74772 -0.245514 128 128 128
-0.262808 1.74718 -0.244872 128 128 128
-0.239756 1.73854 -0.242945 128 128 128
-0.218404 1.74135 -0.242945 128 128 128
-0.196801 1.74194 -0.242624 128 128 128
-0.174541 1.73538 -0.241179 128 128 128
-0.152895 1.73346 -0.240536 128 128 128
-0.131177 1.7293 -0.239573 128 128 128
-0.109584 1.72486 -0.23861 128 128 128
-0.0881676 1.72115 -0.237807 128 128 128
-0.0665704 1.70928 -0.235719 128 128 128
-0.0456619 1.71293 -0.236201 128 128 128
-0.0245668 1.70744 -0.235238 128 128 128
-0.00361399 1.69873 -0.233792 128 128 128
0.0171213 1.68976 -0.232347 128 128 128
0.0379293 1.69238 -0.232829 128 128 128
0.0586581 1.6908 -0.232668 128 128 128
0.0781863 1.66531 -0.228654 128 128 128
0.0990415 1.67112 -0.229778 128 128 128
0.118959 1.66191 -0.228494 128 128 128
0.139089 1.65737 -0.228012 128 128 128
0.158932 1.65063 -0.227209 128 128 128
0.17874 1.64463 -0.226567 128 128 128
0.198183 1.63644 -0.225603 128 128 128
0.217451 1.62801 -0.22464 128 128 128
0.236398 1.61839 -0.223516 128 128 128
0.255612 1.61147 -0.222874 128 128 128
0.274692 1.60432 -0.222231 128 128 128
0.293997 1.59889 -0.22191 128 128 128
0.31109 1.58257 -0.219823 128 128 128
0.330487 1.57864 -0.219823 128 128 128
0.349401 1.57254 -0.219502 128 128 128
0.366846 1.56045 -0.218217 128 128 128
0.384288 1.54913 -0.217093 128 128 128
0.405787 1.55384 -0.218699 128 128 128
0.420609 1.53352 -0.21613 128 128 128
0.439121 1.5273 -0.215969 128 128 128
0.457543 1.52085 -0.215809 128 128 128
0.473487 1.50665 -0.214363 128 128 128
0.487293 1.48667 -0.211955 128 128 128
0.507107 1.48525 -0.212758 128 128 128
0.521968 1.46962 -0.211152 128 128 128
0.539275 1.46125 -0.210831 128 128 128
0.558943 1.45913 -0.211634 128 128 128
0.577907 1.45491 -0.212115 128 128 128
0.594205 1.44406 -0.211473 128 128 128
0.610714 1.43394 -0.210991 128 128 128
0.627465 1.42453 -0.21067 128 128 128
0.646132 1.41942 -0.211152 128 128 128
0.663502 1.41138 -0.211152 128 128 128
0.681638 1.40491 -0.211473 128 128 128
0.699271 1.39732 -0.211634 128 128 128
0.372572 0.726358 -0.0902426 128 128 128
0.421953 0.797454 -0.104212 128 128 128
0.428851 0.787028 -0.103249 128 128 128
0.456484 0.813478 -0.10919 128 128 128
0.722485 1.24693 -0.191884 128 128 128
0.791032 1.32685 -0.208743 128 128 128
0.808809 1.31957 -0.209225 128 128 128
0.824941 1.30954 -0.209225 128 128 128
0.839872 1.29767 -0.208904 128 128 128
0.855185 1.28644 -0.208743 128 128 128
0.859177 1.25876 -0.205372 128 128 128
0.872286 1.24489 -0.204729 128 128 128
0.867832 1.2069 -0.19927 128 128 128
0.901398 1.22153 -0.204408 128 128 128
0.934852 1.23472 -0.209386 128 128 128
0.478577 0.619439 -0.0847832 128 128 128
0.607676 0.765303 -0.116416 128 128 128
0.578189 0.710492 -0.10646 128 128 128
0.585593 0.701833 -0.106139 128 128 128
0.60061 0.702066 -0.107745 128 128 128
0.605257 0.690207 -0.106781 128 128 128
0.610366 0.679072 -0.105979 128 128 128
0.614622 0.667193 -0.105015 128 128 128
0.652716 0.691047 -0.11208 128 128 128
0.64391 0.665328 -0.108066 128 128 128
0.641555 0.646909 -0.105657 128 128 128
0.652272 0.641744 -0.1063 128 128 128
0.660098 0.633691 -0.1063 128 128 128
0.665655 0.623529 -0.105818 128 128 128
0.673256 0.615313 -0.105818 128 128 128
0.682975 0.608966 -0.1063 128 128 128
0.696377 0.605695 -0.107584 128 128 128
0.704513 0.597739 -0.107745 128 128 128
0.713321 0.590301 -0.108066 128 128 128
0.731301 0.590135 -0.110314 128 128 128
0.73304 0.576867 -0.10919 128 128 128
0.758134 0.58157 -0.112883 128 128 128
0.474214 0.356501 -0.0539537 128 128 128
0.628166 0.458745 -0.0839804 128 128 128
0.456186 0.326007 -0.0486549 128 128 128
0.766221 0.530272 -0.109029 128 128 128
0.775133 0.522474 -0.109511 128 128 128
0.779004 0.511308 -0.109029 128 128 128
1.2973 0.825825 -0.20762 128 128 128
1.33339 0.825888 -0.212597 128 128 128
1.36374 0.821638 -0.216451 128 128 128
1.37884 0.807821 -0.217414 128 128 128
1.39466 0.794244 -0.218538 128 128 128
1.40603 0.778021 -0.218859 128 128 128
1.41809 0.762104 -0.219341 128 128 128
1.42821 0.745099 -0.219502 128 128 128
1.43813 0.72796 -0.219662 128 128 128
1.46736 0.72021 -0.223355 128 128 128
1.45556 0.692447 -0.219662 128 128 128
1.47831 0.681106 -0.222231 128 128 128
1.49648 0.667311 -0.223998 128 128 128
1.50456 0.648897 -0.223998 128 128 128
1.52061 0.633783 -0.225443 128 128 128
1.53194 0.61654 -0.226085 128 128 128
1.54492 0.599824 -0.227048 128 128 128
1.55494 0.581852 -0.22753 128 128 128
1.56568 0.564056 -0.228173 128 128 128
1.57715 0.546404 -0.228975 128 128 128
1.57905 0.525462 -0.228173 128 128 128
1.59667 0.50962 -0.230099 128 128 128
1.61886 0.494855 -0.232829 128 128 128
1.62766 0.475776 -0.233311 128 128 128
1.63337 0.455766 -0.233311 128 128 128
1.64457 0.437196 -0.234274 128 128 128
1.65269 0.4177 -0.234756 128 128 128
1.66057 0.398072 -0.235238 128 128 128
1.66822 0.378312 -0.235719 128 128 128
1.67756 0.358833 -0.236522 128 128 128
1.68281 0.338412 -0.236683 128 128 128
1.69266 0.318819 -0.237646 128 128 128
1.69547 0.297855 -0.237486 128 128 128
1.70874 0.278592 -0.239091 128 128 128
1.71496 0.258036 -0.239573 128 128 128
1.72093 0.237369 -0.240055 128 128 128
1.73351 0.217439 -0.24166 128 128 128
1.73801 0.196367 -0.241982 128 128 128
1.74717 0.1757 -0.243106 128 128 128
1.75411 0.154668 -0.243908 128 128 128
1.77458 0.134507 -0.246959 128 128 128
1.78595 0.113323 -0.248565 128 128 128
1.79312 0.0916874 -0.249528 128 128 128
1.79707 0.0697845 -0.25001 128 128 128
1.81851 0.0482307 -0.253382 128 128 128
1.82291 0.0259587 -0.254024 128 128 128
1.82507 0.00358643 -0.254345 128 128 128
1.84866 -0.0191061 -0.258199 128 128 128
1.8621 -0.0421327 -0.260447 128 128 128
1.86144 -0.0649803 -0.260447 128 128 128
1.87036 -0.0883047 -0.262053 128 128 128
1.88195 -0.11204 -0.26414 128 128 128
1.88338 -0.135344 -0.264622 128 128 128
1.8924 -0.15938 -0.266388 128 128 128
1.89325 -0.182881 -0.26687 128 128 128
1.90655 -0.207845 -0.269439 128 128 128
1.90778 -0.23171 -0.270081 128 128 128
1.9224 -0.257498 -0.272972 128 128 128
1.92104 -0.28136 -0.273293 128 128 128
1.91355 -0.304285 -0.27265 128 128 128
1.92231 -0.329941 -0.274738 128 128 128
1.92297 -0.35441 -0.275541 128 128 128
1.9359 -0.381451 -0.278431 128 128 128
1.93494 -0.405997 -0.279073 128 128 128
1.93462 -0.430793 -0.279876 128 128 128
1.93207 -0.455187 -0.280358 128 128 128
1.94262 -0.482942 -0.283088 128 128 128
1.9499 -0.51027 -0.285336 128 128 128
1.95015 -0.536004 -0.28646 128 128 128
1.9548 -0.563196 -0.288386 128 128 128
1.98175 -0.597464 -0.294167 128 128 128
1.97615 -0.622335 -0.294488 128 128 128
1.97773 -0.649637 -0.296094 128 128 128
1.97428 -0.675464 -0.296897 128 128 128
1.98164 -0.705297 -0.299626 128 128 128
1.98209 -0.733003 -0.301232 128 128 128
1.98859 -0.763313 -0.303962 128 128 128
1.98549 -0.790225 -0.305086 128 128 128
1.99023 -0.820578 -0.307655 128 128 128
1.98999 -0.849219 -0.309421 128 128 128
1.98484 -0.875976 -0.310385 128 128 128
1.97573 -0.90109 -0.310706 128 128 128
1.97345 -0.929489 -0.312311 128 128 128
1.96189 -0.953636 -0.312311 128 128 128
1.94652 -0.975864 -0.311669 128 128 128
1.94841 -1.00695 -0.314238 128 128 128
1.96115 -1.04429 -0.318895 128 128 128
1.9551 -1.07208 -0.320179 128 128 128
1.9521 -1.10183 -0.322106 128 128 128
1.95634 -1.13615 -0.325478 128 128 128
1.9541 -1.16718 -0.327726 128 128 128
1.95139 -1.19832 -0.329974 128 128 128
1.94571 -1.22799 -0.33174 128 128 128
1.95697 -1.269 -0.336879 128 128 128
1.94945 -1.29841 -0.338484 128 128 128
1.94477 -1.33005 -0.340732 128 128 128
1.93233 -1.35666 -0.341535 128 128 128
1.92354 -1.38605 -0.343141 128 128 128
1.92778 -1.42543 -0.347476 128 128 128
1.91015 -1.44898 -0.347476 128 128 128
1.9 -1.47839 -0.349082 128 128 128
1.89713 -1.51393 -0.352293 128 128 128
1.88222 -1.54023 -0.353096 128 128 128
1.86846 -1.56766 -0.35422 128 128 128
1.85656 -1.59692 -0.355826 128 128 128
1.84273 -1.62481 -0.35711 128 128 128
1.83216 -1.65592 -0.359198 128 128 128
1.82544 -1.69105 -0.362249 128 128 128
1.82027 -1.7283 -0.365781 128 128 128
1.80599 -1.7574 -0.367387 128 128 128
1.79685 -1.792 -0.370277 128 128 128
1.78644 -1.82592 -0.373007 128 128 128
1.7707 -1.85486 -0.374613 128 128 128
1.76124 -1.89092 -0.377824 128 128 128
1.75248 -1.92848 -0.381357 128 128 128
1.73326 -1.95502 -0.382481 128 128 128
1.70527 -1.97165 -0.381517 128 128 128
1.69365 -2.00754 -0.384729 128 128 128
1.68454 -2.04725 -0.388743 128 128 128
1.66176 -2.07085 -0.389385 128 128 128
1.64836 -2.10665 -0.392597 128 128 128
1.62597 -2.13143 -0.39356 128 128 128
1.60439 -2.15757 -0.394844 128 128 128
1.58473 -2.1867 -0.396771 128 128 128
1.57085 -2.22454 -0.400464 128 128 128
1.55013 -2.25342 -0.402391 128 128 128
1.53442 -2.29033 -0.405924 128 128 128
1.52019 -2.3305 -0.410099 128 128 128
1.52051 -2.39485 -0.41893 128 128 128
1.47806 -2.39232 -0.414916 128 128 128
1.45519 -2.42128 -0.417003 128 128 128
1.43729 -2.45943 -0.420857 128 128 128
1.41138 -2.48461 -0.422302 128 128 128
1.38839 -2.51558 -0.424871 128 128 128
1.36347 -2.54375 -0.426959 128 128 128
1.33942 -2.57431 -0.429528 128 128 128
1.31127 -2.5976 -0.430812 128 128 128
1.28752 -2.63035 -0.433863 128 128 128
1.25557 -2.64685 -0.434024 128 128 128
1.22628 -2.66924 -0.435308 128 128 128
1.19903 -2.69672 -0.437556 128 128 128
1.17323 -2.72847 -0.440607 128 128 128
1.14608 -2.75816 -0.443337 128 128 128
1.1191 -2.78943 -0.446388 128 128 128
1.09011 -2.81677 -0.448796 128 128 128
1.06406 -2.85307 -0.45281 128 128 128
1.03428 -2.88078 -0.455379 128 128 128
1.00238 -2.90352 -0.457146 128 128 128
0.971627 -2.9306 -0.459715 128 128 128
0.939761 -2.95548 -0.461963 128 128 128
0.909148 -2.98568 -0.465174 128 128 128
0.876012 -3.00894 -0.467262 128 128 128
0.842442 -3.03183 -0.469349 128 128 128
0.807184 -3.04957 -0.470634 128 128 128
0.772096 -3.06882 -0.472239 128 128 128
0.736885 -3.08863 -0.474006 128 128 128
0.70152 -3.109 -0.475932 128 128 128
0.665357 -3.12703 -0.477538 128 128 128
0.629049 -3.14561 -0.479304 128 128 128
0.59419 -3.17347 -0.482676 128 128 128
0.558236 -3.19803 -0.485567 128 128 128
0.521924 -3.22315 -0.488618 128 128 128
0.483778 -3.23908 -0.490223 128 128 128
0.447308 -3.26922 -0.494237 128 128 128
0.408362 -3.28426 -0.495843 128 128 128
0.370309 -3.30963 -0.499215 128 128 128
0.330825 -3.32571 -0.501142 128 128 128
0.291509 -3.34722 -0.504032 128 128 128
0.250991 -3.35842 -0.505317 128 128 128
0.210905 -3.37997 -0.508368 128 128 128
0.169363 -3.38131 -0.508207 128 128 128
0.12829 -3.39497 -0.510134 128 128 128
0.0870508 -3.41405 -0.513024 128 128 128
0.04522 -3.42079 -0.513988 128 128 128
0.00323694 -3.42701 -0.514951 128 128 128
-0.0389536 -3.43765 -0.516717 128 128 128
-0.081649 -3.45763 -0.520089 128 128 128
-0.124804 -3.47609 -0.523301 128 128 128
-0.168425 -3.49402 -0.526512 128 128 128
-0.212443 -3.51041 -0.529563 128 128 128
-0.256306 -3.51836 -0.531329 128 128 128
-0.300651 -3.52872 -0.533577 128 128 128
-0.344416 -3.52967 -0.53438 128 128 128
-0.388904 -3.53597 -0.536146 128 128 128
-0.433356 -3.53975 -0.537591 128 128 128
-0.479023 -3.55079 -0.540321 128 128 128
-0.525026 -3.56124 -0.543051 128 128 128
-0.569788 -3.56135 -0.544175 128 128 128
-0.615814 -3.56771 -0.546423 128 128 128
-0.661719 -3.57153 -0.54835 128 128 128
-0.705305 -3.56217 -0.548189 128 128 128
-0.75142 -3.56483 -0.550116 128 128 128
-0.795543 -3.55727 -0.550437 128 128 128
-0.841419 -3.55684 -0.552043 128 128 128
-0.885483 -3.54816 -0.552364 128 128 128
-0.931727 -3.54753 -0.55413 128 128 128
-0.978089 -3.54629 -0.555897 128 128 128
-1.02786 -3.55582 -0.55959 128 128 128
-1.07314 -3.54861 -0.560553 128 128 128
-1.12019 -3.54646 -0.56248 128 128 128
-1.17013 -3.55213 -0.565852 128 128 128
-1.21363 -3.5375 -0.565852 128 128 128
-1.26194 -3.53628 -0.56826 128 128 128
-1.2987 -3.50295 -0.56521 128 128 128
-1.3551 -3.52174 -0.571311 128 128 128
-1.40225 -3.51493 -0.573078 128 128 128
-1.44943 -3.50749 -0.574844 128 128 128
-1.58043 -3.45804 -0.575968 128 128 128
-1.63119 -3.45623 -0.579179 128 128 128
-0.663447 -1.36766 -0.204729 128 128 128
-0.670413 -1.34002 -0.201197 128 128 128
-0.691809 -1.34133 -0.202963 128 128 128
-0.700304 -1.31794 -0.200233 128 128 128
-0.715472 -1.30752 -0.199912 128 128 128
-1.93797 -3.42733 -0.597966 128 128 128
-1.93812 -3.33167 -0.584478 128 128 128
-1.98698 -3.32118 -0.587047 128 128 128
-2.03432 -3.30747 -0.589135 128 128 128
-2.07369 -3.28059 -0.588813 128 128 128
-2.10411 -3.24 -0.585923 128 128 128
-2.13054 -3.19425 -0.582069 128 128 128
-2.20533 -3.21994 -0.592346 128 128 128
-2.23615 -3.18053 -0.589937 128 128 128
-2.26633 -3.14086 -0.587529 128 128 128
-2.31706 -3.12945 -0.590901 128 128 128
-2.38936 -3.14555 -0.600053 128 128 128
-2.34578 -3.01096 -0.578376 128 128 128
-2.50333 -2.97997 -0.59058 128 128 128
-2.49457 -2.89672 -0.57934 128 128 128
-0.592831 -0.676161 -0.103731 128 128 128
-2.6259 -2.9019 -0.594112 128 128 128
-2.6808 -2.89042 -0.598769 128 128 128
-2.74058 -2.81317 -0.59636 128 128 128
-2.75675 -2.76118 -0.592185 128 128 128
-2.78195 -2.71887 -0.590259 128 128 128
-2.75504 -2.62737 -0.576771 128 128 128
-2.90859 -2.7062 -0.603746 128 128 128
-2.9189 -2.64976 -0.598769 128 128 128
-2.92088 -2.58694 -0.592185 128 128 128
-3.52969 -1.46546 -0.579179 128 128 128
-3.52816 -1.41434 -0.575807 128 128 128
-3.53052 -1.36526 -0.573238 128 128 128
-1.71337 1.55322 -0.393245 128 128 128
-1.64026 1.60083 -0.38935 128 128 128
-1.62744 1.62778 -0.391205 128 128 128
-1.62382 1.6645 -0.395657 128 128 128
-1.22724 1.74311 -0.359114 128 128 128
-1.19908 1.74832 -0.356888 128 128 128
-1.16825 1.74901 -0.353735 128 128 128
-1.14134 1.75498 -0.35188 128 128 128
-1.11603 1.76305 -0.350581 128 128 128
-1.09586 1.77912 -0.351138 128 128 128
-1.0603 1.76968 -0.346129 128 128 128
-1.02612 1.76134 -0.341492 128 128 128
-0.993763 1.755 -0.337411 128 128 128
-0.968358 1.76018 -0.335927 128 128 128
-0.941121 1.76153 -0.333701 128 128 128
-0.917169 1.76859 -0.332774 128 128 128
-0.889205 1.76742 -0.330177 128 128 128
-0.863135 1.76937 -0.328322 128 128 128
-0.840937 1.77894 -0.328136 128 128 128
-0.816995 1.78466 -0.327209 128 128 128
-0.790648 1.78468 -0.325168 128 128 128
-0.765587 1.78702 -0.323684 128 128 128
-0.739835 1.7872 -0.321829 128 128 128
-0.714559 1.78794 -0.32016 128 128 128
-0.689732 1.78924 -0.318676 128 128 128
-0.66361 1.78652 -0.31645 128 128 128
-0.640642 1.79175 -0.315894 128 128 128
-0.617326 1.79576 -0.315152 128 128 128
-0.592156 1.79387 -0.313297 128 128 128
-0.563262 1.77946 -0.30903 128 128 128
-0.538811 1.77778 -0.307361 128 128 128
-0.514213 1.77482 -0.305506 128 128 128
-0.490557 1.77437 -0.304207 128 128 128
-0.466237 1.77075 -0.302352 128 128 128
-0.44184 1.76586 -0.300312 128 128 128
-0.41809 1.76254 -0.298643 128 128 128
-0.394487 1.75891 -0.296973 128 128 128
-0.371037 1.75497 -0.295304 128 128 128
-0.347743 1.75072 -0.293634 128 128 128
-0.324971 1.74809 -0.292336 128 128 128
-0.301642 1.7413 -0.290295 128 128 128
-0.278998 1.73711 -0.288811 128 128 128
-0.257226 1.73749 -0.288255 128 128 128
-0.235221 1.73564 -0.287327 128 128 128
-0.21318 1.73255 -0.286214 128 128 128
-0.191468 1.73113 -0.285472 128 128 128
-0.169919 1.73041 -0.284916 128 128 128
-0.148078 1.72552 -0.283618 128 128 128
-0.12631 1.71936 -0.282134 128 128 128
-0.104959 1.71686 -0.281392 128 128 128
-0.0837363 1.71508 -0.280835 128 128 128
-0.0627566 1.71794 -0.281206 128 128 128
-0.0414735 1.71072 -0.279722 128 128 128
-0.0204145 1.70619 -0.278795 128 128 128
0.00052785 1.69943 -0.277496 128 128 128
0.0213245 1.69438 -0.276569 128 128 128
0.0419501 1.68712 -0.27527 128 128 128
0.062472 1.68157 -0.274343 128 128 128
0.082864 1.67577 -0.273415 128 128 128
0.103063 1.66874 -0.272302 128 128 128
0.122887 1.65853 -0.270633 128 128 128
0.142895 1.65298 -0.269891 128 128 128
0.162786 1.64719 -0.269149 128 128 128
0.182448 1.64018 -0.268221 128 128 128
0.201843 1.63197 -0.267108 128 128 128
0.2208 1.62158 -0.265624 128 128 128
0.240108 1.61486 -0.264883 128 128 128
0.25944 1.60888 -0.264326 128 128 128
0.278326 1.60073 -0.263399 128 128 128
0.297589 1.59527 -0.263028 128 128 128
0.316187 1.58667 -0.2621 128 128 128
0.335025 1.57979 -0.261544 128 128 128
0.353527 1.57172 -0.260802 128 128 128
0.372108 1.5644 -0.260245 128 128 128
0.391039 1.55876 -0.26006 128 128 128
0.408388 1.54719 -0.258761 128 128 128
0.426559 1.53922 -0.258205 128 128 128
0.445416 1.53387 -0.258205 128 128 128
0.462496 1.52265 -0.257092 128 128 128
0.479369 1.51124 -0.255979 128 128 128
0.496031 1.49964 -0.254866 128 128 128
0.513439 1.49065 -0.254309 128 128 128
0.530701 1.48147 -0.253753 128 128 128
0.54679 1.46931 -0.25264 128 128 128
0.564426 1.46158 -0.252454 128 128 128
0.581226 1.4518 -0.251898 128 128 128
0.598623 1.44365 -0.251712 128 128 128
0.614746 1.43258 -0.25097 128 128 128
0.63228 1.42493 -0.25097 128 128 128
0.649719 1.41707 -0.25097 128 128 128
0.66622 1.40721 -0.250599 128 128 128
0.682577 1.39716 -0.250228 128 128 128
0.697906 1.38517 -0.249486 128 128 128
0.41916 0.805916 -0.128173 128 128 128
0.425779 0.794643 -0.126874 128 128 128
0.437865 0.793664 -0.127802 128 128 128
0.594687 1.04822 -0.184192 128 128 128
0.777082 1.33212 -0.247817 128 128 128
0.791352 1.31911 -0.247075 128 128 128
0.785846 1.27416 -0.239284 128 128 128
0.811404 1.2802 -0.242809 128 128 128
0.831337 1.27673 -0.244293 128 128 128
0.846941 1.26644 -0.244293 128 128 128
0.877418 1.27783 -0.249301 128 128 128
0.891336 1.26456 -0.248744 128 128 128
0.905062 1.25113 -0.248188 128 128 128
0.918007 1.23677 -0.247446 128 128 128
0.93371 1.2262 -0.247631 128 128 128
0.94627 1.21155 -0.246889 128 128 128
0.961066 1.19984 -0.246889 128 128 128
0.976341 1.18872 -0.247075 128 128 128
0.984532 1.16913 -0.24522 128 128 128
1.00586 1.16515 -0.24726 128 128 128
1.02269 1.15566 -0.248002 128 128 128
1.04009 1.14667 -0.24893 128 128 128
1.05542 1.13526 -0.249301 128 128 128
1.07062 1.12364 -0.249672 128 128 128
1.0809 1.1069 -0.248744 128 128 128
1.09649 1.09564 -0.249301 128 128 128
1.10563 1.07798 -0.248188 128 128 128
1.11878 1.06433 -0.248188 128 128 128
1.13463 1.0532 -0.24893 128 128 128
0.475008 0.429124 -0.0775324 128 128 128
0.717909 0.633624 -0.137447 128 128 128
0.694393 0.597794 -0.129657 128 128 128
0.703931 0.591127 -0.130213 128 128 128
0.71341 0.584315 -0.13077 128 128 128
0.726662 0.580432 -0.132253 128 128 128
0.723663 0.563606 -0.129842 128 128 128
0.738342 0.560637 -0.131697 128 128 128
0.742011 0.549192 -0.130955 128 128 128
0.754267 0.544077 -0.132253 128 128 128
0.764099 0.537045 -0.132995 128 128 128
0.754432 0.516501 -0.129286 128 128 128
0.759897 0.506658 -0.1291 128 128 128
0.63184 0.409885 -0.0988644 128 128 128
1.34393 0.850347 -0.256906 128 128 128
1.3551 0.834307 -0.257092 128 128 128
1.36776 0.819132 -0.257648 128 128 128
1.37856 0.802781 -0.257834 128 128 128
1.39515 0.789681 -0.259318 128 128 128
1.37375 0.755429 -0.25264 128 128 128
1.4297 0.76355 -0.262657 128 128 128
1.42501 0.738701 -0.259689 128 128 128
1.44274 0.72558 -0.261544 128 128 128
1.45419 0.709115 -0.2621 128 128 128
1.47077 0.695002 -0.26377 128 128 128
1.47919 0.676901 -0.26377 128 128 128
1.49457 0.661887 -0.265253 128 128 128
1.50529 0.644659 -0.26581 128 128 128
1.5149 0.626891 -0.266181 128 128 128
1.52613 0.609715 -0.266923 128 128 128
1.5445 0.59519 -0.269149 128 128 128
1.55353 0.576878 -0.26952 128 128 128
1.56234 0.558433 -0.269891 128 128 128
1.57837 0.54242 -0.271746 128 128 128
1.5877 0.523936 -0.272302 128 128 128
1.59963 0.506196 -0.273415 128 128 128
1.61042 0.487957 -0.274343 128 128 128
1.61912 0.46898 -0.274899 128 128 128
1.63044 0.450651 -0.276012 128 128 128
1.63774 0.431111 -0.276383 128 128 128
1.64577 0.411698 -0.27694 128 128 128
1.65261 0.391926 -0.277311 128 128 128
1.66592 0.373559 -0.27898 128 128 128
1.6723 0.353495 -0.279351 128 128 128
1.68134 0.333907 -0.280279 128 128 128
1.6882 0.313791 -0.280835 128 128 128
1.6958 0.293724 -0.281577 128 128 128
1.70898 0.274457 -0.283432 128 128 128
1.71708 0.254188 -0.284359 128 128 128
1.72299 0.233496 -0.284916 128 128 128
1.72767 0.212576 -0.285287 128 128 128
1.73211 0.191577 -0.285658 128 128 128
1.75095 0.171952 -0.288811 128 128 128
1.76663 0.151639 -0.291408 128 128 128
1.76934 0.130021 -0.291594 128 128 128
1.77571 0.108602 -0.292521 128 128 128
1.7828 0.0870957 -0.293634 128 128 128
1.8073 0.0660909 -0.298086 128 128 128
1.81387 0.0440551 -0.299199 128 128 128
1.81624 0.0218179 -0.29957 128 128 128
1.82423 -0.000467952 -0.301054 128 128 128
1.83489 -0.0229814 -0.303095 128 128 128
1.84626 -0.0457804 -0.30532 128 128 128
1.84851 -0.0685405 -0.305877 128 128 128
1.86028 -0.09184 -0.308288 128 128 128
1.86785 -0.1152 -0.309958 128 128 128
1.87021 -0.1384 -0.3107 128 128 128
1.87816 -0.162178 -0.312555 128 128 128
1.8995 -0.187514 -0.317007 128 128 128
1.89999 -0.211133 -0.317563 128 128 128
1.90213 -0.235032 -0.318491 128 128 128
1.903 -0.258884 -0.319233 128 128 128
1.91134 -0.283942 -0.321459 128 128 128
1.9116 -0.307998 -0.3222 128 128 128
1.92413 -0.334281 -0.325354 128 128 128
1.91699 -0.35733 -0.324797 128 128 128
1.91631 -0.381592 -0.325539 128 128 128
1.9211 -0.40711 -0.327394 128 128 128
1.92267 -0.432158 -0.328693 128 128 128
1.92583 -0.457759 -0.330362 128 128 128
1.92769 -0.483264 -0.331846 128 128 128
1.93682 -0.510883 -0.334814 128 128 128
1.94083 -0.53749 -0.336855 128 128 128
1.95485 -0.567278 -0.340935 128 128 128
1.96279 -0.595781 -0.343903 128 128 128
1.9572 -0.620415 -0.344274 128 128 128
1.96157 -0.648387 -0.346686 128 128 128
1.96276 -0.675602 -0.348541 128 128 128
1.97006 -0.705258 -0.351694 128 128 128
1.95941 -0.728696 -0.351323 128 128 128
1.97783 -0.763283 -0.356888 128 128 128
1.97927 -0.79187 -0.359114 128 128 128
1.9694 -0.816099 -0.359114 128 128 128
1.97279 -0.846005 -0.361896 128 128 128
1.96495 -0.871344 -0.362453 128 128 128
1.9559 -0.896209 -0.362824 128 128 128
1.95453 -0.92476 -0.364864 128 128 128
1.96865 -0.961163 -0.370244 128 128 128
1.95583 -0.984807 -0.370058 128 128 128
1.94796 -1.01099 -0.370986 128 128 128
1.95361 -1.04454 -0.374881 128 128 128
1.94925 -1.07317 -0.376736 128 128 128
1.94192 -1.1004 -0.378035 128 128 128
1.93422 -1.12761 -0.379333 128 128 128
1.93457 -1.15984 -0.382486 128 128 128
1.94697 -1.19997 -0.388422 128 128 128
1.94206 -1.23008 -0.390648 128 128 128
1.93258 -1.25757 -0.391947 128 128 128
1.9309 -1.29046 -0.3951 128 128 128
1.92708 -1.32239 -0.397882 128 128 128
1.91955 -1.35216 -0.399923 128 128 128
1.91715 -1.38597 -0.403262 128 128 128
1.90473 -1.4129 -0.404375 128 128 128
1.9029 -1.44806 -0.408085 128 128 128
1.89351 -1.47795 -0.410125 128 128 128
1.8829 -1.50721 -0.41198 128 128 128
1.87111 -1.53581 -0.41365 128 128 128
1.85814 -1.56372 -0.415134 128 128 128
1.84476 -1.59153 -0.416618 128 128 128
1.8273 -1.616 -0.417174 128 128 128
1.82263 -1.65215 -0.421069 128 128 128
1.8159 -1.6871 -0.424594 128 128 128
1.80788 -1.72144 -0.427933 128 128 128
1.79717 -1.75379 -0.430715 128 128 128
1.78594 -1.78613 -0.433498 128 128 128
1.77282 -1.81705 -0.435909 128 128 128
1.75649 -1.84507 -0.437578 128 128 128
1.75512 -1.88951 -0.443514 128 128 128
1.74369 -1.92401 -0.446853 128 128 128
1.73037 -1.95703 -0.449821 128 128 128
1.71714 -1.99077 -0.452975 128 128 128
1.69638 -2.0162 -0.454087 128 128 128
1.67525 -2.04142 -0.4552 128 128 128
1.65376 -2.06642 -0.456313 128 128 128
1.6434 -2.10592 -0.460951 128 128 128
1.6222 -2.13218 -0.462435 128 128 128
1.60001 -2.15745 -0.463733 128 128 128
1.5809 -2.18727 -0.466145 128 128 128
1.5681 -2.22659 -0.470782 128 128 128
1.5579 -2.27077 -0.476532 128 128 128
1.54303 -2.30932 -0.480984 128 128 128
1.50921 -2.31985 -0.479129 128 128 128
1.48957 -2.35231 -0.482283 128 128 128
1.46782 -2.38212 -0.48488 128 128 128
1.44757 -2.41512 -0.488219 128 128 128
1.4307 -2.45477 -0.493042 128 128 128
1.4155 -2.49864 -0.498792 128 128 128
1.38473 -2.51582 -0.498792 128 128 128
1.357 -2.53869 -0.50009 128 128 128
1.32982 -2.56299 -0.50176 128 128 128
1.30446 -2.59141 -0.504357 128 128 128
1.28162 -2.62576 -0.508252 128 128 128
1.25267 -2.64839 -0.509736 128 128 128
1.22376 -2.6716 -0.511406 128 128 128
1.19367 -2.69271 -0.512704 128 128 128
1.16984 -2.72882 -0.517156 128 128 128
1.14342 -2.76022 -0.52068 128 128 128
1.11786 -2.79503 -0.524947 128 128 128
1.09233 -2.83145 -0.529584 128 128 128
1.06162 -2.85569 -0.53181 128 128 128
1.02981 -2.87775 -0.533665 128 128 128
0.999538 -2.90504 -0.536633 128 128 128
0.970296 -2.93668 -0.540528 128 128 128
0.938643 -2.96241 -0.543311 128 128 128
0.90679 -2.98875 -0.546279 128 128 128
0.873883 -3.01286 -0.548876 128 128 128
0.838683 -3.02999 -0.550174 128 128 128
0.804197 -3.0505 -0.552214 128 128 128
0.768855 -3.06872 -0.553884 128 128 128
0.733642 -3.08844 -0.555924 128 128 128
0.694824 -3.09338 -0.555182 128 128 128
0.66497 -3.14012 -0.562602 128 128 128
0.627539 -3.15383 -0.563715 128 128 128
0.59456 -3.1922 -0.569651 128 128 128
0.557026 -3.20894 -0.571506 128 128 128
0.520267 -3.23202 -0.574659 128 128 128
0.481868 -3.24691 -0.576329 128 128 128
0.44504 -3.27497 -0.580595 128 128 128
0.406749 -3.29579 -0.583563 128 128 128
0.368341 -3.31909 -0.587088 128 128 128
0.328454 -3.33216 -0.588757 128 128 128
0.288471 -3.34671 -0.590797 128 128 128
0.248253 -3.36176 -0.593023 128 128 128
0.207345 -3.37043 -0.594136 128 128 128
0.166407 -3.38156 -0.595806 128 128 128
0.125557 -3.40102 -0.599145 128 128 128
0.0839595 -3.4082 -0.600258 128 128 128
0.0422421 -3.41782 -0.601927 128 128 128
0.000306946 -3.43871 -0.605823 128 128 128
-0.042181 -3.46302 -0.61046 128 128 128
-0.0846981 -3.46323 -0.610645 128 128 128
-0.128405 -3.49531 -0.616952 128 128 128
-0.171813 -3.50427 -0.618993 128 128 128
-0.21552 -3.51367 -0.621219 128 128 128
-0.259197 -3.5186 -0.622703 128 128 128
-0.303278 -3.52592 -0.624743 128 128 128
-0.349207 -3.54932 -0.629937 128 128 128
-0.393599 -3.55258 -0.631421 128 128 128
-0.438843 -3.56114 -0.634018 128 128 128
-0.483565 -3.56327 -0.635502 128 128 128
-0.52783 -3.56096 -0.636244 128 128 128
-0.572578 -3.56101 -0.637542 128 128 128
-0.618915 -3.5692 -0.64051 128 128 128
-0.663923 -3.5681 -0.641809 128 128 128
-0.706895 -3.55583 -0.641067 128 128 128
-0.753726 -3.56227 -0.644034 128 128 128
-0.799962 -3.56426 -0.64626 128 128 128
-0.848625 -3.57521 -0.650341 128 128 128
-0.895056 -3.57501 -0.652382 128 128 128
-0.942109 -3.57612 -0.654793 128 128 128
-0.989324 -3.5766 -0.657205 128 128 128
-1.03533 -3.57174 -0.658689 128 128 128
-1.08164 -3.56723 -0.660358 128 128 128
-1.12948 -3.5668 -0.662955 128 128 128
-1.17963 -3.57227 -0.66685 128 128 128
-1.22498 -3.56217 -0.667778 128 128 128
-1.27257 -3.55798 -0.670004 128 128 128
-1.31511 -3.53933 -0.669447 128 128 128
-1.31394 -3.40739 -0.646075 128 128 128
-1.40813 -3.52242 -0.672786 128 128 128
-1.54637 -3.48977 -0.677238 128 128 128
-1.59644 -3.48661 -0.680577 128 128 128
-1.64036 -3.46942 -0.681134 128 128 128
-0.668799 -1.3689 -0.244293 128 128 128
-0.675836 -1.34127 -0.240212 128 128 128
-0.686367 -1.32153 -0.2378 128 128 128
-0.720119 -1.34595 -0.244849 128 128 128
-0.736582 -1.33701 -0.244849 128 128 128
-0.755353 -1.33215 -0.245776 128 128 128
-2.08056 -3.28655 -0.690965 128 128 128
-2.12931 -3.27395 -0.693933 128 128 128
-2.16932 -3.24757 -0.693933 128 128 128
-2.21068 -3.22314 -0.694489 128 128 128
-2.25233 -3.19898 -0.695231 128 128 128
-2.29947 -3.18226 -0.697828 128 128 128
-2.34478 -3.16248 -0.699869 128 128 128
-3.05338 -2.56994 -0.710071 128 128 128
-3.05356 -2.50671 -0.702465 128 128 128
-3.51362 -1.55803 -0.682247 128 128 128
-3.509 -1.50472 -0.677424 128 128 128
-3.49543 -1.44837 -0.670931 128 128 128
-2.6341 1.09064 -0.565188 128 128 128
-2.60525 1.11632 -0.561636 128 128 128
-2.58331 1.14463 -0.559755 128 128 128
-1.93093 1.54428 -0.484329 128 128 128
-1.88087 1.54238 -0.475763 128 128 128
-1.84686 1.55274 -0.471584 128 128 128
-1.86391 1.60663 -0.481822 128 128 128
-1.73531 1.69192 -0.473883 128 128 128
-1.50653 1.70204 -0.441707 128 128 128
-1.47469 1.7078 -0.438155 128 128 128
-1.4423 1.71228 -0.434394 128 128 128
-1.38111 1.8604 -0.451109 128 128 128
-1.2581 1.73838 -0.414545 128 128 128
-1.23218 1.74729 -0.412873 128 128 128
-1.20126 1.74856 -0.409321 128 128 128
-1.18676 1.77375 -0.412038 128 128 128
-1.1649 1.78818 -0.412038 128 128 128
-1.14287 1.80234 -0.412038 128 128 128
-1.10377 1.78873 -0.405143 128 128 128
-1.06769 1.77864 -0.399293 128 128 128
-1.02859 1.76201 -0.39198 128 128 128
-1.00112 1.76428 -0.389473 128 128 128
-0.990211 1.79615 -0.394278 128 128 128
-0.950159 1.77451 -0.38613 128 128 128
-0.924268 1.77822 -0.384249 128 128 128
-0.887026 1.75884 -0.376936 128 128 128
-0.862809 1.76431 -0.375683 128 128 128
-0.83734 1.76681 -0.373802 128 128 128
-0.814377 1.77428 -0.373176 128 128 128
-0.789381 1.77699 -0.371504 128 128 128
-0.765979 1.78294 -0.370668 128 128 128
-0.741803 1.78678 -0.369415 128 128 128
-0.716201 1.78667 -0.367325 128 128 128
-0.688258 1.7798 -0.363773 128 128 128
-0.664328 1.78261 -0.36252 128 128 128
-0.637807 1.77773 -0.359595 128 128 128
-0.612774 1.77618 -0.357505 128 128 128
-0.589709 1.77985 -0.35667 128 128 128
-0.564587 1.77669 -0.354371 128 128 128
-0.540198 1.77506 -0.352491 128 128 128
-0.512679 1.76182 -0.348103 128 128 128
-0.488944 1.76044 -0.346432 128 128 128
-0.466311 1.76252 -0.345596 128 128 128
-0.44181 1.75672 -0.343089 128 128 128
-0.418197 1.75345 -0.341208 128 128 128
-0.396008 1.75558 -0.340582 128 128 128
-0.372019 1.74883 -0.338074 128 128 128
-0.347118 1.73599 -0.334313 128 128 128
-0.325966 1.74108 -0.334522 128 128 128
-0.303414 1.73821 -0.33306 128 128 128
-0.280982 1.73504 -0.331597 128 128 128
-0.258815 1.73255 -0.330344 128 128 128
-0.236622 1.72881 -0.328881 128 128 128
-0.215034 1.72867 -0.328254 128 128 128
-0.192845 1.72243 -0.326374 128 128 128
-0.171126 1.71883 -0.32512 128 128 128
-0.149938 1.71983 -0.324911 128 128 128
-0.12868 1.71959 -0.324493 128 128 128
-0.107392 1.71811 -0.323867 128 128 128
-0.08616 1.71637 -0.32324 128 128 128
-0.0649867 1.71436 -0.322613 128 128 128
-0.0438074 1.70916 -0.321359 128 128 128
-0.0227655 1.70371 -0.320106 128 128 128
-0.00186411 1.69799 -0.318852 128 128 128
0.0188803 1.69104 -0.31739 128 128 128
0.0395043 1.68579 -0.316345 128 128 128
0.0598536 1.67639 -0.314465 128 128 128
0.0799779 1.66673 -0.312584 128 128 128
0.0998132 1.65587 -0.310495 128 128 128
0.11954 1.64672 -0.308823 128 128 128
0.139569 1.64318 -0.308405 128 128 128
0.159528 1.63939 -0.307988 128 128 128
0.179089 1.63245 -0.306943 128 128 128
0.199108 1.63013 -0.306943 128 128 128
0.217504 1.61594 -0.304436 128 128 128
0.236883 1.61025 -0.303809 128 128 128
0.255843 1.60239 -0.302764 128 128 128
0.274645 1.59432 -0.301719 128 128 128
0.293288 1.58602 -0.300675 128 128 128
0.311385 1.57559 -0.299212 128 128 128
0.330493 1.57069 -0.299003 128 128 128
0.349527 1.56557 -0.298794 128 128 128
0.368031 1.55831 -0.298168 128 128 128
0.385216 1.54608 -0.296496 128 128 128
0.403659 1.53935 -0.296078 128 128 128
0.421209 1.52957 -0.295034 128 128 128
0.439126 1.52147 -0.294407 128 128 128
0.456909 1.51316 -0.29378 128 128 128
0.474554 1.50464 -0.293153 128 128 128
0.486516 1.47921 -0.288765 128 128 128
0.504951 1.47406 -0.288974 128 128 128
0.526638 1.47787 -0.291273 128 128 128
0.542683 1.4658 -0.290019 128 128 128
0.56063 1.45903 -0.290019 128 128 128
0.577399 1.44932 -0.289392 128 128 128
0.591388 1.4331 -0.287303 128 128 128
0.608929 1.42573 -0.287303 128 128 128
0.628764 1.42351 -0.288557 128 128 128
0.64251 1.40769 -0.286676 128 128 128
0.659317 1.39882 -0.286467 128 128 128
0.676433 1.39062 -0.286467 128 128 128
0.692125 1.3796 -0.28584 128 128 128
0.415545 0.807138 -0.150032 128 128 128
0.424495 0.800254 -0.149614 128 128 128
0.430029 0.78728 -0.147734 128 128 128
0.468644 0.83296 -0.16027 128 128 128
0.771966 1.32865 -0.284378 128 128 128
0.788212 1.31908 -0.284378 128 128 128
0.807938 1.31513 -0.28584 128 128 128
0.825064 1.30676 -0.286258 128 128 128
0.841573 1.29736 -0.286467 128 128 128
0.831302 1.24794 -0.276438 128 128 128
0.85653 1.25215 -0.280199 128 128 128
0.851523 1.21278 -0.272677 128 128 128
0.9002 1.24896 -0.285005 128 128 128
0.911958 1.23311 -0.283751 128 128 128
0.927022 1.22183 -0.283751 128 128 128
0.945561 1.21498 -0.285005 128 128 128
0.956727 1.19871 -0.283751 128 128 128
0.971365 1.18688 -0.283751 128 128 128
0.985857 1.17487 -0.283751 128 128 128
1.00084 1.16342 -0.28396 128 128 128
1.01893 1.15544 -0.285214 128 128 128
1.01594 1.12403 -0.279781 128 128 128
1.05631 1.14011 -0.288139 128 128 128
1.03984 1.09523 -0.278737 128 128 128
1.07303 1.10266 -0.284796 128 128 128
1.08718 1.0901 -0.285005 128 128 128
1.09977 1.07599 -0.284796 128 128 128
1.11715 1.06645 -0.286049 128 128 128
1.13087 1.05333 -0.286258 128 128 128
1.14371 1.03937 -0.286258 128 128 128
1.15638 1.02526 -0.286258 128 128 128
1.17258 1.01418 -0.287303 128 128 128
1.18494 0.999715 -0.287303 128 128 128
1.19787 0.985719 -0.287512 128 128 128
1.20835 0.969724 -0.287094 128 128 128
1.22479 0.958427 -0.288348 128 128 128
1.23568 0.942734 -0.288139 128 128 128
1.24794 0.928081 -0.288348 128 128 128
0.632532 0.460923 -0.123288 128 128 128
0.771783 0.546995 -0.15818 128 128 128
0.759067 0.524229 -0.153166 128 128 128
0.766257 0.515417 -0.153375 128 128 128
0.775806 0.508104 -0.154211 128 128 128
1.30704 0.830107 -0.286885 128 128 128
1.3288 0.821172 -0.28981 128 128 128
1.36312 0.819353 -0.295869 128 128 128
1.37476 0.803547 -0.296287 128 128 128
1.38622 0.787578 -0.296705 128 128 128
1.3975 0.771448 -0.297123 128 128 128
1.40599 0.753781 -0.296914 128 128 128
1.41514 0.73647 -0.296914 128 128 128
1.42145 0.717733 -0.296287 128 128 128
1.43279 0.701519 -0.296914 128 128 128
1.45986 0.692641 -0.301302 128 128 128
1.47092 0.675892 -0.301928 128 128 128
1.47911 0.657791 -0.301928 128 128 128
1.49246 0.641896 -0.303182 128 128 128
1.49842 0.622786 -0.302764 128 128 128
1.51412 0.607609 -0.304645 128 128 128
1.53151 0.592842 -0.306943 128 128 128
1.54417 0.57604 -0.308196 128 128 128
1.55481 0.558361 -0.309032 128 128 128
1.56802 0.541458 -0.310495 128 128 128
1.57547 0.52248 -0.310704 128 128 128
1.58736 0.504872 -0.311957 128 128 128
1.59625 0.486203 -0.312584 128 128 128
1.60679 0.467934 -0.313629 128 128 128
1.61618 0.44922 -0.314465 128 128 128
1.63671 0.433321 -0.317808 128 128 128
1.64475 0.413913 -0.318434 128 128 128
1.65161 0.394148 -0.318852 128 128 128
1.66014 0.374703 -0.319688 128 128 128
1.66461 0.354302 -0.319688 128 128 128
1.67267 0.334606 -0.320524 128 128 128
1.68146 0.314943 -0.321568 128 128 128
1.69098 0.295281 -0.322822 128 128 128
1.7022 0.275741 -0.324493 128 128 128
1.69966 0.253978 -0.32324 128 128 128
1.71331 0.234536 -0.325538 128 128 128
1.718 0.21373 -0.325956 128 128 128
1.7166 0.192206 -0.32512 128 128 128
1.73246 0.172451 -0.328045 128 128 128
1.73834 0.151508 -0.328881 128 128 128
1.7586 0.131508 -0.332851 128 128 128
1.76106 0.109976 -0.33306 128 128 128
1.76911 0.0886844 -0.334522 128 128 128
1.77398 0.067107 -0.335358 128 128 128
1.78738 0.0456284 -0.338074 128 128 128
1.79171 0.0237342 -0.33891 128 128 128
1.81338 0.00171809 -0.343507 128 128 128
1.81425 -0.0205483 -0.343716 128 128 128
1.82461 -0.043088 -0.346014 128 128 128
1.84251 -0.0661829 -0.349984 128 128 128
1.84938 -0.0891821 -0.351655 128 128 128
1.854 -0.112237 -0.352909 128 128 128
1.86028 -0.135566 -0.35458 128 128 128
1.86432 -0.158895 -0.355834 128 128 128
1.87878 -0.183411 -0.359386 128 128 128
1.88319 -0.207216 -0.360848 128 128 128
1.8873 -0.231157 -0.362311 128 128 128
1.88916 -0.254964 -0.363356 128 128 128
1.89073 -0.278851 -0.3644 128 128 128
1.89585 -0.303441 -0.366281 128 128 128
1.90932 -0.329715 -0.370041 128 128 128
1.91282 -0.354562 -0.371713 128 128 128
1.91504 -0.379352 -0.373176 128 128 128
1.91789 -0.404454 -0.374847 128 128 128
1.91374 -0.428175 -0.375056 128 128 128
1.9169 -0.453672 -0.376936 128 128 128
1.92067 -0.479549 -0.379026 128 128 128
1.92788 -0.506589 -0.381951 128 128 128
1.92905 -0.532305 -0.383622 128 128 128
1.9327 -0.558946 -0.385921 128 128 128
1.9416 -0.587467 -0.389473 128 128 128
1.94636 -0.615104 -0.392189 128 128 128
1.94795 -0.642022 -0.394278 128 128 128
1.95379 -0.670668 -0.397412 128 128 128
1.95645 -0.69856 -0.399919 128 128 128
1.9569 -0.725935 -0.402009 128 128 128
1.95878 -0.754132 -0.404516 128 128 128
1.9521 -0.779205 -0.405143 128 128 128
1.97129 -0.815114 -0.411829 128 128 128
1.95755 -0.837698 -0.410993 128 128 128
1.9641 -0.869208 -0.414963 128 128 128
1.96128 -0.89692 -0.416843 128 128 128
1.95543 -0.923436 -0.418097 128 128 128
1.94658 -0.948653 -0.418724 128 128 128
1.93479 -0.972469 -0.418724 128 128 128
1.92358 -0.99659 -0.418932 128 128 128
1.9362 -1.03352 -0.424992 128 128 128
1.93536 -1.06382 -0.427917 128 128 128
1.93576 -1.09522 -0.43126 128 128 128
1.93062 -1.12383 -0.433349 128 128 128
1.93177 -1.1565 -0.43711 128 128 128
1.92658 -1.18578 -0.439408 128 128 128
1.91932 -1.21405 -0.441289 128 128 128
1.91656 -1.24552 -0.444423 128 128 128
1.92632 -1.28582 -0.4509 128 128 128
1.91684 -1.3138 -0.452571 128 128 128
1.91176 -1.34512 -0.455496 128 128 128
1.90936 -1.37881 -0.459257 128 128 128
1.89622 -1.40505 -0.460302 128 128 128
1.9006 -1.44483 -0.466152 128 128 128
1.88581 -1.47045 -0.466988 128 128 128
1.87068 -1.49593 -0.467824 128 128 128
1.86351 -1.52809 -0.470958 128 128 128
1.85209 -1.55715 -0.473047 128 128 128
1.83432 -1.58104 -0.473465 128 128 128
1.81844 -1.60668 -0.474509 128 128 128
1.81523 -1.644 -0.479315 128 128 128
1.80709 -1.67748 -0.482867 128 128 128
1.79698 -1.70966 -0.486001 128 128 128
1.78705 -1.74252 -0.489344 128 128 128
1.77589 -1.7747 -0.492478 128 128 128
1.76966 -1.81248 -0.497283 128 128 128
1.75739 -1.8447 -0.500417 128 128 128
1.73994 -1.87186 -0.502089 128 128 128
1.7352 -1.91339 -0.507939 128 128 128
1.71547 -1.93894 -0.509193 128 128 128
1.70303 -1.97319 -0.512954 128 128 128
1.68183 -1.99768 -0.513998 128 128 128
1.65099 -2.0106 -0.511909 128 128 128
1.64511 -2.0544 -0.518386 128 128 128
1.63479 -2.09373 -0.523609 128 128 128
1.61666 -2.12376 -0.526326 128 128 128
1.59629 -2.1513 -0.528415 128 128 128
1.57377 -2.17628 -0.529877 128 128 128
1.55369 -2.20503 -0.532385 128 128 128
1.5348 -2.23604 -0.535519 128 128 128
1.51701 -2.26936 -0.53928 128 128 128
1.49703 -2.30011 -0.542414 128 128 128
1.48488 -2.34394 -0.548891 128 128 128
1.4775 -2.39698 -0.557666 128 128 128
1.44396 -2.40821 -0.555994 128 128 128
1.42511 -2.44435 -0.560591 128 128 128
1.39886 -2.46847 -0.562263 128 128 128
1.3774 -2.50174 -0.566232 128 128 128
1.34935 -2.52363 -0.567486 128 128 128
1.32817 -2.55911 -0.572083 128 128 128
1.29973 -2.58133 -0.573545 128 128 128
1.27095 -2.60324 -0.575008 128 128 128
1.24808 -2.63811 -0.579604 128 128 128
1.21521 -2.65233 -0.579395 128 128 128
1.18929 -2.68225 -0.582947 128 128 128
1.16128 -2.70834 -0.585663 128 128 128
1.13504 -2.73956 -0.589633 128 128 128
1.11039 -2.77599 -0.594857 128 128 128
1.0801 -2.79945 -0.597155 128 128 128
1.05279 -2.83175 -0.601542 128 128 128
1.02387 -2.86104 -0.605303 128 128 128
0.992809 -2.88542 -0.608019 128 128 128
0.963437 -2.91596 -0.612198 128 128 128
0.932582 -2.94342 -0.61575 128 128 128
0.900915 -2.96962 -0.619093 128 128 128
0.870642 -3.00206 -0.623899 128 128 128
0.836073 -3.02101 -0.625779 128 128 128
0.798938 -3.03104 -0.625779 128 128 128
0.765701 -3.05675 -0.629331 128 128 128
0.730156 -3.07448 -0.631211 128 128 128
0.695355 -3.09657 -0.634136 128 128 128
0.65992 -3.11731 -0.636853 128 128 128
0.625976 -3.14724 -0.641658 128 128 128
0.589441 -3.16622 -0.644165 128 128 128
0.555023 -3.19924 -0.649807 128 128 128
0.516955 -3.21354 -0.651478 128 128 128
0.480042 -3.23705 -0.655239 128 128 128
0.441847 -3.25433 -0.657746 128 128 128
0.404011 -3.27698 -0.661507 128 128 128
0.365045 -3.29336 -0.664014 128 128 128
0.326496 -3.31706 -0.668193 128 128 128
0.287254 -3.33835 -0.671954 128 128 128
0.24676 -3.34845 -0.673416 128 128 128
0.206356 -3.36294 -0.675924 128 128 128
0.165539 -3.37499 -0.678013 128 128 128
0.12425 -3.38068 -0.678849 128 128 128
0.0830045 -3.3927 -0.681147 128 128 128
0.0414507 -3.40129 -0.682819 128 128 128
-0.000328627 -3.43088 -0.689087 128 128 128
-0.0426161 -3.44431 -0.692012 128 128 128
-0.0854098 -3.46405 -0.696399 128 128 128
-0.128732 -3.48424 -0.700996 128 128 128
-0.171381 -3.48045 -0.700578 128 128 128
-0.215425 -3.49955 -0.705175 128 128 128
-0.259963 -3.5181 -0.709771 128 128 128
-0.303457 -3.51854 -0.710607 128 128 128
-0.348845 -3.53694 -0.715413 128 128 128
-0.393094 -3.54016 -0.717084 128 128 128
-0.438927 -3.55448 -0.721263 128 128 128
-0.482114 -3.54592 -0.720636 128 128 128
-0.527039 -3.54941 -0.722725 128 128 128
-0.572904 -3.55715 -0.725859 128 128 128
-0.618197 -3.55949 -0.727949 128 128 128
-0.663633 -3.56125 -0.730038 128 128 128
-0.708629 -3.55955 -0.731501 128 128 128
-0.753072 -3.55441 -0.732336 128 128 128
-0.796633 -3.5449 -0.732336 128 128 128
-0.849388 -3.57386 -0.740903 128 128 128
-0.896047 -3.57454 -0.74341 128 128 128
-0.942098 -3.57179 -0.74529 128 128 128
-0.987955 -3.56749 -0.746962 128 128 128
-1.03221 -3.55698 -0.74738 128 128 128
-1.08148 -3.56275 -0.751558 128 128 128
-1.12927 -3.56226 -0.754484 128 128 128
-1.17844 -3.56484 -0.758244 128 128 128
-1.22433 -3.55658 -0.759707 128 128 128
-1.26822 -3.54221 -0.759916 128 128 128
-1.31706 -3.54104 -0.763259 128 128 128
-1.36359 -3.53282 -0.765139 128 128 128
-1.41194 -3.52852 -0.768064 128 128 128
-1.45777 -3.51725 -0.769527 128 128 128
-1.50391 -3.50629 -0.771198 128 128 128
-1.54364 -3.48042 -0.769527 128 128 128
-1.67586 -3.43178 -0.772034 128 128 128
-0.682427 -1.36039 -0.281244 128 128 128
-0.69591 -1.34584 -0.279781 128 128 128
-0.715607 -1.34323 -0.281244 128 128 128
-0.727784 -1.32665 -0.279363 128 128 128
-0.749806 -1.32782 -0.281871 128 128 128
-0.719655 -1.23915 -0.262231 128 128 128
-2.03667 -3.39604 -0.802121 128 128 128
-2.04015 -3.30923 -0.78666 128 128 128
-2.08166 -3.28559 -0.787078 128 128 128
-2.13197 -3.27536 -0.791047 128 128 128
-2.17473 -3.25302 -0.792092 128 128 128
-2.21781 -3.23092 -0.793346 128 128 128
-2.26293 -3.21145 -0.795435 128 128 128
-2.32168 -3.21036 -0.802539 128 128 128
-2.33873 -3.15181 -0.794599 128 128 128
-2.37189 -3.11587 -0.792719 128 128 128
-2.38102 -3.04956 -0.78269 128 128 128
-3.05158 -2.76418 -0.83576 128 128 128
-3.07354 -2.71617 -0.832417 128 128 128
-3.05178 -2.63105 -0.816955 128 128 128
-3.13168 -2.4427 -0.804628 128 128 128
-3.1731 -2.41295 -0.807762 128 128 128
-3.20169 -2.37325 -0.807553 128 128 128
-3.21074 -2.31949 -0.80233 128 128 128
-3.37909 -1.49712 -0.745708 128 128 128
-3.49164 -1.49588 -0.767646 128 128 128
-3.5938 -1.48762 -0.787078 128 128 128
-3.62814 -1.44992 -0.790838 128 128 128
-2.70338 1.15822 -0.661922 128 128 128
-2.68096 1.18776 -0.65982 128 128 128
-2.09865 1.36497 -0.556795 128 128 128
-2.10762 1.40789 -0.564271 128 128 128
-1.97629 1.50331 -0.55189 128 128 128
-1.95923 1.52864 -0.552357 128 128 128
-1.91526 1.53254 -0.544647 128 128 128
-1.88728 1.54853 -0.541844 128 128 128
-1.47758 1.63012 -0.483908 128 128 128
-1.49807 1.694 -0.498625 128 128 128
-1.45048 1.68135 -0.488813 128 128 128
-1.37711 1.63656 -0.46919 128 128 128
-1.11726 1.7643 -0.457042 128 128 128
-1.09705 1.78036 -0.457743 128 128 128
-1.06862 1.78286 -0.454706 128 128 128
-1.04666 1.79583 -0.454706 128 128 128
-1.02454 1.80854 -0.454706 128 128 128
-0.980678 1.78181 -0.443959 128 128 128
-0.949102 1.77571 -0.439053 128 128 128
-0.91603 1.76565 -0.433213 128 128 128
-0.886853 1.762 -0.429242 128 128 128
-0.863028 1.76838 -0.428074 128 128 128
-0.839181 1.77445 -0.426905 128 128 128
-0.814099 1.77754 -0.425037 128 128 128
-0.788673 1.7794 -0.422934 128 128 128
-0.764859 1.78448 -0.421766 128 128 128
-0.741785 1.79103 -0.421065 128 128 128
-0.714326 1.78646 -0.417561 128 128 128
-0.691999 1.79419 -0.417327 128 128 128
-0.665857 1.79161 -0.414524 128 128 128
-0.641195 1.79233 -0.412655 128 128 128
-0.617885 1.79638 -0.411721 128 128 128
-0.593044 1.79552 -0.409618 128 128 128
-0.562432 1.77579 -0.402843 128 128 128
-0.540598 1.78256 -0.402843 128 128 128
-0.512982 1.76945 -0.397937 128 128 128
-0.493569 1.78404 -0.40004 128 128 128
-0.465677 1.7674 -0.394433 128 128 128
-0.441348 1.76261 -0.391863 128 128 128
-0.417432 1.75844 -0.389527 128 128 128
-0.394967 1.75963 -0.388593 128 128 128
-0.371728 1.75674 -0.386724 128 128 128
-0.348429 1.75259 -0.384621 128 128 128
-0.322073 1.73092 -0.378314 128 128 128
-0.301476 1.73858 -0.379248 128 128 128
-0.278102 1.72967 -0.376211 128 128 128
-0.256568 1.73103 -0.375744 128 128 128
-0.234912 1.73115 -0.375043 128 128 128
-0.213052 1.72908 -0.373875 128 128 128
-0.191387 1.7277 -0.37294 128 128 128
-0.167868 1.7067 -0.367334 128 128 128
-0.148425 1.72607 -0.371539 128 128 128
-0.12615 1.71321 -0.368035 128 128 128
-0.105177 1.7156 -0.368268 128 128 128
-0.0839223 1.71288 -0.367334 128 128 128
-0.062787 1.71086 -0.366633 128 128 128
-0.0417138 1.70859 -0.365932 128 128 128
-0.0206808 1.70411 -0.364764 128 128 128
0.000236006 1.69938 -0.363596 128 128 128
0.0209657 1.68855 -0.361026 128 128 128
0.0416156 1.68525 -0.360325 128 128 128
0.0620821 1.67878 -0.358924 128 128 128
0.0821138 1.66624 -0.35612 128 128 128
0.102201 1.65928 -0.354718 128 128 128
0.12213 1.65209 -0.353317 128 128 128
0.141898 1.64465 -0.351915 128 128 128
0.161596 1.63795 -0.350747 128 128 128
0.181258 1.63197 -0.349813 128 128 128
0.200797 1.62577 -0.348878 128 128 128
0.220082 1.61836 -0.34771 128 128 128
0.239215 1.61073 -0.346542 128 128 128
0.258501 1.60479 -0.345841 128 128 128
0.277513 1.59767 -0.344907 128 128 128
0.296743 1.59223 -0.344439 128 128 128
0.314936 1.58179 -0.342804 128 128 128
0.333119 1.5721 -0.341402 128 128 128
0.351961 1.566 -0.340935 128 128 128
0.369808 1.55588 -0.339533 128 128 128
0.388166 1.5484 -0.338833 128 128 128
0.406891 1.54258 -0.338599 128 128 128
0.423461 1.52903 -0.336496 128 128 128
0.441653 1.52185 -0.336029 128 128 128
0.45945 1.51353 -0.335328 128 128 128
0.474179 1.49572 -0.332291 128 128 128
0.494325 1.49533 -0.333693 128 128 128
0.51169 1.48639 -0.332992 128 128 128
0.52793 1.47451 -0.331591 128 128 128
0.544294 1.46336 -0.330422 128 128 128
0.559765 1.45022 -0.328787 128 128 128
0.576078 1.43963 -0.327853 128 128 128
0.593701 1.43245 -0.327853 128 128 128
0.613147 1.42953 -0.329021 128 128 128
0.628283 1.41656 -0.327619 128 128 128
0.644001 1.4052 -0.326685 128 128 128
0.660782 1.39632 -0.326451 128 128 128
0.677867 1.3881 -0.326451 128 128 128
0.45079 0.894024 -0.19586 128 128 128
0.415662 0.799498 -0.171798 128 128 128
0.423153 0.790048 -0.17063 128 128 128
0.453421 0.822289 -0.180909 128 128 128
0.748307 1.32023 -0.31991 128 128 128
0.773744 1.32691 -0.324348 128 128 128
0.769496 1.28311 -0.31477 128 128 128
0.792317 1.28516 -0.318041 128 128 128
0.803352 1.26795 -0.315938 128 128 128
0.831564 1.27756 -0.321545 128 128 128
0.852036 1.27454 -0.323648 128 128 128
0.866513 1.26239 -0.32318 128 128 128
0.884736 1.25563 -0.324348 128 128 128
0.900647 1.24547 -0.324582 128 128 128
0.915285 1.23354 -0.324348 128 128 128
0.930941 1.22299 -0.324582 128 128 128
0.942891 1.20764 -0.323414 128 128 128
0.950354 1.18687 -0.320611 128 128 128
0.985187 1.19993 -0.32832 128 128 128
0.97857 1.16244 -0.320377 128 128 128
1.00165 1.16066 -0.323648 128 128 128
1.01646 1.14901 -0.323881 128 128 128
1.03244 1.13861 -0.324582 128 128 128
1.04699 1.12657 -0.324816 128 128 128
1.06141 1.11434 -0.325049 128 128 128
1.07161 1.09775 -0.323881 128 128 128
1.08981 1.08933 -0.325517 128 128 128
1.10449 1.07723 -0.325984 128 128 128
1.11974 1.06561 -0.326685 128 128 128
1.12917 1.04848 -0.325517 128 128 128
1.14123 1.03389 -0.325283 128 128 128
1.15456 1.02045 -0.325517 128 128 128
1.16773 1.00684 -0.32575 128 128 128
1.18074 0.993064 -0.325984 128 128 128
1.19434 0.979735 -0.326451 128 128 128
1.20703 0.965613 -0.326685 128 128 128
1.21956 0.951327 -0.326918 128 128 128
1.23733 0.941003 -0.328787 128 128 128
1.24644 0.924009 -0.328086 128 128 128
0.801632 0.578554 -0.192823 128 128 128
0.735569 0.517117 -0.171331 128 128 128
0.739455 0.506399 -0.17063 128 128 128
0.753694 0.502694 -0.172966 128 128 128
1.3032 0.84743 -0.328787 128 128 128
1.33485 0.844913 -0.334861 128 128 128
1.34346 0.827447 -0.334394 128 128 128
1.35852 0.813901 -0.335796 128 128 128
1.37092 0.798639 -0.336496 128 128 128
1.38316 0.783195 -0.337197 128 128 128
1.40799 0.774612 -0.341402 128 128 128
1.39168 0.743508 -0.334394 128 128 128
1.42399 0.73848 -0.340702 128 128 128
1.43555 0.722263 -0.341402 128 128 128
1.44693 0.705873 -0.342103 128 128 128
1.45636 0.68848 -0.342337 128 128 128
1.47088 0.673395 -0.343972 128 128 128
1.49859 0.663976 -0.349112 128 128 128
1.49322 0.639781 -0.345607 128 128 128
1.50275 0.622154 -0.346075 128 128 128
1.51028 0.603666 -0.346075 128 128 128
1.5348 0.591747 -0.350513 128 128 128
1.54377 0.573547 -0.350981 128 128 128
1.55344 0.555544 -0.351681 128 128 128
1.56382 0.537707 -0.352616 128 128 128
1.57399 0.519698 -0.35355 128 128 128
1.5923 0.504169 -0.356587 128 128 128
1.59836 0.484591 -0.356587 128 128 128
1.60699 0.465755 -0.357288 128 128 128
1.61539 0.446779 -0.357989 128 128 128
1.62452 0.427916 -0.358924 128 128 128
1.64662 0.412212 -0.363129 128 128 128
1.64304 0.389947 -0.361026 128 128 128
1.65055 0.370396 -0.361727 128 128 128
1.66068 0.351325 -0.363129 128 128 128
1.66772 0.331491 -0.363829 128 128 128
1.67549 0.311715 -0.364764 128 128 128
1.68398 0.291965 -0.365932 128 128 128
1.69127 0.271898 -0.366866 128 128 128
1.69833 0.251696 -0.367801 128 128 128
1.70803 0.231757 -0.369436 128 128 128
1.71171 0.210899 -0.36967 128 128 128
1.72577 0.191171 -0.372473 128 128 128
1.73089 0.170267 -0.373174 128 128 128
1.73963 0.149602 -0.374809 128 128 128
1.74715 0.128675 -0.376211 128 128 128
1.75442 0.107587 -0.377613 128 128 128
1.77892 0.0872097 -0.383219 128 128 128
1.77014 0.0650089 -0.380883 128 128 128
1.78927 0.0437472 -0.385322 128 128 128
1.80523 0.0219879 -0.38906 128 128 128
1.8073 -0.000165367 -0.389527 128 128 128
1.81397 -0.0224228 -0.391162 128 128 128
1.82328 -0.0449136 -0.393499 128 128 128
1.84591 -0.0681284 -0.399105 128 128 128
1.83523 -0.0903047 -0.396769 128 128 128
1.8398 -0.113173 -0.398171 128 128 128
1.86349 -0.137585 -0.404245 128 128 128
1.86457 -0.160691 -0.404946 128 128 128
1.87697 -0.18498 -0.40845 128 128 128
1.87842 -0.208425 -0.409384 128 128 128
1.88152 -0.232171 -0.410786 128 128 128
1.88527 -0.256154 -0.412421 128 128 128
1.89257 -0.280833 -0.414991 128 128 128
1.89666 -0.305267 -0.41686 128 128 128
1.90522 -0.330672 -0.419897 128 128 128
1.90198 -0.354204 -0.420131 128 128 128
1.90321 -0.378652 -0.421532 128 128 128
1.90698 -0.403786 -0.423635 128 128 128
1.90568 -0.428007 -0.424569 128 128 128
1.90407 -0.452256 -0.425504 128 128 128
1.90592 -0.477473 -0.427373 128 128 128
1.91121 -0.503792 -0.430176 128 128 128
1.92362 -0.532382 -0.434848 128 128 128
1.92255 -0.557569 -0.43625 128 128 128
1.92673 -0.584499 -0.439053 128 128 128
1.94815 -0.617184 -0.446296 128 128 128
1.94505 -0.642566 -0.447464 128 128 128
1.93978 -0.667334 -0.448164 128 128 128
1.9406 -0.694357 -0.450501 128 128 128
1.93649 -0.71981 -0.451669 128 128 128
1.95201 -0.752952 -0.457976 128 128 128
1.95888 -0.783337 -0.462181 128 128 128
1.95451 -0.809546 -0.463583 128 128 128
1.95069 -0.836147 -0.465218 128 128 128
1.95629 -0.867104 -0.469423 128 128 128
1.93665 -0.887002 -0.467087 128 128 128
1.92738 -0.911532 -0.467555 128 128 128
1.92829 -0.941078 -0.470825 128 128 128
1.93918 -0.976021 -0.476899 128 128 128
1.94087 -1.0069 -0.480637 128 128 128
1.93266 -1.03293 -0.481805 128 128 128
1.9258 -1.05985 -0.48344 128 128 128
1.90927 -1.08149 -0.482506 128 128 128
1.9177 -1.11755 -0.48858 128 128 128
1.9247 -1.15348 -0.49442 128 128 128
1.92034 -1.18313 -0.497224 128 128 128
1.92293 -1.21752 -0.50213 128 128 128
1.9209 -1.2495 -0.505867 128 128 128
1.90137 -1.27028 -0.504699 128 128 128
1.90971 -1.31 -0.511708 128 128 128
1.89587 -1.33502 -0.512409 128 128 128
1.89669 -1.3707 -0.517548 128 128 128
1.88442 -1.39735 -0.51895 128 128 128
1.88261 -1.43213 -0.523622 128 128 128
1.88483 -1.47066 -0.529696 128 128 128
1.86741 -1.49429 -0.52993 128 128 128
1.85344 -1.52079 -0.531331 128 128 128
1.83315 -1.54217 -0.530864 128 128 128
1.82661 -1.57534 -0.534836 128 128 128
1.82172 -1.61051 -0.539508 128 128 128
1.80686 -1.63731 -0.541143 128 128 128
1.79305 -1.66531 -0.543246 128 128 128
1.78446 -1.69858 -0.547217 128 128 128
1.78019 -1.73664 -0.552824 128 128 128
1.76631 -1.76591 -0.555394 128 128 128
1.75742 -1.80067 -0.559832 128 128 128
1.74727 -1.83476 -0.564038 128 128 128
1.73455 -1.86675 -0.567542 128 128 128
1.7089 -1.88501 -0.566607 128 128 128
1.70176 -1.92404 -0.572448 128 128 128
1.68755 -1.95582 -0.575952 128 128 128
1.67533 -1.99051 -0.580391 128 128 128
1.66497 -2.02819 -0.585764 128 128 128
1.64482 -2.05454 -0.587633 128 128 128
1.62428 -2.0807 -0.589502 128 128 128
1.61099 -2.11672 -0.594407 128 128 128
1.58722 -2.13945 -0.595342 128 128 128
1.56711 -2.16743 -0.597912 128 128 128
1.54824 -2.19762 -0.601182 128 128 128
1.53492 -2.23649 -0.607023 128 128 128
1.52629 -2.28344 -0.615199 128 128 128
1.50558 -2.31341 -0.61847 128 128 128
1.47708 -2.33171 -0.61847 128 128 128
1.4555 -2.36124 -0.62174 128 128 128
1.43743 -2.39727 -0.62688 128 128 128
1.4177 -2.43152 -0.631552 128 128 128
1.39592 -2.46311 -0.635524 128 128 128
1.37591 -2.49879 -0.640663 128 128 128
1.34744 -2.51977 -0.641831 128 128 128
1.32359 -2.54992 -0.645569 128 128 128
1.29526 -2.57205 -0.647205 128 128 128
1.26659 -2.59387 -0.64884 128 128 128
1.24299 -2.62679 -0.653512 128 128 128
1.21391 -2.64891 -0.655381 128 128 128
1.1896 -2.68227 -0.660287 128 128 128
1.16273 -2.71096 -0.664025 128 128 128
1.13608 -2.74119 -0.66823 128 128 128
1.11429 -2.78471 -0.675939 128 128 128
1.08249 -2.80453 -0.677575 128 128 128
1.0524 -2.82945 -0.680611 128 128 128
1.02482 -2.86228 -0.685751 128 128 128
0.996276 -2.89395 -0.690657 128 128 128
0.964966 -2.91888 -0.693928 128 128 128
0.9329 -2.94255 -0.696964 128 128 128
0.900397 -2.96587 -0.700001 128 128 128
0.866376 -2.9851 -0.702104 128 128 128
0.833319 -3.00862 -0.705375 128 128 128
0.799317 -3.0299 -0.708178 128 128 128
0.764681 -3.04986 -0.710748 128 128 128
0.731026 -3.07509 -0.714719 128 128 128
0.697722 -3.10375 -0.719625 128 128 128
0.660996 -3.11873 -0.72126 128 128 128
0.62629 -3.14473 -0.725699 128 128 128
0.593189 -3.18181 -0.732941 128 128 128
0.555601 -3.19747 -0.735044 128 128 128
0.517717 -3.21268 -0.737146 128 128 128
0.479973 -3.23034 -0.73995 128 128 128
0.443057 -3.25621 -0.744856 128 128 128
0.406654 -3.29035 -0.751864 128 128 128
0.366462 -3.29703 -0.752331 128 128 128
0.327989 -3.3216 -0.757237 128 128 128
0.287119 -3.3244 -0.757004 128 128 128
0.247745 -3.34707 -0.761676 128 128 128
0.207135 -3.35762 -0.763545 128 128 128
0.166206 -3.36574 -0.764946 128 128 128
0.125656 -3.38793 -0.769852 128 128 128
0.0845369 -3.40768 -0.774291 128 128 128
0.0429016 -3.42305 -0.777795 128 128 128
0.000906311 -3.44471 -0.782935 128 128 128
-0.0414899 -3.45515 -0.785505 128 128 128
-0.084421 -3.47674 -0.790878 128 128 128
-0.127326 -3.48225 -0.792513 128 128 128
-0.170566 -3.4911 -0.795083 128 128 128
-0.214634 -3.50913 -0.799989 128 128 128
-0.259169 -3.5266 -0.804895 128 128 128
-0.302923 -3.52896 -0.806296 128 128 128
-0.347815 -3.54143 -0.810268 128 128 128
-0.392206 -3.54559 -0.81237 128 128 128
-0.436516 -3.54727 -0.814006 128 128 128
-0.481706 -3.55417 -0.817043 128 128 128
-0.526421 -3.55569 -0.818912 128 128 128
-0.571092 -3.55568 -0.820547 128 128 128
-0.615014 -3.55032 -0.821014 128 128 128
-0.660664 -3.55398 -0.823817 128 128 128
-0.709332 -3.57136 -0.830125 128 128 128
-0.758525 -3.58807 -0.836433 128 128 128
-0.803136 -3.58134 -0.837134 128 128 128
-0.851057 -3.58824 -0.841339 128 128 128
-0.897147 -3.58602 -0.843441 128 128 128
-0.945535 -3.59167 -0.847646 128 128 128
-0.992644 -3.59104 -0.85045 128 128 128
-1.03745 -3.58139 -0.85115 128 128 128
-1.08526 -3.58142 -0.854421 128 128 128
-1.13235 -3.57803 -0.856991 128 128 128
-1.18257 -3.58326 -0.861897 128 128 128
-1.22645 -3.56848 -0.861897 128 128 128
-1.27375 -3.56323 -0.864467 128 128 128
-1.32414 -3.56556 -0.869139 128 128 128
-1.36779 -3.54905 -0.869139 128 128 128
-1.4098 -3.52838 -0.868204 128 128 128
-1.45522 -3.51621 -0.869606 128 128 128
-1.63638 -3.46255 -0.875446 128 128 128
-1.68258 -3.45007 -0.877549 128 128 128
-1.96802 -3.37913 -0.894836 128 128 128
-2.00684 -3.35056 -0.893668 128 128 128
-2.04373 -3.31905 -0.891799 128 128 128
-2.09106 -3.30441 -0.894836 128 128 128
-2.13569 -3.28502 -0.896705 128 128 128
-2.92317 -2.85415 -0.936887 128 128 128
-2.96642 -2.82611 -0.939691 128 128 128
-3.00088 -2.78949 -0.939691 128 128 128
-3.00464 -2.72501 -0.929879 128 128 128
-2.98763 -2.64346 -0.913759 128 128 128
-3.00954 -2.5977 -0.910489 128 128 128
-3.11422 -2.43193 -0.904648 128 128 128
-2.57061 1.1427 -0.70163 128 128 128
-2.56781 1.17942 -0.704966 128 128 128
-1.96725 1.538 -0.617713 128 128 128
-1.91359 1.53416 -0.605908 128 128 128
-1.89238 1.55568 -0.605138 128 128 128
-1.86134 1.5688 -0.601032 128 128 128
-1.82442 1.57633 -0.594873 128 128 128
-1.73197 1.53376 -0.568954 128 128 128
-1.78161 1.61738 -0.59359 128 128 128
-1.7369 1.61603 -0.584608 128 128 128
-1.6918 1.61317 -0.57537 128 128 128
-1.66981 1.63178 -0.5746 128 128 128
-1.63466 1.63708 -0.568954 128 128 128
-1.6636 1.70763 -0.587688 128 128 128
-1.5077 1.66579 -0.551247 128 128 128
-1.47246 1.66748 -0.545344 128 128 128
-1.34136 1.72104 -0.534053 128 128 128
-1.26881 1.66955 -0.51147 128 128 128
-1.2706 1.71533 -0.521478 128 128 128
-1.21925 1.73333 -0.517372 128 128 128
-1.19407 1.74257 -0.515576 128 128 128
-1.16993 1.75307 -0.514293 128 128 128
-1.14045 1.75512 -0.510443 128 128 128
-1.01322 1.69213 -0.478365 128 128 128
-1.03842 1.78388 -0.502744 128 128 128
-1.00981 1.7847 -0.499152 128 128 128
-0.963707 1.75287 -0.485807 128 128 128
-0.953008 1.78505 -0.491966 128 128 128
-0.909346 1.80876 -0.492223 128 128 128
-0.862197 1.76848 -0.477082 128 128 128
-0.84043 1.77892 -0.477082 128 128 128
-0.80893 1.76799 -0.470923 128 128 128
-0.780941 1.76363 -0.466817 128 128 128
-0.756211 1.76597 -0.464764 128 128 128
-0.732277 1.76975 -0.463224 128 128 128
-0.708365 1.77321 -0.461684 128 128 128
-0.68586 1.77997 -0.461171 128 128 128
-0.659283 1.77555 -0.457578 128 128 128
-0.633887 1.77349 -0.454755 128 128 128
-0.609891 1.77473 -0.452959 128 128 128
-0.586261 1.77657 -0.451419 128 128 128
-0.56123 1.77349 -0.448596 128 128 128
-0.536364 1.77006 -0.445773 128 128 128
-0.511933 1.76722 -0.443207 128 128 128
-0.487142 1.76219 -0.440127 128 128 128
-0.463529 1.76055 -0.438074 128 128 128
-0.441889 1.76611 -0.438074 128 128 128
-0.414659 1.74787 -0.431659 128 128 128
-0.391922 1.74717 -0.430119 128 128 128
-0.365902 1.73009 -0.424217 128 128 128
-0.343899 1.73065 -0.42319 128 128 128
-0.321937 1.73094 -0.422164 128 128 128
-0.30002 1.73095 -0.421137 128 128 128
-0.277395 1.72591 -0.418827 128 128 128
-0.255498 1.7244 -0.417544 128 128 128
-0.233934 1.72453 -0.416774 128 128 128
-0.211131 1.71384 -0.413182 128 128 128
-0.18998 1.71534 -0.412925 128 128 128
-0.168454 1.71273 -0.411642 128 128 128
-0.147262 1.71275 -0.411129 128 128 128
-0.125752 1.70768 -0.409332 128 128 128
-0.10473 1.70813 -0.409076 128 128 128
-0.0833104 1.69963 -0.406509 128 128 128
-0.0622148 1.69376 -0.404713 128 128 128
-0.0413185 1.68956 -0.40343 128 128 128
-0.0205535 1.68705 -0.40266 128 128 128
0.000141092 1.6833 -0.401633 128 128 128
0.0207265 1.67834 -0.40035 128 128 128
0.0409551 1.66444 -0.396758 128 128 128
0.0612633 1.66091 -0.395988 128 128 128
0.0814413 1.65617 -0.394961 128 128 128
0.101512 1.65119 -0.393935 128 128 128
0.121179 1.64211 -0.391882 128 128 128
0.14081 1.63472 -0.390342 128 128 128
0.160471 1.62903 -0.389315 128 128 128
0.179905 1.62213 -0.388032 128 128 128
0.199315 1.61597 -0.387006 128 128 128
0.218203 1.6067 -0.385209 128 128 128
0.237038 1.59817 -0.38367 128 128 128
0.255541 1.58846 -0.381873 128 128 128
0.274512 1.58235 -0.381103 128 128 128
0.292833 1.57316 -0.379564 128 128 128
0.312307 1.5704 -0.37982 128 128 128
0.33034 1.56078 -0.37828 128 128 128
0.348611 1.55284 -0.377254 128 128 128
0.366513 1.54374 -0.375971 128 128 128
0.385192 1.53819 -0.375714 128 128 128
0.402547 1.52774 -0.374174 128 128 128
0.420484 1.5199 -0.373405 128 128 128
0.438561 1.51277 -0.372891 128 128 128
0.45596 1.50357 -0.371865 128 128 128
0.470847 1.48682 -0.368785 128 128 128
0.489974 1.48368 -0.369555 128 128 128
0.506877 1.4739 -0.368529 128 128 128
0.52427 1.46575 -0.368015 128 128 128
0.540184 1.45378 -0.366476 128 128 128
0.556233 1.44254 -0.365192 128 128 128
0.572087 1.43112 -0.363909 128 128 128
0.590723 1.42667 -0.364679 128 128 128
0.606653 1.41576 -0.363653 128 128 128
0.624769 1.40997 -0.364166 128 128 128
0.639596 1.39693 -0.362626 128 128 128
0.654614 1.38462 -0.361343 128 128 128
0.672834 1.37908 -0.362113 128 128 128
0.41677 0.83183 -0.201721 128 128 128
0.413081 0.800092 -0.193766 128 128 128
0.421953 0.79326 -0.193253 128 128 128
0.454127 0.82861 -0.205571 128 128 128
0.739866 1.30668 -0.353388 128 128 128
0.769041 1.32001 -0.360317 128 128 128
0.784184 1.30882 -0.359803 128 128 128
0.802732 1.30321 -0.361086 128 128 128
0.815549 1.28837 -0.359547 128 128 128
0.804844 1.23782 -0.346715 128 128 128
0.829675 1.24229 -0.351335 128 128 128
0.840467 1.22565 -0.349282 128 128 128
0.879459 1.24916 -0.360317 128 128 128
0.893018 1.23593 -0.359547 128 128 128
0.908117 1.22488 -0.359547 128 128 128
0.924841 1.21595 -0.360317 128 128 128
0.936114 1.19994 -0.358777 128 128 128
0.947134 1.18385 -0.357237 128 128 128
0.963435 1.17437 -0.358007 128 128 128
0.983391 1.1691 -0.360317 128 128 128
1.00146 1.16133 -0.361856 128 128 128
1.00216 1.13378 -0.356467 128 128 128
1.01664 1.12211 -0.356724 128 128 128
1.04287 1.12297 -0.3616 128 128 128
1.05524 1.10869 -0.361086 128 128 128
1.06741 1.09428 -0.360573 128 128 128
1.0835 1.08383 -0.3616 128 128 128
1.09533 1.0691 -0.361086 128 128 128
1.10837 1.05558 -0.361086 128 128 128
1.12265 1.04321 -0.3616 128 128 128
1.13681 1.03065 -0.362113 128 128 128
1.15155 1.01854 -0.362883 128 128 128
1.16249 1.00307 -0.36237 128 128 128
1.17471 0.988731 -0.36237 128 128 128
1.18751 0.974852 -0.362626 128 128 128
1.19862 0.959604 -0.36237 128 128 128
1.21336 0.947194 -0.363396 128 128 128
1.2249 0.932233 -0.363396 128 128 128
1.23702 0.917705 -0.363653 128 128 128
0.793837 0.575767 -0.215066 128 128 128
0.738307 0.522172 -0.194792 128 128 128
0.756634 0.521244 -0.198642 128 128 128
0.755729 0.507105 -0.196332 128 128 128
1.28529 0.836448 -0.361856 128 128 128
1.29791 0.822157 -0.362626 128 128 128
1.33015 0.819802 -0.369555 128 128 128
1.3509 0.80985 -0.372891 128 128 128
1.36241 0.794181 -0.373405 128 128 128
1.36027 0.770762 -0.369812 128 128 128
1.38319 0.761434 -0.373918 128 128 128
1.39328 0.744856 -0.374174 128 128 128
1.3963 0.724602 -0.372378 128 128 128
1.41979 0.714763 -0.376741 128 128 128
1.43454 0.700239 -0.378537 128 128 128
1.44127 0.68176 -0.378024 128 128 128
1.45217 0.665223 -0.378794 128 128 128
1.45669 0.645795 -0.377767 128 128 128
1.47073 0.63052 -0.379564 128 128 128
1.48908 0.616837 -0.382643 128 128 128
1.50642 0.60244 -0.385466 128 128 128
1.51641 0.584945 -0.386236 128 128 128
1.53072 0.568969 -0.388289 128 128 128
1.5385 0.550465 -0.388546 128 128 128
1.5488 0.532792 -0.389572 128 128 128
1.55798 0.514649 -0.390342 128 128 128
1.56694 0.49636 -0.391112 128 128 128
1.57384 0.477372 -0.391368 128 128 128
1.5898 0.460958 -0.394191 128 128 128
1.59813 0.442181 -0.394961 128 128 128
1.62027 0.426928 -0.39958 128 128 128
1.61882 0.405385 -0.397784 128 128 128
1.63214 0.387478 -0.400094 128 128 128
1.63866 0.367839 -0.400607 128 128 128
1.64589 0.348296 -0.401377 128 128 128
1.66047 0.33012 -0.4042 128 128 128
1.67676 0.311988 -0.407536 128 128 128
1.67474 0.290411 -0.405996 128 128 128
1.68104 0.270291 -0.406766 128 128 128
1.68902 0.250338 -0.408049 128 128 128
1.70346 0.231125 -0.411129 128 128 128
1.70808 0.210435 -0.411642 128 128 128
1.71438 0.189875 -0.412668 128 128 128
1.72236 0.169377 -0.414208 128 128 128
1.73008 0.148711 -0.415748 128 128 128
1.73563 0.127744 -0.416774 128 128 128
1.74479 0.106891 -0.418827 128 128 128
1.75852 0.0860568 -0.422164 128 128 128
1.76621 0.0647027 -0.42396 128 128 128
1.76977 0.0430878 -0.42473 128 128 128
1.77596 0.0214235 -0.42627 128 128 128
1.78672 -0.000398298 -0.429093 128 128 128
1.80204 -0.0225523 -0.433199 128 128 128
1.80356 -0.0447167 -0.433712 128 128 128
1.80481 -0.0669218 -0.434225 128 128 128
1.82895 -0.09036 -0.440897 128 128 128
1.82192 -0.112427 -0.439358 128 128 128
1.84449 -0.136614 -0.445773 128 128 128
1.85327 -0.160177 -0.448596 128 128 128
1.85597 -0.183393 -0.449879 128 128 128
1.85934 -0.206808 -0.451419 128 128 128
1.86242 -0.230334 -0.452959 128 128 128
1.86615 -0.254098 -0.454755 128 128 128
1.86672 -0.277557 -0.455782 128 128 128
1.87366 -0.302158 -0.458605 128 128 128
1.87933 -0.326804 -0.461171 128 128 128
1.88468 -0.351635 -0.463737 128 128 128
1.88969 -0.376645 -0.466303 128 128 128
1.88682 -0.400211 -0.466817 128 128 128
1.88742 -0.42462 -0.468356 128 128 128
1.89053 -0.44978 -0.470666 128 128 128
1.90173 -0.477215 -0.475285 128 128 128
1.90134 -0.502009 -0.476825 128 128 128
1.90434 -0.527904 -0.479391 128 128 128
1.90792 -0.55422 -0.482214 128 128 128
1.9093 -0.580137 -0.484524 128 128 128
1.92413 -0.610584 -0.490683 128 128 128
1.92291 -0.636288 -0.492479 128 128 128
1.92409 -0.663004 -0.495046 128 128 128
1.92399 -0.689516 -0.497355 128 128 128
1.93077 -0.718838 -0.501718 128 128 128
1.93261 -0.746678 -0.504797 128 128 128
1.93406 -0.774672 -0.507877 128 128 128
1.93155 -0.801324 -0.50993 128 128 128
1.93488 -0.830712 -0.513779 128 128 128
1.9369 -0.859907 -0.517372 128 128 128
1.93234 -0.886444 -0.519169 128 128 128
1.92306 -0.910921 -0.519682 128 128 128
1.93083 -0.943825 -0.525328 128 128 128
1.91651 -0.966138 -0.524558 128 128 128
1.90708 -0.990926 -0.525328 128 128 128
1.90499 -1.01975 -0.528407 128 128 128
1.91263 -1.05428 -0.534566 128 128 128
1.90711 -1.08198 -0.536876 128 128 128
1.90369 -1.11117 -0.539955 128 128 128
1.90067 -1.14093 -0.543291 128 128 128
1.90214 -1.17384 -0.548167 128 128 128
1.89574 -1.20229 -0.550734 128 128 128
1.90188 -1.23922 -0.557406 128 128 128
1.90337 -1.27378 -0.562795 128 128 128
1.88999 -1.29869 -0.563565 128 128 128
1.8818 -1.32737 -0.566131 128 128 128
1.87162 -1.3549 -0.568184 128 128 128
1.86415 -1.3847 -0.571264 128 128 128
1.86928 -1.4245 -0.578706 128 128 128
1.85774 -1.4521 -0.580759 128 128 128
1.84129 -1.476 -0.581272 128 128 128
1.83646 -1.50956 -0.585891 128 128 128
1.83034 -1.54259 -0.590254 128 128 128
1.8142 -1.56747 -0.591281 128 128 128
1.80638 -1.59989 -0.595387 128 128 128
1.78947 -1.62454 -0.596413 128 128 128
1.77717 -1.65363 -0.599236 128 128 128
1.75814 -1.67665 -0.599749 128 128 128
1.7678 -1.72787 -0.611041 128 128 128
1.75464 -1.75766 -0.61412 128 128 128
1.74102 -1.78738 -0.6172 128 128 128
1.72826 -1.81843 -0.620793 128 128 128
1.71631 -1.85086 -0.624899 128 128 128
1.70707 -1.88686 -0.630288 128 128 128
1.69527 -1.92072 -0.634907 128 128 128
1.6785 -1.94945 -0.63773 128 128 128
1.66252 -1.97954 -0.641066 128 128 128
1.64177 -2.00428 -0.642606 128 128 128
1.61584 -2.02276 -0.642093 128 128 128
1.59327 -2.04549 -0.643119 128 128 128
1.59138 -2.09572 -0.653384 128 128 128
1.57473 -2.12753 -0.65749 128 128 128
1.55301 -2.15297 -0.659543 128 128 128
1.53313 -2.18137 -0.662623 128 128 128
1.52096 -2.22157 -0.669552 128 128 128
1.50321 -2.25456 -0.674171 128 128 128
1.48068 -2.28095 -0.676737 128 128 128
1.467 -2.32185 -0.683923 128 128 128
1.449 -2.35698 -0.689312 128 128 128
1.43481 -2.39949 -0.697011 128 128 128
1.40332 -2.41358 -0.695984 128 128 128
1.38403 -2.44914 -0.70163 128 128 128
1.36083 -2.47866 -0.70548 128 128 128
1.33167 -2.49773 -0.706249 128 128 128
1.31022 -2.53193 -0.711639 128 128 128
1.28251 -2.55473 -0.713692 128 128 128
1.25908 -2.5868 -0.718568 128 128 128
1.22683 -2.60118 -0.718311 128 128 128
1.20482 -2.63803 -0.724727 128 128 128
1.17548 -2.65969 -0.72678 128 128 128
1.15146 -2.69437 -0.732682 128 128 128
1.12382 -2.72171 -0.736531 128 128 128
1.09818 -2.75506 -0.742177 128 128 128
1.06636 -2.77374 -0.743717 128 128 128
1.04429 -2.81926 -0.752955 128 128 128
1.0122 -2.83915 -0.755009 128 128 128
0.981028 -2.86234 -0.758088 128 128 128
0.952448 -2.89436 -0.763734 128 128 128
0.924098 -2.92889 -0.77015 128 128 128
0.891982 -2.95297 -0.773742 128 128 128
0.856745 -2.9674 -0.774769 128 128 128
0.823332 -2.98888 -0.777848 128 128 128
0.79074 -3.01466 -0.782211 128 128 128
0.754383 -3.02695 -0.782981 128 128 128
0.71917 -3.04445 -0.78529 128 128 128
0.685944 -3.07191 -0.790423 128 128 128
0.651756 -3.09713 -0.795042 128 128 128
0.615935 -3.11627 -0.798122 128 128 128
0.583756 -3.15687 -0.807104 128 128 128
0.547741 -3.17999 -0.811466 128 128 128
0.511851 -3.20652 -0.816856 128 128 128
0.473579 -3.22021 -0.818909 128 128 128
0.435048 -3.23344 -0.820962 128 128 128
0.39893 -3.26829 -0.828917 128 128 128
0.35973 -3.28158 -0.831227 128 128 128
0.320818 -3.30018 -0.835076 128 128 128
0.281181 -3.31446 -0.837899 128 128 128
0.24138 -3.3302 -0.841235 128 128 128
0.201177 -3.34449 -0.844315 128 128 128
0.160075 -3.34574 -0.844058 128 128 128
0.119304 -3.35615 -0.846368 128 128 128
0.0787711 -3.38731 -0.854323 128 128 128
0.0373962 -3.40832 -0.859712 128 128 128
-0.00446553 -3.42205 -0.863305 128 128 128
-0.0467158 -3.43913 -0.867924 128 128 128
-0.0892814 -3.45183 -0.871517 128 128 128
-0.132507 -3.47269 -0.877419 128 128 128
-0.175511 -3.47852 -0.879472 128 128 128
-0.218925 -3.48768 -0.882552 128 128 128
-0.263251 -3.50497 -0.887941 128 128 128
-0.30812 -3.52265 -0.893587 128 128 128
-0.352102 -3.5263 -0.89564 128 128 128
-0.396655 -3.53324 -0.898719 128 128 128
-0.441432 -3.53961 -0.901799 128 128 128
-0.485233 -3.5368 -0.902569 128 128 128
-0.528166 -3.52771 -0.901799 128 128 128
-0.573443 -3.53336 -0.905135 128 128 128
-0.619106 -3.53939 -0.908728 128 128 128
-0.666258 -3.55147 -0.914117 128 128 128
-0.711508 -3.55155 -0.916427 128 128 128
-0.758683 -3.55956 -0.921046 128 128 128
-0.80402 -3.55753 -0.923099 128 128 128
-0.853934 -3.57371 -0.930285 128 128 128
-0.901994 -3.57982 -0.934904 128 128 128
-0.945856 -3.56848 -0.934904 128 128 128
-0.994777 -3.57523 -0.940036 128 128 128
-1.03912 -3.5646 -0.94055 128 128 128
-1.08731 -3.56637 -0.944656 128 128 128
-1.13276 -3.55828 -0.946195 128 128 128
-1.18184 -3.56062 -0.950815 128 128 128
-1.23209 -3.56503 -0.956204 128 128 128
-1.27771 -3.55509 -0.957744 128 128 128
-1.32023 -3.53643 -0.956974 128 128 128
-1.36703 -3.52897 -0.95954 128 128 128
-1.4142 -3.52179 -0.962363 128 128 128
-1.45694 -3.50328 -0.962106 128 128 128
-1.50595 -3.49934 -0.966212 128 128 128
-1.54878 -3.48059 -0.966212 128 128 128
-1.59583 -3.47098 -0.969035 128 128 128
-0.752785 -1.32935 -0.360317 128 128 128
-0.779794 -1.33836 -0.365962 128 128 128
-2.02057 -3.36002 -0.995724 128 128 128
-2.06623 -3.34237 -0.998034 128 128 128
-2.08322 -3.27926 -0.986229 128 128 128
-2.13388 -3.26962 -0.991362 128 128 128
-2.92755 -2.71153 -1.0142 128 128 128
-2.95343 -2.66893 -1.01164 128 128 128
-2.99031 -2.63632 -1.01317 128 128 128
-3.01731 -2.59502 -1.01138 128 128 128
-3.11886 -2.42665 -1.00394 128 128 128
-3.16459 -2.40044 -1.00933 128 128 128
-3.19537 -2.36258 -1.00984 128 128 128
-3.21706 -2.31811 -1.00753 128 128 128
-3.23259 -2.26958 -1.00342 128 128 128
-3.7026 -1.63466 -1.02934 128 128 128
-3.70015 -1.57964 -1.02293 128 128 128
-3.57892 -1.47639 -0.982637 128 128 128
-3.56622 -1.42024 -0.973911 128 128 128
-2.66929 1.10345 -0.801218 128 128 128
-2.62555 1.1233 -0.791647 128 128 128
-2.59489 1.14807 -0.786298 128 128 128
-2.5518 1.16667 -0.777008 128 128 128
-2.06045 1.52607 -0.706069 128 128 128
-1.99494 1.51585 -0.688898 128 128 128
-1.98073 1.54375 -0.690587 128 128 128
-1.93539 1.54699 -0.680734 128 128 128
-1.91775 1.57184 -0.681297 128 128 128
-1.98042 1.70606 -0.720708 128 128 128
-1.79743 1.58741 -0.657369 128 128 128
-1.76572 1.5984 -0.652584 128 128 128
-1.74315 1.61734 -0.651458 128 128 128
-1.71204 1.62804 -0.646954 128 128 128
-1.67268 1.63018 -0.639071 128 128 128
-1.01117 1.68519 -0.530411 128 128 128
-0.987029 1.69167 -0.52844 128 128 128
-0.956716 1.68697 -0.52281 128 128 128
-0.934088 1.69522 -0.521684 128 128 128
-0.917748 1.71501 -0.524499 128 128 128
-0.910806 1.75339 -0.533507 128 128 128
-0.908248 1.80212 -0.545893 128 128 128
-0.87383 1.78814 -0.53773 128 128 128
-0.846474 1.78746 -0.53407 128 128 128
-0.815662 1.77853 -0.527877 128 128 128
-0.784418 1.76736 -0.521121 128 128 128
-0.75471 1.75834 -0.51521 128 128 128
-0.731603 1.76393 -0.514084 128 128 128
-0.708829 1.7701 -0.513239 128 128 128
-0.684283 1.77151 -0.510987 128 128 128
-0.66048 1.77438 -0.509298 128 128 128
-0.637683 1.77964 -0.508453 128 128 128
-0.612664 1.77826 -0.505638 128 128 128
-0.590192 1.78382 -0.505075 128 128 128
-0.565639 1.7827 -0.502542 128 128 128
-0.540364 1.77849 -0.499164 128 128 128
-0.515279 1.77393 -0.495786 128 128 128
-0.490644 1.76995 -0.492689 128 128 128
-0.468641 1.77491 -0.492408 128 128 128
-0.443311 1.76657 -0.488185 128 128 128
-0.417589 1.75508 -0.483118 128 128 128
-0.395386 1.75727 -0.482274 128 128 128
-0.372992 1.75823 -0.481148 128 128 128
-0.349316 1.75233 -0.478051 128 128 128
-0.326726 1.75082 -0.476362 128 128 128
-0.30373 1.74619 -0.473828 128 128 128
-0.28105 1.74221 -0.471576 128 128 128
-0.256101 1.7218 -0.464539 128 128 128
-0.233911 1.71721 -0.462287 128 128 128
-0.21199 1.71329 -0.460316 128 128 128
-0.190308 1.71004 -0.458627 128 128 128
-0.168548 1.70461 -0.456375 128 128 128
-0.147367 1.70368 -0.455531 128 128 128
-0.126162 1.70153 -0.454405 128 128 128
-0.105092 1.70008 -0.45356 128 128 128
-0.0840287 1.69741 -0.452434 128 128 128
-0.0627188 1.68584 -0.448775 128 128 128
-0.0420261 1.68649 -0.448775 128 128 128
-0.0213143 1.68592 -0.448493 128 128 128
-0.000612602 1.67645 -0.445678 128 128 128
0.0199388 1.67442 -0.445115 128 128 128
0.0403953 1.67021 -0.443989 128 128 128
0.0607857 1.66671 -0.443144 128 128 128
0.0811883 1.66488 -0.442863 128 128 128
0.101209 1.65705 -0.440892 128 128 128
0.121327 1.65282 -0.440048 128 128 128
0.140789 1.64164 -0.437233 128 128 128
0.160831 1.63884 -0.436951 128 128 128
0.179988 1.62815 -0.434418 128 128 128
0.199605 1.62297 -0.433573 128 128 128
0.218482 1.61279 -0.431321 128 128 128
0.237699 1.60619 -0.430195 128 128 128
0.256332 1.59651 -0.428225 128 128 128
0.275416 1.59041 -0.42738 128 128 128
0.294563 1.58503 -0.426817 128 128 128
0.313619 1.57941 -0.426254 128 128 128
0.332779 1.5745 -0.425973 128 128 128
0.349566 1.55906 -0.422595 128 128 128
0.367348 1.54905 -0.420906 128 128 128
0.38633 1.54443 -0.420906 128 128 128
0.403549 1.53307 -0.418935 128 128 128
0.422077 1.52708 -0.418654 128 128 128
0.440253 1.51994 -0.418091 128 128 128
0.456097 1.50524 -0.415276 128 128 128
0.474245 1.49861 -0.414994 128 128 128
0.4917 1.48995 -0.41415 128 128 128
0.508703 1.48017 -0.413024 128 128 128
0.52554 1.4702 -0.411898 128 128 128
0.542209 1.46004 -0.410771 128 128 128
0.559052 1.45059 -0.409927 128 128 128
0.576811 1.44362 -0.409927 128 128 128
0.592652 1.432 -0.40852 128 128 128
0.608672 1.42109 -0.407393 128 128 128
0.626065 1.41351 -0.407393 128 128 128
0.64177 1.40223 -0.406267 128 128 128
0.657701 1.39165 -0.405423 128 128 128
0.531136 1.08838 -0.309148 128 128 128
0.402414 0.798773 -0.216252 128 128 128
0.410422 0.790366 -0.215126 128 128 128
0.434082 0.81152 -0.223853 128 128 128
0.725641 1.31926 -0.39557 128 128 128
0.750271 1.32529 -0.400637 128 128 128
0.762621 1.30935 -0.398385 128 128 128
0.779123 1.30071 -0.398667 128 128 128
0.7895 1.28206 -0.39557 128 128 128
0.814909 1.28769 -0.400919 128 128 128
0.824904 1.26874 -0.397822 128 128 128
0.839879 1.25772 -0.397541 128 128 128
0.860127 1.25445 -0.400074 128 128 128
0.873802 1.24144 -0.39923 128 128 128
0.888409 1.22985 -0.398948 128 128 128
0.904005 1.21963 -0.39923 128 128 128
0.923545 1.21455 -0.401482 128 128 128
0.954295 1.22357 -0.409082 128 128 128
0.948284 1.18552 -0.39923 128 128 128
0.963976 1.17528 -0.399793 128 128 128
0.978326 1.16337 -0.399793 128 128 128
0.992529 1.15127 -0.399793 128 128 128
1.00658 1.13901 -0.399793 128 128 128
1.02048 1.12657 -0.399793 128 128 128
1.03619 1.11607 -0.400637 128 128 128
1.05113 1.10466 -0.4012 128 128 128
1.06527 1.09237 -0.401482 128 128 128
1.07928 1.07989 -0.401763 128 128 128
1.09245 1.06657 -0.401763 128 128 128
1.10198 1.04977 -0.400356 128 128 128
1.11829 1.03944 -0.401763 128 128 128
1.13025 1.02499 -0.401482 128 128 128
1.14921 1.01677 -0.404015 128 128 128
1.16305 1.00385 -0.404578 128 128 128
1.17602 0.990117 -0.40486 128 128 128
1.1903 0.97744 -0.405704 128 128 128
1.20445 0.964561 -0.406549 128 128 128
1.21544 0.949117 -0.406267 128 128 128
1.22395 0.931802 -0.405141 128 128 128
1.23067 0.913277 -0.403452 128 128 128
0.759254 0.548468 -0.228638 128 128 128
0.739276 0.520293 -0.219067 128 128 128
0.732955 0.502481 -0.214563 128 128 128
1.15442 0.771685 -0.361227 128 128 128
1.30847 0.85182 -0.411898 128 128 128
1.32449 0.839299 -0.413868 128 128 128
1.33306 0.821974 -0.413305 128 128 128
1.3488 0.809013 -0.415276 128 128 128
1.35531 0.790464 -0.41415 128 128 128
1.35824 0.769981 -0.411898 128 128 128
1.37431 0.756964 -0.41415 128 128 128
1.40125 0.749562 -0.420061 128 128 128
1.4112 0.732753 -0.420343 128 128 128
1.42265 0.716678 -0.421187 128 128 128
1.43392 0.700432 -0.422032 128 128 128
1.44761 0.68525 -0.423721 128 128 128
1.45417 0.666633 -0.423158 128 128 128
1.46838 0.651467 -0.425128 128 128 128
1.48331 0.636431 -0.42738 128 128 128
1.48747 0.616708 -0.426254 128 128 128
1.49938 0.600195 -0.427662 128 128 128
1.512 0.583828 -0.429351 128 128 128
1.52444 0.567242 -0.43104 128 128 128
1.53761 0.550762 -0.43301 128 128 128
1.55151 0.534358 -0.435262 128 128 128
1.56706 0.518299 -0.438077 128 128 128
1.57513 0.499611 -0.43864 128 128 128
1.58206 0.480524 -0.438922 128 128 128
1.58968 0.46161 -0.439485 128 128 128
1.60447 0.444638 -0.4423 128 128 128
1.60424 0.423441 -0.440611 128 128 128
1.62234 0.407002 -0.444552 128 128 128
1.62815 0.387286 -0.444834 128 128 128
1.62997 0.366643 -0.443989 128 128 128
1.63998 0.347812 -0.445678 128 128 128
1.646 0.328037 -0.446241 128 128 128
1.65179 0.308167 -0.446804 128 128 128
1.66207 0.28903 -0.448775 128 128 128
1.67212 0.269687 -0.450745 128 128 128
1.67435 0.249005 -0.450464 128 128 128
1.68964 0.230133 -0.454123 128 128 128
1.69424 0.209619 -0.454686 128 128 128
1.7005 0.189239 -0.455812 128 128 128
1.71033 0.169119 -0.458064 128 128 128
1.72853 0.149536 -0.46285 128 128 128
1.73789 0.128887 -0.465102 128 128 128
1.74796 0.10809 -0.467635 128 128 128
1.75778 0.0870661 -0.470169 128 128 128
1.76831 0.0658533 -0.472984 128 128 128
1.77282 0.0442472 -0.47411 128 128 128
1.78378 0.0226307 -0.477206 128 128 128
1.79256 0.000749387 -0.47974 128 128 128
1.80395 -0.0213759 -0.483118 128 128 128
1.80643 -0.0435788 -0.483963 128 128 128
1.81727 -0.0661534 -0.487341 128 128 128
1.82111 -0.0886789 -0.488748 128 128 128
1.82372 -0.111251 -0.489874 128 128 128
1.83944 -0.134873 -0.494941 128 128 128
1.84721 -0.158247 -0.497756 128 128 128
1.85086 -0.181461 -0.499445 128 128 128
1.85898 -0.205311 -0.502542 128 128 128
1.85918 -0.228457 -0.503386 128 128 128
1.86194 -0.252023 -0.505075 128 128 128
1.86441 -0.275691 -0.506764 128 128 128
1.86562 -0.299306 -0.508172 128 128 128
1.86748 -0.323155 -0.509861 128 128 128
1.86904 -0.347095 -0.51155 128 128 128
1.88535 -0.374099 -0.517743 128 128 128
1.87873 -0.396811 -0.51718 128 128 128
1.87841 -0.420882 -0.518588 128 128 128
1.88057 -0.445666 -0.52084 128 128 128
1.89265 -0.473119 -0.526188 128 128 128
1.89227 -0.49777 -0.527877 128 128 128
1.90637 -0.52656 -0.53407 128 128 128
1.89977 -0.549915 -0.53407 128 128 128
1.91492 -0.579845 -0.540826 128 128 128
1.91498 -0.605611 -0.543078 128 128 128
1.91743 -0.632364 -0.546175 128 128 128
1.91588 -0.658024 -0.548146 128 128 128
1.92574 -0.687929 -0.553776 128 128 128
1.91895 -0.712176 -0.554339 128 128 128
1.93425 -0.744966 -0.561939 128 128 128
1.9214 -0.767225 -0.560813 128 128 128
1.9278 -0.797337 -0.56588 128 128 128
1.93993 -0.83036 -0.572918 128 128 128
1.92521 -0.852164 -0.57151 128 128 128
1.92595 -0.880906 -0.57517 128 128 128
1.915 -0.904474 -0.57517 128 128 128
1.9003 -0.926227 -0.574044 128 128 128
1.90337 -0.956794 -0.578829 128 128 128
1.9145 -0.991984 -0.58643 128 128 128
1.90642 -1.01766 -0.587838 128 128 128
1.89883 -1.04375 -0.589527 128 128 128
1.90176 -1.07594 -0.594875 128 128 128
1.90002 -1.10595 -0.598816 128 128 128
1.90031 -1.13755 -0.603602 128 128 128
1.90746 -1.17385 -0.610921 128 128 128
1.89778 -1.20024 -0.61261 128 128 128
1.89579 -1.23179 -0.617114 128 128 128
1.8981 -1.26667 -0.623307 128 128 128
1.88716 -1.29312 -0.624996 128 128 128
1.88842 -1.32832 -0.631189 128 128 128
1.87587 -1.3542 -0.632597 128 128 128
1.86606 -1.38225 -0.63513 128 128 128
1.86042 -1.41375 -0.639353 128 128 128
1.85505 -1.4459 -0.643857 128 128 128
1.84016 -1.47096 -0.644983 128 128 128
1.82791 -1.49829 -0.647235 128 128 128
1.82041 -1.52986 -0.651458 128 128 128
1.80877 -1.55834 -0.654273 128 128 128
1.79527 -1.5855 -0.656525 128 128 128
1.78351 -1.61449 -0.659621 128 128 128
1.77553 -1.64735 -0.664407 128 128 128
1.76909 -1.68223 -0.670037 128 128 128
1.76 -1.71519 -0.674822 128 128 128
1.74969 -1.7475 -0.679326 128 128 128
1.74489 -1.78599 -0.686364 128 128 128
1.72814 -1.81282 -0.688616 128 128 128
1.71296 -1.84162 -0.691713 128 128 128
1.70701 -1.88096 -0.699032 128 128 128
1.68825 -1.9068 -0.701002 128 128 128
1.66849 -1.93173 -0.702691 128 128 128
1.64961 -1.95792 -0.704943 128 128 128
1.63826 -1.99358 -0.710855 128 128 128
1.62328 -2.02551 -0.715359 128 128 128
1.60717 -2.05661 -0.719582 128 128 128
1.58705 -2.08305 -0.722115 128 128 128
1.56995 -2.11392 -0.726338 128 128 128
1.55459 -2.14779 -0.731686 128 128 128
1.54251 -2.18708 -0.739005 128 128 128
1.52317 -2.21692 -0.742946 128 128 128
1.50386 -2.2474 -0.747169 128 128 128
1.49242 -2.2906 -0.755896 128 128 128
1.47808 -2.33061 -0.763496 128 128 128
1.4534 -2.35511 -0.765748 128 128 128
1.4239 -2.37194 -0.765467 128 128 128
1.4063 -2.40912 -0.772223 128 128 128
1.38185 -2.43538 -0.775319 128 128 128
1.36391 -2.47399 -0.782639 128 128 128
1.33617 -2.49562 -0.784328 128 128 128
1.30988 -2.52034 -0.787143 128 128 128
1.28361 -2.54564 -0.790239 128 128 128
1.25691 -2.57068 -0.793336 128 128 128
1.23062 -2.59719 -0.796995 128 128 128
1.20426 -2.6243 -0.800936 128 128 128
1.18249 -2.66255 -0.808537 128 128 128
1.1558 -2.69097 -0.813041 128 128 128
1.12931 -2.7209 -0.818108 128 128 128
1.10763 -2.76394 -0.827398 128 128 128
1.07675 -2.78538 -0.829931 128 128 128
1.04651 -2.80917 -0.833309 128 128 128
1.01845 -2.83986 -0.838939 128 128 128
0.989158 -2.86847 -0.844006 128 128 128
0.9563 -2.88768 -0.846258 128 128 128
0.9269 -2.9184 -0.85217 128 128 128
0.893254 -2.9369 -0.854422 128 128 128
0.860903 -2.96054 -0.858363 128 128 128
0.825536 -2.97458 -0.859489 128 128 128
0.793884 -3.00303 -0.865119 128 128 128
0.760018 -3.02465 -0.868779 128 128 128
0.727523 -3.05335 -0.87469 128 128 128
0.694648 -3.08264 -0.880883 128 128 128
0.660564 -3.10876 -0.886232 128 128 128
0.626696 -3.13827 -0.892707 128 128 128
0.590259 -3.15705 -0.896085 128 128 128
0.554445 -3.18107 -0.901152 128 128 128
0.518438 -3.20657 -0.906782 128 128 128
0.480894 -3.22503 -0.910441 128 128 128
0.443236 -3.24495 -0.914664 128 128 128
0.404805 -3.26157 -0.918042 128 128 128
0.366033 -3.27774 -0.92142 128 128 128
0.326068 -3.28485 -0.922265 128 128 128
0.287319 -3.30676 -0.927613 128 128 128
0.246718 -3.31004 -0.927613 128 128 128
0.208059 -3.34442 -0.936903 128 128 128
0.167677 -3.36014 -0.940844 128 128 128
0.127196 -3.38208 -0.946755 128 128 128
0.0862013 -3.40353 -0.952667 128 128 128
0.0445444 -3.41297 -0.955201 128 128 128
0.00269264 -3.44204 -0.963646 128 128 128
-0.0396638 -3.45237 -0.966742 128 128 128
-0.0824751 -3.47081 -0.972372 128 128 128
-0.125608 -3.48488 -0.976876 128 128 128
-0.168364 -3.48308 -0.976876 128 128 128
-0.211728 -3.49129 -0.979973 128 128 128
-0.255598 -3.50278 -0.984196 128 128 128
-0.299538 -3.51085 -0.987574 128 128 128
-0.343528 -3.51646 -0.990389 128 128 128
-0.386654 -3.51198 -0.990389 128 128 128
-0.432166 -3.52698 -0.9963 128 128 128
-0.477719 -3.53852 -1.00137 128 128 128
-0.524039 -3.55233 -1.00728 128 128 128
-0.569257 -3.55606 -1.01038 128 128 128
-0.615459 -3.56393 -1.01488 128 128 128
-0.662464 -3.57404 -1.02023 128 128 128
-0.708878 -3.57882 -1.02417 128 128 128
-0.754719 -3.57924 -1.02698 128 128 128
-0.801722 -3.58376 -1.03121 128 128 128
-0.847846 -3.58299 -1.03402 128 128 128
-0.895464 -3.58721 -1.03853 128 128 128
-0.94526 -3.59823 -1.04528 128 128 128
-0.98807 -3.58173 -1.04387 128 128 128
-1.03541 -3.58132 -1.04753 128 128 128
-1.08261 -3.57937 -1.05091 128 128 128
-1.13078 -3.57954 -1.05513 128 128 128
-1.17372 -3.56266 -1.05429 128 128 128
-1.21829 -3.55071 -1.05513 128 128 128
-1.26403 -3.54182 -1.05711 128 128 128
-1.31106 -3.53594 -1.0602 128 128 128
-1.35986 -3.53392 -1.06471 128 128 128
-1.40774 -3.52855 -1.06837 128 128 128
-1.45387 -3.5181 -1.07062 128 128 128
-2.70652 -3.06607 -1.15366 128 128 128
-2.87115 -2.87599 -1.14606 128 128 128
-2.86918 -2.80431 -1.13086 128 128 128
-2.8999 -2.76558 -1.12945 128 128 128
-2.93082 -2.72717 -1.12833 128 128 128
-2.95767 -2.68519 -1.12579 128 128 128
-3.16515 -2.60206 -1.15591 128 128 128
-3.1235 -2.50417 -1.12833 128 128 128
-3.14946 -2.46211 -1.12664 128 128 128
-3.17257 -2.41803 -1.1241 128 128 128
-3.5368 -1.72985 -1.1089 128 128 128
-3.4702 -1.64478 -1.08047 128 128 128
-3.57557 -1.64133 -1.10806 128 128 128
-3.59282 -1.59616 -1.10721 128 128 128
-3.60596 -1.5493 -1.10524 128 128 128
-2.52795 1.01897 -0.823095 128 128 128
-2.64441 1.10405 -0.867788 128 128 128
-2.60619 1.1258 -0.859275 128 128 128
-2.56436 1.14523 -0.849546 128 128 128
-2.5311 1.1678 -0.842857 128 128 128
-2.52259 1.20165 -0.844986 128 128 128
-2.51022 1.23378 -0.845898 128 128 128
-2.09095 1.5594 -0.785699 128 128 128
-1.99835 1.52868 -0.756208 128 128 128
-1.97196 1.5472 -0.753168 128 128 128
-1.92688 1.55033 -0.742527 128 128 128
-1.92825 1.59087 -0.75104 128 128 128
-1.91948 1.62366 -0.7556 128 128 128
-1.88546 1.67598 -0.758336 128 128 128
-1.7642 1.60708 -0.71486 128 128 128
-1.73113 1.61624 -0.709083 128 128 128
-1.7043 1.63076 -0.706043 128 128 128
-1.68144 1.64888 -0.704826 128 128 128
-1.63291 1.64098 -0.692057 128 128 128
-1.58495 1.67293 -0.688713 128 128 128
-1.54946 1.67614 -0.68172 128 128 128
-1.51476 1.67944 -0.675031 128 128 128
-1.49843 1.70292 -0.677159 128 128 128
-1.51396 1.76389 -0.695097 128 128 128
-1.46961 1.79978 -0.694793 128 128 128
-1.35919 1.70648 -0.649493 128 128 128
-1.3294 1.71173 -0.644932 128 128 128
-1.29797 1.71422 -0.639459 128 128 128
-1.27176 1.72311 -0.636723 128 128 128
-1.23887 1.72233 -0.630338 128 128 128
-1.21382 1.73193 -0.62821 128 128 128
-1.18337 1.7333 -0.623042 128 128 128
-0.98646 1.70097 -0.580781 128 128 128
-0.968308 1.71793 -0.582605 128 128 128
-0.959461 1.75227 -0.590814 128 128 128
-0.928975 1.74707 -0.584733 128 128 128
-0.835672 1.77675 -0.579869 128 128 128
-0.822846 1.80683 -0.586862 128 128 128
-0.796788 1.80806 -0.583821 128 128 128
-0.773425 1.81507 -0.582909 128 128 128
-0.727278 1.76624 -0.562843 128 128 128
-0.704499 1.77237 -0.561931 128 128 128
-0.676592 1.76486 -0.556458 128 128 128
-0.656196 1.7766 -0.557674 128 128 128
-0.6261 1.76117 -0.54977 128 128 128
-0.604746 1.76962 -0.550074 128 128 128
-0.580035 1.76785 -0.547033 128 128 128
-0.555742 1.76665 -0.544297 128 128 128
-0.532112 1.76695 -0.542169 128 128 128
-0.508036 1.7651 -0.539433 128 128 128
-0.481833 1.75465 -0.53396 128 128 128
-0.459309 1.75675 -0.532744 128 128 128
-0.436124 1.75577 -0.530616 128 128 128
-0.412815 1.75357 -0.528183 128 128 128
-0.389012 1.74827 -0.524839 128 128 128
-0.365789 1.74452 -0.522103 128 128 128
-0.344717 1.75075 -0.522711 128 128 128
-0.318776 1.73047 -0.514806 128 128 128
-0.296563 1.72862 -0.512982 128 128 128
-0.274002 1.72366 -0.510245 128 128 128
-0.252558 1.72501 -0.509637 128 128 128
-0.22901 1.71003 -0.503861 128 128 128
-0.207445 1.70798 -0.50234 128 128 128
-0.186571 1.71134 -0.502645 128 128 128
-0.164841 1.70592 -0.500212 128 128 128
-0.143506 1.70306 -0.498692 128 128 128
-0.121869 1.69424 -0.495348 128 128 128
-0.100852 1.69181 -0.494132 128 128 128
-0.079784 1.68626 -0.492003 128 128 128
-0.0588678 1.68044 -0.489875 128 128 128
-0.0381837 1.67818 -0.488963 128 128 128
-0.0175564 1.67471 -0.487747 128 128 128
0.00297205 1.66909 -0.485923 128 128 128
0.0234069 1.66607 -0.485011 128 128 128
0.0438229 1.6647 -0.484707 128 128 128
0.0639353 1.65642 -0.482274 128 128 128
0.0839527 1.64981 -0.48045 128 128 128
0.104005 1.6458 -0.479538 128 128 128
0.123675 1.63775 -0.47741 128 128 128
0.143077 1.62852 -0.474977 128 128 128
0.16159 1.61243 -0.470417 128 128 128
0.182346 1.61884 -0.473153 128 128 128
0.20075 1.60514 -0.469505 128 128 128
0.219772 1.59784 -0.467985 128 128 128
0.239363 1.59502 -0.467985 128 128 128
0.25721 1.58162 -0.46464 128 128 128
0.2771 1.58116 -0.465553 128 128 128
0.295056 1.57016 -0.46312 128 128 128
0.312973 1.55988 -0.460992 128 128 128
0.331488 1.55313 -0.46008 128 128 128
0.349672 1.54523 -0.458864 128 128 128
0.367712 1.53712 -0.457648 128 128 128
0.385841 1.52972 -0.456736 128 128 128
0.403103 1.51935 -0.454911 128 128 128
0.420428 1.50971 -0.453391 128 128 128
0.437846 1.50078 -0.452175 128 128 128
0.454547 1.48983 -0.450351 128 128 128
0.471921 1.48142 -0.449439 128 128 128
0.488249 1.4701 -0.447615 128 128 128
0.50437 1.4586 -0.44579 128 128 128
0.521257 1.44961 -0.444878 128 128 128
0.538 1.44043 -0.443966 128 128 128
0.556675 1.43638 -0.444878 128 128 128
0.573545 1.42768 -0.44427 128 128 128
0.588812 1.41526 -0.442446 128 128 128
0.608409 1.41317 -0.44427 128 128 128
0.624146 1.40212 -0.443054 128 128 128
0.640104 1.39176 -0.442142 128 128 128
0.657135 1.3838 -0.442142 128 128 128
0.427084 0.874981 -0.263979 128 128 128
0.400212 0.795801 -0.237528 128 128 128
0.412601 0.795892 -0.239352 128 128 128
0.440895 0.825138 -0.251817 128 128 128
0.726405 1.31509 -0.432717 128 128 128
0.75053 1.32013 -0.437885 128 128 128
0.766674 1.31082 -0.437885 128 128 128
0.778756 1.2948 -0.435453 128 128 128
0.790058 1.27786 -0.432717 128 128 128
0.804654 1.26647 -0.432109 128 128 128
0.809154 1.23977 -0.425724 128 128 128
0.840286 1.25345 -0.434845 128 128 128
0.857231 1.24539 -0.435757 128 128 128
0.870794 1.23245 -0.434845 128 128 128
0.885852 1.22167 -0.434845 128 128 128
0.899636 1.20918 -0.434237 128 128 128
0.914986 1.1988 -0.434541 128 128 128
0.92845 1.18599 -0.433933 128 128 128
0.939344 1.17006 -0.432109 128 128 128
0.976108 1.1856 -0.443358 128 128 128
0.977022 1.15755 -0.436669 128 128 128
0.988652 1.1426 -0.435453 128 128 128
1.0026 1.13038 -0.435453 128 128 128
1.01318 1.11447 -0.433933 128 128 128
1.03264 1.10821 -0.436669 128 128 128
1.04814 1.09752 -0.437581 128 128 128
1.05084 1.07371 -0.432717 128 128 128
1.06326 1.06006 -0.432413 128 128 128
1.09057 1.06085 -0.438798 128 128 128
1.10073 1.04477 -0.437581 128 128 128
1.11277 1.03054 -0.437277 128 128 128
1.12604 1.01744 -0.437581 128 128 128
1.13916 1.00417 -0.437885 128 128 128
1.15284 0.991357 -0.438494 128 128 128
1.16639 0.978355 -0.439102 128 128 128
1.1783 0.963968 -0.439102 128 128 128
1.18184 0.942923 -0.435757 128 128 128
1.20462 0.937093 -0.440318 128 128 128
1.21603 0.92224 -0.440318 128 128 128
1.11749 0.826559 -0.396841 128 128 128
0.753493 0.544818 -0.249993 128 128 128
0.740592 0.521899 -0.242392 128 128 128
0.739063 0.507415 -0.239352 128 128 128
0.928727 0.619794 -0.309584 128 128 128
1.28218 0.831316 -0.440926 128 128 128
1.29309 0.816026 -0.44123 128 128 128
1.3274 0.814986 -0.450351 128 128 128
1.33812 0.799121 -0.450655 128 128 128
1.34205 0.779307 -0.448527 128 128 128
1.35235 0.763245 -0.448831 128 128 128
1.375 0.753885 -0.453695 128 128 128
1.38414 0.736955 -0.453695 128 128 128
1.388 0.717303 -0.451871 128 128 128
1.4129 0.708286 -0.457648 128 128 128
1.42234 0.691308 -0.457952 128 128 128
1.43331 0.675013 -0.458864 128 128 128
1.44495 0.658945 -0.46008 128 128 128
1.4538 0.641546 -0.460384 128 128 128
1.47209 0.628117 -0.464032 128 128 128
1.48234 0.611088 -0.464944 128 128 128
1.49238 0.593901 -0.465856 128 128 128
1.50312 0.576899 -0.467073 128 128 128
1.51187 0.559066 -0.467681 128 128 128
1.52311 0.542057 -0.469201 128 128 128
1.53416 0.524856 -0.470721 128 128 128
1.5432 0.506875 -0.471633 128 128 128
1.55112 0.488467 -0.472241 128 128 128
1.56248 0.471031 -0.474065 128 128 128
1.57822 0.454698 -0.47741 128 128 128
1.58736 0.436297 -0.478626 128 128 128
1.5972 0.41798 -0.480146 128 128 128
1.60591 0.399258 -0.481362 128 128 128
1.61255 0.379954 -0.48197 128 128 128
1.62174 0.361161 -0.48349 128 128 128
1.63071 0.342199 -0.485011 128 128 128
1.63666 0.322526 -0.485619 128 128 128
1.64424 0.303099 -0.486835 128 128 128
1.65066 0.283375 -0.487747 128 128 128
1.65966 0.263982 -0.489571 128 128 128
1.66654 0.244139 -0.490787 128 128 128
1.6713 0.223918 -0.491395 128 128 128
1.69284 0.205644 -0.497476 128 128 128
1.68766 0.184046 -0.495044 128 128 128
1.69359 0.16368 -0.49626 128 128 128
1.71161 0.144206 -0.501428 128 128 128
1.72085 0.123719 -0.503861 128 128 128
1.727 0.102864 -0.505381 128 128 128
1.73765 0.0820908 -0.508421 128 128 128
1.75566 0.0613196 -0.513894 128 128 128
1.75914 0.0398284 -0.514806 128 128 128
1.75664 0.018215 -0.513894 128 128 128
1.77483 -0.00341961 -0.51967 128 128 128
1.79085 -0.0254665 -0.524839 128 128 128
1.7904 -0.0474411 -0.524839 128 128 128
1.80015 -0.0698385 -0.528183 128 128 128
1.80582 -0.0922793 -0.530312 128 128 128
1.80835 -0.114682 -0.531528 128 128 128
1.82581 -0.138347 -0.537608 128 128 128
1.82682 -0.160999 -0.53852 128 128 128
1.83039 -0.183989 -0.540345 128 128 128
1.84124 -0.207963 -0.544601 128 128 128
1.84517 -0.231387 -0.546729 128 128 128
1.84785 -0.254806 -0.548554 128 128 128
1.84741 -0.277894 -0.549466 128 128 128
1.8636 -0.303805 -0.55585 128 128 128
1.86161 -0.326985 -0.556458 128 128 128
1.86026 -0.35034 -0.55737 128 128 128
1.86329 -0.374661 -0.559803 128 128 128
1.86879 -0.399712 -0.563147 128 128 128
1.86375 -0.422615 -0.563147 128 128 128
1.87602 -0.449711 -0.568924 128 128 128
1.87589 -0.474111 -0.570748 128 128 128
1.88098 -0.500055 -0.574396 128 128 128
1.8802 -0.524648 -0.576221 128 128 128
1.89555 -0.554142 -0.583517 128 128 128
1.89772 -0.580166 -0.586558 128 128 128
1.89589 -0.60516 -0.588382 128 128 128
1.89284 -0.629893 -0.589902 128 128 128
1.89397 -0.656211 -0.592942 128 128 128
1.90995 -0.688171 -0.601151 128 128 128
1.9085 -0.714243 -0.603584 128 128 128
1.90669 -0.740382 -0.606016 128 128 128
1.9107 -0.769087 -0.610576 128 128 128
1.91078 -0.796527 -0.613921 128 128 128
1.90873 -0.823327 -0.616657 128 128 128
1.90805 -0.850975 -0.620001 128 128 128
1.90783 -0.87913 -0.62365 128 128 128
1.90378 -0.905764 -0.626082 128 128 128
1.90363 -0.934537 -0.630034 128 128 128
1.89286 -0.958259 -0.630338 128 128 128
1.88096 -0.981415 -0.630338 128 128 128
1.87548 -1.00804 -0.632771 128 128 128
1.89128 -1.04672 -0.643108 128 128 128
1.8816 -1.07174 -0.644324 128 128 128
1.88309 -1.10345 -0.649796 128 128 128
1.88244 -1.13437 -0.654661 128 128 128
1.87243 -1.1599 -0.656181 128 128 128
1.86849 -1.18946 -0.660134 128 128 128
1.89038 -1.23635 -0.674119 128 128 128
1.8648 -1.25253 -0.670167 128 128 128
1.87357 -1.29213 -0.679592 128 128 128
1.86534 -1.32054 -0.682632 128 128 128
1.85438 -1.34727 -0.68476 128 128 128
1.84686 -1.37677 -0.688409 128 128 128
1.84116 -1.40803 -0.692969 128 128 128
1.84021 -1.44348 -0.699658 128 128 128
1.82681 -1.46955 -0.701482 128 128 128
1.8101 -1.49307 -0.70209 128 128 128
1.80763 -1.52873 -0.708779 128 128 128
1.79304 -1.55455 -0.710603 128 128 128
1.78307 -1.58468 -0.714556 128 128 128
1.77052 -1.61287 -0.717596 128 128 128
1.76103 -1.64424 -0.722156 128 128 128
1.75102 -1.67563 -0.726717 128 128 128
1.74255 -1.70902 -0.732189 128 128 128
1.73084 -1.73974 -0.736446 128 128 128
1.72857 -1.78071 -0.745263 128 128 128
1.71444 -1.8101 -0.748911 128 128 128
1.69532 -1.8345 -0.750431 128 128 128
1.68796 -1.87217 -0.757728 128 128 128
1.67177 -1.90063 -0.761073 128 128 128
1.65699 -1.93114 -0.765329 128 128 128
1.65392 -1.9762 -0.775666 128 128 128
1.63315 -2.00078 -0.77749 128 128 128
1.60966 -2.02216 -0.778098 128 128 128
1.58064 -2.03649 -0.77597 128 128 128
1.56815 -2.07246 -0.782659 128 128 128
1.53357 -2.07927 -0.777794 128 128 128
1.53124 -2.13046 -0.790564 128 128 128
1.52788 -2.1819 -0.803333 128 128 128
1.50688 -2.20915 -0.806678 128 128 128
1.48545 -2.23621 -0.810022 128 128 128
1.46512 -2.26548 -0.814278 128 128 128
1.45037 -2.30428 -0.822183 128 128 128
1.42496 -2.32678 -0.824007 128 128 128
1.40749 -2.36293 -0.831 128 128 128
1.39124 -2.4023 -0.839209 128 128 128
1.36445 -2.42418 -0.841033 128 128 128
1.34828 -2.46584 -0.850154 128 128 128
1.31569 -2.47799 -0.848634 128 128 128
1.29084 -2.50496 -0.852587 128 128 128
1.2668 -2.53426 -0.857451 128 128 128
1.24057 -2.55991 -0.861099 128 128 128
1.21391 -2.58529 -0.864748 128 128 128
1.18681 -2.61041 -0.868396 128 128 128
1.16157 -2.64048 -0.873869 128 128 128
1.14097 -2.68261 -0.883598 128 128 128
1.11302 -2.70875 -0.887854 128 128 128
1.08424 -2.73372 -0.891807 128 128 128
1.05638 -2.76196 -0.896975 128 128 128
1.03159 -2.79976 -0.905488 128 128 128
1.00318 -2.82927 -0.911265 128 128 128
0.972673 -2.854 -0.915521 128 128 128
0.941117 -2.87659 -0.91917 128 128 128
0.91199 -2.90793 -0.925859 128 128 128
0.878418 -2.92621 -0.928291 128 128 128
0.844796 -2.94501 -0.931027 128 128 128
0.809844 -2.95975 -0.932547 128 128 128
0.777285 -2.98422 -0.937412 128 128 128
0.740833 -2.99446 -0.937716 128 128 128
0.713759 -3.04508 -0.951397 128 128 128
0.67859 -3.06384 -0.954742 128 128 128
0.644808 -3.09059 -0.960822 128 128 128
0.608652 -3.10763 -0.963863 128 128 128
0.574731 -3.13829 -0.971463 128 128 128
0.539354 -3.1639 -0.977544 128 128 128
0.502551 -3.18345 -0.981801 128 128 128
0.46562 -3.20447 -0.986665 128 128 128
0.430236 -3.24017 -0.996394 128 128 128
0.390554 -3.24615 -0.996698 128 128 128
0.352407 -3.2668 -1.00187 128 128 128
0.312917 -3.27752 -1.004 128 128 128
0.27345 -3.29061 -1.00704 128 128 128
0.233776 -3.30417 -1.01038 128 128 128
0.193972 -3.3201 -1.01464 128 128 128
0.154198 -3.34412 -1.02163 128 128 128
0.113707 -3.3629 -1.0271 128 128 128
0.072682 -3.37643 -1.03105 128 128 128
0.0314111 -3.39802 -1.03774 128 128 128
-0.010387 -3.42101 -1.04504 128 128 128
-0.0524931 -3.42825 -1.04747 128 128 128
-0.0950524 -3.44449 -1.05294 128 128 128
-0.137744 -3.45353 -1.05629 128 128 128
-0.181485 -3.47727 -1.0645 128 128 128
-0.224892 -3.48619 -1.06815 128 128 128
-0.267656 -3.48316 -1.06815 128 128 128
-0.312181 -3.49954 -1.07453 128 128 128
-0.355004 -3.4945 -1.07423 128 128 128
-0.39906 -3.50029 -1.07757 128 128 128
-0.442828 -3.50174 -1.0797 128 128 128
-0.488675 -3.5168 -1.08639 128 128 128
-0.535101 -3.5322 -1.09338 128 128 128
-0.58229 -3.54887 -1.10098 128 128 128
-0.625629 -3.54052 -1.10068 128 128 128
-0.672953 -3.55316 -1.10737 128 128 128
-0.720681 -3.56517 -1.11405 128 128 128
-0.765987 -3.56351 -1.11649 128 128 128
-0.813486 -3.57056 -1.12196 128 128 128
-0.859482 -3.56956 -1.125 128 128 128
-0.908635 -3.57998 -1.13199 128 128 128
-0.954719 -3.57684 -1.13473 128 128 128
-0.999056 -3.56669 -1.13534 128 128 128
-1.04517 -3.56239 -1.13807 128 128 128
-1.09189 -3.55931 -1.14142 128 128 128
-1.13607 -3.54745 -1.14203 128 128 128
-1.18224 -3.54138 -1.14476 128 128 128
-1.22906 -3.5365 -1.14811 128 128 128
-1.27594 -3.531 -1.15145 128 128 128
-1.3175 -3.51062 -1.14993 128 128 128
-1.36568 -3.5075 -1.15449 128 128 128
-1.41362 -3.50284 -1.15875 128 128 128
-1.45908 -3.49137 -1.16088 128 128 128
-1.51015 -3.49243 -1.16756 128 128 128
-1.55485 -3.47799 -1.16908 128 128 128
-1.60221 -3.46902 -1.17273 128 128 128
-0.785035 -1.34202 -0.449439 128 128 128
-2.46024 -3.21203 -1.24449 128 128 128
-2.46942 -3.14342 -1.22898 128 128 128
-2.71583 -2.97715 -1.23932 128 128 128
-0.628818 -0.677177 -0.248169 128 128 128
-2.90667 -2.88793 -1.2609 128 128 128
-2.94531 -2.85535 -1.26242 128 128 128
-2.91986 -2.7621 -1.23597 128 128 128
-2.95003 -2.72283 -1.23445 128 128 128
-2.97047 -2.67497 -1.22898 128 128 128
-2.97728 -2.6157 -1.21803 128 128 128
-3.19495 -2.60475 -1.26881 128 128 128
-3.13264 -2.49074 -1.2305 128 128 128
-3.15091 -2.44278 -1.22564 128 128 128
-3.17913 -2.40279 -1.22503 128 128 128
-3.13623 -2.31055 -1.19645 128 128 128
-3.19068 -2.29076 -1.20679 128 128 128
-3.36962 -2.29585 -1.25452 128 128 128
-3.32843 -2.20858 -1.22807 128 128 128
-3.51987 -1.92261 -1.23324 128 128 128
-3.50952 -1.86145 -1.22107 128 128 128
-3.72293 -1.69069 -1.25817 128 128 128
-3.58808 -1.57682 -1.20405 128 128 128
-3.61243 -1.5349 -1.20587 128 128 128
-3.63187 -1.49081 -1.20618 128 128 128
-3.6242 -1.43598 -1.19736 128 128 128
-3.63709 -1.38971 -1.19584 128 128 128
-3.75941 -0.735436 -1.17577 128 128 128
-3.80276 -0.599511 -1.18185 128 128 128
-2.71866 1.08334 -0.970375 128 128 128
-2.67373 1.10366 -0.958548 128 128 128
-2.64609 1.13045 -0.953292 128 128 128
-2.60004 1.14873 -0.941136 128 128 128
-2.07046 1.49287 -0.840275 128 128 128
-2.04515 1.51311 -0.837318 128 128 128
-2.00912 1.52497 -0.829762 128 128 128
-1.98951 1.54893 -0.829433 128 128 128
-1.94562 1.63325 -0.836004 128 128 128
-1.83877 1.5825 -0.796251 128 128 128
-1.81354 1.59995 -0.793623 128 128 128
-1.78256 1.61195 -0.788366 128 128 128
-1.75294 1.62472 -0.783766 128 128 128
-1.60767 1.64399 -0.752227 128 128 128
-1.60434 1.68135 -0.760769 128 128 128
-1.56813 1.68433 -0.752884 128 128 128
-1.52447 1.67829 -0.741057 128 128 128
-1.37373 1.71265 -0.716088 128 128 128
-1.35145 1.72789 -0.715431 128 128 128
-1.31295 1.72183 -0.705575 128 128 128
-1.0206 1.65266 -0.62804 128 128 128
-1.01339 1.68691 -0.63691 128 128 128
-0.984509 1.68536 -0.631325 128 128 128
-0.963286 1.69649 -0.630997 128 128 128
-0.916812 1.66189 -0.612599 128 128 128
-0.885183 1.65221 -0.604385 128 128 128
-0.865277 1.66379 -0.604714 128 128 128
-0.856299 1.69704 -0.613584 128 128 128
-0.854532 1.74643 -0.628697 128 128 128
-0.822905 1.73546 -0.620484 128 128 128
-0.814179 1.77289 -0.630997 128 128 128
-0.782372 1.76031 -0.622455 128 128 128
-0.75847 1.76457 -0.620484 128 128 128
-0.746195 1.79642 -0.629026 128 128 128
-0.71071 1.77214 -0.616541 128 128 128
-0.684813 1.77016 -0.612599 128 128 128
-0.657088 1.76251 -0.606685 128 128 128
-0.632533 1.76244 -0.603728 128 128 128
-0.611475 1.77185 -0.604385 128 128 128
-0.585814 1.76757 -0.600114 128 128 128
-0.566373 1.78183 -0.602743 128 128 128
-0.539502 1.77238 -0.596829 128 128 128
-0.51533 1.77071 -0.593872 128 128 128
-0.492802 1.77417 -0.592886 128 128 128
-0.465905 1.76091 -0.585987 128 128 128
-0.444261 1.7665 -0.585987 128 128 128
-0.417934 1.75253 -0.579088 128 128 128
-0.395771 1.75476 -0.578102 128 128 128
-0.373616 1.75671 -0.577117 128 128 128
-0.348313 1.74264 -0.570546 128 128 128
-0.326379 1.744 -0.56956 128 128 128
-0.301529 1.72834 -0.562661 128 128 128
-0.281661 1.7403 -0.565618 128 128 128
-0.256779 1.72028 -0.557404 128 128 128
-0.235907 1.72517 -0.558062 128 128 128
-0.212492 1.71013 -0.551819 128 128 128
-0.190327 1.70228 -0.548205 128 128 128
-0.168387 1.69415 -0.544592 128 128 128
-0.147006 1.6895 -0.542292 128 128 128
-0.12548 1.68082 -0.538678 128 128 128
-0.104428 1.67564 -0.536378 128 128 128
-0.0837617 1.6749 -0.535721 128 128 128
-0.063129 1.67392 -0.535064 128 128 128
-0.0424588 1.66985 -0.533421 128 128 128
-0.0219112 1.66646 -0.532107 128 128 128
-0.00145463 1.66377 -0.531121 128 128 128
0.0188927 1.65706 -0.528822 128 128 128
0.0391612 1.65387 -0.527836 128 128 128
0.0595863 1.65704 -0.52915 128 128 128
0.0793794 1.64486 -0.525208 128 128 128
0.0993894 1.64093 -0.524222 128 128 128
0.119315 1.63676 -0.523237 128 128 128
0.139233 1.63329 -0.52258 128 128 128
0.158901 1.6277 -0.521265 128 128 128
0.177941 1.61718 -0.518309 128 128 128
0.197089 1.60925 -0.516337 128 128 128
0.216446 1.6039 -0.515352 128 128 128
0.234879 1.59271 -0.512395 128 128 128
0.254109 1.58785 -0.511738 128 128 128
0.272776 1.57995 -0.510095 128 128 128
0.291116 1.57091 -0.508124 128 128 128
0.310006 1.56537 -0.507467 128 128 128
0.328804 1.5596 -0.50681 128 128 128
0.347918 1.55545 -0.50681 128 128 128
0.364813 1.54187 -0.503524 128 128 128
0.382111 1.53086 -0.501225 128 128 128
0.40039 1.52423 -0.500568 128 128 128
0.417562 1.51373 -0.498596 128 128 128
0.43663 1.51031 -0.499253 128 128 128
0.454313 1.50213 -0.498268 128 128 128
0.472996 1.49734 -0.498596 128 128 128
0.488977 1.48424 -0.495968 128 128 128
0.504708 1.47098 -0.49334 128 128 128
0.522088 1.4629 -0.492683 128 128 128
0.540328 1.45727 -0.493011 128 128 128
0.555463 1.44347 -0.490383 128 128 128
0.572786 1.43567 -0.490054 128 128 128
0.587481 1.42155 -0.487426 128 128 128
0.603399 1.41076 -0.486112 128 128 128
0.620284 1.40238 -0.485783 128 128 128
0.636271 1.39209 -0.484798 128 128 128
0.64365 1.36366 -0.476913 128 128 128
0.391587 0.802643 -0.263035 128 128 128
0.400984 0.796933 -0.262707 128 128 128
0.418971 0.807895 -0.268949 128 128 128
0.6765 1.26791 -0.452273 128 128 128
0.731961 1.3324 -0.481184 128 128 128
0.737117 1.30357 -0.473299 128 128 128
0.762543 1.31076 -0.47987 128 128 128
0.776149 1.29725 -0.478227 128 128 128
0.794481 1.29166 -0.47987 128 128 128
0.807248 1.27702 -0.477899 128 128 128
0.822858 1.26701 -0.477899 128 128 128
0.837821 1.25603 -0.47757 128 128 128
0.852638 1.24488 -0.477241 128 128 128
0.867308 1.23355 -0.476913 128 128 128
0.877413 1.21591 -0.473956 128 128 128
0.90574 1.22329 -0.481841 128 128 128
0.912124 1.20079 -0.476913 128 128 128
0.92911 1.19249 -0.478227 128 128 128
0.943674 1.181 -0.478227 128 128 128
0.958693 1.17006 -0.478556 128 128 128
0.974193 1.15965 -0.479213 128 128 128
0.988966 1.14833 -0.479541 128 128 128
1.00361 1.13681 -0.47987 128 128 128
1.01748 1.12441 -0.47987 128 128 128
1.03313 1.11392 -0.480855 128 128 128
1.04672 1.10116 -0.480855 128 128 128
1.06147 1.08958 -0.481512 128 128 128
1.06743 1.06912 -0.477899 128 128 128
1.08992 1.06519 -0.482498 128 128 128
1.09539 1.04456 -0.478884 128 128 128
1.1102 1.03297 -0.47987 128 128 128
1.12419 1.02054 -0.480527 128 128 128
1.13734 1.00729 -0.480855 128 128 128
1.15533 0.998205 -0.483484 128 128 128
1.16244 0.979687 -0.481184 128 128 128
1.17583 0.966549 -0.481841 128 128 128
1.1957 0.958552 -0.485455 128 128 128
1.20812 0.944389 -0.485783 128 128 128
1.21887 0.92892 -0.485455 128 128 128
0.895287 0.664638 -0.340241 128 128 128
0.732122 0.529375 -0.266649 128 128 128
0.734706 0.517626 -0.265007 128 128 128
0.723111 0.496251 -0.25745 128 128 128
1.26177 0.844539 -0.480527 128 128 128
1.28864 0.839836 -0.487426 128 128 128
1.314 0.833585 -0.493668 128 128 128
1.32172 0.815907 -0.492683 128 128 128
1.33649 0.802548 -0.494654 128 128 128
1.34461 0.785133 -0.493997 128 128 128
1.36153 0.772776 -0.496954 128 128 128
1.36347 0.751898 -0.493997 128 128 128
1.38008 0.739129 -0.496954 128 128 128
1.39324 0.72432 -0.498596 128 128 128
1.40539 0.708873 -0.49991 128 128 128
1.41568 0.692404 -0.500568 128 128 128
1.42663 0.676196 -0.501553 128 128 128
1.43654 0.659427 -0.50221 128 128 128
1.45229 0.645207 -0.505167 128 128 128
1.46704 0.630325 -0.507795 128 128 128
1.47902 0.61409 -0.509438 128 128 128
1.4882 0.596598 -0.510095 128 128 128
1.49981 0.579998 -0.511738 128 128 128
1.51124 0.563202 -0.513381 128 128 128
1.5207 0.545574 -0.514366 128 128 128
1.53174 0.528415 -0.516009 128 128 128
1.53991 0.510174 -0.516666 128 128 128
1.54875 0.492099 -0.517652 128 128 128
1.56461 0.476089 -0.521265 128 128 128
1.57487 0.458176 -0.522908 128 128 128
1.57946 0.438562 -0.52258 128 128 128
1.58929 0.420358 -0.524222 128 128 128
1.59708 0.401516 -0.525208 128 128 128
1.60464 0.382547 -0.526193 128 128 128
1.61105 0.363244 -0.526851 128 128 128
1.61909 0.344235 -0.528165 128 128 128
1.62504 0.324712 -0.528822 128 128 128
1.63076 0.305095 -0.529479 128 128 128
1.64089 0.286201 -0.531779 128 128 128
1.6536 0.26756 -0.535064 128 128 128
1.65676 0.247247 -0.535064 128 128 128
1.66341 0.227413 -0.536378 128 128 128
1.6717 0.207686 -0.538349 128 128 128
1.68163 0.188002 -0.540978 128 128 128
1.69227 0.168199 -0.543934 128 128 128
1.70174 0.148081 -0.546563 128 128 128
1.71661 0.128182 -0.551162 128 128 128
1.72371 0.107464 -0.553133 128 128 128
1.74471 0.08731 -0.560033 128 128 128
1.75225 0.0661477 -0.562333 128 128 128
1.75765 0.0447638 -0.563975 128 128 128
1.76185 0.0232441 -0.565289 128 128 128
1.76956 0.00163464 -0.567918 128 128 128
1.77133 -0.0201006 -0.568575 128 128 128
1.79456 -0.0423754 -0.576788 128 128 128
1.79957 -0.0645932 -0.578759 128 128 128
1.80336 -0.0868955 -0.580402 128 128 128
1.81253 -0.109638 -0.584016 128 128 128
1.82141 -0.132619 -0.58763 128 128 128
1.82341 -0.155278 -0.588944 128 128 128
1.827 -0.178189 -0.590915 128 128 128
1.83031 -0.20121 -0.592886 128 128 128
1.83239 -0.224226 -0.594529 128 128 128
1.84916 -0.249331 -0.601428 128 128 128
1.84036 -0.271183 -0.599457 128 128 128
1.85181 -0.296121 -0.604714 128 128 128
1.85083 -0.319303 -0.605699 128 128 128
1.85235 -0.34302 -0.607671 128 128 128
1.84893 -0.365908 -0.607999 128 128 128
1.85447 -0.390704 -0.611613 128 128 128
1.85506 -0.414664 -0.613584 128 128 128
1.85719 -0.43913 -0.616213 128 128 128
1.86632 -0.465535 -0.621469 128 128 128
1.87875 -0.493186 -0.62804 128 128 128
1.88348 -0.519208 -0.631982 128 128 128
1.88514 -0.544636 -0.634939 128 128 128
1.88735 -0.570455 -0.638225 128 128 128
1.88201 -0.59414 -0.638882 128 128 128
1.89701 -0.624559 -0.647095 128 128 128
1.89814 -0.650848 -0.65038 128 128 128
1.90514 -0.679476 -0.655966 128 128 128
1.90374 -0.705424 -0.658594 128 128 128
1.90288 -0.731779 -0.661551 128 128 128
1.90253 -0.758567 -0.664836 128 128 128
1.91316 -0.790136 -0.672392 128 128 128
1.90506 -0.814295 -0.67305 128 128 128
1.90184 -0.840662 -0.675678 128 128 128
1.89997 -0.867856 -0.678963 128 128 128
1.89003 -0.891509 -0.679292 128 128 128
1.88915 -0.919589 -0.683234 128 128 128
1.87012 -0.938893 -0.680277 128 128 128
1.88447 -0.975212 -0.690462 128 128 128
1.8857 -1.00536 -0.695719 128 128 128
1.87653 -1.03025 -0.697033 128 128 128
1.88102 -1.06294 -0.703932 128 128 128
1.87274 -1.08879 -0.705903 128 128 128
1.87302 -1.11992 -0.711488 128 128 128
1.8849 -1.15863 -0.722001 128 128 128
1.88332 -1.18974 -0.727258 128 128 128
1.87095 -1.2143 -0.728244 128 128 128
1.87163 -1.24764 -0.734814 128 128 128
1.85696 -1.27105 -0.735143 128 128 128
1.8621 -1.30839 -0.744013 128 128 128
1.85587 -1.33831 -0.748284 128 128 128
1.84766 -1.36716 -0.751898 128 128 128
1.83526 -1.39316 -0.75387 128 128 128
1.82921 -1.42427 -0.758798 128 128 128
1.81159 -1.44661 -0.758798 128 128 128
1.80979 -1.48189 -0.766025 128 128 128
1.80305 -1.51369 -0.771282 128 128 128
1.7872 -1.53817 -0.772596 128 128 128
1.77457 -1.5656 -0.775553 128 128 128
1.76714 -1.59803 -0.781138 128 128 128
1.76056 -1.63178 -0.78738 128 128 128
1.75205 -1.66432 -0.792965 128 128 128
1.74707 -1.70084 -0.800522 128 128 128
1.73276 -1.72881 -0.803807 128 128 128
1.72529 -1.76412 -0.810706 128 128 128
1.70873 -1.79062 -0.813335 128 128 128
1.69951 -1.82527 -0.819906 128 128 128
1.68588 -1.85577 -0.824505 128 128 128
1.67426 -1.88904 -0.830419 128 128 128
1.65713 -1.91658 -0.833704 128 128 128
1.64202 -1.94688 -0.838304 128 128 128
1.62341 -1.97344 -0.84126 128 128 128
1.58842 -1.97996 -0.835347 128 128 128
1.59604 -2.0402 -0.853416 128 128 128
1.57203 -2.06114 -0.854073 128 128 128
1.55676 -2.09391 -0.859987 128 128 128
1.53927 -2.12433 -0.864915 128 128 128
1.52453 -2.15925 -0.871814 128 128 128
1.50756 -2.1918 -0.877728 128 128 128
1.49528 -2.2321 -0.886927 128 128 128
1.47139 -2.25582 -0.889227 128 128 128
1.45221 -2.28725 -0.894812 128 128 128
1.43447 -2.32177 -0.901711 128 128 128
1.4161 -2.35619 -0.908611 128 128 128
1.39041 -2.3791 -0.91091 128 128 128
1.36952 -2.41076 -0.916824 128 128 128
1.34486 -2.43648 -0.920438 128 128 128
1.31843 -2.45946 -0.923066 128 128 128
1.29164 -2.48215 -0.925694 128 128 128
1.2662 -2.50793 -0.929637 128 128 128
1.24406 -2.54109 -0.936536 128 128 128
1.22129 -2.57408 -0.943435 128 128 128
1.20264 -2.61719 -0.954277 128 128 128
1.17619 -2.64469 -0.959205 128 128 128
1.15224 -2.67888 -0.966762 128 128 128
1.12182 -2.69892 -0.969061 128 128 128
1.09601 -2.73089 -0.975961 128 128 128
1.07061 -2.76527 -0.983846 128 128 128
1.04123 -2.79058 -0.988445 128 128 128
1.01074 -2.81381 -0.992387 128 128 128
0.981075 -2.84029 -0.997644 128 128 128
0.94972 -2.86287 -1.00159 128 128 128
0.918818 -2.88781 -1.00651 128 128 128
0.886068 -2.9079 -1.0098 128 128 128
0.85164 -2.92308 -1.01144 128 128 128
0.819507 -2.94696 -1.01637 128 128 128
0.790307 -2.98327 -1.0259 128 128 128
0.758491 -3.01198 -1.0328 128 128 128
0.725428 -3.03759 -1.03871 128 128 128
0.693936 -3.07206 -1.04791 128 128 128
0.659537 -3.09605 -1.0535 128 128 128
0.623167 -3.11224 -1.05645 128 128 128
0.590859 -3.15121 -1.06762 128 128 128
0.552634 -3.16102 -1.06861 128 128 128
0.516076 -3.18155 -1.07354 128 128 128
0.478396 -3.19698 -1.07682 128 128 128
0.440287 -3.21103 -1.07978 128 128 128
0.401904 -3.22463 -1.08274 128 128 128
0.363889 -3.24339 -1.08766 128 128 128
0.325096 -3.25795 -1.09128 128 128 128
0.287653 -3.29086 -1.10146 128 128 128
0.248313 -3.30827 -1.10639 128 128 128
0.209721 -3.34312 -1.11756 128 128 128
0.169351 -3.35865 -1.12216 128 128 128
0.128923 -3.38124 -1.12939 128 128 128
0.0876431 -3.39106 -1.13234 128 128 128
0.0462209 -3.40605 -1.13727 128 128 128
0.00445052 -3.4243 -1.14351 128 128 128
-0.0376312 -3.42977 -1.14549 128 128 128
-0.0799542 -3.43943 -1.1491 128 128 128
-0.122487 -3.44763 -1.15238 128 128 128
-0.165322 -3.45719 -1.15633 128 128 128
-0.208298 -3.46433 -1.15961 128 128 128
-0.251745 -3.4747 -1.16421 128 128 128
-0.295319 -3.48264 -1.16815 128 128 128
-0.341037 -3.50978 -1.179 128 128 128
-0.386337 -3.52599 -1.18622 128 128 128
-0.431515 -3.53692 -1.19181 128 128 128
-0.476392 -3.54259 -1.19575 128 128 128
-0.522569 -3.55517 -1.20232 128 128 128
-0.569127 -3.56714 -1.20889 128 128 128
-0.614297 -3.56827 -1.21185 128 128 128
-0.659923 -3.57068 -1.21546 128 128 128
-0.705701 -3.57251 -1.21908 128 128 128
-0.751428 -3.57282 -1.22236 128 128 128
-0.796448 -3.56886 -1.22433 128 128 128
-0.84235 -3.56801 -1.22762 128 128 128
-0.889719 -3.57207 -1.23288 128 128 128
-0.934443 -3.56454 -1.23419 128 128 128
-0.981119 -3.56373 -1.23813 128 128 128
-1.02504 -3.55233 -1.23846 128 128 128
-1.07128 -3.54853 -1.24175 128 128 128
-1.11787 -3.54502 -1.24536 128 128 128
-1.16924 -3.55527 -1.25423 128 128 128
-1.21034 -3.5335 -1.2516 128 128 128
-1.26058 -3.53796 -1.25883 128 128 128
-1.30422 -3.52311 -1.25916 128 128 128
-1.36496 -3.55269 -1.27624 128 128 128
-1.38715 -3.48214 -1.2562 128 128 128
-2.18661 -3.28209 -1.32421 128 128 128
-2.26829 -3.31583 -1.34984 128 128 128
-2.28928 -3.25991 -1.33801 128 128 128
-2.33187 -3.23541 -1.33965 128 128 128
-2.37645 -3.21338 -1.34261 128 128 128
-2.42141 -3.1915 -1.34589 128 128 128
-2.49518 -3.20628 -1.36561 128 128 128
-2.52492 -3.16361 -1.36035 128 128 128
-2.68821 -2.97409 -1.34688 128 128 128
-2.80573 -2.88328 -1.35181 128 128 128
-2.91091 -2.91888 -1.3863 128 128 128
-2.90061 -2.83801 -1.36396 128 128 128
-2.93181 -2.79894 -1.36232 128 128 128
-2.94383 -2.74214 -1.35181 128 128 128
-3.12977 -2.57568 -1.36232 128 128 128
-3.1442 -2.52347 -1.35476 128 128 128
-3.09537 -2.42239 -1.31961 128 128 128
-3.34232 -2.29979 -1.36363 128 128 128
-3.6307 -1.83375 -1.36725 128 128 128
-3.57236 -1.74956 -1.33604 128 128 128
-3.32312 -1.57712 -1.23189 128 128 128
-3.60907 -1.659 -1.33407 128 128 128
-3.6188 -1.60997 -1.33012 128 128 128
-3.62701 -1.56059 -1.32585 128 128 128
-3.62322 -1.50652 -1.31731 128 128 128
-3.16741 0.605691 -1.1594 128 128 128
-3.12855 0.638111 -1.14747 128 128 128
-3.08846 0.669469 -1.1352 128 128 128
-3.08913 0.709427 -1.13871 128 128 128
-3.06018 0.742398 -1.13099 128 128 128
-3.00277 0.767539 -1.1124 128 128 128
-3.00036 0.806284 -1.11521 128 128 128
-2.98753 0.842276 -1.11416 128 128 128
-2.93208 0.865557 -1.09662 128 128 128
-2.98743 0.921997 -1.12257 128 128 128
-2.67728 1.12382 -1.03911 128 128 128
-2.63668 1.14498 -1.02824 128 128 128
-2.59511 1.16494 -1.01701 128 128 128
-2.56533 1.18959 -1.0107 128 128 128
-2.53028 1.21124 -1.00228 128 128 128
-2.51103 1.24012 -1.00053 128 128 128
-2.3703 1.31892 -0.967566 128 128 128
-2.32227 1.32971 -0.953888 128 128 128
-2.09233 1.48783 -0.913207 128 128 128
-2.05049 1.49625 -0.902336 128 128 128
-2.02074 1.51286 -0.897075 128 128 128
-1.98719 1.52611 -0.890061 128 128 128
-1.9639 1.5469 -0.887957 128 128 128
-1.89093 1.52725 -0.862006 128 128 128
-1.86236 1.62107 -0.876384 128 128 128
-1.79767 1.60382 -0.853939 128 128 128
-1.75922 1.60867 -0.844471 128 128 128
-1.73253 1.62372 -0.840964 128 128 128
-1.68685 1.62016 -0.827637 128 128 128
-1.66284 1.63679 -0.825533 128 128 128
-1.58643 1.64002 -0.806245 128 128 128
-1.57196 1.6655 -0.809401 128 128 128
-1.5552 1.68881 -0.811505 128 128 128
-1.51749 1.68893 -0.802036 128 128 128
-1.48618 1.69543 -0.796074 128 128 128
-1.43611 1.67932 -0.779241 128 128 128
-1.4154 1.69682 -0.779241 128 128 128
-1.39211 1.71115 -0.777838 128 128 128
-1.36578 1.72149 -0.774682 128 128 128
-1.35313 1.74925 -0.779942 128 128 128
-1.35068 1.79118 -0.791866 128 128 128
-1.26442 1.71997 -0.751185 128 128 128
-1.22962 1.7163 -0.742418 128 128 128
-1.19831 1.71665 -0.735754 128 128 128
-1.17296 1.72502 -0.732949 128 128 128
-1.15015 1.73694 -0.731897 128 128 128
-0.985131 1.56925 -0.645625 128 128 128
-0.920172 1.59308 -0.640715 128 128 128
-0.833335 1.72483 -0.669122 128 128 128
-0.789976 1.68738 -0.649483 128 128 128
-0.725125 1.65304 -0.627739 128 128 128
-0.677632 1.65385 -0.621076 128 128 128
-0.654204 1.6542 -0.61792 128 128 128
-0.671995 1.76282 -0.65825 128 128 128
-0.635872 1.73134 -0.642469 128 128 128
-0.625431 1.76994 -0.654743 128 128 128
-0.602168 1.77305 -0.65299 128 128 128
-0.577193 1.7705 -0.649132 128 128 128
-0.552372 1.76761 -0.645274 128 128 128
-0.521584 1.74373 -0.633351 128 128 128
-0.499891 1.7491 -0.633 128 128 128
-0.476436 1.74787 -0.630194 128 128 128
-0.454252 1.75086 -0.629142 128 128 128
-0.432732 1.75631 -0.629142 128 128 128
-0.408196 1.74871 -0.624232 128 128 128
-0.382714 1.73529 -0.617218 128 128 128
-0.360073 1.73343 -0.614764 128 128 128
-0.336472 1.72577 -0.610205 128 128 128
-0.315269 1.72977 -0.610205 128 128 128
-0.292474 1.72427 -0.606698 128 128 128
-0.26886 1.71199 -0.600736 128 128 128
-0.246646 1.70682 -0.597579 128 128 128
-0.224479 1.70043 -0.594072 128 128 128
-0.202615 1.69469 -0.590916 128 128 128
-0.180731 1.6868 -0.587058 128 128 128
-0.159243 1.6805 -0.583902 128 128 128
-0.138161 1.67672 -0.581798 128 128 128
-0.117322 1.67456 -0.580395 128 128 128
-0.096712 1.67493 -0.580045 128 128 128
-0.0759096 1.67038 -0.57794 128 128 128
-0.0552622 1.66651 -0.576187 128 128 128
-0.0347385 1.66331 -0.574784 128 128 128
-0.0142958 1.65893 -0.573031 128 128 128
0.00605138 1.65711 -0.572329 128 128 128
0.0262999 1.65223 -0.570576 128 128 128
0.0464296 1.6471 -0.568822 128 128 128
0.0664777 1.64267 -0.567419 128 128 128
0.0863205 1.63612 -0.565315 128 128 128
0.106013 1.62933 -0.563211 128 128 128
0.1257 1.62417 -0.561808 128 128 128
0.145192 1.61784 -0.560055 128 128 128
0.164644 1.61221 -0.558652 128 128 128
0.183762 1.60449 -0.556548 128 128 128
0.202595 1.59561 -0.554093 128 128 128
0.22137 1.58744 -0.551989 128 128 128
0.239689 1.5772 -0.549183 128 128 128
0.258099 1.5686 -0.547079 128 128 128
0.276334 1.55979 -0.544975 128 128 128
0.29634 1.56088 -0.546728 128 128 128
0.313023 1.5452 -0.542169 128 128 128
0.331363 1.53849 -0.541117 128 128 128
0.35085 1.53705 -0.542169 128 128 128
0.367466 1.52353 -0.538662 128 128 128
0.386134 1.51891 -0.538662 128 128 128
0.403279 1.50863 -0.536558 128 128 128
0.421251 1.50176 -0.535857 128 128 128
0.438316 1.49199 -0.534103 128 128 128
0.454651 1.48024 -0.531648 128 128 128
0.472782 1.47455 -0.531648 128 128 128
0.489046 1.46331 -0.529544 128 128 128
0.505726 1.45367 -0.528141 128 128 128
0.521922 1.44295 -0.526388 128 128 128
0.538926 1.43469 -0.525686 128 128 128
0.556149 1.42709 -0.525336 128 128 128
0.573973 1.42103 -0.525686 128 128 128
0.590277 1.41129 -0.524634 128 128 128
0.606054 1.4005 -0.523231 128 128 128
0.621656 1.38955 -0.521829 128 128 128
0.327233 0.712794 -0.245479 128 128 128
0.417482 0.878388 -0.315969 128 128 128
0.384557 0.785098 -0.279146 128 128 128
0.397998 0.787824 -0.282302 128 128 128
0.4168 0.800282 -0.289667 128 128 128
0.707904 1.31371 -0.510606 128 128 128
0.730364 1.31637 -0.515516 128 128 128
0.746463 1.30731 -0.515516 128 128 128
0.762449 1.29805 -0.515516 128 128 128
0.770539 1.27579 -0.509905 128 128 128
0.787129 1.26783 -0.510606 128 128 128
0.798075 1.25098 -0.50745 128 128 128
0.819037 1.24969 -0.511308 128 128 128
0.833786 1.23877 -0.510957 128 128 128
0.84839 1.22768 -0.510606 128 128 128
0.862304 1.21565 -0.509905 128 128 128
0.87771 1.20573 -0.510256 128 128 128
0.886253 1.18663 -0.506398 128 128 128
0.916182 1.1957 -0.515867 128 128 128
0.923818 1.17555 -0.511658 128 128 128
0.938764 1.16485 -0.512009 128 128 128
0.952389 1.15252 -0.511658 128 128 128
0.96889 1.1436 -0.513061 128 128 128
0.980386 1.1288 -0.511658 128 128 128
0.997913 1.12087 -0.513763 128 128 128
1.00399 1.10026 -0.509554 128 128 128
1.01806 1.08854 -0.509905 128 128 128
1.04044 1.08541 -0.514815 128 128 128
1.04644 1.06523 -0.510957 128 128 128
1.06343 1.05625 -0.513061 128 128 128
1.07969 1.04637 -0.514815 128 128 128
1.08835 1.0292 -0.512711 128 128 128
1.10435 1.01893 -0.514464 128 128 128
1.11538 1.00405 -0.513763 128 128 128
1.13114 0.993368 -0.515516 128 128 128
1.14752 0.983056 -0.51762 128 128 128
1.16022 0.969499 -0.517971 128 128 128
1.17421 0.956957 -0.519023 128 128 128
1.18807 0.944217 -0.520075 128 128 128
1.20254 0.931853 -0.521478 128 128 128
0.625351 0.474934 -0.24583 128 128 128
0.729362 0.539143 -0.29142 128 128 128
0.710004 0.511659 -0.279497 128 128 128
0.726226 0.509857 -0.284056 128 128 128
0.717694 0.490931 -0.277392 128 128 128
1.26783 0.840864 -0.521478 128 128 128
1.27884 0.825748 -0.521829 128 128 128
1.29206 0.811977 -0.523231 128 128 128
1.31873 0.806274 -0.530596 128 128 128
1.32369 0.787172 -0.528492 128 128 128
1.33325 0.770869 -0.528492 128 128 128
1.35078 0.759015 -0.531999 128 128 128
1.36329 0.744168 -0.533402 128 128 128
1.37149 0.726946 -0.533051 128 128 128
1.38948 0.714749 -0.536909 128 128 128
1.39898 0.69806 -0.537259 128 128 128
1.40913 0.681651 -0.537961 128 128 128
1.41909 0.665098 -0.538662 128 128 128
1.43654 0.651865 -0.54252 128 128 128
1.44615 0.634936 -0.543221 128 128 128
1.45642 0.618233 -0.544273 128 128 128
1.46736 0.601726 -0.545676 128 128 128
1.47638 0.584359 -0.546378 128 128 128
1.48607 0.567192 -0.54743 128 128 128
1.4982 0.550838 -0.549534 128 128 128
1.51368 0.535512 -0.553041 128 128 128
1.52102 0.517196 -0.553391 128 128 128
1.53171 0.499933 -0.555145 128 128 128
1.5422 0.482486 -0.556898 128 128 128
1.55878 0.46672 -0.561107 128 128 128
1.55899 0.446025 -0.559003 128 128 128
1.57248 0.429058 -0.562159 128 128 128
1.57944 0.410195 -0.56286 128 128 128
1.58981 0.392114 -0.564965 128 128 128
1.59907 0.373629 -0.566718 128 128 128
1.60353 0.353978 -0.566718 128 128 128
1.61234 0.335215 -0.568471 128 128 128
1.61909 0.315935 -0.569524 128 128 128
1.62746 0.296871 -0.571277 128 128 128
1.63467 0.277495 -0.57268 128 128 128
1.64906 0.259131 -0.576888 128 128 128
1.65119 0.238743 -0.576538 128 128 128
1.65678 0.218824 -0.57759 128 128 128
1.6612 0.198694 -0.578291 128 128 128
1.6868 0.180731 -0.587058 128 128 128
1.68236 0.159415 -0.584604 128 128 128
1.69726 0.139802 -0.589513 128 128 128
1.70726 0.119532 -0.59267 128 128 128
1.71327 0.0988307 -0.594423 128 128 128
1.72652 0.0783213 -0.598982 128 128 128
1.72173 0.0569561 -0.596878 128 128 128
1.74009 0.0361508 -0.603541 128 128 128
1.74509 0.0148231 -0.605295 128 128 128
1.75357 -0.00664481 -0.608451 128 128 128
1.77208 -0.0285083 -0.615465 128 128 128
1.77253 -0.0502811 -0.615816 128 128 128
1.78207 -0.0724715 -0.619673 128 128 128
1.78853 -0.0947484 -0.622479 128 128 128
1.79658 -0.117321 -0.625986 128 128 128
1.80527 -0.14018 -0.629844 128 128 128
1.81274 -0.163184 -0.633351 128 128 128
1.81433 -0.185807 -0.634753 128 128 128
1.82121 -0.209147 -0.63826 128 128 128
1.82036 -0.231721 -0.638962 128 128 128
1.82666 -0.255359 -0.642469 128 128 128
1.83356 -0.27933 -0.646326 128 128 128
1.8263 -0.301192 -0.644924 128 128 128
1.84459 -0.32756 -0.65334 128 128 128
1.85331 -0.35265 -0.65825 128 128 128
1.83875 -0.373294 -0.654392 128 128 128
1.84043 -0.397228 -0.656847 128 128 128
1.83725 -0.420204 -0.657549 128 128 128
1.86197 -0.450044 -0.669122 128 128 128
1.85903 -0.473559 -0.670174 128 128 128
1.86303 -0.499023 -0.674032 128 128 128
1.86667 -0.524656 -0.677889 128 128 128
1.86638 -0.549388 -0.680344 128 128 128
1.86934 -0.575301 -0.684202 128 128 128
1.8755 -0.602522 -0.689462 128 128 128
1.87861 -0.629083 -0.693671 128 128 128
1.88754 -0.657981 -0.700334 128 128 128
1.88197 -0.682057 -0.701386 128 128 128
1.88221 -0.708417 -0.704893 128 128 128
1.89342 -0.739337 -0.712959 128 128 128
1.88941 -0.764635 -0.715063 128 128 128
1.89974 -0.796128 -0.723129 128 128 128
1.89326 -0.820878 -0.724532 128 128 128
1.88816 -0.846358 -0.726636 128 128 128
1.87933 -0.870255 -0.727338 128 128 128
1.87695 -0.897308 -0.730845 128 128 128
1.8809 -0.92776 -0.737157 128 128 128
1.87355 -0.952903 -0.738911 128 128 128
1.87 -0.980186 -0.742418 128 128 128
1.86606 -1.00753 -0.745925 128 128 128
1.865 -1.03674 -0.750834 128 128 128
1.87325 -1.07168 -0.759952 128 128 128
1.86641 -1.0984 -0.762758 128 128 128
1.86079 -1.12609 -0.766265 128 128 128
1.85557 -1.15429 -0.770123 128 128 128
1.85545 -1.18608 -0.776435 128 128 128
1.85952 -1.22114 -0.784852 128 128 128
1.85292 -1.24964 -0.78871 128 128 128
1.85283 -1.28297 -0.795724 128 128 128
1.84076 -1.30833 -0.797477 128 128 128
1.83061 -1.33525 -0.800283 128 128 128
1.83131 -1.37055 -0.808349 128 128 128
1.82251 -1.39921 -0.812206 128 128 128
1.81255 -1.42727 -0.815713 128 128 128
1.79999 -1.45354 -0.818168 128 128 128
1.78994 -1.4821 -0.822026 128 128 128
1.77447 -1.50638 -0.823429 128 128 128
1.76149 -1.53297 -0.826234 128 128 128
1.74883 -1.5601 -0.829391 128 128 128
1.74473 -1.59537 -0.837106 128 128 128
1.74549 -1.63591 -0.847627 128 128 128
1.7273 -1.65915 -0.848679 128 128 128
1.72414 -1.69734 -0.857797 128 128 128
1.70713 -1.72236 -0.859901 128 128 128
1.70146 -1.75937 -0.868318 128 128 128
1.69385 -1.79512 -0.876033 128 128 128
1.67803 -1.82267 -0.87954 128 128 128
1.67115 -1.86057 -0.888308 128 128 128
1.65435 -1.88799 -0.891815 128 128 128
1.63835 -1.91671 -0.896023 128 128 128
1.62248 -1.94603 -0.900582 128 128 128
1.60379 -1.97234 -0.903739 128 128 128
1.58701 -2.00143 -0.908298 128 128 128
1.57319 -2.03485 -0.914961 128 128 128
1.55092 -2.05774 -0.916714 128 128 128
1.54159 -2.09853 -0.926885 128 128 128
1.52715 -2.1333 -0.934249 128 128 128
1.49925 -2.14957 -0.933197 128 128 128
1.48483 -2.18565 -0.941263 128 128 128
1.47285 -2.22638 -0.951433 128 128 128
1.45048 -2.25216 -0.95494 128 128 128
1.43265 -2.28568 -0.961954 128 128 128
1.41519 -2.32069 -0.96967 128 128 128
1.3928 -2.34837 -0.974229 128 128 128
1.37041 -2.37665 -0.979139 128 128 128
1.34525 -2.40065 -0.982295 128 128 128
1.32016 -2.42521 -0.985802 128 128 128
1.2999 -2.45945 -0.993517 128 128 128
1.2726 -2.48106 -0.995972 128 128 128
1.24871 -2.50991 -1.00158 128 128 128
1.22836 -2.54699 -1.0107 128 128 128
1.20294 -2.57461 -1.01596 128 128 128
1.17857 -2.6054 -1.02263 128 128 128
1.15175 -2.63169 -1.02753 128 128 128
1.12664 -2.66288 -1.03455 128 128 128
1.102 -2.69646 -1.04261 128 128 128
1.07293 -2.72024 -1.04682 128 128 128
1.04743 -2.75422 -1.05524 128 128 128
1.02093 -2.7871 -1.06331 128 128 128
0.988824 -2.8056 -1.06576 128 128 128
0.957612 -2.82729 -1.06962 128 128 128
0.926016 -2.84863 -1.07348 128 128 128
0.894317 -2.87051 -1.07768 128 128 128
0.862753 -2.89384 -1.08259 128 128 128
0.83075 -2.91682 -1.0875 128 128 128
0.800266 -2.94669 -1.09522 128 128 128
0.767309 -2.96898 -1.10013 128 128 128
0.735478 -2.99728 -1.10749 128 128 128
0.703911 -3.02889 -1.11626 128 128 128
0.670879 -3.05652 -1.12363 128 128 128
0.636146 -3.07828 -1.12889 128 128 128
0.601686 -3.10333 -1.13555 128 128 128
0.567371 -3.13168 -1.14362 128 128 128
0.531214 -3.15226 -1.14888 128 128 128
0.494637 -3.17242 -1.15414 128 128 128
0.456854 -3.1866 -1.15729 128 128 128
0.419039 -3.20218 -1.16115 128 128 128
0.381128 -3.21917 -1.16571 128 128 128
0.342667 -3.23385 -1.16957 128 128 128
0.304334 -3.25274 -1.17518 128 128 128
0.265962 -3.27583 -1.18254 128 128 128
0.227131 -3.2994 -1.19026 128 128 128
0.187762 -3.32251 -1.19797 128 128 128
0.14786 -3.34515 -1.20569 128 128 128
0.107402 -3.36637 -1.21305 128 128 128
0.0661693 -3.37212 -1.21481 128 128 128
0.0249037 -3.39234 -1.22217 128 128 128
-0.0169003 -3.42048 -1.23269 128 128 128
-0.0587874 -3.41534 -1.23094 128 128 128
-0.101039 -3.42559 -1.23515 128 128 128
-0.143672 -3.43813 -1.24041 128 128 128
-0.186421 -3.44639 -1.24427 128 128 128
-0.229332 -3.45319 -1.24777 128 128 128
-0.272213 -3.45665 -1.25023 128 128 128
-0.316763 -3.47636 -1.259 128 128 128
-0.36135 -3.49084 -1.26601 128 128 128
-0.405904 -3.50102 -1.27162 128 128 128
-0.451002 -3.5125 -1.27793 128 128 128
-0.495653 -3.51782 -1.28214 128 128 128
-0.542363 -3.53461 -1.29091 128 128 128
-0.585543 -3.52677 -1.29056 128 128 128
-0.631595 -3.53499 -1.29652 128 128 128
-0.677938 -3.5426 -1.30248 128 128 128
-0.726822 -3.56062 -1.31265 128 128 128
-0.769663 -3.54777 -1.31125 128 128 128
-0.816515 -3.55266 -1.31686 128 128 128
-0.862714 -3.55329 -1.32107 128 128 128
-0.910217 -3.55786 -1.32703 128 128 128
-0.95332 -3.54461 -1.32633 128 128 128
-1.00006 -3.54436 -1.33089 128 128 128
-1.04588 -3.5399 -1.33404 128 128 128
-1.0959 -3.54826 -1.34246 128 128 128
-1.14311 -3.54613 -1.34702 128 128 128
-1.19013 -3.54249 -1.35123 128 128 128
-1.23351 -3.52761 -1.35123 128 128 128
-1.28441 -3.53333 -1.35965 128 128 128
-1.31971 -3.49628 -1.35123 128 128 128
-1.37758 -3.51817 -1.36666 128 128 128
-1.42454 -3.51055 -1.37052 128 128 128
-1.48133 -3.52559 -1.38384 128 128 128
-0.637475 -1.37927 -0.520777 128 128 128
-2.36153 -3.23224 -1.45083 128 128 128
-2.39877 -3.20002 -1.44942 128 128 128
-2.45558 -3.19334 -1.4603 128 128 128
-2.56505 -3.1714 -1.47923 128 128 128
-0.584284 -0.70957 -0.295979 128 128 128
-0.595984 -0.705911 -0.297733 128 128 128
-2.63137 -3.01912 -1.45153 128 128 128
-2.83854 -2.87939 -1.46591 128 128 128
-2.87699 -2.84763 -1.46766 128 128 128
-2.9333 -2.83291 -1.47888 128 128 128
-2.95829 -2.78772 -1.47397 128 128 128
-2.98745 -2.74677 -1.47152 128 128 128
-3.10791 -2.65317 -1.48204 128 128 128
-3.11718 -2.59568 -1.47082 128 128 128
-3.1539 -2.56136 -1.47327 128 128 128
-3.18362 -2.5213 -1.47257 128 128 128
-3.22471 -2.49005 -1.47748 128 128 128
-3.32147 -2.31385 -1.46766 128 128 128
-3.3566 -2.27764 -1.47082 128 128 128
-3.49559 -2.07086 -1.47327 128 128 128
-3.33885 -1.9233 -1.39472 128 128 128
-3.53899 -1.92428 -1.4603 128 128 128
-3.45272 -1.66354 -1.387 128 128 128
-3.42279 -1.59773 -1.36631 128 128 128
-3.61973 -1.63564 -1.43925 128 128 128
-3.68073 -1.60906 -1.45609 128 128 128
-3.64669 -1.54122 -1.43434 128 128 128
-3.65926 -1.49388 -1.43189 128 128 128
-3.68778 -1.45297 -1.4361 128 128 128
-3.70708 -1.40827 -1.4368 128 128 128
-3.66162 -1.33989 -1.4119 128 128 128
-3.66188 -1.28928 -1.40559 128 128 128
-3.70316 -1.25292 -1.41576 128 128 128
-3.71469 -1.20623 -1.41435 128 128 128
-3.95105 -1.22933 -1.50133 128 128 128
-3.82794 -0.938123 -1.42768 128 128 128
-3.72875 -0.865574 -1.38525 128 128 128
-3.70798 -0.812967 -1.37332 128 128 128
-3.70117 -0.764013 -1.36701 128 128 128
-3.67992 -0.712694 -1.35544 128 128 128
-3.69392 -0.668476 -1.35754 128 128 128
-3.66674 -0.617228 -1.34421 128 128 128
-3.6833 -0.573616 -1.34772 128 128 128
-3.68542 -0.527714 -1.34597 128 128 128
-3.71762 -0.485818 -1.35579 128 128 128
-3.25187 0.517218 -1.28321 128 128 128
-3.25442 0.558649 -1.28696 128 128 128
-3.20629 0.591 -1.27008 128 128 128
-3.03508 0.598113 -1.20257 128 128 128
-3.0511 0.640253 -1.21232 128 128 128
-2.77542 1.02611 -1.14818 128 128 128
-2.74185 1.05213 -1.13918 128 128 128
-2.72701 1.08502 -1.13843 128 128 128
-2.69549 1.11099 -1.13055 128 128 128
-2.66715 1.13781 -1.12417 128 128 128
-2.50199 1.10392 -1.05741 128 128 128
-2.61312 1.1914 -1.11292 128 128 128
-2.53455 1.19339 -1.08441 128 128 128
-2.47382 1.23988 -1.07053 128 128 128
-2.44265 1.30022 -1.07053 128 128 128
-2.39643 1.31362 -1.05665 128 128 128
-2.35348 1.32791 -1.04428 128 128 128
-2.25867 1.50361 -1.04878 128 128 128
-2.09888 1.47292 -0.988388 128 128 128
-2.06259 1.48557 -0.979386 128 128 128
-1.97559 1.46012 -0.944878 128 128 128
-1.959 1.48538 -0.945628 128 128 128
-1.90085 1.55472 -0.944503 128 128 128
-1.88802 1.58328 -0.947878 128 128 128
-1.85157 1.59184 -0.938876 128 128 128
-1.82564 1.60893 -0.9355 128 128 128
-1.79543 1.62189 -0.929874 128 128 128
-1.65259 1.64721 -0.89499 128 128 128
-1.61733 1.65214 -0.886363 128 128 128
-1.59373 1.66852 -0.884488 128 128 128
-1.55669 1.67033 -0.874735 128 128 128
-1.51923 1.6708 -0.864608 128 128 128
-1.49184 1.68169 -0.860482 128 128 128
-1.44653 1.71355 -0.858231 128 128 128
-1.40888 1.71114 -0.847729 128 128 128
-0.96437 1.51803 -0.678562 128 128 128
-0.950549 1.53763 -0.682313 128 128 128
-0.956004 1.58967 -0.701443 128 128 128
-0.898471 1.5365 -0.67106 128 128 128
-0.864411 1.52082 -0.658682 128 128 128
-0.860044 1.55727 -0.670685 128 128 128
-0.842186 1.57016 -0.671811 128 128 128
-0.795843 1.5286 -0.64818 128 128 128
-0.76949 1.52336 -0.641428 128 128 128
-0.781371 1.5951 -0.66956 128 128 128
-0.758552 1.59787 -0.666559 128 128 128
-0.70514 1.53381 -0.633926 128 128 128
-0.71911 1.61601 -0.666559 128 128 128
-0.701428 1.62982 -0.66881 128 128 128
-0.672459 1.61691 -0.659433 128 128 128
-0.674718 1.68008 -0.683438 128 128 128
-0.656063 1.69341 -0.685689 128 128 128
-0.64693 1.73259 -0.699192 128 128 128
-0.621849 1.72994 -0.694691 128 128 128
-0.573937 1.72884 -0.68794 128 128 128
-0.550705 1.72957 -0.685314 128 128 128
-0.527541 1.73 -0.682688 128 128 128
-0.510955 1.75236 -0.68944 128 128 128
-0.484926 1.74242 -0.682688 128 128 128
-0.462793 1.74555 -0.681563 128 128 128
-0.439747 1.74481 -0.678937 128 128 128
-0.416356 1.74196 -0.675562 128 128 128
-0.393923 1.74242 -0.673686 128 128 128
-0.370571 1.73806 -0.669935 128 128 128
-0.34702 1.73157 -0.665434 128 128 128
-0.324371 1.72841 -0.662433 128 128 128
-0.305383 1.74504 -0.667685 128 128 128
-0.279915 1.72396 -0.657557 128 128 128
-0.25791 1.72176 -0.655307 128 128 128
-0.234226 1.70643 -0.647805 128 128 128
-0.212459 1.70274 -0.645179 128 128 128
-0.191027 1.70061 -0.643304 128 128 128
-0.1694 1.69545 -0.640303 128 128 128
-0.147847 1.68909 -0.636927 128 128 128
-0.126897 1.68801 -0.635802 128 128 128
-0.104995 1.67093 -0.6283 128 128 128
-0.0842448 1.66747 -0.626424 128 128 128
-0.0635228 1.66189 -0.623799 128 128 128
-0.0426278 1.64401 -0.616297 128 128 128
-0.0223694 1.63885 -0.614046 128 128 128
-0.0022503 1.63622 -0.612921 128 128 128
0.0177916 1.63242 -0.611421 128 128 128
0.0377191 1.62744 -0.609545 128 128 128
0.0576234 1.62501 -0.608795 128 128 128
0.0772564 1.61769 -0.60617 128 128 128
0.097157 1.61755 -0.606545 128 128 128
0.116867 1.61439 -0.605794 128 128 128
0.135972 1.60452 -0.602419 128 128 128
0.155563 1.6018 -0.602044 128 128 128
0.175008 1.59793 -0.601293 128 128 128
0.193155 1.5837 -0.596417 128 128 128
0.21282 1.58305 -0.597167 128 128 128
0.231829 1.57757 -0.596042 128 128 128
0.250735 1.57186 -0.594917 128 128 128
0.269066 1.56318 -0.592666 128 128 128
0.287726 1.55702 -0.591541 128 128 128
0.305381 1.5461 -0.58854 128 128 128
0.324521 1.54314 -0.588915 128 128 128
0.341221 1.52909 -0.584789 128 128 128
0.359535 1.52298 -0.584039 128 128 128
0.377528 1.51576 -0.582914 128 128 128
0.395163 1.50742 -0.581413 128 128 128
0.412896 1.49978 -0.580288 128 128 128
0.430501 1.49193 -0.579163 128 128 128
0.447975 1.48387 -0.578038 128 128 128
0.464483 1.47295 -0.575787 128 128 128
0.482234 1.46626 -0.575412 128 128 128
0.497195 1.45146 -0.571661 128 128 128
0.514659 1.44438 -0.571286 128 128 128
0.531061 1.43447 -0.569786 128 128 128
0.547629 1.42525 -0.56866 128 128 128
0.564735 1.41756 -0.568285 128 128 128
0.581736 1.40967 -0.56791 128 128 128
0.598264 1.40072 -0.56716 128 128 128
0.613539 1.38903 -0.565284 128 128 128
0.335512 0.733476 -0.277214 128 128 128
0.381568 0.808157 -0.312473 128 128 128
0.382958 0.785901 -0.304596 128 128 128
0.391743 0.779484 -0.303845 128 128 128
0.495222 0.956673 -0.386741 128 128 128
0.705357 1.32376 -0.557783 128 128 128
0.720213 1.31257 -0.556657 128 128 128
0.738086 1.30686 -0.558158 128 128 128
0.753138 1.2961 -0.557408 128 128 128
0.766612 1.28278 -0.555532 128 128 128
0.788111 1.28276 -0.560033 128 128 128
0.794897 1.25887 -0.553282 128 128 128
0.810286 1.24902 -0.553282 128 128 128
0.825552 1.23899 -0.553282 128 128 128
0.83599 1.22187 -0.549906 128 128 128
0.86848 1.23657 -0.562284 128 128 128
0.872221 1.21002 -0.554407 128 128 128
0.884251 1.19549 -0.552531 128 128 128
0.902213 1.18899 -0.554782 128 128 128
0.914461 1.1749 -0.553282 128 128 128
0.92881 1.16359 -0.553282 128 128 128
0.944192 1.15354 -0.554032 128 128 128
0.958872 1.14257 -0.554407 128 128 128
0.971613 1.12932 -0.553657 128 128 128
0.985398 1.11731 -0.553657 128 128 128
1.00028 1.10651 -0.554407 128 128 128
1.01315 1.09347 -0.554032 128 128 128
1.02522 1.07961 -0.553282 128 128 128
1.0442 1.07293 -0.556657 128 128 128
1.05075 1.05347 -0.552906 128 128 128
1.07485 1.05152 -0.559283 128 128 128
1.08299 1.03377 -0.556657 128 128 128
1.10101 1.02546 -0.559658 128 128 128
1.11009 1.00875 -0.557783 128 128 128
1.12515 0.997515 -0.559283 128 128 128
1.13731 0.983633 -0.559283 128 128 128
1.14646 0.967208 -0.557783 128 128 128
1.16468 0.958374 -0.561158 128 128 128
1.17636 0.944009 -0.561158 128 128 128
1.18858 0.930074 -0.561534 128 128 128
0.609249 0.463939 -0.26071 128 128 128
0.721936 0.536184 -0.314723 128 128 128
0.71196 0.515301 -0.306471 128 128 128
0.714446 0.503848 -0.304596 128 128 128
0.71447 0.490834 -0.301595 128 128 128
1.26533 0.847867 -0.56716 128 128 128
1.27951 0.834812 -0.569035 128 128 128
1.29201 0.820541 -0.570161 128 128 128
1.30198 0.804624 -0.570161 128 128 128
1.31096 0.788108 -0.569786 128 128 128
1.32214 0.772898 -0.570536 128 128 128
1.34038 0.761661 -0.574662 128 128 128
1.35206 0.746502 -0.575787 128 128 128
1.36194 0.730292 -0.576162 128 128 128
1.37326 0.71481 -0.577287 128 128 128
1.38358 0.698742 -0.578038 128 128 128
1.39455 0.682936 -0.579163 128 128 128
1.40701 0.667762 -0.581038 128 128 128
1.41763 0.651609 -0.582164 128 128 128
1.42636 0.634541 -0.582539 128 128 128
1.44936 0.623598 -0.58929 128 128 128
1.4552 0.605052 -0.58854 128 128 128
1.46939 0.589918 -0.591541 128 128 128
1.47479 0.571171 -0.590791 128 128 128
1.49124 0.556604 -0.594917 128 128 128
1.49796 0.538262 -0.594917 128 128 128
1.50532 0.520143 -0.595292 128 128 128
1.51863 0.503973 -0.598293 128 128 128
1.51764 0.483044 -0.595292 128 128 128
1.5332 0.467365 -0.599418 128 128 128
1.55217 0.452418 -0.605044 128 128 128
1.55314 0.43209 -0.603169 128 128 128
1.56639 0.415143 -0.606545 128 128 128
1.56417 0.394071 -0.603544 128 128 128
1.5725 0.375712 -0.605044 128 128 128
1.5797 0.357002 -0.60617 128 128 128
1.58487 0.337784 -0.606545 128 128 128
1.59344 0.319224 -0.60842 128 128 128
1.61272 0.302565 -0.614797 128 128 128
1.61449 0.28243 -0.614046 128 128 128
1.62241 0.263343 -0.615922 128 128 128
1.63193 0.24438 -0.618548 128 128 128
1.64583 0.225857 -0.623049 128 128 128
1.65215 0.206106 -0.624549 128 128 128
1.66377 0.186858 -0.6283 128 128 128
1.67424 0.167263 -0.631676 128 128 128
1.68448 0.147439 -0.635052 128 128 128
1.69448 0.127389 -0.638427 128 128 128
1.70516 0.107175 -0.642178 128 128 128
1.71653 0.0867647 -0.646304 128 128 128
1.72025 0.0658022 -0.64743 128 128 128
1.73761 0.0451338 -0.654181 128 128 128
1.74359 0.0238879 -0.656432 128 128 128
1.75302 0.00251021 -0.660183 128 128 128
1.75385 -0.0190116 -0.660558 128 128 128
1.7646 -0.0407808 -0.665059 128 128 128
1.77416 -0.0627848 -0.669185 128 128 128
1.77326 -0.0845517 -0.669185 128 128 128
1.78782 -0.107237 -0.675562 128 128 128
1.79284 -0.129631 -0.678187 128 128 128
1.79388 -0.151855 -0.679312 128 128 128
1.80296 -0.174923 -0.683814 128 128 128
1.79607 -0.196534 -0.681938 128 128 128
1.80825 -0.220343 -0.68794 128 128 128
1.81092 -0.243252 -0.69019 128 128 128
1.8133 -0.266261 -0.692441 128 128 128
1.81264 -0.288928 -0.693566 128 128 128
1.81353 -0.311933 -0.695441 128 128 128
1.82142 -0.336344 -0.700318 128 128 128
1.82898 -0.360994 -0.705194 128 128 128
1.82895 -0.384361 -0.707069 128 128 128
1.83767 -0.409793 -0.712696 128 128 128
1.8316 -0.432101 -0.712321 128 128 128
1.84505 -0.459233 -0.720198 128 128 128
1.85273 -0.485354 -0.725824 128 128 128
1.85647 -0.510751 -0.72995 128 128 128
1.85897 -0.536056 -0.733701 128 128 128
1.8629 -0.562033 -0.738202 128 128 128
1.86471 -0.587632 -0.741953 128 128 128
1.86705 -0.613647 -0.746079 128 128 128
1.86727 -0.639209 -0.749455 128 128 128
1.86802 -0.665179 -0.753206 128 128 128
1.87276 -0.692868 -0.758832 128 128 128
1.8745 -0.719778 -0.763333 128 128 128
1.88448 -0.750257 -0.771585 128 128 128
1.87856 -0.774737 -0.773085 128 128 128
1.87403 -0.799912 -0.775336 128 128 128
1.87765 -0.828829 -0.781338 128 128 128
1.87155 -0.853729 -0.783213 128 128 128
1.86597 -0.878998 -0.785464 128 128 128
1.85754 -0.903045 -0.786589 128 128 128
1.85047 -0.927846 -0.788464 128 128 128
1.83729 -0.949634 -0.787714 128 128 128
1.85742 -0.98908 -0.802343 128 128 128
1.84921 -1.01403 -0.804218 128 128 128
1.84793 -1.04301 -0.809469 128 128 128
1.85023 -1.07445 -0.816596 128 128 128
1.84646 -1.10277 -0.821097 128 128 128
1.84306 -1.13164 -0.825973 128 128 128
1.85649 -1.17147 -0.839102 128 128 128
1.8373 -1.19114 -0.836851 128 128 128
1.83644 -1.22284 -0.843603 128 128 128
1.82972 -1.25103 -0.847729 128 128 128
1.8241 -1.28031 -0.852605 128 128 128
1.83308 -1.32046 -0.864983 128 128 128
1.81748 -1.34341 -0.865358 128 128 128
1.80456 -1.36841 -0.867234 128 128 128
1.80154 -1.40125 -0.87436 128 128 128
1.78711 -1.42557 -0.875861 128 128 128
1.7745 -1.4515 -0.878486 128 128 128
1.77006 -1.48447 -0.885613 128 128 128
1.75874 -1.51212 -0.889364 128 128 128
1.7491 -1.54155 -0.89424 128 128 128
1.74244 -1.57408 -0.900992 128 128 128
1.73252 -1.60415 -0.906243 128 128 128
1.72279 -1.63486 -0.91187 128 128 128
1.71258 -1.66557 -0.917496 128 128 128
1.71369 -1.70804 -0.929874 128 128 128
1.69844 -1.7349 -0.93325 128 128 128
1.68919 -1.76834 -0.940377 128 128 128
1.68254 -1.8052 -0.949379 128 128 128
1.6665 -1.83257 -0.95313 128 128 128
1.64635 -1.85565 -0.95463 128 128 128
1.63378 -1.88762 -0.961007 128 128 128
1.62186 -1.92098 -0.968133 128 128 128
1.60347 -1.94718 -0.971509 128 128 128
1.58468 -1.97321 -0.974885 128 128 128
1.5655 -1.99907 -0.978261 128 128 128
1.54422 -2.02255 -0.980511 128 128 128
1.53313 -2.05993 -0.989889 128 128 128
1.53062 -2.1101 -1.00564 128 128 128
1.50943 -2.13553 -1.00902 128 128 128
1.49889 -2.17679 -1.02027 128 128 128
1.47465 -2.19887 -1.02215 128 128 128
1.45871 -2.23387 -1.0304 128 128 128
1.43517 -2.25786 -1.0334 128 128 128
1.41663 -2.29027 -1.04053 128 128 128
1.39177 -2.31304 -1.04315 128 128 128
1.37124 -2.34355 -1.04953 128 128 128
1.35339 -2.37953 -1.05853 128 128 128
1.32723 -2.40164 -1.06116 128 128 128
1.30117 -2.42427 -1.06416 128 128 128
1.27689 -2.45074 -1.06903 128 128 128
1.25551 -2.4836 -1.07691 128 128 128
1.23679 -2.52295 -1.08779 128 128 128
1.21091 -2.54882 -1.09266 128 128 128
1.19079 -2.5879 -1.10354 128 128 128
1.16347 -2.61248 -1.10804 128 128 128
1.12949 -2.62231 -1.10617 128 128 128
1.11363 -2.67533 -1.12342 128 128 128
1.08556 -2.70083 -1.12867 128 128 128
1.05871 -2.73037 -1.1358 128 128 128
1.02838 -2.75184 -1.13955 128 128 128
0.999558 -2.7782 -1.14555 128 128 128
0.968728 -2.79989 -1.14968 128 128 128
0.937517 -2.82125 -1.1538 128 128 128
0.906208 -2.84314 -1.1583 128 128 128
0.875587 -2.86823 -1.16431 128 128 128
0.848129 -2.90545 -1.17556 128 128 128
0.816149 -2.92903 -1.18119 128 128 128
0.787291 -2.9657 -1.19244 128 128 128
0.754247 -2.98862 -1.19806 128 128 128
0.722271 -3.01748 -1.20632 128 128 128
0.687649 -3.03696 -1.21082 128 128 128
0.654015 -3.0624 -1.21794 128 128 128
0.619495 -3.08564 -1.22432 128 128 128
0.583128 -3.10121 -1.2277 128 128 128
0.546632 -3.11726 -1.23145 128 128 128
0.511324 -3.14203 -1.23895 128 128 128
0.473832 -3.1554 -1.24195 128 128 128
0.43685 -3.17384 -1.2472 128 128 128
0.401335 -3.20655 -1.25845 128 128 128
0.363519 -3.22505 -1.26408 128 128 128
0.326238 -3.25233 -1.27346 128 128 128
0.287934 -3.27455 -1.28096 128 128 128
0.249274 -3.29818 -1.28921 128 128 128
0.210136 -3.32226 -1.29784 128 128 128
0.169969 -3.33663 -1.30272 128 128 128
0.129373 -3.34772 -1.30647 128 128 128
0.0888269 -3.36945 -1.31472 128 128 128
0.0474988 -3.37214 -1.31547 128 128 128
0.00615934 -3.39286 -1.32372 128 128 128
-0.0355326 -3.39824 -1.32597 128 128 128
-0.077335 -3.40218 -1.32785 128 128 128
-0.119656 -3.41765 -1.3346 128 128 128
-0.161848 -3.42148 -1.33685 128 128 128
-0.20563 -3.44978 -1.34923 128 128 128
-0.249205 -3.46456 -1.35635 128 128 128
-0.292399 -3.46956 -1.35973 128 128 128
-0.336198 -3.47863 -1.36498 128 128 128
-0.380963 -3.49359 -1.37286 128 128 128
-0.425143 -3.4997 -1.37736 128 128 128
-0.471371 -3.51902 -1.38749 128 128 128
-0.515993 -3.52306 -1.39161 128 128 128
-0.562673 -3.53844 -1.40061 128 128 128
-0.608399 -3.54497 -1.40624 128 128 128
-0.653365 -3.54545 -1.40962 128 128 128
-0.696287 -3.53443 -1.40849 128 128 128
-0.741697 -3.5356 -1.41262 128 128 128
-0.784023 -3.52171 -1.41074 128 128 128
-0.829515 -3.52175 -1.41487 128 128 128
-0.963974 -3.5085 -1.42312 128 128 128
-1.00849 -3.50175 -1.42537 128 128 128
-1.04578 -3.47047 -1.41749 128 128 128
-1.08912 -3.46003 -1.41862 128 128 128
-1.13468 -3.45609 -1.42274 128 128 128
-0.522714 -1.41186 -0.560033 128 128 128
-2.30897 -3.20713 -1.5499 128 128 128
-2.3377 -3.16438 -1.54277 128 128 128
-2.43176 -3.20861 -1.57991 128 128 128
-2.47379 -3.18219 -1.58178 128 128 128
-2.51324 -3.15232 -1.58216 128 128 128
-2.54235 -3.10975 -1.57616 128 128 128
-0.622829 -0.655078 -0.316599 128 128 128
-2.87212 -2.95463 -1.61817 128 128 128
-2.85323 -2.86398 -1.58666 128 128 128
-2.9398 -2.87936 -1.61592 128 128 128
-2.93739 -2.80719 -1.59491 128 128 128
-3.0814 -2.66818 -1.60016 128 128 128
-3.11391 -2.63016 -1.60016 128 128 128
-3.14309 -2.5894 -1.59866 128 128 128
-3.29071 -2.38797 -1.59604 128 128 128
-3.32809 -2.3533 -1.60016 128 128 128
-3.44582 -2.25102 -1.61629 128 128 128
-3.46377 -2.14333 -1.59904 128 128 128
-3.46917 -2.08822 -1.58929 128 128 128
-3.47361 -1.59886 -1.49814 128 128 128
-3.66568 -1.63313 -1.57466 128 128 128
-3.6897 -1.58986 -1.57653 128 128 128
-3.69268 -1.53769 -1.56941 128 128 128
-3.72073 -1.49606 -1.57353 128 128 128
-3.74802 -0.946265 -1.51502 128 128 128
-3.7269 -0.892417 -1.50151 128 128 128
-3.10577 0.761498 -1.33335 128 128 128
-3.042 0.785483 -1.30914 128 128 128
-3.00734 0.815991 -1.29802 128 128 128
-2.76935 1.09117 -1.23768 128 128 128
-2.71329 1.10767 -1.21783 128 128 128
-2.67415 1.13012 -1.20592 128 128 128
-2.65672 1.16138 -1.20433 128 128 128
-2.61635 1.18214 -1.19202 128 128 128
-2.58669 1.20715 -1.18488 128 128 128
-2.32021 1.37421 -1.1166 128 128 128
-2.11277 1.47125 -1.0638 128 128 128
-2.07665 1.48423 -1.05427 128 128 128
-2.03093 1.48948 -1.03958 128 128 128
-2.00225 1.50654 -1.03402 128 128 128
-1.88294 1.56709 -1.00981 128 128 128
-1.85172 1.57993 -1.00306 128 128 128
-1.83426 1.60435 -1.00425 128 128 128
-1.80215 1.61569 -0.997103 128 128 128
-1.76599 1.62275 -0.987575 128 128 128
-1.73794 1.63673 -0.982811 128 128 128
-1.7408 1.68028 -0.996706 128 128 128
-1.61604 1.63806 -0.945494 128 128 128
-1.6009 1.66307 -0.94867 128 128 128
-1.57159 1.67321 -0.943113 128 128 128
-1.54166 1.6822 -0.937158 128 128 128
-1.51479 1.69414 -0.933188 128 128 128
-1.47944 1.69597 -0.92366 128 128 128
-1.44487 1.6979 -0.914529 128 128 128
-1.41281 1.70206 -0.906987 128 128 128
-1.39182 1.71927 -0.906987 128 128 128
-1.36551 1.72973 -0.903414 128 128 128
-1.34027 1.74126 -0.900635 128 128 128
-1.30177 1.73478 -0.888328 128 128 128
-1.28146 1.75211 -0.889122 128 128 128
-0.747537 1.65952 -0.737473 128 128 128
-0.740248 1.7578 -0.775187 128 128 128
-0.65567 1.7323 -0.751368 128 128 128
-0.617807 1.69448 -0.730327 128 128 128
-0.587008 1.67333 -0.717227 128 128 128
-0.549837 1.63079 -0.694598 128 128 128
-0.48751 1.7212 -0.723975 128 128 128
-0.46066 1.70577 -0.714448 128 128 128
-0.438108 1.70507 -0.711669 128 128 128
-0.419305 1.71924 -0.715639 128 128 128
-0.395519 1.71262 -0.710478 128 128 128
-0.373119 1.71107 -0.707699 128 128 128
-0.351364 1.71192 -0.706111 128 128 128
-0.327417 1.70077 -0.699362 128 128 128
-0.310047 1.72455 -0.708096 128 128 128
-0.289159 1.73003 -0.70889 128 128 128
-0.268045 1.73436 -0.709287 128 128 128
-0.242555 1.70752 -0.696186 128 128 128
-0.221814 1.71219 -0.69698 128 128 128
-0.200159 1.70931 -0.694598 128 128 128
-0.176369 1.68425 -0.682689 128 128 128
-0.156098 1.69085 -0.684674 128 128 128
-0.133706 1.67159 -0.675543 128 128 128
-0.113183 1.67311 -0.675543 128 128 128
-0.0924008 1.66979 -0.673558 128 128 128
-0.0717172 1.66621 -0.671573 128 128 128
-0.050462 1.63853 -0.659266 128 128 128
-0.030307 1.63627 -0.658075 128 128 128
-0.0102286 1.63744 -0.658472 128 128 128
0.00985815 1.63652 -0.658075 128 128 128
0.0298251 1.63077 -0.655693 128 128 128
0.0496525 1.62478 -0.653312 128 128 128
0.0693372 1.61854 -0.65093 128 128 128
0.0888766 1.61207 -0.648548 128 128 128
0.108332 1.60628 -0.646563 128 128 128
0.127809 1.60209 -0.645372 128 128 128
0.147113 1.59675 -0.643784 128 128 128
0.166403 1.59208 -0.642593 128 128 128
0.185274 1.58445 -0.640211 128 128 128
0.204223 1.57842 -0.638623 128 128 128
0.22292 1.57125 -0.636638 128 128 128
0.2419 1.56659 -0.635844 128 128 128
0.260799 1.56169 -0.63505 128 128 128
0.279121 1.55386 -0.633065 128 128 128
0.297113 1.54491 -0.630683 128 128 128
0.315115 1.53665 -0.628698 128 128 128
0.333158 1.52909 -0.62711 128 128 128
0.351062 1.52131 -0.625522 128 128 128
0.369264 1.5151 -0.624728 128 128 128
0.387599 1.50957 -0.624331 128 128 128
0.404645 1.49939 -0.621949 128 128 128
0.423267 1.49519 -0.622347 128 128 128
0.439214 1.48197 -0.618774 128 128 128
0.454902 1.46858 -0.615201 128 128 128
0.473743 1.46551 -0.616392 128 128 128
0.490805 1.45698 -0.615201 128 128 128
0.508036 1.44911 -0.614407 128 128 128
0.524197 1.43846 -0.612422 128 128 128
0.542137 1.43278 -0.612819 128 128 128
0.555964 1.41663 -0.608452 128 128 128
0.572262 1.40715 -0.607261 128 128 128
0.589129 1.39918 -0.606864 128 128 128
0.606254 1.39185 -0.606864 128 128 128
0.319599 0.714782 -0.288877 128 128 128
0.383636 0.828828 -0.345249 128 128 128
0.377797 0.791006 -0.32937 128 128 128
0.383788 0.778918 -0.325797 128 128 128
0.401712 0.790475 -0.333736 128 128 128
0.410523 0.783863 -0.332942 128 128 128
0.424507 0.786824 -0.336912 128 128 128
0.428288 0.771152 -0.331752 128 128 128
0.436341 0.763454 -0.330561 128 128 128
0.51649 0.877177 -0.390506 128 128 128
0.401342 0.664802 -0.286098 128 128 128
0.787321 1.2614 -0.593366 128 128 128
0.800252 1.24779 -0.591381 128 128 128
0.815504 1.23787 -0.591381 128 128 128
0.830634 1.22777 -0.591381 128 128 128
0.845638 1.21749 -0.591381 128 128 128
0.868003 1.21746 -0.596939 128 128 128
0.887775 1.21337 -0.600512 128 128 128
0.89043 1.18627 -0.591778 128 128 128
0.90492 1.17525 -0.591778 128 128 128
0.919845 1.16478 -0.592175 128 128 128
0.93407 1.1534 -0.592175 128 128 128
0.950507 1.14467 -0.593763 128 128 128
0.964482 1.13292 -0.593763 128 128 128
0.980128 1.12307 -0.594954 128 128 128
0.993836 1.11096 -0.594954 128 128 128
1.00366 1.09463 -0.592572 128 128 128
1.01702 1.08223 -0.592572 128 128 128
1.02895 1.06835 -0.591778 128 128 128
1.04263 1.05629 -0.592175 128 128 128
1.05616 1.04406 -0.592572 128 128 128
1.07685 1.03865 -0.597336 128 128 128
1.08683 1.02285 -0.595748 128 128 128
1.09998 1.01005 -0.596145 128 128 128
1.11229 0.996476 -0.596145 128 128 128
1.12859 0.986364 -0.598527 128 128 128
1.14061 0.97244 -0.598527 128 128 128
1.15458 0.960125 -0.599718 128 128 128
1.1677 0.947036 -0.600512 128 128 128
1.1814 0.934337 -0.601703 128 128 128
0.616621 0.478048 -0.287686 128 128 128
0.748159 0.564402 -0.355571 128 128 128
0.703839 0.517891 -0.328179 128 128 128
0.711638 0.510278 -0.328973 128 128 128
0.714072 0.498896 -0.326988 128 128 128
1.23932 0.839769 -0.597733 128 128 128
1.26258 0.833054 -0.604482 128 128 128
1.28109 0.80085 -0.603688 128 128 128
1.30496 0.793614 -0.610834 128 128 128
1.31697 0.778935 -0.612025 128 128 128
1.32962 0.764537 -0.613613 128 128 128
1.34211 0.749945 -0.615201 128 128 128
1.35606 0.736032 -0.617583 128 128 128
1.36255 0.718059 -0.616392 128 128 128
1.37289 0.702116 -0.617186 128 128 128
1.38388 0.686432 -0.618377 128 128 128
1.39551 0.67098 -0.619965 128 128 128
1.40614 0.65496 -0.621155 128 128 128
1.41826 0.639531 -0.62314 128 128 128
1.42937 0.623537 -0.624728 128 128 128
1.43776 0.606304 -0.625125 128 128 128
1.44424 0.588271 -0.624728 128 128 128
1.46418 0.575505 -0.630683 128 128 128
1.47285 0.55814 -0.631477 128 128 128
1.48304 0.541274 -0.633065 128 128 128
1.4913 0.523637 -0.633859 128 128 128
1.50371 0.507335 -0.636638 128 128 128
1.51069 0.489124 -0.637035 128 128 128
1.51834 0.471088 -0.637829 128 128 128
1.52665 0.453197 -0.63902 128 128 128
1.53474 0.435173 -0.640211 128 128 128
1.54174 0.416781 -0.641005 128 128 128
1.55652 0.400319 -0.645372 128 128 128
1.56221 0.381403 -0.645769 128 128 128
1.57035 0.363021 -0.647357 128 128 128
1.58635 0.346237 -0.652518 128 128 128
1.58599 0.325832 -0.650533 128 128 128
1.59347 0.307031 -0.652121 128 128 128
1.60164 0.288254 -0.654105 128 128 128
1.60958 0.269324 -0.65609 128 128 128
1.61821 0.25038 -0.658472 128 128 128
1.63298 0.232152 -0.663633 128 128 128
1.64572 0.213368 -0.668 128 128 128
1.65186 0.193574 -0.669588 128 128 128
1.66507 0.174409 -0.674352 128 128 128
1.67531 0.154702 -0.677925 128 128 128
1.678 0.134202 -0.678322 128 128 128
1.69601 0.114674 -0.685468 128 128 128
1.70095 0.0940466 -0.687055 128 128 128
1.70656 0.073352 -0.68904 128 128 128
1.72935 0.0530258 -0.698568 128 128 128
1.72162 0.0316683 -0.694995 128 128 128
1.74023 0.0106065 -0.702935 128 128 128
1.74207 -0.0107654 -0.703729 128 128 128
1.75281 -0.0323722 -0.708493 128 128 128
1.76054 -0.0541532 -0.712066 128 128 128
1.76341 -0.0759204 -0.713654 128 128 128
1.76693 -0.097819 -0.715639 128 128 128
1.7775 -0.120329 -0.720799 128 128 128
1.7768 -0.142207 -0.721196 128 128 128
1.78497 -0.164953 -0.725563 128 128 128
1.7965 -0.188313 -0.731518 128 128 128
1.79315 -0.210235 -0.731121 128 128 128
1.79407 -0.232705 -0.732709 128 128 128
1.79653 -0.255491 -0.735091 128 128 128
1.79779 -0.278231 -0.737076 128 128 128
1.79786 -0.300886 -0.738664 128 128 128
1.81119 -0.326055 -0.746207 128 128 128
1.81967 -0.350717 -0.751764 128 128 128
1.80983 -0.3719 -0.749383 128 128 128
1.80782 -0.394674 -0.750574 128 128 128
1.8091 -0.418291 -0.753352 128 128 128
1.82165 -0.444855 -0.761292 128 128 128
1.83649 -0.472481 -0.770423 128 128 128
1.84206 -0.498122 -0.775584 128 128 128
1.84905 -0.524475 -0.781539 128 128 128
1.85302 -0.550284 -0.786302 128 128 128
1.85402 -0.575448 -0.789875 128 128 128
1.8599 -0.602427 -0.79583 128 128 128
1.85932 -0.627569 -0.799006 128 128 128
1.86013 -0.653398 -0.802976 128 128 128
1.85628 -0.677759 -0.804961 128 128 128
1.86841 -0.70834 -0.814489 128 128 128
1.8664 -0.733916 -0.817664 128 128 128
1.86405 -0.759549 -0.82084 128 128 128
1.8605 -0.784876 -0.823619 128 128 128
1.85829 -0.810968 -0.827192 128 128 128
1.86074 -0.839398 -0.833147 128 128 128
1.85279 -0.863337 -0.834338 128 128 128
1.85197 -0.890803 -0.839102 128 128 128
1.84337 -0.914692 -0.840293 128 128 128
1.8418 -0.94228 -0.845057 128 128 128
1.8374 -0.968678 -0.848629 128 128 128
1.84793 -1.00346 -0.859745 128 128 128
1.84748 -1.0328 -0.8657 128 128 128
1.83705 -1.05678 -0.866891 128 128 128
1.83893 -1.08815 -0.874434 128 128 128
1.83797 -1.11829 -0.880785 128 128 128
1.83188 -1.14564 -0.884755 128 128 128
1.85008 -1.18894 -0.901429 128 128 128
1.83841 -1.21358 -0.903017 128 128 128
1.82717 -1.23863 -0.905002 128 128 128
1.78177 -1.34007 -0.914529 128 128 128
1.78624 -1.37813 -0.926042 128 128 128
1.7771 -1.40623 -0.930409 128 128 128
1.79671 -1.45807 -0.951052 128 128 128
1.78573 -1.48589 -0.955022 128 128 128
1.76805 -1.50829 -0.955419 128 128 128
1.7501 -1.53048 -0.955816 128 128 128
1.7346 -1.55491 -0.957801 128 128 128
1.72956 -1.58915 -0.966138 128 128 128
1.71993 -1.61971 -0.972093 128 128 128
1.71773 -1.65793 -0.982811 128 128 128
1.70833 -1.68988 -0.98956 128 128 128
1.68939 -1.71268 -0.990751 128 128 128
1.68413 -1.74984 -1.00068 128 128 128
1.66817 -1.77641 -1.00425 128 128 128
1.65615 -1.80759 -1.0106 128 128 128
1.6485 -1.84423 -1.02013 128 128 128
1.63236 -1.87194 -1.02449 128 128 128
1.61224 -1.89533 -1.02648 128 128 128
1.59938 -1.9277 -1.03363 128 128 128
1.58252 -1.95576 -1.03839 128 128 128
1.55727 -1.97359 -1.0376 128 128 128
1.53628 -1.99692 -1.03998 128 128 128
1.53693 -2.04944 -1.05824 128 128 128
1.51761 -2.07631 -1.06261 128 128 128
1.50264 -2.10974 -1.07055 128 128 128
1.48291 -2.13708 -1.07531 128 128 128
1.47349 -2.18024 -1.08841 128 128 128
1.44461 -2.19509 -1.08682 128 128 128
1.423 -2.22116 -1.09119 128 128 128
1.41162 -2.26419 -1.10429 128 128 128
1.39654 -2.30255 -1.11501 128 128 128
1.37144 -2.32505 -1.11779 128 128 128
1.34599 -2.34728 -1.12057 128 128 128
1.31797 -2.36523 -1.12136 128 128 128
1.32806 -2.45393 -1.15709 128 128 128
1.28975 -2.45459 -1.14955 128 128 128
1.26286 -2.47678 -1.15272 128 128 128
1.23237 -2.49209 -1.15272 128 128 128
1.20882 -2.52194 -1.15987 128 128 128
1.19165 -2.56657 -1.17416 128 128 128
1.16344 -2.58854 -1.17773 128 128 128
1.13596 -2.61273 -1.1825 128 128 128
1.09602 -2.60785 -1.17376 128 128 128
1.03332 -2.54536 -1.13843 128 128 128
1.0577 -2.70066 -1.20473 128 128 128
1.029 -2.72546 -1.21029 128 128 128
1.00047 -2.75169 -1.21664 128 128 128
0.969044 -2.7707 -1.21981 128 128 128
0.939628 -2.79631 -1.22616 128 128 128
0.910289 -2.82336 -1.23331 128 128 128
0.877192 -2.83958 -1.23569 128 128 128
0.853929 -2.88975 -1.25356 128 128 128
0.822868 -2.91592 -1.2607 128 128 128
0.789869 -2.93644 -1.26547 128 128 128
0.75898 -2.96637 -1.2746 128 128 128
0.72489 -2.98527 -1.27896 128 128 128
0.692698 -3.01363 -1.2877 128 128 128
0.657791 -3.03177 -1.29206 128 128 128
0.625643 -3.0648 -1.30318 128 128 128
0.589528 -3.08037 -1.30675 128 128 128
0.554727 -3.10454 -1.3143 128 128 128
0.517632 -3.11745 -1.31707 128 128 128
0.480717 -3.13264 -1.32104 128 128 128
0.444268 -3.15285 -1.3274 128 128 128
0.409247 -3.1872 -1.3401 128 128 128
0.371149 -3.2011 -1.34407 128 128 128
0.333985 -3.22642 -1.3532 128 128 128
0.296338 -3.25221 -1.36273 128 128 128
0.257965 -3.27573 -1.37146 128 128 128
0.218583 -3.29148 -1.37702 128 128 128
0.179578 -3.32049 -1.38853 128 128 128
0.138966 -3.32611 -1.39012 128 128 128
0.0985793 -3.34316 -1.39687 128 128 128
0.0575754 -3.34596 -1.39766 128 128 128
0.0165717 -3.36293 -1.40481 128 128 128
-0.0247768 -3.37206 -1.40878 128 128 128
-0.066366 -3.3816 -1.41315 128 128 128
-0.108345 -3.3952 -1.4195 128 128 128
-0.150501 -3.40462 -1.42426 128 128 128
-0.193434 -3.42268 -1.433 128 128 128
-0.236896 -3.4411 -1.44213 128 128 128
-0.281669 -3.46904 -1.45562 128 128 128
-0.324305 -3.46623 -1.45602 128 128 128
-0.368871 -3.48116 -1.46436 128 128 128
-0.413415 -3.49186 -1.47111 128 128 128
-0.458758 -3.50563 -1.47944 128 128 128
-0.502925 -3.50792 -1.48302 128 128 128
-0.547787 -3.51327 -1.48818 128 128 128
-0.592702 -3.51714 -1.49294 128 128 128
-0.639112 -3.52766 -1.50088 128 128 128
-0.68165 -3.51595 -1.49929 128 128 128
-0.72624 -3.51451 -1.50247 128 128 128
-0.771489 -3.51519 -1.50684 128 128 128
-0.822293 -3.53853 -1.52152 128 128 128
-0.849833 -3.46401 -1.49294 128 128 128
-0.890894 -3.44799 -1.49056 128 128 128
-0.933863 -3.43945 -1.49175 128 128 128
-0.979029 -3.43832 -1.49651 128 128 128
-1.0251 -3.43924 -1.50247 128 128 128
-1.10834 -3.41043 -1.50128 128 128 128
-2.50459 -3.15984 -1.69421 128 128 128
-2.54434 -3.13029 -1.69501 128 128 128
-2.59256 -3.11081 -1.70176 128 128 128
-0.618855 -0.729251 -0.363908 128 128 128
-0.593246 -0.682283 -0.341279 128 128 128
-2.70899 -3.01737 -1.70414 128 128 128
-2.72528 -2.96163 -1.69104 128 128 128
-2.83139 -3.00201 -1.7351 128 128 128
-0.643251 -0.670152 -0.351998 128 128 128
-2.85701 -2.88407 -1.70612 128 128 128
-2.90593 -2.8623 -1.71446 128 128 128
-2.94349 -2.82897 -1.71605 128 128 128
-2.97798 -2.79263 -1.71605 128 128 128
-3.03507 -2.77692 -1.72955 128 128 128
-3.08915 -2.69016 -1.722 128 128 128
-3.11983 -2.65027 -1.72081 128 128 128
-3.15777 -2.61646 -1.72399 128 128 128
-3.1925 -2.57982 -1.72558 128 128 128
-3.19578 -2.51832 -1.71009 128 128 128
-3.3234 -2.42601 -1.72994 128 128 128
-3.33646 -2.37336 -1.72121 128 128 128
-3.36231 -2.33015 -1.71962 128 128 128
-3.39294 -2.29025 -1.72081 128 128 128
-3.557 -2.15471 -1.749 128 128 128
-3.51354 -2.06997 -1.71406 128 128 128
-3.52353 -2.01805 -1.70652 128 128 128
-3.28644 -1.82942 -1.5771 128 128 128
-3.72205 -1.56234 -1.6962 128 128 128
-3.7001 -1.50004 -1.67714 128 128 128
-3.71139 -1.45185 -1.67397 128 128 128
-3.74353 -1.41169 -1.68072 128 128 128
-3.75194 -1.36252 -1.67675 128 128 128
-3.80132 -1.32784 -1.69183 128 128 128
-3.77595 -1.21593 -1.66603 128 128 128
-3.7395 -0.714759 -1.59695 128 128 128
-3.71727 -0.663367 -1.58345 128 128 128
-3.68709 -0.611437 -1.56678 128 128 128
-2.8167 1.03858 -1.34275 128 128 128
-2.79104 1.06821 -1.33644 128 128 128
-2.75579 1.0937 -1.32549 128 128 128
-2.72035 1.11847 -1.31454 128 128 128
-2.67303 1.13758 -1.2977 128 128 128
-2.62399 1.15497 -1.28002 128 128 128
-2.5071 1.29252 -1.25855 128 128 128
-2.46942 1.31171 -1.24718 128 128 128
-2.42448 1.32626 -1.23202 128 128 128
-2.39142 1.34658 -1.22318 128 128 128
-2.33154 1.35084 -1.20002 128 128 128
-2.25643 1.42077 -1.18697 128 128 128
-2.1954 1.42029 -1.16297 128 128 128
-2.19595 1.45916 -1.17308 128 128 128
-2.15464 1.47017 -1.16002 128 128 128
-2.12603 1.48922 -1.15413 128 128 128
-2.07297 1.49033 -1.13434 128 128 128
-1.90668 1.55674 -1.09182 128 128 128
-1.88396 1.57711 -1.08971 128 128 128
-1.85344 1.59067 -1.08297 128 128 128
-1.82493 1.60551 -1.0775 128 128 128
-1.77746 1.60289 -1.06024 128 128 128
-1.68925 1.64008 -1.04213 128 128 128
-1.6645 1.65621 -1.03919 128 128 128
-1.62943 1.66162 -1.0295 128 128 128
-1.60139 1.67363 -1.02445 128 128 128
-1.56091 1.67196 -1.01098 128 128 128
-1.53599 1.68629 -1.00803 128 128 128
-1.46264 1.68718 -0.985715 128 128 128
-1.43655 1.69877 -0.981926 128 128 128
-1.40866 1.70788 -0.976874 128 128 128
-1.38248 1.71868 -0.973084 128 128 128
-0.959362 1.46728 -0.762987 128 128 128
-0.943722 1.48277 -0.765092 128 128 128
-0.91033 1.51092 -0.76804 128 128 128
-0.872976 1.5328 -0.76804 128 128 128
-0.873013 1.57751 -0.786144 128 128 128
-0.872081 1.62244 -0.804249 128 128 128
-0.858829 1.64589 -0.810985 128 128 128
-0.811485 1.60291 -0.783197 128 128 128
-0.779743 1.58833 -0.770566 128 128 128
-0.750044 1.57649 -0.759619 128 128 128
-0.735965 1.59711 -0.765513 128 128 128
-0.694843 1.55799 -0.741093 128 128 128
-0.68683 1.59221 -0.754146 128 128 128
-0.647306 1.55281 -0.730147 128 128 128
-0.639063 1.58756 -0.74362 128 128 128
-0.61723 1.58936 -0.740672 128 128 128
-0.593856 1.58663 -0.73562 128 128 128
-0.503425 1.64607 -0.748251 128 128 128
-0.479868 1.64081 -0.742778 128 128 128
-0.4641 1.6623 -0.750356 128 128 128
-0.441093 1.65823 -0.745725 128 128 128
-0.378953 1.6698 -0.744041 128 128 128
-0.35729 1.66901 -0.741514 128 128 128
-0.337501 1.67682 -0.743199 128 128 128
-0.316392 1.67816 -0.741935 128 128 128
-0.297511 1.69174 -0.746567 128 128 128
-0.276728 1.69527 -0.746567 128 128 128
-0.258485 1.71557 -0.754567 128 128 128
-0.236539 1.71233 -0.751619 128 128 128
-0.214939 1.7106 -0.749514 128 128 128
-0.192595 1.7014 -0.744041 128 128 128
-0.171152 1.69822 -0.741514 128 128 128
-0.150057 1.69748 -0.740251 128 128 128
-0.127825 1.68111 -0.731831 128 128 128
-0.10701 1.67983 -0.730568 128 128 128
-0.0860567 1.67468 -0.72762 128 128 128
-0.0645583 1.65204 -0.716673 128 128 128
-0.0442051 1.64999 -0.71541 128 128 128
-0.023926 1.6486 -0.714568 128 128 128
-0.00366811 1.6406 -0.710779 128 128 128
0.0164149 1.63508 -0.708253 128 128 128
0.0362258 1.62297 -0.702779 128 128 128
0.055803 1.61243 -0.698148 128 128 128
0.0752105 1.60347 -0.694358 128 128 128
0.094565 1.59699 -0.691832 128 128 128
0.114028 1.5939 -0.69099 128 128 128
0.133429 1.59057 -0.690148 128 128 128
0.152507 1.5843 -0.688043 128 128 128
0.171451 1.5778 -0.685938 128 128 128
0.190476 1.57288 -0.684675 128 128 128
0.209524 1.56862 -0.683833 128 128 128
0.227715 1.55875 -0.680464 128 128 128
0.247109 1.55763 -0.681306 128 128 128
0.264834 1.54644 -0.677517 128 128 128
0.283465 1.54129 -0.676675 128 128 128
0.302184 1.5368 -0.676254 128 128 128
0.32102 1.53298 -0.676254 128 128 128
0.338044 1.52095 -0.672465 128 128 128
0.356269 1.51492 -0.671623 128 128 128
0.373309 1.50427 -0.668675 128 128 128
0.39174 1.49958 -0.668675 128 128 128
0.409874 1.49378 -0.668254 128 128 128
0.427424 1.48602 -0.666991 128 128 128
0.446149 1.48241 -0.667833 128 128 128
0.461323 1.4673 -0.663202 128 128 128
0.478449 1.45894 -0.661939 128 128 128
0.495731 1.45124 -0.661097 128 128 128
0.511383 1.43906 -0.658149 128 128 128
0.528377 1.43098 -0.657307 128 128 128
0.543954 1.4193 -0.654781 128 128 128
0.560662 1.41083 -0.653939 128 128 128
0.577588 1.40301 -0.653518 128 128 128
0.594407 1.39498 -0.653097 128 128 128
0.316195 0.715817 -0.312479 128 128 128
0.370725 0.812633 -0.363845 128 128 128
0.372964 0.791599 -0.355425 128 128 128
0.378302 0.777983 -0.350793 128 128 128
0.394305 0.786265 -0.35753 128 128 128
0.433146 0.74569 -0.34953 128 128 128
0.445512 0.745775 -0.352477 128 128 128
0.453209 0.73793 -0.351214 128 128 128
0.642495 0.991705 -0.497735 128 128 128
0.480063 0.720749 -0.351214 128 128 128
0.490405 0.717052 -0.352477 128 128 128
0.499167 0.71098 -0.352477 128 128 128
0.513145 0.712169 -0.356688 128 128 128
0.519155 0.702167 -0.354583 128 128 128
0.52828 0.696467 -0.355004 128 128 128
0.537898 0.691365 -0.355846 128 128 128
0.336319 0.420624 -0.19922 128 128 128
0.916423 1.12151 -0.621519 128 128 128
0.944662 1.12757 -0.632045 128 128 128
0.966102 1.12485 -0.637519 128 128 128
0.981031 1.11427 -0.638361 128 128 128
0.996452 1.10417 -0.639624 128 128 128
1.01054 1.09253 -0.640045 128 128 128
1.02325 1.07938 -0.639624 128 128 128
1.03642 1.06675 -0.639624 128 128 128
1.05327 1.05781 -0.64215 128 128 128
1.06682 1.04544 -0.642571 128 128 128
1.07956 1.03227 -0.642571 128 128 128
1.09348 1.02018 -0.643413 128 128 128
1.1039 1.00485 -0.64215 128 128 128
1.11615 0.991229 -0.64215 128 128 128
1.12207 0.972106 -0.638361 128 128 128
0.71247 0.503353 -0.354162 128 128 128
1.23208 0.849207 -0.643834 128 128 128
1.2778 0.813035 -0.652255 128 128 128
1.28922 0.79825 -0.653097 128 128 128
1.2896 0.776745 -0.648045 128 128 128
1.31781 0.771881 -0.658149 128 128 128
1.32797 0.7561 -0.65857 128 128 128
1.33635 0.739307 -0.658149 128 128 128
1.35571 0.728443 -0.663623 128 128 128
1.36615 0.712592 -0.664465 128 128 128
1.3756 0.696184 -0.664886 128 128 128
1.3873 0.680852 -0.66657 128 128 128
1.39801 0.664948 -0.667833 128 128 128
1.40771 0.648503 -0.668675 128 128 128
1.41804 0.63229 -0.669938 128 128 128
1.42653 0.6152 -0.670359 128 128 128
1.44067 0.600446 -0.673728 128 128 128
1.45045 0.58374 -0.674991 128 128 128
1.45919 0.566555 -0.675833 128 128 128
1.46773 0.549243 -0.676675 128 128 128
1.47692 0.532115 -0.677938 128 128 128
1.48506 0.514546 -0.67878 128 128 128
1.49298 0.496858 -0.679622 128 128 128
1.50156 0.479329 -0.680885 128 128 128
1.50819 0.461132 -0.681306 128 128 128
1.52766 0.446675 -0.688043 128 128 128
1.53478 0.428384 -0.688885 128 128 128
1.54167 0.409985 -0.689727 128 128 128
1.5501 0.391928 -0.691411 128 128 128
1.55479 0.372877 -0.691411 128 128 128
1.56191 0.354373 -0.692674 128 128 128
1.57146 0.336323 -0.6952 128 128 128
1.57813 0.317553 -0.696464 128 128 128
1.59439 0.300526 -0.702358 128 128 128
1.60153 0.281569 -0.704042 128 128 128
1.60665 0.262188 -0.704884 128 128 128
1.62948 0.245442 -0.714147 128 128 128
1.63686 0.226051 -0.716252 128 128 128
1.65031 0.207313 -0.721305 128 128 128
1.65814 0.187662 -0.723831 128 128 128
1.66302 0.167575 -0.725094 128 128 128
1.6758 0.148122 -0.730147 128 128 128
1.68563 0.128172 -0.733936 128 128 128
1.69341 0.107886 -0.736883 128 128 128
1.69913 0.0873342 -0.738988 128 128 128
1.7037 0.0666214 -0.740672 128 128 128
1.70802 0.0458096 -0.742357 128 128 128
1.72478 0.025097 -0.749935 128 128 128
1.73493 0.00396035 -0.754567 128 128 128
1.73667 -0.0173469 -0.755409 128 128 128
1.75265 -0.0390073 -0.762987 128 128 128
1.76019 -0.0607872 -0.766777 128 128 128
1.7566 -0.0822578 -0.765513 128 128 128
1.76542 -0.104389 -0.770145 128 128 128
1.76581 -0.126173 -0.770987 128 128 128
1.76503 -0.147908 -0.771408 128 128 128
1.77302 -0.170504 -0.776039 128 128 128
1.7753 -0.192734 -0.778145 128 128 128
1.77821 -0.215155 -0.780671 128 128 128
1.78083 -0.237676 -0.783197 128 128 128
1.78316 -0.260293 -0.785723 128 128 128
1.78252 -0.28258 -0.786986 128 128 128
1.79054 -0.306413 -0.79246 128 128 128
1.78397 -0.327872 -0.791197 128 128 128
1.80029 -0.353746 -0.80088 128 128 128
1.80647 -0.378033 -0.805933 128 128 128
1.82206 -0.404681 -0.815617 128 128 128
1.82049 -0.427837 -0.817301 128 128 128
1.83007 -0.453846 -0.824459 128 128 128
1.82963 -0.47764 -0.826985 128 128 128
1.83676 -0.503645 -0.8333 128 128 128
1.83567 -0.527646 -0.835826 128 128 128
1.84209 -0.554042 -0.842142 128 128 128
1.83861 -0.57769 -0.843826 128 128 128
1.85466 -0.60782 -0.855194 128 128 128
1.85222 -0.632288 -0.85772 128 128 128
1.84774 -0.656182 -0.859405 128 128 128
1.84891 -0.682254 -0.864036 128 128 128
1.85056 -0.708777 -0.869088 128 128 128
1.84763 -0.733773 -0.872036 128 128 128
1.84436 -0.758802 -0.874983 128 128 128
1.84743 -0.7867 -0.881298 128 128 128
1.84262 -0.811502 -0.883825 128 128 128
1.83913 -0.837054 -0.887193 128 128 128
1.83447 -0.862256 -0.89014 128 128 128
1.83109 -0.888261 -0.893929 128 128 128
1.82574 -0.913502 -0.896877 128 128 128
1.81842 -0.937914 -0.898982 128 128 128
1.82743 -1.34831 -1.0034 128 128 128
1.81219 -1.37173 -1.00424 128 128 128
1.81816 -1.41165 -1.01771 128 128 128
1.81277 -1.44346 -1.02487 128 128 128
1.77172 -1.44668 -1.01098 128 128 128
1.75801 -1.4718 -1.0135 128 128 128
1.74533 -1.49799 -1.01687 128 128 128
1.73976 -1.53067 -1.02487 128 128 128
1.72623 -1.55676 -1.02824 128 128 128
1.723 -1.59259 -1.03834 128 128 128
1.71255 -1.62234 -1.04424 128 128 128
1.69967 -1.65018 -1.04887 128 128 128
1.69473 -1.68626 -1.05898 128 128 128
1.67709 -1.71017 -1.06108 128 128 128
1.67417 -1.74961 -1.07329 128 128 128
1.65691 -1.77466 -1.07624 128 128 128
1.64173 -1.80223 -1.08087 128 128 128
1.62613 -1.8297 -1.0855 128 128 128
1.61188 -1.85911 -1.0914 128 128 128
1.59832 -1.88982 -1.09813 128 128 128
1.58136 -1.91699 -1.10276 128 128 128
1.56682 -1.94755 -1.1095 128 128 128
1.54953 -1.97519 -1.11455 128 128 128
1.54116 -2.01494 -1.12676 128 128 128
1.52066 -2.03952 -1.13013 128 128 128
1.50886 -2.07636 -1.14066 128 128 128
1.41527 -2.22234 -1.17223 128 128 128
1.39889 -2.25727 -1.18192 128 128 128
1.37905 -2.28747 -1.18908 128 128 128
1.34766 -2.29874 -1.18613 128 128 128
1.37419 -2.41122 -1.23749 128 128 128
1.31943 -2.38268 -1.2135 128 128 128
1.30558 -2.42745 -1.22865 128 128 128
1.27527 -2.44248 -1.22823 128 128 128
1.25012 -2.46765 -1.23328 128 128 128
1.22695 -2.49746 -1.24086 128 128 128
1.20207 -2.52461 -1.24718 128 128 128
1.17784 -2.55399 -1.25476 128 128 128
1.15456 -2.58647 -1.26402 128 128 128
1.13029 -2.61793 -1.27286 128 128 128
1.10507 -2.64834 -1.28128 128 128 128
1.07622 -2.67096 -1.28591 128 128 128
1.04665 -2.69241 -1.29012 128 128 128
1.01672 -2.71355 -1.29433 128 128 128
0.987353 -2.73691 -1.29981 128 128 128
0.962029 -2.77281 -1.3116 128 128 128
0.930227 -2.79129 -1.31497 128 128 128
0.903649 -2.82668 -1.32675 128 128 128
0.877671 -2.86618 -1.34065 128 128 128
0.847028 -2.8924 -1.34823 128 128 128
0.816607 -2.92091 -1.35707 128 128 128
0.783275 -2.94036 -1.3617 128 128 128
0.74981 -2.9603 -1.36675 128 128 128
0.720221 -2.99749 -1.38023 128 128 128
0.683785 -3.00788 -1.38107 128 128 128
0.64911 -3.02668 -1.38612 128 128 128
0.613896 -3.0442 -1.39075 128 128 128
0.580037 -3.07022 -1.39959 128 128 128
0.544527 -3.08961 -1.40549 128 128 128
0.509803 -3.11575 -1.41475 128 128 128
0.473295 -3.13343 -1.42022 128 128 128
0.439178 -3.17045 -1.43496 128 128 128
0.402856 -3.1963 -1.44464 128 128 128
0.365247 -3.21542 -1.45138 128 128 128
0.32732 -3.235 -1.45854 128 128 128
0.288403 -3.24781 -1.46275 128 128 128
0.249847 -3.26828 -1.47075 128 128 128
0.210656 -3.28559 -1.47749 128 128 128
0.17051 -3.29155 -1.47917 128 128 128
0.130865 -3.31242 -1.48801 128 128 128
0.0903572 -3.31922 -1.49054 128 128 128
0.0498694 -3.33641 -1.49812 128 128 128
0.00897055 -3.35219 -1.50527 128 128 128
-0.032358 -3.3729 -1.51496 128 128 128
-0.0741742 -3.3922 -1.52422 128 128 128
-0.116591 -3.41461 -1.53517 128 128 128
-0.159402 -3.43285 -1.54443 128 128 128
-0.20252 -3.44784 -1.55243 128 128 128
-0.245071 -3.44872 -1.55411 128 128 128
-0.289024 -3.46534 -1.56338 128 128 128
-0.331527 -3.46153 -1.56338 128 128 128
-0.418542 -3.47036 -1.5718 128 128 128
-2.44273 -3.22892 -1.82863 128 128 128
-2.48884 -3.2073 -1.83368 128 128 128
-2.53027 -3.17936 -1.83537 128 128 128
-2.58113 -3.16283 -1.84421 128 128 128
-0.617091 -0.735812 -0.395002 128 128 128
-0.628436 -0.730938 -0.396686 128 128 128
-2.78437 -3.01393 -1.85389 128 128 128
-2.81554 -2.9736 -1.8501 128 128 128
-0.644923 -0.663027 -0.378582 128 128 128
-2.91005 -2.92613 -1.86484 128 128 128
-2.94509 -2.88956 -1.86442 128 128 128
-3.05548 -2.7847 -1.86821 128 128 128
-3.09688 -2.75363 -1.87284 128 128 128
-3.13729 -2.72136 -1.87705 128 128 128
-3.16283 -2.67621 -1.87242 128 128 128
-3.17935 -2.62391 -1.86273 128 128 128
-3.28025 -2.51008 -1.86652 128 128 128
-3.33261 -2.48591 -1.87915 128 128 128
-3.36067 -2.44323 -1.87789 128 128 128
-3.3793 -2.39393 -1.87157 128 128 128
-3.48352 -2.21938 -1.86652 128 128 128
-3.51974 -2.18221 -1.87157 128 128 128
-3.54082 -2.13557 -1.86863 128 128 128
-3.73107 -1.61154 -1.83579 128 128 128
-3.75056 -1.56563 -1.83579 128 128 128
-2.78148 1.10487 -1.42388 128 128 128
-2.74533 1.12968 -1.41195 128 128 128
-2.6958 1.14812 -1.39294 128 128 128
-2.6569 1.17023 -1.37967 128 128 128
-2.61786 1.19156 -1.36641 128 128 128
-2.59006 1.21747 -1.35933 128 128 128
-2.54832 1.23621 -1.34474 128 128 128
-2.36074 1.32967 -1.28417 128 128 128
-2.35126 1.40148 -1.29788 128 128 128
-2.28652 1.4011 -1.27046 128 128 128
-2.14249 1.46194 -1.22714 128 128 128
-2.11998 1.48502 -1.22448 128 128 128
-2.09287 1.50463 -1.21918 128 128 128
-2.05839 1.51846 -1.20945 128 128 128
-2.02317 1.53113 -1.19928 128 128 128
-1.86181 1.55818 -1.14534 128 128 128
-1.84459 1.58266 -1.14667 128 128 128
-1.82032 1.60102 -1.14357 128 128 128
-1.78724 1.61121 -1.13473 128 128 128
-1.75483 1.62143 -1.12633 128 128 128
-1.72115 1.62987 -1.11704 128 128 128
-1.65143 1.64246 -1.09671 128 128 128
-1.63491 1.66645 -1.09936 128 128 128
-1.59825 1.66952 -1.08786 128 128 128
-1.57214 1.68309 -1.08389 128 128 128
-1.5381 1.68765 -1.07416 128 128 128
-1.51668 1.70573 -1.07372 128 128 128
-1.4493 1.6706 -1.03879 128 128 128
-1.40901 1.70705 -1.03967 128 128 128
-1.38627 1.72211 -1.03835 128 128 128
-1.3584 1.73051 -1.03304 128 128 128
-1.32239 1.72779 -1.0211 128 128 128
-1.29145 1.73093 -1.01314 128 128 128
-1.2233 1.68199 -0.973794 128 128 128
-0.787452 1.55145 -0.806226 128 128 128
-0.768748 1.5618 -0.806668 128 128 128
-0.671531 1.606 -0.806668 128 128 128
-0.649063 1.66634 -0.830101 128 128 128
-0.565057 1.62466 -0.796499 128 128 128
-0.481896 1.56884 -0.757592 128 128 128
-0.434129 1.54736 -0.740791 128 128 128
-0.419237 1.56818 -0.748749 128 128 128
-0.369519 1.61929 -0.767318 128 128 128
-0.350366 1.62722 -0.769087 128 128 128
-0.306368 1.61416 -0.758476 128 128 128
-0.282221 1.59306 -0.746096 128 128 128
-0.247012 1.62612 -0.75936 128 128 128
-0.231777 1.66369 -0.776603 128 128 128
-0.213666 1.6851 -0.785888 128 128 128
-0.191576 1.67511 -0.779698 128 128 128
-0.172336 1.69073 -0.78633 128 128 128
-0.148854 1.66144 -0.770856 128 128 128
-0.127319 1.64794 -0.763339 128 128 128
-0.107979 1.6637 -0.770413 128 128 128
-0.0870623 1.65504 -0.76555 128 128 128
-0.0670163 1.66316 -0.769087 128 128 128
-0.0471946 1.68717 -0.780582 128 128 128
-0.0261448 1.66161 -0.767761 128 128 128
-0.00574435 1.65284 -0.763339 128 128 128
0.0142427 1.62677 -0.750517 128 128 128
0.0341198 1.62289 -0.748749 128 128 128
0.053517 1.60801 -0.741675 128 128 128
0.0735914 1.6144 -0.745212 128 128 128
0.0921502 1.59278 -0.735043 128 128 128
0.111559 1.58974 -0.734159 128 128 128
0.130907 1.58646 -0.733274 128 128 128
0.150104 1.58206 -0.731948 128 128 128
0.168624 1.57207 -0.727969 128 128 128
0.187031 1.56276 -0.724432 128 128 128
0.205715 1.5568 -0.722663 128 128 128
0.225588 1.55948 -0.725316 128 128 128
0.244709 1.55659 -0.725316 128 128 128
0.260893 1.53668 -0.716915 128 128 128
0.279404 1.5316 -0.716031 128 128 128
0.29783 1.52629 -0.715147 128 128 128
0.315797 1.51901 -0.713378 128 128 128
0.334414 1.51502 -0.713378 128 128 128
0.351742 1.50557 -0.710726 128 128 128
0.370408 1.50201 -0.711168 128 128 128
0.387445 1.49214 -0.708515 128 128 128
0.405012 1.48468 -0.707189 128 128 128
0.422204 1.47616 -0.70542 128 128 128
0.439508 1.46829 -0.704094 128 128 128
0.455332 1.45594 -0.700557 128 128 128
0.472323 1.44769 -0.69923 128 128 128
0.48918 1.43924 -0.697904 128 128 128
0.506503 1.43228 -0.697462 128 128 128
0.521547 1.41923 -0.693925 128 128 128
0.538602 1.41189 -0.693482 128 128 128
0.555887 1.40517 -0.693482 128 128 128
0.573089 1.39824 -0.693482 128 128 128
0.588794 1.38781 -0.691714 128 128 128
0.309771 0.711094 -0.330934 128 128 128
0.37141 0.823083 -0.393717 128 128 128
0.365023 0.783583 -0.374705 128 128 128
0.37147 0.772594 -0.371168 128 128 128
0.396221 0.798435 -0.387969 128 128 128
0.680632 1.324 -0.682429 128 128 128
0.690918 1.30447 -0.676239 128 128 128
0.752252 1.26592 -0.674471 128 128 128
0.775248 1.26882 -0.681545 128 128 128
0.787884 1.25466 -0.678892 128 128 128
0.806152 1.24941 -0.681545 128 128 128
0.75424 1.13868 -0.621857 128 128 128
0.495002 0.730447 -0.383548 128 128 128
0.494128 0.710376 -0.375147 128 128 128
0.501234 0.702076 -0.373821 128 128 128
0.51248 0.699477 -0.376032 128 128 128
0.520483 0.692421 -0.375589 128 128 128
0.528389 0.685274 -0.375147 128 128 128
0.537879 0.68014 -0.376032 128 128 128
0.545616 0.672795 -0.375589 128 128 128
0.556716 0.669482 -0.3778 128 128 128
0.561963 0.659202 -0.375589 128 128 128
0.565855 0.647549 -0.372494 128 128 128
0.573759 0.640556 -0.372494 128 128 128
0.584626 0.636755 -0.374705 128 128 128
0.601047 0.638635 -0.380895 128 128 128
0.604457 0.626714 -0.3778 128 128 128
0.612103 0.619249 -0.3778 128 128 128
0.613242 0.605421 -0.373379 128 128 128
0.626466 0.603422 -0.377358 128 128 128
0.634481 0.5963 -0.3778 128 128 128
0.641086 0.587866 -0.377358 128 128 128
0.650266 0.581739 -0.378684 128 128 128
0.658035 0.574301 -0.379126 128 128 128
0.66709 0.567917 -0.380453 128 128 128
0.660845 0.548865 -0.372052 128 128 128
1.29247 0.781228 -0.69304 128 128 128
1.29577 0.76169 -0.689503 128 128 128
1.3097 0.748389 -0.692156 128 128 128
1.32271 0.734426 -0.694367 128 128 128
1.34427 0.724916 -0.701441 128 128 128
1.35147 0.707537 -0.700557 128 128 128
1.36406 0.692919 -0.702767 128 128 128
1.37246 0.676128 -0.702767 128 128 128
1.38308 0.660387 -0.704094 128 128 128
1.39924 0.647107 -0.708515 128 128 128
1.40789 0.630252 -0.708957 128 128 128
1.41387 0.612219 -0.708073 128 128 128
1.42956 0.598263 -0.712494 128 128 128
1.43097 0.578338 -0.709399 128 128 128
1.44381 0.562999 -0.712494 128 128 128
1.45229 0.545866 -0.713378 128 128 128
1.46142 0.528911 -0.714705 128 128 128
1.47288 0.512693 -0.717358 128 128 128
1.48077 0.495144 -0.718242 128 128 128
1.49101 0.478294 -0.720452 128 128 128
1.50105 0.461266 -0.722663 128 128 128
1.50316 0.441809 -0.720895 128 128 128
1.51711 0.42573 -0.725316 128 128 128
1.52569 0.407998 -0.727084 128 128 128
1.53232 0.389682 -0.727969 128 128 128
1.54135 0.371889 -0.730179 128 128 128
1.55104 0.35413 -0.732832 128 128 128
1.55615 0.335256 -0.733274 128 128 128
1.57334 0.318771 -0.739906 128 128 128
1.58154 0.300265 -0.742117 128 128 128
1.58776 0.281296 -0.743443 128 128 128
1.60349 0.263797 -0.749633 128 128 128
1.6137 0.245159 -0.75317 128 128 128
1.62103 0.225945 -0.755381 128 128 128
1.64148 0.208247 -0.764224 128 128 128
1.64124 0.187789 -0.762897 128 128 128
1.65949 0.169231 -0.770856 128 128 128
1.66144 0.148854 -0.770856 128 128 128
1.6694 0.128922 -0.773951 128 128 128
1.68339 0.109207 -0.78014 128 128 128
1.69088 0.0888544 -0.783235 128 128 128
1.69991 0.0684023 -0.787214 128 128 128
1.7051 0.0476507 -0.789425 128 128 128
1.71184 0.0268055 -0.79252 128 128 128
1.71742 0.00580141 -0.795173 128 128 128
1.72274 -0.0153357 -0.797826 128 128 128
1.7296 -0.036645 -0.801363 128 128 128
1.74067 -0.0582859 -0.80711 128 128 128
1.7443 -0.0798583 -0.809321 128 128 128
1.74767 -0.101529 -0.811532 128 128 128
1.74987 -0.123228 -0.8133 128 128 128
1.7518 -0.144997 -0.815069 128 128 128
1.75614 -0.167094 -0.818164 128 128 128
1.75663 -0.188926 -0.81949 128 128 128
1.76931 -0.212321 -0.827006 128 128 128
1.77191 -0.234737 -0.829659 128 128 128
1.76091 -0.255286 -0.82568 128 128 128
1.77978 -0.280418 -0.836733 128 128 128
1.78858 -0.304374 -0.842923 128 128 128
1.79177 -0.327607 -0.84646 128 128 128
1.78322 -0.348699 -0.844249 128 128 128
1.7946 -0.373885 -0.852208 128 128 128
1.79863 -0.397837 -0.856629 128 128 128
1.8102 -0.423802 -0.86503 128 128 128
1.81269 -0.447939 -0.869009 128 128 128
1.82701 -0.47539 -0.879178 128 128 128
1.82191 -0.498013 -0.87962 128 128 128
1.83117 -0.524816 -0.887578 128 128 128
1.82716 -0.548026 -0.888905 128 128 128
1.83313 -0.574459 -0.895537 128 128 128
1.83106 -0.598595 -0.89819 128 128 128
1.83206 -0.62393 -0.902611 128 128 128
1.83524 -0.650284 -0.908359 128 128 128
1.83638 -0.676185 -0.913222 128 128 128
1.83715 -0.702212 -0.918086 128 128 128
1.83506 -0.727363 -0.921623 128 128 128
1.83428 -0.753252 -0.926044 128 128 128
1.82903 -0.777468 -0.928255 128 128 128
1.83329 -0.806021 -0.935771 128 128 128
1.82734 -0.830322 -0.937982 128 128 128
1.82269 -0.855363 -0.941076 128 128 128
1.81771 -0.880415 -0.944171 128 128 128
1.80997 -0.904265 -0.94594 128 128 128
1.82343 -0.939192 -0.959646 128 128 128
1.8181 -0.964874 -0.963183 128 128 128
1.81949 -0.994453 -0.970699 128 128 128
1.79387 -1.0092 -0.963183 128 128 128
1.77282 -1.02618 -0.95832 128 128 128
1.78088 -1.06029 -0.970257 128 128 128
1.74481 -1.06797 -0.956993 128 128 128
1.78541 -1.12332 -0.988385 128 128 128
1.73249 -1.18118 -0.982195 128 128 128
1.71026 -1.22859 -0.986616 128 128 128
1.74696 -1.28791 -1.01845 128 128 128
1.70959 -1.29298 -1.00519 128 128 128
1.75233 -1.35961 -1.04188 128 128 128
1.78106 -1.4174 -1.07062 128 128 128
1.77321 -1.48376 -1.08831 128 128 128
1.74332 -1.49546 -1.08079 128 128 128
1.72214 -1.51436 -1.07902 128 128 128
1.7154 -1.54621 -1.08698 128 128 128
1.70353 -1.57386 -1.09184 128 128 128
1.70425 -1.6138 -1.10555 128 128 128
1.69074 -1.64085 -1.10997 128 128 128
1.67429 -1.66528 -1.11262 128 128 128
1.66438 -1.6966 -1.12014 128 128 128
1.6651 -1.73962 -1.13561 128 128 128
1.64608 -1.76254 -1.13738 128 128 128
1.63698 -1.79656 -1.14667 128 128 128
1.61957 -1.82188 -1.1502 128 128 128
1.60237 -1.84773 -1.15418 128 128 128
1.58247 -1.87068 -1.15639 128 128 128
1.56566 -1.89758 -1.16126 128 128 128
1.55179 -1.92855 -1.16877 128 128 128
1.54348 -1.96723 -1.18115 128 128 128
1.52792 -1.99744 -1.18823 128 128 128
1.52148 -2.04051 -1.20326 128 128 128
1.50001 -2.06412 -1.20636 128 128 128
1.48491 -2.09703 -1.2152 128 128 128
1.46973 -2.13061 -1.22448 128 128 128
1.45246 -2.1619 -1.23244 128 128 128
1.3668 -2.26748 -1.25366 128 128 128
1.34249 -2.29028 -1.2572 128 128 128
1.32801 -2.33076 -1.27091 128 128 128
1.31317 -2.37201 -1.28506 128 128 128
1.28947 -2.39823 -1.2908 128 128 128
1.29056 -2.47276 -1.32352 128 128 128
1.26052 -2.48921 -1.32396 128 128 128
1.22594 -2.49644 -1.31954 128 128 128
1.20558 -2.53318 -1.33148 128 128 128
1.17628 -2.55186 -1.33369 128 128 128
1.14997 -2.57757 -1.33988 128 128 128
1.11826 -2.59149 -1.33988 128 128 128
1.09119 -2.61662 -1.34607 128 128 128
1.06467 -2.64396 -1.35359 128 128 128
1.03764 -2.67105 -1.3611 128 128 128
1.01011 -2.69787 -1.36862 128 128 128
0.978747 -2.71513 -1.37127 128 128 128
0.95413 -2.75237 -1.38454 128 128 128
0.922257 -2.76983 -1.38763 128 128 128
0.898249 -2.81257 -1.40399 128 128 128
0.868106 -2.83797 -1.41151 128 128 128
0.838727 -2.86736 -1.42123 128 128 128
0.808276 -2.89472 -1.43007 128 128 128
0.777739 -2.9235 -1.4398 128 128 128
0.746835 -2.95283 -1.44997 128 128 128
0.713039 -2.97224 -1.45528 128 128 128
0.678485 -2.98951 -1.4597 128 128 128
0.644732 -3.01165 -1.46677 128 128 128
0.609835 -3.02989 -1.47208 128 128 128
0.572608 -3.03715 -1.47208 128 128 128
0.539302 -3.06692 -1.48357 128 128 128
0.505207 -3.09544 -1.49463 128 128 128
0.469566 -3.11738 -1.50258 128 128 128
0.434435 -3.14601 -1.51408 128 128 128
0.397012 -3.1609 -1.51894 128 128 128
0.360385 -3.18514 -1.52867 128 128 128
0.322425 -3.20093 -1.53442 128 128 128
0.284908 -3.2252 -1.54459 128 128 128
0.246778 -3.24813 -1.55431 128 128 128
0.207625 -3.26255 -1.56006 128 128 128
0.1682 -3.27739 -1.56625 128 128 128
0.128375 -3.28997 -1.57156 128 128 128
0.0881516 -3.29757 -1.57465 128 128 128
0.0480327 -3.32531 -1.58792 128 128 128
0.00722953 -3.33372 -1.59189 128 128 128
-0.033926 -3.35508 -1.60251 128 128 128
-0.075817 -3.3849 -1.61754 128 128 128
-0.117607 -3.39089 -1.62108 128 128 128
-0.160204 -3.4098 -1.63124 128 128 128
-0.202577 -3.41653 -1.63567 128 128 128
-0.245335 -3.42541 -1.64141 128 128 128
-0.287581 -3.42482 -1.64274 128 128 128
-0.332113 -3.44693 -1.65556 128 128 128
-0.366051 -3.36681 -1.61798 128 128 128
-0.409411 -3.37898 -1.62638 128 128 128
-0.455642 -3.40926 -1.64407 128 128 128
-0.498753 -3.41228 -1.64849 128 128 128
-0.541723 -3.41299 -1.65202 128 128 128
-0.58387 -3.40785 -1.65291 128 128 128
-0.623848 -3.39073 -1.64805 128 128 128
-2.53934 -3.18542 -1.95665 128 128 128
-2.55038 -3.12002 -1.93499 128 128 128
-2.60694 -3.11046 -1.94914 128 128 128
-0.629366 -0.719502 -0.419803 128 128 128
-2.8317 -2.98571 -1.97699 128 128 128
-2.85561 -2.93789 -1.96815 128 128 128
-0.679906 -0.687173 -0.425108 128 128 128
-2.94352 -2.88322 -1.97964 128 128 128
-2.98323 -2.85122 -1.98274 128 128 128
-3.0088 -2.80584 -1.97655 128 128 128
-3.10025 -2.75197 -1.99202 128 128 128
-3.13175 -2.71196 -1.9907 128 128 128
-3.16685 -2.67506 -1.99202 128 128 128
-3.19875 -2.63543 -1.99158 128 128 128
-3.23085 -2.59597 -1.99158 128 128 128
-3.2455 -2.54287 -1.98097 128 128 128
-3.26877 -2.4341 -1.95754 128 128 128
-3.30421 -2.39802 -1.96108 128 128 128
-3.38176 -2.39142 -1.99026 128 128 128
-3.41307 -2.35126 -1.99158 128 128 128
-3.44241 -2.3097 -1.99202 128 128 128
-3.51288 -2.17389 -1.98495 128 128 128
-3.54929 -2.13662 -1.9907 128 128 128
-3.57756 -2.09426 -1.99202 128 128 128
-3.60143 -2.04932 -1.99114 128 128 128
-3.35377 -1.85465 -1.83772 128 128 128
-3.59564 -1.87441 -1.94737 128 128 128
-3.67122 -1.8568 -1.97655 128 128 128
-3.76621 -1.51462 -1.94958 128 128 128
-3.79288 -1.47152 -1.954 128 128 128
-3.79973 -1.42079 -1.94825 128 128 128
-3.80674 -1.37042 -1.94295 128 128 128
-3.81564 -1.32097 -1.93897 128 128 128
-3.82561 -1.27207 -1.93587 128 128 128
-2.82727 1.0397 -1.53378 128 128 128
-2.81016 1.07274 -1.53145 128 128 128
-2.78444 1.10226 -1.52446 128 128 128
-2.7486 1.1273 -1.51188 128 128 128
-2.71664 1.15334 -1.50163 128 128 128
-2.69904 1.18517 -1.49976 128 128 128
-2.51503 1.29386 -1.43686 128 128 128
-2.47629 1.31262 -1.42335 128 128 128
-2.43902 1.33147 -1.41077 128 128 128
-2.41864 1.35913 -1.40844 128 128 128
-2.39182 1.38296 -1.40239 128 128 128
-2.25236 1.41549 -1.34834 128 128 128
-2.22441 1.43631 -1.34182 128 128 128
-2.18818 1.45128 -1.33017 128 128 128
-2.15703 1.46907 -1.32178 128 128 128
-2.11926 1.48175 -1.3092 128 128 128
-2.0743 1.48857 -1.29196 128 128 128
-1.98032 1.53467 -1.2668 128 128 128
-1.96065 1.5583 -1.26634 128 128 128
-1.92285 1.56716 -1.25376 128 128 128
-1.89396 1.5827 -1.24723 128 128 128
-1.85087 1.58569 -1.23093 128 128 128
-1.81996 1.59836 -1.22301 128 128 128
-1.72033 1.58738 -1.18014 128 128 128
-1.72709 1.63328 -1.19924 128 128 128
-1.69166 1.63958 -1.18806 128 128 128
-1.66074 1.64963 -1.18014 128 128 128
-1.63416 1.66357 -1.17548 128 128 128
-0.941228 1.47606 -0.86937 128 128 128
-0.890197 1.60525 -0.914098 128 128 128
-0.597537 1.53488 -0.814857 128 128 128
-0.606387 1.6158 -0.856324 128 128 128
-0.566018 1.56655 -0.824641 128 128 128
-0.533941 1.53662 -0.80414 128 128 128
-0.499595 1.4969 -0.778515 128 128 128
-0.453861 1.47996 -0.762673 128 128 128
-0.445908 1.52022 -0.781776 128 128 128
-0.422432 1.50854 -0.772458 128 128 128
-0.331932 1.54458 -0.779446 128 128 128
-0.31665 1.56675 -0.789231 128 128 128
-0.298558 1.5766 -0.792492 128 128 128
-0.277331 1.56969 -0.786901 128 128 128
-0.264529 1.61226 -0.807868 128 128 128
-0.241125 1.59177 -0.795288 128 128 128
-0.225005 1.61914 -0.808334 128 128 128
-0.12502 1.62637 -0.80647 128 128 128
-0.10488 1.62513 -0.805072 128 128 128
-0.0847412 1.62276 -0.803209 128 128 128
-0.0649293 1.62633 -0.804606 128 128 128
-0.0449416 1.62612 -0.80414 128 128 128
-0.024897 1.62124 -0.801345 128 128 128
-0.00494382 1.60727 -0.79389 128 128 128
0.0150005 1.63375 -0.807868 128 128 128
0.0352118 1.6414 -0.812061 128 128 128
0.0548868 1.6267 -0.804606 128 128 128
0.0748049 1.62502 -0.80414 128 128 128
0.0930659 1.59483 -0.788765 128 128 128
0.112384 1.59003 -0.786901 128 128 128
0.13138 1.58236 -0.78364 128 128 128
0.150206 1.57446 -0.780378 128 128 128
0.169234 1.56986 -0.778981 128 128 128
0.188171 1.56503 -0.777583 128 128 128
0.204935 1.54418 -0.767798 128 128 128
0.223869 1.54155 -0.767798 128 128 128
0.242632 1.53782 -0.767332 128 128 128
0.261633 1.53559 -0.767798 128 128 128
0.278872 1.52356 -0.763139 128 128 128
0.29704 1.51742 -0.761741 128 128 128
0.3142 1.50673 -0.758014 128 128 128
0.333238 1.50535 -0.759412 128 128 128
0.350882 1.4977 -0.757548 128 128 128
0.367542 1.48641 -0.753821 128 128 128
0.382423 1.46894 -0.746832 128 128 128
0.397629 1.45389 -0.741241 128 128 128
0.413253 1.44125 -0.737047 128 128 128
0.432429 1.44115 -0.739843 128 128 128
0.456698 1.39646 -0.721206 128 128 128
0.474085 1.39159 -0.721672 128 128 128
0.512363 1.39116 -0.728195 128 128 128
0.745311 1.28768 -0.73099 128 128 128
0.75473 1.26779 -0.724468 128 128 128
0.731031 1.19425 -0.684864 128 128 128
0.787968 1.25263 -0.726797 128 128 128
0.805199 1.24584 -0.728661 128 128 128
0.81554 1.22849 -0.724002 128 128 128
0.834038 1.22351 -0.727263 128 128 128
0.822139 1.17474 -0.702569 128 128 128
0.837008 1.16528 -0.703035 128 128 128
0.830798 1.12712 -0.684864 128 128 128
0.883474 1.1684 -0.718876 128 128 128
0.90587 1.16797 -0.725865 128 128 128
0.918484 1.15468 -0.724468 128 128 128
0.936495 1.14813 -0.727729 128 128 128
0.948813 1.13451 -0.726331 128 128 128
0.960362 1.12009 -0.724468 128 128 128
0.978703 1.11355 -0.728195 128 128 128
0.989336 1.09816 -0.725865 128 128 128
1.00454 1.08789 -0.727263 128 128 128
1.00566 1.06262 -0.717945 128 128 128
0.971852 1.00188 -0.682534 128 128 128
0.378969 0.379949 -0.230123 128 128 128
0.615121 0.602975 -0.401117 128 128 128
0.630135 0.602733 -0.406708 128 128 128
0.640067 0.597374 -0.408571 128 128 128
0.644737 0.587087 -0.406708 128 128 128
0.64859 0.576187 -0.404378 128 128 128
0.654944 0.567604 -0.403912 128 128 128
1.2077 0.790816 -0.707694 128 128 128
1.22253 0.779271 -0.710956 128 128 128
1.25605 0.779159 -0.725865 128 128 128
1.26324 0.762313 -0.724468 128 128 128
1.27937 0.750791 -0.728661 128 128 128
1.30308 0.743379 -0.737513 128 128 128
1.32061 0.732059 -0.742639 128 128 128
1.31859 0.709915 -0.736116 128 128 128
1.34053 0.700661 -0.744036 128 128 128
1.36288 0.67029 -0.747298 128 128 128
1.37739 0.656567 -0.751025 128 128 128
1.38534 0.639615 -0.751025 128 128 128
1.39955 0.625461 -0.754753 128 128 128
1.39981 0.605073 -0.750559 128 128 128
1.40876 0.588533 -0.751491 128 128 128
1.42162 0.573524 -0.754753 128 128 128
1.43762 0.559574 -0.759878 128 128 128
1.44438 0.54189 -0.759878 128 128 128
1.45258 0.524727 -0.76081 128 128 128
1.46142 0.507736 -0.762207 128 128 128
1.47089 0.490887 -0.764071 128 128 128
1.47849 0.473342 -0.765003 128 128 128
1.48588 0.455683 -0.765935 128 128 128
1.50749 0.442161 -0.774787 128 128 128
1.5111 0.42315 -0.773855 128 128 128
1.5213 0.405948 -0.776651 128 128 128
1.52789 0.387685 -0.777583 128 128 128
1.54543 0.372025 -0.784572 128 128 128
1.5516 0.353426 -0.785504 128 128 128
1.55928 0.335106 -0.787367 128 128 128
1.56588 0.316474 -0.788765 128 128 128
1.58877 0.300874 -0.799015 128 128 128
1.59583 0.281973 -0.800879 128 128 128
1.60178 0.262801 -0.802277 128 128 128
1.61014 0.243925 -0.805072 128 128 128
1.61914 0.225005 -0.808334 128 128 128
1.63056 0.206237 -0.812993 128 128 128
1.63648 0.186616 -0.814857 128 128 128
1.64657 0.167332 -0.81905 128 128 128
1.6582 0.147987 -0.824175 128 128 128
1.6643 0.12797 -0.826505 128 128 128
1.67546 0.108172 -0.83163 128 128 128
1.68108 0.0878382 -0.83396 128 128 128
1.69087 0.067563 -0.838619 128 128 128
1.69776 0.046985 -0.84188 128 128 128
1.70352 0.0262335 -0.844676 128 128 128
1.71167 0.00535839 -0.848869 128 128 128
1.71604 -0.0156836 -0.851199 128 128 128
1.71925 -0.0368136 -0.853062 128 128 128
1.72575 -0.0581412 -0.85679 128 128 128
1.73197 -0.0796336 -0.860517 128 128 128
1.73793 -0.101288 -0.864245 128 128 128
1.74362 -0.1231 -0.867972 128 128 128
1.74286 -0.14456 -0.868438 128 128 128
1.74007 -0.165853 -0.867972 128 128 128
1.75111 -0.188605 -0.874961 128 128 128
1.74866 -0.210079 -0.874961 128 128 128
1.75297 -0.232447 -0.878688 128 128 128
1.75611 -0.254826 -0.88195 128 128 128
1.75897 -0.277316 -0.885211 128 128 128
1.76242 -0.300063 -0.888938 128 128 128
1.7734 -0.324363 -0.896859 128 128 128
1.78492 -0.349146 -0.905246 128 128 128
1.79263 -0.373541 -0.911769 128 128 128
1.79482 -0.397034 -0.915496 128 128 128
1.79412 -0.420035 -0.917826 128 128 128
1.81117 -0.447521 -0.92994 128 128 128
1.81411 -0.471934 -0.934599 128 128 128
1.8116 -0.495091 -0.936463 128 128 128
1.80964 -0.5185 -0.938792 128 128 128
1.81579 -0.568824 -0.949508 128 128 128
1.81793 -0.59408 -0.954634 128 128 128
1.81469 -0.617767 -0.956963 128 128 128
1.80781 -0.640284 -0.957429 128 128 128
1.81106 -0.743309 -0.978396 128 128 128
1.80832 -0.76824 -0.982123 128 128 128
1.79795 -0.790018 -0.981657 128 128 128
1.80826 -0.821154 -0.993305 128 128 128
1.80927 -0.848534 -0.999828 128 128 128
1.8027 -0.872597 -1.00216 128 128 128
1.79582 -0.896627 -1.00449 128 128 128
1.79491 -0.923854 -1.01054 128 128 128
1.83583 -0.973549 -1.04176 128 128 128
1.82064 -0.99431 -1.0399 128 128 128
1.78901 -1.00575 -1.02825 128 128 128
1.85622 -1.07365 -1.07671 128 128 128
1.7326 -1.03083 -1.00915 128 128 128
1.6932 -1.15354 -1.02639 128 128 128
1.76291 -1.26537 -1.09022 128 128 128
1.74724 -1.28691 -1.09022 128 128 128
1.69177 -1.27841 -1.06413 128 128 128
1.70324 -1.32019 -1.0823 128 128 128
1.70444 -1.42451 -1.11724 128 128 128
1.73053 -1.48272 -1.14753 128 128 128
1.72218 -1.51259 -1.15451 128 128 128
1.71139 -1.54071 -1.16011 128 128 128
1.69886 -1.56759 -1.16477 128 128 128
1.67949 -1.58832 -1.16477 128 128 128
1.67895 -1.62728 -1.17874 128 128 128
1.66136 -1.65025 -1.18061 128 128 128
1.65588 -1.68565 -1.19179 128 128 128
1.66325 -1.73521 -1.21322 128 128 128
1.64183 -1.75549 -1.21322 128 128 128
1.55769 -1.9328 -1.25469 128 128 128
1.54261 -1.9629 -1.26214 128 128 128
1.53133 -1.99853 -1.27333 128 128 128
1.51093 -2.02284 -1.27705 128 128 128
1.50007 -2.06054 -1.28963 128 128 128
1.48287 -2.09033 -1.29709 128 128 128
1.46214 -2.11565 -1.30175 128 128 128
1.34381 -2.28764 -1.34461 128 128 128
1.19446 -2.50308 -1.40798 128 128 128
1.16588 -2.52237 -1.41077 128 128 128
1.13701 -2.54133 -1.41357 128 128 128
1.11102 -2.56727 -1.42056 128 128 128
1.09276 -2.61254 -1.43873 128 128 128
1.06825 -2.64462 -1.44944 128 128 128
1.04859 -2.6905 -1.46808 128 128 128
1.01549 -2.70316 -1.46808 128 128 128
0.998519 -2.76035 -1.49324 128 128 128
0.975343 -2.80331 -1.51048 128 128 128
0.933004 -2.79157 -1.49743 128 128 128
0.903277 -2.81713 -1.50536 128 128 128
0.874102 -2.84576 -1.51514 128 128 128
0.841113 -2.86307 -1.51887 128 128 128
0.807591 -2.87913 -1.52213 128 128 128
0.774946 -2.89908 -1.52772 128 128 128
0.740622 -2.91352 -1.53052 128 128 128
0.710841 -2.94733 -1.54403 128 128 128
0.675211 -2.95842 -1.54542 128 128 128
0.640909 -2.976 -1.55055 128 128 128
0.608918 -3.00618 -1.56266 128 128 128
0.575787 -3.03342 -1.57338 128 128 128
0.542232 -3.06117 -1.58456 128 128 128
0.509523 -3.09727 -1.6004 128 128 128
0.474276 -3.12166 -1.61019 128 128 128
0.437771 -3.14039 -1.61718 128 128 128
0.401436 -3.16308 -1.6265 128 128 128
0.364611 -3.18535 -1.63581 128 128 128
0.325494 -3.18959 -1.63581 128 128 128
0.286646 -3.19687 -1.63768 128 128 128
0.247668 -3.20367 -1.63954 128 128 128
0.210069 -3.23296 -1.65352 128 128 128
0.131963 -3.26897 -1.67029 128 128 128
0.090703 -3.23054 -1.64933 128 128 128
0.0513973 -3.25264 -1.66051 128 128 128
-2.49167 -3.2167 -2.09009 128 128 128
-2.53261 -3.18796 -2.09149 128 128 128
-2.58997 -3.17929 -2.10686 128 128 128
-2.63389 -3.15338 -2.11106 128 128 128
-0.619797 -0.7221 -0.448641 128 128 128
-2.83871 -3.0033 -2.12364 128 128 128
-2.86797 -2.96061 -2.11804 128 128 128
-0.668746 -0.672036 -0.446777 128 128 128
-2.94733 -2.89678 -2.12364 128 128 128
-3.04724 -2.8514 -2.14507 128 128 128
-3.09246 -2.82334 -2.15252 128 128 128
-3.12158 -2.78047 -2.1488 128 128 128
-3.15681 -2.74311 -2.14973 128 128 128
-3.19023 -2.70416 -2.14973 128 128 128
-3.19863 -2.64451 -2.13295 128 128 128
-3.28412 -2.58217 -2.1474 128 128 128
-3.25449 -2.49482 -2.10686 128 128 128
-3.22817 -2.4123 -2.06959 128 128 128
-3.25967 -2.37407 -2.07099 128 128 128
-3.32102 -2.35695 -2.09195 128 128 128
-3.49282 -2.2904 -2.14693 128 128 128
-3.52364 -2.24927 -2.1488 128 128 128
-3.56075 -2.21193 -2.15485 128 128 128
-3.58535 -2.16669 -2.15345 128 128 128
-2.75846 1.14516 -1.60997 128 128 128
-2.7097 1.16405 -1.58905 128 128 128
-2.69122 1.19543 -1.58662 128 128 128
-2.65096 1.21667 -1.57105 128 128 128
-2.62162 1.24235 -1.56229 128 128 128
-2.56305 1.25325 -1.53554 128 128 128
-2.2612 1.28268 -1.39446 128 128 128
-2.37194 1.38453 -1.47619 128 128 128
-2.34803 1.40947 -1.47181 128 128 128
-2.28896 1.41242 -1.44456 128 128 128
-2.33485 1.48075 -1.4864 128 128 128
-2.17812 1.45724 -1.40613 128 128 128
-2.1385 1.46898 -1.39154 128 128 128
-2.11318 1.49007 -1.38667 128 128 128
-2.08625 1.50973 -1.38083 128 128 128
-2.05636 1.52686 -1.37305 128 128 128
-2.0215 1.53978 -1.36186 128 128 128
-1.90413 1.56423 -1.31905 128 128 128
-1.88346 1.58635 -1.31808 128 128 128
-1.85725 1.60362 -1.31321 128 128 128
-1.80542 1.59786 -1.28937 128 128 128
-1.77405 1.60931 -1.28062 128 128 128
-1.74011 1.61784 -1.26991 128 128 128
-1.63615 1.55876 -1.20521 128 128 128
-1.65227 1.65355 -1.24851 128 128 128
-1.62759 1.66932 -1.2451 128 128 128
-1.59135 1.67268 -1.23245 128 128 128
-1.55469 1.67476 -1.21932 128 128 128
-1.53519 1.69501 -1.22029 128 128 128
-1.48657 1.68224 -1.19694 128 128 128
-1.44589 1.67716 -1.17991 128 128 128
-1.42296 1.6921 -1.17797 128 128 128
-1.41756 1.72838 -1.19159 128 128 128
-1.34725 1.68414 -1.14781 128 128 128
-1.34739 1.72746 -1.16678 128 128 128
-0.521988 1.57812 -0.872454 128 128 128
-0.471019 1.5503 -0.849102 128 128 128
-0.446406 1.53665 -0.837913 128 128 128
-0.414079 1.56827 -0.850075 128 128 128
-0.358159 1.59183 -0.855427 128 128 128
-0.360797 1.70215 -0.915751 128 128 128
-0.295394 1.48013 -0.787318 128 128 128
-0.298694 1.6005 -0.853481 128 128 128
-0.257546 1.59613 -0.847157 128 128 128
-0.236299 1.58793 -0.840832 128 128 128
-0.217142 1.59331 -0.842292 128 128 128
-0.199673 1.6132 -0.852021 128 128 128
-0.180144 1.61814 -0.853481 128 128 128
-0.158098 1.59762 -0.840832 128 128 128
-0.112737 1.51561 -0.793156 128 128 128
-0.0904141 1.45409 -0.758129 128 128 128
-0.0775531 1.56156 -0.817481 128 128 128
-0.037416 1.48263 -0.772724 128 128 128
-0.0197615 1.53714 -0.802886 128 128 128
-0.000898825 1.5364 -0.8024 128 128 128
0.0180568 1.54328 -0.806292 128 128 128
0.037626 1.56653 -0.819427 128 128 128
0.057154 1.5738 -0.823805 128 128 128
0.0750727 1.54593 -0.808724 128 128 128
0.0955377 1.56844 -0.821859 128 128 128
0.114844 1.56802 -0.822346 128 128 128
0.133539 1.5604 -0.81894 128 128 128
0.153641 1.56821 -0.824292 128 128 128
0.170712 1.5471 -0.813589 128 128 128
0.189467 1.54316 -0.812616 128 128 128
0.20827 1.53985 -0.812129 128 128 128
0.224808 1.52163 -0.803373 128 128 128
0.242619 1.51358 -0.800454 128 128 128
0.266168 1.53889 -0.816508 128 128 128
0.283576 1.52778 -0.812129 128 128 128
0.2992 1.50877 -0.803373 128 128 128
0.315132 1.49302 -0.796562 128 128 128
0.331303 1.47967 -0.79121 128 128 128
0.349639 1.47634 -0.791697 128 128 128
0.364089 1.45754 -0.783427 128 128 128
0.381049 1.44958 -0.781481 128 128 128
0.403977 1.46331 -0.792183 128 128 128
0.417245 1.44231 -0.78294 128 128 128
0.431846 1.42706 -0.777102 128 128 128
0.448263 1.41832 -0.775156 128 128 128
0.468394 1.421 -0.780021 128 128 128
0.48408 1.41019 -0.777102 128 128 128
0.498387 1.39593 -0.772237 128 128 128
0.520686 1.40362 -0.780508 128 128 128
0.535025 1.38979 -0.776129 128 128 128
0.566394 1.41878 -0.797535 128 128 128
0.569643 1.37786 -0.777102 128 128 128
0.299989 0.706509 -0.37429 128 128 128
0.348136 0.791345 -0.42829 128 128 128
0.354165 0.779078 -0.423426 128 128 128
0.362573 0.772306 -0.421966 128 128 128
0.390502 0.805445 -0.445318 128 128 128
0.66591 1.3252 -0.772724 128 128 128
0.682122 1.31693 -0.772724 128 128 128
0.6912 1.29538 -0.764454 128 128 128
0.703237 1.27992 -0.760075 128 128 128
0.723215 1.27878 -0.76494 128 128 128
0.741503 1.27434 -0.767859 128 128 128
0.75483 1.2614 -0.765427 128 128 128
0.770253 1.25204 -0.765427 128 128 128
0.791658 1.25208 -0.771751 128 128 128
0.816525 1.25689 -0.781481 128 128 128
0.809971 1.21414 -0.759589 128 128 128
0.827784 1.20842 -0.762508 128 128 128
0.843056 1.19889 -0.762994 128 128 128
0.856165 1.18633 -0.761535 128 128 128
0.871702 1.17713 -0.762508 128 128 128
0.885551 1.16565 -0.762021 128 128 128
0.899789 1.1547 -0.762021 128 128 128
0.914439 1.14425 -0.762508 128 128 128
0.928411 1.13294 -0.762508 128 128 128
0.942809 1.12213 -0.762994 128 128 128
0.951931 1.1052 -0.759102 128 128 128
0.96252 1.09017 -0.75667 128 128 128
0.970532 1.07246 -0.752291 128 128 128
0.993753 1.07133 -0.760562 128 128 128
1.00984 1.06221 -0.762994 128 128 128
1.02525 1.05223 -0.76494 128 128 128
1.02942 1.03094 -0.758129 128 128 128
1.04262 1.01884 -0.758616 128 128 128
1.03855 0.990342 -0.745967 128 128 128
1.04678 0.973964 -0.743048 128 128 128
1.08071 0.980944 -0.759589 128 128 128
1.08283 0.958949 -0.752291 128 128 128
0.997075 0.861921 -0.680778 128 128 128
1.00289 0.845693 -0.677372 128 128 128
1.15122 0.946081 -0.776616 128 128 128
1.09988 0.881798 -0.731859 128 128 128
1.043 0.81571 -0.684183 128 128 128
1.12118 0.85454 -0.731859 128 128 128
1.11261 0.826708 -0.718724 128 128 128
1.08295 0.784421 -0.69148 128 128 128
1.13757 0.802664 -0.722129 128 128 128
1.10765 0.761549 -0.695372 128 128 128
1.10891 0.742577 -0.690021 128 128 128
1.14141 0.744107 -0.705589 128 128 128
1.18815 0.753797 -0.730399 128 128 128
1.18539 0.731854 -0.722616 128 128 128
1.23781 0.743205 -0.750832 128 128 128
1.2491 0.729274 -0.752291 128 128 128
1.24273 0.705313 -0.742562 128 128 128
1.2513 0.690009 -0.742562 128 128 128
1.26353 0.676652 -0.744994 128 128 128
1.28105 0.665904 -0.750832 128 128 128
1.28835 0.649742 -0.750345 128 128 128
1.28286 0.627398 -0.742075 128 128 128
1.26516 0.599712 -0.726507 128 128 128
1.32173 0.606588 -0.75667 128 128 128
1.34346 0.596663 -0.765427 128 128 128
1.35792 0.583213 -0.769805 128 128 128
1.3682 0.567836 -0.771751 128 128 128
1.38644 0.555519 -0.778562 128 128 128
1.38744 0.536275 -0.775156 128 128 128
1.43805 0.515518 -0.797535 128 128 128
1.42525 0.491338 -0.786346 128 128 128
1.43699 0.475717 -0.789751 128 128 128
1.42855 0.453593 -0.781481 128 128 128
1.434 0.436029 -0.781481 128 128 128
1.44009 0.41864 -0.781967 128 128 128
1.53527 0.425666 -0.834021 128 128 128
1.53193 0.404586 -0.829156 128 128 128
1.55458 0.390175 -0.839373 128 128 128
1.56095 0.371468 -0.840346 128 128 128
1.55175 0.349253 -0.832562 128 128 128
1.53967 0.326783 -0.823319 128 128 128
1.55985 0.311066 -0.832562 128 128 128
1.573 0.293638 -0.837913 128 128 128
1.57218 0.273576 -0.835481 128 128 128
1.60735 0.259325 -0.853481 128 128 128
1.62338 0.241475 -0.860778 128 128 128
1.62189 0.220957 -0.858346 128 128 128
1.61407 0.199778 -0.852508 128 128 128
1.6329 0.181748 -0.861751 128 128 128
1.64197 0.162365 -0.865643 128 128 128
1.64558 0.14235 -0.866616 128 128 128
1.65417 0.122644 -0.870508 128 128 128
1.66515 0.102903 -0.875859 128 128 128
1.66803 0.0825428 -0.876832 128 128 128
1.67066 0.0621277 -0.877805 128 128 128
1.67217 0.0416408 -0.878292 128 128 128
1.68741 0.0212663 -0.886562 128 128 128
1.69017 0.000551612 -0.888021 128 128 128
1.69966 -0.020329 -0.893373 128 128 128
1.70015 -0.0412083 -0.893859 128 128 128
1.70738 -0.0623758 -0.898238 128 128 128
1.70997 -0.0835026 -0.900184 128 128 128
1.728 -0.105702 -0.910886 128 128 128
1.72832 -0.127032 -0.911859 128 128 128
1.73011 -0.148539 -0.913805 128 128 128
1.73076 -0.170022 -0.915265 128 128 128
1.73202 -0.191641 -0.917211 128 128 128
1.73127 -0.213099 -0.918184 128 128 128
1.72593 -0.23397 -0.916724 128 128 128
1.72811 -0.255913 -0.919643 128 128 128
1.71622 -0.275693 -0.914778 128 128 128
1.74024 -0.301575 -0.930346 128 128 128
1.75015 -0.325497 -0.93813 128 128 128
1.76229 -0.350225 -0.947373 128 128 128
1.75445 -0.371093 -0.945427 128 128 128
1.75572 -0.393948 -0.948833 128 128 128
1.7584 -0.417298 -0.953211 128 128 128
1.75993 -0.440559 -0.957103 128 128 128
1.76452 -0.464817 -0.962941 128 128 128
1.76962 -0.48949 -0.969265 128 128 128
1.76767 -0.512395 -0.971697 128 128 128
1.77128 -0.537115 -0.977535 128 128 128
1.77205 -0.561202 -0.981914 128 128 128
1.76834 -0.584009 -0.98386 128 128 128
1.7693 -0.608526 -0.988724 128 128 128
1.76827 -0.632562 -0.992616 128 128 128
1.76447 -0.655745 -0.995049 128 128 128
1.76362 -0.680195 -0.999427 128 128 128
1.78107 -0.712226 -1.01499 128 128 128
1.78026 -0.737391 -1.01986 128 128 128
1.77589 -0.761258 -1.02278 128 128 128
1.7736 -0.786196 -1.02716 128 128 128
1.75668 -0.804611 -1.02278 128 128 128
1.77113 -0.837743 -1.03786 128 128 128
1.75993 -0.859029 -1.03737 128 128 128
1.74536 -0.878589 -1.03494 128 128 128
1.74297 -0.904386 -1.04029 128 128 128
1.72712 -0.923225 -1.03737 128 128 128
1.71337 -0.943081 -1.03591 128 128 128
1.81358 -1.11802 -1.13321 128 128 128
1.6899 -1.07029 -1.06072 128 128 128
1.74207 -1.39512 -1.18964 128 128 128
1.73089 -1.42139 -1.19402 128 128 128
1.72466 -1.45211 -1.20229 128 128 128
1.71071 -1.51373 -1.21883 128 128 128
1.6933 -1.53579 -1.21981 128 128 128
1.68199 -1.5636 -1.22564 128 128 128
1.67025 -1.59137 -1.23148 128 128 128
1.66245 -1.62337 -1.24073 128 128 128
1.61836 -1.6195 -1.22175 128 128 128
1.66837 -1.71131 -1.2777 128 128 128
1.63222 -1.7158 -1.26554 128 128 128
1.61638 -1.74147 -1.26991 128 128 128
1.59957 -1.76637 -1.27381 128 128 128
1.58413 -1.79308 -1.27916 128 128 128
1.5768 -1.82961 -1.29181 128 128 128
1.55984 -1.85552 -1.29667 128 128 128
1.54303 -1.88197 -1.30202 128 128 128
1.5269 -1.90965 -1.30835 128 128 128
1.52157 -1.9517 -1.32489 128 128 128
1.507 -1.98276 -1.33364 128 128 128
1.49034 -2.01165 -1.34094 128 128 128
1.47269 -2.03972 -1.34775 128 128 128
1.45808 -2.07266 -1.35797 128 128 128
1.44337 -2.10627 -1.36867 128 128 128
1.4237 -2.13328 -1.375 128 128 128
1.40691 -2.16526 -1.38473 128 128 128
1.37651 -2.17645 -1.38083 128 128 128
1.30336 -2.23924 -1.38959 128 128 128
1.3028 -2.30302 -1.42024 128 128 128
1.28661 -2.34106 -1.43435 128 128 128
1.26598 -2.3721 -1.44408 128 128 128
1.2492 -2.41153 -1.45916 128 128 128
1.18115 -2.50173 -1.48737 128 128 128
1.14747 -2.50968 -1.48348 128 128 128
1.11975 -2.53077 -1.48786 128 128 128
1.08964 -2.54673 -1.48932 128 128 128
1.07393 -2.59788 -1.51219 128 128 128
1.04036 -2.6068 -1.50975 128 128 128
1.02048 -2.65119 -1.52873 128 128 128
1.00693 -2.71515 -1.55937 128 128 128
0.967982 -2.71166 -1.55013 128 128 128
0.942257 -2.74566 -1.56327 128 128 128
0.908764 -2.75785 -1.56375 128 128 128
0.877735 -2.77796 -1.5691 128 128 128
0.852641 -2.81864 -1.58662 128 128 128
0.823058 -2.84652 -1.59683 128 128 128
0.794999 -2.88169 -1.61143 128 128 128
0.762225 -2.90137 -1.61727 128 128 128
0.722146 -2.8927 -1.60705 128 128 128
0.689593 -2.9141 -1.61435 128 128 128
0.656433 -2.93428 -1.62116 128 128 128
0.637562 -3.02421 -1.66786 128 128 128
0.601076 -3.03524 -1.66981 128 128 128
0.561888 -3.03207 -1.66397 128 128 128
0.527291 -3.05424 -1.67273 128 128 128
0.492782 -3.07946 -1.68343 128 128 128
0.458868 -3.11208 -1.69851 128 128 128
0.421338 -3.12267 -1.70143 128 128 128
0.383511 -3.13194 -1.70386 128 128 128
0.345709 -3.14249 -1.70727 128 128 128
0.308625 -3.16215 -1.71602 128 128 128
0.270455 -3.17354 -1.7204 128 128 128
0.229932 -3.15483 -1.70824 128 128 128
0.192336 -3.1766 -1.71894 128 128 128
0.154812 -3.21014 -1.73646 128 128 128
0.117459 -3.27118 -1.76954 128 128 128
0.0370579 -3.26434 -1.76467 128 128 128
-0.00297773 -3.25319 -1.75835 128 128 128
-0.0427849 -3.24505 -1.75397 128 128 128
-0.0831419 -3.26436 -1.76516 128 128 128
-0.161695 -1.32211 -0.688561 128 128 128
-2.90461 -2.96962 -2.25992 128 128 128
-3.03985 -2.88714 -2.28132 128 128 128
-3.10456 -2.8769 -2.3037 128 128 128
-3.11563 -2.81693 -2.2857 128 128 128
-3.14668 -2.7756 -2.28327 128 128 128
-3.1805 -2.73678 -2.28327 128 128 128
-3.21452 -2.6981 -2.28376 128 128 128
-3.23927 -2.65182 -2.27792 128 128 128
-3.27157 -2.61187 -2.27792 128 128 128
-3.28395 -2.42949 -2.22148 128 128 128
-3.31422 -2.38952 -2.22197 128 128 128
-3.34043 -2.34667 -2.22003 128 128 128
-3.3531 -2.29466 -2.20932 128 128 128
-3.42248 -2.28091 -2.23705 128 128 128
-3.46836 -2.13148 -2.2137 128 128 128
-3.51152 -2.09904 -2.22489 128 128 128
-3.52038 -2.04615 -2.21419 128 128 128
-3.54294 -2.00151 -2.21273 128 128 128
-3.43696 -1.88656 -2.13002 128 128 128
-3.61657 -1.81509 -2.20008 128 128 128
-3.61814 -1.76066 -2.18743 128 128 128
-3.71041 -1.53182 -2.18208 128 128 128
-3.69888 -1.47423 -2.16408 128 128 128
-3.73628 -1.43623 -2.17575 128 128 128
-3.76427 -1.39421 -2.18208 128 128 128
-3.73417 -1.33124 -2.15435 128 128 128
-3.70806 -1.27092 -2.12954 128 128 128
-3.81055 -1.2539 -2.18062 128 128 128
-2.70505 1.06763 -1.66904 128 128 128
-2.50332 1.246 -1.60277 128 128 128
-2.55292 1.30998 -1.6461 128 128 128
-2.50166 1.32273 -1.62265 128 128 128
-2.4671 1.34346 -1.61041 128 128 128
-2.41965 1.35641 -1.58951 128 128 128
-2.36332 1.36323 -1.56249 128 128 128
-2.32865 1.38161 -1.55026 128 128 128
-2.3005 1.40337 -1.54261 128 128 128
-2.28675 1.43377 -1.54516 128 128 128
-2.25524 1.45288 -1.53547 128 128 128
-2.22145 1.47001 -1.52426 128 128 128
-2.18473 1.4846 -1.511 128 128 128
-2.14588 1.49704 -1.49622 128 128 128
-2.08536 1.49323 -1.46563 128 128 128
-2.00617 1.51239 -1.43454 128 128 128
-1.99835 1.54531 -1.44269 128 128 128
-1.96373 1.55743 -1.43097 128 128 128
-1.93512 1.57382 -1.42383 128 128 128
-1.89913 1.58368 -1.41109 128 128 128
-1.86647 1.59569 -1.40089 128 128 128
-0.242828 1.4713 -0.829412 128 128 128
-0.22371 1.46737 -0.825334 128 128 128
-0.201365 1.43933 -0.806982 128 128 128
-0.186098 1.46047 -0.818197 128 128 128
-0.171234 1.48913 -0.834001 128 128 128
-0.151441 1.47658 -0.825334 128 128 128
-0.134012 1.48603 -0.829922 128 128 128
-0.11455 1.47213 -0.820746 128 128 128
-0.0963046 1.47085 -0.819217 128 128 128
-0.0784338 1.47536 -0.821256 128 128 128
-0.0600712 1.47019 -0.817687 128 128 128
-0.0427372 1.49489 -0.831961 128 128 128
-0.0249991 1.53057 -0.852863 128 128 128
-0.00626223 1.54023 -0.858471 128 128 128
0.0126018 1.53503 -0.855412 128 128 128
0.0312868 1.52702 -0.850824 128 128 128
0.0498865 1.52222 -0.848275 128 128 128
0.0686385 1.52321 -0.849294 128 128 128
0.0862112 1.5025 -0.837569 128 128 128
0.105409 1.51248 -0.844196 128 128 128
0.123267 1.5025 -0.839099 128 128 128
0.140735 1.4906 -0.832981 128 128 128
0.158021 1.47935 -0.827373 128 128 128
0.193498 1.46905 -0.823805 128 128 128
0.211998 1.46997 -0.825844 128 128 128
0.229492 1.46386 -0.823805 128 128 128
0.247438 1.46093 -0.823805 128 128 128
0.380473 1.46764 -0.844196 128 128 128
0.393273 1.44376 -0.832471 128 128 128
0.412845 1.44545 -0.83655 128 128 128
0.421464 1.40976 -0.817687 128 128 128
0.435408 1.39381 -0.81106 128 128 128
0.450619 1.38263 -0.807491 128 128 128
0.473895 1.39574 -0.819217 128 128 128
0.498989 1.41254 -0.833491 128 128 128
0.51599 1.4055 -0.832981 128 128 128
0.528004 1.38539 -0.824315 128 128 128
0.544965 1.37881 -0.824315 128 128 128
0.561844 1.37202 -0.824315 128 128 128
0.404784 0.953764 -0.559732 128 128 128
0.342008 0.778467 -0.449617 128 128 128
0.351181 0.773428 -0.449107 128 128 128
0.366104 0.780753 -0.456754 128 128 128
0.692816 1.30882 -0.823295 128 128 128
0.703893 1.29115 -0.817177 128 128 128
0.720945 1.28467 -0.818707 128 128 128
0.723772 1.25336 -0.803413 128 128 128
0.735151 1.23772 -0.798825 128 128 128
0.763265 1.24991 -0.813609 128 128 128
0.782199 1.24629 -0.817687 128 128 128
0.7979 1.23732 -0.818197 128 128 128
0.80828 1.22026 -0.813099 128 128 128
0.826092 1.21452 -0.816158 128 128 128
0.83995 1.20288 -0.815138 128 128 128
0.854148 1.19178 -0.814628 128 128 128
0.868708 1.18121 -0.814628 128 128 128
0.883138 1.17046 -0.814628 128 128 128
0.895331 1.15681 -0.812589 128 128 128
0.90946 1.14573 -0.812589 128 128 128
0.922909 1.13382 -0.81208 128 128 128
0.937854 1.12373 -0.813099 128 128 128
0.952132 1.11279 -0.813609 128 128 128
0.965716 1.10102 -0.813609 128 128 128
0.978006 1.08781 -0.812589 128 128 128
0.992446 1.07699 -0.813609 128 128 128
1.00559 1.06473 -0.813609 128 128 128
1.01081 1.04427 -0.806982 128 128 128
1.02694 1.01009 -0.799335 128 128 128
1.05352 1.01113 -0.81106 128 128 128
1.07024 1.00224 -0.814628 128 128 128
1.08373 0.990195 -0.815648 128 128 128
1.08489 0.967079 -0.806982 128 128 128
1.10122 0.957649 -0.81055 128 128 128
1.1142 0.945178 -0.81157 128 128 128
1.1277 0.933081 -0.813099 128 128 128
1.121 0.904567 -0.799335 128 128 128
1.12172 0.860529 -0.783531 128 128 128
1.15669 0.779531 -0.772316 128 128 128
1.07848 0.707602 -0.710121 128 128 128
1.28634 0.653954 -0.800864 128 128 128
1.30584 0.643838 -0.808511 128 128 128
1.31364 0.627764 -0.808511 128 128 128
1.32046 0.611235 -0.808001 128 128 128
1.42688 0.439135 -0.830432 128 128 128
1.43959 0.423786 -0.83502 128 128 128
1.45544 0.409125 -0.841648 128 128 128
1.47115 0.394138 -0.848275 128 128 128
1.48421 0.378187 -0.853373 128 128 128
1.51048 0.365223 -0.866627 128 128 128
1.54168 0.352826 -0.882941 128 128 128
1.5812 0.341541 -0.904352 128 128 128
1.57684 0.320391 -0.899254 128 128 128
1.58404 0.301663 -0.901293 128 128 128
1.58254 0.281294 -0.898234 128 128 128
1.58842 0.262275 -0.899764 128 128 128
1.59917 0.243938 -0.904352 128 128 128
1.59863 0.223815 -0.902313 128 128 128
1.66688 0.0478228 -0.93392 128 128 128
1.66304 0.0272896 -0.931371 128 128 128
1.6839 0.00698314 -0.943606 128 128 128
1.70794 -0.0138561 -0.95788 128 128 128
1.6999 -0.034663 -0.953292 128 128 128
1.70795 -0.0557943 -0.95839 128 128 128
1.68823 -0.0759154 -0.947174 128 128 128
1.70263 -0.0974988 -0.956351 128 128 128
1.70903 -0.118916 -0.960939 128 128 128
1.70916 -0.140019 -0.961959 128 128 128
1.70816 -0.161062 -0.962468 128 128 128
1.70349 -0.18174 -0.960939 128 128 128
1.72411 -0.226836 -0.976233 128 128 128
1.72886 -0.249074 -0.980821 128 128 128
1.73928 -0.27239 -0.988977 128 128 128
1.73326 -0.293284 -0.987448 128 128 128
1.75238 -0.318669 -1.00121 128 128 128
1.7475 -0.339986 -1.0007 128 128 128
1.7373 -0.360187 -0.997134 128 128 128
1.75375 -0.386086 -1.00988 128 128 128
1.75978 -0.410108 -1.01651 128 128 128
1.75211 -0.431058 -1.01498 128 128 128
1.75751 -0.455322 -1.0216 128 128 128
1.75428 -0.477531 -1.02313 128 128 128
1.74829 -0.499023 -1.02313 128 128 128
1.75193 -0.523387 -1.02925 128 128 128
1.74948 -0.546125 -1.0318 128 128 128
1.74429 -0.568084 -1.03282 128 128 128
1.73963 -0.590274 -1.03435 128 128 128
1.7355 -0.61272 -1.03639 128 128 128
1.66726 -0.611794 -0.998154 128 128 128
1.68931 -0.867392 -1.07105 128 128 128
1.74168 -0.9214 -1.11337 128 128 128
1.79826 -0.979697 -1.15925 128 128 128
1.80337 -1.01136 -1.17097 128 128 128
1.72919 -1.2385 -1.20615 128 128 128
1.71039 -1.25708 -1.2036 128 128 128
1.74235 -1.34758 -1.25101 128 128 128
1.69916 -1.48929 -1.28466 128 128 128
1.68716 -1.51577 -1.28975 128 128 128
1.67286 -1.54044 -1.29332 128 128 128
1.65696 -1.5638 -1.29587 128 128 128
1.69148 -1.63602 -1.34022 128 128 128
1.63276 -1.61852 -1.30811 128 128 128
1.62908 -1.65498 -1.32187 128 128 128
1.6164 -1.6829 -1.3285 128 128 128
1.60387 -1.7114 -1.33564 128 128 128
1.58972 -1.73856 -1.34175 128 128 128
1.5803 -1.77141 -1.35246 128 128 128
1.57087 -1.80494 -1.36367 128 128 128
1.55919 -1.83654 -1.37336 128 128 128
1.54532 -1.86613 -1.38152 128 128 128
1.53475 -1.90034 -1.39324 128 128 128
1.5209 -1.93119 -1.40242 128 128 128
1.50495 -1.95994 -1.41007 128 128 128
1.48698 -1.98652 -1.41618 128 128 128
1.47619 -2.02338 -1.42995 128 128 128
1.45674 -2.04905 -1.43556 128 128 128
1.43688 -2.07455 -1.44116 128 128 128
1.41516 -2.09773 -1.44524 128 128 128
0.82159 -2.78606 -1.667 128 128 128
0.793647 -2.81828 -1.68077 128 128 128
0.763471 -2.84443 -1.69096 128 128 128
0.733838 -2.87442 -1.70371 128 128 128
0.703584 -2.90411 -1.71645 128 128 128
0.666737 -2.90749 -1.71339 128 128 128
0.63046 -2.91293 -1.71186 128 128 128
0.601377 -2.95332 -1.73174 128 128 128
0.570426 -2.98836 -1.74857 128 128 128
0.537797 -3.01801 -1.76233 128 128 128
0.504245 -3.04559 -1.77508 128 128 128
0.46892 -3.06516 -1.78323 128 128 128
0.432471 -3.0792 -1.78833 128 128 128
0.393337 -3.07404 -1.78221 128 128 128
0.353999 -3.06496 -1.77406 128 128 128
-2.70234 -2.79533 -2.24969 128 128 128
-2.62749 -2.65191 -2.15793 128 128 128
-2.94728 -2.76356 -2.33993 128 128 128
-2.97209 -2.71905 -2.33279 128 128 128
-3.02962 -2.70415 -2.35216 128 128 128
-3.0483 -2.65433 -2.34095 128 128 128
-3.08327 -2.61896 -2.34299 128 128 128
-3.13372 -2.5963 -2.35726 128 128 128
-3.1796 -2.50529 -2.34452 128 128 128
-3.21761 -2.47185 -2.35012 128 128 128
-3.24151 -2.42754 -2.34553 128 128 128
-3.2773 -2.39214 -2.35012 128 128 128
-3.298 -2.34576 -2.34401 128 128 128
-3.35199 -2.32276 -2.36236 128 128 128
-3.28614 -2.21789 -2.29507 128 128 128
-3.38067 -2.22183 -2.34299 128 128 128
-3.41058 -2.18204 -2.34503 128 128 128
-3.42688 -2.13365 -2.33789 128 128 128
-3.45059 -2.0901 -2.33636 128 128 128
-2.35026 1.42301 -1.66125 128 128 128
-2.29449 1.42793 -1.63317 128 128 128
-2.23897 1.4317 -1.60509 128 128 128
-2.23468 1.46794 -1.61516 128 128 128
-2.19824 1.48289 -1.60139 128 128 128
-2.16316 1.49813 -1.58867 128 128 128
-2.13357 1.51669 -1.58019 128 128 128
-2.09837 1.53073 -1.56748 128 128 128
-2.05705 1.53955 -1.55 128 128 128
-2.01247 1.54501 -1.52987 128 128 128
-1.95078 1.53593 -1.49596 128 128 128
-1.92519 1.55442 -1.49066 128 128 128
-1.91445 1.58497 -1.49755 128 128 128
-1.88195 1.59735 -1.48695 128 128 128
-1.85006 1.60972 -1.47689 128 128 128
-1.81753 1.62099 -1.46629 128 128 128
-1.78938 1.63572 -1.45941 128 128 128
-1.73766 1.62792 -1.43239 128 128 128
-1.68091 1.61381 -1.4006 128 128 128
-1.66279 1.6361 -1.40219 128 128 128
-1.64438 1.65819 -1.40378 128 128 128
-1.55621 1.60802 -1.34286 128 128 128
-1.54043 1.63132 -1.34657 128 128 128
-1.40681 1.60387 -1.2777 128 128 128
-0.406777 1.41897 -0.867123 128 128 128
-0.383023 1.47206 -0.8952 128 128 128
-0.3506 1.49755 -0.905796 128 128 128
-0.251668 1.59807 -0.955594 128 128 128
-0.182907 1.52285 -0.903147 128 128 128
-0.144388 1.51506 -0.89573 128 128 128
-0.12592 1.51841 -0.89679 128 128 128
-0.107678 1.52576 -0.900498 128 128 128
-0.0882435 1.51427 -0.892552 128 128 128
-0.0693265 1.50761 -0.887784 128 128 128
-0.0514197 1.52784 -0.899968 128 128 128
-0.0317907 1.48087 -0.870301 128 128 128
-0.0134429 1.45316 -0.852819 128 128 128
0.00451474 1.47357 -0.865533 128 128 128
0.0222858 1.45645 -0.854938 128 128 128
0.0404169 1.46454 -0.860236 128 128 128
0.0584224 1.46478 -0.860765 128 128 128
0.0759253 1.45549 -0.855468 128 128 128
0.0928088 1.44006 -0.846462 128 128 128
0.110001 1.4329 -0.842753 128 128 128
0.129057 1.44748 -0.852819 128 128 128
0.147781 1.45507 -0.858646 128 128 128
0.163456 1.43461 -0.846991 128 128 128
0.180613 1.42914 -0.844872 128 128 128
0.19599 1.4117 -0.835336 128 128 128
0.21291 1.40667 -0.833747 128 128 128
0.232534 1.41817 -0.842753 128 128 128
0.243015 1.37681 -0.818384 128 128 128
0.265664 1.40371 -0.837455 128 128 128
0.276901 1.37127 -0.818913 128 128 128
0.293346 1.36611 -0.817854 128 128 128
0.317533 1.39463 -0.838515 128 128 128
0.335226 1.39311 -0.840104 128 128 128
0.359896 1.41846 -0.859176 128 128 128
0.373958 1.40165 -0.851229 128 128 128
0.392517 1.40185 -0.854408 128 128 128
0.412585 1.40669 -0.860765 128 128 128
0.427807 1.39504 -0.856527 128 128 128
0.442805 1.38323 -0.852289 128 128 128
0.46354 1.38894 -0.859706 128 128 128
0.469598 1.35194 -0.839045 128 128 128
0.494581 1.36918 -0.854408 128 128 128
0.526963 1.40425 -0.881956 128 128 128
0.536405 1.37795 -0.868712 128 128 128
0.551355 1.36655 -0.865533 128 128 128
0.561826 1.34483 -0.855468 128 128 128
0.33834 0.787372 -0.48039 128 128 128
0.345189 0.776974 -0.476151 128 128 128
0.355056 0.773449 -0.476681 128 128 128
0.615383 1.29118 -0.838515 128 128 128
0.645871 1.31316 -0.859176 128 128 128
0.658463 1.29834 -0.854408 128 128 128
0.669209 1.28041 -0.847521 128 128 128
0.685276 1.27285 -0.848051 128 128 128
0.707046 1.27545 -0.855997 128 128 128
0.72518 1.27109 -0.859176 128 128 128
0.740723 1.26209 -0.859176 128 128 128
0.749108 1.24131 -0.8507 128 128 128
0.761589 1.22771 -0.847521 128 128 128
0.794464 1.24611 -0.868182 128 128 128
0.798491 1.21927 -0.855468 128 128 128
0.811491 1.20657 -0.853349 128 128 128
0.826237 1.19652 -0.853349 128 128 128
0.838888 1.18353 -0.851229 128 128 128
0.855352 1.17588 -0.853349 128 128 128
0.86768 1.16259 -0.851229 128 128 128
0.882399 1.15252 -0.851759 128 128 128
0.895424 1.14028 -0.8507 128 128 128
0.907748 1.12723 -0.84911 128 128 128
0.923138 1.11796 -0.8507 128 128 128
0.937888 1.10784 -0.851759 128 128 128
0.952528 1.09752 -0.852819 128 128 128
0.967056 1.08701 -0.853878 128 128 128
0.979749 1.07444 -0.853349 128 128 128
0.99286 1.06234 -0.853349 128 128 128
1.007 1.05129 -0.854408 128 128 128
1.01923 1.03825 -0.853878 128 128 128
1.02164 1.01554 -0.844872 128 128 128
1.0444 1.01293 -0.853878 128 128 128
1.03513 0.979698 -0.835336 128 128 128
1.0652 0.983552 -0.8507 128 128 128
1.07845 0.971538 -0.851759 128 128 128
1.09157 0.959346 -0.852819 128 128 128
1.09293 0.937078 -0.844342 128 128 128
1.14022 0.95341 -0.87348 128 128 128
1.12614 0.918519 -0.852819 128 128 128
1.09674 0.872549 -0.820503 128 128 128
1.1199 0.825577 -0.814146 128 128 128
1.09456 0.766376 -0.77971 128 128 128
1.12073 0.7643 -0.792425 128 128 128
1.14272 0.738856 -0.795074 128 128 128
1.20054 0.714853 -0.817854 128 128 128
1.11803 0.647665 -0.752162 128 128 128
1.19328 0.671529 -0.800371 128 128 128
1.20889 0.660879 -0.805669 128 128 128
1.17939 0.626232 -0.779181 128 128 128
1.17943 0.607852 -0.773883 128 128 128
1.25215 0.62573 -0.819443 128 128 128
1.20946 0.567966 -0.77971 128 128 128
1.29212 0.587232 -0.831628 128 128 128
1.29145 0.567942 -0.82633 128 128 128
1.31318 0.55831 -0.836396 128 128 128
1.31443 0.539915 -0.832688 128 128 128
1.32727 0.526225 -0.836926 128 128 128
1.33918 0.512 -0.840634 128 128 128
1.33261 0.490878 -0.832158 128 128 128
1.33214 0.472241 -0.82792 128 128 128
1.35551 0.46182 -0.839575 128 128 128
1.3522 0.442279 -0.833747 128 128 128
1.37616 0.43143 -0.845932 128 128 128
1.39354 0.418128 -0.853878 128 128 128
1.40673 0.403308 -0.859176 128 128 128
1.42386 0.389334 -0.867123 128 128 128
1.45071 0.377533 -0.881426 128 128 128
1.45358 0.3593 -0.880367 128 128 128
1.46697 0.343535 -0.886194 128 128 128
1.48351 0.328219 -0.894141 128 128 128
1.48161 0.308795 -0.890433 128 128 128
1.50111 0.293638 -0.900498 128 128 128
1.5046 0.275195 -0.900498 128 128 128
1.48026 0.252093 -0.883016 128 128 128
1.52012 0.239613 -0.906326 128 128 128
1.49188 0.216526 -0.886724 128 128 128
1.4776 0.196021 -0.876129 128 128 128
1.46557 0.176196 -0.867123 128 128 128
1.45581 0.156962 -0.859706 128 128 128
1.61655 0.0342938 -0.955065 128 128 128
1.60498 0.0143803 -0.947648 128 128 128
1.5974 -0.00526981 -0.94288 128 128 128
1.59976 -0.0249187 -0.944469 128 128 128
1.60442 -0.0447043 -0.947648 128 128 128
1.64951 -0.0663544 -0.976255 128 128 128
1.63502 -0.0858429 -0.967779 128 128 128
1.65838 -0.107559 -0.983143 128 128 128
1.66539 -0.128577 -0.98844 128 128 128
1.64004 -0.146822 -0.973607 128 128 128
1.7444 -0.17806 -1.04036 128 128 128
1.71597 -0.196396 -1.02393 128 128 128
1.71511 -0.217657 -1.02499 128 128 128
1.68292 -0.234513 -1.00645 128 128 128
1.68411 -0.255795 -1.0091 128 128 128
1.68921 -0.277841 -1.0144 128 128 128
1.68818 -0.299 -1.01599 128 128 128
1.71936 -0.326427 -1.03824 128 128 128
1.69529 -0.343409 -1.02552 128 128 128
1.70669 -0.367621 -1.03559 128 128 128
1.69792 -0.387582 -1.03294 128 128 128
1.68891 -0.407384 -1.03029 128 128 128
1.69036 -0.429768 -1.03453 128 128 128
1.68741 -0.451142 -1.03612 128 128 128
1.68583 -0.472971 -1.03877 128 128 128
1.68722 -0.495794 -1.04354 128 128 128
1.69397 -0.52048 -1.05201 128 128 128
1.69472 -0.543578 -1.05678 128 128 128
1.69997 -0.568398 -1.06473 128 128 128
1.69447 -0.589778 -1.06579 128 128 128
1.69507 -0.613433 -1.07108 128 128 128
1.68583 -0.633588 -1.07003 128 128 128
1.56109 -0.608339 -0.991619 128 128 128
1.60054 -0.888565 -1.08857 128 128 128
1.67776 -0.958844 -1.15214 128 128 128
1.66149 -0.976771 -1.14896 128 128 128
1.63633 -0.989158 -1.13942 128 128 128
1.62766 -1.01141 -1.14207 128 128 128
1.55153 -1.10144 -1.1336 128 128 128
1.56185 -1.13793 -1.15214 128 128 128
1.71614 -1.42019 -1.3365 128 128 128
1.68439 -1.53939 -1.37041 128 128 128
1.66043 -1.55529 -1.36617 128 128 128
1.64427 -1.57849 -1.36882 128 128 128
1.62055 -1.59438 -1.36511 128 128 128
1.61946 -1.71535 -1.41861 128 128 128
1.59026 -1.72634 -1.4112 128 128 128
1.57857 -1.75647 -1.4202 128 128 128
1.56973 -1.7904 -1.43239 128 128 128
1.54599 -1.80759 -1.4308 128 128 128
1.54429 -1.85121 -1.45093 128 128 128
1.52573 -1.8753 -1.45517 128 128 128
1.51891 -1.91451 -1.47159 128 128 128
1.4984 -1.93703 -1.47477 128 128 128
1.48522 -1.96951 -1.4859 128 128 128
1.46795 -1.99717 -1.49331 128 128 128
1.44974 -2.02401 -1.5002 128 128 128
1.42866 -2.04722 -1.50444 128 128 128
1.41199 -2.07724 -1.51397 128 128 128
1.38967 -2.09937 -1.51768 128 128 128
1.37892 -2.13981 -1.53516 128 128 128
1.36064 -2.16952 -1.5447 128 128 128
1.3511 -2.21432 -1.56536 128 128 128
1.27819 -2.27958 -1.57755 128 128 128
1.26347 -2.3197 -1.59503 128 128 128
1.24123 -2.34704 -1.6035 128 128 128
1.20616 -2.35001 -1.59503 128 128 128
1.12424 -2.48368 -1.64801 128 128 128
1.09029 -2.48952 -1.64271 128 128 128
1.08799 -2.56993 -1.68827 128 128 128
1.05317 -2.57523 -1.68297 128 128 128
1.02676 -2.60138 -1.69198 128 128 128
1.00017 -2.62806 -1.70151 128 128 128
0.97133 -2.6497 -1.70787 128 128 128
0.946324 -2.68302 -1.72217 128 128 128
0.920375 -2.71533 -1.73595 128 128 128
0.886984 -2.72642 -1.73595 128 128 128
0.486568 -2.88227 -1.77091 128 128 128
-3.17331 -2.5778 -2.49882 128 128 128
-3.19739 -2.53288 -2.49299 128 128 128
-3.26652 -2.52296 -2.52319 128 128 128
-3.25791 -2.45314 -2.49246 128 128 128
-3.24671 -2.38291 -2.46067 128 128 128
-3.27018 -2.33895 -2.45644 128 128 128
-3.31744 -2.31172 -2.47074 128 128 128
-3.34626 -2.27131 -2.47127 128 128 128
-3.32432 -2.19739 -2.43419 128 128 128
-3.35246 -2.15735 -2.43525 128 128 128
-3.3535 -2.10032 -2.4167 128 128 128
-3.37033 -2.05372 -2.41035 128 128 128
-3.38652 -2.00703 -2.40399 128 128 128
-3.39324 -1.95517 -2.39127 128 128 128
-3.40735 -1.90801 -2.38439 128 128 128
-3.42753 -1.86444 -2.38227 128 128 128
-2.17144 -1.14874 -1.47954 128 128 128
-2.20733 -1.09925 -1.48537 128 128 128
-1.31577 -0.0125946 -0.766996 128 128 128
-0.15496 1.49308 -0.939662 128 128 128
-0.117208 1.48314 -0.930817 128 128 128
-0.0974225 1.46119 -0.915338 128 128 128
-0.0780095 1.43565 -0.897648 128 128 128
-0.0608523 1.44732 -0.904835 128 128 128
-0.0426508 1.4338 -0.895437 128 128 128
-0.0252377 1.44421 -0.902071 128 128 128
-0.00733633 1.41608 -0.883275 128 128 128
0.0100468 1.4169 -0.883828 128 128 128
0.0272353 1.40584 -0.876641 128 128 128
0.0446379 1.4104 -0.879958 128 128 128
0.0620493 1.41224 -0.881617 128 128 128
0.0796505 1.41636 -0.884933 128 128 128
0.0941635 1.37288 -0.85674 128 128 128
0.295297 1.34746 -0.858951 128 128 128
0.317247 1.36728 -0.874983 128 128 128
0.323538 1.32038 -0.845684 128 128 128
0.340132 1.31792 -0.84679 128 128 128
0.366924 1.35307 -0.873877 128 128 128
0.382138 1.34365 -0.87056 128 128 128
0.395281 1.32768 -0.862821 128 128 128
0.424372 1.36412 -0.891567 128 128 128
0.473393 1.45871 -0.961221 128 128 128
0.475022 1.40462 -0.9275 128 128 128
0.49112 1.39554 -0.925289 128 128 128
0.501643 1.3714 -0.912574 128 128 128
0.519614 1.36826 -0.914785 128 128 128
0.537279 1.3641 -0.916444 128 128 128
0.385002 0.942153 -0.619032 128 128 128
0.327946 0.774555 -0.501836 128 128 128
0.337426 0.770472 -0.501836 128 128 128
0.356782 0.788307 -0.517868 128 128 128
0.653611 1.27593 -0.894884 128 128 128
0.678537 1.28551 -0.908151 128 128 128
0.694261 1.27709 -0.908151 128 128 128
0.698913 1.24883 -0.893226 128 128 128
0.716261 1.24377 -0.89599 128 128 128
0.732318 1.23632 -0.897095 128 128 128
0.752194 1.23508 -0.903176 128 128 128
0.76597 1.22363 -0.901518 128 128 128
0.769226 1.19591 -0.887145 128 128 128
0.787513 1.19194 -0.891567 128 128 128
0.810489 1.19461 -0.901518 128 128 128
0.823661 1.18252 -0.899859 128 128 128
0.836659 1.17029 -0.898201 128 128 128
0.84948 1.15792 -0.896542 128 128 128
0.862124 1.14541 -0.894884 128 128 128
0.877641 1.13672 -0.896542 128 128 128
0.896174 1.13175 -0.901518 128 128 128
0.908421 1.11872 -0.899859 128 128 128
0.921016 1.10621 -0.898754 128 128 128
0.933981 1.09419 -0.898201 128 128 128
0.946242 1.08139 -0.897095 128 128 128
0.962776 1.07342 -0.900412 128 128 128
0.964609 1.04925 -0.889356 128 128 128
1.10787 0.728827 -0.823572 128 128 128
1.09148 0.69897 -0.80367 128 128 128
1.08552 0.658122 -0.78598 128 128 128
1.26495 0.746108 -0.918102 128 128 128
1.27402 0.730529 -0.918102 128 128 128
1.27343 0.709557 -0.910915 128 128 128
1.34942 0.453562 -0.88825 128 128 128
1.66264 -1.45377 -1.409 128 128 128
1.63163 -1.4624 -1.39739 128 128 128
1.62584 -1.49358 -1.40844 128 128 128
1.591 -1.498 -1.39352 128 128 128
1.53479 -1.51786 -1.37583 128 128 128
1.61971 -1.6415 -1.47368 128 128 128
1.60349 -1.66545 -1.47755 128 128 128
1.58293 -1.685 -1.47755 128 128 128
1.5796 -1.72334 -1.49468 128 128 128
1.56723 -1.75252 -1.50353 128 128 128
1.55273 -1.77978 -1.51071 128 128 128
1.54429 -1.81456 -1.52453 128 128 128
1.53043 -1.84363 -1.53338 128 128 128
1.50664 -1.86097 -1.53227 128 128 128
1.49402 -1.8924 -1.54333 128 128 128
1.47781 -1.91983 -1.55107 128 128 128
1.46715 -1.95514 -1.56544 128 128 128
1.44305 -1.973 -1.56544 128 128 128
1.44245 -2.02379 -1.59253 128 128 128
1.42226 -2.04818 -1.59806 128 128 128
1.39609 -2.0641 -1.59695 128 128 128
1.27033 -2.2774 -1.67379 128 128 128
1.24228 -2.29281 -1.67379 128 128 128
1.21561 -2.31083 -1.676 128 128 128
1.16113 -2.41935 -1.7241 128 128 128
1.13698 -2.44551 -1.73294 128 128 128
1.10997 -2.46611 -1.73792 128 128 128
1.08862 -2.50017 -1.75284 128 128 128
-3.08021 -2.43298 -2.54779 128 128 128
-3.07485 -2.36804 -2.51849 128 128 128
-3.10035 -2.32763 -2.51572 128 128 128
-3.09372 -2.2638 -2.48698 128 128 128
-3.11042 -2.21792 -2.47813 128 128 128
-1.98548 1.46126 -1.6623 128 128 128
-0.296205 1.45186 -0.976471 128 128 128
-0.22534 1.46951 -0.979903 128 128 128
-0.185337 1.44367 -0.958167 128 128 128
-0.150916 1.45839 -0.965603 128 128 128
-0.0938208 1.41057 -0.928995 128 128 128
-0.0763787 1.40915 -0.927279 128 128 128
-0.0587004 1.40015 -0.920415 128 128 128
-0.0409736 1.38027 -0.906115 128 128 128
-0.0242289 1.39461 -0.915839 128 128 128
-0.00710864 1.39234 -0.914123 128 128 128
0.0101153 1.40544 -0.923275 128 128 128
0.0272124 1.39865 -0.918699 128 128 128
0.0446323 1.40559 -0.923847 128 128 128
0.0625755 1.41969 -0.934143 128 128 128
0.0804318 1.42618 -0.939291 128 128 128
0.099693 1.44963 -0.956451 128 128 128
0.116855 1.44094 -0.951303 128 128 128
0.134765 1.44185 -0.953019 128 128 128
0.156362 1.47596 -0.978187 128 128 128
0.172682 1.45928 -0.967891 128 128 128
0.196349 1.50014 -0.998208 128 128 128
0.262915 1.35812 -0.907831 128 128 128
0.29581 1.34966 -0.906687 128 128 128
0.311221 1.34113 -0.903255 128 128 128
0.321126 1.31095 -0.884379 128 128 128
0.341683 1.26075 -0.854063 128 128 128
0.363763 1.22293 -0.832899 128 128 128
0.389826 1.25358 -0.858639 128 128 128
0.402621 1.24091 -0.852919 128 128 128
0.422066 1.24829 -0.862071 128 128 128
0.449175 1.27625 -0.886667 128 128 128
0.496939 1.35758 -0.951303 128 128 128
0.492407 1.29624 -0.910119 128 128 128
0.512824 1.30153 -0.918699 128 128 128
0.523132 1.28149 -0.908403 128 128 128
0.528843 1.25158 -0.890671 128 128 128
0.466177 1.03373 -0.733942 128 128 128
0.555337 1.19045 -0.859211 128 128 128
0.543021 1.12822 -0.816311 128 128 128
0.560132 1.12807 -0.821459 128 128 128
0.613835 1.19836 -0.882091 128 128 128
0.685142 1.29718 -0.966175 128 128 128
0.682481 1.25486 -0.939291 128 128 128
0.697828 1.24639 -0.939291 128 128 128
0.720071 1.2498 -0.949015 128 128 128
0.723582 1.22115 -0.932999 128 128 128
0.692177 1.13667 -0.871223 128 128 128
0.764709 1.22106 -0.947871 128 128 128
0.767592 1.193 -0.932427 128 128 128
0.788082 1.19236 -0.939863 128 128 128
0.79849 1.17651 -0.934715 128 128 128
0.797321 1.14446 -0.915839 128 128 128
0.817536 1.14325 -0.923275 128 128 128
0.836379 1.13972 -0.928995 128 128 128
0.851788 1.13134 -0.930711 128 128 128
0.866614 1.12209 -0.931855 128 128 128
0.881342 1.11266 -0.932999 128 128 128
0.894929 1.10176 -0.932999 128 128 128
0.906274 1.08818 -0.930711 128 128 128
0.91956 1.07697 -0.930711 128 128 128
0.927284 1.05945 -0.924991 128 128 128
0.942414 1.05043 -0.927279 128 128 128
0.960806 1.04481 -0.932999 128 128 128
0.970168 1.02937 -0.929567 128 128 128
0.980439 1.01503 -0.927279 128 128 128
0.992242 1.00234 -0.926707 128 128 128
0.913632 0.901134 -0.838047 128 128 128
0.880736 0.847921 -0.795719 128 128 128
0.930672 0.873967 -0.833471 128 128 128
0.957103 0.876831 -0.848343 128 128 128
0.991717 0.886253 -0.870651 128 128 128
0.957869 0.835361 -0.829467 128 128 128
1.02303 0.848629 -0.870079 128 128 128
1.00029 0.789377 -0.831755 128 128 128
0.981855 0.736672 -0.799151 128 128 128
1.0207 0.746244 -0.824891 128 128 128
0.958782 0.683469 -0.764258 128 128 128
1.11377 0.73294 -0.872939 128 128 128
1.16144 0.743862 -0.904971 128 128 128
1.14677 0.71488 -0.885523 128 128 128
1.18357 0.717673 -0.908403 128 128 128
1.24325 0.732925 -0.949587 128 128 128
1.20367 0.690033 -0.910691 128 128 128
1.28671 0.716478 -0.970179 128 128 128
1.28457 0.694815 -0.961599 128 128 128
1.30318 0.684306 -0.969607 128 128 128
1.17972 0.601641 -0.866647 128 128 128
1.17931 0.565467 -0.855207 128 128 128
1.24428 0.577701 -0.899823 128 128 128
1.25877 0.565726 -0.905543 128 128 128
1.21288 0.527518 -0.865503 128 128 128
1.2483 0.489043 -0.878087 128 128 128
1.29724 0.453763 -0.901539 128 128 128
1.306 0.403552 -0.896391 128 128 128
1.32499 0.374022 -0.903255 128 128 128
1.32473 0.356471 -0.899823 128 128 128
1.29321 0.331154 -0.874083 128 128 128
1.34185 0.325954 -0.906115 128 128 128
1.32975 0.305839 -0.894675 128 128 128
1.32217 0.2871 -0.886667 128 128 128
1.37546 0.280865 -0.922131 128 128 128
1.37961 0.264116 -0.922703 128 128 128
1.3989 0.25 -0.934143 128 128 128
1.41158 0.234396 -0.941007 128 128 128
1.41841 0.217665 -0.943867 128 128 128
1.42828 0.201249 -0.949015 128 128 128
1.40623 0.180651 -0.931855 128 128 128
1.43116 0.165953 -0.947871 128 128 128
1.44452 0.149524 -0.955879 128 128 128
1.44216 0.131427 -0.953019 128 128 128
1.48538 0.116873 -0.982191 128 128 128
1.50716 0.0999309 -0.996492 128 128 128
1.51565 0.0818038 -1.00164 128 128 128
1.53621 0.0639585 -1.01537 128 128 128
1.54016 0.0451885 -1.01766 128 128 128
1.54306 0.0263196 -1.01937 128 128 128
1.54901 0.00739234 -1.02338 128 128 128
1.558 -0.0117113 -1.02967 128 128 128
1.49788 -0.0294684 -0.987911 128 128 128
1.50642 -0.0481632 -0.994204 128 128 128
1.50244 -0.0664907 -0.991916 128 128 128
1.5097 -0.0854111 -0.997636 128 128 128
1.53472 -0.105814 -1.01594 128 128 128
1.53821 -0.125053 -1.01937 128 128 128
1.57003 -0.147156 -1.04282 128 128 128
1.59828 -0.169702 -1.06399 128 128 128
1.5806 -0.187423 -1.05312 128 128 128
1.57656 -0.206587 -1.05198 128 128 128
1.56011 -0.223897 -1.04225 128 128 128
1.5378 -0.239933 -1.02852 128 128 128
1.59618 -0.269333 -1.072 128 128 128
1.50402 -0.272546 -1.00908 128 128 128
1.57782 -0.306204 -1.06399 128 128 128
1.65021 -0.341544 -1.11833 128 128 128
1.49682 -0.347897 -1.0148 128 128 128
1.60946 -0.395325 -1.09888 128 128 128
1.56368 -0.424924 -1.07314 128 128 128
1.59912 -0.477135 -1.10689 128 128 128
1.59079 -0.495984 -1.10517 128 128 128
1.59394 -0.518538 -1.11204 128 128 128
1.58125 -0.535936 -1.10746 128 128 128
1.5773 -0.600238 -1.12004 128 128 128
1.6157 -0.75552 -1.18697 128 128 128
1.63286 -0.788194 -1.20756 128 128 128
1.65827 -0.825811 -1.23502 128 128 128
1.5836 -0.888048 -1.20928 128 128 128
1.64565 -0.949824 -1.26819 128 128 128
1.64162 -0.974572 -1.27448 128 128 128
1.41141 -1.33259 -1.29679 128 128 128
1.56257 -1.51277 -1.45981 128 128 128
1.50883 -1.61161 -1.48269 128 128 128
1.51709 -1.66095 -1.51187 128 128 128
1.49496 -1.6776 -1.51015 128 128 128
1.48715 -1.71071 -1.52388 128 128 128
1.43111 -1.68747 -1.48613 128 128 128
1.44628 -1.74859 -1.52559 128 128 128
1.39389 -1.72784 -1.49127 128 128 128
1.42013 -1.80551 -1.54504 128 128 128
1.41927 -1.85083 -1.56964 128 128 128
1.41213 -1.88916 -1.58794 128 128 128
1.39221 -1.911 -1.59195 128 128 128
1.35966 -1.91521 -1.58108 128 128 128
1.35932 -1.96553 -1.60968 128 128 128
1.34423 -1.99569 -1.62112 128 128 128
1.31471 -2.00448 -1.61483 128 128 128
1.29661 -2.03084 -1.62341 128 128 128
1.27634 -2.05427 -1.6297 128 128 128
1.20857 -2.30918 -1.76069 128 128 128
1.16422 -2.29236 -1.73609 128 128 128
1.01513 -2.42631 -1.77728 128 128 128
1.01251 -2.50632 -1.82818 128 128 128
0.99028 -2.54074 -1.84477 128 128 128
0.958452 -2.55116 -1.84363 128 128 128
0.90791 -2.50948 -1.80416 128 128 128
0.868462 -2.49562 -1.78586 128 128 128
-0.0439514 1.41313 -0.987563 128 128 128
-0.0260787 1.38704 -0.967939 128 128 128
-0.00902498 1.38323 -0.964965 128 128 128
0.0079389 1.38083 -0.963181 128 128 128
0.0253045 1.40554 -0.981616 128 128 128
0.0420817 1.38906 -0.969723 128 128 128
0.0604237 1.41976 -0.992915 128 128 128
0.0784462 1.43015 -1.00124 128 128 128
0.689891 1.04696 -0.869221 128 128 128
0.75384 1.08522 -0.919175 128 128 128
0.771294 1.08179 -0.924527 128 128 128
0.0157997 1.32203 -0.967354 128 128 128
0.0336682 1.38096 -1.01334 128 128 128
0.0489035 1.33782 -0.980231 128 128 128
0.0824855 1.34804 -0.989428 128 128 128
0.0970196 1.32093 -0.969193 128 128 128
0.109635 1.27952 -0.937921 128 128 128
0.129088 1.31501 -0.96674 128 128 128
0.149786 1.35335 -0.998013 128 128 128
0.162611 1.32163 -0.974712 128 128 128
0.163795 1.21157 -0.890093 128 128 128
0.205898 1.28279 -0.949571 128 128 128
0.216121 1.24906 -0.925044 128 128 128
0.231432 1.24631 -0.925044 128 128 128
0.261949 1.24026 -0.925044 128 128 128
0.303223 1.27876 -0.961222 128 128 128
0.351838 1.33581 -1.01334 128 128 128
0.358186 1.29564 -0.984523 128 128 128
0.380065 1.31161 -1.00108 128 128 128
0.404012 1.33253 -1.02193 128 128 128
0.400571 1.26578 -0.971646 128 128 128
0.43384 1.31397 -1.01518 128 128 128
0.455751 1.27469 -0.991881 128 128 128
0.476912 1.2838 -1.00414 128 128 128
0.511046 1.23476 -0.978391 128 128 128
0.538292 1.21536 -0.972872 128 128 128
0.579522 1.18834 -0.967354 128 128 128
0.582265 1.1579 -0.947119 128 128 128
0.637431 1.22906 -1.0158 128 128 128
0.633302 1.15157 -0.961222 128 128 128
0.617233 1.09088 -0.914007 128 128 128
0.619774 1.06484 -0.897451 128 128 128
0.658217 1.06944 -0.915846 128 128 128
0.695504 1.09924 -0.950798 128 128 128
0.695953 1.0708 -0.932402 128 128 128
0.720507 1.07922 -0.948345 128 128 128
0.720675 1.05145 -0.930563 128 128 128
0.720729 1.02449 -0.913394 128 128 128
0.725345 1.00471 -0.90297 128 128 128
0.736202 0.993832 -0.90113 128 128 128
0.756028 0.994757 -0.910941 128 128 128
0.771106 0.989131 -0.91462 128 128 128
0.778726 0.974058 -0.909101 128 128 128
0.796155 0.971127 -0.915846 128 128 128
0.79627 0.94742 -0.901743 128 128 128
0.849269 0.985295 -0.950798 128 128 128
0.810371 0.895294 -0.878442 128 128 128
0.884021 0.929319 -0.936695 128 128 128
0.896466 0.919528 -0.937921 128 128 128
0.910484 0.911241 -0.940987 128 128 128
0.895508 0.874707 -0.91278 128 128 128
0.891163 0.828894 -0.8858 128 128 128
0.919465 0.834282 -0.904809 128 128 128
0.89996 0.796868 -0.87415 128 128 128
0.907272 0.783708 -0.871697 128 128 128
0.934191 0.767696 -0.879669 128 128 128
0.949107 0.760598 -0.885187 128 128 128
1.00126 0.74342 -0.909101 128 128 128
1.04186 0.734471 -0.930563 128 128 128
1.05798 0.726523 -0.937308 128 128 128
1.0293 0.688591 -0.902356 128 128 128
1.06952 0.696482 -0.931789 128 128 128
1.1248 0.712736 -0.974712 128 128 128
1.13346 0.69888 -0.974712 128 128 128
1.16299 0.697439 -0.993721 128 128 128
1.1995 0.699332 -1.01886 128 128 128
1.2475 0.686723 -1.04645 128 128 128
1.25025 0.668402 -1.04155 128 128 128
1.2335 0.565328 -0.994334 128 128 128
1.2097 0.433415 -0.938534 128 128 128
1.3115 0.294869 -0.984523 128 128 128
1.31347 0.27843 -0.983297 128 128 128
1.28035 0.255166 -0.954477 128 128 128
1.25775 0.234747 -0.934242 128 128 128
1.256 0.171193 -0.925044 128 128 128
1.46205 -0.125952 -1.08018 128 128 128
1.36727 -0.185457 -1.01212 128 128 128
1.59092 -0.777633 -1.31564 128 128 128
1.64396 -0.828911 -1.37021 128 128 128
1.64206 -0.853416 -1.37757 128 128 128
1.61091 -0.91406 -1.3788 128 128 128
1.57514 -0.945561 -1.36715 128 128 128
1.42115 -1.9716 -1.82765 128 128 128
0.331453 1.23596 -0.992139 128 128 128
0.362839 1.28981 -1.04169 128 128 128
0.375379 1.27415 -1.03216 128 128 128
0.39778 1.29159 -1.05122 128 128 128
0.434559 1.35207 -1.10776 128 128 128
0.471167 1.40671 -1.15985 128 128 128
0.486367 1.39499 -1.15477 128 128 128
0.30906 0.789596 -0.637023 128 128 128
0.605067 1.22655 -1.06456 128 128 128
0.348634 0.683869 -0.570955 128 128 128
0.725272 1.1045 -1.02644 128 128 128
0.72972 1.08206 -1.0131 128 128 128
0.760059 1.09781 -1.03788 128 128 128
0.766774 1.07895 -1.02835 128 128 128
0.803185 1.07342 -1.04233 128 128 128
0.777797 1.0132 -0.990233 128 128 128
0.783017 0.994469 -0.980704 128 128 128
0.753986 0.933661 -0.926706 128 128 128
0.801509 0.921023 -0.943859 128 128 128
0.820964 0.92035 -0.954023 128 128 128
1.11836 0.865276 -1.10268 128 128 128
1.16953 0.837942 -1.123 128 128 128
1.10885 0.773939 -1.05185 128 128 128
1.16166 0.78985 -1.09505 128 128 128
1.02761 0.662181 -0.945129 128 128 128
1.09711 0.688171 -1.00484 128 128 128
1.1259 0.687152 -1.02454 128 128 128
1.16013 0.688689 -1.04931 128 128 128
1.18052 0.681364 -1.06075 128 128 128
1.73026 -0.775058 -1.49908 128 128 128
1.72202 -0.79688 -1.50035 128 128 128
1.71281 -0.818284 -1.50099 128 128 128
1.72274 -0.849127 -1.51941 128 128 128
1.70754 -0.894369 -1.52513 128 128 128
1.70324 -0.918917 -1.53148 128 128 128
1.70061 -0.944617 -1.53974 128 128 128
1.52383 -1.65282 -1.78877 128 128 128
1.50602 -1.67427 -1.79194 128 128 128
1.49046 -1.69843 -1.7983 128 128 128
1.46749 -1.71424 -1.79576 128 128 128
1.46205 -1.84084 -1.87326 128 128 128
1.4474 -1.86901 -1.88406 128 128 128
1.42854 -1.89218 -1.88978 128 128 128
1.40842 -1.91392 -1.89422 128 128 128
-0.993149 -0.892482 -1.03788 128 128 128
-0.0248178 1.29793 -1.05816 128 128 128
0.00757793 1.35646 -1.10844 128 128 128
0.0230208 1.30023 -1.06012 128 128 128
0.0406094 1.34829 -1.10191 128 128 128
0.0558634 1.3197 -1.07775 128 128 128
0.072054 1.31892 -1.07775 128 128 128
0.0871127 1.30207 -1.06403 128 128 128
0.105215 1.32656 -1.08624 128 128 128
0.11825 1.29125 -1.05685 128 128 128
0.133032 1.27991 -1.04836 128 128 128
0.15388 1.32104 -1.08558 128 128 128
0.171782 1.21718 -0.998732 128 128 128
0.220147 1.23015 -1.01636 128 128 128
0.238572 1.24445 -1.03138 128 128 128
0.244242 1.19546 -0.990895 128 128 128
0.272125 1.18321 -0.985671 128 128 128
0.280263 1.15405 -0.962815 128 128 128
0.338261 1.25567 -1.06012 128 128 128
0.347593 1.23031 -1.04118 128 128 128
0.381379 1.28834 -1.09734 128 128 128
0.378135 1.22286 -1.04248 128 128 128
0.403938 1.25124 -1.07252 128 128 128
0.440993 1.30999 -1.13064 128 128 128
0.480811 1.37158 -1.19203 128 128 128
0.499438 1.37055 -1.1966 128 128 128
0.290723 0.774327 -0.651976 128 128 128
0.30104 0.772814 -0.653935 128 128 128
0.306186 0.758552 -0.64414 128 128 128
0.566084 1.29991 -1.16133 128 128 128
0.585752 1.30114 -1.16917 128 128 128
0.596207 1.2822 -1.15807 128 128 128
0.621799 1.29523 -1.17766 128 128 128
0.627155 1.2665 -1.15742 128 128 128
0.648891 1.27083 -1.16917 128 128 128
0.659113 1.25274 -1.15938 128 128 128
0.631224 1.16547 -1.08167 128 128 128
0.664567 1.15815 -1.09016 128 128 128
0.688801 1.16682 -1.10713 128 128 128
0.748131 1.23193 -1.18158 128 128 128
0.742227 1.18932 -1.14762 128 128 128
0.452601 0.709412 -0.664383 128 128 128
0.45164 0.689291 -0.649364 128 128 128
0.492144 0.659091 -0.648058 128 128 128
0.502516 0.655994 -0.651323 128 128 128
0.492615 0.627254 -0.626508 128 128 128
0.502668 0.624096 -0.629773 128 128 128
0.517576 0.626596 -0.639568 128 128 128
0.529718 0.580969 -0.616713 128 128 128
0.8591 0.892914 -1.00722 128 128 128
0.877511 0.868378 -1.0033 128 128 128
0.903961 0.872738 -1.02224 128 128 128
0.908517 0.85589 -1.01506 128 128 128
0.854187 0.747901 -0.917757 128 128 128
0.834401 0.712893 -0.885105 128 128 128
0.840167 0.700189 -0.88184 128 128 128
1.00618 0.816665 -1.0562 128 128 128
0.957159 0.757946 -0.991548 128 128 128
0.979015 0.755812 -1.00526 128 128 128
0.951337 0.698143 -0.956285 128 128 128
0.959215 0.685978 -0.955632 128 128 128
1.00341 0.68083 -0.984365 128 128 128
1.23895 0.692481 -1.16264 128 128 128
1.25402 0.680816 -1.16917 128 128 128
1.25892 0.663622 -1.16591 128 128 128
1.27778 0.653604 -1.17635 128 128 128
1.26056 0.625506 -1.15219 128 128 128
1.27156 0.61162 -1.15546 128 128 128
1.27415 0.593747 -1.15089 128 128 128
1.29656 0.584866 -1.16525 128 128 128
1.27722 0.557491 -1.14044 128 128 128
1.29473 0.527678 -1.14436 128 128 128
1.26512 0.497739 -1.11105 128 128 128
1.2534 0.475525 -1.09473 128 128 128
1.27695 0.466541 -1.11105 128 128 128
1.22535 0.43095 -1.05881 128 128 128
1.22767 0.414921 -1.0562 128 128 128
1.16998 0.332737 -0.98763 128 128 128
1.22592 0.332219 -1.03399 128 128 128
1.18293 0.305228 -0.992201 128 128 128
1.19027 0.291575 -0.995467 128 128 128
1.19706 0.262276 -0.995467 128 128 128
1.18535 0.244566 -0.982406 128 128 128
1.21207 0.234511 -1.0033 128 128 128
1.22231 0.220937 -1.00983 128 128 128
1.17935 0.198441 -0.969999 128 128 128
1.25484 0.13241 -1.02681 128 128 128
1.32235 0.09023 -1.08167 128 128 128
1.35739 0.0757732 -1.11105 128 128 128
1.3779 0.0598957 -1.12803 128 128 128
1.40578 0.0437355 -1.15154 128 128 128
1.42893 0.0268301 -1.17113 128 128 128
1.45036 0.00935836 -1.18941 128 128 128
1.44279 -0.0083709 -1.18288 128 128 128
1.42213 -0.0256368 -1.16525 128 128 128
1.46561 -0.0445679 -1.20313 128 128 128
1.3946 -0.0593111 -1.1424 128 128 128
1.29109 -0.10227 -1.05554 128 128 128
1.72565 -0.728127 -1.5538 128 128 128
1.69371 -0.739191 -1.53225 128 128 128
1.62728 -0.73392 -1.47805 128 128 128
1.71648 -0.825787 -1.58123 128 128 128
1.71434 -0.850849 -1.58907 128 128 128
1.69637 -0.868009 -1.58188 128 128 128
1.68291 -0.887341 -1.57927 128 128 128
1.68851 -0.917004 -1.5956 128 128 128
1.69957 -0.950278 -1.6178 128 128 128
1.67861 -0.965753 -1.60866 128 128 128
1.67379 -0.99054 -1.61584 128 128 128
1.68218 -1.02365 -1.63674 128 128 128
1.67205 -1.04583 -1.63935 128 128 128
1.66927 -1.07285 -1.6498 128 128 128
1.47324 -1.77623 -1.92864 128 128 128
1.44563 -1.7871 -1.9208 128 128 128
1.41611 -1.79517 -1.91035 128 128 128
1.39586 -1.91038 -1.97892 128 128 128
1.37975 -1.93787 -1.99002 128 128 128
1.35931 -1.95964 -1.99525 128 128 128
1.34024 -1.98372 -2.00308 128 128 128
1.31413 -1.99748 -2.00047 128 128 128
1.31016 -2.1612 -2.11802 128 128 128
1.26552 -2.14642 -2.08732 128 128 128
1.23571 -2.15587 -2.08145 128 128 128
1.21761 -2.18611 -2.09647 128 128 128
1.20793 -2.23289 -2.12781 128 128 128
1.13261 -2.29147 -2.14283 128 128 128
1.11157 -2.32023 -2.1572 128 128 128
1.09699 -2.36395 -2.18593 128 128 128
1.06759 -2.37654 -2.18528 128 128 128
1.06299 -2.44647 -2.23882 128 128 128
0.978537 -2.50017 -2.25384 128 128 128
0.921974 -2.44321 -2.1905 128 128 128
0.866189 -2.38311 -2.1252 128 128 128
0.819479 -2.34349 -2.07949 128 128 128
0.843651 -2.51213 -2.22381 128 128 128
0.849018 -2.63553 -2.32633 128 128 128
0.791971 -2.68246 -2.35049 128 128 128
0.757359 -2.68614 -2.34527 128 128 128
-0.979928 0.788216 -1.08622 128 128 128
0.195371 1.19522 -1.04372 128 128 128
0.209515 1.18983 -1.04102 128 128 128
0.23117 1.2249 -1.0761 128 128 128
0.241839 1.20025 -1.05586 128 128 128
0.242254 1.13005 -0.993129 128 128 128
0.292193 1.28685 -1.14288 128 128 128
0.306481 1.15105 -1.02551 128 128 128
0.359201 1.22753 -1.10578 128 128 128
0.423711 1.38545 -1.26093 128 128 128
0.44359 1.38929 -1.2697 128 128 128
0.457352 1.37393 -1.26025 128 128 128
0.468636 1.35217 -1.24474 128 128 128
0.295277 0.786927 -0.705092 128 128 128
0.300648 0.772229 -0.694299 128 128 128
0.622193 1.26739 -1.2272 128 128 128
0.640693 1.2656 -1.23327 128 128 128
0.656175 1.25764 -1.23327 128 128 128
0.64924 1.20785 -1.1901 128 128 128
0.690052 1.24697 -1.23934 128 128 128
0.702021 1.23263 -1.23327 128 128 128
0.704803 1.20289 -1.21101 128 128 128
0.764823 1.20169 -1.23867 128 128 128
0.769027 1.17614 -1.22113 128 128 128
0.782169 1.16477 -1.21911 128 128 128
0.797241 1.1563 -1.22046 128 128 128
0.807538 1.141 -1.21438 128 128 128
0.815415 1.12264 -1.20494 128 128 128
0.64635 0.866683 -0.924999 128 128 128
0.872873 1.05855 -1.19078 128 128 128
0.899124 1.06356 -1.20966 128 128 128
0.747464 0.86202 -0.979638 128 128 128
0.748193 0.841733 -0.966147 128 128 128
0.767898 0.84287 -0.978963 128 128 128
0.764098 0.818255 -0.960076 128 128 128
0.803641 0.839793 -0.9992 128 128 128
0.845115 0.820458 -1.01337 128 128 128
0.812301 0.769352 -0.959401 128 128 128
0.821681 0.759326 -0.959401 128 128 128
0.862695 0.777903 -0.998526 128 128 128
1.03862 0.848279 -1.16244 128 128 128
1.03396 0.823493 -1.14491 128 128 128
0.923408 0.716867 -1.00527 128 128 128
1.06001 0.782244 -1.14086 128 128 128
1.20875 0.740983 -1.2326 128 128 128
1.21268 0.723064 -1.2272 128 128 128
1.22529 0.710354 -1.23125 128 128 128
1.23584 0.696354 -1.23327 128 128 128
1.24883 0.683622 -1.23799 128 128 128
1.25842 0.66894 -1.23934 128 128 128
1.27441 0.657518 -1.24744 128 128 128
1.27446 0.637856 -1.23934 128 128 128
1.28418 0.623137 -1.24137 128 128 128
1.71853 -0.548306 -1.58539 128 128 128
1.70046 -0.565636 -1.5746 128 128 128
1.69897 -0.588388 -1.58 128 128 128
1.68609 -0.630679 -1.58202 128 128 128
1.7154 -0.665712 -1.61845 128 128 128
1.72012 -0.691936 -1.63126 128 128 128
1.67674 -0.698545 -1.59686 128 128 128
1.67753 -0.723151 -1.6063 128 128 128
1.66988 -0.744282 -1.60765 128 128 128
1.66733 -0.7678 -1.6144 128 128 128
1.66512 -0.791683 -1.62182 128 128 128
1.6692 -0.818873 -1.63599 128 128 128
1.67087 -0.871175 -1.65892 128 128 128
1.67241 -0.89824 -1.67174 128 128 128
1.67355 -0.925473 -1.68455 128 128 128
1.66271 -0.946305 -1.68523 128 128 128
1.66499 -0.974831 -1.70007 128 128 128
1.65164 -0.994429 -1.69872 128 128 128
0.810674 -0.835065 -1.00055 128 128 128
1.49485 -1.65555 -1.97529 128 128 128
1.48029 -1.68041 -1.98338 128 128 128
1.43658 -1.80179 -2.04274 128 128 128
1.42026 -1.82685 -2.05151 128 128 128
1.40577 -1.85473 -2.06366 128 128 128
1.37895 -1.8665 -2.05758 128 128 128
1.29751 -1.84964 -2.0016 128 128 128
1.31764 -1.97983 -2.1102 128 128 128
1.30852 -2.01938 -2.13583 128 128 128
1.29468 -2.05276 -2.15472 128 128 128
1.2775 -2.0817 -2.16889 128 128 128
1.15958 -2.24479 -2.24579 128 128 128
1.13426 -2.26346 -2.25051 128 128 128
1.11383 -2.29248 -2.26602 128 128 128
1.10936 -2.43328 -2.3807 128 128 128
1.07047 -2.42646 -2.36046 128 128 128
1.03829 -2.43398 -2.35507 128 128 128
1.0137 -2.4595 -2.36788 128 128 128
0.987263 -2.48136 -2.37733 128 128 128
0.962832 -2.50913 -2.39284 128 128 128
-0.015801 1.28121 -1.16288 128 128 128
0.0162185 1.31661 -1.19677 128 128 128
0.0653567 1.3281 -1.20921 128 128 128
0.079059 1.28755 -1.17118 128 128 128
0.110245 1.28091 -1.16703 128 128 128
0.137114 1.23835 -1.129 128 128 128
0.163663 1.20742 -1.10272 128 128 128
0.17118 1.15748 -1.05639 128 128 128
0.192658 1.19948 -1.09926 128 128 128
0.201807 1.16573 -1.06884 128 128 128
0.217582 1.17097 -1.07644 128 128 128
0.222308 1.12078 -1.03011 128 128 128
0.260374 1.16147 -1.07575 128 128 128
0.283598 1.1954 -1.1124 128 128 128
0.284699 1.13863 -1.05985 128 128 128
0.330922 1.19667 -1.12485 128 128 128
0.39268 1.18926 -1.13522 128 128 128
0.4158 1.20891 -1.16012 128 128 128
0.293514 0.794705 -0.747284 128 128 128
0.305607 0.797099 -0.753507 128 128 128
0.315908 0.794628 -0.75489 128 128 128
0.565883 1.36437 -1.35028 128 128 128
0.55846 1.30165 -1.2922 128 128 128
0.571733 1.28876 -1.28597 128 128 128
0.566573 1.23642 -1.23826 128 128 128
0.599452 1.26652 -1.27767 128 128 128
0.618143 1.26555 -1.28459 128 128 128
0.632317 1.25529 -1.28182 128 128 128
0.646668 1.24552 -1.27975 128 128 128
0.686338 1.21084 -1.26868 128 128 128
0.704441 1.20793 -1.27491 128 128 128
0.719211 1.1992 -1.27491 128 128 128
0.733492 1.18967 -1.27422 128 128 128
0.748424 1.18118 -1.27491 128 128 128
0.758108 1.16466 -1.26661 128 128 128
0.638328 0.956386 -1.03703 128 128 128
0.825071 1.11193 -1.26177 128 128 128
0.839533 1.10287 -1.26315 128 128 128
0.853004 1.09249 -1.26315 128 128 128
0.862264 1.07688 -1.25693 128 128 128
0.61619 0.752845 -0.867607 128 128 128
0.776764 0.923723 -1.09166 128 128 128
0.785198 0.91085 -1.08751 128 128 128
0.835965 0.900316 -1.1124 128 128 128
0.839948 0.882692 -1.10272 128 128 128
0.756136 0.739128 -0.948514 128 128 128
0.802957 0.76551 -0.998303 128 128 128
0.838317 0.779588 -1.03219 128 128 128
0.821901 0.727814 -0.987239 128 128 128
0.797293 0.689022 -0.945056 128 128 128
0.775189 0.653725 -0.907023 128 128 128
0.797717 0.656022 -0.925002 128 128 128
0.89109 0.678869 -1.00868 128 128 128
0.905754 0.672592 -1.01628 128 128 128
0.896522 0.632374 -0.986547 128 128 128
1.00634 0.690809 -1.1048 128 128 128
1.08526 0.668839 -1.15666 128 128 128
1.09836 0.658423 -1.16219 128 128 128
1.21832 0.709568 -1.28597 128 128 128
1.23386 0.698454 -1.29358 128 128 128
1.22701 0.655456 -1.26799 128 128 128
1.25167 0.648933 -1.28597 128 128 128
1.26148 0.634491 -1.28805 128 128 128
1.27112 0.619906 -1.29012 128 128 128
1.27798 0.603955 -1.28943 128 128 128
1.29187 0.591209 -1.29635 128 128 128
1.30101 0.576182 -1.29842 128 128 128
1.29668 0.555378 -1.28666 128 128 128
1.30073 0.538329 -1.2839 128 128 128
1.32336 0.528701 -1.30049 128 128 128
1.33852 0.515767 -1.30948 128 128 128
1.34 0.49756 -1.30464 128 128 128
1.33988 0.478912 -1.29842 128 128 128
1.35386 0.465221 -1.30672 128 128 128
1.35466 0.447005 -1.30188 128 128 128
1.34074 0.424314 -1.28251 128 128 128
1.10037 0.305156 -1.02942 128 128 128
1.15297 0.304327 -1.07783 128 128 128
1.16434 0.292056 -1.08543 128 128 128
1.16854 0.27791 -1.08613 128 128 128
1.20572 0.271014 -1.11932 128 128 128
1.23088 0.26075 -1.14075 128 128 128
1.19003 0.23706 -1.09788 128 128 128
1.20546 0.209474 -1.10756 128 128 128
1.28245 0.190251 -1.1774 128 128 128
1.27206 0.141152 -1.1615 128 128 128
1.26794 0.124987 -1.15597 128 128 128
1.2737 0.109773 -1.16012 128 128 128
1.23892 0.0916181 -1.12554 128 128 128
1.27385 0.0783577 -1.15804 128 128 128
1.29997 0.063862 -1.18225 128 128 128
1.28838 0.0475003 -1.17049 128 128 128
1.30548 0.0320294 -1.18639 128 128 128
1.31155 0.0160551 -1.19193 128 128 128
1.27698 9.42117e-05 -1.15873 128 128 128
1.28049 -0.0156346 -1.16219 128 128 128
1.24941 -0.0458201 -1.13315 128 128 128
1.62905 -0.539866 -1.57917 128 128 128
1.66186 -0.5736 -1.61928 128 128 128
1.65402 -0.593704 -1.61859 128 128 128
1.65675 -0.617772 -1.62896 128 128 128
1.66923 -0.645934 -1.64971 128 128 128
1.64712 -0.660682 -1.63519 128 128 128
1.68753 -0.701214 -1.68567 128 128 128
1.65427 -0.711244 -1.66008 128 128 128
1.65926 -0.737692 -1.6746 128 128 128
1.64353 -0.754965 -1.66769 128 128 128
1.64001 -0.777879 -1.67391 128 128 128
1.66014 -0.812637 -1.70572 128 128 128
1.66292 -0.839494 -1.71955 128 128 128
1.66081 -0.864194 -1.72854 128 128 128
1.64881 -0.883824 -1.72716 128 128 128
1.64795 -0.909603 -1.73822 128 128 128
1.62286 -0.921871 -1.72301 128 128 128
1.64132 -0.959293 -1.7562 128 128 128
1.64302 -0.987585 -1.77141 128 128 128
1.63814 -1.01225 -1.77971 128 128 128
1.62925 -1.03461 -1.78386 128 128 128
1.61039 -1.05056 -1.77695 128 128 128
1.4566 -0.975384 -1.61444 128 128 128
1.36075 -0.985367 -1.5446 128 128 128
1.44049 -1.76122 -2.1144 128 128 128
1.35587 -1.88264 -2.15728 128 128 128
1.3368 -1.90505 -2.16419 128 128 128
1.32105 -1.93266 -2.17733 128 128 128
1.3096 -1.9674 -2.19877 128 128 128
1.31942 -2.03613 -2.25893 128 128 128
1.27131 -2.0716 -2.26308 128 128 128
1.2469 -2.0889 -2.26515 128 128 128
1.22479 -2.1103 -2.27207 128 128 128
1.20729 -2.14029 -2.28867 128 128 128
1.18716 -2.16636 -2.30111 128 128 128
1.13143 -2.25837 -2.35436 128 128 128
1.10772 -2.28054 -2.36335 128 128 128
1.08945 -2.3149 -2.38548 128 128 128
1.06812 -2.34388 -2.40207 128 128 128
1.0474 -2.37534 -2.42144 128 128 128
1.02099 -2.39466 -2.42835 128 128 128
0.981836 -2.46938 -2.48022 128 128 128
0.948628 -2.47381 -2.47261 128 128 128
0.917203 -2.48256 -2.46984 128 128 128
0.869819 -2.44595 -2.42144 128 128 128
0.811394 -2.37299 -2.33707 128 128 128
0.76833 -2.34019 -2.2942 128 128 128
0.752483 -2.39081 -2.33569 128 128 128
0.79802 -2.6504 -2.58602 128 128 128
0.767817 -2.66832 -2.59432 128 128 128
0.737105 -2.68521 -2.60192 128 128 128
-0.703033 -1.02511 -1.12623 128 128 128
-1.02979 -0.457217 -1.0149 128 128 128
-0.597007 1.15166 -1.25115 128 128 128
0.171659 1.15327 -1.11794 128 128 128
0.185023 1.14622 -1.11295 128 128 128
0.201342 1.15701 -1.12649 128 128 128
0.229756 1.0822 -1.05738 128 128 128
0.248225 1.10259 -1.08161 128 128 128
0.253016 1.06258 -1.04314 128 128 128
0.270283 1.07642 -1.06095 128 128 128
0.284719 1.07777 -1.06593 128 128 128
0.300722 1.08434 -1.07662 128 128 128
0.336381 1.10686 -1.10868 128 128 128
0.432559 1.36431 -1.38722 128 128 128
0.447513 1.35357 -1.38152 128 128 128
0.368697 1.06984 -1.08303 128 128 128
0.281113 0.782991 -0.778838 128 128 128
0.291189 0.780799 -0.780263 128 128 128
0.304527 0.786991 -0.790949 128 128 128
0.509302 1.18694 -1.24546 128 128 128
0.512761 1.15557 -1.21767 128 128 128
0.58199 1.22959 -1.31527 128 128 128
0.609017 1.24696 -1.34305 128 128 128
0.624273 1.23939 -1.34305 128 128 128
0.637177 1.22727 -1.33807 128 128 128
0.654501 1.2237 -1.34305 128 128 128
0.665077 1.20758 -1.33379 128 128 128
0.685371 1.2091 -1.34519 128 128 128
0.724632 1.17528 -1.33593 128 128 128
0.73825 1.16511 -1.3345 128 128 128
0.751346 1.1542 -1.33237 128 128 128
0.764285 1.14314 -1.33023 128 128 128
0.779445 1.13542 -1.33237 128 128 128
0.741262 1.0517 -1.24047 128 128 128
0.661736 0.914465 -1.08018 128 128 128
0.682511 0.919249 -1.09657 128 128 128
0.848157 1.0591 -1.31171 128 128 128
0.747199 0.823464 -1.06308 128 128 128
0.80328 0.745324 -1.0467 128 128 128
0.855487 0.774568 -1.10583 128 128 128
0.862026 0.742785 -1.08944 128 128 128
0.874296 0.734865 -1.09372 128 128 128
0.89951 0.737452 -1.11509 128 128 128
0.916704 0.732944 -1.12577 128 128 128
0.921759 0.718613 -1.12079 128 128 128
0.885861 0.673211 -1.0638 128 128 128
0.956579 0.708752 -1.14287 128 128 128
0.916893 0.66197 -1.08232 128 128 128
1.01669 0.71541 -1.1963 128 128 128
0.961777 0.659148 -1.11794 128 128 128
0.920227 0.614108 -1.05738 128 128 128
1.17402 0.763354 -1.35588 128 128 128
1.04109 0.658646 -1.1849 128 128 128
1.1297 0.695597 -1.28108 128 128 128
1.18447 0.709506 -1.33593 128 128 128
1.20036 0.699165 -1.34448 128 128 128
1.20397 0.68161 -1.33878 128 128 128
1.21409 0.667801 -1.34092 128 128 128
1.22157 0.65252 -1.3402 128 128 128
1.22762 0.636509 -1.33807 128 128 128
1.24662 0.627087 -1.35089 128 128 128
1.20253 0.586452 -1.29247 128 128 128
1.26987 0.600213 -1.36015 128 128 128
1.26758 0.580192 -1.34947 128 128 128
1.27781 0.566018 -1.35303 128 128 128
1.28724 0.551403 -1.35588 128 128 128
1.29585 0.536373 -1.35801 128 128 128
1.30494 0.521475 -1.36086 128 128 128
1.32368 0.510233 -1.3744 128 128 128
1.27789 0.474585 -1.31812 128 128 128
1.33646 0.477831 -1.37511 128 128 128
1.35019 0.464142 -1.38366 128 128 128
1.27634 0.125235 -1.23619 128 128 128
1.28197 0.109928 -1.24047 128 128 128
1.26083 0.0925145 -1.21767 128 128 128
1.25627 0.0766856 -1.21197 128 128 128
1.2466 0.060737 -1.20129 128 128 128
1.6364 -0.452932 -1.65793 128 128 128
1.63476 -0.474147 -1.66221 128 128 128
1.63016 -0.494579 -1.66363 128 128 128
1.62598 -0.51518 -1.66577 128 128 128
1.64086 -0.542119 -1.68856 128 128 128
1.62878 -0.560392 -1.68287 128 128 128
1.64028 -0.58694 -1.70281 128 128 128
1.65072 -0.61361 -1.72205 128 128 128
1.6339 -0.630293 -1.71207 128 128 128
1.63452 -0.653676 -1.72133 128 128 128
1.63089 -0.69911 -1.73558 128 128 128
1.63374 -0.724179 -1.74841 128 128 128
1.64069 -0.751463 -1.76622 128 128 128
1.63642 -0.773936 -1.77191 128 128 128
1.63311 -0.797031 -1.77904 128 128 128
1.62885 -0.819847 -1.78545 128 128 128
1.61742 -0.839128 -1.78403 128 128 128
1.61938 -0.865518 -1.79827 128 128 128
1.62463 -0.894108 -1.8168 128 128 128
1.62698 -0.921574 -1.83247 128 128 128
1.37504 -1.55463 -2.0412 128 128 128
1.42921 -1.74079 -2.22072 128 128 128
1.39325 -1.74013 -2.19721 128 128 128
1.38173 -1.76981 -2.2136 128 128 128
1.36332 -1.7911 -2.2193 128 128 128
1.31991 -1.92292 -2.30194 128 128 128
1.3087 -1.95763 -2.32473 128 128 128
1.29148 -1.98412 -2.33755 128 128 128
1.27343 -2.0099 -2.34967 128 128 128
1.24166 -2.01403 -2.33613 128 128 128
1.16785 -2.1835 -2.44798 128 128 128
1.14453 -2.20451 -2.45581 128 128 128
1.12372 -2.23092 -2.47006 128 128 128
1.08762 -2.22689 -2.45011 128 128 128
1.07975 -2.28129 -2.49642 128 128 128
1.06134 -2.31542 -2.51993 128 128 128
1.03883 -2.34173 -2.53489 128 128 128
1.01667 -2.36978 -2.55199 128 128 128
1.0007 -2.41383 -2.58689 128 128 128
0.973092 -2.43114 -2.59259 128 128 128
0.947236 -2.45337 -2.60399 128 128 128
