ply
format ascii 1.0
comment Created by Open3D
element vertex 21991
property double x
property double y
property double z
property uchar red
property uchar green
property uchar blue
end_header
-2.36524 0.545074 2.45984 128 128 128
-2.31051 0.5623 2.41013 128 128 128
-2.30412 0.590788 2.41084 128 128 128
-2.27768 0.613847 2.39096 128 128 128
-2.26794 0.641173 2.38883 128 128 128
-2.25113 0.666338 2.37959 128 128 128
-2.2159 0.68553 2.35119 128 128 128
-2.20531 0.712018 2.34906 128 128 128
-2.20441 0.741739 2.35758 128 128 128
-1.2881 0.521127 1.41303 128 128 128
-1.90205 0.799531 2.09268 128 128 128
-1.88371 0.819141 2.08345 128 128 128
-1.87159 0.841324 2.08132 128 128 128
-1.886 0.875854 2.10901 128 128 128
-1.89603 0.909028 2.13245 128 128 128
-1.89419 0.936932 2.1431 128 128 128
-1.9076 0.972961 2.17151 128 128 128
-1.92291 1.01078 2.20276 128 128 128
-1.91778 1.03834 2.21128 128 128 128
-1.89506 1.05628 2.19992 128 128 128
-1.87708 1.07665 2.19424 128 128 128
-1.85465 1.09421 2.18358 128 128 128
-1.83507 1.11322 2.17648 128 128 128
-1.8153 1.13192 2.16938 128 128 128
-1.79891 1.15259 2.16654 128 128 128
-1.76291 1.1602 2.14026 128 128 128
-1.72409 1.19627 2.12819 128 128 128
-1.67836 1.19521 2.08984 128 128 128
-1.67889 1.22697 2.10901 128 128 128
-1.64965 1.23688 2.09126 128 128 128
-1.60204 1.23206 2.05007 128 128 128
-1.231 0.969494 1.592 128 128 128
-1.22556 0.989857 1.60052 128 128 128
-1.2263 1.01564 1.61756 128 128 128
-1.45136 1.23371 1.93289 128 128 128
-1.52877 1.33262 2.05717 128 128 128
-1.51073 1.34987 2.05504 128 128 128
-1.49302 1.36735 2.05362 128 128 128
-1.47049 1.38025 2.04581 128 128 128
-1.44383 1.3889 2.03231 128 128 128
-1.41618 1.3961 2.0174 128 128 128
-1.41227 1.42692 2.03657 128 128 128
-1.4049 1.45481 2.05149 128 128 128
-1.35853 1.44163 2.00959 128 128 128
-1.33789 1.45508 2.00533 128 128 128
-1.30868 1.45878 1.98828 128 128 128
-1.28514 1.46836 1.97976 128 128 128
-1.26018 1.47597 1.96911 128 128 128
-1.23614 1.48427 1.95987 128 128 128
-1.2081 1.48728 1.94425 128 128 128
-0.868685 1.09441 1.42084 128 128 128
-0.854332 1.10387 1.41942 128 128 128
-0.856755 1.13569 1.44641 128 128 128
-0.867654 1.18024 1.48902 128 128 128
-1.09463 1.53045 1.90945 128 128 128
-1.07577 1.54377 1.90945 128 128 128
-1.05635 1.55627 1.90874 128 128 128
-1.02828 1.55558 1.89241 128 128 128
-1.01025 1.56987 1.89454 128 128 128
-0.984215 1.57139 1.88175 128 128 128
-0.962669 1.57973 1.87749 128 128 128
-0.94071 1.58718 1.87252 128 128 128
-0.915915 1.58944 1.86187 128 128 128
-0.895657 1.59933 1.86045 128 128 128
-0.875963 1.6102 1.86045 128 128 128
-0.850251 1.60961 1.84766 128 128 128
-0.820853 1.6011 1.82636 128 128 128
-0.80239 1.61358 1.8292 128 128 128
-0.780401 1.61886 1.82423 128 128 128
-0.768766 1.64619 1.84411 128 128 128
-0.745625 1.64908 1.83701 128 128 128
-0.713839 1.63163 1.80789 128 128 128
-0.685592 1.62079 1.78659 128 128 128
-0.662478 1.62125 1.77807 128 128 128
-0.644071 1.63319 1.78233 128 128 128
-0.625223 1.64427 1.78588 128 128 128
-0.59515 1.62468 1.75676 128 128 128
-0.572384 1.62389 1.74824 128 128 128
-0.545473 1.6101 1.72622 128 128 128
-0.524595 1.61332 1.72267 128 128 128
-0.508906 1.63309 1.73688 128 128 128
-0.485243 1.62706 1.72409 128 128 128
-0.465431 1.63357 1.7248 128 128 128
-0.444802 1.63712 1.72267 128 128 128
-0.42433 1.64109 1.72125 128 128 128
-0.401507 1.63522 1.70989 128 128 128
-0.382983 1.64689 1.71699 128 128 128
-0.363043 1.65284 1.71841 128 128 128
-0.342311 1.6551 1.71628 128 128 128
-0.320654 1.65226 1.70918 128 128 128
-0.299243 1.64984 1.70279 128 128 128
-0.277939 1.64713 1.6964 128 128 128
1.03806 0.763905 1.31147 128 128 128
1.05596 0.757229 1.32213 128 128 128
1.07212 0.749024 1.33065 128 128 128
1.06373 0.723998 1.30934 128 128 128
1.08136 0.716689 1.32 128 128 128
1.0871 0.701468 1.31645 128 128 128
1.09742 0.689191 1.31858 128 128 128
1.1064 0.676037 1.31929 128 128 128
1.11461 0.662409 1.31929 128 128 128
1.17007 0.601437 1.33846 128 128 128
1.17673 0.586721 1.33775 128 128 128
1.14955 0.555826 1.2994 128 128 128
1.16076 0.54375 1.30437 128 128 128
1.26755 0.574426 1.41516 128 128 128
1.27967 0.561071 1.42084 128 128 128
1.29424 0.548593 1.42937 128 128 128
1.30349 0.533727 1.43221 128 128 128
1.33355 0.52692 1.45777 128 128 128
1.33859 0.510019 1.45635 128 128 128
1.34608 0.494034 1.45777 128 128 128
1.35004 0.476782 1.45564 128 128 128
1.34778 0.457493 1.44712 128 128 128
1.34927 0.439625 1.44286 128 128 128
1.35524 0.423242 1.44357 128 128 128
1.35966 0.40638 1.44286 128 128 128
1.37945 0.393863 1.45848 128 128 128
1.35698 0.369605 1.43008 128 128 128
1.37506 0.356408 1.44428 128 128 128
1.38138 0.340004 1.44641 128 128 128
1.38545 0.323027 1.44641 128 128 128
1.39275 0.306746 1.44996 128 128 128
1.39917 0.290193 1.4528 128 128 128
1.39571 0.271682 1.4457 128 128 128
1.39824 0.25441 1.44499 128 128 128
1.40751 0.238267 1.45138 128 128 128
1.40198 0.2197 1.44286 128 128 128
1.40317 0.202283 1.44144 128 128 128
1.40555 0.185048 1.44144 128 128 128
1.40702 0.167706 1.44073 128 128 128
1.40757 0.150282 1.43931 128 128 128
1.41982 0.133952 1.44996 128 128 128
1.42487 0.116793 1.45351 128 128 128
1.41987 0.0988817 1.44712 128 128 128
1.4252 0.0816767 1.45138 128 128 128
1.41765 0.0638319 1.44286 128 128 128
1.41622 0.0463689 1.44073 128 128 128
1.43357 0.0292703 1.45777 128 128 128
1.42256 0.0116248 1.44641 128 128 128
1.42471 -0.00584941 1.44854 128 128 128
1.42312 -0.0233042 1.44712 128 128 128
1.42484 -0.0408344 1.44925 128 128 128
1.42915 -0.0585358 1.45422 128 128 128
1.4227 -0.0757495 1.44854 128 128 128
1.4301 -0.0937858 1.45706 128 128 128
1.43515 -0.111843 1.46345 128 128 128
1.43087 -0.129183 1.46061 128 128 128
1.42637 -0.146434 1.45777 128 128 128
1.43146 -0.164757 1.46487 128 128 128
1.42445 -0.18167 1.4599 128 128 128
1.42559 -0.199637 1.46345 128 128 128
1.42304 -0.217116 1.46345 128 128 128
1.4161 -0.23386 1.45919 128 128 128
1.41243 -0.251094 1.45848 128 128 128
1.42168 -0.270824 1.47127 128 128 128
1.41894 -0.288392 1.47198 128 128 128
1.39123 -0.300493 1.44712 128 128 128
1.36344 -0.311959 1.42226 128 128 128
1.31165 -0.31691 1.37255 128 128 128
1.30153 -0.331395 1.36616 128 128 128
1.29532 -0.346787 1.36403 128 128 128
1.29842 -0.36478 1.37184 128 128 128
1.28642 -0.378472 1.36403 128 128 128
1.2837 -0.394858 1.36616 128 128 128
1.28411 -0.412324 1.37184 128 128 128
1.25429 -0.419689 1.34556 128 128 128
1.28423 -0.44746 1.3832 128 128 128
1.27798 -0.462944 1.38249 128 128 128
1.26891 -0.47734 1.37894 128 128 128
1.26296 -0.492875 1.37894 128 128 128
1.25877 -0.509136 1.38107 128 128 128
1.23557 -0.517409 1.36261 128 128 128
-0.925341 -1.99187 2.2269 128 128 128
-0.945432 -1.97149 2.21696 128 128 128
-0.953557 -1.92759 2.18074 128 128 128
-0.962677 -1.88756 2.14878 128 128 128
-0.9193 -1.74988 2.00533 128 128 128
-0.938684 -1.73476 2.00107 128 128 128
-0.973671 -1.74768 2.02947 128 128 128
-0.999265 -1.74291 2.03799 128 128 128
-1.02094 -1.73113 2.0387 128 128 128
-1.04577 -1.72448 2.04581 128 128 128
-1.06723 -1.71211 2.04652 128 128 128
-1.08968 -1.70125 2.04936 128 128 128
-1.11397 -1.69304 2.05575 128 128 128
-1.13981 -1.68681 2.06498 128 128 128
-1.15881 -1.67039 2.06214 128 128 128
-1.19357 -1.67607 2.087 128 128 128
-1.20946 -1.65506 2.07919 128 128 128
-1.22883 -1.63897 2.07776 128 128 128
-1.36985 -1.78027 2.27733 128 128 128
-1.44627 -1.83228 2.3661 128 128 128
-1.47975 -1.82805 2.38385 128 128 128
-1.50478 -1.813 2.38812 128 128 128
-1.52463 -1.79172 2.38457 128 128 128
-1.54557 -1.77182 2.38314 128 128 128
-0.648006 -0.729254 0.995443 128 128 128
-0.654999 -0.719175 0.992602 128 128 128
-1.64533 -1.70903 2.40445 128 128 128
-0.723148 -0.737085 1.05297 128 128 128
-1.69631 -1.67752 2.41794 128 128 128
-1.72337 -1.66292 2.42718 128 128 128
-1.74313 -1.64117 2.42647 128 128 128
-1.76314 -1.61965 2.42647 128 128 128
-1.7771 -1.59274 2.41865 128 128 128
-1.78589 -1.56157 2.40445 128 128 128
-1.80385 -1.53862 2.40303 128 128 128
-1.82151 -1.51547 2.40161 128 128 128
-1.83887 -1.49212 2.40019 128 128 128
-1.82442 -1.44374 2.35829 128 128 128
-1.80291 -1.39122 2.30858 128 128 128
-1.80182 -1.35549 2.28585 128 128 128
-1.81945 -1.33411 2.28727 128 128 128
-1.84142 -1.31576 2.29437 128 128 128
-1.85222 -1.28946 2.28798 128 128 128
-1.86732 -1.26624 2.28727 128 128 128
-1.88802 -1.2467 2.29366 128 128 128
-1.92097 -1.23482 2.31497 128 128 128
-1.94195 -1.21488 2.32207 128 128 128
-1.95611 -1.19059 2.32136 128 128 128
-1.97057 -1.1665 2.32136 128 128 128
-1.98657 -1.14327 2.32349 128 128 128
-2.02014 -1.12976 2.34621 128 128 128
-2.03819 -1.10723 2.35119 128 128 128
-2.1096 -1.11255 2.41723 128 128 128
-2.20654 -1.12906 2.51169 128 128 128
-2.27389 -1.12839 2.57205 128 128 128
-2.29137 -1.10222 2.57632 128 128 128
-2.30089 -1.07224 2.57205 128 128 128
-2.31452 -1.04421 2.57276 128 128 128
-2.32587 -1.01517 2.57134 128 128 128
-2.34724 -0.990367 2.58129 128 128 128
-2.35987 -0.961753 2.582 128 128 128
-2.37215 -0.932977 2.58271 128 128 128
-2.39001 -0.90628 2.58981 128 128 128
-2.39963 -0.876402 2.58839 128 128 128
-2.41086 -0.847121 2.5891 128 128 128
-2.41908 -0.816801 2.58697 128 128 128
-2.42825 -0.786838 2.58626 128 128 128
-2.44445 -0.759054 2.59336 128 128 128
-2.45425 -0.729199 2.59407 128 128 128
-2.46369 -0.699218 2.59478 128 128 128
-2.3123 -0.626041 2.42789 128 128 128
-2.22158 -0.572539 2.32562 128 128 128
-2.23734 -0.547389 2.33485 128 128 128
-2.21712 -0.513755 2.30715 128 128 128
-2.21794 -0.428632 2.29011 128 128 128
-2.23342 -0.403235 2.30076 128 128 128
-2.25348 -0.378327 2.31639 128 128 128
-2.24682 -0.348941 2.30502 128 128 128
-2.24606 -0.320658 2.30005 128 128 128
-2.19631 0.755459 2.24879 128 128 128
-2.17263 0.777269 2.23422 128 128 128
-2.14942 0.798863 2.22035 128 128 128
-2.13945 0.825179 2.22035 128 128 128
-1.27751 0.511551 1.33733 128 128 128
-2.10524 0.871933 2.20647 128 128 128
-2.07717 0.890337 2.18844 128 128 128
-2.05884 0.912555 2.18081 128 128 128
-2.04421 0.936254 2.17734 128 128 128
-2.02866 0.959424 2.17318 128 128 128
-1.94097 0.94734 2.09202 128 128 128
-1.93113 0.972058 2.0941 128 128 128
-1.93632 1.00463 2.11283 128 128 128
-1.95054 1.04255 2.14196 128 128 128
-1.92245 1.05809 2.12532 128 128 128
-1.90995 1.08195 2.12601 128 128 128
-1.8959 1.10495 2.12532 128 128 128
-1.85315 1.11075 2.09272 128 128 128
-1.83692 1.13189 2.08994 128 128 128
-1.80646 1.14396 2.07121 128 128 128
-1.78685 1.16251 2.06497 128 128 128
-1.75866 1.17516 2.04902 128 128 128
-1.74292 1.19583 2.04763 128 128 128
-1.7234 1.21382 2.04208 128 128 128
-1.70137 1.22982 2.03376 128 128 128
-1.68673 1.25103 2.03445 128 128 128
-1.26285 0.961411 1.54057 128 128 128
-1.24585 0.972851 1.53432 128 128 128
-1.24676 0.998408 1.55028 128 128 128
-1.24834 1.02505 1.56762 128 128 128
-1.32226 1.11303 1.67652 128 128 128
-1.18242 1.02059 1.51629 128 128 128
-1.15847 1.02501 1.50172 128 128 128
-1.15435 1.04688 1.51282 128 128 128
-1.13244 1.05264 1.50103 128 128 128
-1.10012 1.0481 1.47536 128 128 128
-1.08459 1.05901 1.4719 128 128 128
-1.06744 1.06816 1.46635 128 128 128
1.17013 0.983924 1.48438 128 128 128
1.18378 0.970862 1.48646 128 128 128
1.18381 0.946801 1.4719 128 128 128
1.19363 0.930872 1.46982 128 128 128
1.07205 0.814863 1.30889 128 128 128
1.14982 0.707752 1.31236 128 128 128
1.16954 0.700263 1.32484 128 128 128
1.15316 0.671331 1.2971 128 128 128
1.15881 0.655707 1.29432 128 128 128
1.16677 0.641437 1.29432 128 128 128
1.18598 0.633192 1.30681 128 128 128
1.31893 0.683706 1.44276 128 128 128
1.33301 0.670389 1.44901 128 128 128
1.33143 0.649233 1.4386 128 128 128
1.33995 0.633154 1.43929 128 128 128
1.34434 0.615161 1.43583 128 128 128
1.35311 0.599203 1.43721 128 128 128
1.363 0.58369 1.43999 128 128 128
1.3674 0.565815 1.43721 128 128 128
1.37023 0.547385 1.43305 128 128 128
1.36744 0.526892 1.42334 128 128 128
1.3684 0.50806 1.41779 128 128 128
1.37386 0.490986 1.4171 128 128 128
1.3934 0.478787 1.43097 128 128 128
1.40669 0.464143 1.4386 128 128 128
1.41091 0.446409 1.43721 128 128 128
1.41352 0.428223 1.43444 128 128 128
1.4159 0.41004 1.43166 128 128 128
1.42014 0.392441 1.43097 128 128 128
1.4325 0.37701 1.4386 128 128 128
1.43563 0.359051 1.43721 128 128 128
1.43152 0.339403 1.42889 128 128 128
1.43487 0.321652 1.4282 128 128 128
1.4366 0.303571 1.42611 128 128 128
1.44092 0.28606 1.42681 128 128 128
1.44928 0.269283 1.43166 128 128 128
1.44821 0.250736 1.4275 128 128 128
1.45189 0.23306 1.4282 128 128 128
1.45536 0.215332 1.42889 128 128 128
1.46146 0.197943 1.43236 128 128 128
1.4602 0.17955 1.42889 128 128 128
1.46373 0.161778 1.43028 128 128 128
1.4613 0.143377 1.42611 128 128 128
1.46798 0.12587 1.43097 128 128 128
1.46869 0.107792 1.43028 128 128 128
1.47278 0.0899402 1.43305 128 128 128
1.47305 0.0718242 1.43236 128 128 128
1.4695 0.0535798 1.4282 128 128 128
1.47725 0.035725 1.43513 128 128 128
1.47326 0.0175378 1.43097 128 128 128
1.48705 -0.000532031 1.44415 128 128 128
1.47757 -0.0186727 1.43513 128 128 128
1.47218 -0.0366834 1.43028 128 128 128
1.48026 -0.0550581 1.4386 128 128 128
1.47804 -0.0731495 1.43721 128 128 128
1.48565 -0.0918051 1.44554 128 128 128
1.47939 -0.109662 1.44068 128 128 128
1.47793 -0.127809 1.44068 128 128 128
1.47625 -0.145935 1.44068 128 128 128
1.48079 -0.16475 1.44692 128 128 128
1.47365 -0.182296 1.44207 128 128 128
1.47202 -0.200462 1.44276 128 128 128
-0.912642 -1.86973 2.01572 128 128 128
-0.933901 -1.85518 2.01225 128 128 128
-0.956265 -1.84294 2.01156 128 128 128
-0.981521 -1.83615 2.01711 128 128 128
-1.0071 -1.82964 2.02335 128 128 128
-1.02841 -1.81527 2.02127 128 128 128
-1.05532 -1.8106 2.03029 128 128 128
-1.0893 -1.8173 2.05248 128 128 128
-1.11265 -1.80563 2.05456 128 128 128
-1.13588 -1.79367 2.05665 128 128 128
-1.15937 -1.78201 2.05942 128 128 128
-1.21593 -1.81978 2.11977 128 128 128
-1.37493 -2.0044 2.35284 128 128 128
-1.40564 -1.99622 2.36324 128 128 128
-1.42961 -1.97823 2.36255 128 128 128
-1.45764 -1.96575 2.36879 128 128 128
-1.48731 -1.95517 2.37781 128 128 128
-1.51784 -1.9453 2.38821 128 128 128
-1.54429 -1.9299 2.39237 128 128 128
-1.57471 -1.91916 2.40278 128 128 128
-1.6037 -1.90631 2.4111 128 128 128
-1.64201 -1.90395 2.4333 128 128 128
-0.591667 -0.667626 0.871192 128 128 128
-0.604165 -0.665122 0.877435 128 128 128
-0.61522 -0.660827 0.881597 128 128 128
-1.70368 -1.78977 2.39168 128 128 128
-0.64784 -0.662555 0.904487 128 128 128
-1.74419 -1.70218 2.35908 128 128 128
-1.74462 -1.66126 2.33203 128 128 128
-1.74061 -1.61716 2.30012 128 128 128
-1.75819 -1.59374 2.29734 128 128 128
-1.78193 -1.57587 2.30289 128 128 128
-1.80059 -1.55341 2.3022 128 128 128
-1.81787 -1.5298 2.30012 128 128 128
-1.84763 -1.51653 2.31399 128 128 128
-1.87172 -1.49825 2.32093 128 128 128
-1.89621 -1.48004 2.32856 128 128 128
-1.92454 -1.46452 2.34104 128 128 128
-2.01349 -1.49363 2.42636 128 128 128
-2.12677 -1.53766 2.53943 128 128 128
-2.14725 -1.51269 2.54151 128 128 128
-2.16268 -1.48419 2.53804 128 128 128
-2.18133 -1.45794 2.53873 128 128 128
-2.21173 -1.43932 2.5533 128 128 128
-2.23531 -1.41593 2.56024 128 128 128
-2.26906 -1.3986 2.57897 128 128 128
-2.28606 -1.37065 2.57897 128 128 128
-2.31577 -1.35012 2.59353 128 128 128
-2.32151 -1.31556 2.58174 128 128 128
-2.34442 -1.2908 2.58937 128 128 128
-2.37342 -1.26907 2.60394 128 128 128
-2.39648 -1.24384 2.61226 128 128 128
-2.42829 -1.22277 2.6303 128 128 128
-2.42758 -1.18528 2.61365 128 128 128
-2.44259 -1.15571 2.61434 128 128 128
-2.46248 -1.12836 2.62059 128 128 128
-2.48404 -1.10156 2.62891 128 128 128
-2.50532 -1.07441 2.63723 128 128 128
-2.51964 -1.04413 2.63862 128 128 128
-2.53962 -1.01608 2.64625 128 128 128
-2.55055 -0.984322 2.64486 128 128 128
-2.55097 -0.948674 2.63307 128 128 128
-2.55441 -0.879208 2.61365 128 128 128
-2.6512 -0.804716 2.68024 128 128 128
-2.64151 -0.766489 2.66082 128 128 128
-2.65627 -0.735557 2.66637 128 128 128
-2.38376 -0.62852 2.38613 128 128 128
-2.36055 -0.591495 2.35561 128 128 128
-1.18091 0.12603 1.09347 128 128 128
-2.42468 0.508372 2.26585 128 128 128
-2.41321 0.536953 2.26114 128 128 128
-2.37404 0.558831 2.23088 128 128 128
-2.36126 0.586483 2.22549 128 128 128
-2.34816 0.613906 2.22011 128 128 128
-2.33902 0.642281 2.21877 128 128 128
-2.30396 0.663102 2.19321 128 128 128
-2.27724 0.68574 2.17572 128 128 128
-2.26653 0.712963 2.1737 128 128 128
-2.21194 0.725632 2.12998 128 128 128
-2.22526 0.760426 2.15151 128 128 128
-2.16328 0.859905 2.12998 128 128 128
-2.14642 0.883838 2.12393 128 128 128
-2.12317 0.904863 2.11182 128 128 128
-2.09567 0.923651 2.09568 128 128 128
-2.07812 0.946525 2.08962 128 128 128
-2.05899 0.968475 2.08222 128 128 128
-2.04097 0.990748 2.07617 128 128 128
-2.01874 1.01073 2.06608 128 128 128
-1.9937 1.02895 2.0533 128 128 128
-1.98354 1.05473 2.05599 128 128 128
-1.94646 1.06579 2.03111 128 128 128
-1.92165 1.08303 2.019 128 128 128
-1.90501 1.10467 2.01563 128 128 128
-1.86593 1.11274 1.98873 128 128 128
-1.85465 1.13711 1.99142 128 128 128
-1.82868 1.15226 1.97864 128 128 128
-1.81378 1.17421 1.97797 128 128 128
-1.79308 1.19227 1.97124 128 128 128
-1.78015 1.21544 1.97326 128 128 128
-1.76207 1.23506 1.9699 128 128 128
-1.7258 1.24142 1.94635 128 128 128
-1.69498 1.25104 1.92887 128 128 128
-1.28554 0.97197 1.47888 128 128 128
-1.27585 0.989494 1.48157 128 128 128
-1.27516 1.01432 1.49502 128 128 128
-1.53317 1.25196 1.81317 128 128 128
-1.59639 1.3369 1.90667 128 128 128
-1.5653 1.34383 1.88918 128 128 128
-1.55368 1.36734 1.89524 128 128 128
-1.51869 1.36991 1.87304 128 128 128
-1.49526 1.3824 1.86497 128 128 128
-1.4755 1.39809 1.8616 128 128 128
-1.44976 1.40782 1.85084 128 128 128
-1.42662 1.41975 1.84344 128 128 128
-1.39203 1.41967 1.82125 128 128 128
-1.37808 1.4404 1.82595 128 128 128
-1.35476 1.45124 1.81856 128 128 128
-1.33287 1.46337 1.81317 128 128 128
-1.3055 1.46908 1.80039 128 128 128
-1.28834 1.48611 1.80174 128 128 128
-1.26334 1.49388 1.79232 128 128 128
-0.907877 1.09855 1.30938 128 128 128
-0.894791 1.11018 1.31005 128 128 128
-0.897943 1.14267 1.33494 128 128 128
-1.08771 1.42156 1.64098 128 128 128
-1.15217 1.54536 1.76609 128 128 128
-1.13312 1.55938 1.76609 128 128 128
-1.1058 1.56167 1.75331 128 128 128
-1.08446 1.57208 1.74995 128 128 128
-1.05358 1.56804 1.73111 128 128 128
-1.03103 1.57589 1.72573 128 128 128
-1.00646 1.58029 1.71699 128 128 128
-0.980785 1.58244 1.70623 128 128 128
-0.95901 1.59055 1.70219 128 128 128
-0.931223 1.58813 1.68739 128 128 128
-0.908746 1.59429 1.68201 128 128 128
-0.884475 1.5969 1.67327 128 128 128
-0.858883 1.59653 1.66183 128 128 128
-0.836841 1.60236 1.65713 128 128 128
-0.825098 1.62837 1.67327 128 128 128
-0.799537 1.62707 1.66183 128 128 128
-0.772867 1.62271 1.64771 128 128 128
-0.748582 1.62265 1.63829 128 128 128
-0.723516 1.62021 1.62686 128 128 128
-0.702996 1.62761 1.62551 128 128 128
-0.681271 1.63201 1.62148 128 128 128
-0.657895 1.632 1.61341 128 128 128
-0.640215 1.64617 1.61946 128 128 128
-0.62177 1.65876 1.62417 128 128 128
-0.602116 1.66835 1.62618 128 128 128
-0.576061 1.65952 1.61071 128 128 128
-0.557278 1.67138 1.61542 128 128 128
-0.531139 1.66046 1.59861 128 128 128
-0.507287 1.65552 1.58785 128 128 128
-0.489818 1.67157 1.59726 128 128 128
-0.464532 1.66034 1.58112 128 128 128
-0.447139 1.67737 1.59188 128 128 128
-0.424364 1.67411 1.58381 128 128 128
-0.399857 1.66264 1.56834 128 128 128
-0.378451 1.66308 1.5643 128 128 128
-0.357861 1.66688 1.56363 128 128 128
-0.334492 1.65663 1.55018 128 128 128
-0.312784 1.65334 1.54345 128 128 128
-0.289689 1.64101 1.52865 128 128 128
-0.267414 1.63129 1.51655 128 128 128
-0.24553 1.622 1.50511 128 128 128
-0.225906 1.6271 1.50713 128 128 128
-0.205831 1.62901 1.50646 128 128 128
-0.184603 1.62038 1.49637 128 128 128
-0.168691 1.66303 1.53336 128 128 128
-0.123911 1.61353 1.48493 128 128 128
1.25431 0.960467 1.44996 128 128 128
1.24698 0.930898 1.42843 128 128 128
1.13896 0.829269 1.29458 128 128 128
1.14663 0.813526 1.29189 128 128 128
1.15286 0.796882 1.28785 128 128 128
1.16625 0.785141 1.29189 128 128 128
1.17331 0.769156 1.2892 128 128 128
1.17141 0.747575 1.27709 128 128 128
1.17861 0.731979 1.27507 128 128 128
1.19512 0.722025 1.28315 128 128 128
1.20325 0.706932 1.28247 128 128 128
1.24209 0.709254 1.31409 128 128 128
1.32308 0.71274 1.38 128 128 128
1.36983 0.716213 1.41902 128 128 128
1.39372 0.707001 1.43449 128 128 128
1.38832 0.68303 1.42036 128 128 128
1.40864 0.671635 1.43247 128 128 128
1.41678 0.654299 1.43247 128 128 128
1.43485 0.641361 1.44256 128 128 128
1.43105 0.618749 1.43112 128 128 128
1.43511 0.599726 1.42776 128 128 128
1.43343 0.578498 1.41902 128 128 128
1.44526 0.562728 1.42372 128 128 128
1.45691 0.546755 1.42843 128 128 128
1.46072 0.527838 1.42574 128 128 128
1.46639 0.509632 1.42507 128 128 128
1.46762 0.489974 1.42036 128 128 128
1.45447 0.465895 1.4022 128 128 128
1.48274 0.454884 1.42372 128 128 128
1.49745 0.439333 1.43247 128 128 128
1.48918 0.417174 1.41969 128 128 128
1.49061 0.397926 1.41633 128 128 128
1.49538 0.379604 1.41633 128 128 128
1.50064 0.361395 1.417 128 128 128
1.5194 0.346195 1.43045 128 128 128
1.50689 0.323999 1.41498 128 128 128
1.5122 0.305772 1.41633 128 128 128
1.5122 0.286515 1.41296 128 128 128
1.51123 0.267177 1.40893 128 128 128
1.51366 0.248495 1.40825 128 128 128
1.52465 0.231095 1.41565 128 128 128
1.50098 0.208784 1.39144 128 128 128
1.52619 0.193156 1.41229 128 128 128
1.54389 0.176124 1.42642 128 128 128
1.529 0.155498 1.41094 128 128 128
1.53005 0.136659 1.41027 128 128 128
1.53678 0.118254 1.41498 128 128 128
1.53221 0.0990236 1.4096 128 128 128
1.54292 0.0806851 1.41834 128 128 128
1.54157 0.0616634 1.41633 128 128 128
1.53112 0.0424695 1.40624 128 128 128
1.5552 0.0239664 1.42776 128 128 128
1.53392 0.0048811 1.40825 128 128 128
1.54052 -0.0140249 1.41431 128 128 128
1.55207 -0.0332196 1.42507 128 128 128
1.55968 -0.0525634 1.43247 128 128 128
1.54931 -0.0712266 1.42372 128 128 128
1.55792 -0.0908241 1.43247 128 128 128
1.56038 -0.110208 1.43583 128 128 128
1.55596 -0.129094 1.43314 128 128 128
1.55573 -0.148323 1.43449 128 128 128
1.55232 -0.16724 1.43314 128 128 128
1.55236 -0.186548 1.43516 128 128 128
1.55288 -0.205983 1.43785 128 128 128
1.55536 -0.225784 1.44256 128 128 128
1.54079 -0.242972 1.4318 128 128 128
1.54717 -0.263507 1.44054 128 128 128
1.55036 -0.283692 1.44659 128 128 128
1.53515 -0.300386 1.43583 128 128 128
1.54511 -0.322115 1.44861 128 128 128
1.54104 -0.341051 1.44861 128 128 128
1.5353 -0.359594 1.44727 128 128 128
1.53364 -0.379127 1.44996 128 128 128
1.53316 -0.39905 1.45399 128 128 128
1.52672 -0.41744 1.45265 128 128 128
1.51722 -0.434907 1.44861 128 128 128
1.51956 -0.455856 1.45601 128 128 128
1.51667 -0.475363 1.4587 128 128 128
1.51564 -0.495564 1.46341 128 128 128
1.51575 -0.516293 1.46946 128 128 128
1.49745 -0.530616 1.45803 128 128 128
1.48944 -0.548437 1.45668 128 128 128
1.39216 -0.531781 1.36857 128 128 128
1.36766 -0.54168 1.35108 128 128 128
1.34998 -0.553891 1.34032 128 128 128
1.34512 -0.57129 1.34234 128 128 128
1.3353 -0.586554 1.33965 128 128 128
1.32733 -0.602588 1.33897 128 128 128
1.31983 -0.618831 1.33897 128 128 128
1.32212 -0.63985 1.34906 128 128 128
1.3221 -0.660019 1.35713 128 128 128
-0.514118 -1.96964 1.86429 128 128 128
-0.633614 -2.01611 1.93492 128 128 128
-0.659468 -2.0117 1.93828 128 128 128
-0.69205 -2.02654 1.96048 128 128 128
-0.716617 -2.0172 1.95981 128 128 128
-0.742091 -2.01034 1.96182 128 128 128
-0.768037 -2.00453 1.96519 128 128 128
-0.7956 -2.00251 1.97259 128 128 128
-0.823513 -2.0008 1.98066 128 128 128
-0.850337 -1.99599 1.98604 128 128 128
-0.877166 -1.99081 1.99142 128 128 128
-0.909851 -1.99806 2.00958 128 128 128
-0.938099 -1.99477 2.01765 128 128 128
-0.954716 -1.96715 2.00151 128 128 128
-0.998416 -1.99428 2.04119 128 128 128
-1.03236 -2.00027 2.06003 128 128 128
-1.05892 -1.99137 2.06406 128 128 128
-1.09006 -1.99054 2.07684 128 128 128
-1.12206 -1.99054 2.09097 128 128 128
-1.15721 -1.99516 2.11048 128 128 128
-1.31819 -2.20866 2.35195 128 128 128
-1.35646 -2.21058 2.37145 128 128 128
-1.38506 -2.19627 2.37414 128 128 128
-1.41635 -2.18593 2.38154 128 128 128
-1.4332 -2.15362 2.3654 128 128 128
-1.47459 -2.15784 2.38961 128 128 128
-1.51716 -2.16257 2.41517 128 128 128
-1.54878 -2.15098 2.42325 128 128 128
-1.5733 -2.12944 2.42056 128 128 128
-1.61589 -2.13176 2.44544 128 128 128
-1.631 -2.09777 2.4293 128 128 128
-1.63951 -2.05622 2.40441 128 128 128
-1.66415 -2.03538 2.40374 128 128 128
-1.67328 -1.99612 2.38154 128 128 128
-1.67928 -1.95414 2.35598 128 128 128
-1.64872 -1.87186 2.28132 128 128 128
-1.67704 -1.85751 2.28872 128 128 128
-0.656115 -0.713513 0.895041 128 128 128
-0.687274 -0.728987 0.924637 128 128 128
-1.75306 -1.80353 2.30016 128 128 128
-0.651583 -0.658533 0.856029 128 128 128
-1.94099 -1.85462 2.45419 128 128 128
-2.03842 -1.90016 2.54701 128 128 128
-2.06762 -1.88047 2.55441 128 128 128
-2.10273 -1.86574 2.56921 128 128 128
-2.13163 -1.84511 2.5766 128 128 128
-2.16657 -1.8293 2.5914 128 128 128
-2.18142 -1.79647 2.58266 128 128 128
-2.20561 -1.77141 2.58535 128 128 128
-2.22952 -1.74604 2.58804 128 128 128
-2.25726 -1.72347 2.59544 128 128 128
-2.28537 -1.70093 2.60351 128 128 128
-2.30847 -1.67449 2.6062 128 128 128
-2.32884 -1.64604 2.6062 128 128 128
-2.34887 -1.61734 2.6062 128 128 128
-2.38207 -1.59743 2.621 128 128 128
-2.40088 -1.56768 2.62032 128 128 128
-2.41806 -1.53691 2.61831 128 128 128
-2.44115 -1.50984 2.62302 128 128 128
-2.46457 -1.48281 2.6284 128 128 128
-2.5203 -1.47444 2.66808 128 128 128
-2.5601 -1.4558 2.69095 128 128 128
-2.57518 -1.42284 2.68826 128 128 128
-2.6068 -1.39881 2.70306 128 128 128
-2.63231 -1.37114 2.7118 128 128 128
-2.64233 -1.33541 2.70508 128 128 128
-2.66716 -1.30711 2.71382 128 128 128
-2.64487 -1.25625 2.67548 128 128 128
-2.65941 -1.22339 2.67481 128 128 128
-2.67423 -1.19066 2.67481 128 128 128
-2.67299 -1.15105 2.65934 128 128 128
-2.68008 -1.11533 2.65261 128 128 128
-2.69975 -1.08483 2.65866 128 128 128
-2.69698 -1.04549 2.64319 128 128 128
-2.69296 -1.00613 2.62705 128 128 128
-2.7051 -0.973007 2.62705 128 128 128
-2.70774 -0.936609 2.61831 128 128 128
-2.7113 -0.900758 2.61091 128 128 128
-2.72215 -0.867418 2.61091 128 128 128
-2.71701 -0.829223 2.59611 128 128 128
-2.73409 -0.797879 2.60284 128 128 128
-2.73512 -0.7619 2.59477 128 128 128
-2.74211 -0.727712 2.59275 128 128 128
-2.74151 -0.691671 2.584 128 128 128
-2.72891 -0.653019 2.5645 128 128 128
-2.60748 -0.590467 2.4441 128 128 128
-2.63062 -0.528175 2.45284 128 128 128
-2.69874 -0.507363 2.51001 128 128 128
-2.69893 -0.473196 2.50463 128 128 128
-2.69722 -0.438865 2.49791 128 128 128
-2.69289 -0.404322 2.48916 128 128 128
-2.70352 -0.372042 2.49454 128 128 128
-2.4995 0.344916 2.20269 128 128 128
-2.50853 0.377578 2.21448 128 128 128
-2.47097 0.434206 2.19024 128 128 128
-2.46249 0.463939 2.18762 128 128 128
-2.44476 0.491746 2.17714 128 128 128
-2.36034 0.565939 2.11949 128 128 128
-2.34882 0.593754 2.11556 128 128 128
-2.29243 0.609558 2.07166 128 128 128
-2.34227 0.653649 2.12342 128 128 128
-2.3203 0.678324 2.11097 128 128 128
-2.29301 0.701016 2.09394 128 128 128
-2.28207 0.728415 2.09197 128 128 128
-2.25719 0.751127 2.07756 128 128 128
-2.23923 0.775808 2.0697 128 128 128
-2.22243 0.800672 2.06315 128 128 128
-1.28596 0.481926 1.20557 128 128 128
-2.19296 0.851424 2.05463 128 128 128
-2.17463 0.875173 2.04742 128 128 128
-2.15605 0.898602 2.04022 128 128 128
-2.13099 0.919018 2.02711 128 128 128
-2.10298 0.937727 2.01139 128 128 128
-2.09338 0.96441 2.01336 128 128 128
-2.06705 0.983221 1.9996 128 128 128
-2.05212 1.00718 1.99698 128 128 128
-2.02409 1.02445 1.98191 128 128 128
-2.00534 1.04608 1.97601 128 128 128
-1.97437 1.06096 1.95832 128 128 128
-1.94203 1.07452 1.93933 128 128 128
-1.93001 1.09902 1.94064 128 128 128
-1.90268 1.11461 1.92688 128 128 128
-1.88368 1.13476 1.92164 128 128 128
-1.86319 1.15381 1.91509 128 128 128
-1.83677 1.16889 1.90264 128 128 128
-1.82292 1.19176 1.90329 128 128 128
-1.80126 1.20941 1.89609 128 128 128
-1.78255 1.22885 1.89216 128 128 128
-1.76178 1.24671 1.88626 128 128 128
-1.62218 1.17821 1.75327 128 128 128
-1.29422 0.96488 1.41456 128 128 128
-1.29729 0.992149 1.43094 128 128 128
-1.29811 1.01824 1.44535 128 128 128
-1.62958 1.31031 1.82795 128 128 128
-1.62096 1.33645 1.83647 128 128 128
-1.59635 1.34942 1.8273 128 128 128
-1.57396 1.36396 1.82075 128 128 128
-1.54015 1.36813 1.80109 128 128 128
-1.51262 1.37728 1.78864 128 128 128
-1.49008 1.39058 1.78209 128 128 128
-1.46252 1.39885 1.76964 128 128 128
-1.4393 1.41088 1.76244 128 128 128
-1.42242 1.42897 1.76309 128 128 128
-1.40214 1.44361 1.75982 128 128 128
-1.3786 1.45468 1.75261 128 128 128
-1.35191 1.46207 1.74147 128 128 128
-1.33387 1.47855 1.74147 128 128 128
-1.31063 1.48914 1.73492 128 128 128
-0.94742 1.10414 1.27633 128 128 128
-0.916805 1.09542 1.2534 128 128 128
-0.918603 1.1253 1.27436 128 128 128
-0.908494 1.14121 1.2796 128 128 128
-1.18901 1.53092 1.69561 128 128 128
-1.17607 1.55323 1.70413 128 128 128
-1.14749 1.55478 1.69037 128 128 128
-1.12126 1.55894 1.67989 128 128 128
-1.09597 1.56393 1.67072 128 128 128
-1.07456 1.57414 1.66744 128 128 128
-1.04846 1.57715 1.65696 128 128 128
-1.0167 1.57088 1.63731 128 128 128
-0.998552 1.58515 1.63927 128 128 128
-0.971512 1.58505 1.62682 128 128 128
-0.945789 1.58648 1.61634 128 128 128
-0.922075 1.59078 1.60914 128 128 128
-0.902856 1.60263 1.60979 128 128 128
-0.880941 1.60962 1.60586 128 128 128
-0.861122 1.62031 1.60586 128 128 128
1.27881 1.01829 1.43225 128 128 128
1.29598 1.00623 1.43749 128 128 128
1.30884 0.990704 1.43815 128 128 128
1.30996 0.966483 1.42635 128 128 128
1.22096 0.789795 1.27567 128 128 128
1.20884 0.761042 1.2534 128 128 128
1.22388 0.749709 1.25929 128 128 128
1.23429 0.735408 1.2606 128 128 128
1.23407 0.714894 1.25143 128 128 128
1.23025 0.692639 1.23898 128 128 128
1.26516 0.692022 1.26519 128 128 128
1.41759 0.753157 1.4067 128 128 128
1.44015 0.742643 1.4198 128 128 128
1.4451 0.722882 1.41587 128 128 128
1.45386 0.705094 1.41587 128 128 128
1.4501 0.681404 1.40408 128 128 128
1.45011 0.659795 1.39622 128 128 128
1.47261 0.648358 1.40997 128 128 128
1.47976 0.629941 1.40932 128 128 128
1.48808 0.612023 1.40997 128 128 128
1.48775 0.590641 1.40277 128 128 128
1.51111 0.578569 1.41784 128 128 128
1.49401 0.551068 1.39556 128 128 128
1.52059 0.53979 1.41391 128 128 128
1.52066 0.518887 1.40801 128 128 128
1.52835 0.500659 1.40932 128 128 128
1.53726 0.482774 1.41194 128 128 128
1.53801 0.462346 1.40735 128 128 128
1.54719 0.444484 1.41063 128 128 128
1.54452 0.42326 1.40342 128 128 128
1.5474 0.4037 1.40146 128 128 128
1.55298 0.384863 1.40211 128 128 128
1.55758 0.365776 1.40211 128 128 128
1.56195 0.346635 1.40211 128 128 128
1.56905 0.328063 1.40473 128 128 128
1.57221 0.308637 1.40408 128 128 128
1.57142 0.288497 1.40015 128 128 128
1.57261 0.268808 1.39818 128 128 128
1.58698 0.251273 1.40801 128 128 128
1.58098 0.230462 1.40015 128 128 128
1.58369 0.211044 1.40015 128 128 128
1.58466 0.191411 1.39884 128 128 128
1.58839 0.172114 1.40015 128 128 128
1.59038 0.15261 1.40015 128 128 128
1.58762 0.132699 1.39622 128 128 128
1.59742 0.113806 1.40342 128 128 128
1.59266 0.093833 1.39818 128 128 128
1.60124 0.074641 1.40473 128 128 128
1.59675 0.054799 1.40015 128 128 128
1.61241 0.0355486 1.41325 128 128 128
1.61045 0.0157348 1.41128 128 128 128
1.61053 -0.00402916 1.41128 128 128 128
1.61489 -0.0238549 1.41522 128 128 128
1.60617 -0.0434539 1.40801 128 128 128
1.60476 -0.0631318 1.40735 128 128 128
1.60235 -0.0827435 1.40604 128 128 128
1.60574 -0.102685 1.40997 128 128 128
1.60888 -0.122723 1.41391 128 128 128
1.60951 -0.142655 1.41587 128 128 128
1.60914 -0.162545 1.41718 128 128 128
1.60327 -0.181858 1.41391 128 128 128
1.60167 -0.201612 1.41456 128 128 128
1.59608 -0.220841 1.41194 128 128 128
1.60222 -0.241754 1.4198 128 128 128
1.59465 -0.260671 1.41587 128 128 128
-0.645698 -2.11162 1.9295 128 128 128
-0.670645 -2.10066 1.92688 128 128 128
-0.70042 -2.10446 1.93801 128 128 128
-0.747914 -2.15855 1.99567 128 128 128
-0.768213 -2.13214 1.97994 128 128 128
-0.796698 -2.12892 1.98584 128 128 128
-0.835319 -2.15139 2.01598 128 128 128
-0.861376 -2.14028 2.01532 128 128 128
-0.890477 -2.13652 2.02187 128 128 128
-0.921706 -2.13723 2.03301 128 128 128
-0.946021 -2.12162 2.02908 128 128 128
-0.973563 -2.11328 2.03235 128 128 128
-1.0072 -2.11756 2.04808 128 128 128
-1.04208 -2.12335 2.06577 128 128 128
-1.06636 -2.10703 2.06249 128 128 128
-1.09179 -2.09312 2.06184 128 128 128
-1.12025 -2.08489 2.06708 128 128 128
-1.14648 -2.07231 2.06839 128 128 128
-1.17817 -2.06925 2.07952 128 128 128
-1.20424 -2.05594 2.08083 128 128 128
-1.24768 -2.07144 2.11163 128 128 128
-1.32505 -2.14015 2.19745 128 128 128
-1.45371 -2.28507 2.3632 128 128 128
-1.50064 -2.29616 2.39333 128 128 128
-1.5245 -2.2713 2.38678 128 128 128
-1.54754 -2.24557 2.37958 128 128 128
-1.57019 -2.21962 2.37237 128 128 128
-1.58755 -2.18673 2.35796 128 128 128
-1.60886 -2.15981 2.3501 128 128 128
-1.58757 -2.07745 2.28196 128 128 128
-1.60037 -2.04174 2.26427 128 128 128
-1.63003 -2.02784 2.27082 128 128 128
-1.6668 -2.02227 2.2872 128 128 128
-1.68857 -1.9982 2.28327 128 128 128
-1.74015 -2.00875 2.3193 128 128 128
-1.79725 -2.02399 2.36189 128 128 128
-0.623606 -0.683568 0.817076 128 128 128
-0.648428 -0.693552 0.838041 128 128 128
-0.637063 -0.66478 0.813145 128 128 128
-2.04606 -2.08833 2.54991 128 128 128
-0.656931 -0.652679 0.817731 128 128 128
-2.16764 -2.1065 2.63573 128 128 128
-2.14346 -2.03241 2.57612 128 128 128
-2.17046 -2.008 2.57874 128 128 128
-2.20334 -1.98882 2.58857 128 128 128
-2.23552 -1.96862 2.59774 128 128 128
-2.27211 -1.95188 2.61215 128 128 128
-2.31673 -1.94133 2.63573 128 128 128
-2.35265 -1.9228 2.64949 128 128 128
-2.39143 -1.90604 2.66653 128 128 128
-2.4206 -1.88119 2.67308 128 128 128
-2.44952 -1.85591 2.67963 128 128 128
-2.47151 -1.82526 2.67897 128 128 128
-2.50291 -1.80142 2.6888 128 128 128
-2.51556 -1.76405 2.67897 128 128 128
-2.52766 -1.72665 2.66915 128 128 128
-2.5562 -1.70053 2.67701 128 128 128
-2.56927 -1.6641 2.66915 128 128 128
-2.59014 -1.63285 2.6698 128 128 128
-2.59582 -1.59224 2.65539 128 128 128
-2.61516 -1.56027 2.65539 128 128 128
-2.61059 -1.5144 2.6318 128 128 128
-2.63095 -1.48336 2.63377 128 128 128
-2.63902 -1.44552 2.62394 128 128 128
-2.64989 -1.40947 2.61739 128 128 128
-2.66565 -1.37615 2.61608 128 128 128
-2.66005 -1.33216 2.59446 128 128 128
-2.67348 -1.2981 2.59184 128 128 128
-2.65982 -1.25135 2.56367 128 128 128
-2.69147 -1.22614 2.57939 128 128 128
-2.70562 -1.19271 2.57874 128 128 128
-2.70408 -1.1526 2.56367 128 128 128
-2.71103 -1.11645 2.55712 128 128 128
-2.70417 -1.07499 2.53812 128 128 128
-2.71645 -1.04145 2.53746 128 128 128
-2.7269 -1.00725 2.5355 128 128 128
-2.73001 -0.821993 2.48702 128 128 128
-2.77547 -0.798687 2.51912 128 128 128
-2.76976 -0.760359 2.50536 128 128 128
-2.76134 -0.721718 2.48964 128 128 128
-2.76339 -0.686135 2.48374 128 128 128
-2.66719 -0.62754 2.39071 128 128 128
-2.71746 -0.604299 2.42871 128 128 128
-2.46868 0.501682 2.07824 128 128 128
-2.44873 0.528972 2.06684 128 128 128
-2.43527 0.557415 2.06114 128 128 128
-2.41171 0.583224 2.04721 128 128 128
-2.38263 0.607191 2.02884 128 128 128
-2.36828 0.634568 2.02314 128 128 128
-2.35287 0.661474 2.0168 128 128 128
-2.33715 0.688097 2.01047 128 128 128
-2.32336 0.715122 2.00604 128 128 128
-2.30925 0.741912 2.0016 128 128 128
-2.29851 0.7697 2.00034 128 128 128
-2.19819 0.858078 1.94776 128 128 128
-2.19825 0.889364 1.95727 128 128 128
-2.17362 0.910564 1.94523 128 128 128
-2.15022 0.931913 1.93446 128 128 128
-2.11322 0.946786 1.91166 128 128 128
-2.09302 0.96873 1.90406 128 128 128
-2.074 0.99099 1.89773 128 128 128
-2.04297 1.00709 1.88063 128 128 128
-2.02908 1.03138 1.87936 128 128 128
-2.00326 1.04935 1.86733 128 128 128
-1.98275 1.0698 1.86036 128 128 128
-1.96744 1.09292 1.85846 128 128 128
-1.94784 1.11351 1.85276 128 128 128
-1.92804 1.13378 1.84706 128 128 128
-1.90802 1.15374 1.84136 128 128 128
-1.88191 1.16969 1.82996 128 128 128
-1.86351 1.19019 1.82616 128 128 128
-1.84424 1.20999 1.82172 128 128 128
-1.81259 1.22125 1.80525 128 128 128
-1.78984 1.2381 1.79765 128 128 128
-1.76191 1.25098 1.78499 128 128 128
-1.3262 0.964885 1.35872 128 128 128
-1.29569 0.967145 1.33972 128 128 128
-1.30641 1.00045 1.36315 128 128 128
-1.4774 1.16129 1.55444 128 128 128
-1.63499 1.31867 1.73558 128 128 128
-1.60916 1.33072 1.72545 128 128 128
-1.58976 1.34786 1.72228 128 128 128
-1.56844 1.3632 1.71721 128 128 128
-1.54871 1.37976 1.71405 128 128 128
-1.52026 1.3882 1.70138 128 128 128
-1.50198 1.40569 1.70011 128 128 128
-1.48183 1.42133 1.69695 128 128 128
-1.45382 1.42908 1.68491 128 128 128
-1.43617 1.44681 1.68491 128 128 128
-1.41347 1.45931 1.67921 128 128 128
-1.39387 1.47485 1.67731 128 128 128
-1.36258 1.4776 1.66148 128 128 128
-1.3397 1.48902 1.65578 128 128 128
-1.247 1.42026 1.5633 128 128 128
-0.929344 1.08323 1.18454 128 128 128
-0.931809 1.11359 1.20481 128 128 128
-0.937565 1.14899 1.23014 128 128 128
-1.19309 1.50159 1.5861 128 128 128
-1.18733 1.53266 1.60321 128 128 128
-1.16564 1.54341 1.59941 128 128 128
-1.14433 1.55447 1.59624 128 128 128
-1.12292 1.56525 1.59307 128 128 128
-1.08949 1.55858 1.5728 128 128 128
-1.06724 1.56735 1.56837 128 128 128
-1.04282 1.57257 1.56077 128 128 128
-1.02093 1.58135 1.55697 128 128 128
-0.999398 1.59047 1.5538 128 128 128
-0.978599 1.60063 1.5519 128 128 128
-0.954552 1.60519 1.54493 128 128 128
-0.930154 1.60874 1.53733 128 128 128
-0.907701 1.6153 1.5329 128 128 128
-0.88781 1.62632 1.5329 128 128 128
-0.863458 1.62887 1.5253 128 128 128
-0.840587 1.63384 1.52023 128 128 128
-0.818411 1.63987 1.51643 128 128 128
-0.79655 1.6463 1.51327 128 128 128
-0.774654 1.65244 1.5101 128 128 128
-0.74923 1.65054 1.49996 128 128 128
-0.723661 1.64755 1.4892 128 128 128
-0.700683 1.64989 1.4835 128 128 128
-0.674547 1.64403 1.47083 128 128 128
-0.65036 1.6421 1.46196 128 128 128
-0.63016 1.64996 1.46196 128 128 128
-0.608539 1.65393 1.4588 128 128 128
-0.590247 1.66711 1.46386 128 128 128
-0.563809 1.65663 1.44866 128 128 128
-0.539624 1.65165 1.43853 128 128 128
-0.516106 1.6478 1.42966 128 128 128
-0.494085 1.64807 1.42459 128 128 128
-0.472135 1.64806 1.41953 128 128 128
-0.448847 1.64252 1.41002 128 128 128
-0.42673 1.64041 1.40369 128 128 128
-0.406568 1.64552 1.40369 128 128 128
-0.385473 1.64662 1.40052 128 128 128
-0.366062 1.655 1.40369 128 128 128
-0.345102 1.65634 1.40116 128 128 128
-0.320213 1.63689 1.38152 128 128 128
-0.30202 1.65136 1.39039 128 128 128
-0.282499 1.65952 1.39419 128 128 128
-0.261876 1.66134 1.39292 128 128 128
-0.241033 1.66136 1.39039 128 128 128
-0.220031 1.65959 1.38659 128 128 128
-0.198837 1.65525 1.38089 128 128 128
-0.177784 1.65064 1.37519 128 128 128
-0.157515 1.65269 1.37519 128 128 128
-0.136173 1.64139 1.36442 128 128 128
-0.115654 1.63753 1.35999 128 128 128
-0.0959355 1.64578 1.36569 128 128 128
-0.0759319 1.65147 1.36949 128 128 128
-0.05566 1.65228 1.36949 128 128 128
0.905802 1.21402 1.25611 128 128 128
0.921104 1.20342 1.25675 128 128 128
0.972192 1.17763 1.26625 128 128 128
0.983058 1.16149 1.26181 128 128 128
1.01658 1.17149 1.28588 128 128 128
1.02004 1.14682 1.27258 128 128 128
1.04136 1.1422 1.28145 128 128 128
1.0712 1.14625 1.30045 128 128 128
1.09163 1.1397 1.30805 128 128 128
1.12565 1.14659 1.33149 128 128 128
1.27818 1.01649 1.35302 128 128 128
1.29363 1.00309 1.35619 128 128 128
1.30893 0.989466 1.35935 128 128 128
1.3241 0.975615 1.36252 128 128 128
1.33849 0.961091 1.36505 128 128 128
1.35209 0.945918 1.36695 128 128 128
1.35591 0.924048 1.35935 128 128 128
1.37683 0.91373 1.36885 128 128 128
1.39315 0.90011 1.37392 128 128 128
1.39687 0.878435 1.36695 128 128 128
1.2786 0.782845 1.24345 128 128 128
1.28012 0.76237 1.23584 128 128 128
1.2867 0.745061 1.23331 128 128 128
1.28628 0.723932 1.22444 128 128 128
1.31139 0.71695 1.23965 128 128 128
1.33447 0.708377 1.25295 128 128 128
1.51188 0.778243 1.40812 128 128 128
1.51785 0.757912 1.40496 128 128 128
1.51518 0.73353 1.39419 128 128 128
1.52336 0.714555 1.39356 128 128 128
1.52708 0.693581 1.38912 128 128 128
1.53122 0.672934 1.38532 128 128 128
1.55006 0.658601 1.39482 128 128 128
1.55587 0.638655 1.39292 128 128 128
1.56359 0.619514 1.39292 128 128 128
1.56818 0.599183 1.39039 128 128 128
1.57832 0.580955 1.39292 128 128 128
1.5773 0.558723 1.38596 128 128 128
1.58037 0.538089 1.38279 128 128 128
1.58539 0.518178 1.38152 128 128 128
1.59828 0.500747 1.38722 128 128 128
1.59985 0.479775 1.38342 128 128 128
1.60562 0.460106 1.38342 128 128 128
1.61114 0.440368 1.38342 128 128 128
1.61643 0.420564 1.38342 128 128 128
1.61846 0.399962 1.38089 128 128 128
1.61948 0.3792 1.37772 128 128 128
1.62325 0.359133 1.37709 128 128 128
1.63057 0.339809 1.37962 128 128 128
1.63158 0.319188 1.37709 128 128 128
1.6308 0.29832 1.37329 128 128 128
1.63052 0.277646 1.37012 128 128 128
1.64681 0.259628 1.38089 128 128 128
1.64221 0.23831 1.37456 128 128 128
1.64347 0.217941 1.37329 128 128 128
1.64833 0.198027 1.37519 128 128 128
1.65064 0.177784 1.37519 128 128 128
1.65192 0.157444 1.37456 128 128 128
1.65759 0.137469 1.37772 128 128 128
1.65529 0.116856 1.37456 128 128 128
1.65737 0.0965773 1.37519 128 128 128
1.65225 0.0759652 1.37012 128 128 128
1.66388 0.0560172 1.37899 128 128 128
1.67063 0.0357091 1.38406 128 128 128
1.66553 0.0151714 1.37962 128 128 128
1.66404 -0.00525901 1.37836 128 128 128
1.6654 -0.0257073 1.37962 128 128 128
1.67192 -0.0463554 1.38532 128 128 128
1.67123 -0.066869 1.38532 128 128 128
1.67183 -0.0874577 1.38659 128 128 128
1.6714 -0.108019 1.38722 128 128 128
1.67072 -0.128583 1.38786 128 128 128
1.6667 -0.148863 1.38596 128 128 128
1.66629 -0.169465 1.38722 128 128 128
1.6587 -0.189271 1.38279 128 128 128
1.66163 -0.210307 1.38722 128 128 128
1.66812 -0.231987 1.39482 128 128 128
1.66056 -0.251731 1.39102 128 128 128
1.65887 -0.272345 1.39229 128 128 128
1.65616 -0.292818 1.39292 128 128 128
1.657 -0.313997 1.39672 128 128 128
1.65378 -0.334463 1.39736 128 128 128
1.65107 -0.355062 1.39862 128 128 128
1.64885 -0.375819 1.40052 128 128 128
1.64186 -0.395474 1.39862 128 128 128
1.63688 -0.415593 1.39862 128 128 128
1.6451 -0.43928 1.41002 128 128 128
1.63438 -0.457959 1.40559 128 128 128
1.62715 -0.47754 1.40432 128 128 128
1.62412 -0.498389 1.40686 128 128 128
1.61494 -0.517329 1.40432 128 128 128
1.62167 -0.541557 1.41572 128 128 128
1.61563 -0.561673 1.41636 128 128 128
1.60789 -0.581192 1.41572 128 128 128
1.58544 -0.595125 1.40242 128 128 128
1.5845 -0.617082 1.40812 128 128 128
1.58183 -0.638521 1.41256 128 128 128
1.57958 -0.660288 1.41763 128 128 128
1.57987 -0.683333 1.42523 128 128 128
1.56784 -0.701079 1.42206 128 128 128
1.57104 -0.725817 1.43283 128 128 128
1.5655 -0.746716 1.43599 128 128 128
1.55484 -0.765184 1.43473 128 128 128
1.51845 -0.770475 1.41002 128 128 128
1.42535 -0.745066 1.33275 128 128 128
1.42086 -0.765084 1.33719 128 128 128
1.41812 -0.786234 1.34352 128 128 128
1.37746 -1.22648 1.52593 128 128 128
1.36402 -1.24486 1.52783 128 128 128
1.36442 -1.27635 1.54557 128 128 128
1.34309 -1.28762 1.53923 128 128 128
0.686555 -1.61637 1.45373 128 128 128
0.714631 -1.94472 1.71215 128 128 128
0.651385 -1.99694 1.73558 128 128 128
0.625913 -2.00183 1.73305 128 128 128
0.613409 -2.05016 1.76788 128 128 128
0.586935 -2.1535 1.84326 128 128 128
0.55738 -2.14855 1.83312 128 128 128
0.528037 -2.1432 1.82299 128 128 128
0.498909 -2.13745 1.81285 128 128 128
0.469672 -2.1298 1.80145 128 128 128
0.447704 -2.15587 1.81856 128 128 128
0.425313 -2.18248 1.83629 128 128 128
0.374944 -2.21211 1.85276 128 128 128
0.348953 -2.22419 1.85909 128 128 128
0.292671 -2.2198 1.84896 128 128 128
0.116009 -1.20346 1.00593 128 128 128
0.101294 -1.20556 1.00656 128 128 128
0.0858646 -1.19745 0.99896 128 128 128
0.0691528 -1.1621 0.969191 128 128 128
0.0545872 -1.1559 0.963491 128 128 128
0.0407079 -1.16654 0.971725 128 128 128
0.0264612 -1.17082 0.974892 128 128 128
0.0120432 -1.16332 0.968558 128 128 128
-0.00985128 -2.42394 2.00034 128 128 128
-0.039596 -2.42364 2.00034 128 128 128
-0.0693348 -2.42297 2.00034 128 128 128
-0.0991626 -2.42425 2.00224 128 128 128
-0.12916 -2.42749 2.00604 128 128 128
-0.158783 -2.42341 2.00414 128 128 128
-0.188633 -2.42282 2.0054 128 128 128
-0.219843 -2.4365 2.0187 128 128 128
-0.252141 -2.45671 2.0377 128 128 128
-0.284878 -2.47572 2.05607 128 128 128
-0.319212 -2.50274 2.08141 128 128 128
-0.351641 -2.51089 2.09154 128 128 128
-0.383609 -2.51403 2.09788 128 128 128
-0.415069 -2.51295 2.10104 128 128 128
-0.446833 -2.513 2.10548 128 128 128
-0.275278 -1.28513 1.09207 128 128 128
-0.619527 -2.56056 2.17262 128 128 128
-0.655523 -2.57076 2.18782 128 128 128
-0.686013 -2.55878 2.18465 128 128 128
-0.719259 -2.55687 2.19035 128 128 128
-0.750362 -2.54711 2.18972 128 128 128
-0.766441 -2.48893 2.14791 128 128 128
-0.743103 -2.31294 2.00477 128 128 128
-0.766734 -2.28971 1.99273 128 128 128
-0.798617 -2.29108 2.00224 128 128 128
-0.826672 -2.28111 2.00224 128 128 128
-0.855972 -2.27441 2.0054 128 128 128
-0.88495 -2.26662 2.00794 128 128 128
-0.924073 -2.28354 2.03264 128 128 128
-0.95473 -2.27845 2.03834 128 128 128
-0.980454 -2.26159 2.0339 128 128 128
-1.01322 -2.26068 2.04404 128 128 128
-1.06243 -2.29438 2.08584 128 128 128
-1.0818 -2.26303 2.06937 128 128 128
-1.1143 -2.2593 2.07824 128 128 128
-1.15426 -2.26957 2.10041 128 128 128
-1.19032 -2.27098 2.11498 128 128 128
-1.21662 -2.25348 2.11244 128 128 128
-1.25852 -2.26406 2.13651 128 128 128
-1.28582 -2.24778 2.13588 128 128 128
-1.31764 -2.23916 2.14285 128 128 128
-1.34863 -2.22877 2.14855 128 128 128
-1.38121 -2.22058 2.15678 128 128 128
-1.41254 -2.20998 2.16311 128 128 128
-1.44424 -2.19959 2.17008 128 128 128
-1.48066 -2.1958 2.18402 128 128 128
-1.51677 -2.1908 2.19732 128 128 128
-1.55343 -2.18589 2.21125 128 128 128
-1.59888 -2.19226 2.23722 128 128 128
-1.67585 -2.2393 2.30563 128 128 128
-1.82977 -2.38285 2.47537 128 128 128
-1.89726 -2.40879 2.52604 128 128 128
-1.94032 -2.40216 2.54378 128 128 128
-1.96915 -2.37758 2.54314 128 128 128
-2.00922 -2.36619 2.55708 128 128 128
-2.05796 -2.36409 2.58178 128 128 128
-2.09198 -2.34442 2.58811 128 128 128
-2.13262 -2.33169 2.60268 128 128 128
-0.635464 -0.682832 0.779811 128 128 128
-0.636815 -0.667738 0.771577 128 128 128
-0.704776 -0.720438 0.841249 128 128 128
-2.26208 -2.24164 2.62295 128 128 128
-0.708316 -0.689498 0.825414 128 128 128
-2.31021 -2.17962 2.61598 128 128 128
-2.33849 -2.15268 2.61788 128 128 128
-2.35781 -2.11762 2.61028 128 128 128
-2.37488 -2.08089 2.60078 128 128 128
-2.39376 -2.04607 2.59381 128 128 128
-2.43416 -2.02941 2.61028 128 128 128
-2.44566 -1.98866 2.59635 128 128 128
-2.4723 -1.96042 2.59888 128 128 128
-2.48698 -1.92285 2.58938 128 128 128
-2.51039 -1.89218 2.58938 128 128 128
-2.51969 -1.85118 2.57545 128 128 128
-2.54851 -1.82461 2.58178 128 128 128
-2.56499 -1.78922 2.57608 128 128 128
-2.57907 -1.7524 2.56848 128 128 128
-2.59263 -1.71551 2.56088 128 128 128
-2.59916 -1.67437 2.54694 128 128 128
-2.61163 -1.63743 2.53934 128 128 128
-2.61632 -1.59601 2.52477 128 128 128
-2.63304 -1.56221 2.52224 128 128 128
-2.67885 -1.5452 2.54758 128 128 128
-2.66721 -1.49523 2.51907 128 128 128
-2.66291 -1.45021 2.49817 128 128 128
-2.68188 -1.41815 2.49944 128 128 128
-2.68392 -1.37738 2.48551 128 128 128
-2.69993 -1.344 2.48487 128 128 128
-2.70855 -1.30707 2.4779 128 128 128
-2.71737 -1.27047 2.47157 128 128 128
-2.73275 -1.23703 2.47157 128 128 128
-2.73921 -1.19969 2.46397 128 128 128
-2.75444 -1.16629 2.4646 128 128 128
-2.75923 -1.1286 2.45637 128 128 128
-2.76495 -1.09155 2.4494 128 128 128
-2.77741 -1.05726 2.44877 128 128 128
-2.772 -1.01647 2.43293 128 128 128
-2.79376 -0.985704 2.44117 128 128 128
-2.77998 -0.94269 2.419 128 128 128
-2.79134 -0.908504 2.419 128 128 128
-2.79193 -0.870973 2.41013 128 128 128
-2.79499 -0.834444 2.4038 128 128 128
-2.7946 -0.797128 2.39493 128 128 128
-2.79446 -0.76015 2.3867 128 128 128
-2.79908 -0.724644 2.3829 128 128 128
-2.78746 -0.685286 2.3658 128 128 128
-2.82205 -0.657127 2.38796 128 128 128
-2.7547 -0.570702 2.31893 128 128 128
-2.76378 -0.537293 2.32083 128 128 128
-2.7656 -0.502515 2.31703 128 128 128
-2.76469 -0.46739 2.31133 128 128 128
-2.77021 -0.433427 2.31133 128 128 128
-2.76536 -0.397984 2.30309 128 128 128
-2.77388 -0.364516 2.30626 128 128 128
-2.5843 0.361566 2.05216 128 128 128
-2.57265 0.392187 2.04663 128 128 128
-2.53808 0.418867 2.02326 128 128 128
-2.52654 0.448882 2.01834 128 128 128
-2.50999 0.477795 2.00973 128 128 128
-2.48616 0.504961 1.99558 128 128 128
-2.42373 0.585963 1.96176 128 128 128
-2.5073 0.638773 2.03494 128 128 128
-2.38534 0.670519 1.94946 128 128 128
-2.36785 0.697073 1.94208 128 128 128
-2.35836 0.725847 1.94147 128 128 128
-2.33651 0.75064 1.93101 128 128 128
-2.31366 0.774758 1.91994 128 128 128
-2.29206 0.798947 1.9101 128 128 128
-1.26544 0.459329 1.06697 128 128 128
-2.257 0.849411 1.8978 128 128 128
-2.22216 0.867596 1.87751 128 128 128
-2.20769 0.893323 1.87443 128 128 128
-2.19729 0.920652 1.87505 128 128 128
-2.15471 0.934082 1.84861 128 128 128
-2.13229 0.955623 1.83938 128 128 128
-2.11396 0.97874 1.83385 128 128 128
-2.09254 1.00019 1.82585 128 128 128
-2.06454 1.01813 1.81232 128 128 128
-2.05189 1.04339 1.81232 128 128 128
-2.02496 1.06118 1.80002 128 128 128
-2.01178 1.08595 1.80002 128 128 128
-1.99003 1.10597 1.79264 128 128 128
-1.96604 1.12444 1.78342 128 128 128
-1.94937 1.14688 1.78096 128 128 128
-1.93178 1.16868 1.77788 128 128 128
-1.89317 1.17732 1.75574 128 128 128
-1.88656 1.20556 1.76312 128 128 128
-1.85645 1.21868 1.74898 128 128 128
-1.82959 1.23344 1.73791 128 128 128
-1.81042 1.25311 1.73422 128 128 128
-1.33698 0.95038 1.29636 128 128 128
-1.32586 0.967179 1.29697 128 128 128
-1.32273 0.989983 1.30558 128 128 128
-1.3543 1.03971 1.34863 128 128 128
-1.68119 1.32327 1.68564 128 128 128
-1.65807 1.33836 1.67887 128 128 128
-1.63301 1.35157 1.67026 128 128 128
-1.61209 1.36794 1.66596 128 128 128
-1.58685 1.38038 1.65735 128 128 128
-1.56685 1.39713 1.65427 128 128 128
-1.54434 1.41147 1.64874 128 128 128
-1.51078 1.41523 1.63152 128 128 128
-1.49444 1.43476 1.63275 128 128 128
-1.45028 1.42702 1.60385 128 128 128
-1.20483 1.21531 1.35171 128 128 128
-1.05757 1.09354 1.2035 128 128 128
-1.03053 1.09211 1.18812 128 128 128
-1.01224 1.09946 1.18259 128 128 128
-0.977566 1.08835 1.15799 128 128 128
-0.961535 1.09731 1.15492 128 128 128
-0.94338 1.10363 1.14938 128 128 128
-0.945946 1.13449 1.16906 128 128 128
-1.21391 1.49199 1.51714 128 128 128
-1.2225 1.54072 1.55096 128 128 128
-1.19142 1.54003 1.53558 128 128 128
-1.15913 1.53691 1.51837 128 128 128
-1.13691 1.54658 1.51406 128 128 128
-1.11554 1.55721 1.51099 128 128 128
-1.0968 1.57143 1.5116 128 128 128
-1.07255 1.5776 1.50484 128 128 128
-1.05137 1.58801 1.50238 128 128 128
-1.02838 1.5955 1.49746 128 128 128
-1.01082 1.61134 1.50053 128 128 128
-0.985623 1.61487 1.49254 128 128 128
-0.961701 1.62007 1.48639 128 128 128
-0.935433 1.62083 1.47655 128 128 128
-0.920108 1.64043 1.48393 128 128 128
-0.898397 1.64883 1.48147 128 128 128
-0.87551 1.65486 1.47716 128 128 128
-0.849725 1.65496 1.46794 128 128 128
-0.810337 1.62716 1.43473 128 128 128
-0.796147 1.64905 1.44518 128 128 128
-0.773842 1.65441 1.44149 128 128 128
-0.752504 1.66163 1.43965 128 128 128
-0.728886 1.66352 1.4335 128 128 128
-0.706259 1.66726 1.42919 128 128 128
-0.685746 1.6758 1.42919 128 128 128
-0.665711 1.68555 1.43042 128 128 128
1.43908 0.902566 1.34187 128 128 128
1.4292 0.872085 1.3228 128 128 128
1.4303 0.848838 1.31419 128 128 128
1.44129 0.831617 1.31481 128 128 128
1.34415 0.7536 1.21887 128 128 128
1.34568 0.732892 1.21211 128 128 128
1.40265 0.741808 1.25454 128 128 128
1.5028 0.771439 1.33449 128 128 128
1.51427 0.753996 1.33633 128 128 128
1.54328 0.744973 1.35355 128 128 128
1.54446 0.722296 1.34679 128 128 128
1.56254 0.707526 1.35478 128 128 128
1.58049 0.69242 1.36278 128 128 128
1.58887 0.672973 1.36278 128 128 128
1.59482 0.652527 1.36093 128 128 128
1.6115 0.636391 1.36831 128 128 128
1.59635 0.607847 1.34925 128 128 128
1.62441 0.595834 1.36647 128 128 128
1.63383 0.576644 1.36831 128 128 128
1.64079 0.556551 1.36831 128 128 128
1.64599 0.535885 1.36708 128 128 128
1.6547 0.516352 1.36893 128 128 128
1.65941 0.495555 1.3677 128 128 128
1.66612 0.475371 1.36831 128 128 128
1.67183 0.45489 1.36831 128 128 128
1.67805 0.434538 1.36893 128 128 128
1.67789 0.41259 1.36462 128 128 128
1.67362 0.389814 1.35724 128 128 128
1.67981 0.369587 1.35847 128 128 128
1.68654 0.349427 1.36032 128 128 128
1.68606 0.327797 1.35663 128 128 128
1.6853 0.306232 1.35294 128 128 128
1.68426 0.284735 1.34925 128 128 128
1.68841 0.264167 1.34986 128 128 128
1.68762 0.242863 1.34679 128 128 128
1.69595 0.222859 1.35109 128 128 128
1.70012 0.202218 1.35232 128 128 128
1.70012 0.181087 1.35048 128 128 128
1.70222 0.16021 1.35048 128 128 128
1.71977 0.140609 1.36278 128 128 128
1.71901 0.119328 1.36093 128 128 128
1.71798 0.0980869 1.35909 128 128 128
1.71748 0.0769253 1.35786 128 128 128
1.7246 0.056054 1.36278 128 128 128
1.71491 0.0346697 1.35478 128 128 128
1.71757 0.0136435 1.35663 128 128 128
1.7184 -0.00743752 1.35724 128 128 128
1.71424 -0.0284625 1.35417 128 128 128
1.71297 -0.0494746 1.35355 128 128 128
1.71854 -0.0707454 1.35847 128 128 128
1.71596 -0.0917464 1.35724 128 128 128
1.71943 -0.113103 1.36093 128 128 128
1.72499 -0.134741 1.36647 128 128 128
1.72713 -0.156251 1.36954 128 128 128
1.7243 -0.177354 1.36893 128 128 128
1.72356 -0.198679 1.37016 128 128 128
1.70926 -0.218327 1.36093 128 128 128
1.70957 -0.239721 1.36339 128 128 128
1.70417 -0.260327 1.36155 128 128 128
1.69851 -0.280836 1.3597 128 128 128
1.70891 -0.304133 1.37077 128 128 128
1.71202 -0.326404 1.37631 128 128 128
1.70789 -0.347388 1.37631 128 128 128
-0.547054 -2.69407 2.16101 128 128 128
-0.58389 -2.70488 2.17516 128 128 128
-0.618091 -2.70212 2.17885 128 128 128
-0.655085 -2.71043 2.19176 128 128 128
-0.68888 -2.70448 2.19361 128 128 128
-0.712244 -2.65926 2.16409 128 128 128
-0.722468 -2.5706 2.09952 128 128 128
-0.712184 -2.4193 1.9839 128 128 128
-0.74205 -2.41113 1.98452 128 128 128
-0.774471 -2.41085 1.99189 128 128 128
-0.809745 -2.41837 2.00604 128 128 128
-0.845579 -2.42612 2.0208 128 128 128
-0.884674 -2.44152 2.04232 128 128 128
-0.917896 -2.43934 2.0497 128 128 128
-0.944612 -2.41981 2.04294 128 128 128
-0.989 -2.44459 2.07369 128 128 128
-1.14275 -2.72836 2.32398 128 128 128
-1.18836 -2.74235 2.34796 128 128 128
-1.22579 -2.7362 2.35534 128 128 128
-1.25531 -2.71236 2.34796 128 128 128
-1.30004 -2.72095 2.36887 128 128 128
-1.34204 -2.72248 2.38425 128 128 128
-1.37928 -2.71354 2.39101 128 128 128
-1.40845 -2.68873 2.38425 128 128 128
-1.36016 -2.52061 2.2508 128 128 128
-1.32327 -2.38168 2.14195 128 128 128
-1.3743 -2.40361 2.17639 128 128 128
-1.41168 -2.40016 2.18869 128 128 128
-1.4504 -2.39818 2.20283 128 128 128
-1.47224 -2.36814 2.19176 128 128 128
-1.51645 -2.37383 2.2139 128 128 128
-1.54547 -2.35504 2.2139 128 128 128
-1.58614 -2.35356 2.2305 128 128 128
-1.61984 -2.34106 2.23727 128 128 128
-1.65392 -2.32872 2.24465 128 128 128
-1.68516 -2.31207 2.24834 128 128 128
-1.71765 -2.29691 2.25387 128 128 128
-1.75578 -2.2888 2.26679 128 128 128
-1.78568 -2.26956 2.26925 128 128 128
-1.9183 -2.37764 2.39962 128 128 128
-2.07041 -2.50284 2.55029 128 128 128
-2.09434 -2.46942 2.5423 128 128 128
-2.12914 -2.44889 2.54783 128 128 128
-2.15745 -2.42081 2.54599 128 128 128
-2.18062 -2.38717 2.53861 128 128 128
-0.656267 -0.699341 0.765022 128 128 128
-0.66862 -0.69522 0.769327 128 128 128
-0.690364 -0.700462 0.784087 128 128 128
-2.2789 -2.26118 2.52077 128 128 128
-0.729997 -0.70526 0.808686 128 128 128
-2.33485 -2.20565 2.522 128 128 128
-2.36406 -2.17898 2.52446 128 128 128
-2.38535 -2.14505 2.51893 128 128 128
-2.41031 -2.11458 2.5177 128 128 128
-2.43907 -2.08741 2.52077 128 128 128
-2.46208 -2.0553 2.51831 128 128 128
-2.47306 -2.01347 2.50417 128 128 128
-2.48956 -1.97659 2.49617 128 128 128
-2.51612 -1.94782 2.49863 128 128 128
-2.53039 -1.90967 2.48941 128 128 128
-2.56126 -1.88409 2.49679 128 128 128
-2.56689 -1.8401 2.48018 128 128 128
-2.59509 -1.81253 2.48572 128 128 128
-2.58585 -1.75924 2.4562 128 128 128
-2.61579 -1.73304 2.46419 128 128 128
-2.63156 -1.69739 2.45927 128 128 128
-2.64418 -1.65993 2.45189 128 128 128
-2.64888 -1.6179 2.43775 128 128 128
-2.66785 -1.58487 2.43714 128 128 128
-2.67959 -1.54767 2.43037 128 128 128
-2.69701 -1.5139 2.42914 128 128 128
-2.70085 -1.47275 2.41623 128 128 128
-2.70339 -1.43137 2.4027 128 128 128
-2.71164 -1.3934 2.3947 128 128 128
-2.72783 -1.35966 2.39409 128 128 128
-2.74502 -1.32643 2.3947 128 128 128
-2.75323 -1.28896 2.38794 128 128 128
-2.76669 -1.2541 2.38609 128 128 128
-2.77393 -1.21657 2.37933 128 128 128
-2.78865 -1.18244 2.37933 128 128 128
-2.79565 -1.14513 2.37318 128 128 128
-2.79997 -1.10697 2.36518 128 128 128
-2.81113 -1.07168 2.36334 128 128 128
-2.80409 -1.02975 2.34673 128 128 128
-2.88226 -0.978912 2.39101 128 128 128
-2.82268 -0.844096 2.31476 128 128 128
-2.81614 -0.804619 2.30123 128 128 128
-2.81972 -0.768339 2.29631 128 128 128
-2.82054 -0.731497 2.28954 128 128 128
-2.81476 -0.693238 2.27786 128 128 128
-2.8123 -0.65613 2.26925 128 128 128
-2.8109 -0.619528 2.26187 128 128 128
-2.80826 -0.582898 2.25387 128 128 128
-2.52716 0.467894 1.90992 128 128 128
-2.52597 0.499817 1.91348 128 128 128
-2.48735 0.523912 1.88918 128 128 128
-2.47994 0.554219 1.88859 128 128 128
-2.4565 0.580689 1.87614 128 128 128
-2.45075 0.611183 1.87732 128 128 128
-2.43996 0.640388 1.87495 128 128 128
-2.4257 0.668558 1.87021 128 128 128
-2.40572 0.6949 1.86132 128 128 128
-2.37543 0.717806 1.84473 128 128 128
-2.36952 0.747878 1.8471 128 128 128
-2.36781 0.779432 1.85302 128 128 128
-2.28239 0.877538 1.81805 128 128 128
-2.23781 0.891995 1.79138 128 128 128
-2.21107 0.912904 1.77893 128 128 128
-2.17972 0.931385 1.76293 128 128 128
-2.15929 0.954139 1.75582 128 128 128
-2.13864 0.976534 1.74871 128 128 128
-2.11703 0.99822 1.741 128 128 128
-2.10462 1.02412 1.741 128 128 128
-2.08543 1.04661 1.73567 128 128 128
-2.06456 1.06804 1.72915 128 128 128
-2.04065 1.08759 1.72026 128 128 128
-2.02363 1.1106 1.71729 128 128 128
-1.99654 1.1278 1.70603 128 128 128
-1.9749 1.14775 1.69951 128 128 128
-1.94823 1.16443 1.68884 128 128 128
-1.92352 1.18191 1.67995 128 128 128
-1.89391 1.19593 1.66691 128 128 128
-1.87234 1.21468 1.66098 128 128 128
-1.84591 1.22995 1.65091 128 128 128
-1.81542 1.24202 1.63727 128 128 128
-1.34528 0.943377 1.22771 128 128 128
-1.3336 0.959815 1.22771 128 128 128
-1.34112 0.990517 1.24549 128 128 128
-1.33591 1.01227 1.25201 128 128 128
-1.35067 1.04992 1.2775 128 128 128
-1.6456 1.31326 1.56793 128 128 128
-1.64927 1.34972 1.58689 128 128 128
-1.62766 1.36571 1.58215 128 128 128
-1.612 1.38663 1.58334 128 128 128
-1.59546 1.40685 1.58393 128 128 128
-1.559 1.40899 1.56496 128 128 128
-1.53746 1.42418 1.56081 128 128 128
-1.50938 1.43293 1.55015 128 128 128
-1.48649 1.44628 1.54481 128 128 128
-1.45498 1.45074 1.53059 128 128 128
-1.43594 1.46733 1.5294 128 128 128
-1.41561 1.4825 1.52703 128 128 128
-1.39347 1.49563 1.52288 128 128 128
-1.31557 1.44692 1.45768 128 128 128
-0.968303 1.08981 1.09138 128 128 128
-0.96747 1.11626 1.10561 128 128 128
-0.956289 1.13113 1.10857 128 128 128
-1.25269 1.52157 1.46894 128 128 128
-1.2299 1.53179 1.4642 128 128 128
-1.20507 1.53915 1.45709 128 128 128
-1.18658 1.55446 1.45768 128 128 128
-1.16597 1.56696 1.4559 128 128 128
-1.13817 1.5694 1.44523 128 128 128
-1.11744 1.58127 1.44346 128 128 128
-1.09522 1.59088 1.4399 128 128 128
-1.06936 1.59482 1.4316 128 128 128
-1.04971 1.60782 1.4316 128 128 128
-1.02301 1.60969 1.42212 128 128 128
-1.00107 1.61869 1.41916 128 128 128
-0.976998 1.62394 1.41323 128 128 128
-0.953757 1.63024 1.40849 128 128 128
-0.921787 1.62079 1.3907 128 128 128
-0.909196 1.64539 1.40197 128 128 128
-0.875288 1.63084 1.38063 128 128 128
-0.85521 1.64146 1.38063 128 128 128
-0.831748 1.64535 1.37529 128 128 128
-0.803383 1.63878 1.36166 128 128 128
-0.780462 1.64269 1.35692 128 128 128
-0.754888 1.64042 1.34744 128 128 128
-0.730791 1.64072 1.34032 128 128 128
-0.706484 1.63994 1.33262 128 128 128
-0.68323 1.64104 1.32669 128 128 128
-0.65737 1.63509 1.31543 128 128 128
-0.636677 1.64153 1.31424 128 128 128
-0.614245 1.64318 1.3095 128 128 128
-0.593764 1.64983 1.30891 128 128 128
-0.572689 1.65471 1.30713 128 128 128
-0.550828 1.65702 1.30358 128 128 128
-0.528511 1.65752 1.29883 128 128 128
-0.506732 1.65925 1.29528 128 128 128
-0.485661 1.66302 1.2935 128 128 128
-0.464574 1.66653 1.29172 128 128 128
-0.442042 1.66431 1.28579 128 128 128
-0.421194 1.66805 1.28461 128 128 128
-0.399766 1.66917 1.28164 128 128 128
-0.378373 1.67002 1.27868 128 128 128
-0.354029 1.65642 1.26505 128 128 128
-0.334145 1.66301 1.26683 128 128 128
-0.315327 1.67569 1.27335 128 128 128
-0.294192 1.67626 1.27098 128 128 128
-0.273854 1.68134 1.27216 128 128 128
-0.249322 1.65828 1.2526 128 128 128
-0.229923 1.66839 1.25794 128 128 128
-0.205416 1.63831 1.23363 128 128 128
-0.18653 1.65192 1.24193 128 128 128
-0.165696 1.64847 1.23778 128 128 128
-0.14477 1.64236 1.23186 128 128 128
-0.124019 1.63598 1.22593 128 128 128
-0.10369 1.63336 1.22297 128 128 128
-0.0819669 1.59991 1.19748 128 128 128
-0.0624434 1.60402 1.19985 128 128 128
-0.0425255 1.595 1.19274 128 128 128
-0.0229122 1.59218 1.19037 128 128 128
-0.00337526 1.58832 1.1874 128 128 128
0.0160423 1.5826 1.18325 128 128 128
0.0356254 1.58873 1.188 128 128 128
0.05524 1.59139 1.19037 128 128 128
0.0744433 1.58415 1.18562 128 128 128
0.0936775 1.57991 1.18325 128 128 128
0.112399 1.5698 1.17673 128 128 128
0.131097 1.56189 1.17199 128 128 128
0.150174 1.55936 1.1714 128 128 128
0.168226 1.54779 1.16429 128 128 128
0.186909 1.54321 1.16251 128 128 128
0.20616 1.5432 1.16429 128 128 128
0.224844 1.53896 1.1631 128 128 128
0.244355 1.54006 1.16607 128 128 128
0.263236 1.53694 1.16607 128 128 128
0.282077 1.5336 1.16607 128 128 128
0.300875 1.53002 1.16607 128 128 128
0.319628 1.52621 1.16607 128 128 128
0.338333 1.52218 1.16607 128 128 128
0.357547 1.52026 1.16784 128 128 128
0.375587 1.51342 1.16607 128 128 128
0.393101 1.5048 1.1631 128 128 128
0.410461 1.49598 1.16014 128 128 128
0.427213 1.48542 1.15599 128 128 128
0.444003 1.47544 1.15243 128 128 128
0.460368 1.46451 1.14828 128 128 128
0.476786 1.45416 1.14473 128 128 128
0.49512 1.44972 1.14591 128 128 128
0.513961 1.44657 1.14828 128 128 128
0.532799 1.44317 1.15065 128 128 128
0.55105 1.43803 1.15184 128 128 128
0.567456 1.42817 1.14947 128 128 128
0.587101 1.4263 1.15362 128 128 128
0.60456 1.41899 1.15362 128 128 128
0.619312 1.40558 1.14888 128 128 128
0.635842 1.39641 1.14769 128 128 128
0.650515 1.38341 1.14354 128 128 128
0.668504 1.37749 1.14532 128 128 128
0.685721 1.3699 1.14591 128 128 128
0.700994 1.35852 1.14354 128 128 128
0.719133 1.35266 1.14591 128 128 128
0.740345 1.3522 1.15303 128 128 128
0.757281 1.34371 1.15362 128 128 128
0.773713 1.33432 1.15362 128 128 128
0.789614 1.32403 1.15303 128 128 128
0.808341 1.31835 1.15658 128 128 128
0.823596 1.30697 1.1554 128 128 128
0.838253 1.29474 1.15362 128 128 128
0.852734 1.28235 1.15184 128 128 128
0.867038 1.2698 1.15006 128 128 128
0.879769 1.25512 1.14651 128 128 128
0.895105 1.24423 1.14651 128 128 128
0.908865 1.23121 1.14473 128 128 128
0.92537 1.22188 1.14651 128 128 128
0.946247 1.21805 1.15362 128 128 128
0.96465 1.21075 1.15777 128 128 128
0.979946 1.19944 1.15836 128 128 128
0.999782 1.19348 1.16429 128 128 128
1.01488 1.18173 1.16488 128 128 128
1.02877 1.16859 1.16429 128 128 128
1.04466 1.15766 1.16607 128 128 128
1.05988 1.14594 1.16725 128 128 128
1.07498 1.13401 1.16844 128 128 128
1.08994 1.12188 1.16962 128 128 128
1.2163 1.00257 1.17851 128 128 128
1.24054 0.972418 1.17851 128 128 128
1.29445 0.964206 1.20637 128 128 128
1.30749 0.949191 1.20756 128 128 128
1.31772 0.932148 1.20637 128 128 128
1.33305 0.918638 1.20993 128 128 128
1.367 0.917406 1.23008 128 128 128
1.36803 0.893981 1.22119 128 128 128
1.38911 0.883581 1.23008 128 128 128
1.40327 0.868578 1.23304 128 128 128
1.39724 0.841368 1.21882 128 128 128
1.41999 0.831449 1.22949 128 128 128
1.3761 0.783436 1.18385 128 128 128
1.39126 0.769593 1.18859 128 128 128
1.39491 0.749429 1.18385 128 128 128
1.41044 0.735588 1.18918 128 128 128
1.42296 0.720032 1.19214 128 128 128
1.45197 0.712391 1.20874 128 128 128
1.53125 0.727865 1.26623 128 128 128
1.54593 0.711698 1.27098 128 128 128
1.56191 0.695931 1.2769 128 128 128
1.57922 0.680513 1.28402 128 128 128
1.59117 0.66262 1.28698 128 128 128
1.59993 0.643342 1.28757 128 128 128
1.61447 0.626264 1.29291 128 128 128
1.62808 0.608645 1.29765 128 128 128
1.64225 0.591056 1.30298 128 128 128
1.657 0.573473 1.30891 128 128 128
1.66697 0.554104 1.31128 128 128 128
1.67364 0.533606 1.31128 128 128 128
1.67929 0.512794 1.31069 128 128 128
1.68778 0.492819 1.31247 128 128 128
1.69914 0.47357 1.31662 128 128 128
1.71183 0.454525 1.32195 128 128 128
1.71572 0.433094 1.32076 128 128 128
1.75147 0.41924 1.34388 128 128 128
1.75963 0.398418 1.34625 128 128 128
1.7368 0.370979 1.32551 128 128 128
1.74201 0.349794 1.3261 128 128 128
1.75251 0.329565 1.33084 128 128 128
1.75801 0.308308 1.33203 128 128 128
1.76484 0.287221 1.3344 128 128 128
1.78018 0.267305 1.34329 128 128 128
1.78333 0.245439 1.34329 128 128 128
1.78381 0.223243 1.34151 128 128 128
1.78161 0.200807 1.33795 128 128 128
1.78314 0.17885 1.33736 128 128 128
1.79242 0.157571 1.34269 128 128 128
1.79744 0.135798 1.34507 128 128 128
1.77244 0.112122 1.32551 128 128 128
1.77529 0.0904407 1.32669 128 128 128
1.77546 0.0686193 1.3261 128 128 128
1.77375 0.0467692 1.32432 128 128 128
1.77741 0.025036 1.32669 128 128 128
1.79208 0.00321077 1.33736 128 128 128
1.78796 -0.0187284 1.3344 128 128 128
1.79001 -0.0407293 1.33617 128 128 128
1.77731 -0.0622381 1.32728 128 128 128
1.79169 -0.0848069 1.33855 128 128 128
1.7873 -0.106587 1.33617 128 128 128
1.78265 -0.128272 1.3338 128 128 128
1.801 -0.151882 1.34862 128 128 128
1.79178 -0.173256 1.34329 128 128 128
1.80313 -0.196751 1.35336 128 128 128
1.79019 -0.217573 1.34566 128 128 128
1.79936 -0.241161 1.35455 128 128 128
1.79865 -0.26358 1.35633 128 128 128
1.78335 -0.283703 1.34744 128 128 128
1.79561 -0.308333 1.35929 128 128 128
1.78219 -0.328568 1.35218 128 128 128
1.78592 -0.351991 1.35811 128 128 128
1.77516 -0.372541 1.35336 128 128 128
1.77831 -0.396068 1.35929 128 128 128
1.77175 -0.417487 1.35811 128 128 128
1.77118 -0.440376 1.36166 128 128 128
1.7602 -0.460637 1.35751 128 128 128
1.76838 -0.48608 1.36818 128 128 128
1.78471 -0.514268 1.38537 128 128 128
1.76979 -0.533552 1.37885 128 128 128
1.76464 -0.555717 1.38004 128 128 128
1.75693 -0.577077 1.37944 128 128 128
1.76037 -0.60227 1.38774 128 128 128
1.77635 -0.632258 1.40612 128 128 128
1.73978 -0.643322 1.38359 128 128 128
1.74227 -0.66869 1.39189 128 128 128
1.71973 -0.684326 1.38063 128 128 128
1.72533 -0.711246 1.39189 128 128 128
1.71944 -0.733637 1.39426 128 128 128
1.71766 -0.757951 1.40019 128 128 128
1.72068 -0.784684 1.41026 128 128 128
1.71237 -0.806431 1.41145 128 128 128
1.69005 -0.821368 1.40137 128 128 128
1.69279 -0.848574 1.41204 128 128 128
1.68653 -0.871512 1.4156 128 128 128
1.68778 -0.898607 1.42568 128 128 128
1.67381 -0.917695 1.4233 128 128 128
1.66102 -0.937371 1.42212 128 128 128
1.65148 -0.958902 1.4239 128 128 128
1.64856 -0.984486 1.4316 128 128 128
1.64321 -1.00887 1.43753 128 128 128
1.57902 -0.996172 1.39248 128 128 128
1.45103 -1.04484 1.3344 128 128 128
1.41918 -1.07574 1.32906 128 128 128
1.39826 -1.08712 1.32195 128 128 128
1.41309 -1.12687 1.34862 128 128 128
1.47942 -1.2101 1.42508 128 128 128
1.50079 -1.25879 1.46005 128 128 128
1.48706 -1.27869 1.46183 128 128 128
1.44835 -1.27655 1.43931 128 128 128
1.4117 -1.27528 1.41856 128 128 128
1.29629 -1.19979 1.31839 128 128 128
1.28147 -1.2156 1.31839 128 128 128
1.28201 -1.24644 1.3344 128 128 128
1.25752 -1.25296 1.32491 128 128 128
1.10607 -1.48605 1.38181 128 128 128
1.09289 -1.54635 1.41204 128 128 128
1.08521 -1.57626 1.42686 128 128 128
1.07025 -1.59616 1.43279 128 128 128
1.05366 -1.6139 1.43694 128 128 128
1.03377 -1.62671 1.43694 128 128 128
0.998119 -1.61389 1.41501 128 128 128
0.989817 -1.64537 1.4316 128 128 128
0.981701 -1.67827 1.44938 128 128 128
0.964204 -1.6958 1.45413 128 128 128
0.949138 -1.7181 1.46302 128 128 128
0.936323 -1.74525 1.47606 128 128 128
0.923353 -1.77306 1.48969 128 128 128
0.909479 -1.80009 1.50273 128 128 128
0.889437 -1.81546 1.50628 128 128 128
0.865029 -1.82187 1.50273 128 128 128
0.841603 -1.83015 1.50095 128 128 128
0.894012 -2.00975 1.63727 128 128 128
0.900005 -2.0924 1.69477 128 128 128
0.885642 -2.13083 1.7167 128 128 128
0.866888 -2.16024 1.73152 128 128 128
0.831058 -2.14666 1.71255 128 128 128
0.813052 -2.17935 1.73033 128 128 128
0.788955 -2.19675 1.73626 128 128 128
0.765597 -2.21693 1.74456 128 128 128
0.740351 -2.23228 1.7493 128 128 128
0.717026 -2.25425 1.75937 128 128 128
0.693506 -2.27676 1.77004 128 128 128
0.664396 -2.28123 1.76708 128 128 128
0.638708 -2.29775 1.7736 128 128 128
0.613328 -2.31632 1.7819 128 128 128
0.594415 -2.36196 1.81094 128 128 128
0.564273 -2.36438 1.80738 128 128 128
0.535919 -2.37427 1.80976 128 128 128
0.508571 -2.38933 1.81628 128 128 128
0.478116 -2.38986 1.81213 128 128 128
0.449487 -2.39951 1.81509 128 128 128
0.420692 -2.40881 1.81805 128 128 128
0.392756 -2.42413 1.82576 128 128 128
0.362861 -2.42797 1.82517 128 128 128
0.330237 -2.41149 1.80976 128 128 128
0.30062 -2.41536 1.80976 128 128 128
0.274217 -2.44849 1.83169 128 128 128
0.244698 -2.45728 1.83583 128 128 128
0.214799 -2.46331 1.83821 128 128 128
0.183968 -2.45773 1.83228 128 128 128
0.0756647 -1.17109 0.882154 128 128 128
0.0617155 -1.18078 0.888674 128 128 128
0.0467859 -1.16938 0.879783 128 128 128
0.0324706 -1.17147 0.880969 128 128 128
0.01812 -1.1742 0.882747 128 128 128
0.00371138 -1.17192 0.880969 128 128 128
-0.0103963 -1.15094 0.865558 128 128 128
-0.0256421 -1.19501 0.898158 128 128 128
-0.0902909 -2.52259 1.87614 128 128 128
-0.121441 -2.52531 1.8791 128 128 128
-0.152021 -2.5172 1.87436 128 128 128
-0.182899 -2.51515 1.87436 128 128 128
-0.145558 -1.51287 1.13702 128 128 128
-0.12584 -1.16839 0.88334 128 128 128
-0.322168 -2.63263 1.97038 128 128 128
-0.359902 -2.66837 2.00002 128 128 128
-0.393095 -2.66694 2.00239 128 128 128
-0.42785 -2.67464 2.01187 128 128 128
-0.462853 -2.68188 2.02135 128 128 128
-0.499431 -2.69579 2.03617 128 128 128
-0.533106 -2.69262 2.03854 128 128 128
-0.579337 -2.74811 2.08537 128 128 128
-0.614256 -2.7463 2.08952 128 128 128
-0.651833 -2.755 2.10196 128 128 128
-0.651234 -2.6101 1.99824 128 128 128
-0.677244 -2.57933 1.98105 128 128 128
-0.720694 -2.61351 2.01365 128 128 128
-0.747988 -2.58823 2.0012 128 128 128
-0.780631 -2.58194 2.00357 128 128 128
-0.815183 -2.58138 2.01069 128 128 128
-0.85313 -2.59029 2.0255 128 128 128
-0.885641 -2.58191 2.02728 128 128 128
-0.928952 -2.60345 2.05277 128 128 128
-1.02917 -2.77525 2.1968 128 128 128
-1.06315 -2.76241 2.1968 128 128 128
-1.14372 -2.86578 2.28926 128 128 128
-1.21431 -2.93707 2.35743 128 128 128
-1.24772 -2.91603 2.35268 128 128 128
-1.30237 -2.94319 2.38706 128 128 128
-1.33537 -2.9204 2.38173 128 128 128
-1.38318 -2.92926 2.40247 128 128 128
-1.42645 -2.92726 2.41492 128 128 128
-1.48439 -2.9534 2.45107 128 128 128
-1.52052 -2.93497 2.45107 128 128 128
-1.56099 -2.92461 2.45819 128 128 128
-1.61387 -2.93626 2.48427 128 128 128
-1.64104 -2.90083 2.47123 128 128 128
-1.68626 -2.89716 2.48545 128 128 128
-1.70759 -2.85278 2.4653 128 128 128
-1.74712 -2.83914 2.47182 128 128 128
-1.76716 -2.79437 2.45167 128 128 128
-1.81055 -2.78664 2.46411 128 128 128
-1.83028 -2.7428 2.44515 128 128 128
-1.74793 -2.55153 2.2946 128 128 128
-1.78003 -2.53121 2.29578 128 128 128
-1.81144 -2.50982 2.29638 128 128 128
-1.85363 -2.50292 2.3106 128 128 128
-1.88469 -2.48063 2.31119 128 128 128
-1.90755 -2.44779 2.3023 128 128 128
-1.9319 -2.41729 2.29578 128 128 128
-1.9783 -2.41393 2.31534 128 128 128
-2.07732 -2.472 2.39477 128 128 128
-2.13646 -2.47984 2.42737 128 128 128
-2.18169 -2.47032 2.44396 128 128 128
-2.20642 -2.43739 2.43803 128 128 128
-2.23617 -2.41014 2.43803 128 128 128
-0.669218 -0.708515 0.735753 128 128 128
-0.673358 -0.695641 0.731012 128 128 128
-0.676144 -0.681635 0.725084 128 128 128
-2.33558 -2.28177 2.42144 128 128 128
-0.707263 -0.678708 0.739902 128 128 128
-2.39855 -2.23089 2.42914 128 128 128
-2.40484 -2.18237 2.4084 128 128 128
-2.45258 -2.17135 2.42914 128 128 128
-2.45157 -2.11744 2.40247 128 128 128
-2.47984 -2.08927 2.40484 128 128 128
-2.49283 -2.04847 2.39299 128 128 128
-2.52219 -2.02124 2.39714 128 128 128
-2.53981 -1.9847 2.39062 128 128 128
-2.56398 -1.95338 2.39062 128 128 128
-2.57351 -1.91122 2.37758 128 128 128
-2.58894 -1.87384 2.37046 128 128 128
-2.60581 -1.83776 2.36513 128 128 128
-2.61886 -1.79928 2.35683 128 128 128
-2.63337 -1.76209 2.35031 128 128 128
-2.64737 -1.72481 2.34379 128 128 128
-2.66561 -1.69048 2.34142 128 128 128
-2.67518 -1.65089 2.33194 128 128 128
-2.71804 -1.63158 2.3515 128 128 128
-2.69818 -1.57502 2.31771 128 128 128
-2.71029 -1.53782 2.31179 128 128 128
-2.73178 -1.506 2.31416 128 128 128
-2.75006 -1.47236 2.31416 128 128 128
-2.76005 -1.43443 2.30764 128 128 128
-2.76161 -1.3925 2.2946 128 128 128
-2.78429 -1.36133 2.29934 128 128 128
-2.7935 -1.32362 2.29341 128 128 128
-2.81246 -1.29058 2.29578 128 128 128
-2.8163 -1.25075 2.2863 128 128 128
-2.82181 -1.21198 2.27859 128 128 128
-2.82307 -1.17173 2.26792 128 128 128
-2.83724 -1.13699 2.26792 128 128 128
-2.8382 -1.09717 2.25785 128 128 128
-2.8439 -1.05946 2.25192 128 128 128
-2.84758 -1.02123 2.24481 128 128 128
-2.8439 -0.980724 2.23236 128 128 128
-2.84348 -0.941719 2.22288 128 128 128
-2.83793 -0.901416 2.20984 128 128 128
-2.84878 -0.866523 2.20984 128 128 128
-2.85146 -0.829262 2.20391 128 128 128
-2.85676 -0.792922 2.20036 128 128 128
-2.84525 -0.75228 2.18435 128 128 128
-2.86911 -0.721014 2.19561 128 128 128
-2.84796 -0.678704 2.17309 128 128 128
-2.78495 -0.59199 2.11382 128 128 128
-2.85284 -0.569819 2.15946 128 128 128
-2.85328 -0.533593 2.15472 128 128 128
-2.85327 -0.497443 2.14997 128 128 128
-2.8512 -0.461118 2.14405 128 128 128
-2.85824 -0.42633 2.14523 128 128 128
-2.8425 -0.388421 2.12982 128 128 128
-2.85025 -0.353902 2.13219 128 128 128
-2.65721 0.342732 1.89387 128 128 128
-2.61792 0.370399 1.86922 128 128 128
-2.60183 0.400757 1.86119 128 128 128
-2.58217 0.43024 1.85087 128 128 128
-2.56299 0.459445 1.84113 128 128 128
-2.5483 0.489169 1.83482 128 128 128
-2.52766 0.517454 1.8245 128 128 128
-2.51391 0.54687 1.81934 128 128 128
-2.46868 0.600861 1.79698 128 128 128
-2.46743 0.665095 1.8073 128 128 128
-2.43858 0.68954 1.7924 128 128 128
-2.43151 0.719877 1.79354 128 128 128
-2.38805 0.739024 1.76832 128 128 128
-2.38503 0.770285 1.77291 128 128 128
-2.3521 0.791668 1.75571 128 128 128
-2.32983 0.816146 1.74653 128 128 128
-2.30039 0.837678 1.7322 128 128 128
-2.28841 0.865266 1.73106 128 128 128
-2.2593 0.886114 1.7173 128 128 128
-2.23459 0.908228 1.70698 128 128 128
-2.21346 0.931457 1.69952 128 128 128
-2.18834 0.952671 1.68921 128 128 128
-2.17573 0.979117 1.68863 128 128 128
-2.15018 0.999535 1.67831 128 128 128
-2.13258 1.02337 1.6743 128 128 128
-2.11472 1.04692 1.67029 128 128 128
-2.0893 1.06647 1.66054 128 128 128
-2.08041 1.09431 1.66398 128 128 128
-2.04448 1.10767 1.64621 128 128 128
-2.02143 1.1275 1.63876 128 128 128
-1.99464 1.14488 1.62844 128 128 128
-1.97691 1.16719 1.62557 128 128 128
-1.94843 1.18287 1.6141 128 128 128
-1.93168 1.20539 1.61238 128 128 128
-1.89673 1.2162 1.59576 128 128 128
-1.85223 1.22002 1.57111 128 128 128
-1.81267 1.22615 1.55047 128 128 128
-1.35243 0.939682 1.17152 128 128 128
-1.35348 0.965235 1.18242 128 128 128
-1.35874 0.994337 1.19732 128 128 128
-1.72475 1.29445 1.52811 128 128 128
-1.71718 1.32201 1.53556 128 128 128
-1.70405 1.34552 1.53843 128 128 128
-1.68168 1.36169 1.53327 128 128 128
-1.66105 1.37909 1.52983 128 128 128
-1.63589 1.39247 1.52238 128 128 128
-1.60694 1.40222 1.51148 128 128 128
-1.59022 1.42238 1.51206 128 128 128
-1.56056 1.43072 1.50059 128 128 128
-1.51839 1.42677 1.47709 128 128 128
-1.50785 1.45211 1.48397 128 128 128
-1.47358 1.45441 1.46791 128 128 128
-1.4585 1.47529 1.47078 128 128 128
-1.4289 1.48129 1.45932 128 128 128
-1.40781 1.49573 1.45645 128 128 128
-1.00054 1.09014 1.05457 128 128 128
-0.965195 1.07794 1.03164 128 128 128
-0.974021 1.11498 1.05515 128 128 128
-0.987934 1.15925 1.08496 128 128 128
-1.27306 1.53077 1.41231 128 128 128
-1.25005 1.54119 1.40772 128 128 128
-1.23002 1.55513 1.40657 128 128 128
-1.20834 1.56686 1.40371 128 128 128
-1.1836 1.57437 1.3974 128 128 128
-1.16031 1.5835 1.39281 128 128 128
-1.13412 1.58829 1.38479 128 128 128
-1.11455 1.60208 1.38479 128 128 128
-1.09158 1.61089 1.38077 128 128 128
-1.06721 1.61733 1.37504 128 128 128
-1.03265 1.60757 1.35612 128 128 128
-1.00806 1.61248 1.34982 128 128 128
-0.983085 1.61634 1.34294 128 128 128
-0.962758 1.62757 1.34236 128 128 128
-0.940259 1.63501 1.33892 128 128 128
-0.917722 1.64213 1.33548 128 128 128
-0.892412 1.64391 1.32803 128 128 128
-0.860693 1.633 1.31083 128 128 128
-0.839467 1.64126 1.30911 128 128 128
-0.81671 1.6463 1.3051 128 128 128
-0.792533 1.64808 1.29879 128 128 128
-0.76601 1.64432 1.28847 128 128 128
-0.749824 1.66255 1.29535 128 128 128
-0.722471 1.65586 1.28332 128 128 128
-0.700182 1.66008 1.27988 128 128 128
-0.67697 1.66172 1.27472 128 128 128
-0.65142 1.65694 1.26497 128 128 128
-0.631328 1.66557 1.26554 128 128 128
-0.608307 1.66627 1.26038 128 128 128
-0.585636 1.66743 1.2558 128 128 128
-0.563554 1.66983 1.25236 128 128 128
-0.538464 1.6626 1.24204 128 128 128
-0.51729 1.66673 1.24032 128 128 128
1.38544 0.842392 1.15375 128 128 128
1.41776 0.815092 1.1635 128 128 128
1.43195 0.800034 1.16694 128 128 128
1.40927 0.764785 1.14114 128 128 128
1.4142 0.745137 1.1377 128 128 128
1.47574 0.754634 1.17898 128 128 128
1.50396 0.745951 1.19388 128 128 128
1.51817 0.729929 1.1979 128 128 128
1.54706 0.720602 1.21337 128 128 128
1.56101 0.703926 1.21739 128 128 128
1.57103 0.685373 1.21853 128 128 128
1.5831 0.667638 1.2214 128 128 128
1.59345 0.64909 1.22312 128 128 128
1.59977 0.628886 1.22197 128 128 128
1.63111 0.61823 1.23975 128 128 128
1.63934 0.598449 1.24032 128 128 128
1.65043 0.579648 1.24318 128 128 128
1.66595 0.56224 1.24949 128 128 128
1.67974 0.544033 1.25465 128 128 128
1.68785 0.523866 1.2558 128 128 128
1.70279 0.505687 1.2621 128 128 128
1.71439 0.486323 1.26612 128 128 128
1.72339 0.466106 1.26841 128 128 128
1.73771 0.447176 1.27472 128 128 128
1.74704 0.426794 1.27758 128 128 128
1.75853 0.406806 1.28217 128 128 128
1.7746 0.387653 1.29019 128 128 128
1.78243 0.366509 1.29249 128 128 128
1.80127 0.347413 1.30281 128 128 128
1.80218 0.324699 1.30051 128 128 128
1.83753 0.307865 1.32287 128 128 128
1.84603 0.286049 1.32631 128 128 128
1.84291 0.262445 1.32173 128 128 128
1.84681 0.239916 1.3223 128 128 128
1.86345 0.218871 1.33205 128 128 128
1.85866 0.195211 1.32689 128 128 128
1.84786 0.171167 1.31771 128 128 128
1.86289 0.149538 1.32689 128 128 128
1.88584 0.128127 1.34179 128 128 128
1.86273 0.103591 1.32459 128 128 128
1.88432 0.0816275 1.33892 128 128 128
1.88354 0.0584457 1.33778 128 128 128
1.87511 0.035151 1.33147 128 128 128
1.88687 0.0122215 1.3395 128 128 128
1.88278 -0.0109138 1.33663 128 128 128
1.87513 -0.0338903 1.33147 128 128 128
1.8844 -0.0571888 1.33835 128 128 128
1.86146 -0.0793845 1.32287 128 128 128
1.87261 -0.102886 1.33147 128 128 128
1.88756 -0.126944 1.34294 128 128 128
1.85891 -0.147974 1.32402 128 128 128
1.87082 -0.172039 1.33376 128 128 128
1.8759 -0.195743 1.33892 128 128 128
1.87255 -0.218655 1.33835 128 128 128
1.86403 -0.240887 1.33434 128 128 128
1.86094 -0.263743 1.33434 128 128 128
1.86323 -0.28743 1.33835 128 128 128
1.8636 -0.310944 1.34122 128 128 128
1.85965 -0.333789 1.34122 128 128 128
1.8707 -0.359511 1.35211 128 128 128
1.86294 -0.381785 1.34982 128 128 128
1.86051 -0.405138 1.35154 128 128 128
1.8578 -0.42849 1.35326 128 128 128
1.85001 -0.450675 1.35154 128 128 128
-0.0518217 -1.20245 0.861374 128 128 128
-0.0838145 -1.23843 0.887745 128 128 128
-0.212322 -2.67573 1.89731 128 128 128
-0.246406 -2.68679 1.90706 128 128 128
-0.282987 -2.71861 1.93171 128 128 128
-0.316327 -2.71493 1.93171 128 128 128
-0.352541 -2.7336 1.94776 128 128 128
-0.386517 -2.73231 1.95005 128 128 128
-0.420266 -2.72899 1.9512 128 128 128
-0.454931 -2.7309 1.95636 128 128 128
-0.496767 -2.77189 1.98961 128 128 128
-0.531515 -2.76961 1.99248 128 128 128
-0.568903 -2.77974 2.00451 128 128 128
-0.589945 -2.71249 1.96152 128 128 128
-0.622637 -2.70265 1.9598 128 128 128
-0.657495 -2.70197 1.96496 128 128 128
-0.701568 -2.73657 1.99592 128 128 128
-0.740629 -2.74832 2.01082 128 128 128
-0.767625 -2.71537 1.99362 128 128 128
-0.821548 -2.77568 2.04465 128 128 128
-0.853131 -2.75756 2.03891 128 128 128
-0.952506 -2.95043 2.18854 128 128 128
-1.06404 -3.16298 2.35422 128 128 128
-1.1025 -3.14892 2.35365 128 128 128
-1.02855 -2.82558 2.12319 128 128 128
-1.05158 -2.78208 2.10025 128 128 128
-1.08743 -2.77355 2.10369 128 128 128
-1.18576 -2.91868 2.22351 128 128 128
-1.31161 -3.11844 2.38633 128 128 128
-1.34292 -3.08633 2.37429 128 128 128
-1.38439 -3.07784 2.38059 128 128 128
-1.41895 -3.05393 2.37543 128 128 128
-1.46411 -3.05254 2.38805 128 128 128
-1.4931 -3.01745 2.37486 128 128 128
-1.53411 -3.00693 2.38117 128 128 128
-1.56214 -2.9712 2.36798 128 128 128
-1.59419 -2.94388 2.36167 128 128 128
-1.63897 -2.93984 2.37429 128 128 128
-1.67044 -2.91169 2.36798 128 128 128
-1.71603 -2.90791 2.38174 128 128 128
-1.73757 -2.86351 2.36282 128 128 128
-1.77691 -2.84892 2.36855 128 128 128
-1.80644 -2.81862 2.36167 128 128 128
-1.83549 -2.78803 2.3548 128 128 128
-1.88057 -2.78159 2.36855 128 128 128
-1.90896 -2.75022 2.36167 128 128 128
-1.93734 -2.71925 2.35537 128 128 128
-1.97104 -2.69593 2.35594 128 128 128
-2.00938 -2.67875 2.36225 128 128 128
-2.03661 -2.64675 2.35594 128 128 128
-2.07503 -2.62928 2.36282 128 128 128
-2.09529 -2.58896 2.34964 128 128 128
-2.12794 -2.56431 2.35078 128 128 128
-2.15978 -2.53863 2.35136 128 128 128
-2.18647 -2.507 2.34677 128 128 128
-2.21434 -2.47692 2.3439 128 128 128
-2.24567 -2.45077 2.34505 128 128 128
-2.27278 -2.42004 2.34218 128 128 128
-0.674622 -0.699336 0.699132 128 128 128
-0.677976 -0.685753 0.693973 128 128 128
-2.28695 -2.26211 2.26995 128 128 128
-0.719941 -0.693387 0.718624 128 128 128
-0.702758 -0.660334 0.693973 128 128 128
-2.43741 -2.23963 2.3353 128 128 128
-2.44459 -2.19149 2.31638 128 128 128
-2.46451 -2.15539 2.31008 128 128 128
-2.49015 -2.12446 2.30951 128 128 128
-2.50848 -2.08744 2.30263 128 128 128
-2.54154 -2.0627 2.30951 128 128 128
-2.5596 -2.02576 2.3032 128 128 128
-2.57648 -1.98819 2.29632 128 128 128
-2.58563 -1.94509 2.28313 128 128 128
-2.59808 -1.90497 2.27339 128 128 128
-2.61993 -1.87199 2.27224 128 128 128
-2.64337 -1.84017 2.27281 128 128 128
-2.6583 -1.80253 2.26651 128 128 128
-2.6563 -1.75396 2.24644 128 128 128
-2.6728 -1.71813 2.24243 128 128 128
-2.6916 -1.68389 2.24071 128 128 128
-2.71416 -1.65201 2.24243 128 128 128
-2.72577 -1.61357 2.23555 128 128 128
-2.74465 -1.57959 2.23498 128 128 128
-2.75382 -1.54019 2.22695 128 128 128
-2.77467 -1.50745 2.22867 128 128 128
-2.78427 -1.4687 2.22179 128 128 128
-2.79406 -1.43031 2.21549 128 128 128
-2.81067 -1.39555 2.21491 128 128 128
-2.8202 -1.35739 2.20918 128 128 128
-2.83442 -1.32164 2.20746 128 128 128
-2.85042 -1.28676 2.20746 128 128 128
-2.85849 -1.2484 2.20173 128 128 128
-2.85624 -1.20589 2.18854 128 128 128
-2.86248 -1.16734 2.18223 128 128 128
-2.8743 -1.13123 2.18052 128 128 128
-2.86805 -1.0883 2.16561 128 128 128
-2.86811 -1.04824 2.15586 128 128 128
-2.80605 -0.948114 2.09165 128 128 128
-2.89558 -0.861032 2.13293 128 128 128
-2.87914 -0.817809 2.11344 128 128 128
-2.87393 -0.778338 2.10255 128 128 128
-2.87613 -0.741168 2.09739 128 128 128
-2.8866 -0.706208 2.09853 128 128 128
-2.89585 -0.670917 2.09911 128 128 128
-2.89186 -0.632697 2.09051 128 128 128
-2.89218 -0.595671 2.08535 128 128 128
-2.89766 -0.559823 2.0842 128 128 128
-2.7077 0.0841413 1.80683 128 128 128
-2.65775 0.445411 1.79747 128 128 128
-2.58802 0.466334 1.75453 128 128 128
-2.57555 0.496782 1.75013 128 128 128
-2.5619 0.526824 1.74517 128 128 128
-2.54872 0.556786 1.74077 128 128 128
-2.53844 0.587263 1.73857 128 128 128
-2.5197 0.615575 1.73086 128 128 128
-2.4966 0.642469 1.7204 128 128 128
-2.47886 0.670426 1.71379 128 128 128
-2.4568 0.696897 1.70444 128 128 128
-2.43446 0.722929 1.69508 128 128 128
-2.40389 0.74603 1.68022 128 128 128
-2.39138 0.774438 1.67801 128 128 128
-1.35162 0.454051 0.960737 128 128 128
-2.36988 0.865098 1.68407 128 128 128
-2.28497 0.865874 1.63177 128 128 128
-2.2765 0.894769 1.63342 128 128 128
-2.24913 0.915995 1.62186 128 128 128
-2.2308 0.940594 1.61691 128 128 128
-2.21068 0.964211 1.61085 128 128 128
-2.19107 0.987822 1.60535 128 128 128
-2.17274 1.0118 1.60095 128 128 128
-2.14663 1.03185 1.59104 128 128 128
-2.12409 1.05328 1.58388 128 128 128
-2.10432 1.07583 1.57893 128 128 128
-2.07915 1.09533 1.57012 128 128 128
-2.05603 1.11556 1.56296 128 128 128
-2.02471 1.13091 1.54975 128 128 128
-2.00634 1.15316 1.54645 128 128 128
-1.96978 1.16448 1.52938 128 128 128
-1.95392 1.1877 1.52828 128 128 128
-1.92081 1.20005 1.51397 128 128 128
-1.89472 1.21629 1.50516 128 128 128
-1.87478 1.23622 1.50131 128 128 128
-1.39833 0.945518 1.13359 128 128 128
-1.35718 0.942055 1.10992 128 128 128
-1.36045 0.969338 1.12203 128 128 128
-1.37266 1.00376 1.14185 128 128 128
-1.75879 1.3212 1.47103 128 128 128
-1.74574 1.34524 1.47378 128 128 128
-1.70883 1.35048 1.45672 128 128 128
-1.69472 1.37345 1.45892 128 128 128
-1.66556 1.38398 1.44846 128 128 128
-1.63957 1.39672 1.44076 128 128 128
-1.61791 1.41288 1.4369 128 128 128
-1.58307 1.417 1.42149 128 128 128
-1.56556 1.43632 1.42149 128 128 128
-1.52596 1.43479 1.40167 128 128 128
-1.50344 1.44876 1.39727 128 128 128
-1.4814 1.46299 1.39341 128 128 128
-1.45104 1.46856 1.38185 128 128 128
-1.42944 1.48264 1.37855 128 128 128
-1.09441 1.16189 1.07303 128 128 128
-0.977008 1.06245 0.972297 128 128 128
-1.00168 1.11674 1.00973 128 128 128
-0.990087 1.13147 1.01193 128 128 128
-1.31153 1.53886 1.35378 128 128 128
-1.28776 1.54905 1.34883 128 128 128
-1.25921 1.55304 1.33892 128 128 128
-1.23696 1.56444 1.33561 128 128 128
-1.21157 1.57155 1.32901 128 128 128
-1.1887 1.58162 1.32516 128 128 128
-1.16772 1.59407 1.3235 128 128 128
-1.1384 1.59467 1.31249 128 128 128
-1.11732 1.60646 1.31084 128 128 128
-1.08866 1.60689 1.30038 128 128 128
-1.06428 1.61315 1.29488 128 128 128
-1.03766 1.61554 1.28662 128 128 128
-1.01114 1.61752 1.27836 128 128 128
-0.98776 1.62409 1.27396 128 128 128
-0.960136 1.62314 1.26405 128 128 128
-0.933929 1.62393 1.25579 128 128 128
-0.907442 1.62359 1.24699 128 128 128
-0.882294 1.62505 1.23983 128 128 128
-0.860736 1.6328 1.23763 128 128 128
-0.836094 1.63431 1.23102 128 128 128
-0.810067 1.63246 1.22222 128 128 128
-0.788894 1.64002 1.22056 128 128 128
-0.765201 1.642 1.21506 128 128 128
-0.742262 1.64518 1.21066 128 128 128
-0.720689 1.6511 1.20845 128 128 128
-0.697792 1.65366 1.20405 128 128 128
-0.676507 1.65977 1.2024 128 128 128
-0.654267 1.66328 1.1991 128 128 128
-0.63116 1.66416 1.19414 128 128 128
-0.618655 1.69375 1.20955 128 128 128
-0.590129 1.67914 1.19414 128 128 128
-0.568419 1.68309 1.19194 128 128 128
-0.546445 1.68597 1.18919 128 128 128
-0.521785 1.67978 1.18038 128 128 128
-0.497124 1.67244 1.17102 128 128 128
-0.476111 1.67681 1.16992 128 128 128
-0.453986 1.67688 1.16607 128 128 128
-0.431724 1.67585 1.16166 128 128 128
-0.409164 1.67291 1.15616 128 128 128
-0.385066 1.66234 1.1457 128 128 128
-0.363756 1.66286 1.14295 128 128 128
-0.343323 1.6672 1.14295 128 128 128
-0.320027 1.65653 1.13304 128 128 128
-0.299383 1.65869 1.13194 128 128 128
-0.276966 1.64988 1.12368 128 128 128
-0.255314 1.64408 1.11762 128 128 128
-0.233615 1.63634 1.11047 128 128 128
-0.212883 1.63411 1.10716 128 128 128
-0.192242 1.63162 1.10386 128 128 128
-0.170756 1.61974 1.0945 128 128 128
-0.150266 1.61506 1.0901 128 128 128
-0.130565 1.61845 1.0912 128 128 128
-0.111131 1.6266 1.0956 128 128 128
-0.0898756 1.60366 1.07964 128 128 128
-0.0702577 1.60631 1.08074 128 128 128
-0.0502538 1.59704 1.07414 128 128 128
-0.0307201 1.60171 1.07689 128 128 128
-0.0110488 1.59863 1.07469 128 128 128
0.00864489 1.60782 1.08074 128 128 128
0.0281185 1.59508 1.07248 128 128 128
0.0474445 1.5871 1.06753 128 128 128
0.0670298 1.5889 1.06918 128 128 128
0.086523 1.58796 1.06918 128 128 128
0.106003 1.58678 1.06918 128 128 128
0.125604 1.58702 1.07028 128 128 128
0.144913 1.5837 1.06918 128 128 128
0.162475 1.56437 1.05762 128 128 128
0.182549 1.56972 1.06258 128 128 128
0.20158 1.5657 1.06147 128 128 128
0.221255 1.56642 1.06368 128 128 128
0.23891 1.55369 1.05707 128 128 128
0.257122 1.5457 1.05377 128 128 128
0.275323 1.53832 1.05102 128 128 128
0.293702 1.53237 1.04936 128 128 128
0.311975 1.5262 1.04771 128 128 128
0.329603 1.51736 1.04441 128 128 128
0.34763 1.51076 1.04276 128 128 128
0.364347 1.49909 1.0378 128 128 128
0.381459 1.48965 1.0345 128 128 128
0.398394 1.48003 1.0312 128 128 128
0.414922 1.46941 1.02735 128 128 128
0.431966 1.46101 1.02514 128 128 128
0.449613 1.4548 1.02459 128 128 128
0.469501 1.45552 1.029 128 128 128
0.492695 1.46546 1.04001 128 128 128
0.509529 1.45616 1.0378 128 128 128
0.528798 1.45371 1.04056 128 128 128
0.544814 1.44243 1.03725 128 128 128
0.563088 1.43719 1.03835 128 128 128
0.581314 1.43172 1.03946 128 128 128
0.597863 1.42217 1.0378 128 128 128
0.614935 1.41396 1.03725 128 128 128
0.633274 1.40859 1.03891 128 128 128
0.647327 1.39391 1.03395 128 128 128
0.656758 1.37007 1.02239 128 128 128
0.668309 1.35145 1.01468 128 128 128
0.69972 1.37211 1.03615 128 128 128
0.713771 1.35825 1.0323 128 128 128
0.729586 1.34793 1.0312 128 128 128
0.74403 1.33523 1.02845 128 128 128
0.762446 1.32962 1.0312 128 128 128
0.778705 1.32016 1.0312 128 128 128
0.794847 1.3105 1.0312 128 128 128
0.809538 1.29853 1.02955 128 128 128
0.826769 1.2906 1.0312 128 128 128
0.844849 1.28384 1.03395 128 128 128
0.863827 1.27821 1.0378 128 128 128
0.883271 1.27299 1.04221 128 128 128
0.899312 1.26273 1.04276 128 128 128
0.913751 1.25025 1.04166 128 128 128
0.928019 1.23761 1.04056 128 128 128
0.940582 1.22283 1.0378 128 128 128
0.954998 1.21054 1.03725 128 128 128
0.967146 1.1955 1.0345 128 128 128
0.981744 1.18354 1.0345 128 128 128
0.999451 1.17521 1.0378 128 128 128
1.0171 1.16662 1.04111 128 128 128
1.03525 1.1584 1.04496 128 128 128
1.05051 1.14683 1.04606 128 128 128
1.06394 1.13325 1.04551 128 128 128
1.07486 1.11711 1.04276 128 128 128
1.15921 1.06543 1.05872 128 128 128
1.17095 1.05001 1.05762 128 128 128
1.18375 1.03556 1.05762 128 128 128
1.2021 1.02582 1.06258 128 128 128
1.21781 1.01365 1.06533 128 128 128
1.23146 0.999678 1.06643 128 128 128
1.2456 0.986039 1.06808 128 128 128
1.25761 0.97068 1.06808 128 128 128
1.27143 0.956674 1.06973 128 128 128
1.28847 0.944934 1.07414 128 128 128
1.30609 0.933403 1.07909 128 128 128
1.32157 0.920155 1.08239 128 128 128
1.33415 0.904802 1.08349 128 128 128
1.34934 0.89111 1.0868 128 128 128
1.36158 0.875384 1.0879 128 128 128
1.37718 0.861695 1.09175 128 128 128
1.37265 0.835656 1.08019 128 128 128
1.3828 0.818748 1.08019 128 128 128
1.39347 0.802132 1.08074 128 128 128
1.40832 0.78781 1.0846 128 128 128
1.41273 0.767693 1.08074 128 128 128
1.43092 0.754949 1.08735 128 128 128
1.44678 0.740738 1.0923 128 128 128
1.47597 0.732897 1.10716 128 128 128
1.50745 0.72553 1.12368 128 128 128
1.51397 0.705924 1.12203 128 128 128
1.52709 0.689341 1.12533 128 128 128
1.54616 0.675198 1.13304 128 128 128
1.56203 0.6594 1.13854 128 128 128
1.57078 0.640495 1.13909 128 128 128
1.58474 0.6236 1.1435 128 128 128
1.60946 0.610575 1.15561 128 128 128
1.63332 0.596752 1.16717 128 128 128
1.65786 0.58271 1.17928 128 128 128
1.64034 0.554103 1.16221 128 128 128
1.66292 0.539039 1.17322 128 128 128
1.67898 0.521539 1.17983 128 128 128
1.69567 0.503962 1.18698 128 128 128
1.71137 0.485826 1.19359 128 128 128
1.71962 0.465437 1.19524 128 128 128
1.73167 0.445949 1.19965 128 128 128
1.74675 0.427019 1.20625 128 128 128
1.75593 0.406483 1.209 128 128 128
1.75997 0.384728 1.20845 128 128 128
1.77601 0.365429 1.21616 128 128 128
1.78939 0.345325 1.22222 128 128 128
1.79595 0.323778 1.22387 128 128 128
1.81132 0.303619 1.23157 128 128 128
1.82647 0.28313 1.23928 128 128 128
1.81658 0.258844 1.23047 128 128 128
1.85191 0.240649 1.25194 128 128 128
1.87214 0.219909 1.2635 128 128 128
1.88135 0.1976 1.26791 128 128 128
1.88695 0.174798 1.27011 128 128 128
1.89478 0.152083 1.27396 128 128 128
1.90401 0.129311 1.27891 128 128 128
1.92212 0.106823 1.28992 128 128 128
1.93246 0.0836032 1.29598 128 128 128
1.93752 0.0600021 1.29873 128 128 128
1.94645 0.0363578 1.30424 128 128 128
1.9551 0.0125031 1.30974 128 128 128
1.95427 -0.0114831 1.30919 128 128 128
1.9832 -0.0360621 1.32846 128 128 128
1.95758 -0.0595766 1.31194 128 128 128
1.96087 -0.0837824 1.3147 128 128 128
1.98136 -0.109082 1.32901 128 128 128
1.97738 -0.133214 1.32736 128 128 128
1.97226 -0.157196 1.32516 128 128 128
1.97102 -0.181465 1.32571 128 128 128
1.9703 -0.205816 1.32681 128 128 128
1.97177 -0.230474 1.32956 128 128 128
1.96549 -0.254217 1.32736 128 128 128
1.94239 -0.275458 1.31415 128 128 128
1.93639 -0.298886 1.31249 128 128 128
1.95068 -0.325692 1.3246 128 128 128
1.94572 -0.349456 1.32405 128 128 128
1.93473 -0.37203 1.31965 128 128 128
1.92429 -0.394557 1.3158 128 128 128
1.91931 -0.418142 1.3158 128 128 128
1.91891 -0.4428 1.3191 128 128 128
1.93927 -0.472701 1.33672 128 128 128
1.93009 -0.495625 1.33451 128 128 128
1.92306 -0.519053 1.33396 128 128 128
1.92136 -0.543989 1.33727 128 128 128
1.91854 -0.568721 1.34002 128 128 128
1.91142 -0.592222 1.34002 128 128 128
1.90559 -0.61615 1.34112 128 128 128
1.89314 -0.637878 1.33782 128 128 128
1.90328 -0.667457 1.35048 128 128 128
1.89259 -0.6899 1.34883 128 128 128
1.87228 -0.708614 1.34057 128 128 128
1.86578 -0.732457 1.34222 128 128 128
1.87055 -0.760992 1.35213 128 128 128
1.86031 -0.783563 1.35158 128 128 128
1.8582 -0.809685 1.35708 128 128 128
1.85268 -0.834494 1.36039 128 128 128
1.78257 -0.829212 1.3169 128 128 128
1.72866 -0.829963 1.28497 128 128 128
1.68397 -0.833988 1.25965 128 128 128
1.69217 -0.864126 1.27341 128 128 128
1.68661 -0.88756 1.27726 128 128 128
1.79947 -0.975717 1.37029 128 128 128
1.78736 -0.997726 1.37029 128 128 128
1.79016 -1.02835 1.38185 128 128 128
1.77741 -1.05024 1.38185 128 128 128
1.76439 -1.07197 1.38185 128 128 128
1.75959 -1.09887 1.38846 128 128 128
1.75439 -1.12581 1.39507 128 128 128
1.75575 -1.15739 1.40718 128 128 128
1.70759 -1.15585 1.3802 128 128 128
1.59129 -1.10551 1.29818 128 128 128
1.64546 -1.17358 1.35323 128 128 128
1.62354 -1.18824 1.34717 128 128 128
1.52752 -1.14673 1.28002 128 128 128
1.48759 -1.14547 1.25855 128 128 128
1.50219 -1.18647 1.28277 128 128 128
1.47651 -1.19586 1.27341 128 128 128
1.46942 -1.22031 1.28002 128 128 128
1.44926 -1.2339 1.27561 128 128 128
1.46978 -1.28297 1.30699 128 128 128
1.45827 -1.30482 1.31084 128 128 128
1.44829 -1.32827 1.31635 128 128 128
1.42945 -1.34365 1.31415 128 128 128
1.40386 -1.35238 1.30589 128 128 128
1.38123 -1.36363 1.30038 128 128 128
1.44587 -1.78432 1.53489 128 128 128
1.41689 -1.83914 1.5514 128 128 128
1.39822 -1.86173 1.55581 128 128 128
1.38166 -1.88752 1.56296 128 128 128
1.36806 -1.91795 1.57397 128 128 128
1.3487 -1.94077 1.57893 128 128 128
1.32945 -1.9641 1.58443 128 128 128
1.30754 -1.98375 1.58718 128 128 128
1.2804 -1.99543 1.58388 128 128 128
1.2611 -2.0195 1.59049 128 128 128
1.12215 -1.84624 1.44516 128 128 128
1.09814 -1.85771 1.44351 128 128 128
1.0794 -1.8783 1.44901 128 128 128
1.05749 -1.89359 1.45066 128 128 128
1.03695 -1.91157 1.45452 128 128 128
1.01341 -1.92415 1.45452 128 128 128
0.991993 -1.94091 1.45782 128 128 128
0.972531 -1.96192 1.46443 128 128 128
0.955583 -1.98877 1.47544 128 128 128
0.937068 -2.01322 1.48479 128 128 128
0.921169 -2.04438 1.49911 128 128 128
0.905974 -2.07851 1.51562 128 128 128
0.923631 -2.19265 1.58939 128 128 128
0.901978 -2.21697 1.59874 128 128 128
0.875311 -2.22943 1.59985 128 128 128
0.844652 -2.23141 1.59379 128 128 128
0.818059 -2.24396 1.59544 128 128 128
0.792934 -2.26093 1.6004 128 128 128
0.767515 -2.27761 1.60535 128 128 128
0.743594 -2.29958 1.61416 128 128 128
0.722932 -2.33326 1.63122 128 128 128
0.693066 -2.33795 1.62847 128 128 128
0.663645 -2.34387 1.62682 128 128 128
0.633752 -2.34781 1.62407 128 128 128
0.613346 -2.38858 1.64664 128 128 128
0.583988 -2.39592 1.64664 128 128 128
0.585085 -2.53637 1.73691 128 128 128
0.559732 -2.57029 1.75508 128 128 128
0.55175 -2.69314 1.83325 128 128 128
0.522095 -2.71775 1.84536 128 128 128
0.490311 -2.733 1.85141 128 128 128
0.46068 -2.7627 1.86738 128 128 128
0.430393 -2.79207 1.88334 128 128 128
0.392973 -2.77482 1.86848 128 128 128
0.365332 -2.82995 1.90206 128 128 128
0.329336 -2.82344 1.8949 128 128 128
0.263397 -2.86892 1.92022 128 128 128
0.229079 -2.88359 1.92793 128 128 128
0.195149 -2.90868 1.94279 128 128 128
0.160949 -2.9392 1.96151 128 128 128
0.0525092 -1.17255 0.794492 128 128 128
0.038594 -1.1898 0.805501 128 128 128
0.0239359 -1.18684 0.803299 128 128 128
0.0093424 -1.18037 0.798896 128 128 128
-0.00511591 -1.17706 0.796694 128 128 128
-0.0196111 -1.17941 0.798345 128 128 128
-0.0341374 -1.18075 0.799446 128 128 128
-0.0455068 -1.11102 0.753756 128 128 128
-0.173937 -3.11239 2.07601 128 128 128
-0.210029 -3.08004 2.05619 128 128 128
-0.252177 -3.13048 2.09142 128 128 128
-0.292692 -3.14959 2.10629 128 128 128
-0.33203 -3.15241 2.11069 128 128 128
-0.37395 -3.17545 2.12886 128 128 128
-0.414742 -3.18469 2.13822 128 128 128
-0.456175 -3.19589 2.14922 128 128 128
-0.497427 -3.20325 2.15803 128 128 128
-0.535723 -3.19114 2.15418 128 128 128
-0.561989 -3.11369 2.10684 128 128 128
-0.559636 -2.89842 1.96702 128 128 128
-0.600588 -2.91749 1.98463 128 128 128
-0.639758 -2.92539 1.99509 128 128 128
-0.675608 -2.91732 1.99509 128 128 128
-0.715747 -2.92664 2.0072 128 128 128
-0.750561 -2.9136 2.00445 128 128 128
-0.787355 -2.90819 2.0072 128 128 128
-0.88511 -3.11586 2.15638 128 128 128
-0.967032 -3.25114 2.25712 128 128 128
-1.01358 -3.26055 2.27198 128 128 128
-1.04498 -3.22167 2.25382 128 128 128
-1.09248 -3.23232 2.27033 128 128 128
-1.1329 -3.22103 2.27198 128 128 128
-1.16889 -3.19748 2.26538 128 128 128
-1.0701 -2.82092 2.00995 128 128 128
-1.0985 -2.79204 1.99894 128 128 128
-1.13585 -2.78608 2.00445 128 128 128
-1.32503 -3.13781 2.26648 128 128 128
-1.36678 -3.12896 2.27198 128 128 128
-1.40473 -3.11119 2.27143 128 128 128
-1.44281 -3.09372 2.27143 128 128 128
-1.48575 -3.08631 2.27914 128 128 128
-1.51941 -3.05962 2.27308 128 128 128
-1.55608 -3.03926 2.27198 128 128 128
-1.59756 -3.02805 2.27804 128 128 128
-1.62581 -2.99209 2.26593 128 128 128
-1.6624 -2.97192 2.26593 128 128 128
-1.70334 -2.95925 2.27198 128 128 128
-1.73952 -2.93812 2.27198 128 128 128
-1.76631 -2.90159 2.26042 128 128 128
-1.80622 -2.88677 2.26593 128 128 128
-1.84649 -2.8721 2.27198 128 128 128
-1.8816 -2.84923 2.27198 128 128 128
-1.90609 -2.81074 2.25987 128 128 128
-1.94044 -2.78713 2.25987 128 128 128
-1.96866 -2.75497 2.25327 128 128 128
-2.00825 -2.73867 2.25987 128 128 128
-2.03618 -2.70649 2.25382 128 128 128
-2.07537 -2.68922 2.26042 128 128 128
-2.10821 -2.66355 2.26042 128 128 128
-2.13389 -2.62906 2.25327 128 128 128
-2.15422 -2.58858 2.24116 128 128 128
-2.1918 -2.56893 2.24721 128 128 128
-2.22316 -2.54184 2.24721 128 128 128
-2.24135 -2.50008 2.23455 128 128 128
-2.27129 -2.47178 2.234 128 128 128
-2.29515 -2.43704 2.22794 128 128 128
-2.31559 -2.39909 2.21914 128 128 128
-0.703992 -0.716188 0.682744 128 128 128
-0.713323 -0.70808 0.683295 128 128 128
-2.41678 -2.32611 2.23235 128 128 128
-0.741453 -0.700634 0.693203 128 128 128
-2.45776 -2.19725 2.19436 128 128 128
-2.50155 -2.18171 2.20923 128 128 128
-2.51349 -2.13843 2.19657 128 128 128
-2.53311 -2.1021 2.19106 128 128 128
-2.55157 -2.06509 2.18501 128 128 128
-2.58394 -2.0393 2.19106 128 128 128
-2.5942 -1.99626 2.17895 128 128 128
-2.6165 -1.96277 2.1773 128 128 128
-2.63296 -1.92511 2.17124 128 128 128
-2.6421 -1.8825 2.15968 128 128 128
-2.66363 -1.84898 2.15858 128 128 128
-2.68612 -1.81616 2.15858 128 128 128
-2.70541 -1.78123 2.15638 128 128 128
-2.71581 -1.7407 2.14757 128 128 128
-2.73696 -1.70724 2.14757 128 128 128
-2.76057 -1.67526 2.14978 128 128 128
-2.76796 -1.63363 2.13987 128 128 128
-2.78708 -1.59913 2.13932 128 128 128
-2.79773 -1.55994 2.13271 128 128 128
-2.81593 -1.52509 2.13216 128 128 128
-2.82704 -1.48655 2.12666 128 128 128
-2.83019 -1.44418 2.11565 128 128 128
-2.8447 -1.40786 2.11344 128 128 128
-2.86101 -1.37248 2.11289 128 128 128
-2.87082 -1.33412 2.10794 128 128 128
-2.87631 -1.29401 2.10023 128 128 128
-2.89121 -1.25828 2.09968 128 128 128
-2.89026 -1.21593 2.08812 128 128 128
-2.88794 -1.17348 2.07601 128 128 128
-2.90679 -1.13978 2.07931 128 128 128
-2.90415 -1.09784 2.06775 128 128 128
-2.90013 -1.05586 2.05564 128 128 128
-2.91129 -1.01965 2.05454 128 128 128
-2.89825 -0.97536 2.03693 128 128 128
-2.89808 -0.93589 2.02867 128 128 128
-2.90855 -0.90001 2.02812 128 128 128
-2.91137 -0.861892 2.02261 128 128 128
-2.92012 -0.825648 2.02151 128 128 128
-2.92681 -0.788887 2.01931 128 128 128
-2.93141 -0.751675 2.01601 128 128 128
-2.92824 -0.712702 2.00775 128 128 128
-2.91398 -0.6715 1.99234 128 128 128
-2.91874 -0.634985 1.99014 128 128 128
-2.92468 -0.598787 1.98903 128 128 128
-2.91622 -0.559885 1.97858 128 128 128
-2.92698 -0.524787 1.98133 128 128 128
-2.9052 -0.484205 1.96261 128 128 128
-2.91339 -0.448895 1.96426 128 128 128
-2.90628 -0.411374 1.95601 128 128 128
-2.90863 -0.375361 1.95435 128 128 128
-2.90638 -0.338877 1.94995 128 128 128
-2.75022 0.323791 1.75434 128 128 128
-2.68383 0.349451 1.71508 128 128 128
-2.67011 0.381047 1.70924 128 128 128
-2.64932 0.411323 1.69916 128 128 128
-2.6332 0.441985 1.69227 128 128 128
-2.6184 0.472614 1.68643 128 128 128
-2.61157 0.50455 1.6859 128 128 128
-2.59107 0.533661 1.67688 128 128 128
-2.55238 0.624449 1.66574 128 128 128
-2.31711 0.597257 1.51879 128 128 128
-2.44872 0.663239 1.60898 128 128 128
-2.50156 0.710575 1.64877 128 128 128
-2.46259 0.732297 1.62914 128 128 128
-2.44208 0.758946 1.62171 128 128 128
-1.28737 0.418216 0.868384 128 128 128
-2.37935 0.804021 1.59306 128 128 128
-2.3525 0.827263 1.58192 128 128 128
-2.33421 0.853165 1.57662 128 128 128
-2.31722 0.879343 1.57237 128 128 128
-2.29521 0.903373 1.56494 128 128 128
-2.27296 0.926996 1.55752 128 128 128
-2.25595 0.952514 1.5538 128 128 128
-2.2371 0.977077 1.54903 128 128 128
-2.2203 1.00237 1.54585 128 128 128
-2.19784 1.02489 1.53895 128 128 128
-2.18281 1.05068 1.53736 128 128 128
-2.14925 1.06722 1.52303 128 128 128
-2.12089 1.0858 1.51242 128 128 128
-2.09541 1.10542 1.50394 128 128 128
-2.07349 1.12661 1.4981 128 128 128
-2.04175 1.14204 1.48537 128 128 128
-2.01214 1.15814 1.47423 128 128 128
-1.9934 1.18016 1.47104 128 128 128
-1.97442 1.20189 1.46786 128 128 128
-1.93868 1.21301 1.45248 128 128 128
-1.91794 1.23304 1.44823 128 128 128
-1.86657 1.23268 1.42118 128 128 128
-1.38455 0.939416 1.06839 128 128 128
-1.38754 0.966498 1.07953 128 128 128
-1.38454 0.989853 1.08642 128 128 128
-1.80042 1.32028 1.41852 128 128 128
-1.77663 1.33668 1.41269 128 128 128
-1.75539 1.35476 1.40897 128 128 128
-1.73065 1.36989 1.40261 128 128 128
-1.69791 1.37821 1.38988 128 128 128
-1.67109 1.39082 1.38192 128 128 128
-1.65196 1.40957 1.38033 128 128 128
-1.62368 1.42026 1.37131 128 128 128
-1.58908 1.42481 1.35698 128 128 128
-1.56898 1.44191 1.35486 128 128 128
-1.54499 1.45524 1.34956 128 128 128
-1.50627 1.45409 1.33152 128 128 128
-1.47806 1.46234 1.3225 128 128 128
-1.45643 1.47675 1.31932 128 128 128
-1.13173 1.17651 1.04292 128 128 128
-0.995848 1.06124 0.932045 128 128 128
-0.989053 1.08025 0.93788 128 128 128
-1.00116 1.12073 0.961753 128 128 128
-1.33581 1.53199 1.29332 128 128 128
-1.31251 1.54311 1.28908 128 128 128
-1.29131 1.55649 1.28696 128 128 128
-1.26998 1.56958 1.28483 128 128 128
-1.24326 1.57574 1.27741 128 128 128
-1.22125 1.58752 1.27476 128 128 128
-1.19149 1.58883 1.26414 128 128 128
-1.17691 1.61017 1.26945 128 128 128
-1.13885 1.59896 1.24982 128 128 128
-1.11382 1.60516 1.24399 128 128 128
-1.08929 1.61169 1.23868 128 128 128
-1.06849 1.62352 1.23762 128 128 128
-1.0375 1.61939 1.22489 128 128 128
-1.01576 1.62912 1.22277 128 128 128
-0.985123 1.62408 1.21003 128 128 128
-0.959943 1.62729 1.20367 128 128 128
-0.945814 1.64923 1.21109 128 128 128
-0.910214 1.63333 1.19146 128 128 128
-0.886869 1.63842 1.18722 128 128 128
-0.866302 1.64843 1.18669 128 128 128
-0.838679 1.64459 1.17661 128 128 128
-0.816552 1.65096 1.17396 128 128 128
-0.791459 1.65092 1.16706 128 128 128
-0.768636 1.65513 1.16335 128 128 128
-0.746178 1.6598 1.16016 128 128 128
-0.724738 1.6665 1.15857 128 128 128
-0.703903 1.67449 1.15804 128 128 128
-0.681704 1.67908 1.15539 128 128 128
-0.65578 1.6739 1.14637 128 128 128
-0.637591 1.68817 1.15062 128 128 128
-0.609566 1.67595 1.13735 128 128 128
-0.586428 1.67611 1.13258 128 128 128
-0.561212 1.66952 1.12356 128 128 128
-0.5459 1.69242 1.13417 128 128 128
-0.524589 1.69737 1.13311 128 128 128
-0.49914 1.68824 1.12303 128 128 128
-0.480003 1.69994 1.12674 128 128 128
-0.450928 1.67543 1.10711 128 128 128
-0.426959 1.6677 1.09863 128 128 128
-0.404453 1.66458 1.09332 128 128 128
1.42535 0.794096 1.04239 128 128 128
1.45866 0.766381 1.05247 128 128 128
1.47475 0.751894 1.05725 128 128 128
1.49526 0.739386 1.0652 128 128 128
1.50651 0.722083 1.06679 128 128 128
1.49989 0.696388 1.05618 128 128 128
1.52223 0.684197 1.06573 128 128 128
1.53984 0.66953 1.0721 128 128 128
1.55341 0.652887 1.07581 128 128 128
1.52911 0.620675 1.05406 128 128 128
1.55318 0.608371 1.0652 128 128 128
1.60731 0.606974 1.0965 128 128 128
1.61065 0.585752 1.09385 128 128 128
1.64091 0.574081 1.10924 128 128 128
1.63659 0.55011 1.10181 128 128 128
1.66257 0.536247 1.11454 128 128 128
1.67632 0.518063 1.11932 128 128 128
1.68824 0.49914 1.12303 128 128 128
1.69423 0.478386 1.12303 128 128 128
1.73108 0.465957 1.14319 128 128 128
1.73092 0.443202 1.13947 128 128 128
1.74611 0.424338 1.14584 128 128 128
1.75862 0.404596 1.15062 128 128 128
1.76593 0.383526 1.15221 128 128 128
1.77383 0.362508 1.15433 128 128 128
1.7873 0.342476 1.16016 128 128 128
1.79888 0.321867 1.16494 128 128 128
1.82276 0.303121 1.17767 128 128 128
1.82299 0.280212 1.17555 128 128 128
1.8372 0.25937 1.18245 128 128 128
1.84277 0.237131 1.18404 128 128 128
1.85059 0.215091 1.18722 128 128 128
1.86574 0.193689 1.19518 128 128 128
1.86966 0.170934 1.19624 128 128 128
1.90626 0.150745 1.21799 128 128 128
1.92065 0.128197 1.22595 128 128 128
1.92631 0.104852 1.2286 128 128 128
1.92492 0.081096 1.22701 128 128 128
1.94271 0.057987 1.23762 128 128 128
1.95599 0.0343757 1.24558 128 128 128
1.96474 0.0104216 1.25088 128 128 128
1.97913 -0.0137791 1.2599 128 128 128
1.99153 -0.0383 1.26786 128 128 128
1.98582 -0.0625798 1.26468 128 128 128
1.98999 -0.0871629 1.26786 128 128 128
1.99469 -0.111904 1.27157 128 128 128
2.02192 -0.13832 1.28961 128 128 128
2.02683 -0.163662 1.29385 128 128 128
2.02805 -0.188834 1.29598 128 128 128
2.01799 -0.212912 1.2912 128 128 128
2.00765 -0.236772 1.28643 128 128 128
2.03233 -0.264988 1.30393 128 128 128
2.00963 -0.287164 1.29173 128 128 128
2.01098 -0.312581 1.29491 128 128 128
2.01284 -0.338214 1.29863 128 128 128
2.00771 -0.36274 1.2981 128 128 128
2.01559 -0.389755 1.30606 128 128 128
2.00235 -0.412755 1.30075 128 128 128
2.01536 -0.441271 1.31242 128 128 128
1.9974 -0.463106 1.30446 128 128 128
1.97592 -0.483764 1.29438 128 128 128
1.97558 -0.509453 1.2981 128 128 128
1.98637 -0.538302 1.30924 128 128 128
1.1303 -1.91554 1.41322 128 128 128
1.0908 -1.95677 1.4233 128 128 128
1.07034 -1.97671 1.42807 128 128 128
1.04956 -1.99645 1.43285 128 128 128
1.02922 -2.01748 1.43868 128 128 128
1.01718 -2.05578 1.45672 128 128 128
0.994082 -2.0727 1.4599 128 128 128
0.969287 -2.08628 1.46096 128 128 128
0.961719 -2.1382 1.48855 128 128 128
0.950649 -2.18481 1.51242 128 128 128
0.937261 -2.22834 1.53418 128 128 128
0.91975 -2.26401 1.55062 128 128 128
0.897786 -2.29012 1.5607 128 128 128
0.869315 -2.30017 1.56017 128 128 128
0.877904 -2.41181 1.62755 128 128 128
0.898752 -2.56638 1.72304 128 128 128
0.851675 -2.63767 1.75593 128 128 128
0.822506 -2.65845 1.76283 128 128 128
0.790062 -2.66915 1.76336 128 128 128
0.756092 -2.67457 1.7607 128 128 128
0.730729 -2.71147 1.77874 128 128 128
0.702252 -2.73912 1.79094 128 128 128
0.670393 -2.75494 1.79572 128 128 128
0.638443 -2.77122 1.80102 128 128 128
0.605471 -2.78381 1.80421 128 128 128
0.573991 -2.80432 1.81269 128 128 128
0.545622 -2.84278 1.83285 128 128 128
0.509796 -2.84426 1.82967 128 128 128
0.486173 -2.91802 1.87264 128 128 128
0.448644 -2.91288 1.86574 128 128 128
0.415129 -2.93411 1.87582 128 128 128
0.381922 -2.96084 1.88962 128 128 128
0.348713 -2.99225 1.90659 128 128 128
0.315495 -3.03002 1.92781 128 128 128
0.278288 -3.03367 1.92781 128 128 128
0.240027 -3.02418 1.91986 128 128 128
0.0646191 -1.19757 0.77183 128 128 128
0.0504632 -1.21098 0.779788 128 128 128
0.0354432 -1.20642 0.776605 128 128 128
0.0204027 -1.19406 0.768647 128 128 128
0.00576367 -1.19676 0.770239 128 128 128
-0.00890705 -1.1942 0.768647 128 128 128
-0.0235297 -1.1923 0.767586 128 128 128
-0.0383678 -1.1987 0.77183 128 128 128
-0.0531842 -1.20068 0.773422 128 128 128
-0.184237 -3.30151 2.09068 128 128 128
-0.227371 -3.3379 2.11508 128 128 128
-0.26703 -3.3188 2.105 128 128 128
-0.308439 -3.32287 2.10978 128 128 128
-0.355552 -3.37954 2.14798 128 128 128
-0.395517 -3.36229 2.14002 128 128 128
-0.435985 -3.3513 2.13631 128 128 128
-0.481134 -3.37423 2.15434 128 128 128
-0.515118 -3.32033 2.1241 128 128 128
-0.539043 -3.21343 2.06044 128 128 128
-0.574533 -3.18488 2.04665 128 128 128
-0.598663 -3.10018 1.99731 128 128 128
-0.632569 -3.07267 1.98458 128 128 128
-0.680709 -3.11271 2.01535 128 128 128
-0.718664 -3.1033 2.01482 128 128 128
-0.774579 -3.16754 2.06203 128 128 128
-0.857927 -3.33102 2.17397 128 128 128
-0.896307 -3.31124 2.16814 128 128 128
-0.936873 -3.29999 2.16814 128 128 128
-0.977299 -3.28825 2.16814 128 128 128
-1.01758 -3.276 2.16814 128 128 128
-1.06057 -3.27214 2.17397 128 128 128
-1.09523 -3.24282 2.16336 128 128 128
-1.14421 -3.25553 2.18087 128 128 128
-1.18407 -3.24124 2.18087 128 128 128
-1.09524 -2.88718 1.95381 128 128 128
-1.11509 -2.83408 1.92728 128 128 128
-1.16353 -2.85394 1.9501 128 128 128
-1.20834 -2.86288 1.96601 128 128 128
-1.37687 -3.15399 2.17503 128 128 128
-1.4193 -3.14535 2.18087 128 128 128
-1.45386 -3.11925 2.17503 128 128 128
-1.49239 -3.10193 2.17556 128 128 128
-1.53449 -3.09174 2.1814 128 128 128
-1.56768 -3.06362 2.17503 128 128 128
-1.60161 -3.0374 2.17026 128 128 128
-1.6424 -3.02422 2.17503 128 128 128
-1.6707 -2.9883 2.16389 128 128 128
-1.71612 -2.98301 2.17503 128 128 128
-1.74828 -2.95443 2.16973 128 128 128
-1.78881 -2.93999 2.17503 128 128 128
-1.82026 -2.91063 2.16973 128 128 128
-1.85081 -2.88023 2.16389 128 128 128
-1.89161 -2.86579 2.17026 128 128 128
-1.92664 -2.84236 2.17026 128 128 128
-1.95556 -2.81015 2.16389 128 128 128
-1.9899 -2.78594 2.16389 128 128 128
-2.01793 -2.75311 2.15753 128 128 128
-2.05869 -2.73763 2.16495 128 128 128
-2.09161 -2.71148 2.16442 128 128 128
-2.11317 -2.67098 2.15275 128 128 128
-2.13991 -2.63761 2.14692 128 128 128
-2.19 -2.63266 2.16442 128 128 128
-2.2084 -2.58946 2.15116 128 128 128
-2.23443 -2.55578 2.14585 128 128 128
-2.26619 -2.5288 2.14638 128 128 128
-2.29075 -2.49393 2.14055 128 128 128
-2.31886 -2.46316 2.13843 128 128 128
-0.703946 -0.710411 0.64716 128 128 128
-0.715627 -0.704697 0.649813 128 128 128
-2.42533 -2.33523 2.12835 128 128 128
-0.749996 -0.703182 0.664667 128 128 128
-0.776683 -0.710544 0.680052 128 128 128
-2.50458 -2.23986 2.1241 128 128 128
-2.51464 -2.1939 2.10978 128 128 128
-2.54073 -2.16233 2.10925 128 128 128
-2.55599 -2.12178 2.10023 128 128 128
-2.57788 -2.08705 2.09705 128 128 128
-2.6033 -2.05526 2.09705 128 128 128
-2.61825 -2.0154 2.08909 128 128 128
-2.64076 -1.98159 2.0875 128 128 128
-2.65735 -1.94352 2.08166 128 128 128
-2.67341 -1.90535 2.07583 128 128 128
-2.69033 -1.86805 2.07105 128 128 128
-2.71656 -1.83727 2.0737 128 128 128
-2.7297 -1.79773 2.06681 128 128 128
-2.74941 -1.76272 2.06522 128 128 128
-2.77227 -1.72975 2.06628 128 128 128
-2.78315 -1.68944 2.05885 128 128 128
-2.80513 -1.65602 2.05991 128 128 128
-2.82451 -1.62105 2.05938 128 128 128
-2.83605 -1.58172 2.05355 128 128 128
-2.84407 -1.54073 2.04559 128 128 128
-2.86351 -1.50611 2.04612 128 128 128
-2.86668 -1.46314 2.03551 128 128 128
-2.87454 -1.42296 2.02861 128 128 128
-2.89103 -1.38721 2.02808 128 128 128
-2.89784 -1.34698 2.02118 128 128 128
-2.90565 -1.30749 2.01535 128 128 128
-2.91371 -1.26835 2.01004 128 128 128
-2.91968 -1.22855 2.00368 128 128 128
-2.92511 -1.18879 1.99731 128 128 128
-2.92764 -1.14816 1.98935 128 128 128
-2.93041 -1.10794 1.98193 128 128 128
-2.92149 -1.06377 1.96707 128 128 128
-2.92262 -0.983626 1.95116 128 128 128
-2.93734 -0.869601 1.93842 128 128 128
-2.94045 -0.831411 1.93365 128 128 128
-2.95289 -0.795927 1.93524 128 128 128
-2.95833 -0.758576 1.93259 128 128 128
-2.96659 -0.722015 1.93206 128 128 128
-2.96779 -0.683839 1.92728 128 128 128
-2.96519 -0.645021 1.92039 128 128 128
-2.96458 -0.60688 1.91508 128 128 128
-2.96182 -0.568532 1.90872 128 128 128
-2.95856 -0.530344 1.90235 128 128 128
-2.8463 0.0773514 1.69832 128 128 128
-2.6629 0.435405 1.61057 128 128 128
-2.65565 0.467748 1.60956 128 128 128
-2.63956 0.498367 1.60347 128 128 128
-2.62817 0.529691 1.60043 128 128 128
-2.60547 0.558444 1.59079 128 128 128
-2.59338 0.589221 1.58775 128 128 128
-2.55496 0.613505 1.56898 128 128 128
-2.53889 0.642683 1.56391 128 128 128
-2.52832 0.673121 1.56239 128 128 128
-2.4817 0.693364 1.53905 128 128 128
-2.47797 0.725227 1.5421 128 128 128
-2.44335 0.747719 1.52637 128 128 128
-1.33948 0.425869 0.849716 128 128 128
-2.42753 0.808551 1.5284 128 128 128
-2.35096 0.88035 1.49999 128 128 128
-2.34319 0.910388 1.50202 128 128 128
-2.31586 0.932607 1.49188 128 128 128
-2.28437 0.952628 1.4792 128 128 128
-2.26223 0.976132 1.4726 128 128 128
-2.24222 1.00029 1.46753 128 128 128
-2.2157 1.02122 1.4584 128 128 128
-2.18201 1.03829 1.44471 128 128 128
-2.16756 1.06423 1.44369 128 128 128
-2.13897 1.08293 1.43355 128 128 128
-2.11483 1.1035 1.42645 128 128 128
-2.08445 1.12036 1.41529 128 128 128
-2.05548 1.13748 1.40514 128 128 128
-2.02715 1.15449 1.3955 128 128 128
-2.00466 1.17447 1.38992 128 128 128
-1.98346 1.19497 1.38536 128 128 128
-1.95621 1.21148 1.37674 128 128 128
-1.94773 1.23957 1.3813 128 128 128
-1.41367 0.922836 1.01609 128 128 128
-1.39938 0.938187 1.01406 128 128 128
-1.3906 0.957251 1.01609 128 128 128
-1.39771 0.987722 1.02979 128 128 128
-1.81792 1.32012 1.34478 128 128 128
-1.79744 1.33923 1.34174 128 128 128
-1.77472 1.35646 1.33717 128 128 128
-1.75117 1.37281 1.3321 128 128 128
-1.70938 1.37417 1.31333 128 128 128
-1.68176 1.38625 1.30522 128 128 128
-1.6528 1.39674 1.29609 128 128 128
-1.63488 1.41636 1.29558 128 128 128
-1.60773 1.42771 1.28797 128 128 128
-1.58309 1.44093 1.28239 128 128 128
-1.54642 1.44258 1.26717 128 128 128
-1.52425 1.45727 1.26362 128 128 128
-1.50195 1.47163 1.26007 128 128 128
-1.48196 1.48812 1.25855 128 128 128
-1.15855 1.19095 1.00037 128 128 128
-1.01073 1.06408 0.886237 128 128 128
-0.999931 1.07894 0.888266 128 128 128
-0.991224 1.09626 0.892324 128 128 128
-1.35894 1.54314 1.23268 128 128 128
-1.32926 1.54726 1.22304 128 128 128
-1.30244 1.55419 1.21594 128 128 128
-1.28327 1.57006 1.21594 128 128 128
-1.25051 1.56881 1.20326 128 128 128
-1.2222 1.57245 1.19464 128 128 128
-1.19814 1.58114 1.19007 128 128 128
-1.17865 1.59572 1.19007 128 128 128
-1.14593 1.59185 1.17688 128 128 128
-1.12434 1.60297 1.17486 128 128 128
-1.09828 1.60738 1.16826 128 128 128
-1.07372 1.61355 1.16319 128 128 128
-1.04123 1.60705 1.14949 128 128 128
-1.02051 1.61824 1.14848 128 128 128
-0.993392 1.61887 1.14036 128 128 128
-0.968171 1.62205 1.13428 128 128 128
-0.94647 1.63082 1.13225 128 128 128
-0.916688 1.62503 1.12058 128 128 128
-0.896265 1.6354 1.12007 128 128 128
-0.874516 1.64323 1.11804 128 128 128
-0.851923 1.64924 1.115 128 128 128
-0.830852 1.65802 1.11399 128 128 128
-0.806321 1.65956 1.10841 128 128 128
-0.784799 1.66699 1.10689 128 128 128
-0.762861 1.67335 1.10486 128 128 128
-0.738118 1.67311 1.09877 128 128 128
-0.714168 1.67411 1.0937 128 128 128
-0.688347 1.66999 1.08558 128 128 128
-0.663685 1.66789 1.07899 128 128 128
-0.644088 1.67832 1.08051 128 128 128
-0.61899 1.67397 1.0729 128 128 128
-0.594384 1.67006 1.0658 128 128 128
-0.570245 1.66662 1.05921 128 128 128
-0.547882 1.66775 1.05565 128 128 128
-0.526347 1.67106 1.05363 128 128 128
-0.505308 1.67574 1.05261 128 128 128
-0.48376 1.6785 1.05058 128 128 128
-0.461767 1.67932 1.04754 128 128 128
-0.437017 1.66901 1.0379 128 128 128
-0.414238 1.66504 1.03232 128 128 128
-0.391622 1.66077 1.02674 128 128 128
-0.367136 1.64693 1.01558 128 128 128
-0.346898 1.65132 1.01558 128 128 128
-0.32348 1.63938 1.00595 128 128 128
-0.302567 1.63898 1.00341 128 128 128
-0.284157 1.65277 1.0095 128 128 128
-0.260653 1.6357 0.997322 128 128 128
-0.242773 1.65413 1.00645 128 128 128
-0.22032 1.64075 0.996815 128 128 128
-0.201188 1.65188 1.00189 128 128 128
-0.179622 1.64223 0.994786 128 128 128
-0.158162 1.63058 0.98667 128 128 128
-0.138351 1.63498 0.988192 128 128 128
-0.117799 1.62968 0.984134 128 128 128
-0.0976926 1.62928 0.98312 128 128 128
-0.0774594 1.62519 0.980076 128 128 128
-0.0574256 1.62343 0.978555 128 128 128
-0.0374466 1.62143 0.977033 128 128 128
-0.0175324 1.62004 0.976018 128 128 128
0.00233133 1.61583 0.973482 128 128 128
0.0221599 1.61568 0.973482 128 128 128
0.0418118 1.60925 0.969932 128 128 128
0.0613448 1.60345 0.966888 128 128 128
0.0807417 1.59742 0.963845 128 128 128
0.0997176 1.58685 0.958265 128 128 128
0.118714 1.57949 0.954714 128 128 128
0.138631 1.58392 0.958265 128 128 128
0.157705 1.57867 0.956236 128 128 128
0.176376 1.57062 0.952686 128 128 128
0.19411 1.55637 0.945584 128 128 128
0.213194 1.55387 0.945584 128 128 128
0.232637 1.5537 0.947106 128 128 128
0.251545 1.54987 0.946599 128 128 128
0.26798 1.53225 0.937976 128 128 128
0.287731 1.53392 0.941019 128 128 128
0.305503 1.52521 0.937976 128 128 128
0.321102 1.50702 0.929353 128 128 128
0.336687 1.49037 0.921744 128 128 128
0.352316 1.47524 0.91515 128 128 128
0.369754 1.4683 0.913628 128 128 128
0.387076 1.46115 0.912107 128 128 128
0.40521 1.45712 0.912614 128 128 128
0.424035 1.45535 0.914643 128 128 128
0.448456 1.47145 0.927831 128 128 128
0.46727 1.46829 0.929353 128 128 128
0.485253 1.46245 0.929353 128 128 128
0.495502 1.43441 0.915657 128 128 128
0.509542 1.4185 0.90957 128 128 128
0.523875 1.40408 0.904498 128 128 128
0.538244 1.39032 0.899933 128 128 128
0.553971 1.38041 0.897904 128 128 128
0.56987 1.37113 0.896382 128 128 128
0.585282 1.36087 0.894353 128 128 128
0.604053 1.3583 0.897397 128 128 128
0.6214 1.35235 0.898411 128 128 128
0.637949 1.34462 0.898411 128 128 128
0.654782 1.33747 0.898918 128 128 128
0.672318 1.33163 0.90044 128 128 128
0.692609 1.33092 0.905512 128 128 128
0.70848 1.32156 0.905005 128 128 128
0.727156 1.31728 0.908049 128 128 128
0.743695 1.30901 0.908556 128 128 128
0.761888 1.3035 0.911092 128 128 128
0.776488 1.29184 0.90957 128 128 128
0.790917 1.28002 0.908049 128 128 128
0.807493 1.27167 0.909063 128 128 128
0.823511 1.26238 0.90957 128 128 128
0.83894 1.25218 0.90957 128 128 128
0.855224 1.24321 0.910585 128 128 128
0.86792 1.22911 0.908049 128 128 128
0.879891 1.21419 0.905005 128 128 128
0.896273 1.20537 0.906527 128 128 128
0.907325 1.18949 0.902976 128 128 128
0.919188 1.17488 0.90044 128 128 128
0.935161 1.16553 0.901962 128 128 128
0.960933 1.16791 0.912614 128 128 128
0.963483 1.14223 0.901962 128 128 128
0.996658 1.15242 0.919208 128 128 128
0.998107 1.12596 0.908049 128 128 128
1.00778 1.10917 0.904498 128 128 128
1.01719 1.09232 0.900947 128 128 128
1.02753 1.07664 0.898411 128 128 128
1.03281 1.05597 0.891817 128 128 128
1.04569 1.04321 0.891817 128 128 128
1.07637 1.04768 0.906527 128 128 128
1.14241 1.08468 0.949642 128 128 128
1.12458 1.04197 0.924787 128 128 128
1.16164 1.04998 0.944062 128 128 128
1.155 1.0186 0.928845 128 128 128
1.18378 1.01836 0.941526 128 128 128
1.20678 1.01259 0.949642 128 128 128
1.22513 1.0026 0.954207 128 128 128
1.24207 0.991239 0.957758 128 128 128
1.25209 0.97434 0.956236 128 128 128
1.26327 0.958383 0.955729 128 128 128
1.27354 0.941788 0.954714 128 128 128
1.285 0.926088 0.954714 128 128 128
1.2991 0.912223 0.956743 128 128 128
1.31875 0.902027 0.96283 128 128 128
1.33906 0.891961 0.969424 128 128 128
1.3499 0.875462 0.969424 128 128 128
1.34522 0.849212 0.958772 128 128 128
1.35627 0.83309 0.95928 128 128 128
1.39529 0.833542 0.979062 128 128 128
1.41139 0.819803 0.98312 128 128 128
1.40405 0.792724 0.971453 128 128 128
1.41141 0.774197 0.969932 128 128 128
1.45203 0.773345 0.990728 128 128 128
1.45298 0.751137 0.985149 128 128 128
1.47366 0.739014 0.992757 128 128 128
1.47874 0.719001 0.990221 128 128 128
1.49603 0.704818 0.995801 128 128 128
1.50457 0.686406 0.995801 128 128 128
1.51288 0.667891 0.995801 128 128 128
1.52414 0.65062 0.99783 128 128 128
1.53839 0.634479 1.00189 128 128 128
1.55007 0.617136 1.00442 128 128 128
1.56396 0.600523 1.00848 128 128 128
1.57769 0.58366 1.01254 128 128 128
1.58473 0.564256 1.01254 128 128 128
1.58011 0.540889 1.00544 128 128 128
1.5981 0.525194 1.01254 128 128 128
1.60443 0.505544 1.01254 128 128 128
1.61299 0.486557 1.01406 128 128 128
1.61801 0.46649 1.01355 128 128 128
1.68681 0.463805 1.0521 128 128 128
1.69487 0.443718 1.05363 128 128 128
1.7027 0.423504 1.05515 128 128 128
1.71784 0.404925 1.06123 128 128 128
1.74709 0.389188 1.07594 128 128 128
1.7492 0.367194 1.07442 128 128 128
1.76458 0.347841 1.08102 128 128 128
1.78143 0.328473 1.08863 128 128 128
1.80062 0.309176 1.09776 128 128 128
1.80598 0.287323 1.09877 128 128 128
1.81961 0.266614 1.10486 128 128 128
1.8236 0.244377 1.10536 128 128 128
1.82817 0.222184 1.10638 128 128 128
1.84876 0.201652 1.11703 128 128 128
1.86396 0.180163 1.12464 128 128 128
1.86088 0.156854 1.1216 128 128 128
1.87298 0.134724 1.12768 128 128 128
1.88051 0.112074 1.13123 128 128 128
1.89552 0.0896081 1.13935 128 128 128
1.90079 0.066481 1.14189 128 128 128
1.90663 0.0432557 1.14493 128 128 128
1.91133 0.0198901 1.14746 128 128 128
1.93125 -0.00364912 1.15913 128 128 128
1.93795 -0.0274616 1.16319 128 128 128
1.95211 -0.0516619 1.17181 128 128 128
1.96166 -0.0760373 1.1779 128 128 128
1.98296 -0.101297 1.19109 128 128 128
1.98845 -0.126075 1.19514 128 128 128
1.98847 -0.150601 1.19616 128 128 128
1.99248 -0.175534 1.19971 128 128 128
2.00646 -0.201644 1.20935 128 128 128
2.02866 -0.22911 1.22406 128 128 128
2.02997 -0.254533 1.22659 128 128 128
2.03353 -0.280381 1.23065 128 128 128
2.0393 -0.306744 1.23623 128 128 128
2.04644 -0.333573 1.24283 128 128 128
2.04898 -0.359868 1.24688 128 128 128
2.05034 -0.386114 1.25043 128 128 128
2.0522 -0.412619 1.25449 128 128 128
2.05625 -0.439773 1.26007 128 128 128
2.07254 -0.469974 1.27326 128 128 128
2.07499 -0.497398 1.27833 128 128 128
2.0704 -0.52325 1.27935 128 128 128
2.10045 -0.558435 1.30166 128 128 128
2.07021 -0.577636 1.28746 128 128 128
2.09521 -0.612493 1.30724 128 128 128
2.08177 -0.636383 1.30369 128 128 128
2.06642 -0.659508 1.29913 128 128 128
2.05327 -0.683174 1.29609 128 128 128
2.04798 -0.709454 1.29811 128 128 128
2.07882 -0.748925 1.32297 128 128 128
2.05012 -0.767092 1.3108 128 128 128
2.01245 -0.781219 1.29304 128 128 128
2.05304 -0.826227 1.325 128 128 128
2.04593 -0.852691 1.32703 128 128 128
2.03373 -0.877048 1.32601 128 128 128
2.02281 -0.901939 1.32601 128 128 128
2.03036 -0.935386 1.33819 128 128 128
1.86478 -0.88663 1.23775 128 128 128
1.67445 -0.821001 1.12007 128 128 128
1.66194 -0.840315 1.11855 128 128 128
1.65151 -0.860646 1.11855 128 128 128
1.6431 -0.882076 1.12007 128 128 128
1.79862 -0.994706 1.23217 128 128 128
1.96132 -1.11683 1.35087 128 128 128
1.94598 -1.13994 1.34985 128 128 128
1.92153 -1.15749 1.34275 128 128 128
1.88303 -1.16597 1.32601 128 128 128
1.83227 -1.16578 1.30065 128 128 128
1.78973 -1.16973 1.28087 128 128 128
1.61304 -1.08224 1.16573 128 128 128
1.64427 -1.13286 1.19768 128 128 128
1.6457 -1.16393 1.20884 128 128 128
1.62642 -1.18048 1.20529 128 128 128
1.64011 -1.22152 1.22609 128 128 128
1.62704 -1.24313 1.22761 128 128 128
1.61099 -1.26247 1.2271 128 128 128
1.59403 -1.28106 1.22609 128 128 128
1.61139 -1.328 1.25145 128 128 128
1.58643 -1.34043 1.24485 128 128 128
1.57376 -1.36319 1.2479 128 128 128
1.5627 -1.38756 1.25246 128 128 128
1.5551 -1.41535 1.26007 128 128 128
1.69108 -1.57809 1.38384 128 128 128
1.74246 -1.66676 1.44166 128 128 128
1.73661 -1.70253 1.45384 128 128 128
1.72955 -1.73778 1.4655 128 128 128
1.62895 -1.89764 1.49442 128 128 128
1.59119 -1.90028 1.48123 128 128 128
1.57047 -1.92301 1.48376 128 128 128
1.54139 -1.93538 1.47869 128 128 128
1.55023 -1.99641 1.51014 128 128 128
1.52353 -2.01253 1.50811 128 128 128
1.50485 -2.03941 1.5142 128 128 128
1.48874 -2.07033 1.52333 128 128 128
1.47704 -2.10823 1.53753 128 128 128
1.46608 -2.14829 1.55325 128 128 128
1.44864 -2.17977 1.56289 128 128 128
1.42459 -2.20173 1.56594 128 128 128
1.40983 -2.23876 1.57963 128 128 128
1.38494 -2.26031 1.58267 128 128 128
1.35886 -2.28009 1.5847 128 128 128
1.18085 -2.03686 1.40818 128 128 128
1.1566 -2.0527 1.4092 128 128 128
1.1371 -2.07733 1.4163 128 128 128
1.12079 -2.10865 1.42797 128 128 128
1.09956 -2.13144 1.43405 128 128 128
1.08446 -2.16715 1.44876 128 128 128
1.05891 -2.18262 1.45029 128 128 128
1.04702 -2.22745 1.47108 128 128 128
1.0253 -2.25269 1.4792 128 128 128
1.00104 -2.273 1.48427 128 128 128
0.986853 -2.31765 1.50507 128 128 128
1.06477 -2.58959 1.67043 128 128 128
1.05254 -2.65216 1.70188 128 128 128
1.01378 -2.64877 1.69173 128 128 128
0.985652 -2.67315 1.69934 128 128 128
0.900838 -2.53795 1.60753 128 128 128
0.920307 -2.69816 1.70035 128 128 128
0.904476 -2.76251 1.73332 128 128 128
0.86871 -2.76765 1.72977 128 128 128
0.844303 -2.8103 1.74956 128 128 128
0.819689 -2.85526 1.77086 128 128 128
0.799077 -2.91832 1.80332 128 128 128
0.764502 -2.93291 1.80637 128 128 128
0.730718 -2.95128 1.81195 128 128 128
0.697772 -2.97429 1.82057 128 128 128
0.666779 -3.00788 1.83579 128 128 128
0.626318 -2.99896 1.82564 128 128 128
0.592926 -3.02418 1.83629 128 128 128
0.555924 -3.03208 1.8368 128 128 128
0.469211 -2.74637 1.66231 128 128 128
0.481079 -3.04311 1.83579 128 128 128
0.450827 -3.09825 1.86521 128 128 128
0.412997 -3.10526 1.86622 128 128 128
0.38709 -3.21279 1.92709 128 128 128
0.349738 -3.23701 1.93876 128 128 128
0.31193 -3.26165 1.95093 128 128 128
0.275047 -3.30388 1.97375 128 128 128
0.233047 -3.28637 1.96158 128 128 128
0.194868 -3.32684 1.9839 128 128 128
0.0591202 -1.2171 0.739646 128 128 128
0.042802 -1.17553 0.714791 128 128 128
0.028654 -1.18976 0.722907 128 128 128
0.0141424 -1.20122 0.729501 128 128 128
-0.000595886 -1.20044 0.728994 128 128 128
-0.0153271 -1.20034 0.728994 128 128 128
-0.0301055 -1.20179 0.730008 128 128 128
-0.0449217 -1.20305 0.731023 128 128 128
-0.0597733 -1.20413 0.732037 128 128 128
-0.073473 -1.18697 0.7224 128 128 128
-0.260194 -3.39412 2.026 128 128 128
-0.29981 -3.36835 2.01281 128 128 128
-0.34482 -3.40043 2.03412 128 128 128
-0.384749 -3.38053 2.02499 128 128 128
-0.423586 -3.35503 2.01281 128 128 128
-0.464487 -3.34788 2.0118 128 128 128
-0.500465 -3.3087 1.99202 128 128 128
-0.536957 -3.27765 1.97731 128 128 128
-0.566124 -3.20887 1.94028 128 128 128
-0.598201 -3.16359 1.91745 128 128 128
-0.664959 -3.29367 2.00013 128 128 128
-0.718068 -3.34423 2.03564 128 128 128
-0.759053 -3.33516 2.03564 128 128 128
-0.802152 -3.33481 2.04122 128 128 128
-0.845995 -3.33641 2.04832 128 128 128
-0.896692 -3.3624 2.07064 128 128 128
-0.935553 -3.34285 2.06556 128 128 128
-0.970904 -3.3121 2.0539 128 128 128
-1.01148 -3.29994 2.0539 128 128 128
-1.05506 -3.29712 2.05999 128 128 128
-1.09544 -3.28393 2.05999 128 128 128
-1.14559 -3.29872 2.07774 128 128 128
-1.18275 -3.2755 2.07216 128 128 128
-1.2265 -3.27042 2.07825 128 128 128
-1.25933 -3.23666 2.06658 128 128 128
-1.29863 -3.22016 2.06607 128 128 128
-1.33106 -3.18729 2.05542 128 128 128
-1.3735 -3.17862 2.06049 128 128 128
-1.41698 -3.17175 2.06709 128 128 128
-1.45145 -3.14474 2.061 128 128 128
-1.4851 -3.11658 2.05441 128 128 128
-1.53277 -3.11745 2.06709 128 128 128
-1.567 -3.09072 2.06201 128 128 128
-1.62241 -3.10485 2.08433 128 128 128
-1.65548 -3.0756 2.07825 128 128 128
-1.67928 -3.0302 2.06151 128 128 128
-1.72019 -3.01609 2.06607 128 128 128
-1.74309 -2.97099 2.04984 128 128 128
-1.78923 -2.9656 2.061 128 128 128
-1.81092 -2.92 2.04477 128 128 128
-1.86657 -2.92878 2.06658 128 128 128
-1.89717 -2.89773 2.061 128 128 128
-1.92151 -2.8578 2.04933 128 128 128
-1.9736 -2.8588 2.06709 128 128 128
-1.99755 -2.81891 2.05593 128 128 128
-2.02489 -2.78444 2.04883 128 128 128
-2.06561 -2.76835 2.05542 128 128 128
-2.08841 -2.72844 2.04477 128 128 128
-2.13293 -2.71683 2.05542 128 128 128
-2.16015 -2.68307 2.04984 128 128 128
-2.19292 -2.65636 2.04984 128 128 128
-2.2181 -2.62071 2.04325 128 128 128
-2.25009 -2.59329 2.04325 128 128 128
-2.27544 -2.55841 2.03767 128 128 128
-2.31248 -2.53665 2.04274 128 128 128
-2.3452 -2.50997 2.04426 128 128 128
-2.36926 -2.47416 2.03868 128 128 128
-2.38312 -2.42832 2.02499 128 128 128
-0.713413 -0.713701 0.616387 128 128 128
-0.717163 -0.700098 0.612329 128 128 128
-2.4383 -2.30819 1.99861 128 128 128
-0.746805 -0.693966 0.622474 128 128 128
-0.77193 -0.699727 0.635662 128 128 128
-2.53522 -2.22881 2.00926 128 128 128
-2.54862 -2.18577 1.99861 128 128 128
-2.57393 -2.15322 1.99759 128 128 128
-2.59347 -2.11604 1.99252 128 128 128
-2.61992 -2.08459 1.99303 128 128 128
-2.64326 -2.0507 1.99151 128 128 128
-2.66203 -2.01344 1.98694 128 128 128
-2.68029 -1.97602 1.98238 128 128 128
-2.70224 -1.94148 1.98086 128 128 128
-2.72657 -1.90866 1.98136 128 128 128
-2.73624 -1.86585 1.97173 128 128 128
-2.77259 -1.84117 1.98136 128 128 128
-2.78121 -1.79814 1.97173 128 128 128
-2.79723 -1.76021 1.96767 128 128 128
-2.82009 -1.72665 1.96868 128 128 128
-2.83291 -1.68707 1.9631 128 128 128
-2.8534 -1.65218 1.9631 128 128 128
-2.85692 -1.60777 1.95194 128 128 128
-2.8772 -1.573 1.95245 128 128 128
-2.88486 -1.53153 1.94484 128 128 128
-2.88733 -1.48774 1.93419 128 128 128
-2.90306 -1.45105 1.93267 128 128 128
-2.91987 -1.41494 1.93216 128 128 128
-2.9214 -1.37169 1.92202 128 128 128
-2.93566 -1.33467 1.92049 128 128 128
-2.94314 -1.29474 1.91492 128 128 128
-2.94849 -1.25416 1.90832 128 128 128
-2.94691 -1.21102 1.89767 128 128 128
-2.93029 -1.16242 1.87789 128 128 128
-2.94836 -1.12791 1.88042 128 128 128
-2.95065 -1.08749 1.87332 128 128 128
-2.96377 -1.05119 1.87332 128 128 128
-2.97645 -1.01475 1.87332 128 128 128
-2.97639 -0.97414 1.86571 128 128 128
-2.98236 -0.935744 1.86216 128 128 128
-2.98949 -0.897842 1.85963 128 128 128
-2.99199 -0.858723 1.85455 128 128 128
-2.99898 -0.821036 1.85252 128 128 128
-3.00299 -0.782659 1.84897 128 128 128
-3.00735 -0.744514 1.84593 128 128 128
-3.03892 -0.712835 1.85963 128 128 128
-2.97449 -0.621244 1.81093 128 128 128
-2.97766 -0.583873 1.8084 128 128 128
-2.97781 -0.546055 1.80434 128 128 128
-2.97579 -0.508034 1.79926 128 128 128
-2.97329 -0.470144 1.79419 128 128 128
-2.9686 -0.432147 1.78811 128 128 128
-2.96428 -0.394449 1.78253 128 128 128
-2.95349 -0.356209 1.7734 128 128 128
-2.91908 -0.315824 1.75057 128 128 128
-2.70785 0.288496 1.53944 128 128 128
-2.76484 0.328896 1.57349 128 128 128
-2.73114 0.358945 1.55695 128 128 128
-2.71183 0.390325 1.54868 128 128 128
-2.70597 0.423439 1.5482 128 128 128
-2.69196 0.455162 1.54333 128 128 128
-2.67585 0.486293 1.53749 128 128 128
-2.66282 0.517762 1.5336 128 128 128
-2.646 0.548279 1.52776 128 128 128
-2.56717 0.631351 1.49517 128 128 128
-2.64721 0.685539 1.54576 128 128 128
-2.53742 0.690499 1.48739 128 128 128
-2.52371 0.72015 1.48447 128 128 128
-2.47784 0.740084 1.46306 128 128 128
-2.46023 0.767837 1.4582 128 128 128
-2.43567 0.79311 1.44944 128 128 128
-2.4183 0.820417 1.44506 128 128 128
-2.39734 0.846257 1.43874 128 128 128
-2.37857 0.872608 1.43387 128 128 128
-2.35707 0.897695 1.42755 128 128 128
-2.341 0.924629 1.42463 128 128 128
-2.323 0.950644 1.42074 128 128 128
-2.29909 0.973974 1.41344 128 128 128
-2.28217 1.00001 1.41052 128 128 128
-2.24743 1.01786 1.3969 128 128 128
-2.22131 1.03908 1.38863 128 128 128
-2.1958 1.06019 1.38085 128 128 128
-2.17246 1.082 1.37452 128 128 128
-2.1528 1.10539 1.37063 128 128 128
-2.11976 1.12152 1.35847 128 128 128
-2.10046 1.14453 1.35506 128 128 128
-2.06111 1.15613 1.33901 128 128 128
-2.03389 1.17392 1.33074 128 128 128
-2.00656 1.19121 1.32247 128 128 128
-1.9903 1.21484 1.32149 128 128 128
-1.9671 1.23407 1.31614 128 128 128
-1.43535 0.925672 0.974141 128 128 128
-1.41878 0.939843 0.970736 128 128 128
-1.41581 0.963072 0.976574 128 128 128
-1.39027 0.970881 0.96733 128 128 128
-1.3612 0.975668 0.955655 128 128 128
-1.35264 0.994884 0.958087 128 128 128
-1.33405 1.00668 0.953709 128 128 128
-1.29602 1.00321 0.935709 128 128 128
-1.27608 1.01307 0.930357 128 128 128
-1.26423 1.0292 0.930844 128 128 128
-1.22667 1.02395 0.912844 128 128 128
-1.20537 1.03154 0.906519 128 128 128
-1.18474 1.03935 0.900682 128 128 128
-1.15694 1.04039 0.889492 128 128 128
-1.13444 1.04564 0.882195 128 128 128
-1.11707 1.05528 0.87879 128 128 128
-1.0921 1.05738 0.869546 128 128 128
-1.0747 1.06639 0.866141 128 128 128
-1.05908 1.07701 0.864195 128 128 128
-1.02217 1.06536 0.845222 128 128 128
-1.01021 1.0791 0.846195 128 128 128
-1.00574 1.10109 0.853492 128 128 128
-0.986916 1.10748 0.849114 128 128 128
-0.972103 1.11819 0.848141 128 128 128
-1.22817 1.44761 1.0802 128 128 128
-1.30007 1.57088 1.15852 128 128 128
-1.27246 1.57652 1.15122 128 128 128
-1.24598 1.5831 1.1449 128 128 128
-1.22593 1.59758 1.14441 128 128 128
-1.18895 1.58942 1.12836 128 128 128
-1.16729 1.60107 1.12641 128 128 128
-1.1354 1.59819 1.11474 128 128 128
-1.11172 1.60626 1.11084 128 128 128
-1.08997 1.61689 1.1089 128 128 128
-1.06381 1.62065 1.10257 128 128 128
-1.03913 1.62622 1.09771 128 128 128
-1.01216 1.62773 1.09041 128 128 128
-0.990755 1.63778 1.08895 128 128 128
-0.962154 1.63552 1.07971 128 128 128
-0.940708 1.64493 1.07825 128 128 128
-0.913652 1.64413 1.07047 128 128 128
-0.893823 1.65599 1.07095 128 128 128
-0.870997 1.66219 1.06803 128 128 128
-0.842602 1.65719 1.0583 128 128 128
-0.821041 1.66505 1.05684 128 128 128
-0.799414 1.67264 1.05538 128 128 128
-0.773681 1.67123 1.04857 128 128 128
-0.755978 1.68697 1.05247 128 128 128
-0.730693 1.6857 1.04614 128 128 128
-0.708261 1.69052 1.04371 128 128 128
-0.674329 1.66669 1.02425 128 128 128
-0.660511 1.69193 1.03447 128 128 128
-0.635998 1.6901 1.02863 128 128 128
-0.603576 1.66575 1.00965 128 128 128
-0.581072 1.66726 1.00625 128 128 128
-0.558344 1.66764 1.00236 128 128 128
-0.534354 1.66355 0.996033 128 128 128
-0.511839 1.66331 0.992141 128 128 128
-0.491141 1.66862 0.991655 128 128 128
-0.462803 1.64677 0.975601 128 128 128
-0.441426 1.64811 0.973168 128 128 128
-0.420519 1.65086 0.971709 128 128 128
-0.399199 1.65166 0.969276 128 128 128
-0.377336 1.64962 0.965384 128 128 128
-0.356139 1.64985 0.962952 128 128 128
-0.335167 1.65068 0.961006 128 128 128
-0.314394 1.65209 0.959547 128 128 128
-0.293021 1.6498 0.956141 128 128 128
-0.273183 1.65586 0.957601 128 128 128
-0.251915 1.65304 0.954195 128 128 128
-0.230759 1.64995 0.95079 128 128 128
-0.18879 1.64297 0.943979 128 128 128
-0.168435 1.64343 0.943006 128 128 128
-0.148017 1.64276 0.941546 128 128 128
-0.127778 1.64358 0.94106 128 128 128
-0.107195 1.63892 0.937655 128 128 128
-0.0866506 1.63226 0.933276 128 128 128
-0.0665774 1.63233 0.93279 128 128 128
-0.0264232 1.6291 0.930357 128 128 128
-0.0064211 1.62756 0.929384 128 128 128
0.013539 1.62577 0.928411 128 128 128
0.111766 1.60096 0.916736 128 128 128
0.130908 1.59337 0.91333 128 128 128
0.149067 1.57686 0.90506 128 128 128
0.166472 1.55666 0.894844 128 128 128
0.187001 1.56665 0.901655 128 128 128
0.223532 1.54862 0.894357 128 128 128
0.240231 1.53108 0.886087 128 128 128
0.260163 1.53491 0.889979 128 128 128
0.278356 1.52816 0.888033 128 128 128
0.299749 1.53836 0.895817 128 128 128
0.317543 1.52943 0.892898 128 128 128
0.328983 1.49213 0.873925 128 128 128
0.345687 1.48118 0.870033 128 128 128
0.363629 1.47597 0.869546 128 128 128
0.380622 1.46717 0.867114 128 128 128
0.398826 1.46323 0.8676 128 128 128
0.416274 1.45655 0.866627 128 128 128
0.436113 1.45803 0.870519 128 128 128
0.455532 1.45757 0.873438 128 128 128
0.471224 1.44523 0.869546 128 128 128
0.490605 1.4443 0.872465 128 128 128
0.510033 1.44311 0.875384 128 128 128
0.522897 1.42362 0.8676 128 128 128
0.567673 1.38562 0.856898 128 128 128
0.602907 1.37447 0.858844 128 128 128
0.619729 1.36697 0.858844 128 128 128
0.639045 1.3648 0.862249 128 128 128
0.655745 1.35685 0.862249 128 128 128
0.667678 1.33932 0.856411 128 128 128
0.687252 1.33724 0.860303 128 128 128
0.70157 1.32485 0.857871 128 128 128
0.71694 1.3146 0.856898 128 128 128
0.734299 1.30799 0.858357 128 128 128
0.750731 1.29964 0.858844 128 128 128
0.767068 1.29108 0.85933 128 128 128
0.782399 1.28082 0.858844 128 128 128
0.79713 1.26965 0.857871 128 128 128
0.812651 1.25977 0.857871 128 128 128
0.828049 1.2497 0.857871 128 128 128
0.843322 1.23945 0.857871 128 128 128
0.858469 1.229 0.857871 128 128 128
0.888372 1.20757 0.857871 128 128 128
1.43389 0.77372 0.930357 128 128 128
1.44714 0.758096 0.93279 128 128 128
1.48098 0.730093 0.942519 128 128 128
1.49219 0.712997 0.943979 128 128 128
1.504 0.696102 0.945925 128 128 128
1.51322 0.677951 0.946411 128 128 128
1.52784 0.662116 0.950303 128 128 128
1.51974 0.636552 0.940574 128 128 128
1.50558 0.608989 0.927438 128 128 128
1.54467 0.602884 0.946411 128 128 128
1.58383 0.59591 0.965384 128 128 128
1.59184 0.576727 0.965871 128 128 128
1.60375 0.558879 0.96879 128 128 128
1.62043 0.542493 0.974628 128 128 128
1.63112 0.523907 0.97706 128 128 128
1.64494 0.50617 0.981439 128 128 128
1.65941 0.48842 0.986303 128 128 128
1.67368 0.470391 0.991168 128 128 128
1.6827 0.450724 0.993114 128 128 128
1.69996 0.43307 0.999925 128 128 128
1.72467 0.416914 1.01111 128 128 128
1.73392 0.396696 1.01355 128 128 128
1.74463 0.376684 1.01695 128 128 128
1.76368 0.358214 1.02522 128 128 128
1.77738 0.338349 1.03057 128 128 128
1.79258 0.318508 1.0369 128 128 128
1.80842 0.298488 1.04371 128 128 128
1.81108 0.276141 1.04322 128 128 128
1.82039 0.254748 1.04663 128 128 128
1.82945 0.233168 1.05003 128 128 128
1.83911 0.211504 1.05393 128 128 128
1.852 0.189998 1.05976 128 128 128
1.86289 0.168048 1.06463 128 128 128
1.86917 0.145517 1.06706 128 128 128
1.87604 0.122916 1.06998 128 128 128
1.89311 0.100732 1.07874 128 128 128
1.89945 0.0777116 1.08166 128 128 128
1.9055 0.0545506 1.08457 128 128 128
1.91388 0.0312977 1.08895 128 128 128
1.91849 0.00783019 1.09138 128 128 128
1.93504 -0.0158366 1.10063 128 128 128
1.9347 -0.0395813 1.10063 128 128 128
1.95066 -0.0638508 1.10987 128 128 128
1.98639 -0.0894066 1.1303 128 128 128
1.99474 -0.114319 1.13566 128 128 128
2.00016 -0.139269 1.13955 128 128 128
2.00701 -0.164511 1.14441 128 128 128
2.01702 -0.190268 1.15122 128 128 128
2.03278 -0.216939 1.16144 128 128 128
2.03603 -0.242588 1.16484 128 128 128
2.0433 -0.268915 1.17068 128 128 128
2.04071 -0.294093 1.17117 128 128 128
2.04558 -0.32046 1.17603 128 128 128
2.05356 -0.347571 1.18284 128 128 128
2.05343 -0.373524 1.18528 128 128 128
2.05813 -0.400524 1.19063 128 128 128
2.07103 -0.429463 1.20084 128 128 128
2.08267 -0.458591 1.21057 128 128 128
2.0854 -0.486092 1.21544 128 128 128
2.08352 -0.512687 1.21787 128 128 128
2.09822 -0.543681 1.23003 128 128 128
2.08886 -0.568702 1.22857 128 128 128
2.06071 -0.588311 1.21641 128 128 128
2.04162 -0.610061 1.2096 128 128 128
2.05733 -0.642343 1.22322 128 128 128
2.07921 -0.677263 1.24074 128 128 128
2.12784 -0.722062 1.2743 128 128 128
1.67279 -1.92257 1.44214 128 128 128
1.66265 -1.95894 1.45382 128 128 128
1.66023 -2.00543 1.47279 128 128 128
1.66186 -2.05826 1.49614 128 128 128
1.63918 -2.08193 1.49858 128 128 128
1.60446 -2.09011 1.4903 128 128 128
1.58812 -2.12223 1.49906 128 128 128
1.5805 -2.16696 1.51658 128 128 128
1.55734 -2.19118 1.51998 128 128 128
1.52983 -2.20941 1.51949 128 128 128
1.51092 -2.24032 1.52776 128 128 128
1.49483 -2.27622 1.53944 128 128 128
1.47668 -2.30984 1.54966 128 128 128
1.45099 -2.33224 1.55258 128 128 128
1.42226 -2.34987 1.55258 128 128 128
1.40574 -2.38822 1.5662 128 128 128
1.23561 -2.15967 1.40857 128 128 128
1.21071 -2.17772 1.41052 128 128 128
1.18598 -2.19626 1.41295 128 128 128
1.16097 -2.21452 1.41539 128 128 128
1.14203 -2.24494 1.4256 128 128 128
1.12136 -2.27289 1.43436 128 128 128
1.10169 -2.30381 1.44506 128 128 128
1.07554 -2.32192 1.44798 128 128 128
1.04625 -2.33335 1.44701 128 128 128
1.03077 -2.37646 1.46549 128 128 128
1.07831 -2.57179 1.57593 128 128 128
1.1038 -2.72571 1.66058 128 128 128
1.08427 -2.77485 1.68198 128 128 128
1.05292 -2.7953 1.68636 128 128 128
1.01645 -2.80226 1.68295 128 128 128
0.898399 -2.57534 1.54187 128 128 128
0.897038 -2.67645 1.5949 128 128 128
0.887433 -2.75961 1.63722 128 128 128
0.920494 -2.98734 1.76371 128 128 128
0.886982 -3.00931 1.77004 128 128 128
0.854965 -3.03762 1.78025 128 128 128
0.821026 -3.06054 1.78755 128 128 128
0.790115 -3.09663 1.80263 128 128 128
0.752673 -3.10864 1.80409 128 128 128
0.710948 -3.10231 1.79533 128 128 128
0.639838 -3.14451 1.80993 128 128 128
0.614984 -3.22421 1.85079 128 128 128
0.573683 -3.22205 1.84544 128 128 128
0.534386 -3.23057 1.84641 128 128 128
0.496687 -3.24984 1.85371 128 128 128
0.454821 -3.24185 1.84593 128 128 128
0.418672 -3.27578 1.86198 128 128 128
0.375326 -3.25377 1.8469 128 128 128
0.341748 -3.31983 1.88144 128 128 128
0.300904 -3.32291 1.88095 128 128 128
0.260036 -3.32548 1.88047 128 128 128
0.219323 -3.33016 1.88144 128 128 128
0.179335 -3.34918 1.89068 128 128 128
0.137858 -3.3424 1.88582 128 128 128
0.0968313 -3.34384 1.88582 128 128 128
0.0180796 -1.14166 0.658897 128 128 128
0.00398799 -1.12519 0.649654 128 128 128
-0.0101706 -1.17234 0.675924 128 128 128
-0.024453 -1.16688 0.673005 128 128 128
-0.0389661 -1.17261 0.676411 128 128 128
-0.0534688 -1.17466 0.67787 128 128 128
-0.0677809 -1.17217 0.676897 128 128 128
-0.0823403 -1.17386 0.678357 128 128 128
-0.27579 -3.37681 1.90966 128 128 128
-0.319081 -3.39318 1.92085 128 128 128
-0.362815 -3.40899 1.93204 128 128 128
-0.403388 -3.39387 1.9262 128 128 128
-0.440243 -3.35228 1.90577 128 128 128
-0.487672 -3.39073 1.93058 128 128 128
-0.520764 -3.3301 1.89993 128 128 128
-0.571609 -3.38291 1.9335 128 128 128
-0.614949 -3.38596 1.93933 128 128 128
-0.659945 -3.39617 1.94955 128 128 128
-0.695737 -3.35958 1.9335 128 128 128
-0.737099 -3.35164 1.93398 128 128 128
-0.782524 -3.36106 1.94468 128 128 128
-0.821421 -3.34187 1.93933 128 128 128
-0.865429 -3.34339 1.94614 128 128 128
-0.918984 -3.37889 1.9729 128 128 128
-0.949851 -3.33038 1.9515 128 128 128
-0.993394 -3.32769 1.95685 128 128 128
-1.03727 -3.32526 1.96268 128 128 128
-1.08124 -3.32225 1.96852 128 128 128
-1.11576 -3.29052 1.95782 128 128 128
-1.15896 -3.28482 1.96268 128 128 128
-1.19288 -3.25312 1.95247 128 128 128
-1.24357 -3.26682 1.9695 128 128 128
-1.27972 -3.24156 1.96366 128 128 128
-1.32304 -3.23451 1.96901 128 128 128
-1.35889 -3.20918 1.96366 128 128 128
-1.40622 -3.21068 1.97485 128 128 128
-1.44084 -3.18283 1.96852 128 128 128
-1.48829 -3.18311 1.97971 128 128 128
-1.51396 -3.13706 1.96268 128 128 128
-1.56674 -3.14719 1.98068 128 128 128
-1.60564 -3.12851 1.98117 128 128 128
-1.63942 -3.10007 1.97582 128 128 128
-1.6811 -3.08663 1.9802 128 128 128
-1.71415 -3.05738 1.97485 128 128 128
-1.74674 -3.02779 1.9695 128 128 128
-1.77798 -2.99636 1.96317 128 128 128
-1.82007 -2.98326 1.96901 128 128 128
-1.84587 -2.94367 1.95782 128 128 128
-1.89935 -2.94798 1.97582 128 128 128
-1.92382 -2.90696 1.96414 128 128 128
-1.95346 -2.87446 1.95831 128 128 128
-1.99458 -2.85887 1.96414 128 128 128
-2.03663 -2.84413 1.97095 128 128 128
-2.06466 -2.80977 1.96463 128 128 128
-2.09373 -2.77724 1.95977 128 128 128
-2.11323 -2.73267 1.94663 128 128 128
-2.16017 -2.72365 1.95879 128 128 128
-2.19398 -2.69762 1.95928 128 128 128
-2.21518 -2.65639 1.94906 128 128 128
-2.25385 -2.63632 1.95441 128 128 128
-2.28546 -2.6078 1.95393 128 128 128
-2.30386 -2.56461 1.94274 128 128 128
-2.32747 -2.52778 1.93641 128 128 128
-0.720882 -0.725822 0.592735 128 128 128
-0.744049 -0.731024 0.603924 128 128 128
-0.748555 -0.7176 0.600519 128 128 128
-2.49501 -2.33836 1.92717 128 128 128
-0.767874 -0.700783 0.601978 128 128 128
-2.53666 -2.26304 1.91598 128 128 128
-2.55633 -2.22485 1.91014 128 128 128
-2.58943 -2.19841 1.91452 128 128 128
-2.60815 -2.15978 1.90868 128 128 128
-2.63513 -2.12816 1.90917 128 128 128
-2.6583 -2.0935 1.90722 128 128 128
-2.68102 -2.05859 1.90528 128 128 128
-2.69839 -2.01977 1.89993 128 128 128
-2.72509 -1.98805 1.90139 128 128 128
-2.75 -1.95496 1.90187 128 128 128
-2.76014 -1.91161 1.89263 128 128 128
-2.78266 -1.87711 1.89214 128 128 128
-2.796 -1.83658 1.88582 128 128 128
-2.82715 -1.80778 1.89166 128 128 128
-2.84023 -1.76741 1.88582 128 128 128
-2.85498 -1.72835 1.88144 128 128 128
-2.87371 -1.69185 1.87998 128 128 128
-2.88668 -1.65212 1.87512 128 128 128
-2.89986 -1.61274 1.87074 128 128 128
-2.91636 -1.57537 1.86879 128 128 128
-2.91846 -1.53053 1.85809 128 128 128
-2.93546 -1.49381 1.85712 128 128 128
-2.93712 -1.44955 1.8469 128 128 128
-2.93814 -1.40547 1.83668 128 128 128
-2.96151 -1.37225 1.84058 128 128 128
-2.97653 -1.33509 1.8396 128 128 128
-2.97506 -1.2908 1.8289 128 128 128
-2.98101 -1.25014 1.82306 128 128 128
-2.97832 -1.20624 1.81236 128 128 128
-2.98232 -1.16546 1.80604 128 128 128
-2.98086 -1.12292 1.79679 128 128 128
-3.04785 -0.898362 1.79241 128 128 128
-3.02081 -0.850223 1.77052 128 128 128
-3.02511 -0.811502 1.76712 128 128 128
-3.03822 -0.775184 1.76906 128 128 128
-3.02883 -0.73331 1.75836 128 128 128
-3.02908 -0.694131 1.75349 128 128 128
-3.03481 -0.656352 1.75204 128 128 128
-3.02466 -0.615394 1.74182 128 128 128
-3.02083 -0.576098 1.73549 128 128 128
-3.01735 -0.537142 1.72966 128 128 128
-3.00044 -0.496213 1.71652 128 128 128
-2.85187 0.0671498 1.51365 128 128 128
-2.75381 0.405564 1.47755 128 128 128
-2.73463 0.437066 1.47014 128 128 128
-2.70635 0.46664 1.45811 128 128 128
-2.70304 0.500304 1.4595 128 128 128
-2.67496 0.529102 1.44793 128 128 128
-2.65439 0.558943 1.44052 128 128 128
-2.63436 0.588555 1.43358 128 128 128
-2.61314 0.617554 1.42617 128 128 128
-2.57957 0.6431 1.41229 128 128 128
-2.56035 0.671764 1.40627 128 128 128
-2.54593 0.701475 1.40303 128 128 128
-2.52096 0.727965 1.39424 128 128 128
-1.31086 0.393863 0.738869 128 128 128
-2.49304 0.786664 1.38915 128 128 128
-2.43943 0.802716 1.36508 128 128 128
-2.38248 0.882373 1.35073 128 128 128
-2.39297 0.919849 1.36277 128 128 128
-2.36176 0.941236 1.35166 128 128 128
-2.32792 0.960977 1.33916 128 128 128
-2.30129 0.983177 1.33083 128 128 128
-2.27771 1.00631 1.32435 128 128 128
-2.25069 1.02753 1.31602 128 128 128
-2.21067 1.04217 1.30028 128 128 128
-2.18816 1.06455 1.29473 128 128 128
-2.16939 1.08853 1.29149 128 128 128
-2.148 1.11099 1.28686 128 128 128
-2.10372 1.12095 1.26881 128 128 128
-2.08748 1.1454 1.26742 128 128 128
-2.06324 1.16524 1.26141 128 128 128
-2.04496 1.18824 1.25909 128 128 128
-2.01654 1.20503 1.25076 128 128 128
-1.99783 1.22736 1.24845 128 128 128
-1.97962 1.24989 1.2466 128 128 128
-1.44418 0.93544 0.922613 128 128 128
-1.43849 0.957035 0.926316 128 128 128
-1.42883 0.976121 0.927704 128 128 128
-1.46383 1.02678 0.957788 128 128 128
-1.49637 1.07741 0.986947 128 128 128
-1.48873 1.09992 0.990649 128 128 128
-1.51743 1.15033 1.01842 128 128 128
-1.50809 1.17268 1.02166 128 128 128
-1.52748 1.21826 1.04434 128 128 128
-1.6953 1.38716 1.16791 128 128 128
-1.65848 1.39129 1.15449 128 128 128
-1.64598 1.4156 1.15773 128 128 128
-1.62318 1.43099 1.15403 128 128 128
-1.60221 1.44782 1.15172 128 128 128
-1.58043 1.46375 1.14894 128 128 128
-1.55015 1.47142 1.14014 128 128 128
-1.52564 1.48413 1.13552 128 128 128
-1.47411 1.46951 1.11099 128 128 128
-1.0445 1.06536 0.803203 128 128 128
-1.04479 1.09223 0.813385 128 128 128
-1.03733 1.11147 0.818013 128 128 128
-1.15332 1.26736 0.91891 128 128 128
-1.03263 1.1625 0.836064 128 128 128
-1.09756 1.26708 0.899472 128 128 128
-1.05969 1.25399 0.881421 128 128 128
-1.07063 1.29912 0.903174 128 128 128
-1.24891 1.55518 1.06563 128 128 128
-1.23627 1.57878 1.07118 128 128 128
-1.21519 1.59171 1.06979 128 128 128
-1.18712 1.59511 1.06239 128 128 128
-1.15345 1.59015 1.04989 128 128 128
-1.13283 1.60274 1.04897 128 128 128
-1.10406 1.60336 1.04064 128 128 128
-1.08282 1.61457 1.03925 128 128 128
-1.05278 1.61213 1.02953 128 128 128
-1.03482 1.62792 1.03138 128 128 128
-1.01244 1.63673 1.02906 128 128 128
-0.987268 1.64066 1.02397 128 128 128
-0.96483 1.64882 1.02166 128 128 128
-0.944087 1.65977 1.0212 128 128 128
-0.921086 1.66657 1.01842 128 128 128
-0.898896 1.67462 1.01657 128 128 128
-0.863596 1.65719 0.999906 128 128 128
-0.842398 1.66608 0.99898 128 128 128
-0.819947 1.6723 0.996666 128 128 128
-0.792171 1.66701 0.987872 128 128 128
-0.777185 1.6887 0.994815 128 128 128
-0.749945 1.68352 0.986484 128 128 128
-0.718067 1.66652 0.971673 128 128 128
-0.70366 1.68995 0.980004 128 128 128
-0.675966 1.68117 0.970285 128 128 128
-0.653691 1.6852 0.967971 128 128 128
-0.624943 1.67149 0.955937 128 128 128
-0.602595 1.67402 0.95316 128 128 128
-0.572217 1.65278 0.937424 128 128 128
-0.550226 1.65463 0.934647 128 128 128
-0.527741 1.6545 0.930944 128 128 128
-0.506114 1.65661 0.92863 128 128 128
-0.484268 1.65758 0.925853 128 128 128
-0.463182 1.66084 0.924465 128 128 128
-0.441414 1.66125 0.921687 128 128 128
-0.420994 1.66654 0.921687 128 128 128
-0.398468 1.66296 0.917059 128 128 128
-0.376674 1.66167 0.913819 128 128 128
-0.354972 1.6601 0.91058 128 128 128
-0.334056 1.66172 0.909191 128 128 128
-0.311859 1.65611 0.9041 128 128 128
-0.292722 1.6668 0.907803 128 128 128
-0.269438 1.65276 0.898546 128 128 128
-0.250951 1.66822 0.905026 128 128 128
-0.229391 1.66326 0.90086 128 128 128
-0.20745 1.65364 0.89438 128 128 128
-0.187044 1.65518 0.893918 128 128 128
-0.166546 1.65558 0.892992 128 128 128
-0.145914 1.65397 0.891141 128 128 128
-0.125477 1.65387 0.890215 128 128 128
-0.105441 1.65971 0.892529 128 128 128
-0.0829574 1.61749 0.86985 128 128 128
-0.0637455 1.6361 0.879107 128 128 128
-0.0434715 1.62879 0.874941 128 128 128
-0.0235326 1.63363 0.877256 128 128 128
-0.00349142 1.61873 0.869388 128 128 128
0.0162371 1.60801 0.863833 128 128 128
0.0358354 1.60237 0.861057 128 128 128
0.0550662 1.5903 0.85504 128 128 128
0.0744895 1.58773 0.854114 128 128 128
0.0941323 1.58935 0.855503 128 128 128
0.11225 1.56951 0.845783 128 128 128
0.130354 1.55477 0.838841 128 128 128
0.1489 1.54776 0.836064 128 128 128
0.166704 1.53524 0.83051 128 128 128
0.184987 1.52868 0.828195 128 128 128
0.203253 1.52279 0.826344 128 128 128
0.221664 1.51842 0.825418 128 128 128
0.240422 1.51646 0.825881 128 128 128
0.259165 1.51427 0.826344 128 128 128
0.277728 1.51098 0.826344 128 128 128
0.293128 1.49181 0.818013 128 128 128
0.311413 1.4881 0.818013 128 128 128
0.329066 1.48157 0.816625 128 128 128
0.347018 1.47656 0.816162 128 128 128
0.365327 1.47305 0.816625 128 128 128
0.381791 1.46246 0.813385 128 128 128
0.398999 1.4551 0.811996 128 128 128
0.41633 1.44839 0.811071 128 128 128
0.435104 1.44656 0.812922 128 128 128
0.454163 1.44534 0.815236 128 128 128
0.471866 1.43966 0.815236 128 128 128
0.489786 1.4346 0.815699 128 128 128
0.503466 1.41763 0.809682 128 128 128
0.518041 1.40387 0.805517 128 128 128
0.53523 1.39741 0.805517 128 128 128
0.553985 1.39485 0.807831 128 128 128
0.572759 1.39204 0.810145 128 128 128
0.5884 1.38165 0.808294 128 128 128
0.604591 1.3727 0.807368 128 128 128
0.606978 1.33375 0.789318 128 128 128
0.637717 1.35665 0.806905 128 128 128
0.65315 1.34633 0.805517 128 128 128
0.668026 1.33505 0.803665 128 128 128
0.685994 1.3299 0.805517 128 128 128
0.702262 1.32138 0.805517 128 128 128
0.718424 1.31266 0.805517 128 128 128
0.733604 1.3022 0.804591 128 128 128
0.748635 1.29157 0.803665 128 128 128
0.762604 1.27925 0.801814 128 128 128
0.775452 1.26527 0.799037 128 128 128
0.794718 1.26165 0.80274 128 128 128
0.809173 1.25031 0.801814 128 128 128
0.827905 1.24545 0.805054 128 128 128
0.845134 1.23812 0.806905 128 128 128
0.857199 1.2233 0.804128 128 128 128
0.874744 1.21628 0.806442 128 128 128
0.890133 1.20617 0.806905 128 128 128
0.904867 1.19515 0.806905 128 128 128
0.918374 1.18256 0.80598 128 128 128
0.930045 1.16775 0.803665 128 128 128
0.949933 1.16309 0.808294 128 128 128
0.964134 1.15135 0.808294 128 128 128
0.97877 1.1401 0.808757 128 128 128
0.990337 1.12535 0.806905 128 128 128
1.01062 1.12033 0.811996 128 128 128
1.0255 1.10915 0.812922 128 128 128
1.0476 1.10546 0.819402 128 128 128
1.06976 1.1014 0.825881 128 128 128
1.0788 1.08381 0.822641 128 128 128
1.07298 1.05192 0.808757 128 128 128
1.08516 1.03807 0.808294 128 128 128
1.10367 1.0301 0.812459 128 128 128
1.1182 1.01826 0.813848 128 128 128
1.13925 1.01209 0.819864 128 128 128
1.15158 0.998035 0.819864 128 128 128
1.1651 0.984969 0.82079 128 128 128
1.17847 0.971721 0.821716 128 128 128
1.191 0.95774 0.822179 128 128 128
1.20056 0.941417 0.82079 128 128 128
1.2092 0.924468 0.818939 128 128 128
1.21761 0.907449 0.817087 128 128 128
1.22721 0.891401 0.816162 128 128 128
1.24023 0.877804 0.81755 128 128 128
1.25384 0.864523 0.819402 128 128 128
1.29237 0.867772 0.836989 128 128 128
1.27691 0.834941 0.82079 128 128 128
1.28781 0.819682 0.821253 128 128 128
1.30607 0.808928 0.826344 128 128 128
1.31818 0.794206 0.827733 128 128 128
1.32936 0.778862 0.828658 128 128 128
1.41365 0.804834 0.873553 128 128 128
1.40867 0.779312 0.864759 128 128 128
1.42047 0.763219 0.866148 128 128 128
1.45177 0.75715 0.879107 128 128 128
1.44828 0.732907 0.871702 128 128 128
1.45796 0.715467 0.872164 128 128 128
1.47464 0.701308 0.876793 128 128 128
1.4912 0.686846 0.881421 128 128 128
1.50357 0.67029 0.883735 128 128 128
1.52309 0.656672 0.890215 128 128 128
1.53431 0.639287 0.892066 128 128 128
1.55768 0.626656 0.90086 128 128 128
1.56525 0.607494 0.90086 128 128 128
1.57508 0.589165 0.902249 128 128 128
1.5872 0.571581 0.905026 128 128 128
1.59577 0.552637 0.905951 128 128 128
1.59823 0.531625 0.903637 128 128 128
1.61139 0.51411 0.90734 128 128 128
1.62437 0.496352 0.911042 128 128 128
1.65247 0.482789 0.923076 128 128 128
1.654 0.461294 0.920762 128 128 128
1.65868 0.440737 0.920299 128 128 128
1.67772 0.423788 0.927704 128 128 128
1.68711 0.40419 0.930018 128 128 128
1.69195 0.383456 0.930018 128 128 128
1.70433 0.364313 0.934184 128 128 128
1.71824 0.345268 0.939275 128 128 128
1.73367 0.32626 0.945292 128 128 128
1.74279 0.305868 0.948069 128 128 128
1.74904 0.284879 0.949457 128 128 128
1.77608 0.266894 0.961954 128 128 128
1.78185 0.245435 0.963342 128 128 128
1.79881 0.225279 0.970748 128 128 128
1.81113 0.204258 0.975839 128 128 128
1.83026 0.18366 0.984633 128 128 128
1.84474 0.162244 0.991112 128 128 128
1.85632 0.140306 0.996203 128 128 128
1.8641 0.117893 0.999443 128 128 128
1.86983 0.0952243 1.00176 128 128 128
1.88237 0.0726897 1.00777 128 128 128
1.88046 0.0495207 1.00639 128 128 128
1.90309 0.0267014 1.01796 128 128 128
1.90062 0.0033469 1.01657 128 128 128
1.90672 -0.0200562 1.01981 128 128 128
1.91076 -0.0435641 1.02212 128 128 128
1.92957 -0.0677365 1.0323 128 128 128
1.93125 -0.0915421 1.03369 128 128 128
1.93617 -0.115618 1.03693 128 128 128
1.94433 -0.140092 1.04202 128 128 128
1.9513 -0.164706 1.04665 128 128 128
1.96589 -0.190299 1.05545 128 128 128
1.98367 -0.216666 1.06609 128 128 128
1.99142 -0.2423 1.07165 128 128 128
2.01377 -0.270193 1.08507 128 128 128
2.01644 -0.295798 1.08831 128 128 128
2.01266 -0.32052 1.08831 128 128 128
2.01992 -0.347171 1.09432 128 128 128
2.02858 -0.374373 1.10127 128 128 128
2.0447 -0.403399 1.11237 128 128 128
2.05087 -0.430853 1.11839 128 128 128
2.05753 -0.458713 1.12487 128 128 128
2.06727 -0.487623 1.1332 128 128 128
2.05597 -0.511659 1.13042 128 128 128
2.0504 -0.537077 1.13089 128 128 128
2.05305 -0.564804 1.13598 128 128 128
2.05873 -0.593665 1.14292 128 128 128
2.05892 -0.621204 1.14709 128 128 128
2.0748 -0.653932 1.16005 128 128 128
2.0843 -0.685192 1.16977 128 128 128
2.10003 -0.719093 1.18319 128 128 128
2.09272 -0.745408 1.18411 128 128 128
2.03689 -0.753713 1.15819 128 128 128
2.01592 -0.774179 1.15172 128 128 128
2.00297 -0.797541 1.14986 128 128 128
2.09129 -0.862818 1.2054 128 128 128
2.09439 -0.894361 1.21327 128 128 128
2.09946 -0.927188 1.22253 128 128 128
2.09679 -0.956947 1.22762 128 128 128
2.10492 -0.992091 1.23919 128 128 128
1.92852 -0.937668 1.14385 128 128 128
1.70472 -0.854342 1.01981 128 128 128
1.66579 -0.860485 1.00315 128 128 128
1.65979 -0.883372 1.00592 128 128 128
1.64495 -0.901535 1.00361 128 128 128
1.64224 -0.926463 1.0087 128 128 128
1.88724 -1.09621 1.16375 128 128 128
1.87364 -1.11929 1.16375 128 128 128
1.86128 -1.14312 1.16467 128 128 128
1.83064 -1.15544 1.15449 128 128 128
1.80444 -1.17007 1.14709 128 128 128
1.8172 -1.21037 1.16421 128 128 128
1.77518 -1.214 1.14709 128 128 128
1.76449 -1.23876 1.14986 128 128 128
1.74844 -1.2598 1.1494 128 128 128
1.71933 -1.27112 1.14061 128 128 128
1.70994 -1.29696 1.14477 128 128 128
2.02082 -1.57325 1.36138 128 128 128
2.00551 -1.60125 1.36415 128 128 128
1.99599 -1.63418 1.3711 128 128 128
1.97849 -1.66084 1.37295 128 128 128
1.98145 -1.70527 1.38915 128 128 128
1.96236 -1.73122 1.39054 128 128 128
1.94491 -1.75874 1.39331 128 128 128
1.92513 -1.78429 1.3947 128 128 128
1.9294 -1.83285 1.41368 128 128 128
1.91564 -1.86506 1.42016 128 128 128
1.90889 -1.90474 1.43219 128 128 128
1.8928 -1.93564 1.43775 128 128 128
1.86524 -1.95486 1.43497 128 128 128
1.82723 -2.06206 1.46274 128 128 128
1.807 -2.09037 1.4669 128 128 128
1.7738 -2.10356 1.46089 128 128 128
1.75066 -2.1286 1.4632 128 128 128
1.74101 -2.17069 1.47709 128 128 128
1.72296 -2.20308 1.48449 128 128 128
1.6958 -2.22406 1.48449 128 128 128
1.67313 -2.25111 1.48866 128 128 128
1.65005 -2.27794 1.49282 128 128 128
1.64441 -2.32992 1.51319 128 128 128
1.6162 -2.35065 1.51365 128 128 128
1.59756 -2.38579 1.52337 128 128 128
1.58797 -2.43569 1.54235 128 128 128
1.5627 -2.46249 1.54697 128 128 128
1.54537 -2.50262 1.55993 128 128 128
1.52046 -2.53128 1.56595 128 128 128
1.48884 -2.54898 1.56549 128 128 128
1.47491 -2.59792 1.584 128 128 128
1.28748 -2.33307 1.41553 128 128 128
1.2504 -2.33305 1.40627 128 128 128
1.22005 -2.34507 1.40442 128 128 128
1.21308 -2.40343 1.42988 128 128 128
1.18271 -2.41654 1.42895 128 128 128
1.1613 -2.4485 1.43913 128 128 128
1.24178 -2.70441 1.57798 128 128 128
1.25479 -2.82401 1.63769 128 128 128
1.21516 -2.82778 1.63121 128 128 128
1.17562 -2.83101 1.62473 128 128 128
1.15295 -2.87569 1.64185 128 128 128
1.11981 -2.89541 1.64509 128 128 128
1.10239 -2.95797 1.6724 128 128 128
1.06362 -2.96459 1.6687 128 128 128
0.970726 -2.8131 1.57798 128 128 128
0.843959 -2.54531 1.42432 128 128 128
0.816937 -2.56899 1.43173 128 128 128
0.777129 -2.55168 1.41692 128 128 128
0.887224 -3.04978 1.68258 128 128 128
0.849731 -3.06044 1.68258 128 128 128
0.700947 -2.64799 1.45441 128 128 128
0.669259 -2.65983 1.45626 128 128 128
0.743254 -3.11811 1.69786 128 128 128
0.709585 -3.14775 1.70896 128 128 128
0.669072 -3.14755 1.70434 128 128 128
0.629879 -3.15291 1.70295 128 128 128
0.589684 -3.15256 1.69878 128 128 128
0.558659 -3.20411 1.72239 128 128 128
0.518596 -3.20635 1.72007 128 128 128
0.478691 -3.20896 1.71822 128 128 128
0.443793 -3.24797 1.73581 128 128 128
0.404226 -3.25582 1.7372 128 128 128
0.365798 -3.27463 1.7446 128 128 128
0.325845 -3.28152 1.74599 128 128 128
0.288726 -3.32236 1.76543 128 128 128
0.249682 -3.34953 1.77793 128 128 128
0.208075 -3.34438 1.77376 128 128 128
0.167535 -3.3573 1.77932 128 128 128
0.125165 -3.32721 1.76265 128 128 128
0.0841121 -3.31964 1.75802 128 128 128
0.043817 -3.35853 1.77793 128 128 128
0.0036932 -1.22514 0.66389 128 128 128
-0.0111148 -1.20737 0.654633 128 128 128
-0.025686 -1.19739 0.649542 128 128 128
-0.0405102 -1.20053 0.651394 128 128 128
-0.0546243 -1.18755 0.644914 128 128 128
-0.0700702 -1.20095 0.652319 128 128 128
-0.0840144 -1.18939 0.646765 128 128 128
-0.0914885 -1.10614 0.603722 128 128 128
-0.331613 -3.39318 1.80431 128 128 128
-0.372835 -3.38533 1.80246 128 128 128
-0.416966 -3.40162 1.81356 128 128 128
-0.459396 -3.40151 1.81634 128 128 128
-0.502669 -3.40614 1.8219 128 128 128
-0.542735 -3.38921 1.81634 128 128 128
-0.584285 -3.3823 1.81634 128 128 128
-0.623794 -3.36442 1.81079 128 128 128
-0.665554 -3.35912 1.81218 128 128 128
-0.71059 -3.36891 1.8219 128 128 128
-0.760249 -3.39712 1.8418 128 128 128
-0.791001 -3.34183 1.81727 128 128 128
-0.832166 -3.33273 1.81773 128 128 128
-0.875265 -3.33084 1.82236 128 128 128
-0.921759 -3.34035 1.83347 128 128 128
-0.971089 -3.35773 1.8492 128 128 128
-1.01248 -3.34641 1.84967 128 128 128
-1.04784 -3.31599 1.83995 128 128 128
-1.1007 -3.33991 1.86031 128 128 128
-1.13237 -3.29933 1.8455 128 128 128
-1.17905 -3.30271 1.85522 128 128 128
-1.21578 -3.27802 1.84967 128 128 128
-1.2492 -3.24549 1.83995 128 128 128
-1.29981 -3.25707 1.85522 128 128 128
-1.34784 -3.26053 1.86633 128 128 128
-1.3839 -3.23478 1.86124 128 128 128
-1.42349 -3.21756 1.86124 128 128 128
-1.45917 -3.19179 1.85661 128 128 128
-1.50278 -3.18326 1.86216 128 128 128
-1.53706 -3.15502 1.85661 128 128 128
-1.58005 -3.14463 1.8617 128 128 128
-1.61893 -3.12579 1.86216 128 128 128
-1.65717 -3.10568 1.86216 128 128 128
-1.69473 -3.08434 1.8617 128 128 128
-1.72283 -3.04634 1.85152 128 128 128
-1.77438 -3.04947 1.86633 128 128 128
-1.80254 -3.01227 1.85707 128 128 128
-1.84356 -2.99671 1.86124 128 128 128
-1.88115 -2.97536 1.86216 128 128 128
-1.91171 -2.94314 1.85661 128 128 128
-1.94226 -2.91135 1.85152 128 128 128
-1.98336 -2.89534 1.85661 128 128 128
-2.02539 -2.8802 1.86262 128 128 128
-2.04759 -2.83717 1.85105 128 128 128
-2.08225 -2.81183 1.85105 128 128 128
-2.10532 -2.77126 1.84133 128 128 128
-2.14462 -2.7522 1.84596 128 128 128
-2.18433 -2.73328 1.85105 128 128 128
-2.21152 -2.69874 1.84596 128 128 128
-2.23191 -2.65648 1.83578 128 128 128
-2.26955 -2.63493 1.83995 128 128 128
-2.30172 -2.60688 1.83995 128 128 128
-2.34187 -2.58763 1.84643 128 128 128
-2.36681 -2.55156 1.84133 128 128 128
-2.39794 -2.52232 1.84133 128 128 128
-2.40766 -2.47114 1.8256 128 128 128
-2.42777 -2.43139 1.81819 128 128 128
-0.727026 -0.714705 0.556513 128 128 128
-0.744092 -0.713671 0.56253 128 128 128
-2.55135 -2.37354 1.84365 128 128 128
-0.779125 -0.71126 0.575026 128 128 128
-0.771185 -0.686974 0.563456 128 128 128
-2.59535 -2.24215 1.81495 128 128 128
-2.62403 -2.21127 1.81588 128 128 128
-2.65302 -2.18059 1.81727 128 128 128
-2.67751 -2.14621 1.81588 128 128 128
-2.69665 -2.10774 1.81125 128 128 128
-2.71455 -2.06859 1.80616 128 128 128
-2.7383 -2.03407 1.80523 128 128 128
-2.75947 -1.99772 1.80292 128 128 128
-2.78087 -1.96166 1.80107 128 128 128
-2.79669 -1.92188 1.79598 128 128 128
-2.81564 -1.88446 1.7932 128 128 128
-2.82518 -1.84107 1.78487 128 128 128
-2.84756 -1.80626 1.78487 128 128 128
-2.86951 -1.77118 1.78487 128 128 128
-2.8819 -1.73037 1.77932 128 128 128
-2.89449 -1.68997 1.77422 128 128 128
-2.91424 -1.65389 1.77376 128 128 128
-2.92655 -1.61373 1.76913 128 128 128
-2.943 -1.57603 1.76728 128 128 128
-2.94481 -1.53082 1.7571 128 128 128
-2.96179 -1.49377 1.75617 128 128 128
-2.96954 -1.45226 1.75016 128 128 128
-2.97832 -1.41155 1.74507 128 128 128
-2.99461 -1.37453 1.7446 128 128 128
-2.99423 -1.33014 1.73488 128 128 128
-2.9924 -1.28562 1.7247 128 128 128
-2.99812 -1.24474 1.71915 128 128 128
-3.00411 -1.20424 1.71406 128 128 128
-3.01039 -1.16409 1.70943 128 128 128
-3.02029 -1.12552 1.70711 128 128 128
-3.02637 -1.08569 1.70295 128 128 128
-3.03778 -1.04789 1.70202 128 128 128
-3.04115 -1.00748 1.69693 128 128 128
-3.0516 -0.969553 1.69601 128 128 128
-3.05478 -0.929463 1.69138 128 128 128
-3.06426 -0.891414 1.69045 128 128 128
-3.06044 -0.849731 1.68258 128 128 128
-3.06549 -0.810758 1.67981 128 128 128
-3.08295 -0.775013 1.68397 128 128 128
-3.09999 -0.738962 1.68814 128 128 128
-3.0348 -0.645263 1.64417 128 128 128
-3.02684 -0.604868 1.63584 128 128 128
-3.041 -0.568973 1.63954 128 128 128
-3.02155 -0.527079 1.62565 128 128 128
-3.02342 -0.489258 1.62334 128 128 128
-3.03095 -0.452379 1.62427 128 128 128
-3.0108 -0.411704 1.61084 128 128 128
-2.9989 -0.372672 1.60205 128 128 128
-3.01647 -0.337302 1.60899 128 128 128
-3.01332 -0.299569 1.60529 128 128 128
-2.81759 0.303083 1.41868 128 128 128
-2.80296 0.336359 1.41339 128 128 128
-2.78973 0.369556 1.40897 128 128 128
-2.78321 0.403506 1.40809 128 128 128
-2.755 0.434011 1.39662 128 128 128
-2.74592 0.467186 1.39485 128 128 128
-2.73734 0.500365 1.39353 128 128 128
-2.70897 0.529626 1.38249 128 128 128
-2.68733 0.559726 1.37499 128 128 128
-2.64574 0.653536 1.36528 128 128 128
-2.64709 0.723226 1.37455 128 128 128
-2.55777 0.732717 1.3335 128 128 128
-1.32097 0.396738 0.703257 128 128 128
-2.49706 0.782147 1.31188 128 128 128
-2.47959 0.810227 1.30791 128 128 128
-2.46181 0.837996 1.30393 128 128 128
-2.44119 0.864554 1.29864 128 128 128
-2.41945 0.890423 1.2929 128 128 128
-2.39577 0.91525 1.28628 128 128 128
-2.38769 0.945901 1.28804 128 128 128
-2.35681 0.967305 1.27789 128 128 128
-2.32658 0.988445 1.26818 128 128 128
-2.30853 1.0144 1.26509 128 128 128
-2.27057 1.03116 1.25141 128 128 128
-2.24556 1.05324 1.24479 128 128 128
-2.22761 1.07837 1.24214 128 128 128
-2.18771 1.09241 1.22758 128 128 128
-2.16217 1.11303 1.22096 128 128 128
-2.13883 1.13444 1.21566 128 128 128
-2.11294 1.15415 1.20904 128 128 128
-2.08922 1.17472 1.20375 128 128 128
-2.06144 1.19264 1.19624 128 128 128
-2.04357 1.21601 1.19448 128 128 128
-2.02466 1.23866 1.19227 128 128 128
-1.48875 0.936537 0.889948 128 128 128
-1.45981 0.943547 0.879797 128 128 128
-1.44213 0.957424 0.876266 128 128 128
-1.45105 0.989185 0.888624 128 128 128
-1.89855 1.32811 1.16447 128 128 128
-1.87482 1.34608 1.16005 128 128 128
-1.83286 1.35037 1.14461 128 128 128
-1.78321 1.34789 1.1243 128 128 128
-1.53666 1.19167 0.981307 128 128 128
-1.54651 1.22997 0.996754 128 128 128
-1.53339 1.25056 0.998078 128 128 128
-1.55168 1.29746 1.0197 128 128 128
-1.55813 1.33566 1.03427 128 128 128
-1.6138 1.41801 1.08149 128 128 128
-1.61362 1.45331 1.09297 128 128 128
-1.59434 1.47178 1.09209 128 128 128
-1.56703 1.48261 1.08591 128 128 128
-1.54485 1.49798 1.08326 128 128 128
-1.07351 1.06741 0.769459 128 128 128
-1.05907 1.07922 0.768577 128 128 128
-1.06935 1.11674 0.785348 128 128 128
-1.1733 1.25556 0.870087 128 128 128
-1.40289 1.53821 1.04883 128 128 128
-1.38152 1.55263 1.04707 128 128 128
-1.28701 1.48278 0.990575 128 128 128
-1.11377 1.31573 0.872735 128 128 128
-1.11298 1.34797 0.884652 128 128 128
-1.09466 1.35943 0.883328 128 128 128
-1.10286 1.4045 0.903188 128 128 128
-1.20622 1.57529 1.00073 128 128 128
-1.19002 1.59429 1.00337 128 128 128
-1.17037 1.60877 1.00337 128 128 128
-1.14586 1.61643 0.999402 128 128 128
-1.11981 1.62151 0.994106 128 128 128
-1.0883 1.61801 0.983955 128 128 128
-1.06935 1.63275 0.984838 128 128 128
-1.0473 1.64272 0.983073 128 128 128
-1.02185 1.64707 0.978218 128 128 128
-0.998312 1.65411 0.975128 128 128 128
-0.9743 1.66004 0.971597 128 128 128
-0.949848 1.66486 0.967625 128 128 128
-0.922812 1.66463 0.961005 128 128 128
-0.901037 1.67346 0.959681 128 128 128
-0.875437 1.67485 0.954385 128 128 128
-0.847095 1.67027 0.945999 128 128 128
-0.823758 1.6749 0.94291 128 128 128
-0.803916 1.6865 0.943792 128 128 128
-0.776754 1.6824 0.93629 128 128 128
-0.75385 1.68689 0.933641 128 128 128
-0.730239 1.68942 0.930111 128 128 128
-0.708759 1.6966 0.929228 128 128 128
-0.675104 1.67356 0.912457 128 128 128
-0.652886 1.67754 0.91025 128 128 128
-0.630671 1.68122 0.908043 128 128 128
-0.60541 1.67618 0.901423 128 128 128
-0.583024 1.6784 0.898775 128 128 128
-0.555266 1.66415 0.887741 128 128 128
-0.532883 1.66486 0.884652 128 128 128
-0.510302 1.66441 0.881121 128 128 128
-0.488826 1.66711 0.879355 128 128 128
-0.467118 1.66866 0.877149 128 128 128
-0.444286 1.6656 0.872735 128 128 128
-0.424035 1.6718 0.873177 128 128 128
-0.402645 1.67338 0.871411 128 128 128
-0.382279 1.67907 0.871853 128 128 128
-0.3607 1.67925 0.869646 128 128 128
-0.337925 1.673 0.86435 128 128 128
-0.316364 1.67173 0.861701 128 128 128
-0.294728 1.6693 0.858612 128 128 128
-0.274512 1.67456 0.859495 128 128 128
-0.253402 1.67426 0.857729 128 128 128
-0.231844 1.67013 0.854199 128 128 128
-0.210766 1.6684 0.851992 128 128 128
-0.190071 1.66908 0.851109 128 128 128
-0.168205 1.6579 0.844489 128 128 128
-0.146963 1.65 0.839634 128 128 128
-0.126912 1.65437 0.840958 128 128 128
-0.10514 1.63341 0.829924 128 128 128
-0.0848979 1.631 0.828159 128 128 128
-0.064986 1.63461 0.829483 128 128 128
-0.044744 1.629 0.826394 128 128 128
-0.0246205 1.62135 0.822421 128 128 128
-0.00465406 1.60359 0.813594 128 128 128
0.0149487 1.59455 0.809181 128 128 128
0.0344407 1.59066 0.807416 128 128 128
0.0538098 1.58563 0.805209 128 128 128
0.0730607 1.58037 0.803002 128 128 128
0.0919842 1.57129 0.79903 128 128 128
0.111197 1.56915 0.798589 128 128 128
0.129488 1.55604 0.792851 128 128 128
0.148657 1.55523 0.793292 128 128 128
0.167445 1.55061 0.791968 128 128 128
0.186247 1.54666 0.791086 128 128 128
0.205213 1.54425 0.791086 128 128 128
0.222994 1.53363 0.787113 128 128 128
0.240962 1.52545 0.784465 128 128 128
0.259513 1.5215 0.784024 128 128 128
0.276877 1.51114 0.780493 128 128 128
0.295744 1.50939 0.781376 128 128 128
0.312784 1.49862 0.777845 128 128 128
0.330184 1.49028 0.775638 128 128 128
0.347428 1.48175 0.773432 128 128 128
0.36537 1.4765 0.77299 128 128 128
0.383912 1.47365 0.773873 128 128 128
0.401967 1.46882 0.773873 128 128 128
0.420702 1.46637 0.775197 128 128 128
0.437893 1.45852 0.773873 128 128 128
0.45549 1.45218 0.773432 128 128 128
0.471607 1.44136 0.770784 128 128 128
0.48695 1.42867 0.767253 128 128 128
0.505043 1.42427 0.768135 128 128 128
0.521864 1.41629 0.767253 128 128 128
0.539205 1.40977 0.767253 128 128 128
0.553494 1.39554 0.763281 128 128 128
0.57364 1.39612 0.767253 128 128 128
0.590379 1.38815 0.766811 128 128 128
0.610975 1.38901 0.771225 128 128 128
0.626862 1.37896 0.769901 128 128 128
0.641454 1.36629 0.767253 128 128 128
0.657391 1.3567 0.76637 128 128 128
0.674791 1.35013 0.767253 128 128 128
0.688437 1.33617 0.764163 128 128 128
0.704361 1.32682 0.763722 128 128 128
0.720591 1.31808 0.763722 128 128 128
0.736272 1.30836 0.763281 128 128 128
0.750476 1.29611 0.761515 128 128 128
0.766784 1.28758 0.761957 128 128 128
0.783462 1.2796 0.762839 128 128 128
0.799583 1.27065 0.763281 128 128 128
0.815602 1.2615 0.763722 128 128 128
0.831517 1.25214 0.764163 128 128 128
0.847325 1.24259 0.764605 128 128 128
0.860968 1.22989 0.763281 128 128 128
0.875996 1.21923 0.763281 128 128 128
0.889296 1.20622 0.761957 128 128 128
0.903491 1.1945 0.761515 128 128 128
0.91918 1.18474 0.762398 128 128 128
1.34373 0.833346 0.802561 128 128 128
1.35999 0.820508 0.806091 128 128 128
1.36455 0.800573 0.803002 128 128 128
1.3766 0.785104 0.804326 128 128 128
1.39476 0.772944 0.809181 128 128 128
1.40651 0.757048 0.810505 128 128 128
1.42444 0.74431 0.81536 128 128 128
1.43427 0.72718 0.815801 128 128 128
1.45838 0.717061 0.824187 128 128 128
1.48326 0.706845 0.833014 128 128 128
1.48938 0.68746 0.83169 128 128 128
1.49443 0.667664 0.829924 128 128 128
1.50416 0.649988 0.830807 128 128 128
1.48884 0.621778 0.818449 128 128 128
1.56957 0.63306 0.857288 128 128 128
1.54462 0.601032 0.840075 128 128 128
1.56448 0.58677 0.846696 128 128 128
1.57831 0.569971 0.850226 128 128 128
1.59112 0.552626 0.853316 128 128 128
1.59948 0.533628 0.854199 128 128 128
1.61616 0.517251 0.859495 128 128 128
1.63268 0.500544 0.864791 128 128 128
1.6387 0.480471 0.864791 128 128 128
1.65743 0.463965 0.871411 128 128 128
1.66733 0.44475 0.873618 128 128 128
1.67614 0.425141 0.875383 128 128 128
1.68908 0.406436 0.879355 128 128 128
1.69832 0.386678 0.881562 128 128 128
1.70118 0.365429 0.880679 128 128 128
1.71873 0.347202 0.8873 128 128 128
1.7449 0.330274 0.898333 128 128 128
1.74087 0.307426 0.894361 128 128 128
1.76222 0.288958 0.903188 128 128 128
1.77362 0.268526 0.90716 128 128 128
1.77411 0.246368 0.905836 128 128 128
1.79213 0.226504 0.913339 128 128 128
1.79834 0.204903 0.915105 128 128 128
1.82036 0.184829 0.924814 128 128 128
1.82964 0.16312 0.928345 128 128 128
1.84582 0.141765 0.935407 128 128 128
1.8707 0.120623 0.946882 128 128 128
1.88369 0.0982738 0.952619 128 128 128
1.88565 0.075187 0.953061 128 128 128
1.8963 0.0523212 0.957916 128 128 128
1.89859 0.0290756 0.958798 128 128 128
1.90329 0.00579178 0.961005 128 128 128
1.91848 -0.0176943 0.968508 128 128 128
1.9217 -0.0413101 0.970273 128 128 128
1.93271 -0.0652743 0.976011 128 128 128
1.93804 -0.0892711 0.9791 128 128 128
1.94038 -0.113254 0.980866 128 128 128
1.95496 -0.138184 0.98881 128 128 128
1.96206 -0.1629 0.993224 128 128 128
1.95902 -0.18688 0.992782 128 128 128
1.97799 -0.213199 1.00337 128 128 128
1.98503 -0.238627 1.00823 128 128 128
1.98818 -0.26379 1.01132 128 128 128
1.98834 -0.288681 1.01308 128 128 128
1.99972 -0.315425 1.02059 128 128 128
2.01339 -0.342942 1.02941 128 128 128
2.02316 -0.370198 1.03648 128 128 128
2.02287 -0.395856 1.03868 128 128 128
2.03455 -0.424118 1.04707 128 128 128
2.04146 -0.451759 1.05325 128 128 128
2.05236 -0.480653 1.06163 128 128 128
2.06112 -0.509453 1.06914 128 128 128
2.07122 -0.538991 1.07752 128 128 128
2.06964 -0.565783 1.08017 128 128 128
2.07548 -0.594838 1.08679 128 128 128
2.05599 -0.616662 1.08061 128 128 128
2.0517 -0.642916 1.08238 128 128 128
2.06669 -0.675558 1.09429 128 128 128
2.07353 -0.706065 1.10224 128 128 128
2.08756 -0.739533 1.11415 128 128 128
2.07917 -0.765404 1.11459 128 128 128
2.12681 -0.873057 1.15564 128 128 128
2.12171 -0.901543 1.15873 128 128 128
2.1146 -0.929314 1.16094 128 128 128
2.10385 -0.955564 1.16138 128 128 128
1.87789 -2.00829 1.3772 128 128 128
1.84705 -2.02455 1.37278 128 128 128
1.82565 -2.05109 1.37543 128 128 128
1.81624 -2.09162 1.38735 128 128 128
1.80262 -2.12813 1.39662 128 128 128
1.78438 -2.15977 1.4028 128 128 128
1.76394 -2.18918 1.40765 128 128 128
1.75414 -2.23253 1.42133 128 128 128
1.73808 -2.26884 1.4306 128 128 128
1.70634 -2.28497 1.42751 128 128 128
1.67395 -2.29993 1.42398 128 128 128
1.65651 -2.33567 1.43325 128 128 128
1.64048 -2.37427 1.44428 128 128 128
1.61974 -2.40687 1.45179 128 128 128
1.60042 -2.44233 1.46105 128 128 128
1.57902 -2.4754 1.469 128 128 128
1.54995 -2.49687 1.47032 128 128 128
1.53637 -2.54412 1.48665 128 128 128
1.51185 -2.57438 1.49327 128 128 128
1.48148 -2.59508 1.4946 128 128 128
1.43646 -2.58953 1.48136 128 128 128
1.34749 -2.50113 1.42222 128 128 128
1.30587 -2.49681 1.41074 128 128 128
1.29586 -2.55345 1.43325 128 128 128
1.25769 -2.55547 1.42575 128 128 128
1.2154 -2.54804 1.41339 128 128 128
1.17839 -2.55055 1.40677 128 128 128
1.24236 -2.77775 1.52152 128 128 128
1.22601 -2.83396 1.54359 128 128 128
1.19565 -2.85955 1.54932 128 128 128
1.15811 -2.86818 1.54623 128 128 128
1.12902 -2.89806 1.55462 128 128 128
1.10727 -2.94866 1.57404 128 128 128
1.07406 -2.97046 1.57845 128 128 128
1.03546 -2.97748 1.57536 128 128 128
1.00739 -3.01549 1.5886 128 128 128
0.852379 -2.66024 1.39882 128 128 128
0.81967 -2.6705 1.39882 128 128 128
0.762784 -2.59857 1.3569 128 128 128
0.744181 -2.65525 1.38117 128 128 128
0.826378 -3.09326 1.59964 128 128 128
0.789684 -3.10839 1.60229 128 128 128
0.755693 -3.13529 1.61111 128 128 128
0.72136 -3.1627 1.62038 128 128 128
0.685521 -3.18535 1.62744 128 128 128
0.644775 -3.18561 1.62347 128 128 128
0.604628 -3.18799 1.62082 128 128 128
0.56891 -3.21461 1.63053 128 128 128
0.531316 -3.23286 1.63627 128 128 128
0.494575 -3.25865 1.64598 128 128 128
0.454797 -3.26625 1.64686 128 128 128
0.410944 -3.24221 1.6323 128 128 128
0.373889 -3.27108 1.64421 128 128 128
0.33445 -3.28256 1.64774 128 128 128
0.295911 -3.30608 1.65745 128 128 128
0.258025 -3.34436 1.67467 128 128 128
0.218251 -3.36697 1.68438 128 128 128
0.176015 -3.35237 1.67599 128 128 128
0.135082 -3.35966 1.67864 128 128 128
0.0939959 -3.36644 1.68129 128 128 128
0.0525332 -3.35837 1.67687 128 128 128
0.00334942 -1.25991 0.644558 128 128 128
-0.0117088 -1.2123 0.621166 128 128 128
-0.0263985 -1.20309 0.616753 128 128 128
-0.0411603 -1.20268 0.616753 128 128 128
-0.055794 -1.19939 0.615429 128 128 128
-0.0704049 -1.19683 0.614546 128 128 128
-0.0857753 -1.20572 0.619401 128 128 128
-0.100418 -1.20279 0.618518 128 128 128
-0.326072 -3.42946 1.71924 128 128 128
-0.367272 -3.41717 1.71527 128 128 128
-0.41003 -3.41953 1.7188 128 128 128
-0.452667 -3.41958 1.72145 128 128 128
-0.49434 -3.41199 1.72057 128 128 128
-0.536173 -3.40567 1.72057 128 128 128
-0.577925 -3.39883 1.72057 128 128 128
-0.62313 -3.41091 1.73028 128 128 128
-0.663395 -3.39508 1.7263 128 128 128
-0.709023 -3.40601 1.73601 128 128 128
-0.752893 -3.40669 1.74087 128 128 128
-0.788317 -3.37011 1.72719 128 128 128
-0.836485 -3.38806 1.74131 128 128 128
-0.880478 -3.38709 1.74617 128 128 128
-0.919616 -3.36737 1.74175 128 128 128
-0.96383 -3.36619 1.74705 128 128 128
-1.00507 -3.35411 1.74705 128 128 128
-1.04936 -3.3518 1.75234 128 128 128
-1.09042 -3.33867 1.75234 128 128 128
-1.1313 -3.32504 1.75234 128 128 128
-1.17561 -3.32106 1.75764 128 128 128
-1.21999 -3.31649 1.76294 128 128 128
-1.25708 -3.29204 1.75808 128 128 128
-1.30464 -3.29473 1.76779 128 128 128
-1.34532 -3.2793 1.76823 128 128 128
-1.38546 -3.26254 1.76823 128 128 128
-1.41782 -3.22804 1.75896 128 128 128
-1.46956 -3.23737 1.77353 128 128 128
-1.50537 -3.21096 1.76912 128 128 128
-1.54856 -3.20033 1.77353 128 128 128
-1.5749 -3.15539 1.75941 128 128 128
-1.62705 -3.16216 1.77397 128 128 128
-1.66153 -3.13402 1.76956 128 128 128
-1.69428 -3.10316 1.76382 128 128 128
-1.73223 -3.08213 1.76382 128 128 128
-1.77531 -3.06997 1.76912 128 128 128
-1.81285 -3.04795 1.76912 128 128 128
-1.84497 -3.01705 1.76426 128 128 128
-1.88758 -3.0033 1.76956 128 128 128
-1.91359 -2.96332 1.75985 128 128 128
-1.96022 -2.95533 1.76912 128 128 128
-1.9923 -2.92511 1.76558 128 128 128
-2.02753 -2.89971 1.76514 128 128 128
-2.06349 -2.87534 1.76558 128 128 128
-2.09861 -2.8498 1.76558 128 128 128
-2.12694 -2.81524 1.76029 128 128 128
-2.15528 -2.78112 1.75543 128 128 128
-2.18981 -2.75517 1.75588 128 128 128
-2.22969 -2.73574 1.76073 128 128 128
-2.25676 -2.7006 1.75588 128 128 128
-2.28973 -2.6727 1.75588 128 128 128
-2.32177 -2.64372 1.75543 128 128 128
-2.34624 -2.60636 1.7497 128 128 128
-2.41442 -2.55321 1.75323 128 128 128
-2.43371 -2.51115 1.74484 128 128 128
-2.45107 -2.46772 1.73557 128 128 128
-0.765685 -0.750804 0.552316 128 128 128
-0.77484 -0.741351 0.552316 128 128 128
-0.760951 -0.710324 0.536868 128 128 128
-0.790813 -0.720297 0.550992 128 128 128
-0.787533 -0.699793 0.543047 128 128 128
-2.62326 -2.27836 1.73381 128 128 128
-2.64691 -2.24252 1.73116 128 128 128
-2.67423 -2.20987 1.73116 128 128 128
-2.69626 -2.17294 1.72807 128 128 128
-2.72131 -2.13858 1.72719 128 128 128
-2.74735 -2.10502 1.72719 128 128 128
-2.76938 -2.06846 1.72498 128 128 128
-2.7873 -2.02904 1.72057 128 128 128
-2.80394 -1.98897 1.71571 128 128 128
-2.83478 -1.959 1.71968 128 128 128
-2.85191 -1.91956 1.71571 128 128 128
-2.86625 -1.87851 1.71042 128 128 128
-2.89665 -1.84802 1.71483 128 128 128
-2.91301 -1.80855 1.7113 128 128 128
-2.92193 -1.76477 1.7038 128 128 128
-2.9364 -1.72469 1.69982 128 128 128
-2.94099 -1.67918 1.69056 128 128 128
-2.96765 -1.64645 1.69409 128 128 128
-2.9671 -1.59883 1.68261 128 128 128
-2.98649 -1.5623 1.68261 128 128 128
-2.99104 -1.51821 1.67467 128 128 128
-3.00462 -1.47901 1.67202 128 128 128
-3.01525 -1.43855 1.66805 128 128 128
-3.02453 -1.39767 1.66363 128 128 128
-3.02917 -1.35495 1.65701 128 128 128
-3.03569 -1.3134 1.65172 128 128 128
-3.02675 -1.26565 1.63848 128 128 128
-3.05619 -1.23413 1.64598 128 128 128
-3.05439 -1.19001 1.63715 128 128 128
-3.04441 -1.14328 1.62435 128 128 128
-3.0798 -0.90432 1.60361 128 128 128
-3.09326 -0.867186 1.60493 128 128 128
-3.108 -0.830321 1.60714 128 128 128
-3.091 -0.785257 1.59346 128 128 128
-3.10389 -0.74811 1.59522 128 128 128
-3.10934 -0.709164 1.59346 128 128 128
-3.10114 -0.66736 1.58507 128 128 128
-3.08447 -0.624259 1.57272 128 128 128
-3.0778 -0.583679 1.56565 128 128 128
-3.06971 -0.543201 1.55815 128 128 128
-3.07083 -0.504614 1.5555 128 128 128
-3.05905 -0.464192 1.54668 128 128 128
-2.80861 0.0578074 1.3162 128 128 128
-2.83376 0.373511 1.33874 128 128 128
-2.80739 0.40511 1.32872 128 128 128
-2.78515 0.43683 1.32079 128 128 128
-2.76704 0.46883 1.31495 128 128 128
-2.74052 0.498976 1.30535 128 128 128
-2.72617 0.530993 1.30159 128 128 128
-2.70165 0.560686 1.29324 128 128 128
-2.67771 0.590056 1.28531 128 128 128
-2.66143 0.620793 1.28114 128 128 128
-2.62979 0.647503 1.26987 128 128 128
-2.60934 0.676514 1.26402 128 128 128
-2.56929 0.699836 1.249 128 128 128
-2.55527 0.729806 1.24649 128 128 128
-1.32256 0.393222 0.659642 128 128 128
-2.51578 0.78576 1.23648 128 128 128
-2.50422 0.816008 1.23564 128 128 128
-2.44234 0.862625 1.21561 128 128 128
-2.45288 0.900394 1.22604 128 128 128
-2.43486 0.927827 1.2227 128 128 128
-2.4064 0.95093 1.21436 128 128 128
-2.36849 0.969672 1.20142 128 128 128
-2.33969 0.991544 1.19307 128 128 128
-2.32486 1.01908 1.19182 128 128 128
-2.28323 1.03436 1.17721 128 128 128
-2.26214 1.05844 1.17303 128 128 128
-2.2269 1.07541 1.16176 128 128 128
-2.20135 1.09656 1.1555 128 128 128
-2.18046 1.11974 1.15175 128 128 128
-2.15371 1.13959 1.14507 128 128 128
-2.12601 1.15852 1.13797 128 128 128
-2.10688 1.18185 1.13547 128 128 128
-2.07571 1.19804 1.1267 128 128 128
-2.06085 1.22342 1.1267 128 128 128
-2.03871 1.24435 1.12295 128 128 128
-1.49042 0.933667 0.833695 128 128 128
-1.46206 0.941025 0.824512 128 128 128
-1.461 0.965938 0.830355 128 128 128
-1.4708 0.99865 0.84246 128 128 128
-1.9035 1.32844 1.09206 128 128 128
-1.87672 1.34427 1.08622 128 128 128
-1.8418 1.35371 1.07578 128 128 128
-1.80694 1.3625 1.06535 128 128 128
-1.78291 1.379 1.06117 128 128 128
-1.74879 1.38718 1.05116 128 128 128
-1.73163 1.40854 1.05116 128 128 128
-1.68147 1.40227 1.03154 128 128 128
-1.57518 1.34644 0.977695 128 128 128
-1.59879 1.40109 1.00232 128 128 128
-1.6024 1.43947 1.01526 128 128 128
-1.60196 1.47506 1.02611 128 128 128
-1.58242 1.49336 1.02528 128 128 128
-1.54507 1.49431 1.01317 128 128 128
-1.07572 1.06447 0.720999 128 128 128
-1.08039 1.09575 0.732686 128 128 128
-1.06875 1.1109 0.733938 128 128 128
-1.44074 1.5371 0.993555 128 128 128
-1.42055 1.55332 0.992721 128 128 128
-1.39051 1.55841 0.985208 128 128 128
-1.36355 1.56643 0.979781 128 128 128
-1.33542 1.57264 0.973521 128 128 128
-1.29694 1.56577 0.959747 128 128 128
-1.19903 1.48386 0.902147 128 128 128
-1.14371 1.45127 0.874599 128 128 128
-1.12306 1.46158 0.872512 128 128 128
-1.13382 1.51387 0.894634 128 128 128
-1.1659 1.59751 0.934286 128 128 128
-1.15461 1.62356 0.940964 128 128 128
-1.12222 1.61966 0.930947 128 128 128
-1.09719 1.62576 0.926773 128 128 128
-1.07965 1.64291 0.92886 128 128 128
-1.05306 1.64607 0.923434 128 128 128
-1.02991 1.65423 0.920929 128 128 128
-1.00672 1.66208 0.918425 128 128 128
-0.982108 1.66725 0.914668 128 128 128
-0.957526 1.67207 0.910912 128 128 128
-0.924611 1.66143 0.899225 128 128 128
-0.901571 1.66785 0.896721 128 128 128
-0.878934 1.67476 0.894634 128 128 128
-0.85421 1.67731 0.89046 128 128 128
-0.822747 1.66565 0.87919 128 128 128
-0.801854 1.6748 0.878773 128 128 128
-0.774774 1.67048 0.871677 128 128 128
-0.752365 1.67572 0.86959 128 128 128
-0.730304 1.68148 0.867921 128 128 128
-0.706117 1.68193 0.863747 128 128 128
-0.671844 1.65675 0.847051 128 128 128
-0.651133 1.66403 0.846634 128 128 128
-0.630345 1.67104 0.846216 128 128 128
-0.607017 1.67096 0.84246 128 128 128
-0.58468 1.67313 0.839955 128 128 128
-0.558074 1.66207 0.83119 128 128 128
-0.535146 1.661 0.827434 128 128 128
-0.518712 1.68048 0.833695 128 128 128
-0.49167 1.66492 0.82326 128 128 128
-0.471446 1.6717 0.823677 128 128 128
-0.449494 1.67209 0.821173 128 128 128
-0.427826 1.67308 0.819086 128 128 128
-0.406838 1.67643 0.818251 128 128 128
-0.38382 1.67067 0.813242 128 128 128
-0.361766 1.66814 0.809903 128 128 128
-0.34055 1.66889 0.808234 128 128 128
-0.319202 1.66848 0.806147 128 128 128
-0.297758 1.6669 0.803642 128 128 128
-0.276547 1.66595 0.801555 128 128 128
-0.253643 1.65304 0.794042 128 128 128
-0.233339 1.65603 0.794042 128 128 128
-0.212092 1.65155 0.790703 128 128 128
-0.191297 1.64952 0.788616 128 128 128
-0.170766 1.64903 0.787364 128 128 128
-0.150277 1.64828 0.786112 128 128 128
-0.129969 1.6491 0.785694 128 128 128
-0.107868 1.62155 0.772338 128 128 128
-0.0868843 1.60188 0.762738 128 128 128
-0.0668992 1.59465 0.758981 128 128 128
-0.0473989 1.59808 0.760234 128 128 128
-0.0276105 1.58673 0.754808 128 128 128
-0.00812793 1.58331 0.753138 128 128 128
0.0112934 1.58238 0.752721 128 128 128
0.0305904 1.57667 0.750216 128 128 128
0.0496866 1.56891 0.746877 128 128 128
0.0687664 1.56456 0.745208 128 128 128
0.0876397 1.55815 0.742703 128 128 128
0.106496 1.55333 0.741034 128 128 128
0.125398 1.5501 0.740199 128 128 128
0.14415 1.54573 0.738947 128 128 128
0.162716 1.54023 0.737277 128 128 128
0.182368 1.54443 0.740199 128 128 128
0.200826 1.53847 0.738529 128 128 128
0.219035 1.5314 0.736442 128 128 128
0.236531 1.52052 0.732686 128 128 128
0.254866 1.51571 0.731851 128 128 128
0.273119 1.51068 0.731016 128 128 128
0.290411 1.50097 0.728094 128 128 128
0.305274 1.48039 0.720164 128 128 128
0.326372 1.48984 0.726425 128 128 128
0.344006 1.48307 0.725173 128 128 128
0.361743 1.47698 0.724338 128 128 128
0.379381 1.47067 0.723503 128 128 128
0.398361 1.46941 0.725173 128 128 128
0.415359 1.46091 0.723503 128 128 128
0.432732 1.45397 0.722668 128 128 128
0.450542 1.44855 0.722668 128 128 128
0.46602 1.436 0.719329 128 128 128
0.485955 1.43705 0.722668 128 128 128
0.503249 1.43012 0.722251 128 128 128
0.520761 1.42384 0.722251 128 128 128
0.53657 1.4131 0.720164 128 128 128
0.552865 1.40388 0.718912 128 128 128
0.571433 1.40035 0.720581 128 128 128
0.588931 1.39407 0.720999 128 128 128
0.60929 1.39422 0.724755 128 128 128
0.623342 1.38002 0.721416 128 128 128
0.635592 1.3624 0.716408 128 128 128
0.656625 1.36349 0.720999 128 128 128
0.672495 1.3537 0.720164 128 128 128
0.690722 1.34858 0.721834 128 128 128
0.702529 1.33117 0.717242 128 128 128
0.71663 1.31847 0.715155 128 128 128
0.740783 1.32383 0.722668 128 128 128
0.749682 1.30206 0.71599 128 128 128
0.766069 1.29354 0.716408 128 128 128
0.786159 1.29101 0.720164 128 128 128
0.801942 1.28127 0.720164 128 128 128
0.816124 1.26904 0.718912 128 128 128
0.831636 1.25893 0.718912 128 128 128
0.845998 1.24713 0.718077 128 128 128
0.860717 1.23591 0.71766 128 128 128
0.872635 1.22083 0.715155 128 128 128
0.885393 1.2071 0.713486 128 128 128
0.900139 1.19615 0.713486 128 128 128
0.918651 1.19003 0.716408 128 128 128
0.928657 1.17299 0.713068 128 128 128
0.951028 1.17135 0.718912 128 128 128
0.959497 1.15263 0.714738 128 128 128
0.973569 1.14077 0.714738 128 128 128
0.989296 1.13078 0.71599 128 128 128
1.00371 1.11923 0.716408 128 128 128
1.02045 1.11017 0.718494 128 128 128
1.04775 1.11207 0.727677 128 128 128
1.05941 1.09718 0.726425 128 128 128
1.05998 1.07121 0.718077 128 128 128
1.07369 1.05876 0.718494 128 128 128
1.08726 1.04613 0.718912 128 128 128
1.10002 1.03271 0.718912 128 128 128
1.11395 1.02036 0.719747 128 128 128
1.12503 1.0054 0.718912 128 128 128
1.14415 0.997473 0.723086 128 128 128
1.157 0.983944 0.723503 128 128 128
1.16969 0.97025 0.723921 128 128 128
1.18221 0.956392 0.724338 128 128 128
1.19601 0.943495 0.72559 128 128 128
1.21038 0.930956 0.72726 128 128 128
1.22463 0.918205 0.728929 128 128 128
1.23874 0.905244 0.730599 128 128 128
1.25347 0.8926 0.732686 128 128 128
1.26882 0.880246 0.73519 128 128 128
1.28179 0.86613 0.736442 128 128 128
1.28471 0.845361 0.732268 128 128 128
1.29959 0.83246 0.734773 128 128 128
1.28035 0.798262 0.718912 128 128 128
1.28694 0.780614 0.717242 128 128 128
1.30191 0.767979 0.720164 128 128 128
1.34203 0.769489 0.736442 128 128 128
1.38715 0.772768 0.755225 128 128 128
1.39653 0.755687 0.755225 128 128 128
1.40731 0.739334 0.75606 128 128 128
1.41708 0.722419 0.756477 128 128 128
1.42666 0.705375 0.756894 128 128 128
1.43931 0.689768 0.758981 128 128 128
1.46252 0.678901 0.766495 128 128 128
1.47323 0.662014 0.767747 128 128 128
1.48375 0.644965 0.768999 128 128 128
1.49574 0.628458 0.771086 128 128 128
1.5084 0.612093 0.77359 128 128 128
1.52681 0.597815 0.779016 128 128 128
1.56126 0.589232 0.792373 128 128 128
1.57179 0.571262 0.794042 128 128 128
1.59071 0.556098 0.799886 128 128 128
1.6 0.537398 0.801138 128 128 128
1.60561 0.517446 0.800721 128 128 128
1.62661 0.502225 0.807816 128 128 128
1.63701 0.483502 0.809903 128 128 128
1.6612 0.468512 0.818668 128 128 128
1.65453 0.444819 0.812825 128 128 128
1.65722 0.423813 0.811573 128 128 128
1.68704 0.409384 0.82326 128 128 128
1.69016 0.388248 0.822425 128 128 128
1.69746 0.368049 0.823677 128 128 128
1.71165 0.349165 0.828268 128 128 128
1.72295 0.329482 0.831608 128 128 128
1.7197 0.307054 0.828268 128 128 128
1.73949 0.288565 0.835781 128 128 128
1.74829 0.268011 0.838286 128 128 128
1.75505 0.247034 0.839955 128 128 128
1.76516 0.226386 0.843294 128 128 128
1.78135 0.206244 0.849555 128 128 128
1.79279 0.185281 0.853729 128 128 128
1.80126 0.163828 0.856651 128 128 128
1.80767 0.142057 0.858738 128 128 128
1.81834 0.120443 0.862912 128 128 128
1.85417 0.0998993 0.878773 128 128 128
1.85889 0.077281 0.880442 128 128 128
1.87605 0.0549053 0.887955 128 128 128
1.87658 0.0318792 0.887955 128 128 128
1.88501 0.0088684 0.891712 128 128 128
1.89679 -0.0143802 0.897138 128 128 128
1.90374 -0.0378162 0.900477 128 128 128
1.91948 -0.061737 0.90799 128 128 128
1.9331 -0.0859651 0.914668 128 128 128
1.94006 -0.110162 0.918425 128 128 128
1.94128 -0.134155 0.919677 128 128 128
1.95307 -0.159104 0.925938 128 128 128
1.95097 -0.183059 0.925938 128 128 128
1.95581 -0.20777 0.929277 128 128 128
1.96574 -0.233282 0.935121 128 128 128
1.96363 -0.257507 0.935538 128 128 128
1.97201 -0.283289 0.940964 128 128 128
1.97647 -0.308747 0.944721 128 128 128
1.98059 -0.334356 0.948477 128 128 128
2.00494 -0.363888 0.961834 128 128 128
2.01191 -0.390741 0.96726 128 128 128
2.02298 -0.418749 0.974773 128 128 128
2.01858 -0.44374 0.97519 128 128 128
2.02271 -0.470763 0.979781 128 128 128
2.03266 -0.499485 0.987294 128 128 128
2.0378 -0.527374 0.992721 128 128 128
2.0452 -0.556185 0.999399 128 128 128
2.06006 -0.587515 1.00983 128 128 128
2.06052 -0.615105 1.01359 128 128 128
2.06496 -0.644157 1.01943 128 128 128
2.06208 -0.671146 1.02194 128 128 128
2.06143 -0.699042 1.02569 128 128 128
2.06211 -0.727631 1.03029 128 128 128
2.06241 -0.756341 1.03488 128 128 128
2.04194 -0.777369 1.02945 128 128 128
2.00944 -0.793313 1.01818 128 128 128
2.0046 -0.819987 1.02069 128 128 128
2.06545 -0.874783 1.05616 128 128 128
2.07036 -0.907021 1.06409 128 128 128
2.07893 -0.941393 1.07411 128 128 128
2.0886 -0.976883 1.08496 128 128 128
2.08709 -1.0076 1.09039 128 128 128
2.07782 -1.03476 1.09206 128 128 128
1.86224 -0.95563 0.987294 128 128 128
1.66179 -0.878206 0.889208 128 128 128
1.63335 -0.888936 0.880025 128 128 128
1.53048 -0.857181 0.831608 128 128 128
1.65743 -0.955636 0.904651 128 128 128
2.05539 -1.22017 1.12378 128 128 128
2.05033 -1.25147 1.12921 128 128 128
2.03252 -1.27508 1.12796 128 128 128
2.03274 -1.3103 1.13672 128 128 128
2.0324 -1.34571 1.14549 128 128 128
2.03074 -1.38079 1.15383 128 128 128
2.02927 -1.41656 1.1626 128 128 128
2.00215 -1.43446 1.15717 128 128 128
1.96977 -1.44813 1.14882 128 128 128
1.9504 -1.47109 1.14799 128 128 128
1.88411 -1.45758 1.12002 128 128 128
1.98693 -1.57682 1.19098 128 128 128
1.98291 -1.61373 1.20016 128 128 128
1.97341 -1.64669 1.20643 128 128 128
1.96961 -1.68499 1.21644 128 128 128
1.96584 -1.72404 1.22688 128 128 128
1.95735 -1.7596 1.23481 128 128 128
1.92961 -1.77793 1.23105 128 128 128
1.91028 -1.80398 1.23272 128 128 128
1.90169 -1.84058 1.24149 128 128 128
1.89378 -1.87852 1.25109 128 128 128
1.87695 -1.90811 1.25526 128 128 128
1.86407 -1.94216 1.26236 128 128 128
1.83699 -1.96157 1.26027 128 128 128
1.82013 -1.99202 1.26528 128 128 128
1.80883 -2.02915 1.27446 128 128 128
1.81891 -2.09171 1.29909 128 128 128
1.81247 -2.13677 1.31286 128 128 128
1.78669 -2.15955 1.31328 128 128 128
1.68088 -2.08289 1.25526 128 128 128
1.70735 -2.16986 1.29408 128 128 128
1.7082 -2.22674 1.31495 128 128 128
1.70029 -2.27376 1.32997 128 128 128
1.6728 -2.29519 1.33039 128 128 128
1.64976 -2.32296 1.33456 128 128 128
1.62577 -2.34977 1.33832 128 128 128
1.60492 -2.38161 1.345 128 128 128
1.58602 -2.4171 1.35376 128 128 128
1.55917 -2.44098 1.35627 128 128 128
1.53627 -2.47151 1.36253 128 128 128
1.51756 -2.50964 1.37296 128 128 128
1.49583 -2.54375 1.38131 128 128 128
1.47395 -2.5785 1.39008 128 128 128
1.44396 -2.59957 1.39175 128 128 128
1.42228 -2.6363 1.40176 128 128 128
1.39066 -2.65517 1.4026 128 128 128
1.36413 -2.68419 1.40886 128 128 128
1.3399 -2.71868 1.41804 128 128 128
1.31191 -2.7464 1.42389 128 128 128
1.26213 -2.72763 1.40636 128 128 128
1.23782 -2.76366 1.41679 128 128 128
1.21569 -2.80618 1.43056 128 128 128
1.18711 -2.83514 1.43766 128 128 128
1.15664 -2.86045 1.44309 128 128 128
1.12343 -2.87952 1.44559 128 128 128
1.09024 -2.89904 1.44851 128 128 128
1.0629 -2.93528 1.45978 128 128 128
1.04229 -2.99275 1.48149 128 128 128
0.998589 -2.98463 1.47147 128 128 128
0.964101 -3.00358 1.47481 128 128 128
0.900311 -2.92742 1.43265 128 128 128
0.770392 -2.6173 1.27905 128 128 128
0.834555 -2.97139 1.4435 128 128 128
0.819535 -3.0622 1.4819 128 128 128
0.798172 -3.13633 1.51237 128 128 128
0.76026 -3.14854 1.51362 128 128 128
0.718144 -3.14257 1.50653 128 128 128
0.683143 -3.16803 1.51446 128 128 128
0.648522 -3.19755 1.52448 128 128 128
0.611931 -3.21956 1.53116 128 128 128
0.571746 -3.22324 1.52949 128 128 128
0.52995 -3.21657 1.52322 128 128 128
0.492336 -3.23541 1.52907 128 128 128
0.45384 -3.25021 1.53324 128 128 128
0.415169 -3.26545 1.53783 128 128 128
0.376397 -3.28204 1.54326 128 128 128
0.335819 -3.2837 1.54201 128 128 128
0.297743 -3.31291 1.55369 128 128 128
0.255615 -3.29729 1.54493 128 128 128
0.215075 -3.29927 1.54451 128 128 128
0.176819 -3.34522 1.56455 128 128 128
0.135683 -3.34533 1.56371 128 128 128
0.095921 -3.39488 1.58583 128 128 128
0.0542533 -3.39581 1.58583 128 128 128
0.0125975 -3.40439 1.58959 128 128 128
-0.0290467 -3.39066 1.58333 128 128 128
-0.0219998 -1.18783 0.571573 128 128 128
-0.0354196 -1.15387 0.556129 128 128 128
-0.0501274 -1.16515 0.561555 128 128 128
-0.0649033 -1.17261 0.565312 128 128 128
-0.0783834 -1.15904 0.559468 128 128 128
-0.0926764 -1.15889 0.559886 128 128 128
-0.108975 -1.17938 0.569903 128 128 128
-0.372513 -3.47538 1.63133 128 128 128
-0.411318 -3.43897 1.61672 128 128 128
-0.454809 -3.44358 1.62131 128 128 128
-0.497164 -3.43863 1.62173 128 128 128
-0.540746 -3.44125 1.6259 128 128 128
-0.581556 -3.42629 1.62215 128 128 128
-0.623558 -3.4189 1.62215 128 128 128
-0.669318 -3.43061 1.63133 128 128 128
-0.70932 -3.41235 1.62674 128 128 128
-0.751339 -3.40428 1.62716 128 128 128
-0.793058 -3.3948 1.62716 128 128 128
-0.837063 -3.39451 1.63175 128 128 128
-0.881409 -3.39454 1.63676 128 128 128
-0.925881 -3.39398 1.64176 128 128 128
-0.967461 -3.38237 1.64176 128 128 128
-1.00916 -3.37111 1.64218 128 128 128
-1.05018 -3.3576 1.64176 128 128 128
-1.0947 -3.35483 1.64677 128 128 128
-1.13285 -3.33254 1.6426 128 128 128
-1.18035 -3.33723 1.65178 128 128 128
-1.21461 -3.30459 1.64302 128 128 128
-1.25799 -3.29707 1.64677 128 128 128
-1.29936 -3.28392 1.64803 128 128 128
-1.34337 -3.27697 1.65262 128 128 128
-1.37956 -3.25104 1.64803 128 128 128
-1.41935 -3.23387 1.64803 128 128 128
-1.47248 -3.24598 1.66305 128 128 128
-1.5122 -3.22767 1.66305 128 128 128
-1.54694 -3.19906 1.65804 128 128 128
-1.58567 -3.17902 1.65762 128 128 128
-1.62498 -3.16013 1.65804 128 128 128
-1.66364 -3.13995 1.65804 128 128 128
-1.70205 -3.1193 1.65804 128 128 128
-1.7509 -3.11718 1.66806 128 128 128
-1.78355 -3.08602 1.66305 128 128 128
-1.82175 -3.06469 1.66347 128 128 128
-1.854 -3.03358 1.65888 128 128 128
-1.89593 -3.01829 1.66305 128 128 128
-1.9274 -2.9864 1.65846 128 128 128
-1.96943 -2.97085 1.66305 128 128 128
-2.00626 -2.94721 1.66347 128 128 128
-2.03706 -2.91492 1.65929 128 128 128
-2.07214 -2.88897 1.65888 128 128 128
-2.10744 -2.86332 1.65888 128 128 128
-2.13639 -2.82927 1.65429 128 128 128
-2.17094 -2.80285 1.65429 128 128 128
-2.20461 -2.77528 1.65387 128 128 128
-2.2454 -2.75647 1.65888 128 128 128
-2.27964 -2.7294 1.65929 128 128 128
-2.30053 -2.68674 1.65053 128 128 128
-2.33093 -2.65558 1.64886 128 128 128
-2.35725 -2.62003 1.64469 128 128 128
-2.39601 -2.59824 1.64928 128 128 128
-2.42772 -2.56864 1.64928 128 128 128
-2.45146 -2.53083 1.64427 128 128 128
-2.48041 -2.49863 1.64302 128 128 128
-2.50894 -2.46609 1.64176 128 128 128
-0.775376 -0.747726 0.520651 128 128 128
-0.783165 -0.736915 0.519816 128 128 128
-2.64571 -2.41552 1.6714 128 128 128
-0.805769 -0.721698 0.522738 128 128 128
-0.785725 -0.686756 0.505207 128 128 128
-2.67315 -2.26604 1.6355 128 128 128
-2.70286 -2.2348 1.63676 128 128 128
-2.72371 -2.19634 1.633 128 128 128
-2.74974 -2.16219 1.63258 128 128 128
-2.76885 -2.12276 1.62841 128 128 128
-2.79032 -2.08536 1.6259 128 128 128
-2.81864 -2.0531 1.62757 128 128 128
-2.83843 -2.01468 1.62465 128 128 128
-2.8577 -1.97609 1.62173 128 128 128
-2.88551 -1.9434 1.62382 128 128 128
-2.89773 -1.90039 1.61756 128 128 128
-2.92007 -1.8642 1.61714 128 128 128
-2.92727 -1.81865 1.60879 128 128 128
-2.94081 -1.77743 1.6042 128 128 128
-2.96318 -1.74167 1.60462 128 128 128
-2.96302 -1.69303 1.59335 128 128 128
-2.97403 -1.65126 1.58834 128 128 128
-2.99407 -1.61464 1.58834 128 128 128
-3.00399 -1.57273 1.58333 128 128 128
-3.01252 -1.53041 1.5779 128 128 128
-3.02374 -1.48972 1.57415 128 128 128
-3.03933 -1.45133 1.57289 128 128 128
-3.0404 -1.40632 1.56455 128 128 128
-3.05494 -1.36779 1.56329 128 128 128
-3.05147 -1.32156 1.55328 128 128 128
-3.06411 -1.28261 1.55161 128 128 128
-3.07624 -1.24355 1.54994 128 128 128
-3.07857 -1.20077 1.54368 128 128 128
-3.08456 -1.15972 1.5395 128 128 128
-3.09856 -1.12178 1.5395 128 128 128
-3.10437 -1.08099 1.53575 128 128 128
-3.11481 -1.04195 1.53449 128 128 128
-3.11957 -1.00116 1.53074 128 128 128
-3.11598 -0.958017 1.52322 128 128 128
-3.13361 -0.921493 1.52615 128 128 128
-3.13855 -0.881258 1.52322 128 128 128
-3.14123 -0.840573 1.51947 128 128 128
-3.12488 -0.795273 1.50695 128 128 128
-3.13264 -0.756442 1.50611 128 128 128
-3.11916 -0.672672 1.4915 128 128 128
-3.09956 -0.628781 1.47856 128 128 128
-3.09276 -0.588 1.47189 128 128 128
-3.10332 -0.550633 1.47356 128 128 128
-3.08922 -0.509139 1.46396 128 128 128
-3.08625 -0.469835 1.45978 128 128 128
-3.06747 -0.428565 1.44851 128 128 128
-3.0698 -0.39055 1.44726 128 128 128
-3.0572 -0.350904 1.43933 128 128 128
-3.07303 -0.314548 1.44476 128 128 128
-3.06851 -0.276092 1.441 128 128 128
-2.90762 0.279212 1.28451 128 128 128
-2.86836 0.311028 1.26909 128 128 128
-2.85704 0.345325 1.26592 128 128 128
-2.84075 0.378787 1.26078 128 128 128
-2.82589 0.412166 1.25643 128 128 128
-2.80429 0.444234 1.24931 128 128 128
-2.78686 0.476607 1.24417 128 128 128
-2.77176 0.509115 1.24021 128 128 128
-2.74097 0.538324 1.22953 128 128 128
-2.71887 0.56873 1.22281 128 128 128
-2.59981 0.644599 1.18009 128 128 128
-2.6461 0.725416 1.20817 128 128 128
-2.58492 0.742893 1.18484 128 128 128
-1.30623 0.393547 0.614063 128 128 128
-2.54312 0.798961 1.17455 128 128 128
-2.51916 0.82554 1.16822 128 128 128
-2.4958 0.851948 1.16229 128 128 128
-2.47217 0.877908 1.15636 128 128 128
-2.45173 0.904687 1.15201 128 128 128
-2.43787 0.933721 1.15082 128 128 128
-2.40915 0.956796 1.14291 128 128 128
-2.37684 0.977912 1.13341 128 128 128
-2.36297 1.00629 1.13262 128 128 128
-2.32858 1.0256 1.12234 128 128 128
-2.2899 1.04231 1.11008 128 128 128
-2.27112 1.0676 1.10731 128 128 128
-2.23718 1.08538 1.09742 128 128 128
-2.21137 1.1066 1.09149 128 128 128
-2.18211 1.12566 1.08397 128 128 128
-2.16327 1.14977 1.0816 128 128 128
-2.14416 1.17358 1.07922 128 128 128
-2.11439 1.19125 1.07171 128 128 128
-2.09802 1.21619 1.07092 128 128 128
-2.08136 1.2409 1.07013 128 128 128
-1.51373 0.92829 0.791268 128 128 128
-1.47501 0.929677 0.777424 128 128 128
-1.48509 0.961669 0.788499 128 128 128
-1.48159 0.985409 0.79285 128 128 128
-1.93078 1.31808 1.03334 128 128 128
-1.91145 1.33957 1.03176 128 128 128
-1.88218 1.35382 1.02504 128 128 128
-1.84103 1.35883 1.01198 128 128 128
-1.82202 1.37966 1.0108 128 128 128
-1.77012 1.37489 0.991809 128 128 128
-1.7488 1.39308 0.989436 128 128 128
-1.7273 1.41095 0.987063 128 128 128
-1.71197 1.43381 0.988249 128 128 128
-1.6817 1.44395 0.98113 128 128 128
-1.66316 1.46387 0.980734 128 128 128
-1.63347 1.47372 0.97401 128 128 128
-1.61324 1.49178 0.972823 128 128 128
-1.58681 1.50389 0.968077 128 128 128
-1.09425 1.06345 0.683679 128 128 128
-1.072 1.06773 0.678142 128 128 128
-1.07683 1.09916 0.689217 128 128 128
-1.4641 1.53085 0.938806 128 128 128
-1.44144 1.54468 0.936433 128 128 128
-1.41866 1.55818 0.93406 128 128 128
-1.39638 1.57204 0.932082 128 128 128
-1.36013 1.56963 0.921007 128 128 128
-1.32415 1.56658 0.909931 128 128 128
-1.30132 1.57846 0.907558 128 128 128
-1.25132 1.55639 0.886594 128 128 128
-1.23553 1.57597 0.888968 128 128 128
-1.20829 1.5808 0.88343 128 128 128
-1.18605 1.59183 0.881452 128 128 128
-1.16535 1.60478 0.880661 128 128 128
-1.14822 1.6227 0.882639 128 128 128
-1.12718 1.63516 0.881848 128 128 128
-1.10344 1.64353 0.879079 128 128 128
-1.07162 1.63928 0.869981 128 128 128
-1.045 1.64224 0.864839 128 128 128
-1.02719 1.65884 0.866817 128 128 128
-0.995369 1.65244 0.857324 128 128 128
-0.978734 1.67087 0.860488 128 128 128
-0.954971 1.67717 0.857719 128 128 128
-0.923187 1.66868 0.847831 128 128 128
-0.899593 1.67422 0.845062 128 128 128
-0.873876 1.67537 0.840315 128 128 128
-0.848682 1.67696 0.835964 128 128 128
-0.82966 1.69054 0.837547 128 128 128
-0.791467 1.66411 0.820143 128 128 128
-0.771371 1.67454 0.820538 128 128 128
-0.747392 1.67633 0.816978 128 128 128
-0.725672 1.68284 0.815792 128 128 128
-0.69541 1.66874 0.805112 128 128 128
-0.672474 1.67119 0.802343 128 128 128
-0.651916 1.67931 0.802343 128 128 128
-0.629001 1.68117 0.799574 128 128 128
-0.605828 1.68185 0.79641 128 128 128
-0.581829 1.67961 0.792059 128 128 128
-0.558849 1.67966 0.788894 128 128 128
-0.535955 1.67939 0.78573 128 128 128
-0.512345 1.67618 0.781379 128 128 128
-0.490445 1.67793 0.779401 128 128 128
-0.466599 1.67233 0.774259 128 128 128
-0.445806 1.67704 0.773864 128 128 128
-0.423837 1.67704 0.771491 128 128 128
-0.400863 1.6723 0.767139 128 128 128
-0.379292 1.67261 0.765162 128 128 128
-0.356809 1.66816 0.761206 128 128 128
-0.335948 1.67061 0.760415 128 128 128
-0.315251 1.67371 0.76002 128 128 128
-0.28894 1.64489 0.74578 128 128 128
-0.26903 1.65012 0.746571 128 128 128
-0.250134 1.66238 0.750527 128 128 128
-0.225801 1.63713 0.738265 128 128 128
-0.204658 1.63157 0.734705 128 128 128
-0.187323 1.65769 0.744989 128 128 128
-0.166132 1.65164 0.741429 128 128 128
-0.143488 1.62702 0.729958 128 128 128
-0.122388 1.61401 0.723629 128 128 128
-0.103103 1.62364 0.727189 128 128 128
-0.0818816 1.60002 0.71651 128 128 128
-0.063007 1.62017 0.724816 128 128 128
-0.0422879 1.59053 0.711763 128 128 128
-0.0227665 1.59092 0.711763 128 128 128
-0.00322026 1.58374 0.708599 128 128 128
0.0161033 1.57172 0.703457 128 128 128
0.0354887 1.57599 0.705434 128 128 128
0.0546703 1.57085 0.703457 128 128 128
0.0736038 1.56272 0.700292 128 128 128
0.0926144 1.55895 0.699106 128 128 128
0.111479 1.55403 0.697523 128 128 128
0.130312 1.5498 0.696337 128 128 128
0.149059 1.54534 0.69515 128 128 128
0.167715 1.54066 0.693964 128 128 128
0.18595 1.53301 0.69159 128 128 128
0.20487 1.53152 0.691986 128 128 128
0.223781 1.5298 0.692381 128 128 128
0.24225 1.52513 0.69159 128 128 128
0.260485 1.51932 0.690404 128 128 128
0.277951 1.50969 0.687635 128 128 128
0.295927 1.50346 0.686448 128 128 128
0.313979 1.49792 0.685657 128 128 128
0.33194 1.49216 0.684866 128 128 128
0.350016 1.48708 0.68447 128 128 128
0.367577 1.48 0.683284 128 128 128
0.385017 1.47271 0.682097 128 128 128
0.403303 1.46876 0.682493 128 128 128
0.418764 1.45487 0.678537 128 128 128
0.43553 1.4461 0.676955 128 128 128
0.453518 1.44153 0.677351 128 128 128
0.471459 1.43672 0.677746 128 128 128
0.488758 1.42996 0.677351 128 128 128
0.506883 1.42559 0.678142 128 128 128
0.521799 1.41237 0.674977 128 128 128
0.537123 1.40071 0.672604 128 128 128
0.553933 1.39316 0.672209 128 128 128
0.570987 1.38626 0.672209 128 128 128
0.589753 1.38337 0.674186 128 128 128
0.607794 1.37855 0.675373 128 128 128
0.618585 1.35761 0.669044 128 128 128
0.635198 1.34992 0.669044 128 128 128
0.651716 1.34202 0.669044 128 128 128
0.669777 1.33721 0.670626 128 128 128
0.686557 1.3297 0.671022 128 128 128
0.703254 1.32199 0.671417 128 128 128
0.71678 1.30843 0.669044 128 128 128
0.737737 1.30834 0.673395 128 128 128
0.754657 1.30077 0.674186 128 128 128
0.768683 1.28826 0.672604 128 128 128
0.784434 1.27873 0.672604 128 128 128
0.802513 1.27289 0.674582 128 128 128
0.815579 1.25909 0.672604 128 128 128
0.835541 1.25588 0.676164 128 128 128
0.849855 1.24401 0.675373 128 128 128
0.863477 1.23123 0.674186 128 128 128
0.877449 1.21905 0.673395 128 128 128
0.890708 1.20597 0.672209 128 128 128
0.90544 1.19495 0.672209 128 128 128
0.91891 1.1823 0.671417 128 128 128
0.940211 1.17956 0.676164 128 128 128
0.952874 1.1658 0.674977 128 128 128
0.963572 1.14979 0.672604 128 128 128
0.984186 1.14555 0.676955 128 128 128
0.998169 1.13338 0.676955 128 128 128
1.01077 1.11968 0.676164 128 128 128
1.02506 1.10787 0.67656 128 128 128
1.03858 1.09521 0.67656 128 128 128
1.07032 1.0746 0.679724 128 128 128
1.28428 0.839183 0.687239 128 128 128
1.31617 0.837182 0.698315 128 128 128
1.32634 0.820967 0.698315 128 128 128
1.3371 0.805104 0.69871 128 128 128
1.34926 0.790029 0.699897 128 128 128
1.36683 0.777963 0.703852 128 128 128
1.37949 0.762912 0.705434 128 128 128
1.39036 0.746796 0.706225 128 128 128
1.40105 0.730529 0.707017 128 128 128
1.41482 0.715773 0.70939 128 128 128
1.45152 0.712136 0.722838 128 128 128
1.44937 0.689133 0.717696 128 128 128
1.46689 0.675529 0.722047 128 128 128
1.47256 0.656354 0.720861 128 128 128
1.45858 0.628761 0.710576 128 128 128
1.48314 0.617894 0.718487 128 128 128
1.50679 0.606174 0.726003 128 128 128
1.52353 0.591301 0.730354 128 128 128
1.53927 0.575786 0.734309 128 128 128
1.54881 0.557789 0.735496 128 128 128
1.56769 0.542959 0.741033 128 128 128
1.58556 0.527459 0.746176 128 128 128
1.59541 0.509081 0.747758 128 128 128
1.60769 0.491349 0.750527 128 128 128
1.61536 0.4721 0.751318 128 128 128
1.62987 0.454717 0.755273 128 128 128
1.65841 0.440835 0.765557 128 128 128
1.65301 0.417742 0.760811 128 128 128
1.66962 0.400218 0.765953 128 128 128
1.68246 0.381534 0.769513 128 128 128
1.6933 0.362209 0.772282 128 128 128
1.70662 0.34322 0.776237 128 128 128
1.71341 0.322764 0.777424 128 128 128
1.72358 0.302831 0.780192 128 128 128
1.73532 0.282994 0.783752 128 128 128
1.74411 0.262502 0.786126 128 128 128
1.75448 0.24209 0.78929 128 128 128
1.76096 0.221001 0.790872 128 128 128
1.77176 0.20031 0.794432 128 128 128
1.78413 0.179573 0.798783 128 128 128
1.79535 0.15848 0.802739 128 128 128
1.8109 0.13749 0.808672 128 128 128
1.82161 0.115847 0.812627 128 128 128
1.83023 0.0938663 0.815792 128 128 128
1.84134 0.0718008 0.820143 128 128 128
1.8632 0.0497794 0.82924 128 128 128
1.8701 0.027009 0.832009 128 128 128
1.87213 0.00406335 0.8328 128 128 128
1.88949 -0.019074 0.840315 128 128 128
1.89278 -0.0423389 0.841898 128 128 128
1.90956 -0.0661544 0.849413 128 128 128
1.91044 -0.0896674 0.850204 128 128 128
1.93212 -0.114446 0.860093 128 128 128
1.94156 -0.138926 0.864839 128 128 128
1.95253 -0.163807 0.870377 128 128 128
1.94397 -0.187144 0.867608 128 128 128
1.94153 -0.210985 0.867608 128 128 128
1.96797 -0.238307 0.880265 128 128 128
1.9567 -0.261351 0.876706 128 128 128
1.97062 -0.287853 0.884221 128 128 128
1.97782 -0.313733 0.888968 128 128 128
1.97926 -0.338906 0.891341 128 128 128
1.98308 -0.364658 0.894901 128 128 128
1.99648 -0.392497 0.902812 128 128 128
2.0068 -0.420157 0.909536 128 128 128
2.00867 -0.446341 0.9127 128 128 128
1.9941 -0.46886 0.908745 128 128 128
2.02385 -0.502118 0.924567 128 128 128
2.03087 -0.530388 0.9305 128 128 128
2.0499 -0.562299 0.941971 128 128 128
2.04991 -0.589438 0.945135 128 128 128
2.03548 -0.612437 0.941971 128 128 128
2.0471 -0.643415 0.950673 128 128 128
2.04516 -0.670487 0.953441 128 128 128
2.03417 -0.694645 0.952255 128 128 128
2.04626 -0.72692 0.961748 128 128 128
2.05184 -0.757373 0.968472 128 128 128
2.05698 -0.788072 0.975196 128 128 128
2.05996 -0.818333 0.98113 128 128 128
2.06505 -0.849832 0.988249 128 128 128
2.07137 -0.882297 0.99616 128 128 128
2.06123 -0.90802 0.996556 128 128 128
2.0516 -0.934006 0.997347 128 128 128
2.05828 -0.967697 1.00605 128 128 128
2.06857 -1.00369 1.01673 128 128 128
2.06184 -1.03188 1.0195 128 128 128
1.96166 -1.0121 0.977174 128 128 128
1.70166 -0.904766 0.856533 128 128 128
1.64369 -0.900031 0.833591 128 128 128
1.75623 -1.01832 0.900834 128 128 128
1.90313 -1.84811 1.16901 128 128 128
1.88161 -1.87262 1.1698 128 128 128
1.85848 -1.89557 1.1698 128 128 128
1.84461 -1.92819 1.17574 128 128 128
1.82708 -1.95739 1.17969 128 128 128
1.81097 -1.98849 1.18484 128 128 128
1.78948 -2.01399 1.18681 128 128 128
1.77547 -2.04828 1.19393 128 128 128
1.77809 -2.10287 1.21252 128 128 128
1.77027 -2.14648 1.22479 128 128 128
1.7582 -2.18593 1.23467 128 128 128
1.73748 -2.21529 1.23903 128 128 128
1.71184 -2.23863 1.24021 128 128 128
1.68863 -2.26536 1.24338 128 128 128
1.67745 -2.30894 1.25564 128 128 128
1.65059 -2.3316 1.25682 128 128 128
1.62863 -2.3615 1.26197 128 128 128
1.61286 -2.40113 1.27225 128 128 128
1.58327 -2.42074 1.27225 128 128 128
1.55789 -2.44695 1.27581 128 128 128
1.54468 -2.49321 1.28966 128 128 128
1.51492 -2.51355 1.29045 128 128 128
1.48489 -2.53353 1.29124 128 128 128
1.45869 -2.56034 1.29559 128 128 128
1.43518 -2.59251 1.30271 128 128 128
1.41762 -2.63661 1.31576 128 128 128
1.38984 -2.66276 1.32011 128 128 128
1.36412 -2.69354 1.32684 128 128 128
1.3415 -2.73151 1.33712 128 128 128
1.30985 -2.75191 1.3391 128 128 128
1.27406 -2.76361 1.33712 128 128 128
1.24792 -2.79665 1.34543 128 128 128
1.21496 -2.81512 1.34701 128 128 128
1.18563 -2.84253 1.35294 128 128 128
1.14792 -2.85005 1.34978 128 128 128
1.11519 -2.86992 1.35255 128 128 128
1.08537 -2.898 1.35927 128 128 128
1.05409 -2.9232 1.36481 128 128 128
1.01934 -2.93938 1.36639 128 128 128
0.986392 -2.96126 1.37074 128 128 128
0.960056 -3.00463 1.38498 128 128 128
0.910461 -2.97491 1.36639 128 128 128
0.75813 -2.59102 1.18919 128 128 128
0.719594 -2.57624 1.17851 128 128 128
0.80863 -3.03747 1.38024 128 128 128
0.781002 -3.08544 1.39724 128 128 128
0.75017 -3.12426 1.4103 128 128 128
0.716666 -3.15473 1.41979 128 128 128
0.679441 -3.17047 1.42295 128 128 128
0.648847 -3.21998 1.44115 128 128 128
0.609967 -3.23131 1.44273 128 128 128
0.570108 -3.23765 1.44234 128 128 128
0.53078 -3.24712 1.44352 128 128 128
0.493367 -3.26973 1.45064 128 128 128
0.453079 -3.27463 1.45025 128 128 128
0.413205 -3.28268 1.45143 128 128 128
0.37341 -3.29206 1.45341 128 128 128
0.331685 -3.28361 1.44787 128 128 128
0.292914 -3.30481 1.45539 128 128 128
0.252898 -3.31548 1.45855 128 128 128
0.21237 -3.32109 1.45974 128 128 128
0.172077 -3.33261 1.4637 128 128 128
0.133211 -3.38587 1.48585 128 128 128
0.0916763 -3.38817 1.48624 128 128 128
0.0497984 -3.36975 1.47793 128 128 128
0.00848287 -3.38388 1.48387 128 128 128
-0.0330432 -3.38373 1.48387 128 128 128
-0.0275465 -1.2087 0.547216 128 128 128
-0.0422214 -1.20368 0.545238 128 128 128
-0.0566926 -1.19665 0.54247 128 128 128
-0.0704076 -1.17936 0.53535 128 128 128
-0.0848748 -1.17841 0.53535 128 128 128
-0.0993293 -1.17728 0.53535 128 128 128
-0.11307 -1.16866 0.532185 128 128 128
-0.117941 -1.07952 0.494213 128 128 128
-0.418976 -3.4689 1.53133 128 128 128
-0.461392 -3.46258 1.53094 128 128 128
-0.499753 -3.42849 1.51868 128 128 128
-0.548235 -3.46292 1.53648 128 128 128
-0.590843 -3.45684 1.53687 128 128 128
-0.63504 -3.45926 1.54122 128 128 128
-0.677619 -3.45211 1.54162 128 128 128
-0.717867 -3.43365 1.53727 128 128 128
-0.759552 -3.42278 1.53648 128 128 128
-0.801707 -3.4141 1.53687 128 128 128
-0.84619 -3.4147 1.54162 128 128 128
-0.890576 -3.41384 1.54597 128 128 128
-0.930463 -3.39557 1.5428 128 128 128
-0.977126 -3.40155 1.55072 128 128 128
-1.01879 -3.3893 1.55072 128 128 128
-1.06086 -3.3783 1.55151 128 128 128
-1.10252 -3.3659 1.5519 128 128 128
-1.14345 -3.35125 1.55151 128 128 128
-1.18756 -3.34562 1.55546 128 128 128
-1.22916 -3.33252 1.55625 128 128 128
-1.27029 -3.31804 1.55665 128 128 128
-1.31091 -3.3022 1.55665 128 128 128
-1.35552 -3.29606 1.56139 128 128 128
-1.39551 -3.27833 1.561 128 128 128
-1.43194 -3.25255 1.55704 128 128 128
-1.47592 -3.24393 1.56139 128 128 128
-1.5203 -3.23556 1.56614 128 128 128
-1.5643 -3.22575 1.57049 128 128 128
-1.59514 -3.18905 1.56219 128 128 128
-1.64341 -3.1872 1.57089 128 128 128
-1.68886 -3.17896 1.57682 128 128 128
-1.72642 -3.15558 1.57563 128 128 128
-1.76006 -3.12535 1.57128 128 128 128
-1.79782 -3.10272 1.57089 128 128 128
-1.82589 -3.06386 1.56258 128 128 128
-1.87342 -3.05767 1.57089 128 128 128
-1.91716 -3.04456 1.57603 128 128 128
-1.94341 -3.00383 1.56733 128 128 128
-1.98521 -2.98741 1.57128 128 128 128
-2.01654 -2.95523 1.56733 128 128 128
-2.05213 -2.92951 1.56693 128 128 128
-2.08203 -2.8959 1.56258 128 128 128
-2.12559 -2.88122 1.56851 128 128 128
-2.16632 -2.86225 1.57247 128 128 128
-2.19565 -2.82819 1.56851 128 128 128
-2.23019 -2.80104 1.56851 128 128 128
-2.26382 -2.77274 1.56812 128 128 128
-2.29178 -2.73771 1.56416 128 128 128
-2.3258 -2.71008 1.56456 128 128 128
-2.3504 -2.67168 1.55902 128 128 128
-2.38669 -2.64672 1.56139 128 128 128
-2.4327 -2.63208 1.5701 128 128 128
-2.44714 -2.58335 1.55902 128 128 128
-2.47482 -2.54917 1.55665 128 128 128
-2.50397 -2.51666 1.55546 128 128 128
-2.53074 -2.48188 1.55309 128 128 128
-0.777313 -0.742456 0.489467 128 128 128
-0.788378 -0.734742 0.490653 128 128 128
-2.61426 -2.38148 1.54953 128 128 128
-0.813035 -0.721277 0.494609 128 128 128
-2.69689 -2.33828 1.56377 128 128 128
-2.69945 -2.28305 1.54913 128 128 128
-2.71593 -2.2404 1.5428 128 128 128
-2.74393 -2.20747 1.5432 128 128 128
-2.76503 -2.1691 1.54004 128 128 128
-2.79582 -2.13835 1.54241 128 128 128
-2.82038 -2.10278 1.54162 128 128 128
-2.84671 -2.06856 1.54201 128 128 128
-2.87113 -2.03294 1.54162 128 128 128
-2.88906 -1.99285 1.53806 128 128 128
-2.91254 -1.95674 1.53766 128 128 128
-2.92634 -1.91431 1.53252 128 128 128
-2.93257 -1.86739 1.52382 128 128 128
-2.95293 -1.82981 1.52263 128 128 128
-2.96965 -1.79012 1.51986 128 128 128
-2.99061 -1.75308 1.51947 128 128 128
-2.98956 -1.7035 1.50839 128 128 128
-3.01345 -1.66847 1.50997 128 128 128
-3.02076 -1.6244 1.50365 128 128 128
-3.04453 -1.58933 1.50562 128 128 128
-3.04742 -1.54355 1.49771 128 128 128
-3.05872 -1.50239 1.49415 128 128 128
-3.05951 -1.45644 1.48585 128 128 128
-3.06965 -1.41532 1.48229 128 128 128
-3.09182 -1.37979 1.48466 128 128 128
-3.09756 -1.33701 1.47952 128 128 128
-3.08407 -1.28651 1.46567 128 128 128
-3.10218 -1.2496 1.46686 128 128 128
-3.1053 -1.20677 1.46132 128 128 128
-3.11471 -1.16664 1.45895 128 128 128
-3.18328 -0.931764 1.45499 128 128 128
-3.16618 -0.884708 1.44234 128 128 128
-3.15017 -0.838687 1.43047 128 128 128
-3.15399 -0.798386 1.4277 128 128 128
-3.15641 -0.757903 1.42454 128 128 128
-3.14667 -0.714831 1.41623 128 128 128
-3.14981 -0.675006 1.41386 128 128 128
-3.14346 -0.633393 1.40753 128 128 128
-3.12482 -0.589818 1.39606 128 128 128
-3.12097 -0.549512 1.39131 128 128 128
-3.12567 -0.510874 1.39052 128 128 128
-3.11808 -0.470418 1.38459 128 128 128
-3.08814 -0.427194 1.36916 128 128 128
-2.89046 0.373442 1.1926 128 128 128
-2.86176 0.405463 1.18295 128 128 128
-2.83822 0.437694 1.17553 128 128 128
-2.81066 0.468791 1.16662 128 128 128
-2.7919 0.500933 1.16142 128 128 128
-2.7664 0.531449 1.15363 128 128 128
-2.75057 0.56348 1.14991 128 128 128
-2.72168 0.592419 1.141 128 128 128
-2.70245 0.623044 1.13618 128 128 128
-2.67566 0.651518 1.12838 128 128 128
-2.6342 0.675716 1.11465 128 128 128
-2.62212 0.707018 1.11316 128 128 128
-2.60164 0.735839 1.10834 128 128 128
-2.58708 0.76612 1.10611 128 128 128
-1.29013 0.397153 0.56712 128 128 128
-2.541 0.820775 1.09497 128 128 128
-2.60814 0.878085 1.12764 128 128 128
-2.53784 0.924277 1.10722 128 128 128
-2.47857 0.937212 1.08681 128 128 128
-2.4496 0.960749 1.07938 128 128 128
-2.41012 0.979506 1.06751 128 128 128
-2.36713 0.995994 1.05414 128 128 128
-2.34452 1.0205 1.04969 128 128 128
-2.31151 1.04002 1.04078 128 128 128
-2.28595 1.06242 1.03521 128 128 128
-2.25852 1.08354 1.0289 128 128 128
-2.23591 1.10662 1.02482 128 128 128
-2.20894 1.1272 1.01888 128 128 128
-2.1818 1.14729 1.01294 128 128 128
-2.17001 1.17531 1.01405 128 128 128
-2.1457 1.19641 1.0096 128 128 128
-2.11396 1.21291 1.0018 128 128 128
-2.09652 1.23734 1.00069 128 128 128
-1.75288 1.06298 0.847009 128 128 128
-1.48708 0.926224 0.727852 128 128 128
-1.46857 0.939882 0.724511 128 128 128
-1.50418 0.989061 0.747155 128 128 128
-1.90683 1.28901 0.947606 128 128 128
-1.91905 1.33195 0.961341 128 128 128
-1.89954 1.35324 0.959856 128 128 128
-1.86932 1.36656 0.953174 128 128 128
-1.83015 1.37265 0.942038 128 128 128
-1.80288 1.38706 0.936841 128 128 128
-1.77699 1.40216 0.932387 128 128 128
-1.75677 1.42152 0.930902 128 128 128
-1.73063 1.43584 0.926447 128 128 128
-1.715 1.45877 0.927561 128 128 128
-1.6795 1.46442 0.918281 128 128 128
-1.64965 1.47438 0.91197 128 128 128
-1.61981 1.48383 0.90566 128 128 128
-1.60216 1.50423 0.906031 128 128 128
-1.10004 1.05673 0.637278 128 128 128
-1.09359 1.07668 0.64099 128 128 128
-1.09724 1.10721 0.650641 128 128 128
-1.47557 1.52816 0.876706 128 128 128
-1.4548 1.54412 0.875592 128 128 128
-1.42195 1.54679 0.867426 128 128 128
-1.39915 1.55997 0.865198 128 128 128
-1.36709 1.56232 0.857403 128 128 128
-1.3448 1.57545 0.855547 128 128 128
-1.31589 1.58039 0.849608 128 128 128
-1.29055 1.5892 0.845896 128 128 128
-1.26291 1.59471 0.840699 128 128 128
-1.24607 1.61377 0.842555 128 128 128
-1.21392 1.61259 0.834388 128 128 128
-1.19404 1.62737 0.834388 128 128 128
-1.16644 1.63131 0.829191 128 128 128
-1.14263 1.64016 0.826593 128 128 128
-1.11722 1.64636 0.822881 128 128 128
-1.08979 1.64909 0.817684 128 128 128
-1.06296 1.65217 0.812858 128 128 128
-1.04064 1.66194 0.811374 128 128 128
-1.01006 1.65791 0.803578 128 128 128
-0.990108 1.67098 0.803949 128 128 128
-0.958907 1.66448 0.795412 128 128 128
-0.926209 1.65422 0.785389 128 128 128
-0.909817 1.67281 0.78873 128 128 128
-0.879289 1.66494 0.780192 128 128 128
-0.852887 1.66402 0.774995 128 128 128
-0.830757 1.67103 0.773511 128 128 128
-0.808182 1.67692 0.771655 128 128 128
-0.780115 1.6707 0.764602 128 128 128
-0.749278 1.65728 0.754579 128 128 128
-0.731475 1.67232 0.757178 128 128 128
-0.702625 1.66148 0.74864 128 128 128
-0.680438 1.66567 0.746784 128 128 128
-0.658931 1.6713 0.74567 128 128 128
-0.637388 1.67666 0.744557 128 128 128
-0.611371 1.66952 0.738246 128 128 128
-0.590531 1.67602 0.737875 128 128 128
-0.566962 1.67433 0.734163 128 128 128
-0.547512 1.6847 0.735648 128 128 128
-0.523509 1.68065 0.731193 128 128 128
-0.502582 1.68605 0.730822 128 128 128
-0.479584 1.68405 0.727481 128 128 128
-0.457194 1.68353 0.724883 128 128 128
-0.436039 1.68722 0.72414 128 128 128
-0.410481 1.67259 0.715974 128 128 128
-0.391589 1.68474 0.718943 128 128 128
-0.368522 1.67853 0.714489 128 128 128
-0.346038 1.67383 0.710777 128 128 128
-0.32198 1.65971 0.703353 128 128 128
-0.300608 1.65805 0.701125 128 128 128
-0.280239 1.66162 0.701125 128 128 128
-0.258136 1.65392 0.696671 128 128 128
-0.237432 1.6542 0.695557 128 128 128
-0.216759 1.65423 0.694444 128 128 128
-0.194089 1.63647 0.686277 128 128 128
-0.173705 1.63596 0.685164 128 128 128
-0.153026 1.63149 0.682565 128 128 128
-0.132117 1.62214 0.678111 128 128 128
-0.111831 1.61808 0.675883 128 128 128
-0.0916647 1.61377 0.673656 128 128 128
-0.0713878 1.60364 0.669202 128 128 128
-0.0513733 1.59326 0.664747 128 128 128
-0.0317856 1.59191 0.664005 128 128 128
-0.0122386 1.59032 0.663262 128 128 128
0.00727138 1.58943 0.662891 128 128 128
0.026649 1.58272 0.660293 128 128 128
0.0462167 1.58691 0.662149 128 128 128
0.0656053 1.58437 0.661406 128 128 128
0.0836326 1.55841 0.651384 128 128 128
0.102496 1.55357 0.649899 128 128 128
0.122153 1.55959 0.652869 128 128 128
0.140074 1.54503 0.647672 128 128 128
0.160586 1.55797 0.653611 128 128 128
0.179692 1.55589 0.653611 128 128 128
0.196847 1.53883 0.647672 128 128 128
0.215979 1.53814 0.648414 128 128 128
0.234124 1.53079 0.646558 128 128 128
0.252583 1.52597 0.645816 128 128 128
0.271125 1.52184 0.645445 128 128 128
0.288897 1.51384 0.643589 128 128 128
0.306514 1.50563 0.641733 128 128 128
0.32457 1.49994 0.64099 128 128 128
0.341902 1.49132 0.639134 128 128 128
0.360398 1.48792 0.639505 128 128 128
0.379094 1.48518 0.640248 128 128 128
0.396076 1.47594 0.638392 128 128 128
0.414412 1.47186 0.638763 128 128 128
0.432443 1.46666 0.638763 128 128 128
0.449856 1.45947 0.63802 128 128 128
0.463431 1.44059 0.632452 128 128 128
0.482264 1.43832 0.633937 128 128 128
0.498645 1.42879 0.632452 128 128 128
0.515503 1.42082 0.63171 128 128 128
0.529602 1.4057 0.627998 128 128 128
0.550556 1.4086 0.632081 128 128 128
0.567099 1.40002 0.631339 128 128 128
0.584236 1.39296 0.631339 128 128 128
0.60203 1.38738 0.632081 128 128 128
0.614804 1.37058 0.627998 128 128 128
0.631577 1.36293 0.627998 128 128 128
0.645433 1.34923 0.625399 128 128 128
0.664008 1.34536 0.627255 128 128 128
0.678774 1.33381 0.625771 128 128 128
0.69379 1.32291 0.624657 128 128 128
0.708641 1.31185 0.623543 128 128 128
0.723779 1.30144 0.622801 128 128 128
0.740622 1.29407 0.623543 128 128 128
0.757866 1.28728 0.624657 128 128 128
0.772157 1.2755 0.623543 128 128 128
0.787258 1.26514 0.623172 128 128 128
0.804734 1.25851 0.624657 128 128 128
0.821653 1.25086 0.625771 128 128 128
0.83642 1.23992 0.625399 128 128 128
0.848918 1.22575 0.623543 128 128 128
0.862816 1.21373 0.622801 128 128 128
0.877096 1.2023 0.62243 128 128 128
0.898486 1.20035 0.626884 128 128 128
0.911446 1.18703 0.625771 128 128 128
0.924214 1.17357 0.624657 128 128 128
0.943815 1.16863 0.627998 128 128 128
0.959868 1.1591 0.629112 128 128 128
0.977637 1.15147 0.631339 128 128 128
0.994751 1.14288 0.633195 128 128 128
0.99816 1.11884 0.626884 128 128 128
1.02376 1.11949 0.633937 128 128 128
1.03678 1.10617 0.633566 128 128 128
1.04383 1.08668 0.629854 128 128 128
1.05643 1.07313 0.629483 128 128 128
1.07018 1.06074 0.629854 128 128 128
1.08512 1.04946 0.630968 128 128 128
1.10131 1.03924 0.632824 128 128 128
1.11945 1.03066 0.635793 128 128 128
1.12994 1.01499 0.63468 128 128 128
1.14231 1.00105 0.63468 128 128 128
1.163 0.994172 0.639134 128 128 128
1.17082 0.976269 0.636907 128 128 128
1.18271 0.961828 0.636907 128 128 128
1.19807 0.950117 0.638763 128 128 128
1.2148 0.939305 0.641361 128 128 128
1.22623 0.924327 0.641361 128 128 128
1.24048 0.9114 0.642846 128 128 128
1.25309 0.897186 0.643589 128 128 128
1.26171 0.880154 0.642475 128 128 128
1.27165 0.864084 0.642104 128 128 128
1.29457 0.856579 0.648043 128 128 128
1.30264 0.839126 0.646929 128 128 128
1.30811 0.820131 0.644702 128 128 128
1.31807 0.804017 0.644702 128 128 128
1.32304 0.784952 0.642475 128 128 128
1.36963 0.789898 0.65955 128 128 128
1.38084 0.773935 0.660293 128 128 128
1.3739 0.748094 0.652869 128 128 128
1.39942 0.739814 0.660293 128 128 128
1.40839 0.722586 0.660293 128 128 128
1.41133 0.702367 0.657694 128 128 128
1.42319 0.6866 0.659179 128 128 128
1.43656 0.67143 0.661406 128 128 128
1.44978 0.656034 0.663634 128 128 128
1.46027 0.639304 0.664747 128 128 128
1.47571 0.624573 0.668088 128 128 128
1.48843 0.608512 0.670315 128 128 128
1.49665 0.590539 0.670687 128 128 128
1.50813 0.573768 0.672543 128 128 128
1.52989 0.560611 0.678853 128 128 128
1.4937 0.526776 0.660664 128 128 128
1.51062 0.511955 0.665119 128 128 128
1.56893 0.510189 0.68702 128 128 128
1.59015 0.495556 0.69333 128 128 128
1.59701 0.476268 0.693701 128 128 128
1.61524 0.460165 0.698898 128 128 128
1.62884 0.44248 0.702239 128 128 128
1.65303 0.427292 0.710034 128 128 128
1.66357 0.408289 0.712262 128 128 128
1.67479 0.3893 0.71486 128 128 128
1.68307 0.369507 0.716345 128 128 128
1.68566 0.348453 0.715602 128 128 128
1.70622 0.330884 0.722284 128 128 128
1.72112 0.311882 0.726739 128 128 128
1.73856 0.29302 0.732307 128 128 128
1.74294 0.271804 0.732678 128 128 128
1.75258 0.251302 0.735276 128 128 128
1.76198 0.230605 0.737875 128 128 128
1.76837 0.209393 0.73936 128 128 128
1.76711 0.187294 0.737875 128 128 128
1.78777 0.167282 0.745299 128 128 128
1.79617 0.145842 0.747897 128 128 128
1.80338 0.124159 0.750125 128 128 128
1.8057 0.10207 0.750496 128 128 128
1.82537 0.080681 0.75792 128 128 128
1.84014 0.0586873 0.763488 128 128 128
1.85187 0.0362947 0.767942 128 128 128
1.85496 0.0135809 0.769056 128 128 128
1.87077 -0.00929694 0.775367 128 128 128
1.87608 -0.0323619 0.777594 128 128 128
1.89875 -0.0561187 0.786874 128 128 128
1.90905 -0.0799053 0.791328 128 128 128
1.92832 -0.104475 0.799495 128 128 128
1.93523 -0.128704 0.802836 128 128 128
1.93628 -0.152667 0.803949 128 128 128
1.93796 -0.176762 0.805434 128 128 128
1.94211 -0.201214 0.808033 128 128 128
1.9524 -0.226557 0.81323 128 128 128
1.95776 -0.251582 0.81657 128 128 128
1.96832 -0.277562 0.822139 128 128 128
1.97302 -0.302981 0.825479 128 128 128
1.97465 -0.328094 0.827707 128 128 128
1.97687 -0.353459 0.830305 128 128 128
1.9815 -0.379457 0.834017 128 128 128
1.98306 -0.405058 0.836616 128 128 128
1.98882 -0.431749 0.84107 128 128 128
1.99061 -0.457802 0.84404 128 128 128
1.99206 -0.483964 0.847009 128 128 128
2.00575 -0.513479 0.855176 128 128 128
2.02349 -0.544618 0.865198 128 128 128
2.01398 -0.568646 0.864085 128 128 128
2.02464 -0.598619 0.871509 128 128 128
2.03754 -0.629766 0.880047 128 128 128
2.03495 -0.656443 0.882274 128 128 128
2.03642 -0.684639 0.886357 128 128 128
2.05327 -0.71852 0.897122 128 128 128
2.06086 -0.749726 0.904175 128 128 128
2.06279 -0.779247 0.909001 128 128 128
2.05998 -0.807225 0.91197 128 128 128
2.03101 -0.824722 0.903804 128 128 128
2.03014 -0.85356 0.907887 128 128 128
2.04504 -0.889568 0.919023 128 128 128
2.04751 -0.920715 0.924963 128 128 128
2.04699 -0.950877 0.929788 128 128 128
2.03768 -0.977134 0.930902 128 128 128
2.04882 -1.01364 0.941296 128 128 128
2.02796 -1.03447 0.937584 128 128 128
1.97652 -1.0389 0.920137 128 128 128
1.59981 -0.865232 0.754579 128 128 128
1.60608 -0.894324 0.762374 128 128 128
1.58372 -0.907477 0.757178 128 128 128
1.64596 -0.970389 0.791328 128 128 128
2.07325 -1.25815 0.996976 128 128 128
2.05529 -1.28202 0.995863 128 128 128
2.03862 -1.30664 0.995492 128 128 128
2.01081 -1.32388 0.989924 128 128 128
2.0167 -1.36358 1.00069 128 128 128
2.01581 -1.39937 1.00848 128 128 128
2.0068 -1.42994 1.01257 128 128 128
1.9891 -1.45446 1.01257 128 128 128
1.97407 -1.48099 1.01405 128 128 128
1.96015 -1.50851 1.01628 128 128 128
1.93349 -1.52611 1.0122 128 128 128
1.93119 -1.56319 1.02073 128 128 128
1.95681 -1.6242 1.04412 128 128 128
1.93744 -1.6487 1.04449 128 128 128
1.94431 -1.6962 1.05897 128 128 128
1.94478 -1.73915 1.07048 128 128 128
1.93012 -1.76917 1.07419 128 128 128
1.90692 -1.79145 1.07344 128 128 128
1.89347 -1.8231 1.07827 128 128 128
1.89009 -1.86515 1.08904 128 128 128
1.87163 -1.89283 1.09163 128 128 128
1.84826 -1.91566 1.09163 128 128 128
1.83224 -1.94632 1.09609 128 128 128
1.81574 -1.97687 1.10054 128 128 128
1.80248 -2.01147 1.10722 128 128 128
1.78132 -2.03764 1.10945 128 128 128
1.76159 -2.06571 1.11279 128 128 128
1.74915 -2.1029 1.12096 128 128 128
1.72029 -2.12059 1.1191 128 128 128
1.69816 -2.14665 1.1217 128 128 128
1.67679 -2.17395 1.12504 128 128 128
1.67505 -2.2278 1.14175 128 128 128
1.67168 -2.28118 1.15808 128 128 128
1.64249 -2.30001 1.15734 128 128 128
1.62207 -2.33144 1.16291 128 128 128
1.61309 -2.3804 1.17701 128 128 128
1.59295 -2.41398 1.18369 128 128 128
1.55719 -2.42397 1.17924 128 128 128
1.53224 -2.45077 1.18295 128 128 128
1.50976 -2.4821 1.18889 128 128 128
1.48673 -2.51323 1.19483 128 128 128
1.46132 -2.54096 1.19928 128 128 128
1.43545 -2.56843 1.20374 128 128 128
1.41354 -2.60382 1.2119 128 128 128
1.37587 -2.61028 1.20708 128 128 128
1.36229 -2.66337 1.22341 128 128 128
1.33979 -2.7007 1.23269 128 128 128
1.31136 -2.72698 1.23715 128 128 128
1.28288 -2.75382 1.24197 128 128 128
1.25584 -2.7846 1.24865 128 128 128
1.23527 -2.83131 1.26239 128 128 128
1.1918 -2.82571 1.25348 128 128 128
1.16367 -2.85647 1.26053 128 128 128
1.13632 -2.89042 1.26907 128 128 128
1.10207 -2.90762 1.27056 128 128 128
1.06536 -2.91831 1.26944 128 128 128
1.03559 -2.9487 1.27687 128 128 128
1.00111 -2.96646 1.27909 128 128 128
0.965197 -2.98029 1.27984 128 128 128
0.929647 -2.99546 1.28132 128 128 128
0.890977 -3.00041 1.27872 128 128 128
0.738838 -2.60272 1.10908 128 128 128
0.71022 -2.62415 1.11428 128 128 128
0.706277 -2.74331 1.15994 128 128 128
0.761525 -3.11811 1.31065 128 128 128
0.728821 -3.15166 1.32067 128 128 128
0.691666 -3.16762 1.32364 128 128 128
0.657015 -3.1968 1.33218 128 128 128
0.619481 -3.21374 1.33589 128 128 128
0.584082 -3.24395 1.34517 128 128 128
0.544534 -3.25271 1.34591 128 128 128
0.499223 -3.22427 1.3318 128 128 128
0.465063 -3.26877 1.34739 128 128 128
0.426572 -3.28712 1.35259 128 128 128
0.387165 -3.30041 1.35593 128 128 128
0.346922 -3.30769 1.35705 128 128 128
0.309173 -3.34313 1.36967 128 128 128
0.266811 -3.33001 1.36299 128 128 128
0.225926 -3.33304 1.36299 128 128 128
0.18551 -3.34483 1.3667 128 128 128
0.144528 -3.34871 1.36744 128 128 128
0.103698 -3.35951 1.37115 128 128 128
0.0628505 -3.38281 1.38006 128 128 128
0.0212722 -3.37126 1.37524 128 128 128
-0.0203272 -3.40284 1.38786 128 128 128
-0.0624634 -3.42183 1.39565 128 128 128
-0.0347823 -1.22682 0.518121 128 128 128
-0.0490991 -1.2096 0.511439 128 128 128
-0.0635212 -1.20149 0.50847 128 128 128
-0.0771155 -1.18394 0.501788 128 128 128
-0.0910387 -1.1755 0.498818 128 128 128
-0.105889 -1.17892 0.500674 128 128 128
-0.120836 -1.18215 0.50253 128 128 128
-0.140892 -1.22761 0.521462 128 128 128
-0.445981 -3.44565 1.41644 128 128 128
-0.49231 -3.46842 1.42795 128 128 128
-0.53055 -3.43459 1.41681 128 128 128
-0.575894 -3.44705 1.42461 128 128 128
-0.61997 -3.44977 1.42869 128 128 128
-0.668612 -3.47472 1.44205 128 128 128
-0.709137 -3.45625 1.43797 128 128 128
-0.753884 -3.45818 1.44242 128 128 128
-0.796474 -3.44957 1.44279 128 128 128
-0.841177 -3.44945 1.44688 128 128 128
-0.883444 -3.43887 1.44688 128 128 128
-0.925821 -3.42867 1.44725 128 128 128
-0.970621 -3.42687 1.45133 128 128 128
-1.01552 -3.42449 1.45542 128 128 128
-1.05774 -3.41266 1.45579 128 128 128
-1.09983 -3.40031 1.45616 128 128 128
-1.14147 -3.38655 1.45616 128 128 128
-1.18325 -3.37317 1.45653 128 128 128
-1.22455 -3.35839 1.45653 128 128 128
-1.2693 -3.35266 1.46061 128 128 128
-1.31069 -3.3377 1.46098 128 128 128
-1.35155 -3.32136 1.46098 128 128 128
-1.39221 -3.30452 1.46098 128 128 128
-1.43712 -3.2974 1.46544 128 128 128
-1.47747 -3.27952 1.46544 128 128 128
-1.51761 -3.26114 1.46544 128 128 128
-1.55751 -3.24227 1.46544 128 128 128
-1.59305 -3.2146 1.46173 128 128 128
-1.63831 -3.20638 1.46692 128 128 128
-1.67623 -3.18357 1.46581 128 128 128
-1.71606 -3.16439 1.46655 128 128 128
-1.75385 -3.14147 1.46581 128 128 128
-1.7932 -3.12132 1.46655 128 128 128
-1.83137 -3.09908 1.46655 128 128 128
-1.87361 -3.08351 1.46989 128 128 128
-1.90687 -3.0532 1.46655 128 128 128
-1.94419 -3.02957 1.46655 128 128 128
-1.98686 -3.01401 1.47063 128 128 128
-2.01744 -2.98018 1.46618 128 128 128
-2.04802 -2.94682 1.4621 128 128 128
-2.09105 -2.93128 1.46692 128 128 128
-2.12741 -2.90615 1.46729 128 128 128
-2.16235 -2.87908 1.46692 128 128 128
-2.19809 -2.85307 1.46729 128 128 128
-2.23294 -2.82588 1.46729 128 128 128
-2.26803 -2.79898 1.46767 128 128 128
-2.30221 -2.77094 1.46767 128 128 128
-2.32941 -2.73471 1.46358 128 128 128
-2.36157 -2.70452 1.46284 128 128 128
-2.3952 -2.67603 1.46321 128 128 128
-2.42786 -2.64644 1.46321 128 128 128
-2.46015 -2.61644 1.46321 128 128 128
-2.49014 -2.58405 1.4621 128 128 128
-2.51905 -2.55066 1.46061 128 128 128
-2.54354 -2.51304 1.4569 128 128 128
-2.57285 -2.48035 1.45616 128 128 128
-0.799323 -0.755843 0.467266 128 128 128
-0.804429 -0.742215 0.465039 128 128 128
-2.66102 -2.38273 1.45542 128 128 128
-0.837802 -0.735671 0.473205 128 128 128
-2.7095 -2.30889 1.45059 128 128 128
-2.74692 -2.28317 1.45542 128 128 128
-2.76679 -2.24287 1.45133 128 128 128
-2.78681 -2.203 1.44762 128 128 128
-2.81584 -2.17033 1.44873 128 128 128
-2.85861 -2.14786 1.4569 128 128 128
-2.86226 -2.09619 1.44576 128 128 128
-2.88474 -2.05875 1.44428 128 128 128
-2.9014 -2.01738 1.4402 128 128 128
-2.92209 -1.97902 1.43834 128 128 128
-2.93839 -1.93791 1.43463 128 128 128
-2.96039 -1.90071 1.43389 128 128 128
-2.97088 -1.85638 1.42795 128 128 128
-2.99265 -1.8193 1.42758 128 128 128
-3.01075 -1.78008 1.42572 128 128 128
-3.0235 -1.73792 1.42164 128 128 128
-3.0373 -1.69662 1.41829 128 128 128
-3.03829 -1.64861 1.40939 128 128 128
-3.05254 -1.60818 1.40679 128 128 128
-3.07205 -1.5706 1.40679 128 128 128
-3.0836 -1.52908 1.40345 128 128 128
-3.08287 -1.4819 1.39491 128 128 128
-3.08229 -1.43535 1.38674 128 128 128
-3.1073 -1.40084 1.39008 128 128 128
-3.11659 -1.35928 1.38674 128 128 128
-3.11335 -1.31266 1.3782 128 128 128
-3.13094 -1.27505 1.37895 128 128 128
-3.14376 -1.23552 1.37783 128 128 128
-3.14826 -1.19291 1.37338 128 128 128
-3.16004 -1.15323 1.37227 128 128 128
-3.16607 -1.11161 1.36892 128 128 128
-3.17947 -1.07267 1.36892 128 128 128
-3.18444 -1.03101 1.36558 128 128 128
-3.18355 -0.987745 1.36002 128 128 128
-3.19186 -0.947552 1.35853 128 128 128
-3.19432 -0.905789 1.35482 128 128 128
-3.18726 -0.861698 1.34739 128 128 128
-3.21468 -0.826894 1.35445 128 128 128
-3.1885 -0.778617 1.3396 128 128 128
-3.19485 -0.697573 1.33477 128 128 128
-3.15404 -0.648283 1.31473 128 128 128
-3.14534 -0.606387 1.30805 128 128 128
-3.15712 -0.56856 1.3099 128 128 128
-3.15561 -0.528405 1.30656 128 128 128
-3.1279 -0.484428 1.29283 128 128 128
-3.13269 -0.445878 1.29246 128 128 128
-3.12871 -0.406218 1.28874 128 128 128
-3.12332 -0.366616 1.28466 128 128 128
-3.02752 0.255324 1.15864 128 128 128
-2.93086 0.283478 1.12377 128 128 128
-2.91971 0.318613 1.12098 128 128 128
-2.90721 0.353405 1.11784 128 128 128
-2.88686 0.386945 1.11191 128 128 128
-2.8754 0.421394 1.10947 128 128 128
-2.85243 0.453858 1.10284 128 128 128
-2.8411 0.487878 1.10075 128 128 128
-2.81646 0.519316 1.09378 128 128 128
-2.79333 0.550585 1.0875 128 128 128
-2.76067 0.579444 1.07774 128 128 128
-2.71746 0.675699 1.07006 128 128 128
-2.73798 0.716575 1.08122 128 128 128
-2.69916 0.741937 1.06971 128 128 128
-2.62049 0.755059 1.04286 128 128 128
-1.30432 0.393946 0.535103 128 128 128
-2.58419 0.813802 1.03624 128 128 128
-2.56777 0.843408 1.03379 128 128 128
-2.53417 0.866979 1.02473 128 128 128
-2.51627 0.895502 1.02194 128 128 128
-2.49718 0.923392 1.0188 128 128 128
-2.46378 0.945583 1.01008 128 128 128
-2.43196 0.967786 1.00206 128 128 128
-2.4069 0.992206 0.996829 128 128 128
-2.37903 1.01506 0.990552 128 128 128
-2.34581 1.0351 0.982182 128 128 128
-2.32866 1.06187 0.980438 128 128 128
-2.28662 1.07681 0.968581 128 128 128
-2.2648 1.10069 0.965094 128 128 128
-2.24358 1.12463 0.961955 128 128 128
-2.22295 1.14864 0.959165 128 128 128
-2.19627 1.16923 0.953934 128 128 128
-2.17272 1.19114 0.950098 128 128 128
-2.15385 1.21542 0.948355 128 128 128
-2.12742 1.23517 0.943472 128 128 128
-2.06461 1.23287 0.922897 128 128 128
-1.50202 0.922541 0.684013 128 128 128
-1.49455 0.943402 0.685757 128 128 128
-1.51669 0.983573 0.700752 128 128 128
-1.98056 1.31867 0.913481 128 128 128
-1.95417 1.33601 0.908947 128 128 128
-1.91384 1.34321 0.898137 128 128 128
-1.86373 1.34251 0.882792 128 128 128
-1.65032 1.22001 0.791772 128 128 128
-1.33936 1.01609 0.653673 128 128 128
-1.28534 1.00026 0.634144 128 128 128
-1.25611 1.00252 0.626123 128 128 128
-1.24226 1.01667 0.625425 128 128 128
-1.22825 1.03064 0.624728 128 128 128
-1.21409 1.04441 0.62403 128 128 128
-1.18782 1.04747 0.617404 128 128 128
-1.16304 1.05129 0.611476 128 128 128
-1.13698 1.05339 0.60485 128 128 128
-1.11853 1.06211 0.60206 128 128 128
-1.11079 1.08098 0.60485 128 128 128
-1.1074 1.10445 0.610081 128 128 128
-1.47426 1.50617 0.812348 128 128 128
-1.47121 1.5404 0.820717 128 128 128
-1.45923 1.56588 0.824553 128 128 128
-1.42413 1.56634 0.815835 128 128 128
-1.39796 1.57599 0.811999 128 128 128
-1.36255 1.57461 0.802932 128 128 128
-1.33647 1.58334 0.799096 128 128 128
-1.30919 1.59022 0.794562 128 128 128
-1.28077 1.59521 0.789331 128 128 128
-1.25705 1.60565 0.78689 128 128 128
-1.23213 1.61425 0.783751 128 128 128
-1.21167 1.6285 0.783403 128 128 128
-1.18498 1.63414 0.779218 128 128 128
-1.16322 1.64627 0.778172 128 128 128
-1.13867 1.65424 0.775382 128 128 128
-1.10627 1.6502 0.767361 128 128 128
-1.08132 1.65659 0.764222 128 128 128
-1.05236 1.65629 0.758294 128 128 128
-1.02652 1.66031 0.754458 128 128 128
-0.999302 1.66155 0.749575 128 128 128
-0.976469 1.66964 0.747832 128 128 128
-0.947558 1.66684 0.741554 128 128 128
-0.923402 1.67178 0.738764 128 128 128
-0.89217 1.66317 0.730395 128 128 128
-0.872993 1.67649 0.731441 128 128 128
-0.848969 1.68039 0.728651 128 128 128
-0.825393 1.68479 0.72621 128 128 128
-0.798215 1.68125 0.72063 128 128 128
-0.768895 1.67219 0.712958 128 128 128
-0.746408 1.67722 0.711214 128 128 128
-0.720202 1.67335 0.705983 128 128 128
-0.697089 1.676 0.703542 128 128 128
-0.67297 1.67574 0.700055 128 128 128
-0.652017 1.68299 0.699706 128 128 128
-0.629015 1.68472 0.697265 128 128 128
-0.608293 1.69232 0.697265 128 128 128
-0.582878 1.68637 0.692034 128 128 128
-0.560363 1.68806 0.689941 128 128 128
-0.538181 1.69035 0.688198 128 128 128
-0.515753 1.69145 0.686105 128 128 128
-0.494958 1.69765 0.686105 128 128 128
-0.466276 1.67561 0.675295 128 128 128
-0.443511 1.67305 0.672156 128 128 128
-0.41973 1.66565 0.667274 128 128 128
-0.401226 1.67888 0.670412 128 128 128
-0.379141 1.67728 0.667971 128 128 128
-0.357942 1.67905 0.666925 128 128 128
-0.334722 1.67046 0.662043 128 128 128
-0.311073 1.65786 0.655765 128 128 128
-0.288433 1.64863 0.650883 128 128 128
-0.268633 1.65482 0.651929 128 128 128
-0.246211 1.64409 0.646698 128 128 128
-0.224351 1.63492 0.642165 128 128 128
-0.203337 1.63011 0.639375 128 128 128
-0.183634 1.63527 0.640421 128 128 128
-0.163177 1.63368 0.639026 128 128 128
-0.141467 1.61688 0.632051 128 128 128
-0.122467 1.62971 0.636236 128 128 128
-0.101387 1.61426 0.629959 128 128 128
-0.0808005 1.6004 0.624379 128 128 128
-0.0609721 1.59659 0.622635 128 128 128
-0.0412244 1.5916 0.620543 128 128 128
-0.0216491 1.58917 0.619497 128 128 128
-0.00214383 1.58838 0.619148 128 128 128
0.0173294 1.58641 0.618451 128 128 128
0.0367331 1.58327 0.617404 128 128 128
0.0561919 1.58364 0.617753 128 128 128
0.0754018 1.57815 0.616009 128 128 128
0.093987 1.56401 0.611127 128 128 128
0.113373 1.56554 0.612173 128 128 128
0.132341 1.56123 0.611127 128 128 128
0.150951 1.55389 0.609035 128 128 128
0.169907 1.55099 0.608686 128 128 128
0.188927 1.54879 0.608686 128 128 128
0.208043 1.54728 0.609035 128 128 128
0.22539 1.53348 0.60485 128 128 128
0.244191 1.5306 0.60485 128 128 128
0.262323 1.52379 0.603455 128 128 128
0.281341 1.5223 0.604152 128 128 128
0.298193 1.50954 0.600665 128 128 128
0.315542 1.50026 0.598573 128 128 128
0.333319 1.49353 0.597526 128 128 128
0.352051 1.49115 0.598224 128 128 128
0.367615 1.47581 0.594039 128 128 128
0.387356 1.47753 0.59648 128 128 128
0.40397 1.46724 0.594388 128 128 128
0.422722 1.46488 0.595434 128 128 128
0.438236 1.4515 0.592295 128 128 128
0.454891 1.44244 0.590901 128 128 128
0.471974 1.43497 0.590203 128 128 128
0.489245 1.42818 0.589854 128 128 128
0.514264 1.44327 0.598224 128 128 128
0.523822 1.41487 0.589506 128 128 128
0.540474 1.40658 0.588808 128 128 128
0.555964 1.39549 0.587064 128 128 128
0.576258 1.39636 0.590203 128 128 128
0.582697 1.36418 0.58009 128 128 128
0.611864 1.38523 0.591598 128 128 128
0.622603 1.36397 0.586018 128 128 128
0.640889 1.35962 0.587413 128 128 128
0.655889 1.34828 0.586018 128 128 128
0.669868 1.3351 0.583926 128 128 128
0.684052 1.32261 0.582182 128 128 128
0.698471 1.31081 0.580787 128 128 128
0.714504 1.30214 0.580787 128 128 128
0.727209 1.28756 0.578346 128 128 128
0.745305 1.28259 0.58009 128 128 128
0.759068 1.27013 0.578695 128 128 128
0.776067 1.26311 0.579741 128 128 128
0.795006 1.25905 0.582182 128 128 128
0.802247 1.23661 0.576602 128 128 128
0.823589 1.23603 0.580787 128 128 128
0.829711 1.21268 0.574859 128 128 128
0.857979 1.22159 0.583577 128 128 128
0.872358 1.21021 0.583228 128 128 128
0.8877 1.20017 0.583577 128 128 128
0.915375 1.20637 0.591598 128 128 128
0.911136 1.17062 0.58009 128 128 128
0.925433 1.15935 0.58009 128 128 128
0.93959 1.14791 0.58009 128 128 128
0.956615 1.13988 0.581833 128 128 128
0.965647 1.12237 0.579044 128 128 128
0.986159 1.11817 0.58288 128 128 128
0.999807 1.10599 0.58288 128 128 128
1.01458 1.09501 0.583577 128 128 128
1.04083 1.09608 0.590552 128 128 128
1.05355 1.08255 0.590203 128 128 128
1.06808 1.07087 0.590901 128 128 128
1.07913 1.05572 0.589854 128 128 128
1.09675 1.04693 0.592295 128 128 128
1.11362 1.03723 0.594388 128 128 128
1.13043 1.02727 0.59648 128 128 128
1.14575 1.01581 0.597875 128 128 128
1.15388 0.99799 0.595783 128 128 128
1.16747 0.984965 0.59648 128 128 128
1.18164 0.972353 0.597526 128 128 128
1.15842 0.92959 0.580787 128 128 128
1.18671 0.928605 0.588808 128 128 128
1.20993 0.923078 0.594388 128 128 128
1.22116 0.908161 0.594388 128 128 128
1.23449 0.894759 0.595434 128 128 128
1.25915 0.889288 0.601711 128 128 128
1.27846 0.87962 0.605547 128 128 128
1.28059 0.858119 0.601711 128 128 128
1.29966 0.84798 0.605547 128 128 128
1.30997 0.831968 0.605547 128 128 128
1.32008 0.81583 0.605547 128 128 128
1.32919 0.799085 0.605199 128 128 128
1.34617 0.786978 0.608337 128 128 128
1.36224 0.774109 0.611127 128 128 128
1.37082 0.75688 0.610778 128 128 128
1.38248 0.741332 0.611825 128 128 128
1.39563 0.726478 0.613568 128 128 128
1.4036 0.708874 0.61322 128 128 128
1.41977 0.695313 0.616358 128 128 128
1.42904 0.67824 0.616707 128 128 128
1.44406 0.66379 0.619497 128 128 128
1.45638 0.647928 0.62124 128 128 128
1.45992 0.628151 0.619497 128 128 128
1.4753 0.613434 0.622635 128 128 128
1.49054 0.598433 0.625774 128 128 128
1.49516 0.579079 0.624728 128 128 128
1.51707 0.566272 0.630656 128 128 128
1.53272 0.550789 0.634144 128 128 128
1.54999 0.535621 0.638329 128 128 128
1.55912 0.517448 0.639375 128 128 128
1.56624 0.498561 0.639723 128 128 128
1.57045 0.478755 0.639026 128 128 128
1.5852 0.462078 0.642513 128 128 128
1.60429 0.44637 0.647744 128 128 128
1.6178 0.428817 0.650883 128 128 128
1.63657 0.412378 0.656114 128 128 128
1.65062 0.39445 0.659601 128 128 128
1.68185 0.380178 0.669715 128 128 128
1.67447 0.356961 0.665181 128 128 128
1.68424 0.337495 0.667274 128 128 128
1.69378 0.317843 0.669366 128 128 128
1.7114 0.299468 0.674597 128 128 128
1.72604 0.280255 0.678782 128 128 128
1.73213 0.259472 0.679828 128 128 128
1.75097 0.240376 0.685757 128 128 128
1.75472 0.218987 0.686105 128 128 128
1.76659 0.198491 0.689593 128 128 128
1.77821 0.177737 0.69308 128 128 128
1.78586 0.156397 0.695172 128 128 128
1.79606 0.135109 0.698311 128 128 128
1.80319 0.113416 0.700404 128 128 128
1.811 0.0916163 0.702845 128 128 128
1.81667 0.0695685 0.704588 128 128 128
1.82863 0.047571 0.708773 128 128 128
1.83564 0.0252224 0.711214 128 128 128
1.84799 0.00272154 0.715748 128 128 128
1.85163 -0.019994 0.717143 128 128 128
1.86062 -0.0429241 0.72063 128 128 128
1.87119 -0.0661424 0.724815 128 128 128
1.87586 -0.0893633 0.726907 128 128 128
1.88865 -0.113207 0.732138 128 128 128
1.91143 -0.138114 0.741206 128 128 128
1.90398 -0.161089 0.739113 128 128 128
1.91679 -0.185879 0.744693 128 128 128
1.92927 -0.211006 0.750273 128 128 128
1.94143 -0.236468 0.755852 128 128 128
1.96067 -0.263252 0.764222 128 128 128
1.97677 -0.290137 0.771546 128 128 128
1.96843 -0.313639 0.769802 128 128 128
1.96628 -0.338088 0.770499 128 128 128
1.96936 -0.363548 0.773289 128 128 128
1.97946 -0.39058 0.778869 128 128 128
1.98003 -0.415994 0.780961 128 128 128
1.98484 -0.442497 0.784798 128 128 128
1.98291 -0.467679 0.786192 128 128 128
1.98793 -0.494685 0.790377 128 128 128
1.99713 -0.52307 0.796306 128 128 128
2.01044 -0.552993 0.803978 128 128 128
2.01972 -0.582285 0.810255 128 128 128
2.02678 -0.611348 0.815835 128 128 128
2.05578 -0.647697 0.830133 128 128 128
2.04501 -0.671999 0.829087 128 128 128
1.9967 -0.683413 0.813394 128 128 128
2.05351 -0.731084 0.8392 128 128 128
2.04614 -0.756877 0.839898 128 128 128
2.04895 -0.786625 0.84478 128 128 128
2.05308 -0.817246 0.85036 128 128 128
2.04897 -0.844876 0.852801 128 128 128
2.0462 -0.873263 0.85594 128 128 128
2.04734 -0.903598 0.860822 128 128 128
2.04804 -0.934091 0.865704 128 128 128
2.0466 -0.963939 0.869889 128 128 128
2.04136 -0.992255 0.872679 128 128 128
2.03406 -1.01975 0.874771 128 128 128
2.02389 -1.04592 0.875818 128 128 128
1.89008 -1.00644 0.824902 128 128 128
1.59151 -0.872934 0.703542 128 128 128
1.57741 -0.890558 0.702147 128 128 128
2.01098 -1.23459 0.906157 128 128 128
2.01709 -1.27267 0.915573 128 128 128
2.01705 -1.30751 0.922548 128 128 128
1.91802 -1.73251 0.989854 128 128 128
1.90625 -1.76483 0.994736 128 128 128
1.90282 -1.80549 1.00415 128 128 128
1.89665 -1.84438 1.01252 128 128 128
1.8752 -1.86884 1.01322 128 128 128
1.86328 -1.90309 1.01915 128 128 128
1.8508 -1.93733 1.02508 128 128 128
1.82689 -1.95989 1.02508 128 128 128
1.80964 -1.98979 1.02891 128 128 128
1.79193 -2.01955 1.03275 128 128 128
1.77315 -2.04847 1.03624 128 128 128
1.75151 -2.07437 1.03833 128 128 128
1.73606 -2.108 1.04426 128 128 128
1.74001 -2.1664 1.06204 128 128 128
1.72486 -2.20234 1.06902 128 128 128
1.7051 -2.23302 1.07355 128 128 128
1.67981 -2.25678 1.07495 128 128 128
1.65584 -2.28254 1.07739 128 128 128
1.62879 -2.30421 1.07808 128 128 128
1.61422 -2.34409 1.08715 128 128 128
1.59996 -2.38551 1.09692 128 128 128
1.57723 -2.41516 1.10145 128 128 128
1.55402 -2.44462 1.10598 128 128 128
1.52982 -2.47306 1.11017 128 128 128
1.49646 -2.48683 1.10808 128 128 128
1.4682 -2.50905 1.10982 128 128 128
1.44472 -2.53991 1.1154 128 128 128
1.41616 -2.56237 1.11749 128 128 128
1.39437 -2.59772 1.12516 128 128 128
1.37409 -2.63707 1.13458 128 128 128
1.34374 -2.65791 1.13632 128 128 128
1.31598 -2.6843 1.14051 128 128 128
1.28536 -2.70533 1.1426 128 128 128
1.2654 -2.74984 1.15446 128 128 128
1.24224 -2.78912 1.16422 128 128 128
1.20941 -2.8076 1.16562 128 128 128
1.17919 -2.83261 1.1698 128 128 128
1.14994 -2.86078 1.17538 128 128 128
1.12696 -2.90613 1.18794 128 128 128
1.09089 -2.91886 1.18759 128 128 128
1.05689 -2.93732 1.18968 128 128 128
1.02138 -2.95184 1.19038 128 128 128
0.990998 -2.98194 1.19735 128 128 128
0.95319 -2.9903 1.19596 128 128 128
0.923822 -3.02597 1.20537 128 128 128
0.882937 -3.02449 1.20049 128 128 128
0.794856 -2.85275 1.13005 128 128 128
0.701977 -2.64491 1.04635 128 128 128
0.664183 -2.63243 1.03833 128 128 128
0.74877 -3.12796 1.2249 128 128 128
0.709914 -3.13509 1.2242 128 128 128
0.677665 -3.17289 1.23536 128 128 128
0.639602 -3.18556 1.23711 128 128 128
0.603934 -3.21159 1.24408 128 128 128
0.566749 -3.23168 1.24896 128 128 128
0.529162 -3.25135 1.25385 128 128 128
0.4902 -3.26408 1.25629 128 128 128
0.454595 -3.30235 1.26849 128 128 128
0.414737 -3.31325 1.27059 128 128 128
0.375206 -3.32834 1.27442 128 128 128
0.335085 -3.34015 1.27721 128 128 128
0.293411 -3.33654 1.27442 128 128 128
0.253368 -3.35204 1.27896 128 128 128
0.21281 -3.36425 1.28244 128 128 128
0.171172 -3.36006 1.28 128 128 128
0.130695 -3.38157 1.28733 128 128 128
0.0894135 -3.39135 1.29046 128 128 128
0.0477489 -3.38938 1.28942 128 128 128
0.00617111 -3.39815 1.29256 128 128 128
-0.0358124 -3.42609 1.30302 128 128 128
-0.0772464 -3.39822 1.29291 128 128 128
-0.0422222 -1.17994 0.467448 128 128 128
-0.0568743 -1.18307 0.468843 128 128 128
-0.0717759 -1.18884 0.471284 128 128 128
-0.0856238 -1.17758 0.467448 128 128 128
-0.100068 -1.17644 0.467448 128 128 128
-0.114946 -1.17979 0.469192 128 128 128
-0.130327 -1.18668 0.47233 128 128 128
-0.144879 -1.18499 0.47233 128 128 128
-0.46461 -3.4684 1.33022 128 128 128
-0.510388 -3.48469 1.33859 128 128 128
-0.554727 -3.48835 1.34243 128 128 128
-0.597651 -3.4822 1.34277 128 128 128
-0.646101 -3.50594 1.35463 128 128 128
-0.68564 -3.48028 1.34801 128 128 128
-0.732139 -3.48995 1.35498 128 128 128
-0.77552 -3.48345 1.35603 128 128 128
-0.81778 -3.47184 1.35533 128 128 128
-0.855584 -3.44244 1.34801 128 128 128
-0.902974 -3.45164 1.35568 128 128 128
-0.948239 -3.45114 1.35986 128 128 128
-0.991036 -3.44105 1.36056 128 128 128
-1.03616 -3.4385 1.3644 128 128 128
-1.078 -3.42463 1.36405 128 128 128
-1.12052 -3.41292 1.36474 128 128 128
-1.16202 -3.39803 1.3644 128 128 128
-1.2074 -3.39411 1.36858 128 128 128
-1.24538 -3.36937 1.36474 128 128 128
-1.28999 -3.36258 1.36823 128 128 128
-1.33566 -3.35782 1.37277 128 128 128
-1.3732 -3.33251 1.36928 128 128 128
-1.41766 -3.32403 1.37277 128 128 128
-1.46288 -3.31668 1.37695 128 128 128
-1.4992 -3.28909 1.37311 128 128 128
-1.54383 -3.27978 1.37695 128 128 128
-1.58478 -3.26227 1.37765 128 128 128
-1.62889 -3.25096 1.38114 128 128 128
-1.6648 -3.22323 1.378 128 128 128
-1.70819 -3.21 1.38114 128 128 128
-1.74295 -3.18058 1.37765 128 128 128
-1.78231 -3.15977 1.378 128 128 128
-1.82048 -3.13685 1.37765 128 128 128
-1.85931 -3.11508 1.378 128 128 128
-1.8974 -3.09203 1.378 128 128 128
-1.9352 -3.06851 1.378 128 128 128
-1.97271 -3.04453 1.378 128 128 128
-2.00992 -3.02009 1.378 128 128 128
-2.04736 -2.99597 1.37835 128 128 128
-2.08559 -2.97293 1.37939 128 128 128
-2.12082 -2.94559 1.37869 128 128 128
-2.15792 -2.92085 1.37939 128 128 128
-2.19303 -2.8934 1.37904 128 128 128
-2.22895 -2.86701 1.37939 128 128 128
-2.26981 -2.84677 1.38288 128 128 128
-2.29982 -2.8129 1.38009 128 128 128
-2.33236 -2.78231 1.37904 128 128 128
-2.36755 -2.7549 1.37974 128 128 128
-2.39747 -2.72142 1.37765 128 128 128
-2.42817 -2.68901 1.37625 128 128 128
-2.45653 -2.65419 1.37381 128 128 128
-2.49085 -2.62589 1.37486 128 128 128
-2.52419 -2.59647 1.37556 128 128 128
-2.55719 -2.56662 1.37625 128 128 128
-2.58782 -2.53439 1.3759 128 128 128
-0.776365 -0.740537 0.427343 128 128 128
-0.813489 -0.75717 0.441642 128 128 128
-0.812324 -0.737666 0.436411 128 128 128
-2.69155 -2.3888 1.36719 128 128 128
-0.831599 -0.718736 0.437108 128 128 128
-2.75866 -2.3299 1.37172 128 128 128
-2.77331 -2.28454 1.36509 128 128 128
-2.80406 -2.25268 1.36649 128 128 128
-2.8337 -2.21984 1.36753 128 128 128
-2.85924 -2.18376 1.36684 128 128 128
-2.87079 -2.13731 1.35986 128 128 128
-2.89604 -2.10137 1.35951 128 128 128
-2.91243 -2.05917 1.35533 128 128 128
-2.9452 -2.0286 1.35882 128 128 128
-2.96365 -1.98812 1.35603 128 128 128
-2.99567 -1.95673 1.35951 128 128 128
-2.99968 -1.90725 1.3508 128 128 128
-3.0149 -1.86536 1.34731 128 128 128
-3.03676 -1.82774 1.34696 128 128 128
-3.04925 -1.78465 1.34277 128 128 128
-3.06278 -1.74246 1.33929 128 128 128
-3.07327 -1.69884 1.33475 128 128 128
-3.08563 -1.65656 1.33127 128 128 128
-3.11071 -1.62117 1.33336 128 128 128
-3.10361 -1.56934 1.3222 128 128 128
-3.13189 -1.53567 1.32604 128 128 128
-3.12427 -1.48464 1.31522 128 128 128
-3.12948 -1.44031 1.30999 128 128 128
-3.14606 -1.40142 1.30964 128 128 128
-3.14581 -1.35528 1.30267 128 128 128
-3.15183 -1.31225 1.29849 128 128 128
-3.16682 -1.27312 1.29814 128 128 128
-3.16998 -1.22941 1.29325 128 128 128
-3.18371 -0.929495 1.26222 128 128 128
-3.22015 -0.897411 1.27198 128 128 128
-3.21733 -0.854214 1.26675 128 128 128
-3.21849 -0.812371 1.26326 128 128 128
-3.21819 -0.770409 1.25943 128 128 128
-3.21826 -0.728785 1.25594 128 128 128
-3.21597 -0.686884 1.25175 128 128 128
-3.20026 -0.64256 1.24269 128 128 128
-3.20883 -0.603413 1.24304 128 128 128
-3.18738 -0.558959 1.23223 128 128 128
-3.18382 -0.518143 1.22839 128 128 128
-3.17511 -0.4768 1.22281 128 128 128
-3.16773 -0.436006 1.21793 128 128 128
-3.03716 0.0481401 1.07076 128 128 128
-2.9605 0.33896 1.05097 128 128 128
-2.93079 0.372013 1.04221 128 128 128
-2.91008 0.405708 1.0367 128 128 128
-2.88618 0.43852 1.03021 128 128 128
-2.86472 0.471272 1.0247 128 128 128
-2.84568 0.504063 1.02015 128 128 128
-2.82256 0.535747 1.01432 128 128 128
-2.7926 0.565616 1.00621 128 128 128
-2.78083 0.59884 1.00458 128 128 128
-2.74838 0.627202 0.995824 128 128 128
-2.73496 0.659543 0.993877 128 128 128
-2.68634 0.682743 0.979603 128 128 128
-2.67685 0.715412 0.979279 128 128 128
-2.65148 0.743585 0.973439 128 128 128
-2.62855 0.772048 0.968573 128 128 128
-1.29297 0.394888 0.49266 128 128 128
-2.5899 0.830231 0.96176 128 128 128
-2.57892 0.932748 0.969546 128 128 128
-2.51684 0.945291 0.951055 128 128 128
-2.47686 0.965072 0.940674 128 128 128
-2.43678 0.984017 0.930292 128 128 128
-2.42278 1.01311 0.929644 128 128 128
-2.385 1.03184 0.920236 128 128 128
-2.35145 1.05172 0.91245 128 128 128
-2.32293 1.07333 0.90661 128 128 128
-2.29934 1.09686 0.902717 128 128 128
-2.26875 1.11661 0.896229 128 128 128
-2.24898 1.14136 0.893958 128 128 128
-2.22308 1.16271 0.889416 128 128 128
-2.20781 1.18946 0.889092 128 128 128
-2.17817 1.20818 0.883253 128 128 128
-2.15333 1.22917 0.87936 128 128 128
-2.11853 1.24398 0.871574 128 128 128
-1.53281 0.924225 0.642863 128 128 128
-1.53018 0.948467 0.646431 128 128 128
-1.52161 0.969213 0.647729 128 128 128
-1.99882 1.30953 0.84854 128 128 128
-1.98103 1.3329 0.847892 128 128 128
-1.95209 1.34849 0.842701 128 128 128
-1.91151 1.35534 0.832644 128 128 128
-1.88709 1.37311 0.8294 128 128 128
-1.85193 1.38255 0.821614 128 128 128
-1.83108 1.40229 0.819992 128 128 128
-1.81224 1.42349 0.819343 128 128 128
-1.78802 1.44027 0.816424 128 128 128
-1.75564 1.45003 0.809935 128 128 128
-1.73484 1.46901 0.808638 128 128 128
-1.69885 1.47466 0.800527 128 128 128
-1.68486 1.49917 0.802474 128 128 128
-1.64121 1.49674 0.790795 128 128 128
-1.13017 1.05467 0.559164 128 128 128
-1.09942 1.05141 0.550729 128 128 128
-1.11406 1.09205 0.56403 128 128 128
-1.29358 1.30056 0.65811 128 128 128
-1.49574 1.54219 0.765815 128 128 128
-1.47864 1.56249 0.766788 128 128 128
-1.44335 1.56311 0.758678 128 128 128
-1.40826 1.56311 0.750568 128 128 128
-1.38462 1.57529 0.748297 128 128 128
-1.35474 1.57993 0.742782 128 128 128
-1.33343 1.59426 0.741809 128 128 128
-1.3084 1.60389 0.738889 128 128 128
-1.28039 1.60945 0.734347 128 128 128
-1.25592 1.61905 0.731752 128 128 128
-1.23311 1.63056 0.73013 128 128 128
-1.21133 1.64329 0.729156 128 128 128
-1.17621 1.63725 0.720397 128 128 128
-1.15279 1.64691 0.718451 128 128 128
-1.12559 1.65076 0.714234 128 128 128
-1.10316 1.66129 0.712936 128 128 128
-1.06938 1.65402 0.704501 128 128 128
-1.04749 1.66461 0.703528 128 128 128
-1.02206 1.66927 0.700284 128 128 128
-0.997645 1.67517 0.697688 128 128 128
-0.970401 1.67582 0.693147 128 128 128
-0.941906 1.67357 0.687632 128 128 128
-0.914518 1.67254 0.682765 128 128 128
-0.888623 1.6736 0.678873 128 128 128
-0.862841 1.67427 0.67498 128 128 128
-0.832965 1.6661 0.667843 128 128 128
-0.810403 1.67194 0.66622 128 128 128
-0.787024 1.67576 0.66395 128 128 128
-0.764452 1.68098 0.662327 128 128 128
-0.736564 1.67377 0.656164 128 128 128
-0.716337 1.68355 0.656488 128 128 128
-0.694551 1.68959 0.655515 128 128 128
-0.666826 1.68038 0.649027 128 128 128
-0.644811 1.6849 0.647729 128 128 128
-0.624086 1.69269 0.647729 128 128 128
-0.598867 1.68773 0.643187 128 128 128
-0.578415 1.69585 0.643512 128 128 128
-0.554053 1.69202 0.639619 128 128 128
-0.531841 1.69418 0.637996 128 128 128
-0.50777 1.6897 0.634104 128 128 128
-0.484148 1.6858 0.630535 128 128 128
-0.462433 1.68796 0.629237 128 128 128
-0.437899 1.67885 0.624047 128 128 128
-0.417489 1.68502 0.624371 128 128 128
-0.392928 1.67343 0.618532 128 128 128
-0.376011 1.69476 0.624371 128 128 128
-0.349445 1.67145 0.614639 128 128 128
-0.326208 1.66168 0.609773 128 128 128
-0.304444 1.65812 0.607177 128 128 128
-0.281716 1.64774 0.602311 128 128 128
-0.261766 1.65294 0.60296 128 128 128
-0.239047 1.63917 0.597121 128 128 128
-0.217565 1.63166 0.593552 128 128 128
-0.197747 1.63609 0.594201 128 128 128
-0.177356 1.63557 0.593228 128 128 128
-0.156039 1.62444 0.588686 128 128 128
-0.135175 1.61492 0.584793 128 128 128
-0.114828 1.60891 0.582198 128 128 128
-0.0948084 1.60547 0.580575 128 128 128
-0.0747657 1.59895 0.57798 128 128 128
-0.0553193 1.60542 0.579927 128 128 128
-0.0354286 1.59653 0.576683 128 128 128
-0.0157786 1.58927 0.574087 128 128 128
0.00372543 1.58935 0.574087 128 128 128
0.0232289 1.58918 0.574087 128 128 128
0.0426173 1.58499 0.57279 128 128 128
0.061867 1.57963 0.571167 128 128 128
0.0811447 1.57686 0.570519 128 128 128
0.100238 1.57197 0.569221 128 128 128
0.119818 1.57439 0.570519 128 128 128
0.138701 1.56809 0.568897 128 128 128
0.157446 1.56157 0.567275 128 128 128
0.175617 1.55106 0.564355 128 128 128
0.194277 1.54598 0.563382 128 128 128
0.213629 1.54629 0.564355 128 128 128
0.232588 1.54355 0.564355 128 128 128
0.251513 1.54058 0.564355 128 128 128
0.2699 1.53458 0.563382 128 128 128
0.288711 1.53115 0.563382 128 128 128
0.306534 1.52286 0.56176 128 128 128
0.320387 1.4968 0.553974 128 128 128
0.337249 1.4863 0.551703 128 128 128
0.355685 1.48297 0.552027 128 128 128
0.37081 1.46658 0.54781 128 128 128
0.391727 1.47288 0.551703 128 128 128
0.409001 1.46523 0.550729 128 128 128
0.426415 1.45829 0.550081 128 128 128
0.444837 1.45475 0.550729 128 128 128
0.461205 1.44468 0.549107 128 128 128
0.481308 1.44609 0.551703 128 128 128
0.495584 1.43025 0.548134 128 128 128
0.512452 1.42228 0.547485 128 128 128
0.525192 1.4035 0.542944 128 128 128
0.543409 1.39959 0.543917 128 128 128
0.561255 1.39457 0.544566 128 128 128
0.575396 1.3806 0.54197 128 128 128
0.59041 1.3691 0.540348 128 128 128
0.609491 1.36693 0.542295 128 128 128
0.625424 1.35763 0.541646 128 128 128
0.640811 1.34729 0.540673 128 128 128
0.6552 1.33509 0.539051 128 128 128
0.670246 1.32442 0.538077 128 128 128
0.688647 1.32028 0.539699 128 128 128
0.703897 1.31006 0.539051 128 128 128
0.71762 1.2972 0.537429 128 128 128
0.733014 1.28747 0.537104 128 128 128
0.747317 1.27593 0.536131 128 128 128
0.760957 1.26343 0.534833 128 128 128
0.775404 1.25239 0.534184 128 128 128
0.792244 1.24517 0.535158 128 128 128
0.801748 1.22666 0.531589 128 128 128
0.822564 1.22536 0.535158 128 128 128
0.836461 1.21361 0.534509 128 128 128
0.849646 1.20095 0.533536 128 128 128
0.865993 1.19272 0.534509 128 128 128
0.882266 1.18428 0.535482 128 128 128
0.898461 1.17561 0.536455 128 128 128
0.913406 1.16524 0.53678 128 128 128
0.928231 1.15468 0.537104 128 128 128
0.942331 1.1432 0.537104 128 128 128
0.952613 1.12722 0.535158 128 128 128
0.962025 1.11046 0.532887 128 128 128
1.01212 1.13949 0.551703 128 128 128
1.02028 1.1207 0.548783 128 128 128
1.01648 1.08947 0.540024 128 128 128
1.03043 1.0776 0.540348 128 128 128
1.04424 1.06555 0.540673 128 128 128
1.05993 1.05531 0.54197 128 128 128
1.07688 1.04617 0.543917 128 128 128
1.0917 1.03482 0.54489 128 128 128
1.1071 1.02391 0.546188 128 128 128
1.12029 1.01088 0.546512 128 128 128
1.12976 0.994562 0.545214 128 128 128
1.14332 0.981852 0.545863 128 128 128
1.15674 0.968959 0.546512 128 128 128
1.17148 0.957077 0.54781 128 128 128
1.1861 0.944979 0.549107 128 128 128
1.2036 0.934978 0.551703 128 128 128
1.218 0.922414 0.553 128 128 128
1.22847 0.906838 0.552676 128 128 128
1.25104 0.89995 0.557542 128 128 128
1.23871 0.868304 0.54781 128 128 128
1.2618 0.861539 0.553 128 128 128
1.29279 0.859552 0.561435 128 128 128
1.29847 0.840551 0.559489 128 128 128
1.3143 0.828069 0.56176 128 128 128
1.30901 0.802525 0.555596 128 128 128
1.31876 0.786401 0.555596 128 128 128
1.35208 0.783855 0.565004 128 128 128
1.36902 0.771363 0.567923 128 128 128
1.37423 0.752245 0.566301 128 128 128
1.39256 0.740184 0.56987 128 128 128
1.4007 0.722608 0.569545 128 128 128
1.41369 0.70747 0.571167 128 128 128
1.42738 0.692533 0.573114 128 128 128
1.4332 0.673764 0.572141 128 128 128
1.44481 0.657684 0.573438 128 128 128
1.45364 0.640284 0.573763 128 128 128
1.464 0.623502 0.574736 128 128 128
1.47417 0.606563 0.575709 128 128 128
1.48678 0.590508 0.577656 128 128 128
1.50895 0.577932 0.583171 128 128 128
1.49816 0.552868 0.576683 128 128 128
1.50483 0.534441 0.576683 128 128 128
1.54264 0.52655 0.588037 128 128 128
1.55348 0.509041 0.589659 128 128 128
1.55961 0.489939 0.589659 128 128 128
1.57638 0.474005 0.593552 128 128 128
1.59027 0.456955 0.596472 128 128 128
1.60671 0.440379 0.600365 128 128 128
1.61199 0.420629 0.600365 128 128 128
1.63082 0.404196 0.605231 128 128 128
1.64671 0.386721 0.609124 128 128 128
1.64579 0.365268 0.607177 128 128 128
1.65941 0.346958 0.610421 128 128 128
1.68397 0.330527 0.617558 128 128 128
1.69162 0.310512 0.618856 128 128 128
1.70277 0.290986 0.621451 128 128 128
1.71369 0.271234 0.624047 128 128 128
1.73093 0.252197 0.628913 128 128 128
1.73953 0.231673 0.630859 128 128 128
1.75727 0.212087 0.63605 128 128 128
1.76256 0.190806 0.637023 128 128 128
1.77607 0.170219 0.640916 128 128 128
1.78274 0.148793 0.642538 128 128 128
1.79198 0.127425 0.645134 128 128 128
1.80002 0.105798 0.647404 128 128 128
1.80685 0.0839518 0.649351 128 128 128
1.81153 0.0618932 0.650649 128 128 128
1.81688 0.039751 0.652271 128 128 128
1.82669 0.0175216 0.655515 128 128 128
1.82393 -0.00488207 0.654542 128 128 128
1.83225 -0.0274106 0.657461 128 128 128
1.84028 -0.0501439 0.660381 128 128 128
1.85276 -0.0732758 0.664923 128 128 128
1.85928 -0.0964151 0.667518 128 128 128
1.87494 -0.120352 0.673357 128 128 128
1.88558 -0.144316 0.677575 128 128 128
1.90251 -0.16916 0.684063 128 128 128
1.91252 -0.19376 0.68828 128 128 128
1.92409 -0.218849 0.693147 128 128 128
1.92877 -0.243407 0.695742 128 128 128
1.93688 -0.268641 0.699635 128 128 128
1.94466 -0.29411 0.703528 128 128 128
1.95023 -0.3195 0.706772 128 128 128
1.95454 -0.344905 0.709692 128 128 128
1.96782 -0.372241 0.715856 128 128 128
1.96588 -0.396929 0.716829 128 128 128
1.9849 -0.426236 0.725264 128 128 128
1.98413 -0.45162 0.726886 128 128 128
1.97935 -0.476158 0.72721 128 128 128
1.98069 -0.502286 0.729805 128 128 128
1.98169 -0.528519 0.732401 128 128 128
1.99053 -0.557163 0.737916 128 128 128
1.9908 -0.583692 0.740511 128 128 128
1.98981 -0.610031 0.742782 128 128 128
1.99478 -0.638465 0.747324 128 128 128
2.00384 -0.668617 0.753487 128 128 128
2.00352 -0.695966 0.756407 128 128 128
2.03572 -0.735361 0.77133 128 128 128
2.03185 -0.762291 0.773277 128 128 128
2.03204 -0.79096 0.776845 128 128 128
2.0213 -0.815481 0.776521 128 128 128
2.03207 -0.849015 0.784307 128 128 128
2.02584 -0.875772 0.785929 128 128 128
2.02615 -0.905605 0.790146 128 128 128
2.03806 -0.941151 0.798905 128 128 128
2.04 -0.972628 0.804096 128 128 128
2.0347 -1.00094 0.806691 128 128 128
2.02732 -1.02841 0.808638 128 128 128
2.01706 -1.05453 0.809611 128 128 128
1.83923 -0.990103 0.745377 128 128 128
1.5757 -0.872702 0.646756 128 128 128
1.55174 -0.884448 0.641565 128 128 128
1.56359 -0.916873 0.650649 128 128 128
1.56274 -0.942366 0.654866 128 128 128
1.99423 -1.23757 0.833942 128 128 128
1.98606 -1.26654 0.836862 128 128 128
1.96958 -1.2903 0.836537 128 128 128
1.95438 -1.3149 0.836862 128 128 128
1.95753 -1.35226 0.844972 128 128 128
1.99166 -1.41238 0.866383 128 128 128
1.98792 -1.44675 0.872222 128 128 128
1.98062 -1.47898 0.876764 128 128 128
1.97657 -1.51413 0.882928 128 128 128
1.96601 -1.54471 0.886497 128 128 128
1.92852 -1.55385 0.878386 128 128 128
1.9093 -1.5774 0.878386 128 128 128
1.89557 -1.60561 0.880982 128 128 128
1.90996 -1.65858 0.896553 128 128 128
1.88946 -1.68189 0.896553 128 128 128
1.88263 -1.71773 0.903042 128 128 128
1.87659 -1.75494 0.910179 128 128 128
1.90059 -1.82176 0.931914 128 128 128
1.87607 -1.84296 0.930941 128 128 128
1.87328 -1.886 0.940674 128 128 128
1.85197 -1.91089 0.941647 128 128 128
1.83163 -1.93692 0.943269 128 128 128
1.81796 -1.97039 0.94846 128 128 128
1.79933 -1.99888 0.951379 128 128 128
1.79648 -2.04572 0.962734 128 128 128
1.77247 -2.06905 0.963382 128 128 128
1.74391 -2.08701 0.96176 128 128 128
1.73905 -2.13395 0.973115 128 128 128
1.69393 -2.13141 0.962734 128 128 128
1.67632 -2.16326 0.9676 128 128 128
1.65022 -2.18443 0.967924 128 128 128
1.65519 -2.24798 0.986416 128 128 128
1.62363 -2.26273 0.984145 128 128 128
1.62982 -2.33138 1.00458 128 128 128
1.60905 -2.36294 1.00945 128 128 128
1.58359 -2.38803 1.01172 128 128 128
1.56133 -2.41842 1.01626 128 128 128
1.53505 -2.44301 1.01853 128 128 128
1.51578 -2.47944 1.02567 128 128 128
1.49199 -2.50924 1.03021 128 128 128
1.46156 -2.52818 1.03054 128 128 128
1.43135 -2.54758 1.03118 128 128 128
1.40766 -2.57908 1.0367 128 128 128
1.38342 -2.61038 1.04221 128 128 128
1.35473 -2.63389 1.04481 128 128 128
1.32526 -2.65625 1.04708 128 128 128
1.29544 -2.67827 1.04935 128 128 128
1.27528 -2.7214 1.05973 128 128 128
1.24607 -2.74632 1.0633 128 128 128
1.21493 -2.76747 1.06557 128 128 128
1.1853 -2.79263 1.06947 128 128 128
1.15953 -2.82798 1.07725 128 128 128
1.12335 -2.83848 1.07595 128 128 128
1.09885 -2.87946 1.08601 128 128 128
1.07481 -2.92381 1.09736 128 128 128
1.04514 -2.95463 1.10385 128 128 128
1.00759 -2.96365 1.10256 128 128 128
0.976696 -2.99288 1.10872 128 128 128
0.94552 -3.0227 1.11521 128 128 128
0.909706 -3.03861 1.11683 128 128 128
0.87468 -3.05773 1.11975 128 128 128
0.833126 -3.05363 1.11456 128 128 128
0.678726 -2.61119 0.954299 128 128 128
0.640999 -2.59636 0.946189 128 128 128
0.622358 -2.66115 0.966302 128 128 128
0.697693 -3.16105 1.13921 128 128 128
0.657702 -3.16382 1.13727 128 128 128
0.619367 -3.17444 1.13824 128 128 128
0.584073 -3.20228 1.14538 128 128 128
0.548346 -3.23066 1.15284 128 128 128
0.510845 -3.25116 1.15771 128 128 128
0.474532 -3.28247 1.16646 128 128 128
0.433848 -3.28523 1.16549 128 128 128
0.399503 -3.34103 1.18301 128 128 128
0.356481 -3.32687 1.17652 128 128 128
0.316421 -3.33947 1.17944 128 128 128
0.276335 -3.35441 1.18333 128 128 128
0.236643 -3.37926 1.1908 128 128 128
0.195264 -3.3838 1.19144 128 128 128
0.1541 -3.39444 1.19436 128 128 128
0.112524 -3.39891 1.19534 128 128 128
0.0709912 -3.4095 1.19858 128 128 128
0.0290906 -3.40254 1.19599 128 128 128
-0.012722 -3.414 1.19988 128 128 128
-0.0547788 -3.42304 1.20312 128 128 128
-0.0971151 -3.43346 1.20702 128 128 128
-0.139676 -3.4424 1.21059 128 128 128
-0.0594903 -1.17638 0.432968 128 128 128
-0.0746111 -1.18594 0.436536 128 128 128
-0.0899011 -1.19436 0.43978 128 128 128
-0.103178 -1.1781 0.43459 128 128 128
-0.11792 -1.17957 0.435563 128 128 128
-0.133366 -1.18649 0.438483 128 128 128
-0.149481 -1.19696 0.4427 128 128 128
-0.156903 -1.14352 0.424857 128 128 128
-0.534029 -3.50888 1.24627 128 128 128
-0.575189 -3.49086 1.24238 128 128 128
-0.619814 -3.49379 1.24595 128 128 128
-0.662997 -3.48778 1.24659 128 128 128
-0.707827 -3.48957 1.25016 128 128 128
-0.750997 -3.48247 1.25081 128 128 128
-0.800665 -3.50342 1.26152 128 128 128
-0.843821 -3.49425 1.26184 128 128 128
-0.884528 -3.47538 1.25892 128 128 128
-0.932021 -3.48253 1.26541 128 128 128
-0.972376 -3.46264 1.26249 128 128 128
-1.01479 -3.45045 1.26249 128 128 128
-1.06292 -3.45671 1.2693 128 128 128
-1.10584 -3.44521 1.26995 128 128 128
-1.15165 -3.44214 1.27385 128 128 128
-1.19349 -3.42686 1.27352 128 128 128
-1.23222 -3.40306 1.27028 128 128 128
-1.27756 -3.39742 1.27385 128 128 128
-1.31985 -3.38325 1.27449 128 128 128
-1.36482 -3.37556 1.27774 128 128 128
-1.40688 -3.3603 1.27839 128 128 128
-1.44838 -3.34365 1.27871 128 128 128
-1.48892 -3.32477 1.27839 128 128 128
-1.53359 -3.31482 1.28163 128 128 128
-1.57047 -3.28808 1.27871 128 128 128
-1.60987 -3.26686 1.27806 128 128 128
-1.661 -3.26877 1.2865 128 128 128
-1.70011 -3.24647 1.28585 128 128 128
-1.73532 -3.21704 1.2826 128 128 128
-1.77651 -3.19881 1.2839 128 128 128
-1.81422 -3.17431 1.28293 128 128 128
-1.85399 -3.15343 1.28358 128 128 128
-1.89696 -3.13773 1.2865 128 128 128
-1.93082 -3.10699 1.28358 128 128 128
-1.97391 -3.09102 1.28682 128 128 128
-2.00597 -3.05787 1.28325 128 128 128
-2.04335 -3.03303 1.28325 128 128 128
-2.08634 -3.01627 1.28682 128 128 128
-2.11717 -2.98197 1.28325 128 128 128
-2.15416 -2.95653 1.28358 128 128 128
-2.19028 -2.92987 1.28358 128 128 128
-2.22549 -2.90202 1.28325 128 128 128
-2.2621 -2.87598 1.2839 128 128 128
-2.29663 -2.84727 1.28358 128 128 128
-2.33261 -2.82032 1.28423 128 128 128
-2.36643 -2.79077 1.2839 128 128 128
-2.4005 -2.76152 1.2839 128 128 128
-2.43546 -2.73326 1.28455 128 128 128
-2.46116 -2.6948 1.28066 128 128 128
-2.49987 -2.6706 1.28358 128 128 128
-2.52065 -2.62745 1.27774 128 128 128
-2.5527 -2.59632 1.27774 128 128 128
-2.59714 -2.57744 1.2839 128 128 128
-2.62177 -2.53881 1.28066 128 128 128
-2.64723 -2.50125 1.27806 128 128 128
-0.804956 -0.745991 0.405393 128 128 128
-0.811937 -0.734161 0.404419 128 128 128
-2.74319 -2.4071 1.28066 128 128 128
-0.83978 -0.722615 0.408961 128 128 128
-2.80216 -2.33966 1.28098 128 128 128
-2.81304 -2.29078 1.2732 128 128 128
-2.84243 -2.25727 1.27385 128 128 128
-2.87216 -2.22395 1.27482 128 128 128
-2.89545 -2.18569 1.2732 128 128 128
-2.90223 -2.13544 1.26476 128 128 128
-2.93514 -2.10462 1.26768 128 128 128
-2.95842 -2.06682 1.26671 128 128 128
-2.9773 -2.02611 1.26411 128 128 128
-2.9901 -1.9816 1.25925 128 128 128
-3.02533 -1.95192 1.26379 128 128 128
-3.03623 -1.90661 1.2586 128 128 128
-3.05051 -1.8638 1.25503 128 128 128
-3.06502 -1.8214 1.25179 128 128 128
-3.08468 -1.78223 1.25081 128 128 128
-3.09724 -1.73916 1.24724 128 128 128
-3.10007 -1.69108 1.24011 128 128 128
-3.11975 -1.65247 1.23978 128 128 128
-3.12717 -1.60759 1.23492 128 128 128
-3.14158 -1.56656 1.23297 128 128 128
-3.13841 -1.51721 1.22453 128 128 128
-3.14908 -1.47498 1.22162 128 128 128
-3.1747 -1.43974 1.22453 128 128 128
-3.17133 -1.39157 1.21675 128 128 128
-3.17771 -1.34813 1.21286 128 128 128
-3.18964 -1.30724 1.21123 128 128 128
-3.20192 -1.26662 1.20994 128 128 128
-3.2075 -1.22353 1.20637 128 128 128
-3.2196 -1.1831 1.20539 128 128 128
-3.22496 -1.14036 1.20215 128 128 128
-3.23781 -1.1004 1.20183 128 128 128
-3.24118 -1.05737 1.19826 128 128 128
-3.24307 -1.01414 1.19436 128 128 128
-3.25527 -0.974264 1.19436 128 128 128
-3.2597 -0.932172 1.19177 128 128 128
-3.24625 -0.88541 1.18301 128 128 128
-3.27244 -0.849528 1.18853 128 128 128
-3.2569 -0.802998 1.17944 128 128 128
-3.19709 -0.705598 1.15187 128 128 128
-3.22218 -0.669756 1.15771 128 128 128
-3.2153 -0.627285 1.15252 128 128 128
-3.22461 -0.588119 1.15316 128 128 128
-3.2148 -0.545675 1.14732 128 128 128
-3.21191 -0.504727 1.14408 128 128 128
-3.19258 -0.461651 1.13532 128 128 128
-3.19519 -0.42207 1.13435 128 128 128
-3.19167 -0.381828 1.13143 128 128 128
-3.18483 -0.341437 1.12754 128 128 128
-3.17371 -0.30092 1.12234 128 128 128
-3.18659 -0.262716 1.12559 128 128 128
-3.00145 0.254706 0.982275 128 128 128
-2.98101 0.289866 0.976848 128 128 128
-2.9687 0.325495 0.974134 128 128 128
-2.96164 0.361555 0.973229 128 128 128
-2.94186 0.395845 0.968405 128 128 128
-2.92547 0.430257 0.964786 128 128 128
-2.91432 0.465225 0.962977 128 128 128
-2.87832 0.495788 0.953328 128 128 128
-2.8542 0.527787 0.947598 128 128 128
-2.83348 0.560006 0.943075 128 128 128
-2.81333 0.591993 0.938854 128 128 128
-2.71283 0.676044 0.913826 128 128 128
-2.839 0.744533 0.957851 128 128 128
-2.70094 0.743933 0.915635 128 128 128
-2.66412 0.769102 0.906589 128 128 128
-1.30527 0.394962 0.460916 128 128 128
-2.61716 0.825659 0.897543 128 128 128
-2.59778 0.854738 0.894528 128 128 128
-2.58258 0.88501 0.89302 128 128 128
-2.54997 0.908963 0.885783 128 128 128
-2.52789 0.936218 0.882165 128 128 128
-2.50375 0.962386 0.877943 128 128 128
-2.46783 0.98352 0.869802 128 128 128
-2.43354 1.00465 0.862263 128 128 128
-2.40787 1.02882 0.85774 128 128 128
-2.3846 1.05367 0.854122 128 128 128
-2.3524 1.07415 0.847488 128 128 128
-2.32093 1.09441 0.841156 128 128 128
-2.29103 1.11489 0.835426 128 128 128
-2.27121 1.13993 0.833316 128 128 128
-2.2418 1.15984 0.827888 128 128 128
-2.22319 1.18502 0.82638 128 128 128
-2.20347 1.20947 0.824571 128 128 128
-2.17684 1.22985 0.820349 128 128 128
-2.11705 1.23063 0.804066 128 128 128
-1.53529 0.918275 0.595402 128 128 128
-1.54179 0.94802 0.602036 128 128 128
-1.55342 0.981622 0.610781 128 128 128
-2.02291 1.3128 0.792306 128 128 128
-1.99475 1.3296 0.787783 128 128 128
-1.96884 1.34752 0.784165 128 128 128
-1.93498 1.35953 0.777531 128 128 128
-1.91274 1.37927 0.77542 128 128 128
-1.8788 1.39017 0.768786 128 128 128
-1.8502 1.40448 0.764263 128 128 128
-1.82756 1.42299 0.762153 128 128 128
-1.80325 1.43995 0.759439 128 128 128
-1.76478 1.44507 0.750996 128 128 128
-1.75714 1.4752 0.755217 128 128 128
-1.72589 1.48546 0.74979 128 128 128
-1.68535 1.48699 0.740442 128 128 128
-1.65424 1.49605 0.735014 128 128 128
-1.12711 1.04534 0.515796 128 128 128
-1.13356 1.07747 0.524239 128 128 128
-1.13735 1.10792 0.531778 128 128 128
-1.53765 1.53437 0.71662 128 128 128
-1.52671 1.5613 0.720239 128 128 128
-1.49097 1.56268 0.7127 128 128 128
-1.45803 1.56621 0.706368 128 128 128
-1.43036 1.57481 0.702448 128 128 128
-1.39637 1.57584 0.695513 128 128 128
-1.37069 1.58565 0.692497 128 128 128
-1.34559 1.5958 0.689784 128 128 128
-1.32045 1.60557 0.68707 128 128 128
-1.29766 1.61793 0.685562 128 128 128
-1.27066 1.62473 0.681944 128 128 128
-1.2431 1.63035 0.678024 128 128 128
-1.21788 1.63859 0.67531 128 128 128
-1.19376 1.64801 0.673199 128 128 128
-1.17179 1.6602 0.672294 128 128 128
-1.14106 1.65954 0.666565 128 128 128
-1.11901 1.67104 0.66566 128 128 128
-1.08643 1.66628 0.658725 128 128 128
-1.05721 1.66581 0.653599 128 128 128
-1.03267 1.67217 0.651187 128 128 128
-1.00618 1.67491 0.647568 128 128 128
-0.982658 1.6822 0.645759 128 128 128
-0.948743 1.67092 0.637316 128 128 128
-0.924016 1.67493 0.634602 128 128 128
-0.899335 1.67858 0.631888 128 128 128
-0.876025 1.68442 0.630079 128 128 128
-0.842815 1.67037 0.621334 128 128 128
-0.822673 1.68144 0.621636 128 128 128
-0.798704 1.68452 0.619224 128 128 128
-0.77319 1.6838 0.615605 128 128 128
-0.748591 1.68445 0.61259 128 128 128
-0.728618 1.69526 0.613193 128 128 128
-0.703363 1.69351 0.609574 128 128 128
-0.678973 1.69317 0.606559 128 128 128
-0.657454 1.69959 0.605956 128 128 128
-0.631876 1.69503 0.601734 128 128 128
-0.607478 1.69279 0.598418 128 128 128
-0.587282 1.70192 0.599021 128 128 128
-0.562746 1.69814 0.595402 128 128 128
-0.536653 1.68856 0.589974 128 128 128
-0.51283 1.68499 0.586658 128 128 128
-0.489977 1.68384 0.584245 128 128 128
-0.46723 1.68237 0.581833 128 128 128
-0.446305 1.68706 0.581531 128 128 128
-0.419738 1.6693 0.573993 128 128 128
-0.400331 1.67896 0.575501 128 128 128
-0.377592 1.67445 0.572485 128 128 128
-0.356817 1.67802 0.572184 128 128 128
-0.330195 1.65236 0.562535 128 128 128
-0.309893 1.65629 0.562535 128 128 128
-0.288392 1.65339 0.560424 128 128 128
-0.268387 1.65869 0.561027 128 128 128
-0.245748 1.64677 0.556202 128 128 128
-0.224352 1.64116 0.553488 128 128 128
-0.203249 1.63622 0.551076 128 128 128
-0.182301 1.63101 0.548664 128 128 128
-0.161321 1.62364 0.545648 128 128 128
-0.141051 1.6217 0.544442 128 128 128
-0.120709 1.6176 0.542633 128 128 128
-0.100489 1.61325 0.540824 128 128 128
-0.0803454 1.6077 0.538713 128 128 128
-0.0605737 1.60761 0.538412 128 128 128
-0.0406662 1.60156 0.536301 128 128 128
-0.0209695 1.59908 0.535396 128 128 128
-0.00133829 1.5954 0.53419 128 128 128
0.0181895 1.59053 0.532682 128 128 128
0.0376193 1.58638 0.531476 128 128 128
0.0569498 1.58198 0.53027 128 128 128
0.0760879 1.57545 0.528461 128 128 128
0.095188 1.57059 0.527255 128 128 128
0.11466 1.57216 0.528159 128 128 128
0.133222 1.56208 0.525445 128 128 128
0.153024 1.56697 0.527556 128 128 128
0.171104 1.55455 0.524239 128 128 128
0.189592 1.5476 0.522731 128 128 128
0.207809 1.53949 0.520922 128 128 128
0.22627 1.53399 0.520018 128 128 128
0.244029 1.52451 0.517907 128 128 128
0.263203 1.52422 0.518812 128 128 128
0.283098 1.52744 0.520922 128 128 128
0.298686 1.50795 0.515796 128 128 128
0.315013 1.4939 0.512479 128 128 128
0.331871 1.48341 0.510368 128 128 128
0.350487 1.48108 0.510972 128 128 128
0.367255 1.47112 0.509162 128 128 128
0.386729 1.47203 0.510972 128 128 128
0.401226 1.45431 0.50675 128 128 128
0.41957 1.45111 0.507353 128 128 128
0.438447 1.4495 0.508559 128 128 128
0.456774 1.44583 0.509162 128 128 128
0.472994 1.43559 0.507655 128 128 128
0.490884 1.43058 0.507956 128 128 128
0.506485 1.41905 0.506147 128 128 128
0.522207 1.40826 0.504639 128 128 128
0.534325 1.38839 0.500116 128 128 128
0.551322 1.38173 0.500116 128 128 128
0.568237 1.37486 0.500116 128 128 128
0.585814 1.36954 0.500719 128 128 128
0.601037 1.35876 0.499513 128 128 128
0.62083 1.35822 0.501925 128 128 128
0.630139 1.33497 0.496498 128 128 128
0.646891 1.328 0.496799 128 128 128
0.660575 1.31485 0.49499 128 128 128
0.67491 1.30325 0.493784 128 128 128
0.692196 1.2974 0.494688 128 128 128
0.70669 1.2863 0.493784 128 128 128
0.726639 1.285 0.496498 128 128 128
0.732779 1.2595 0.490467 128 128 128
0.750135 1.25368 0.491673 128 128 128
0.774441 1.25901 0.497101 128 128 128
0.787798 1.24619 0.495895 128 128 128
0.805106 1.23962 0.497101 128 128 128
0.821842 1.23203 0.498005 128 128 128
0.837437 1.22264 0.498307 128 128 128
0.853473 1.21383 0.49891 128 128 128
0.866633 1.20095 0.498005 128 128 128
0.865438 1.16875 0.489562 128 128 128
0.894693 1.1778 0.497402 128 128 128
0.917273 1.17727 0.501624 128 128 128
0.931651 1.16592 0.501624 128 128 128
0.931402 1.13669 0.494387 128 128 128
0.935479 1.11348 0.489562 128 128 128
0.959638 1.11421 0.494688 128 128 128
0.973239 1.10235 0.494688 128 128 128
0.992445 1.09669 0.497402 128 128 128
1.01101 1.09003 0.499815 128 128 128
1.02037 1.07339 0.498005 128 128 128
1.04012 1.06762 0.501021 128 128 128
1.04237 1.04397 0.496196 128 128 128
1.06941 1.04511 0.502528 128 128 128
1.08078 1.03059 0.501925 128 128 128
1.10032 1.02375 0.504941 128 128 128
1.11209 1.00953 0.504639 128 128 128
1.12439 0.995808 0.504639 128 128 128
1.12139 0.968831 0.498307 128 128 128
1.13757 0.958688 0.500116 128 128 128
1.15808 0.951929 0.503735 128 128 128
1.18528 0.950184 0.510067 128 128 128
1.18334 0.924985 0.504639 128 128 128
1.2037 0.917338 0.508258 128 128 128
1.23093 0.914452 0.51459 128 128 128
1.23511 0.894239 0.511876 128 128 128
1.23353 0.87021 0.507052 128 128 128
1.26297 0.867985 0.514288 128 128 128
1.27273 0.85189 0.513987 128 128 128
1.28947 0.840378 0.516399 128 128 128
1.3013 0.825514 0.517002 128 128 128
1.3162 0.812492 0.518812 128 128 128
1.32444 0.795296 0.518208 128 128 128
1.33903 0.781872 0.520018 128 128 128
1.34853 0.765381 0.520018 128 128 128
1.36449 0.752464 0.52243 128 128 128
1.38119 0.739721 0.525144 128 128 128
1.39185 0.723597 0.525747 128 128 128
1.40658 0.709474 0.527858 128 128 128
1.42117 0.695097 0.529968 128 128 128
1.43476 0.680059 0.531778 128 128 128
1.43867 0.660409 0.53027 128 128 128
1.44754 0.643092 0.530572 128 128 128
1.45882 0.626789 0.531778 128 128 128
1.47961 0.614335 0.536301 128 128 128
1.49235 0.598265 0.53811 128 128 128
1.50402 0.58163 0.539618 128 128 128
1.51462 0.564464 0.540824 128 128 128
1.51874 0.544867 0.539919 128 128 128
1.53072 0.528059 0.541728 128 128 128
1.54251 0.511039 0.543538 128 128 128
1.55502 0.494098 0.545648 128 128 128
1.56279 0.475535 0.546251 128 128 128
1.57583 0.458458 0.548664 128 128 128
1.58961 0.441388 0.551378 128 128 128
1.59859 0.422826 0.552584 128 128 128
1.60921 0.404577 0.554393 128 128 128
1.62518 0.387461 0.558011 128 128 128
1.64934 0.371909 0.564344 128 128 128
1.65005 0.350845 0.563138 128 128 128
1.66545 0.332821 0.566756 128 128 128
1.67503 0.313415 0.568565 128 128 128
1.69565 0.295799 0.573993 128 128 128
1.7048 0.275887 0.575802 128 128 128
1.70334 0.254238 0.574295 128 128 128
1.72806 0.236305 0.58123 128 128 128
1.72705 0.214608 0.580024 128 128 128
1.7646 0.197346 0.591181 128 128 128
1.76784 0.175772 0.591482 128 128 128
1.77272 0.154315 0.592387 128 128 128
1.78493 0.133338 0.595704 128 128 128
1.79785 0.112146 0.599322 128 128 128
1.80195 0.0902199 0.600227 128 128 128
1.80769 0.068284 0.601734 128 128 128
1.8122 0.0461958 0.602941 128 128 128
1.81835 0.0240337 0.60475 128 128 128
1.82709 0.00173255 0.607464 128 128 128
1.83556 -0.0207795 0.610178 128 128 128
1.84374 -0.043499 0.612891 128 128 128
1.8526 -0.066456 0.615907 128 128 128
1.86212 -0.089682 0.619224 128 128 128
1.86849 -0.112981 0.621636 128 128 128
1.87743 -0.136656 0.624953 128 128 128
1.89081 -0.160967 0.629777 128 128 128
1.89344 -0.184617 0.631285 128 128 128
1.92231 -0.211254 0.641236 128 128 128
1.93282 -0.236439 0.645457 128 128 128
1.93166 -0.260393 0.646061 128 128 128
1.94625 -0.286706 0.65179 128 128 128
1.93881 -0.309968 0.650584 128 128 128
1.9499 -0.336319 0.655408 128 128 128
1.96438 -0.363681 0.661439 128 128 128
1.96819 -0.389419 0.664153 128 128 128
1.97166 -0.415306 0.666867 128 128 128
1.97014 -0.440299 0.668073 128 128 128
1.98593 -0.469473 0.675008 128 128 128
1.98372 -0.494728 0.676214 128 128 128
1.98949 -0.522173 0.680134 128 128 128
1.99121 -0.548822 0.682848 128 128 128
1.99623 -0.576648 0.686768 128 128 128
1.99083 -0.601652 0.687371 128 128 128
1.99876 -0.630906 0.692497 128 128 128
1.99268 -0.655982 0.6931 128 128 128
1.9953 -0.684089 0.696719 128 128 128
1.99843 -0.712679 0.700639 128 128 128
1.98686 -0.736157 0.699734 128 128 128
2.03019 -0.780639 0.717525 128 128 128
2.02134 -0.805847 0.717827 128 128 128
2.05362 -0.848033 0.7323 128 128 128
2.02551 -0.865687 0.72627 128 128 128
2.03218 -0.898176 0.7323 128 128 128
2.02708 -0.925815 0.734411 128 128 128
2.02333 -0.954276 0.737125 128 128 128
2.01404 -0.980284 0.73803 128 128 128
2.02573 -1.01689 0.746473 128 128 128
2.01479 -1.04255 0.747076 128 128 128
2.00353 -1.06809 0.747679 128 128 128
1.57307 -0.863893 0.597211 128 128 128
1.56235 -0.883132 0.597211 128 128 128
1.59922 -0.930003 0.614701 128 128 128
1.59915 -0.9564 0.618922 128 128 128
1.94157 -1.19342 0.750393 128 128 128
2.01468 -1.27261 0.78326 128 128 128
1.99651 -1.29568 0.782356 128 128 128
1.98443 -1.32273 0.783863 128 128 128
1.97828 -1.35398 0.787783 128 128 128
1.97791 -1.38965 0.794116 128 128 128
1.96535 -1.41716 0.795925 128 128 128
1.97465 -1.46101 0.806479 128 128 128
1.97328 -1.4978 0.813113 128 128 128
1.96981 -1.53361 0.819143 128 128 128
1.95308 -1.55945 0.820048 128 128 128
1.93601 -1.58511 0.820953 128 128 128
1.9186 -1.61059 0.821857 128 128 128
1.9146 -1.64768 0.828491 128 128 128
1.89137 -1.66853 0.827285 128 128 128
1.87924 -1.69929 0.830903 128 128 128
1.88624 -1.74813 0.842965 128 128 128
1.8598 -1.76655 0.840854 128 128 128
1.85781 -1.80852 0.849599 128 128 128
1.85371 -1.84935 0.85774 128 128 128
1.85489 -1.89649 0.868596 128 128 128
1.83411 -1.92186 0.869802 128 128 128
1.81624 -1.9505 0.872516 128 128 128
1.79409 -1.97476 0.87342 128 128 128
1.77288 -2.00019 0.874928 128 128 128
1.76568 -2.04198 0.883371 128 128 128
1.75832 -2.08463 0.892115 128 128 128
1.74655 -2.12297 0.899051 128 128 128
1.71917 -2.14276 0.898448 128 128 128
1.69745 -2.1697 0.90086 128 128 128
1.68053 -2.20325 0.905986 128 128 128
1.65792 -2.22983 0.908399 128 128 128
1.64219 -2.26621 0.914731 128 128 128
1.61866 -2.29242 0.917143 128 128 128
1.60771 -2.33724 0.926792 128 128 128
1.58528 -2.3663 0.930411 128 128 128
1.57176 -2.40952 0.939457 128 128 128
1.5385 -2.423 0.937346 128 128 128
1.52018 -2.46034 0.944282 128 128 128
1.49872 -2.49352 0.949709 128 128 128
1.47427 -2.52242 0.953629 128 128 128
1.44745 -2.54778 0.956343 128 128 128
1.43083 -2.59206 0.965992 128 128 128
1.39756 -2.6069 0.965088 128 128 128
1.37208 -2.63654 0.969611 128 128 128
1.33833 -2.65062 0.968706 128 128 128
1.31409 -2.68397 0.974737 128 128 128
1.28433 -2.70678 0.977149 128 128 128
1.25261 -2.7258 0.978355 128 128 128
1.23225 -2.77058 0.988608 128 128 128
1.20985 -2.81264 0.997955 128 128 128
1.17085 -2.81672 0.994337 128 128 128
1.14651 -2.85653 1.00308 128 128 128
1.11137 -2.87038 1.00308 128 128 128
1.08741 -2.91417 1.01333 128 128 128
1.05027 -2.92371 1.01213 128 128 128
1.02148 -2.9571 1.01906 128 128 128
0.996843 -3.0047 1.03082 128 128 128
0.954105 -2.99854 1.02479 128 128 128
0.926978 -3.04194 1.03535 128 128 128
0.891182 -3.05858 1.03716 128 128 128
0.854605 -3.07296 1.03836 128 128 128
0.817075 -3.08413 1.03866 128 128 128
0.718523 -2.85356 0.960263 128 128 128
0.741584 -3.10511 1.03927 128 128 128
0.708265 -3.13537 1.0462 128 128 128
0.672523 -3.15688 1.05042 128 128 128
0.634858 -3.1705 1.05223 128 128 128
0.604357 -3.22303 1.06671 128 128 128
0.564925 -3.23114 1.06701 128 128 128
0.523853 -3.22936 1.06429 128 128 128
0.49225 -3.28929 1.08148 128 128 128
0.451589 -3.2932 1.08088 128 128 128
0.414219 -3.32309 1.08872 128 128 128
0.373728 -3.33076 1.08962 128 128 128
0.335679 -3.36356 1.09867 128 128 128
0.292208 -3.34273 1.09083 128 128 128
0.252673 -3.36603 1.09716 128 128 128
0.211648 -3.37364 1.09867 128 128 128
0.171636 -3.40359 1.10741 128 128 128
0.130223 -3.41497 1.11043 128 128 128
0.0881558 -3.41059 1.10862 128 128 128
0.0465624 -3.43049 1.11465 128 128 128
0.00446644 -3.43366 1.11556 128 128 128
-0.0377609 -3.44204 1.11827 128 128 128
-0.0800624 -3.44417 1.11917 128 128 128
-0.122322 -3.44293 1.11917 128 128 128
-0.0596937 -1.22974 0.419002 128 128 128
-0.0732451 -1.20321 0.410861 128 128 128
-0.0871826 -1.19081 0.407242 128 128 128
-0.101629 -1.18775 0.406639 128 128 128
-0.116656 -1.19116 0.408147 128 128 128
-0.129919 -1.17732 0.404227 128 128 128
-0.146659 -1.19456 0.410258 128 128 128
-0.161687 -1.19551 0.411162 128 128 128
-0.514202 -3.49809 1.14782 128 128 128
-0.560837 -3.51506 1.15536 128 128 128
-0.602316 -3.49851 1.15234 128 128 128
-0.643473 -3.48148 1.14933 128 128 128
-0.694078 -3.51355 1.16229 128 128 128
-0.736163 -3.5001 1.16079 128 128 128
-0.783413 -3.51035 1.16712 128 128 128
-0.826431 -3.50047 1.16712 128 128 128
-0.871626 -3.49932 1.17013 128 128 128
-0.914985 -3.4902 1.17074 128 128 128
-0.963812 -3.50078 1.17797 128 128 128
-1.0067 -3.48868 1.17797 128 128 128
-1.04944 -3.47607 1.17797 128 128 128
-1.09516 -3.47293 1.18129 128 128 128
-1.1374 -3.45832 1.18099 128 128 128
-1.18068 -3.44681 1.18189 128 128 128
-1.22321 -3.43296 1.18219 128 128 128
-1.26855 -3.42664 1.18521 128 128 128
-1.31085 -3.4117 1.18551 128 128 128
-1.35262 -3.39536 1.18551 128 128 128
-1.39854 -3.38908 1.18913 128 128 128
-1.44002 -3.37166 1.18913 128 128 128
-1.48052 -3.35199 1.18853 128 128 128
-1.52748 -3.34659 1.19305 128 128 128
-1.56802 -3.32673 1.19275 128 128 128
-1.60915 -3.30809 1.19305 128 128 128
-1.64877 -3.28639 1.19245 128 128 128
-1.69029 -3.26845 1.19335 128 128 128
-1.73027 -3.24746 1.19335 128 128 128
-1.77045 -3.22682 1.19365 128 128 128
-1.80944 -3.20402 1.19335 128 128 128
-1.8491 -3.1824 1.19365 128 128 128
-1.8929 -3.16766 1.19667 128 128 128
-1.92715 -3.13688 1.19395 128 128 128
-1.9716 -3.12267 1.19757 128 128 128
-2.00977 -3.09824 1.19757 128 128 128
-2.04764 -3.07334 1.19757 128 128 128
-2.08466 -3.0472 1.19727 128 128 128
-2.12245 -3.02217 1.19757 128 128 128
-2.15937 -2.99589 1.19757 128 128 128
-2.19031 -2.9615 1.19456 128 128 128
-2.23225 -2.942 1.19757 128 128 128
-2.26174 -2.9061 1.19426 128 128 128
-2.30437 -2.88707 1.19787 128 128 128
-2.33419 -2.85194 1.19516 128 128 128
-2.36779 -2.82162 1.19456 128 128 128
-2.39913 -2.78873 1.19305 128 128 128
-2.43002 -2.7555 1.19154 128 128 128
-2.47323 -2.73609 1.19607 128 128 128
-2.50403 -2.70273 1.19486 128 128 128
-2.53767 -2.67249 1.19516 128 128 128
-2.56828 -2.6391 1.19426 128 128 128
-2.60182 -2.60874 1.19486 128 128 128
-2.63295 -2.57594 1.19456 128 128 128
-2.65678 -2.5362 1.19124 128 128 128
-0.804598 -0.748106 0.377089 128 128 128
-0.823593 -0.747157 0.38131 128 128 128
-0.843397 -0.746486 0.385833 128 128 128
-0.852494 -0.73608 0.385833 128 128 128
-0.826495 -0.696038 0.371359 128 128 128
-2.82733 -2.32661 1.18762 128 128 128
-2.85566 -2.29173 1.18762 128 128 128
-2.88357 -2.25652 1.18762 128 128 128
-2.91105 -2.22096 1.18762 128 128 128
-2.92967 -2.17881 1.18431 128 128 128
-2.9585 -2.14437 1.18521 128 128 128
-2.97603 -2.10185 1.18189 128 128 128
-3.00003 -2.06409 1.18129 128 128 128
-3.02434 -2.02659 1.18099 128 128 128
-3.04818 -1.98881 1.18069 128 128 128
-3.05546 -1.94051 1.17435 128 128 128
-3.08553 -1.90688 1.17677 128 128 128
-3.08582 -1.85511 1.16832 128 128 128
-3.10753 -1.81662 1.16802 128 128 128
-3.13456 -1.78118 1.16983 128 128 128
-3.13866 -1.73289 1.1635 128 128 128
-3.16053 -1.6947 1.1638 128 128 128
-3.1591 -1.64433 1.15596 128 128 128
-3.17904 -1.60544 1.15596 128 128 128
-3.1771 -1.55582 1.14842 128 128 128
-3.18993 -1.51385 1.14631 128 128 128
-3.19267 -1.46741 1.14088 128 128 128
-3.20347 -1.42502 1.13847 128 128 128
-3.21897 -1.38485 1.13787 128 128 128
-3.21811 -1.33792 1.13184 128 128 128
-3.22544 -1.29477 1.12882 128 128 128
-3.22686 -1.24957 1.124 128 128 128
-3.27184 -0.953419 1.10741 128 128 128
-3.29798 -0.917291 1.11224 128 128 128
-3.29517 -0.873082 1.10772 128 128 128
-3.26681 -0.822783 1.09505 128 128 128
-3.27851 -0.783076 1.09565 128 128 128
-3.28137 -0.741311 1.09354 128 128 128
-3.2725 -0.697206 1.08781 128 128 128
-3.27894 -0.65662 1.08721 128 128 128
-3.2577 -0.610873 1.07786 128 128 128
-3.25087 -0.568381 1.07334 128 128 128
-3.24442 -0.526302 1.06912 128 128 128
-3.23083 -0.483477 1.06279 128 128 128
-3.22424 -0.442104 1.05887 128 128 128
-3.21807 -0.401085 1.05525 128 128 128
-3.11738 0.0435852 0.929745 128 128 128
-2.98831 0.336422 0.897873 128 128 128
-2.97157 0.371502 0.89427 128 128 128
-2.96107 0.407147 0.892607 128 128 128
-2.94065 0.441151 0.888173 128 128 128
-2.91606 0.474095 0.88263 128 128 128
-2.89772 0.507671 0.879027 128 128 128
-2.87711 0.540511 0.87487 128 128 128
-2.84671 0.57102 0.867941 128 128 128
-2.82634 0.603085 0.864061 128 128 128
-2.79624 0.632603 0.857409 128 128 128
-2.76305 0.6608 0.849926 128 128 128
-2.7361 0.689931 0.844383 128 128 128
-2.72 0.721474 0.842166 128 128 128
-2.69614 0.750654 0.837732 128 128 128
-2.67105 0.779086 0.83302 128 128 128
-1.27419 0.386468 0.414528 128 128 128
-2.64289 0.841766 0.830526 128 128 128
-2.64231 0.913624 0.8369 128 128 128
-2.61916 0.941737 0.833297 128 128 128
-2.54713 0.951197 0.814729 128 128 128
-2.51736 0.975412 0.809186 128 128 128
-2.48648 0.998682 0.803366 128 128 128
-2.44213 1.01579 0.793388 128 128 128
-2.41977 1.04149 0.79034 128 128 128
-2.38751 1.06248 0.784242 128 128 128
-2.35074 1.08082 0.77676 128 128 128
-2.32689 1.10463 0.773434 128 128 128
-2.30282 1.12801 0.770108 128 128 128
-2.28452 1.15401 0.768722 128 128 128
-2.26167 1.17751 0.765951 128 128 128
-2.24197 1.20244 0.764288 128 128 128
-2.21864 1.2252 0.761516 128 128 128
-2.17673 1.2371 0.752648 128 128 128
-1.57718 0.920872 0.557259 128 128 128
-1.5526 0.932214 0.552825 128 128 128
-1.5541 0.959301 0.557259 128 128 128
-1.76178 1.11827 0.632366 128 128 128
-2.03006 1.32456 0.729645 128 128 128
-2.00568 1.34401 0.726873 128 128 128
-1.96215 1.34996 0.71745 128 128 128
-1.93603 1.36727 0.714124 128 128 128
-1.90901 1.38358 0.710521 128 128 128
-1.88573 1.4023 0.708304 128 128 128
-1.85007 1.41132 0.701653 128 128 128
-1.83185 1.43333 0.701376 128 128 128
-1.80664 1.44967 0.698604 128 128 128
-1.77983 1.46439 0.695278 128 128 128
-1.75072 1.47681 0.691121 128 128 128
-1.72884 1.49503 0.689735 128 128 128
-1.71323 1.51869 0.690844 128 128 128
-1.19038 1.07995 0.49407 128 128 128
-1.14264 1.06233 0.480489 128 128 128
-1.13923 1.08558 0.484369 128 128 128
-1.15394 1.12707 0.495732 128 128 128
-1.5417 1.54525 0.660081 128 128 128
-1.51526 1.55646 0.657032 128 128 128
-1.48878 1.56726 0.653983 128 128 128
-1.44662 1.56071 0.644283 128 128 128
-1.42479 1.57549 0.643175 128 128 128
-1.39773 1.58419 0.639849 128 128 128
-1.37444 1.59685 0.638186 128 128 128
-1.34796 1.60549 0.635137 128 128 128
-1.33058 1.62489 0.636246 128 128 128
-1.29439 1.62079 0.628763 128 128 128
-1.27146 1.63276 0.627377 128 128 128
-1.24843 1.6444 0.625992 128 128 128
-1.22303 1.65264 0.623497 128 128 128
-1.19593 1.65816 0.620171 128 128 128
-1.16502 1.65775 0.614906 128 128 128
-1.13972 1.66478 0.612411 128 128 128
-1.11017 1.66503 0.6077 128 128 128
-1.08705 1.67449 0.606314 128 128 128
-1.0613 1.67958 0.603543 128 128 128
-1.0361 1.6851 0.601048 128 128 128
-1.00404 1.6787 0.594674 128 128 128
-0.974218 1.67509 0.589408 128 128 128
-0.943225 1.6685 0.583311 128 128 128
-0.922218 1.6791 0.583034 128 128 128
-0.893437 1.67502 0.578045 128 128 128
-0.868855 1.67817 0.575551 128 128 128
-0.844331 1.68097 0.573056 128 128 128
-0.817357 1.67823 0.568899 128 128 128
-0.794252 1.68291 0.567236 128 128 128
-0.772745 1.69078 0.566682 128 128 128
-0.746911 1.68871 0.563079 128 128 128
-0.721621 1.68713 0.559753 128 128 128
-0.703418 1.70208 0.561693 128 128 128
-0.674334 1.69004 0.555319 128 128 128
-0.651828 1.6937 0.553933 128 128 128
-0.628671 1.69526 0.551993 128 128 128
-0.606215 1.69832 0.550608 128 128 128
-0.5813 1.69381 0.547005 128 128 128
-0.555394 1.68529 0.542293 128 128 128
-0.533521 1.68831 0.541185 128 128 128
-0.510554 1.68737 0.538967 128 128 128
-0.489809 1.69351 0.538967 128 128 128
-0.46316 1.67808 0.532593 128 128 128
-0.441806 1.68084 0.531762 128 128 128
-0.41884 1.67681 0.52899 128 128 128
-0.39582 1.67153 0.525941 128 128 128
-0.375486 1.6772 0.526219 128 128 128
-0.349775 1.65723 0.519013 128 128 128
-0.327197 1.65008 0.515687 128 128 128
-0.30675 1.65303 0.51541 128 128 128
-0.282407 1.63299 0.508481 128 128 128
-0.261897 1.63348 0.50765 128 128 128
-0.240174 1.62516 0.504324 128 128 128
-0.220845 1.63275 0.50571 128 128 128
-0.198727 1.61817 0.500721 128 128 128
-0.178751 1.61953 0.500444 128 128 128
-0.158498 1.61778 0.499335 128 128 128
-0.138554 1.61864 0.499058 128 128 128
-0.11841 1.61639 0.49795 128 128 128
-0.0981729 1.611 0.49601 128 128 128
-0.0782632 1.60921 0.495178 128 128 128
-0.0586073 1.61293 0.49601 128 128 128
-0.0385409 1.60104 0.492407 128 128 128
-0.018873 1.59947 0.491852 128 128 128
0.000756356 1.59958 0.491852 128 128 128
0.0203415 1.59657 0.491021 128 128 128
0.0396676 1.58659 0.48825 128 128 128
0.0589433 1.58119 0.486864 128 128 128
0.0780422 1.57459 0.485201 128 128 128
0.097668 1.5783 0.486587 128 128 128
0.115778 1.5607 0.481875 128 128 128
0.13441 1.55342 0.480212 128 128 128
0.153171 1.54879 0.479381 128 128 128
0.172275 1.54774 0.479658 128 128 128
0.191014 1.54361 0.479104 128 128 128
0.209149 1.53544 0.477441 128 128 128
0.226968 1.5261 0.475501 128 128 128
0.245368 1.52131 0.474946 128 128 128
0.262848 1.51156 0.473006 128 128 128
0.281199 1.50728 0.472729 128 128 128
0.298533 1.49806 0.471066 128 128 128
0.318105 1.49992 0.472729 128 128 128
0.333074 1.48091 0.468295 128 128 128
0.352796 1.48325 0.470235 128 128 128
0.368844 1.47043 0.467741 128 128 128
0.385375 1.46023 0.466078 128 128 128
0.403265 1.45539 0.466078 128 128 128
0.419743 1.44572 0.464692 128 128 128
0.434917 1.43219 0.462198 128 128 128
0.453924 1.43132 0.463583 128 128 128
0.471759 1.42655 0.463861 128 128 128
0.484815 1.40795 0.459981 128 128 128
0.50173 1.40099 0.459703 128 128 128
0.517872 1.39203 0.458872 128 128 128
0.534567 1.38468 0.458595 128 128 128
0.551519 1.37801 0.458595 128 128 128
0.567276 1.36848 0.457763 128 128 128
0.581358 1.35524 0.455823 128 128 128
0.598337 1.34888 0.4561 128 128 128
0.616054 1.34406 0.456932 128 128 128
0.630434 1.33206 0.455546 128 128 128
0.645885 1.3225 0.454992 128 128 128
0.662065 1.31447 0.454992 128 128 128
0.67147 1.29347 0.450835 128 128 128
0.689114 1.28852 0.451943 128 128 128
0.699284 1.26988 0.448617 128 128 128
0.722433 1.27456 0.453052 128 128 128
0.731697 1.25483 0.449449 128 128 128
0.748034 1.2474 0.450003 128 128 128
0.763285 1.23812 0.450003 128 128 128
0.782036 1.23434 0.451943 128 128 128
0.797125 1.22465 0.451943 128 128 128
0.812629 1.21557 0.45222 128 128 128
0.825301 1.20234 0.451112 128 128 128
0.838882 1.19056 0.450558 128 128 128
0.852299 1.17862 0.450003 128 128 128
0.867273 1.16884 0.45028 128 128 128
0.882135 1.15887 0.450558 128 128 128
0.89629 1.14796 0.450558 128 128 128
0.919349 1.1481 0.454715 128 128 128
0.925416 1.1271 0.451112 128 128 128
0.935452 1.11126 0.449449 128 128 128
0.952167 1.10332 0.450835 128 128 128
0.956694 1.08151 0.446955 128 128 128
0.975073 1.07536 0.449172 128 128 128
0.997381 1.07315 0.453052 128 128 128
1.01048 1.06083 0.453052 128 128 128
1.02746 1.05246 0.454715 128 128 128
1.0437 1.04316 0.4561 128 128 128
1.05504 1.02893 0.455546 128 128 128
1.06968 1.01789 0.456378 128 128 128
1.08562 1.00795 0.457763 128 128 128
1.09863 0.995192 0.458041 128 128 128
1.11725 0.987344 0.460535 128 128 128
1.12345 0.968556 0.458318 128 128 128
1.14041 0.959011 0.460258 128 128 128
1.15209 0.944945 0.460258 128 128 128
1.16661 0.933128 0.461366 128 128 128
1.18253 0.922275 0.463029 128 128 128
1.19529 0.908853 0.463583 128 128 128
1.21795 0.902667 0.467741 128 128 128
1.20553 0.870838 0.459426 128 128 128
1.22085 0.859284 0.461089 128 128 128
1.26067 0.864261 0.471344 128 128 128
1.26078 0.841818 0.467741 128 128 128
1.27505 0.82889 0.469126 128 128 128
1.29488 0.81932 0.472452 128 128 128
1.32205 0.813901 0.478272 128 128 128
1.29313 0.774517 0.465246 128 128 128
1.33165 0.775436 0.474946 128 128 128
1.34692 0.762334 0.476886 128 128 128
1.3663 0.751276 0.480212 128 128 128
1.37796 0.735804 0.481044 128 128 128
1.38518 0.717959 0.480489 128 128 128
1.40334 0.705631 0.483538 128 128 128
1.40843 0.686681 0.482429 128 128 128
1.4298 0.675469 0.486587 128 128 128
1.43711 0.657474 0.486309 128 128 128
1.45034 0.64211 0.487972 128 128 128
1.46784 0.628398 0.491021 128 128 128
1.47988 0.612163 0.492407 128 128 128
1.47746 0.590062 0.489358 128 128 128
1.49985 0.57772 0.49407 128 128 128
1.50773 0.559603 0.494347 128 128 128
1.51267 0.540416 0.493792 128 128 128
1.521 0.522433 0.494347 128 128 128
1.53369 0.505819 0.496287 128 128 128
1.54162 0.487535 0.496841 128 128 128
1.56497 0.473827 0.502107 128 128 128
1.56051 0.451673 0.499058 128 128 128
1.56964 0.433503 0.500167 128 128 128
1.59437 0.419293 0.505987 128 128 128
1.60219 0.400388 0.506818 128 128 128
1.59389 0.377627 0.502938 128 128 128
1.62186 0.363232 0.509867 128 128 128
1.64688 0.347618 0.515964 128 128 128
1.6482 0.326828 0.515133 128 128 128
1.66248 0.30848 0.518181 128 128 128
1.67466 0.289509 0.520676 128 128 128
1.68663 0.270284 0.52317 128 128 128
1.69648 0.250533 0.52511 128 128 128
1.70609 0.230581 0.52705 128 128 128
1.71929 0.21089 0.530099 128 128 128
1.73225 0.190909 0.533147 128 128 128
1.74594 0.170732 0.536473 128 128 128
1.75748 0.15009 0.539245 128 128 128
1.77165 0.129393 0.542847 128 128 128
1.79613 0.108987 0.549499 128 128 128
1.79061 0.0866276 0.547559 128 128 128
1.8021 0.0650048 0.550608 128 128 128
1.81141 0.0430715 0.553102 128 128 128
1.81468 0.0208662 0.553933 128 128 128
1.82249 -0.00142747 0.55615 128 128 128
1.82906 -0.0238949 0.558091 128 128 128
1.83247 -0.0464444 0.559199 128 128 128
1.84712 -0.0695402 0.563634 128 128 128
1.86724 -0.0933028 0.569731 128 128 128
1.84198 -0.114665 0.562802 128 128 128
1.85768 -0.138584 0.567791 128 128 128
1.85393 -0.1612 0.567236 128 128 128
1.86615 -0.185394 0.571394 128 128 128
1.87805 -0.209912 0.575551 128 128 128
1.89059 -0.234871 0.579985 128 128 128
1.90945 -0.261093 0.58636 128 128 128
1.91275 -0.285513 0.5883 128 128 128
1.92143 -0.310985 0.591902 128 128 128
1.92788 -0.336379 0.594951 128 128 128
1.93966 -0.36305 0.599663 128 128 128
1.94636 -0.389108 0.602988 128 128 128
1.95177 -0.415184 0.606037 128 128 128
1.95496 -0.441024 0.608531 128 128 128
1.95781 -0.467004 0.611026 128 128 128
1.96217 -0.493593 0.614074 128 128 128
1.96804 -0.520855 0.617677 128 128 128
1.97723 -0.54937 0.622389 128 128 128
1.98232 -0.577108 0.625992 128 128 128
1.98428 -0.604207 0.628763 128 128 128
1.98403 -0.630855 0.63098 128 128 128
1.98161 -0.65698 0.632643 128 128 128
1.98247 -0.684401 0.635415 128 128 128
1.98387 -0.712268 0.638463 128 128 128
1.99837 -0.745334 0.645669 128 128 128
1.99355 -0.771543 0.647055 128 128 128
1.99908 -0.80206 0.651766 128 128 128
1.98376 -0.824309 0.650103 128 128 128
1.9735 -0.84859 0.650103 128 128 128
2.01206 -0.894697 0.665624 128 128 128
2.0114 -0.924154 0.668949 128 128 128
2.01378 -0.955382 0.673384 128 128 128
2.01139 -0.984686 0.676432 128 128 128
2.00944 -1.01451 0.679758 128 128 128
2.01387 -1.04799 0.685301 128 128 128
2.00847 -1.07673 0.687795 128 128 128
1.79258 -0.989029 0.621003 128 128 128
1.53828 -0.872882 0.54063 128 128 128
1.52249 -0.888775 0.538967 128 128 128
1.53614 -0.922285 0.547282 128 128 128
1.51981 -0.938028 0.545619 128 128 128
1.97567 -1.25462 0.705533 128 128 128
1.97942 -1.2914 0.712184 128 128 128
1.98894 -1.33275 0.721053 128 128 128
1.99615 -1.37344 0.729367 128 128 128
1.96739 -1.3895 0.72521 128 128 128
1.98438 -1.4384 0.737405 128 128 128
1.96581 -1.46207 0.737127 128 128 128
1.9523 -1.48959 0.73879 128 128 128
1.9573 -1.53183 0.747382 128 128 128
1.95107 -1.56598 0.752093 128 128 128
1.93541 -1.59286 0.753479 128 128 128
1.88712 -1.59228 0.74267 128 128 128
1.90517 -1.64807 0.757082 128 128 128
1.90347 -1.68793 0.764288 128 128 128
1.889 -1.71699 0.766782 128 128 128
1.872 -1.74397 0.768445 128 128 128
1.85948 -1.77545 0.772048 128 128 128
1.85058 -1.81093 0.777314 128 128 128
1.83499 -1.84032 0.780085 128 128 128
1.8203 -1.87097 0.783411 128 128 128
1.81305 -1.90992 0.790063 128 128 128
1.80121 -1.94473 0.795051 128 128 128
1.78686 -1.97739 0.799208 128 128 128
1.77387 -2.01216 0.804197 128 128 128
1.76155 -2.04837 0.80974 128 128 128
1.74738 -2.0831 0.814729 128 128 128
1.73626 -2.12225 0.82138 128 128 128
1.71487 -2.14942 0.823597 128 128 128
1.68424 -2.16498 0.821657 128 128 128
1.67088 -2.20312 0.828032 128 128 128
1.65854 -2.24357 0.835237 128 128 128
1.62808 -2.25985 0.833852 128 128 128
1.60463 -2.28595 0.836069 128 128 128
1.58403 -2.31659 0.839949 128 128 128
1.5709 -2.35907 0.847986 128 128 128
1.546 -2.38462 0.850203 128 128 128
1.52276 -2.41317 0.853529 128 128 128
1.50307 -2.44807 0.859072 128 128 128
1.48569 -2.4878 0.866278 128 128 128
1.46419 -2.52164 0.871544 128 128 128
1.43926 -2.5503 0.875147 128 128 128
1.42445 -2.59813 0.885124 128 128 128
1.39065 -2.61202 0.884015 128 128 128
1.35894 -2.62974 0.884293 128 128 128
1.33429 -2.66169 0.889281 128 128 128
1.30907 -2.69343 0.89427 128 128 128
1.27877 -2.71538 0.89621 128 128 128
1.24496 -2.72999 0.895933 128 128 128
1.21716 -2.75826 0.90009 128 128 128
1.18435 -2.77564 0.900921 128 128 128
1.15969 -2.81307 0.908127 128 128 128
1.13039 -2.84049 0.912284 128 128 128
1.09785 -2.86043 0.914224 128 128 128
1.06599 -2.8827 0.916996 128 128 128
1.04434 -2.93451 0.928913 128 128 128
1.00484 -2.9371 0.925865 128 128 128
0.974394 -2.96656 0.93113 128 128 128
0.947976 -3.01038 0.94083 128 128 128
0.910134 -3.01903 0.939999 128 128 128
0.880963 -3.05768 0.948313 128 128 128
0.845402 -3.07567 0.950531 128 128 128
0.810015 -3.09512 0.953302 128 128 128
0.762285 -3.06565 0.941662 128 128 128
0.698085 -2.96158 0.908127 128 128 128
0.690352 -3.09938 0.946373 128 128 128
0.664036 -3.16405 0.963002 128 128 128
0.628481 -3.18894 0.967991 128 128 128
0.590857 -3.20492 0.970485 128 128 128
0.552452 -3.21761 0.972148 128 128 128
0.514573 -3.23458 0.975197 128 128 128
0.47857 -3.26633 0.98268 128 128 128
0.439463 -3.27958 0.984897 128 128 128
0.401479 -3.3038 0.99044 128 128 128
0.36307 -3.32854 0.99626 128 128 128
0.324205 -3.35379 1.00236 128 128 128
0.281752 -3.34219 0.997923 128 128 128
0.24153 -3.3569 1.00125 128 128 128
0.201606 -3.38167 1.00762 128 128 128
0.161111 -3.40597 1.014 128 128 128
0.119887 -3.42497 1.01899 128 128 128
0.0777444 -3.42138 1.0176 128 128 128
0.0357352 -3.42016 1.01705 128 128 128
-0.00630465 -3.44244 1.02342 128 128 128
-0.0487537 -3.45555 1.0273 128 128 128
-0.0914727 -3.46622 1.03063 128 128 128
-0.133619 -3.45523 1.02785 128 128 128
-0.17646 -3.46197 1.03035 128 128 128
-0.0749853 -1.22641 0.384874 128 128 128
-0.0884111 -1.20432 0.378776 128 128 128
-0.102501 -1.19549 0.376559 128 128 128
-0.116678 -1.18936 0.375174 128 128 128
-0.131482 -1.18975 0.375728 128 128 128
-0.146554 -1.19186 0.376836 128 128 128
-0.161962 -1.19568 0.378499 128 128 128
-0.179212 -1.2107 0.383488 128 128 128
-0.572054 -3.5134 1.05723 128 128 128
-0.615292 -3.50706 1.05751 128 128 128
-0.658104 -3.4983 1.05723 128 128 128
-0.706122 -3.51539 1.06472 128 128 128
-0.755465 -3.53558 1.07331 128 128 128
-0.794742 -3.50824 1.06804 128 128 128
-0.840206 -3.5085 1.07109 128 128 128
-0.885797 -3.50817 1.07414 128 128 128
-0.929276 -3.49889 1.07469 128 128 128
-0.974733 -3.49648 1.07746 128 128 128
-1.02081 -3.49532 1.08079 128 128 128
-1.06701 -3.49355 1.08412 128 128 128
-1.10687 -3.47105 1.08134 128 128 128
-1.15577 -3.47634 1.08716 128 128 128
-1.19519 -3.45282 1.08439 128 128 128
-1.24139 -3.44874 1.08772 128 128 128
-1.28395 -3.43414 1.088 128 128 128
-1.32983 -3.42798 1.09104 128 128 128
-1.3718 -3.4114 1.09104 128 128 128
-1.4143 -3.39608 1.0916 128 128 128
-1.46006 -3.38817 1.09465 128 128 128
-1.50153 -3.37 1.09465 128 128 128
-1.54317 -3.35219 1.09492 128 128 128
-1.58502 -3.33474 1.09548 128 128 128
-1.63049 -3.32452 1.09853 128 128 128
-1.67029 -3.30255 1.09797 128 128 128
-1.71069 -3.2818 1.09797 128 128 128
-1.75129 -3.26141 1.09825 128 128 128
-1.79724 -3.2506 1.10185 128 128 128
-1.83176 -3.21912 1.0988 128 128 128
-1.87647 -3.20551 1.10185 128 128 128
-1.91517 -3.18142 1.10158 128 128 128
-1.95508 -3.15931 1.10213 128 128 128
-1.9937 -3.13508 1.10213 128 128 128
-2.03203 -3.11038 1.10213 128 128 128
-2.07058 -3.08601 1.10241 128 128 128
-2.11375 -3.06827 1.10518 128 128 128
-2.14513 -3.03348 1.10213 128 128 128
-2.18276 -3.0077 1.10241 128 128 128
-2.22583 -2.98916 1.10546 128 128 128
-2.25709 -2.95476 1.10296 128 128 128
-2.29258 -2.92608 1.10268 128 128 128
-2.32771 -2.89698 1.10241 128 128 128
-2.35758 -2.86153 1.09991 128 128 128
-2.39873 -2.83971 1.10268 128 128 128
-2.43277 -2.80934 1.10241 128 128 128
-2.46897 -2.78143 1.10324 128 128 128
-2.50227 -2.75021 1.10296 128 128 128
-2.5319 -2.71508 1.1013 128 128 128
-2.56303 -2.68173 1.10047 128 128 128
-2.59238 -2.64664 1.09908 128 128 128
-2.62739 -2.61734 1.10019 128 128 128
-2.65931 -2.5849 1.10019 128 128 128
-2.69293 -2.55405 1.10102 128 128 128
-0.807492 -0.751131 0.348567 128 128 128
-0.83164 -0.75467 0.354388 128 128 128
-0.827848 -0.732991 0.349399 128 128 128
-2.79531 -2.40196 1.09354 128 128 128
-0.865487 -0.729096 0.356882 128 128 128
-2.86086 -2.33871 1.09631 128 128 128
-2.88859 -2.30283 1.09603 128 128 128
-2.91284 -2.26426 1.09465 128 128 128
-2.93887 -2.22719 1.09409 128 128 128
-2.96521 -2.19038 1.09382 128 128 128
-2.98562 -2.14935 1.0916 128 128 128
-3.00469 -2.10759 1.0891 128 128 128
-3.03588 -2.07435 1.09104 128 128 128
-3.0523 -2.03109 1.088 128 128 128
-3.06651 -1.9867 1.08439 128 128 128
-3.07927 -1.94176 1.08051 128 128 128
-3.10532 -1.90533 1.08134 128 128 128
-3.12022 -1.86216 1.07857 128 128 128
-3.1445 -1.8247 1.07913 128 128 128
-3.15409 -1.7789 1.07497 128 128 128
-3.16388 -1.73361 1.07109 128 128 128
-3.18831 -1.69646 1.0722 128 128 128
-3.19607 -1.65061 1.06804 128 128 128
-3.20577 -1.60611 1.06472 128 128 128
-3.21487 -1.56162 1.06139 128 128 128
-3.21552 -1.51348 1.05557 128 128 128
-3.2321 -1.47311 1.05502 128 128 128
-3.23938 -1.4287 1.05169 128 128 128
-3.23456 -1.37944 1.04476 128 128 128
-3.24414 -1.33673 1.04254 128 128 128
-3.2603 -1.29681 1.04254 128 128 128
-3.26519 -1.25259 1.03922 128 128 128
-3.2695 -1.20844 1.03589 128 128 128
-3.27956 -1.16662 1.03451 128 128 128
-3.28544 -1.1235 1.03201 128 128 128
-3.29807 -1.0828 1.03173 128 128 128
-3.3001 -1.0388 1.02841 128 128 128
-3.30248 -0.995187 1.02536 128 128 128
-3.32183 -0.956704 1.02758 128 128 128
-3.30923 -0.909277 1.02037 128 128 128
-3.31177 -0.866421 1.01788 128 128 128
-3.30629 -0.821794 1.01317 128 128 128
-3.30201 -0.735214 1.00624 128 128 128
-3.28257 -0.688753 0.997923 128 128 128
-3.28606 -0.647496 0.996537 128 128 128
-3.28052 -0.604699 0.992657 128 128 128
-3.27728 -0.562621 0.989608 128 128 128
-3.26875 -0.519965 0.985174 128 128 128
-3.25492 -0.476913 0.979354 128 128 128
-3.24814 -0.43529 0.975751 128 128 128
-3.24466 -0.394365 0.973257 128 128 128
-3.24352 -0.3539 0.971594 128 128 128
-3.23997 -0.31334 0.969377 128 128 128
-3.23016 -0.272444 0.965497 128 128 128
-3.0838 0.14922 0.841056 128 128 128
-3.0798 0.186935 0.840548 128 128 128
-3.05019 0.260414 0.834204 128 128 128
-3.03233 0.29642 0.830398 128 128 128
-3.01981 0.33266 0.828114 128 128 128
-2.98957 0.366526 0.821263 128 128 128
-2.98197 0.402798 0.820501 128 128 128
-2.96724 0.437953 0.817964 128 128 128
-2.95209 0.472807 0.815426 128 128 128
-2.91651 0.503907 0.80756 128 128 128
-2.90345 0.538428 0.805783 128 128 128
-2.87765 0.570265 0.800708 128 128 128
-2.84866 0.600953 0.794872 128 128 128
-2.81275 0.629541 0.787259 128 128 128
-2.72419 0.680368 0.76772 128 128 128
-2.75119 0.723073 0.777362 128 128 128
-2.76169 0.762174 0.782691 128 128 128
-2.70195 0.781518 0.768988 128 128 128
-2.68475 0.812379 0.766958 128 128 128
-2.65981 0.840607 0.762898 128 128 128
-2.63644 0.868951 0.759346 128 128 128
-2.61917 0.899044 0.757569 128 128 128
-2.57241 0.918451 0.747673 128 128 128
-2.55278 0.946925 0.745389 128 128 128
-2.52652 0.972628 0.741329 128 128 128
-2.50271 0.998903 0.73803 128 128 128
-2.45897 1.01662 0.729148 128 128 128
-2.43742 1.04292 0.726611 128 128 128
-2.41293 1.06767 0.723312 128 128 128
-2.37853 1.08756 0.717222 128 128 128
-2.34839 1.10883 0.7124 128 128 128
-2.32329 1.13206 0.709102 128 128 128
-2.29799 1.15484 0.705803 128 128 128
-2.27162 1.17673 0.70225 128 128 128
-2.24676 1.19906 0.699205 128 128 128
-2.21746 1.21863 0.694891 128 128 128
-2.19392 1.24099 0.692354 128 128 128
-1.55885 0.907644 0.504319 128 128 128
-1.56918 0.939609 0.510917 128 128 128
-1.56578 0.963859 0.513454 128 128 128
-2.07477 1.31203 0.675098 128 128 128
-2.0504 1.33212 0.67256 128 128 128
-2.01539 1.34485 0.666724 128 128 128
-1.99395 1.3662 0.665201 128 128 128
-1.94616 1.36888 0.655305 128 128 128
-1.92059 1.38644 0.652514 128 128 128
-1.88865 1.39897 0.647692 128 128 128
-1.86672 1.41853 0.64617 128 128 128
-1.83543 1.43064 0.641602 128 128 128
-1.81396 1.45004 0.640333 128 128 128
-1.79603 1.47219 0.640333 128 128 128
-1.76375 1.4823 0.635512 128 128 128
-1.7425 1.50131 0.634497 128 128 128
-1.69783 1.49954 0.625361 128 128 128
-1.14838 1.0402 0.437581 128 128 128
-1.14759 1.0654 0.441894 128 128 128
-1.15617 1.10005 0.449761 128 128 128
-1.573 1.53314 0.607345 128 128 128
-1.55475 1.55301 0.607598 128 128 128
-1.53084 1.56713 0.605822 128 128 128
-1.49814 1.57181 0.600747 128 128 128
-1.45896 1.56884 0.593134 128 128 128
-1.42139 1.56658 0.586029 128 128 128
-1.40847 1.59114 0.588567 128 128 128
-1.38061 1.59879 0.585268 128 128 128
-1.36151 1.61635 0.585521 128 128 128
-1.33052 1.61949 0.580954 128 128 128
-1.30146 1.62438 0.577147 128 128 128
-1.28143 1.64023 0.577147 128 128 128
-1.25241 1.6443 0.573341 128 128 128
-1.23213 1.65954 0.573341 128 128 128
-1.19181 1.64712 0.56446 128 128 128
-1.17374 1.66478 0.565475 128 128 128
-1.13678 1.65515 0.557862 128 128 128
-1.11154 1.66175 0.555578 128 128 128
-1.09582 1.68255 0.557862 128 128 128
-1.06472 1.67954 0.552787 128 128 128
-1.02623 1.66368 0.543905 128 128 128
-1.00275 1.67117 0.542383 128 128 128
-0.980216 1.68001 0.541368 128 128 128
-0.952837 1.68014 0.537815 128 128 128
-0.930278 1.68832 0.5368 128 128 128
-0.891668 1.66636 0.526903 128 128 128
-0.870705 1.67632 0.52665 128 128 128
-0.848325 1.68342 0.525635 128 128 128
-0.826752 1.69197 0.525127 128 128 128
-0.799294 1.688 0.521067 128 128 128
-0.775692 1.69153 0.519291 128 128 128
-0.748981 1.68767 0.515484 128 128 128
-0.728596 1.69762 0.515738 128 128 128
-0.705482 1.70107 0.514215 128 128 128
-0.683833 1.70781 0.513708 128 128 128
-0.65619 1.69893 0.508887 128 128 128
-0.636306 1.70958 0.509648 128 128 128
-0.609068 1.69996 0.504826 128 128 128
-0.584688 1.69725 0.502035 128 128 128
-0.557421 1.68502 0.496706 128 128 128
-0.537581 1.69449 0.497467 128 128 128
-0.509982 1.67876 0.491377 128 128 128
-0.488801 1.68303 0.49087 128 128 128
-0.461893 1.66654 0.48478 128 128 128
-0.445617 1.68798 0.489093 128 128 128
-0.418966 1.66987 0.48275 128 128 128
-0.396871 1.6683 0.480973 128 128 128
-0.376155 1.6721 0.480719 128 128 128
-0.349967 1.6501 0.473614 128 128 128
-0.329502 1.65332 0.47336 128 128 128
-0.308119 1.65153 0.471838 128 128 128
-0.28683 1.64947 0.470315 128 128 128
-0.263162 1.63186 0.464733 128 128 128
-0.241972 1.62732 0.462703 128 128 128
-0.221853 1.62921 0.462449 128 128 128
-0.201365 1.62797 0.461434 128 128 128
-0.181588 1.63224 0.461941 128 128 128
-0.161064 1.62953 0.460673 128 128 128
-0.140046 1.61982 0.457627 128 128 128
-0.119941 1.61852 0.456866 128 128 128
-0.0995257 1.61119 0.454582 128 128 128
-0.0796979 1.61132 0.454329 128 128 128
-0.0596613 1.60541 0.452552 128 128 128
-0.0399062 1.60409 0.452045 128 128 128
-0.0201926 1.60252 0.451537 128 128 128
-0.000518814 1.59685 0.450015 128 128 128
0.0190019 1.58996 0.448238 128 128 128
0.0385117 1.58961 0.448238 128 128 128
0.057809 1.58322 0.446716 128 128 128
0.0769552 1.57659 0.445193 128 128 128
0.0964711 1.57842 0.445955 128 128 128
0.114993 1.56554 0.44291 128 128 128
0.13346 1.55534 0.440626 128 128 128
0.151974 1.54781 0.439103 128 128 128
0.170324 1.54006 0.437581 128 128 128
0.188858 1.53497 0.436819 128 128 128
0.207293 1.52966 0.436058 128 128 128
0.225486 1.52318 0.435043 128 128 128
0.244313 1.52125 0.435297 128 128 128
0.26247 1.51528 0.434536 128 128 128
0.278406 1.49768 0.430729 128 128 128
0.298827 1.50459 0.43352 128 128 128
0.313882 1.48471 0.429207 128 128 128
0.331867 1.47981 0.428953 128 128 128
0.348889 1.47092 0.427684 128 128 128
0.364808 1.45808 0.4254 128 128 128
0.382428 1.45255 0.425146 128 128 128
0.398683 1.44216 0.423624 128 128 128
0.415277 1.43344 0.422609 128 128 128
0.431718 1.42453 0.421594 128 128 128
0.447711 1.41451 0.420325 128 128 128
0.468664 1.41994 0.42337 128 128 128
0.48135 1.40035 0.419564 128 128 128
0.500122 1.3989 0.420833 128 128 128
0.51893 1.39719 0.422101 128 128 128
0.53222 1.38079 0.41931 128 128 128
0.546617 1.36786 0.417534 128 128 128
0.561147 1.35569 0.416011 128 128 128
0.579641 1.35314 0.41728 128 128 128
0.597376 1.34858 0.418041 128 128 128
0.611871 1.33675 0.416772 128 128 128
0.629054 1.33089 0.41728 128 128 128
0.642799 1.31785 0.415757 128 128 128
0.657188 1.30641 0.414742 128 128 128
0.672725 1.29739 0.414489 128 128 128
0.688141 1.28818 0.414235 128 128 128
0.702966 1.27794 0.413727 128 128 128
0.720499 1.27259 0.414742 128 128 128
0.736547 1.26449 0.414996 128 128 128
0.749031 1.25037 0.413474 128 128 128
0.767357 1.24603 0.414996 128 128 128
0.778458 1.22998 0.412966 128 128 128
0.786122 1.20897 0.409413 128 128 128
0.806799 1.20809 0.412205 128 128 128
0.827573 1.20688 0.414996 128 128 128
0.840653 1.19426 0.414235 128 128 128
0.857507 1.18699 0.41525 128 128 128
0.859928 1.16005 0.409921 128 128 128
0.871175 1.14556 0.408652 128 128 128
0.906558 1.16225 0.417787 128 128 128
0.908682 1.13592 0.412712 128 128 128
0.922553 1.12469 0.412712 128 128 128
0.940017 1.11773 0.414235 128 128 128
0.944829 1.09584 0.410682 128 128 128
0.971643 1.0994 0.416011 128 128 128
0.983115 1.08524 0.41525 128 128 128
0.991756 1.06813 0.413474 128 128 128
1.00546 1.05658 0.413727 128 128 128
1.02914 1.05525 0.417787 128 128 128
1.03586 1.03638 0.415504 128 128 128
1.05196 1.02697 0.416772 128 128 128
1.06868 1.01799 0.418295 128 128 128
1.08039 1.00414 0.418041 128 128 128
1.09692 0.99471 0.419564 128 128 128
1.10471 0.977324 0.418041 128 128 128
1.11442 0.961796 0.41728 128 128 128
1.13058 0.95179 0.418803 128 128 128
1.15039 0.944604 0.421594 128 128 128
1.16038 0.929206 0.421086 128 128 128
1.18236 0.92324 0.424639 128 128 128
1.19053 0.906314 0.423624 128 128 128
1.20699 0.895676 0.4254 128 128 128
1.22024 0.8825 0.426162 128 128 128
1.2215 0.860764 0.423116 128 128 128
1.24393 0.853932 0.426923 128 128 128
1.27279 0.850985 0.432759 128 128 128
1.2718 0.827903 0.429207 128 128 128
1.28431 0.813789 0.429968 128 128 128
1.30161 0.802543 0.432252 128 128 128
1.3155 0.789001 0.43352 128 128 128
1.32926 0.775239 0.434789 128 128 128
1.3412 0.760302 0.435551 128 128 128
1.35466 0.746123 0.436819 128 128 128
1.37224 0.734013 0.439357 128 128 128
1.38458 0.718904 0.440372 128 128 128
1.39416 0.702295 0.440626 128 128 128
1.41744 0.692363 0.44494 128 128 128
1.42146 0.672844 0.443671 128 128 128
1.4595 0.66908 0.452299 128 128 128
1.46494 0.64994 0.451537 128 128 128
1.45504 0.624271 0.446462 128 128 128
1.47152 0.610081 0.449 128 128 128
1.48159 0.593058 0.449761 128 128 128
1.49056 0.57553 0.450268 128 128 128
1.49842 0.557533 0.450522 128 128 128
1.51516 0.5427 0.453314 128 128 128
1.52079 0.52375 0.45306 128 128 128
1.53445 0.507484 0.45509 128 128 128
1.54425 0.489788 0.456105 128 128 128
1.55477 0.472211 0.457374 128 128 128
1.56695 0.454989 0.45915 128 128 128
1.578 0.437281 0.460673 128 128 128
1.58606 0.418626 0.461434 128 128 128
1.59295 0.399603 0.461941 128 128 128
1.6015 0.380924 0.462956 128 128 128
1.61643 0.363586 0.465748 128 128 128
1.61699 0.342916 0.464733 128 128 128
1.63056 0.324946 0.46727 128 128 128
1.63822 0.305625 0.468285 128 128 128
1.67329 0.290992 0.476659 128 128 128
1.66719 0.268889 0.474122 128 128 128
1.6675 0.24798 0.47336 128 128 128
1.703 0.231963 0.481988 128 128 128
1.71051 0.211645 0.483257 128 128 128
1.71106 0.190423 0.48275 128 128 128
1.73156 0.171234 0.487571 128 128 128
1.73738 0.150309 0.488586 128 128 128
1.75646 0.130278 0.493154 128 128 128
1.76854 0.109379 0.495945 128 128 128
1.77265 0.087814 0.496706 128 128 128
1.78133 0.0663482 0.498736 128 128 128
1.79264 0.0447573 0.501528 128 128 128
1.80466 0.0229115 0.504573 128 128 128
1.80964 0.000769512 0.505841 128 128 128
1.82596 -0.0216201 0.510155 128 128 128
1.83426 -0.0442292 0.512439 128 128 128
1.83455 -0.0667695 0.512693 128 128 128
1.84518 -0.0898331 0.515738 128 128 128
1.8507 -0.112877 0.517514 128 128 128
1.85496 -0.135999 0.519037 128 128 128
1.87243 -0.160389 0.524112 128 128 128
1.87032 -0.183355 0.524112 128 128 128
1.87947 -0.207559 0.527157 128 128 128
1.87678 -0.230607 0.527157 128 128 128
1.88819 -0.255556 0.530963 128 128 128
1.89639 -0.280398 0.534009 128 128 128
1.90809 -0.306089 0.538069 128 128 128
1.91182 -0.330795 0.540099 128 128 128
1.91808 -0.356166 0.54289 128 128 128
1.92305 -0.381553 0.545428 128 128 128
1.93053 -0.407713 0.548727 128 128 128
1.94426 -0.435589 0.553802 128 128 128
1.95477 -0.463196 0.558116 128 128 128
1.96959 -0.492295 0.563698 128 128 128
1.96808 -0.517655 0.564967 128 128 128
1.96997 -0.54408 0.567251 128 128 128
1.97708 -0.572238 0.571057 128 128 128
1.98565 -0.601211 0.575371 128 128 128
1.98458 -0.62757 0.577147 128 128 128
1.98225 -0.653691 0.57867 128 128 128
1.98597 -0.682044 0.581969 128 128 128
1.98201 -0.707987 0.583238 128 128 128
1.98043 -0.734944 0.585268 128 128 128
1.97758 -0.761621 0.587044 128 128 128
1.98426 -0.792277 0.591612 128 128 128
1.99405 -0.824688 0.597194 128 128 128
1.99357 -0.853276 0.599986 128 128 128
1.99887 -0.884713 0.604553 128 128 128
1.99842 -0.913997 0.607598 128 128 128
2.00281 -0.945877 0.612166 128 128 128
1.99105 -0.970383 0.612166 128 128 128
2.00665 -1.00863 0.620286 128 128 128
2.01131 -1.04207 0.625361 128 128 128
1.99069 -1.06257 0.623078 128 128 128
1.98513 -1.09111 0.625361 128 128 128
1.51261 -0.856094 0.487063 128 128 128
1.53544 -0.894034 0.497214 128 128 128
1.51937 -0.909831 0.495691 128 128 128
1.52622 -0.93955 0.501274 128 128 128
1.86705 -1.18083 0.610644 128 128 128
1.96845 -1.27894 0.646931 128 128 128
1.96227 -1.30944 0.649976 128 128 128
1.95323 -1.33834 0.65226 128 128 128
1.94379 -1.36721 0.654544 128 128 128
1.97629 -1.4266 0.67053 128 128 128
1.94231 -1.43866 0.665201 128 128 128
1.95687 -1.48695 0.675859 128 128 128
1.94763 -1.51798 0.678904 128 128 128
1.94549 -1.55505 0.684487 128 128 128
1.91204 -1.56716 0.679666 128 128 128
1.91415 -1.60854 0.687025 128 128 128
1.91626 -1.65084 0.694637 128 128 128
1.90166 -1.67935 0.696667 128 128 128
1.88808 -1.70905 0.699205 128 128 128
1.87122 -1.73603 0.700728 128 128 128
1.85609 -1.76486 0.703011 128 128 128
1.84885 -1.80167 0.70834 128 128 128
1.83893 -1.83652 0.712908 128 128 128
1.82504 -1.86794 0.716207 128 128 128
1.80733 -1.89579 0.718237 128 128 128
1.79183 -1.92632 0.721282 128 128 128
1.79993 -1.98325 0.733716 128 128 128
1.77097 -2.00012 0.73194 128 128 128
1.77666 -2.05682 0.74412 128 128 128
1.74754 -2.07403 0.742598 128 128 128
1.7238 -2.09756 0.743359 128 128 128
1.72033 -2.14647 0.752748 128 128 128
1.69684 -2.17123 0.754017 128 128 128
1.67241 -2.19497 0.755032 128 128 128
1.65054 -2.22231 0.757316 128 128 128
1.63109 -2.25337 0.760868 128 128 128
1.60946 -2.2819 0.76366 128 128 128
1.58243 -2.30308 0.764167 128 128 128
1.56535 -2.3392 0.769496 128 128 128
1.54815 -2.37606 0.775079 128 128 128
1.53288 -2.41692 0.78193 128 128 128
1.50463 -2.43802 0.782691 128 128 128
1.47011 -2.44884 0.780408 128 128 128
1.45459 -2.49175 0.78802 128 128 128
1.43871 -2.53548 0.795887 128 128 128
1.41731 -2.57073 0.801216 128 128 128
1.39022 -2.59646 0.803753 128 128 128
1.36138 -2.61933 0.80553 128 128 128
1.34309 -2.66347 0.81365 128 128 128
1.31158 -2.68235 0.814411 128 128 128
1.28353 -2.70873 0.817456 128 128 128
1.25747 -2.7401 0.822024 128 128 128
1.22571 -2.75975 0.823293 128 128 128
1.19214 -2.77547 0.823546 128 128 128
1.16355 -2.80329 0.827353 128 128 128
1.13231 -2.82543 0.829637 128 128 128
1.10593 -2.86076 0.835727 128 128 128
1.0748 -2.885 0.838772 128 128 128
1.04128 -2.90343 0.840294 128 128 128
1.00652 -2.91873 0.841056 128 128 128
0.984629 -2.9731 0.852729 128 128 128
0.94983 -2.99049 0.854251 128 128 128
0.921798 -3.0306 0.862118 128 128 128
0.887514 -3.0519 0.864909 128 128 128
0.851551 -3.06815 0.866432 128 128 128
0.819778 -3.10081 0.872522 128 128 128
0.781193 -3.10876 0.872014 128 128 128
0.736471 -3.09083 0.864655 128 128 128
0.614548 -2.72789 0.764675 128 128 128
0.668454 -3.14582 0.874806 128 128 128
0.636824 -3.18887 0.884195 128 128 128
0.598712 -3.20215 0.885717 128 128 128
0.562369 -3.22641 0.890285 128 128 128
0.524591 -3.24453 0.89333 128 128 128
0.485451 -3.2555 0.894599 128 128 128
0.448747 -3.28517 0.900943 128 128 128
0.407323 -3.28179 0.898659 128 128 128
0.370899 -3.32115 0.907794 128 128 128
0.333186 -3.35625 0.915914 128 128 128
0.290796 -3.3466 0.912362 128 128 128
0.251658 -3.37596 0.919213 128 128 128
0.210574 -3.38458 0.920736 128 128 128
0.169121 -3.38884 0.921243 128 128 128
0.128 -3.40323 0.924542 128 128 128
0.0870235 -3.43549 0.932662 128 128 128
0.0449753 -3.445 0.934946 128 128 128
0.00269077 -3.44046 0.933677 128 128 128
-0.0397652 -3.46151 0.93926 128 128 128
-0.0824662 -3.47043 0.941798 128 128 128
-0.125082 -3.47012 0.942051 128 128 128
-0.168166 -3.47896 0.944843 128 128 128
-0.210904 -3.4776 0.945096 128 128 128
-0.0890158 -1.20763 0.348765 128 128 128
-0.102601 -1.19199 0.344959 128 128 128
-0.116471 -1.18294 0.342929 128 128 128
-0.130979 -1.18142 0.342929 128 128 128
-0.144763 -1.17396 0.341406 128 128 128
-0.159933 -1.17785 0.342929 128 128 128
-0.178881 -1.20642 0.351049 128 128 128
-0.564785 -3.52805 0.968442 128 128 128
-0.605409 -3.50561 0.964382 128 128 128
-0.652077 -3.51789 0.969711 128 128 128
-0.695761 -3.51247 0.970472 128 128 128
-0.741202 -3.51502 0.973517 128 128 128
-0.788919 -3.52643 0.9791 128 128 128
-0.832135 -3.51648 0.9791 128 128 128
-0.878032 -3.51727 0.982145 128 128 128
-0.924564 -3.51933 0.985698 128 128 128
-0.969994 -3.51611 0.987982 128 128 128
-1.01119 -3.49744 0.986205 128 128 128
-1.05963 -3.50328 0.99128 128 128 128
-1.10312 -3.49186 0.991788 128 128 128
-1.14649 -3.4799 0.992295 128 128 128
-1.19601 -3.4857 0.997878 128 128 128
-1.23869 -3.47076 0.997878 128 128 128
-1.28119 -3.4553 0.997878 128 128 128
-1.32384 -3.44022 0.998132 128 128 128
-1.37097 -3.43629 1.00168 128 128 128
-1.41673 -3.42815 1.00422 128 128 128
-1.45869 -3.41051 1.00422 128 128 128
-1.50004 -3.39146 1.00397 128 128 128
-1.54195 -3.37368 1.00422 128 128 128
-1.58777 -3.36413 1.00701 128 128 128
-1.62513 -3.33656 1.00473 128 128 128
-1.67072 -3.32588 1.00752 128 128 128
-1.71674 -3.31543 1.01057 128 128 128
-1.75821 -3.29583 1.01107 128 128 128
-1.79713 -3.27146 1.01031 128 128 128
-1.83238 -3.24074 1.00777 128 128 128
-1.87347 -3.22051 1.00854 128 128 128
-1.91731 -3.20475 1.01082 128 128 128
-1.957 -3.18181 1.01107 128 128 128
-1.99487 -3.15592 1.01057 128 128 128
-2.03397 -3.13201 1.01082 128 128 128
-2.07386 -3.10923 1.01158 128 128 128
-2.11022 -3.08115 1.01082 128 128 128
-2.14788 -3.05502 1.01082 128 128 128
-2.1869 -3.03079 1.01158 128 128 128
-2.22968 -3.0115 1.01412 128 128 128
-2.26764 -2.98545 1.01463 128 128 128
-2.30292 -2.95587 1.01412 128 128 128
-2.33298 -2.91983 1.01158 128 128 128
-2.37415 -2.89772 1.01386 128 128 128
-2.40393 -2.8617 1.01158 128 128 128
-2.44076 -2.83418 1.01234 128 128 128
-2.47536 -2.80402 1.01234 128 128 128
-2.50764 -2.77128 1.01158 128 128 128
-2.54409 -2.74314 1.0126 128 128 128
-2.57622 -2.71031 1.01209 128 128 128
-2.60996 -2.67918 1.01234 128 128 128
-2.63991 -2.64421 1.01133 128 128 128
-2.67424 -2.61365 1.01209 128 128 128
-2.69841 -2.57329 1.0093 128 128 128
-0.801476 -0.744433 0.318061 128 128 128
-0.834893 -0.756656 0.326688 128 128 128
-0.849182 -0.750844 0.328465 128 128 128
-2.8185 -2.43525 1.00828 128 128 128
-0.855523 -0.7198 0.324405 128 128 128
-2.87069 -2.35982 1.006 128 128 128
-2.90019 -2.32502 1.00625 128 128 128
-2.93003 -2.29044 1.00676 128 128 128
-2.95561 -2.25256 1.006 128 128 128
-2.98303 -2.21612 1.006 128 128 128
-3.00216 -2.17367 1.00346 128 128 128
-3.0294 -2.13722 1.00371 128 128 128
-3.05381 -2.09879 1.00321 128 128 128
-3.07853 -2.06062 1.00295 128 128 128
-3.09548 -2.0174 1.00042 128 128 128
-3.10204 -1.96786 0.994833 128 128 128
-3.1202 -1.92608 0.993057 128 128 128
-3.14028 -1.88565 0.992042 128 128 128
-3.16068 -1.84551 0.99128 128 128 128
-3.18056 -1.80515 0.990519 128 128 128
-3.20332 -1.76645 0.990773 128 128 128
-3.19833 -1.71285 0.982906 128 128 128
-3.21825 -1.67302 0.982653 128 128 128
-3.23681 -1.63253 0.982145 128 128 128
-3.25487 -1.59184 0.981638 128 128 128
-3.25668 -1.54348 0.976562 128 128 128
-3.24988 -1.49169 0.969203 128 128 128
-3.2812 -1.45759 0.97301 128 128 128
-3.27752 -1.40805 0.96692 128 128 128
-3.28562 -1.36401 0.964382 128 128 128
-3.29223 -1.31962 0.961591 128 128 128
-3.29465 -1.27389 0.957784 128 128 128
-3.3305 -0.968664 0.941036 128 128 128
-3.33561 -0.925907 0.93926 128 128 128
-3.35047 -0.885894 0.940275 128 128 128
-3.3367 -0.838573 0.933677 128 128 128
-3.33733 -0.795317 0.93114 128 128 128
-3.33646 -0.75196 0.928348 128 128 128
-3.32462 -0.706528 0.922766 128 128 128
-3.33968 -0.667005 0.924542 128 128 128
-3.3324 -0.623121 0.920482 128 128 128
-3.31217 -0.577353 0.913123 128 128 128
-3.30086 -0.533723 0.908302 128 128 128
-3.29664 -0.491602 0.90551 128 128 128
-3.28517 -0.448747 0.900943 128 128 128
-3.27411 -0.406367 0.896629 128 128 128
-3.20492 0.00170676 0.785953 128 128 128
-3.1959 0.0409127 0.783892 128 128 128
-3.17083 0.0794875 0.778166 128 128 128
-3.14529 0.117453 0.77244 128 128 128
-3.12903 0.155299 0.769005 128 128 128
-3.02947 0.337397 0.749079 128 128 128
-3.01641 0.37346 0.747018 128 128 128
-3.00485 0.409518 0.745415 128 128 128
-2.99189 0.445205 0.743582 128 128 128
-2.96411 0.478291 0.738315 128 128 128
-2.93884 0.511266 0.733734 128 128 128
-2.92852 0.546572 0.732818 128 128 128
-2.89391 0.576912 0.726176 128 128 128
-2.86472 0.607705 0.720908 128 128 128
-2.83521 0.637869 0.715641 128 128 128
-2.82149 0.671254 0.714266 128 128 128
-2.78473 0.698681 0.707396 128 128 128
-2.75713 0.727806 0.702815 128 128 128
-2.74424 0.76054 0.701899 128 128 128
-1.24898 0.360425 0.33774 128 128 128
-2.69123 0.817425 0.693654 128 128 128
-2.64482 0.838859 0.684722 128 128 128
-2.66204 0.880462 0.691592 128 128 128
-2.66208 0.916883 0.694341 128 128 128
-2.64788 0.948493 0.693654 128 128 128
-2.59227 0.964557 0.68266 128 128 128
-2.56118 0.988905 0.677851 128 128 128
-2.52176 1.00937 0.67098 128 128 128
-2.48582 1.03051 0.665025 128 128 128
-2.44616 1.04938 0.658154 128 128 128
-2.42243 1.07457 0.655406 128 128 128
-2.3843 1.09282 0.648993 128 128 128
-2.36368 1.11866 0.647161 128 128 128
-2.33229 1.13901 0.64258 128 128 128
-2.30685 1.16183 0.639603 128 128 128
-2.28637 1.18691 0.637999 128 128 128
-2.25963 1.20843 0.634793 128 128 128
-2.24974 1.23889 0.636167 128 128 128
-1.64041 0.928526 0.475388 128 128 128
-1.57344 0.916137 0.460272 128 128 128
-1.56208 0.935376 0.460272 128 128 128
-1.58939 0.978545 0.471036 128 128 128
-2.08493 1.32072 0.612577 128 128 128
-2.05797 1.33929 0.6096 128 128 128
-2.02521 1.3536 0.605019 128 128 128
-1.9892 1.3651 0.599522 128 128 128
-1.95164 1.3748 0.593567 128 128 128
-1.93226 1.39693 0.59288 128 128 128
-1.89857 1.40833 0.588071 128 128 128
-1.8765 1.42797 0.586697 128 128 128
-1.84811 1.44249 0.58349 128 128 128
-1.82951 1.46445 0.583261 128 128 128
-1.79938 1.47689 0.579597 128 128 128
-1.77517 1.49384 0.577764 128 128 128
-1.74199 1.50277 0.573184 128 128 128
-1.22614 1.08273 0.416756 128 128 128
-1.15156 1.04203 0.397288 128 128 128
-1.1636 1.07931 0.405304 128 128 128
-1.16083 1.1036 0.40874 128 128 128
-1.59022 1.55159 0.554632 128 128 128
-1.56007 1.55996 0.550968 128 128 128
-1.52045 1.55805 0.544097 128 128 128
-1.49251 1.56741 0.541119 128 128 128
-1.46721 1.57917 0.539058 128 128 128
-1.44054 1.58911 0.536539 128 128 128
-1.41128 1.59572 0.533103 128 128 128
-1.38715 1.60775 0.5315 128 128 128
-1.35981 1.6157 0.528752 128 128 128
-1.34728 1.64131 0.5315 128 128 128
-1.31247 1.63945 0.526003 128 128 128
-1.28867 1.65082 0.524629 128 128 128
-1.25773 1.65255 0.520507 128 128 128
-1.23041 1.65846 0.517758 128 128 128
-1.19632 1.65448 0.512262 128 128 128
-1.17201 1.66346 0.510658 128 128 128
-1.14107 1.66244 0.506307 128 128 128
-1.11411 1.6666 0.503558 128 128 128
-1.09093 1.67606 0.502413 128 128 128
-1.0599 1.67285 0.497833 128 128 128
-1.03471 1.67827 0.495771 128 128 128
-1.00156 1.66994 0.490046 128 128 128
-0.974638 1.67116 0.487068 128 128 128
-0.945448 1.66774 0.482946 128 128 128
-0.920233 1.67068 0.480655 128 128 128
-0.895546 1.67411 0.478594 128 128 128
-0.867786 1.67114 0.47493 128 128 128
-0.845905 1.67905 0.474242 128 128 128
-0.826088 1.69106 0.474701 128 128 128
-0.801128 1.69226 0.47241 128 128 128
-0.775859 1.69222 0.469891 128 128 128
-0.749142 1.68825 0.466455 128 128 128
-0.732187 1.70627 0.468746 128 128 128
-0.706371 1.70343 0.465768 128 128 128
-0.683255 1.70654 0.464394 128 128 128
-0.654939 1.69571 0.459585 128 128 128
-0.631718 1.69723 0.457981 128 128 128
-0.609212 1.70027 0.456836 128 128 128
-0.58011 1.68367 0.450881 128 128 128
-0.557887 1.68604 0.449736 128 128 128
-0.533939 1.68255 0.447217 128 128 128
-0.512971 1.68804 0.446988 128 128 128
-0.484673 1.66802 0.440575 128 128 128
-0.463136 1.67008 0.439659 128 128 128
-0.441374 1.67093 0.438514 128 128 128
-0.4152 1.65355 0.433017 128 128 128
-0.394877 1.65852 0.433017 128 128 128
-0.371321 1.64899 0.429582 128 128 128
-0.348059 1.63913 0.426146 128 128 128
-0.328294 1.64519 0.426604 128 128 128
-0.307022 1.64335 0.42523 128 128 128
-0.286173 1.64316 0.424314 128 128 128
-0.265223 1.64174 0.423169 128 128 128
-0.244774 1.64294 0.422711 128 128 128
-0.223431 1.63714 0.420649 128 128 128
-0.201915 1.62816 0.417901 128 128 128
-0.182236 1.63342 0.418588 128 128 128
-0.161429 1.62778 0.416756 128 128 128
-0.141114 1.62576 0.41584 128 128 128
-0.121222 1.62834 0.416069 128 128 128
-0.100362 1.61513 0.412633 128 128 128
-0.0807181 1.62013 0.413549 128 128 128
-0.0603533 1.60738 0.410343 128 128 128
-0.0407787 1.61481 0.411946 128 128 128
-0.0208676 1.60643 0.409885 128 128 128
-0.00115612 1.60462 0.409427 128 128 128
0.018453 1.59867 0.408053 128 128 128
0.0379929 1.59541 0.407366 128 128 128
0.0570422 1.5812 0.404159 128 128 128
0.0763427 1.57844 0.403701 128 128 128
0.0950925 1.56767 0.401411 128 128 128
0.114103 1.56347 0.400724 128 128 128
0.132684 1.55517 0.39912 128 128 128
0.150981 1.54567 0.397288 128 128 128
0.170264 1.54661 0.397975 128 128 128
0.187538 1.53088 0.394769 128 128 128
0.20578 1.5246 0.393853 128 128 128
0.22404 1.51908 0.393166 128 128 128
0.242039 1.51237 0.39225 128 128 128
0.260075 1.50641 0.391562 128 128 128
0.278182 1.50119 0.391104 128 128 128
0.295433 1.49194 0.38973 128 128 128
0.312499 1.48249 0.388356 128 128 128
0.330023 1.47569 0.387669 128 128 128
0.348108 1.47153 0.387669 128 128 128
0.364472 1.46054 0.386066 128 128 128
0.380619 1.44937 0.384463 128 128 128
0.394718 1.43147 0.381256 128 128 128
0.414983 1.43586 0.383546 128 128 128
0.432572 1.43066 0.383546 128 128 128
0.448617 1.4206 0.382401 128 128 128
0.462333 1.40391 0.379653 128 128 128
0.480799 1.40181 0.380569 128 128 128
0.49434 1.38573 0.37805 128 128 128
0.510967 1.37864 0.377821 128 128 128
0.52855 1.37409 0.378279 128 128 128
0.539927 1.35395 0.374843 128 128 128
0.560242 1.35621 0.377134 128 128 128
0.569526 1.33224 0.372782 128 128 128
0.588604 1.33138 0.374385 128 128 128
0.606119 1.32671 0.375072 128 128 128
0.619429 1.31302 0.373469 128 128 128
0.636352 1.30706 0.373927 128 128 128
0.651905 1.29829 0.373698 128 128 128
0.663289 1.28156 0.371408 128 128 128
0.681268 1.27761 0.372553 128 128 128
0.695482 1.2666 0.371866 128 128 128
0.712898 1.26135 0.372782 128 128 128
0.72734 1.25083 0.372324 128 128 128
0.740627 1.23847 0.371408 128 128 128
0.755769 1.22929 0.371408 128 128 128
0.77132 1.22075 0.371637 128 128 128
0.786775 1.212 0.371866 128 128 128
0.801046 1.20145 0.371637 128 128 128
0.811865 1.18592 0.370034 128 128 128
0.827481 1.17745 0.370492 128 128 128
0.841296 1.16642 0.370263 128 128 128
0.860196 1.16226 0.372095 128 128 128
0.872622 1.14929 0.371408 128 128 128
0.892662 1.14616 0.373698 128 128 128
0.898126 1.1245 0.370492 128 128 128
0.918046 1.1209 0.372782 128 128 128
0.923568 1.09989 0.369805 128 128 128
0.951012 1.10466 0.374843 128 128 128
0.950282 1.07689 0.369805 128 128 128
0.964735 1.06659 0.370263 128 128 128
0.987045 1.06464 0.373469 128 128 128
0.998017 1.05033 0.372782 128 128 128
1.01287 1.04009 0.373469 128 128 128
1.02074 1.02277 0.371866 128 128 128
1.03391 1.01085 0.372095 128 128 128
1.04694 0.998756 0.372324 128 128 128
1.06698 0.993107 0.374843 128 128 128
1.08631 0.986463 0.377134 128 128 128
1.09906 0.973701 0.377363 128 128 128
1.1124 0.96141 0.377821 128 128 128
1.12561 0.948937 0.378279 128 128 128
1.14621 0.942447 0.381027 128 128 128
1.15541 0.926489 0.38034 128 128 128
1.16823 0.913436 0.380798 128 128 128
1.1809 0.900207 0.381256 128 128 128
1.21456 0.902424 0.387898 128 128 128
1.20817 0.874937 0.382859 128 128 128
1.22359 0.8634 0.384234 128 128 128
1.23892 0.851615 0.385608 128 128 128
1.25414 0.839584 0.386982 128 128 128
1.26108 0.822013 0.386066 128 128 128
1.28095 0.812707 0.388814 128 128 128
1.29995 0.802527 0.391333 128 128 128
1.30302 0.782523 0.389501 128 128 128
1.32178 0.771849 0.392021 128 128 128
1.3337 0.757006 0.392708 128 128 128
1.34459 0.741518 0.393166 128 128 128
1.36133 0.729078 0.395227 128 128 128
1.36931 0.71187 0.394998 128 128 128
1.40231 0.707224 0.401411 128 128 128
1.39862 0.684007 0.398204 128 128 128
1.41484 0.670524 0.400266 128 128 128
1.42384 0.653515 0.400495 128 128 128
1.4371 0.63835 0.401869 128 128 128
1.44124 0.619139 0.400953 128 128 128
1.46403 0.607711 0.404846 128 128 128
1.47319 0.590419 0.405304 128 128 128
1.45488 0.562533 0.398891 128 128 128
1.49363 0.55645 0.406908 128 128 128
1.50768 0.54069 0.40874 128 128 128
1.5271 0.526558 0.411946 128 128 128
1.52974 0.506563 0.41103 128 128 128
1.53584 0.487753 0.41103 128 128 128
1.54544 0.469993 0.411946 128 128 128
1.55296 0.451531 0.412404 128 128 128
1.58373 0.439405 0.418588 128 128 128
1.57205 0.415501 0.414466 128 128 128
1.59687 0.40111 0.419275 128 128 128
1.60452 0.382153 0.419962 128 128 128
1.61288 0.363281 0.420878 128 128 128
1.61055 0.342062 0.419275 128 128 128
1.61845 0.323025 0.420191 128 128 128
1.62708 0.304022 0.421336 128 128 128
1.65947 0.288973 0.428207 128 128 128
1.66481 0.268893 0.428665 128 128 128
1.66028 0.247314 0.426833 128 128 128
1.67766 0.228861 0.430269 128 128 128
1.68904 0.209313 0.43233 128 128 128
1.70116 0.189626 0.43462 128 128 128
1.70723 0.16911 0.435536 128 128 128
1.71888 0.148965 0.437827 128 128 128
1.74194 0.129397 0.442865 128 128 128
1.73951 0.10778 0.441949 128 128 128
1.7514 0.0869314 0.444469 128 128 128
1.76984 0.0660461 0.448591 128 128 128
1.77149 0.0443446 0.44882 128 128 128
1.78261 0.0227145 0.451339 128 128 128
1.81488 0.000779976 0.458897 128 128 128
1.81475 -0.0214914 0.458897 128 128 128
1.82019 -0.0439134 0.460272 128 128 128
1.82827 -0.0665847 0.462333 128 128 128
1.83217 -0.0892629 0.463478 128 128 128
1.83774 -0.11217 0.465081 128 128 128
1.84496 -0.135373 0.467143 128 128 128
1.85868 -0.159368 0.470807 128 128 128
1.85077 -0.181582 0.469433 128 128 128
1.86775 -0.20646 0.474013 128 128 128
1.87087 -0.23009 0.475388 128 128 128
1.8679 -0.253031 0.475388 128 128 128
1.87621 -0.277669 0.478136 128 128 128
1.89092 -0.303643 0.482488 128 128 128
1.89664 -0.328506 0.484778 128 128 128
1.9049 -0.354094 0.487755 128 128 128
1.909 -0.379168 0.489817 128 128 128
1.92038 -0.406022 0.49371 128 128 128
1.92665 -0.432137 0.496458 128 128 128
1.92878 -0.45756 0.498291 128 128 128
1.93623 -0.48453 0.501497 128 128 128
1.95742 -0.515497 0.508139 128 128 128
1.95564 -0.540786 0.509284 128 128 128
1.96661 -0.569927 0.513636 128 128 128
1.97529 -0.598849 0.517529 128 128 128
1.97429 -0.625113 0.519132 128 128 128
1.97016 -0.650522 0.520049 128 128 128
1.97123 -0.677833 0.522339 128 128 128
1.97284 -0.705597 0.524858 128 128 128
1.97406 -0.733502 0.527378 128 128 128
1.97671 -0.762247 0.530355 128 128 128
1.98166 -0.792256 0.534019 128 128 128
1.97268 -0.816889 0.534249 128 128 128
1.95447 -0.837569 0.532187 128 128 128
1.94938 -0.863866 0.533561 128 128 128
1.98019 -0.906849 0.544326 128 128 128
1.98034 -0.936512 0.547303 128 128 128
1.98356 -0.968028 0.551197 128 128 128
1.98803 -1.00064 0.555548 128 128 128
1.99287 -1.03396 0.560129 128 128 128
1.99547 -1.06662 0.564251 128 128 128
1.98819 -1.09433 0.565855 128 128 128
1.5431 -0.873175 0.449049 128 128 128
1.49867 -0.872379 0.439888 128 128 128
1.51204 -0.90526 0.44653 128 128 128
1.47267 -0.906335 0.438743 128 128 128
1.51812 -0.960374 0.454546 128 128 128
1.9675 -1.28021 0.584177 128 128 128
1.95569 -1.30697 0.585322 128 128 128
1.93389 -1.327 0.583719 128 128 128
1.93971 -1.36637 0.590132 128 128 128
1.94565 -1.40665 0.596774 128 128 128
1.92356 -1.42693 0.5954 128 128 128
1.92215 -1.46283 0.600209 128 128 128
1.91708 -1.49651 0.604103 128 128 128
1.90616 -1.52602 0.606393 128 128 128
1.89706 -1.55734 0.609371 128 128 128
1.90681 -1.605 0.618303 128 128 128
1.89359 -1.63401 0.620364 128 128 128
1.87995 -1.66294 0.622425 128 128 128
1.86588 -1.69178 0.624487 128 128 128
1.86207 -1.73048 0.629983 128 128 128
1.85547 -1.76733 0.634793 128 128 128
1.83573 -1.79201 0.63548 128 128 128
1.82391 -1.82474 0.638915 128 128 128
1.80613 -1.85187 0.640519 128 128 128
1.79064 -1.88166 0.643038 128 128 128
1.77667 -1.9135 0.646244 128 128 128
1.7661 -1.9496 0.650825 128 128 128
1.75491 -1.98574 0.655406 128 128 128
1.73993 -2.0182 0.658841 128 128 128
1.72441 -2.05059 0.662277 128 128 128
1.71206 -2.08742 0.667086 128 128 128
1.70088 -2.12654 0.672583 128 128 128
1.66032 -2.1288 0.667086 128 128 128
1.67405 -2.20177 0.68266 128 128 128
1.6498 -2.22606 0.683805 128 128 128
1.63829 -2.26826 0.690218 128 128 128
1.60921 -2.2866 0.68976 128 128 128
1.58982 -2.31903 0.693425 128 128 128
1.56016 -2.33674 0.692967 128 128 128
1.53296 -2.35816 0.693654 128 128 128
1.51377 -2.39244 0.698005 128 128 128
1.48684 -2.41499 0.69915 128 128 128
1.47106 -2.45645 0.705563 128 128 128
1.43006 -2.4558 0.700525 128 128 128
1.42708 -2.52149 0.713579 128 128 128
1.40866 -2.56186 0.719763 128 128 128
1.38123 -2.58669 0.721824 128 128 128
1.3543 -2.61295 0.724344 128 128 128
1.3326 -2.65026 0.729841 128 128 128
1.31146 -2.69006 0.736024 128 128 128
1.28042 -2.71035 0.73717 128 128 128
1.25191 -2.73649 0.739918 128 128 128
1.22217 -2.76055 0.742208 128 128 128
1.18934 -2.77803 0.742895 128 128 128
1.16073 -2.80591 0.746331 128 128 128
1.1298 -2.82899 0.748621 128 128 128
1.10023 -2.85627 0.752057 128 128 128
1.06544 -2.87047 0.752286 128 128 128
1.03437 -2.89526 0.755263 128 128 128
1.00444 -2.92431 0.759385 128 128 128
0.977283 -2.96324 0.766027 128 128 128
0.949031 -3.001 0.77244 128 128 128
0.916065 -3.02547 0.775647 128 128 128
0.879947 -3.04023 0.776563 128 128 128
0.847473 -3.06863 0.780914 128 128 128
0.812956 -3.09104 0.783892 128 128 128
0.781068 -3.12535 0.789847 128 128 128
0.746898 -3.1527 0.794198 128 128 128
0.702017 -3.13407 0.787556 128 128 128
0.578746 -2.73852 0.690447 128 128 128
0.625457 -3.15322 0.788243 128 128 128
0.598538 -3.2248 0.803588 128 128 128
0.558755 -3.23094 0.803359 128 128 128
0.520746 -3.24813 0.805879 128 128 128
0.481412 -3.25813 0.806795 128 128 128
0.442686 -3.27344 0.809085 128 128 128
0.405301 -3.30181 0.814582 128 128 128
0.365808 -3.31622 0.816872 128 128 128
0.326584 -3.33596 0.820537 128 128 128
0.287176 -3.35814 0.824888 128 128 128
0.246993 -3.37598 0.828324 128 128 128
0.206125 -3.38847 0.830614 128 128 128
0.16485 -3.39755 0.832217 128 128 128
0.12444 -3.43629 0.84092 128 128 128
0.081974 -3.4249 0.837943 128 128 128
0.0403063 -3.46069 0.846188 128 128 128
-0.00218042 -3.46969 0.848249 128 128 128
-0.0448818 -3.47816 0.850311 128 128 128
-0.0876121 -3.47929 0.850769 128 128 128
-0.130302 -3.47796 0.850769 128 128 128
-0.173467 -3.48582 0.853059 128 128 128
-0.216414 -3.48634 0.853746 128 128 128
-0.259694 -3.49022 0.855349 128 128 128
-0.102675 -1.21384 0.318502 128 128 128
-0.117078 -1.20765 0.317357 128 128 128
-0.13058 -1.19451 0.314608 128 128 128
-0.144624 -1.18799 0.313463 128 128 128
-0.159457 -1.18805 0.313921 128 128 128
-0.175759 -1.19756 0.316669 128 128 128
-0.190911 -1.19819 0.317357 128 128 128
-0.616518 -3.53904 0.877107 128 128 128
-0.658821 -3.52547 0.875733 128 128 128
-0.703951 -3.52666 0.878023 128 128 128
-0.747582 -3.51966 0.878481 128 128 128
-0.791147 -3.51212 0.878939 128 128 128
-0.838719 -3.52108 0.88352 128 128 128
-0.8852 -3.52374 0.886726 128 128 128
-0.934619 -3.53613 0.892452 128 128 128
-0.980556 -3.53377 0.894742 128 128 128
-1.02166 -3.514 0.89291 128 128 128
-1.06755 -3.51051 0.895201 128 128 128
-1.11351 -3.50642 0.897491 128 128 128
-1.16075 -3.50542 0.900697 128 128 128
-1.20718 -3.50103 0.903217 128 128 128
-1.25401 -3.49694 0.905965 128 128 128
-1.29376 -3.47309 0.903904 128 128 128
-1.34015 -3.46693 0.906423 128 128 128
-1.38296 -3.45113 0.906652 128 128 128
-1.42857 -3.44198 0.908713 128 128 128
-1.47148 -3.42598 0.909171 128 128 128
-1.5138 -3.40856 0.9094 128 128 128
-1.55552 -3.38972 0.9094 128 128 128
-1.60577 -3.38884 0.91421 128 128 128
-1.64338 -3.36102 0.912149 128 128 128
-1.68933 -3.35015 0.914668 128 128 128
-1.73256 -3.33348 0.915813 128 128 128
-1.77242 -3.31026 0.915355 128 128 128
-1.81244 -3.28741 0.915126 128 128 128
-1.85216 -3.26407 0.914897 128 128 128
-1.89404 -3.24446 0.915813 128 128 128
-1.93823 -3.22848 0.917875 128 128 128
-1.97822 -3.20528 0.918104 128 128 128
-2.01688 -3.17994 0.917875 128 128 128
-2.05628 -3.15576 0.918104 128 128 128
-2.10028 -3.13837 0.920394 128 128 128
-2.13366 -3.10515 0.918333 128 128 128
-2.17104 -3.07794 0.918104 128 128 128
-2.2098 -3.05264 0.918562 128 128 128
-2.24476 -3.02217 0.917646 128 128 128
-2.28464 -2.99826 0.918791 128 128 128
-2.32126 -2.97 0.918791 128 128 128
-2.35814 -2.94205 0.91902 128 128 128
-2.39345 -2.91214 0.918791 128 128 128
-2.429 -2.88255 0.918791 128 128 128
-2.46419 -2.85252 0.918791 128 128 128
-2.49901 -2.82207 0.918791 128 128 128
-2.53214 -2.78975 0.918333 128 128 128
-2.56752 -2.75989 0.918791 128 128 128
-2.59783 -2.72466 0.917646 128 128 128
-2.63447 -2.69605 0.918791 128 128 128
-2.66736 -2.66352 0.918791 128 128 128
-2.69287 -2.6238 0.9165 128 128 128
-2.72486 -2.59056 0.9165 128 128 128
-2.7543 -2.55494 0.915813 128 128 128
-0.811063 -0.737892 0.289873 128 128 128
-0.863879 -0.766493 0.303615 128 128 128
-2.95057 -2.54129 0.948107 128 128 128
-0.87497 -0.738808 0.301324 128 128 128
-0.828207 -0.682417 0.284376 128 128 128
-2.93555 -2.346 0.916042 128 128 128
-2.95721 -2.30443 0.913981 128 128 128
-2.98449 -2.26738 0.913752 128 128 128
-3.00347 -2.22422 0.911233 128 128 128
-3.03133 -2.18776 0.911462 128 128 128
-3.05078 -2.14537 0.9094 128 128 128
-3.08331 -2.11216 0.911233 128 128 128
-3.10737 -2.07309 0.910775 128 128 128
-3.12278 -2.02845 0.908026 128 128 128
-3.12685 -1.97699 0.902301 128 128 128
-3.15668 -1.94203 0.903904 128 128 128
-3.1878 -1.90764 0.905965 128 128 128
-3.20002 -1.86202 0.902988 128 128 128
-3.21331 -1.81735 0.900468 128 128 128
-3.22683 -1.77311 0.898178 128 128 128
-3.22858 -1.72286 0.89291 128 128 128
-3.24948 -1.68311 0.89291 128 128 128
-3.26728 -1.6418 0.892223 128 128 128
-3.2688 -1.59264 0.887414 128 128 128
-3.27929 -1.54826 0.885123 128 128 128
-3.29361 -1.50589 0.883978 128 128 128
-3.30294 -1.46143 0.881688 128 128 128
-3.30988 -1.4162 0.878939 128 128 128
-3.31801 -1.37177 0.876649 128 128 128
-3.32283 -1.32627 0.873672 128 128 128
-3.32886 -1.28156 0.871152 128 128 128
-3.33155 -1.23589 0.867946 128 128 128
-3.33638 -1.19132 0.865427 128 128 128
-3.34983 -1.14997 0.865198 128 128 128
-3.35444 -1.10574 0.862907 128 128 128
-3.36219 -1.06274 0.861533 128 128 128
-3.36845 -1.01944 0.85993 128 128 128
-3.36668 -0.973982 0.856494 128 128 128
-3.3718 -0.930789 0.854891 128 128 128
-3.37826 -0.88811 0.853746 128 128 128
-3.38324 -0.845177 0.852372 128 128 128
-3.3355 -0.746872 0.836111 128 128 128
-3.34727 -0.706484 0.836798 128 128 128
-3.35283 -0.66479 0.836111 128 128 128
-3.3301 -0.617948 0.828782 128 128 128
-3.34031 -0.577531 0.829469 128 128 128
-3.33561 -0.534661 0.82672 128 128 128
-3.33229 -0.492277 0.82443 128 128 128
-3.31299 -0.447986 0.818475 128 128 128
-3.29602 -0.404596 0.813208 128 128 128
-3.2988 -0.363908 0.81275 128 128 128
-3.29429 -0.322556 0.810688 128 128 128
-3.28055 -0.280633 0.806566 128 128 128
-3.27209 -0.239516 0.803817 128 128 128
-3.26312 -0.198649 0.801069 128 128 128
-3.26823 -0.158729 0.801756 128 128 128
-3.26702 -0.118508 0.801069 128 128 128
-3.23027 -0.0775444 0.792137 128 128 128
-3.22125 -0.0377961 0.789847 128 128 128
-3.19373 0.116335 0.703648 128 128 128
-3.14709 0.153346 0.694194 128 128 128
-3.13618 0.191421 0.692345 128 128 128
-3.11017 0.228184 0.687412 128 128 128
-3.08764 0.264671 0.683302 128 128 128
-3.07539 0.301685 0.681452 128 128 128
-3.06076 0.338224 0.679191 128 128 128
-3.03403 0.373022 0.674464 128 128 128
-3.02535 0.409703 0.673642 128 128 128
-3.00654 0.444798 0.670765 128 128 128
-2.98829 0.479649 0.668093 128 128 128
-2.96578 0.513453 0.664599 128 128 128
-2.95926 0.549809 0.664599 128 128 128
-2.92157 0.579998 0.658023 128 128 128
-2.897 0.612173 0.654323 128 128 128
-2.84686 0.711989 0.648774 128 128 128
-2.79268 0.771751 0.640964 128 128 128
-2.73411 0.79183 0.630277 128 128 128
-2.71951 0.823906 0.62925 128 128 128
-2.69893 0.853974 0.626989 128 128 128
-2.67709 0.883355 0.624523 128 128 128
-2.64939 0.910424 0.620823 128 128 128
-2.61589 0.934973 0.615891 128 128 128
-2.59505 0.963601 0.613836 128 128 128
-2.57115 0.990805 0.611164 128 128 128
-2.53698 1.01358 0.606231 128 128 128
-2.49993 1.03454 0.600682 128 128 128
-2.47265 1.05899 0.597394 128 128 128
-2.44426 1.08252 0.5939 128 128 128
-2.42011 1.10755 0.591434 128 128 128
-2.37005 1.12004 0.583007 128 128 128
-2.35085 1.14647 0.581774 128 128 128
-2.32261 1.1682 0.578486 128 128 128
-2.30549 1.19527 0.577869 128 128 128
-2.27252 1.2138 0.573553 128 128 128
-2.25573 1.24065 0.573142 128 128 128
-1.59714 0.904577 0.417974 128 128 128
-1.58931 0.926077 0.418796 128 128 128
-1.6005 0.959076 0.424345 128 128 128
-1.61445 0.994538 0.430716 128 128 128
-1.53429 0.971398 0.413864 128 128 128
-1.46562 0.953376 0.399683 128 128 128
-1.43997 0.962058 0.396189 128 128 128
-1.4224 0.975785 0.39475 128 128 128
-1.40072 0.986413 0.392284 128 128 128
-1.37739 0.99551 0.389407 128 128 128
-1.35878 1.00768 0.387762 128 128 128
-1.34164 1.02073 0.386529 128 128 128
-1.31511 1.02629 0.38283 128 128 128
-1.82998 1.46386 0.524639 128 128 128
-1.80658 1.48187 0.523201 128 128 128
-1.78301 1.49952 0.521762 128 128 128
-1.75706 1.5149 0.519707 128 128 128
-1.17781 1.04153 0.362689 128 128 128
-1.17002 1.0605 0.364127 128 128 128
-1.18346 1.0994 0.371732 128 128 128
-1.62741 1.54872 0.504293 128 128 128
-1.59146 1.55219 0.49936 128 128 128
-1.56814 1.56745 0.498127 128 128 128
-1.53852 1.57608 0.495044 128 128 128
-1.50083 1.57572 0.489495 128 128 128
-1.48005 1.59258 0.489084 128 128 128
-1.45184 1.6012 0.486412 128 128 128
-1.42365 1.60938 0.483741 128 128 128
-1.38715 1.60747 0.478397 128 128 128
-1.36165 1.61764 0.476547 128 128 128
-1.33921 1.6312 0.475725 128 128 128
-1.31052 1.63682 0.472848 128 128 128
-1.28611 1.64739 0.471409 128 128 128
-1.26046 1.65604 0.46956 128 128 128
-1.23363 1.66274 0.467299 128 128 128
-1.20796 1.67062 0.465449 128 128 128
-1.17496 1.66773 0.460928 128 128 128
-1.13556 1.6546 0.45394 128 128 128
-1.12388 1.68142 0.457229 128 128 128
-1.08178 1.66229 0.449008 128 128 128
-1.0676 1.68536 0.451474 128 128 128
-1.03295 1.67585 0.445925 128 128 128
-1.00324 1.67329 0.442225 128 128 128
-0.978684 1.67872 0.440581 128 128 128
-0.945933 1.66932 0.435443 128 128 128
-0.926794 1.68338 0.43606 128 128 128
-0.903757 1.69031 0.435032 128 128 128
-0.876175 1.68825 0.431949 128 128 128
-0.852306 1.69276 0.430511 128 128 128
-0.832759 1.70573 0.431127 128 128 128
-0.805477 1.70255 0.428045 128 128 128
-0.778399 1.69897 0.424962 128 128 128
-0.753916 1.70034 0.423112 128 128 128
-0.729903 1.70227 0.421468 128 128 128
-0.705956 1.70387 0.419824 128 128 128
-0.681717 1.70423 0.417974 128 128 128
-0.658281 1.70608 0.416535 128 128 128
-0.634561 1.70669 0.414891 128 128 128
-0.60663 1.695 0.410575 128 128 128
-0.582912 1.69399 0.408726 128 128 128
-0.555925 1.68244 0.404615 128 128 128
-0.533163 1.68261 0.403176 128 128 128
-0.510765 1.6834 0.401943 128 128 128
-0.488702 1.68485 0.400916 128 128 128
-0.461968 1.66903 0.396189 128 128 128
-0.442953 1.68025 0.397422 128 128 128
-0.415859 1.65993 0.391873 128 128 128
-0.393642 1.65729 0.390229 128 128 128
-0.371984 1.65627 0.388996 128 128 128
-0.35041 1.65497 0.387762 128 128 128
-0.32624 1.63995 0.383652 128 128 128
-0.306451 1.64575 0.384063 128 128 128
-0.285223 1.64361 0.38283 128 128 128
-0.265344 1.64891 0.383241 128 128 128
-0.24509 1.65205 0.383241 128 128 128
-0.222413 1.63748 0.379542 128 128 128
-0.201578 1.63425 0.378308 128 128 128
-0.181291 1.63466 0.377897 128 128 128
-0.160637 1.63092 0.376664 128 128 128
-0.140526 1.63179 0.376459 128 128 128
-0.119909 1.62559 0.374815 128 128 128
-0.0997688 1.624 0.374198 128 128 128
-0.0794905 1.61826 0.372759 128 128 128
-0.0598469 1.62499 0.373993 128 128 128
-0.0393302 1.6031 0.369266 128 128 128
-0.019642 1.60248 0.36906 128 128 128
2.67999e-05 1.59966 0.368443 128 128 128
0.0195004 1.58584 0.365566 128 128 128
0.0389596 1.58548 0.365566 128 128 128
0.0585891 1.58978 0.366594 128 128 128
0.0773855 1.57428 0.363511 128 128 128
0.0963433 1.56735 0.362278 128 128 128
0.11557 1.56605 0.362278 128 128 128
0.133448 1.54891 0.358989 128 128 128
0.152541 1.54813 0.359195 128 128 128
0.171206 1.54322 0.358578 128 128 128
0.190369 1.54295 0.358989 128 128 128
0.208373 1.53371 0.357551 128 128 128
0.226464 1.52619 0.356523 128 128 128
0.243938 1.51557 0.354879 128 128 128
0.262019 1.50957 0.354262 128 128 128
0.279989 1.50335 0.353646 128 128 128
0.297846 1.49692 0.353029 128 128 128
0.31276 1.47687 0.349535 128 128 128
0.329792 1.46815 0.348508 128 128 128
0.347108 1.46114 0.347891 128 128 128
0.365012 1.45677 0.347891 128 128 128
0.382613 1.45123 0.347686 128 128 128
0.400133 1.44548 0.34748 128 128 128
0.416753 1.4367 0.346658 128 128 128
0.430386 1.41837 0.343781 128 128 128
0.445696 1.40644 0.342342 128 128 128
0.46384 1.40366 0.342959 128 128 128
0.481666 1.39971 0.34337 128 128 128
0.490911 1.37157 0.338437 128 128 128
0.51485 1.38472 0.342753 128 128 128
0.524072 1.3582 0.338232 128 128 128
0.542513 1.35621 0.339259 128 128 128
0.557246 1.34493 0.338232 128 128 128
0.579097 1.35059 0.341109 128 128 128
0.590876 1.33264 0.338643 128 128 128
0.606372 1.32351 0.338232 128 128 128
0.621315 1.31331 0.337615 128 128 128
0.636956 1.30471 0.33741 128 128 128
0.653797 1.29854 0.337821 128 128 128
0.666983 1.28521 0.336588 128 128 128
0.682244 1.27606 0.336382 128 128 128
0.696909 1.26588 0.335971 128 128 128
0.713836 1.25979 0.336588 128 128 128
0.72875 1.25009 0.336382 128 128 128
0.744035 1.24105 0.336382 128 128 128
0.758696 1.23099 0.336177 128 128 128
0.775837 1.2249 0.336999 128 128 128
0.791876 1.21693 0.33741 128 128 128
0.806207 1.2063 0.337204 128 128 128
0.814313 1.18663 0.334738 128 128 128
0.828251 1.17575 0.334532 128 128 128
0.846053 1.17026 0.335766 128 128 128
0.854526 1.15192 0.33371 128 128 128
0.875109 1.14992 0.335971 128 128 128
0.890959 1.14141 0.336588 128 128 128
0.903677 1.12886 0.336177 128 128 128
0.916842 1.11693 0.335971 128 128 128
0.931109 1.10634 0.336177 128 128 128
0.945254 1.09558 0.336382 128 128 128
0.957979 1.08316 0.336177 128 128 128
0.971199 1.07132 0.336177 128 128 128
0.986935 1.06219 0.336999 128 128 128
1.00124 1.05142 0.33741 128 128 128
1.01407 1.03906 0.33741 128 128 128
1.02813 1.02792 0.337821 128 128 128
1.04276 1.01728 0.338437 128 128 128
1.05304 1.00238 0.337821 128 128 128
1.06742 0.99138 0.338437 128 128 128
1.08095 0.979522 0.338848 128 128 128
1.11853 0.988895 0.346042 128 128 128
1.1217 0.967416 0.343575 128 128 128
1.12226 0.944117 0.340493 128 128 128
1.13451 0.930896 0.340698 128 128 128
1.14662 0.917516 0.340904 128 128 128
1.16858 0.911814 0.343781 128 128 128
1.18747 0.903338 0.345836 128 128 128
1.19297 0.884612 0.344397 128 128 128
1.20373 0.869906 0.344397 128 128 128
1.21671 0.856761 0.345014 128 128 128
1.24811 0.856178 0.350358 128 128 128
1.24388 0.830999 0.346658 128 128 128
1.25316 0.815138 0.346453 128 128 128
1.26968 0.803892 0.348097 128 128 128
1.28528 0.791849 0.349535 128 128 128
1.29574 0.776521 0.349741 128 128 128
1.31785 0.767964 0.352824 128 128 128
1.31866 0.746903 0.350769 128 128 128
1.3423 0.738699 0.354262 128 128 128
1.35385 0.723558 0.354879 128 128 128
1.36523 0.708244 0.355496 128 128 128
1.38693 0.698048 0.358578 128 128 128
1.39627 0.681405 0.358784 128 128 128
1.39834 0.661286 0.357345 128 128 128
1.41257 0.646934 0.358784 128 128 128
1.4374 0.6371 0.362689 128 128 128
1.44061 0.617482 0.361661 128 128 128
1.47429 0.610639 0.367621 128 128 128
1.47713 0.590681 0.366594 128 128 128
1.48701 0.573568 0.36721 128 128 128
1.49393 0.555277 0.36721 128 128 128
1.50616 0.538885 0.368443 128 128 128
1.52006 0.522915 0.370088 128 128 128
1.52637 0.504222 0.370088 128 128 128
1.53524 0.486342 0.370704 128 128 128
1.5542 0.471454 0.373581 128 128 128
1.55987 0.452346 0.373581 128 128 128
1.56907 0.434217 0.374404 128 128 128
1.58374 0.417432 0.376459 128 128 128
1.59159 0.398681 0.377075 128 128 128
1.59827 0.379574 0.377486 128 128 128
1.60663 0.360793 0.378308 128 128 128
1.61476 0.341864 0.379131 128 128 128
1.62555 0.323364 0.380569 128 128 128
1.6217 0.301952 0.378925 128 128 128
1.64843 0.286064 0.383857 128 128 128
1.65471 0.266282 0.384474 128 128 128
1.66269 0.246678 0.385502 128 128 128
1.67432 0.227448 0.387351 128 128 128
1.68379 0.207729 0.38879 128 128 128
1.69302 0.187811 0.390229 128 128 128
1.70883 0.168376 0.393106 128 128 128
1.71271 0.147563 0.393517 128 128 128
1.72416 0.127262 0.395572 128 128 128
1.73731 0.106824 0.398038 128 128 128
1.74142 0.0856431 0.398655 128 128 128
1.7619 0.0650034 0.402765 128 128 128
1.77235 0.0436256 0.404821 128 128 128
1.77862 0.0219498 0.406054 128 128 128
1.78659 0.000128165 0.407698 128 128 128
1.81679 -0.0221432 0.414069 128 128 128
1.81932 -0.0445059 0.414686 128 128 128
1.82841 -0.0671805 0.416741 128 128 128
1.84211 -0.090321 0.419824 128 128 128
1.84282 -0.113038 0.420235 128 128 128
1.84618 -0.136 0.421262 128 128 128
1.85022 -0.159144 0.422495 128 128 128
1.85787 -0.182788 0.424551 128 128 128
1.86327 -0.20643 0.426195 128 128 128
1.88196 -0.231897 0.430716 128 128 128
1.87122 -0.253927 0.429072 128 128 128
1.87764 -0.278299 0.431127 128 128 128
1.88568 -0.303175 0.433594 128 128 128
1.8876 -0.327292 0.434827 128 128 128
1.89788 -0.353106 0.43791 128 128 128
1.90204 -0.37808 0.439759 128 128 128
1.90875 -0.403816 0.442225 128 128 128
1.92084 -0.431054 0.445925 128 128 128
1.93446 -0.4591 0.450035 128 128 128
1.93627 -0.4847 0.451679 128 128 128
1.94248 -0.511657 0.454351 128 128 128
1.94927 -0.539099 0.457229 128 128 128
1.95473 -0.566512 0.4599 128 128 128
1.97479 -0.598673 0.46586 128 128 128
1.96077 -0.620798 0.464422 128 128 128
1.96787 -0.649713 0.46771 128 128 128
1.97086 -0.677624 0.470176 128 128 128
1.97069 -0.704719 0.472026 128 128 128
1.97199 -0.732591 0.474287 128 128 128
1.96833 -0.758844 0.47552 128 128 128
1.97705 -0.790194 0.47963 128 128 128
1.97082 -0.815891 0.480452 128 128 128
1.97596 -0.846557 0.483946 128 128 128
1.98243 -0.878263 0.487851 128 128 128
1.97862 -0.905778 0.489495 128 128 128
1.9709 -0.931662 0.490317 128 128 128
1.95931 -0.955777 0.490317 128 128 128
1.99554 -1.00391 0.501621 128 128 128
1.98394 -1.02877 0.501827 128 128 128
1.98411 -1.05995 0.504909 128 128 128
1.98125 -1.08987 0.507376 128 128 128
1.84846 -1.04667 0.478603 128 128 128
1.59438 -0.92903 0.420029 128 128 128
1.48796 -0.89175 0.396805 128 128 128
1.46023 -0.899689 0.392695 128 128 128
1.43998 -0.911789 0.390434 128 128 128
1.96137 -1.27531 0.523817 128 128 128
1.94557 -1.29928 0.523817 128 128 128
1.95612 -1.34131 0.530599 128 128 128
1.94672 -1.37028 0.532449 128 128 128
1.93611 -1.39865 0.534093 128 128 128
1.92903 -1.42987 0.536765 128 128 128
1.90042 -1.44515 0.533888 128 128 128
1.92037 -1.49783 0.543958 128 128 128
1.90491 -1.52373 0.54478 128 128 128
1.90196 -1.56001 0.549096 128 128 128
1.89392 -1.59268 0.552179 128 128 128
1.89203 -1.63113 0.557112 128 128 128
1.88067 -1.66199 0.559578 128 128 128
1.88118 -1.70399 0.565538 128 128 128
1.86802 -1.73427 0.567799 128 128 128
1.85015 -1.76043 0.568826 128 128 128
1.83962 -1.79393 0.572115 128 128 128
1.82509 -1.82397 0.574375 128 128 128
1.80804 -1.85183 0.57602 128 128 128
1.79396 -1.88309 0.578691 128 128 128
1.77405 -1.90854 0.579719 128 128 128
1.75839 -1.93886 0.582185 128 128 128
1.7403 -1.96689 0.584035 128 128 128
1.72947 -2.00365 0.588351 128 128 128
1.718 -2.04043 0.592667 128 128 128
1.70774 -2.07951 0.597599 128 128 128
1.6925 -2.11329 0.601093 128 128 128
1.68332 -2.15549 0.606848 128 128 128
1.66208 -2.18299 0.608697 128 128 128
1.64684 -2.21893 0.612808 128 128 128
1.62695 -2.24928 0.61548 128 128 128
1.59979 -2.26987 0.615685 128 128 128
1.58345 -2.30627 0.620001 128 128 128
1.56047 -2.33366 0.622056 128 128 128
1.53332 -2.35509 0.622673 128 128 128
1.5106 -2.38365 0.625139 128 128 128
1.4946 -2.42366 0.630483 128 128 128
1.46525 -2.44266 0.630688 128 128 128
1.44997 -2.48581 0.636854 128 128 128
1.43143 -2.52469 0.641992 128 128 128
1.40365 -2.54807 0.643431 128 128 128
1.37458 -2.56941 0.644458 128 128 128
1.35694 -2.61301 0.650829 128 128 128
1.33315 -2.64606 0.654734 128 128 128
1.30617 -2.67365 0.657406 128 128 128
1.27997 -2.70363 0.660694 128 128 128
1.25363 -2.73425 0.664188 128 128 128
1.22396 -2.75837 0.666243 128 128 128
1.19543 -2.78577 0.669121 128 128 128
1.1619 -2.80204 0.669532 128 128 128
1.13362 -2.83153 0.673026 128 128 128
1.10337 -2.8571 0.675697 128 128 128
1.07096 -2.87776 0.677342 128 128 128
1.03887 -2.89989 0.679397 128 128 128
1.00321 -2.91243 0.679397 128 128 128
0.980628 -2.96446 0.688234 128 128 128
0.94625 -2.9828 0.689673 128 128 128
0.914703 -3.01104 0.693372 128 128 128
0.883424 -3.04178 0.697688 128 128 128
0.853622 -3.07973 0.703648 128 128 128
0.813763 -3.08241 0.702004 128 128 128
0.779216 -3.10545 0.704881 128 128 128
0.746495 -3.13763 0.709814 128 128 128
0.70729 -3.14369 0.709197 128 128 128
0.648107 -3.05545 0.68844 128 128 128
0.633569 -3.17833 0.713102 128 128 128
0.601356 -3.22242 0.720912 128 128 128
0.564288 -3.24402 0.723995 128 128 128
0.524437 -3.2507 0.723995 128 128 128
0.486239 -3.26851 0.726461 128 128 128
0.44755 -3.28489 0.728722 128 128 128
0.408774 -3.30276 0.731394 128 128 128
0.370169 -3.32504 0.735093 128 128 128
0.329145 -3.32738 0.734682 128 128 128
0.289729 -3.34775 0.738176 128 128 128
0.249717 -3.36569 0.741259 128 128 128
0.209856 -3.39194 0.746191 128 128 128
0.169192 -3.41381 0.750301 128 128 128
0.127545 -3.42248 0.75174 128 128 128
0.0859829 -3.44139 0.755439 128 128 128
0.0438862 -3.45295 0.7577 128 128 128
0.00150662 -3.44932 0.756878 128 128 128
-0.0411243 -3.4755 0.762427 128 128 128
-0.0839101 -3.4806 0.76366 128 128 128
-0.127602 -3.50669 0.769415 128 128 128
-0.170389 -3.49998 0.768387 128 128 128
-0.213977 -3.50837 0.770648 128 128 128
-0.257014 -3.50548 0.770648 128 128 128
-0.104842 -1.21347 0.28829 128 128 128
-0.119535 -1.21014 0.287879 128 128 128
-0.134162 -1.20664 0.287468 128 128 128
-0.149317 -1.20782 0.288085 128 128 128
-0.162949 -1.19716 0.286235 128 128 128
-0.177628 -1.19507 0.286235 128 128 128
-0.194445 -1.20633 0.289112 128 128 128
-0.207569 -1.19421 0.287057 128 128 128
-0.657345 -3.53951 0.788528 128 128 128
-0.702442 -3.53981 0.790378 128 128 128
-0.744213 -3.52327 0.788734 128 128 128
-0.792306 -3.53584 0.793461 128 128 128
-0.840369 -3.54585 0.797777 128 128 128
-0.884055 -3.53622 0.797982 128 128 128
-0.931113 -3.5393 0.801065 128 128 128
-0.980201 -3.54836 0.805587 128 128 128
-1.02476 -3.53983 0.806409 128 128 128
-1.06755 -3.52511 0.805998 128 128 128
-1.11722 -3.53228 0.810519 128 128 128
-1.16446 -3.53038 0.813191 128 128 128
-1.2077 -3.51583 0.813191 128 128 128
-1.25108 -3.50166 0.813396 128 128 128
-1.2977 -3.49614 0.815657 128 128 128
-1.3405 -3.47995 0.815657 128 128 128
-1.38746 -3.47415 0.818123 128 128 128
-1.43073 -3.45867 0.818534 128 128 128
-1.47345 -3.44175 0.81874 128 128 128
-1.51954 -3.43236 0.820795 128 128 128
-1.56195 -3.41435 0.821001 128 128 128
-1.60833 -3.40466 0.823261 128 128 128
-1.64527 -3.37499 0.821001 128 128 128
-1.69096 -3.36329 0.823056 128 128 128
-1.7384 -3.35445 0.825933 128 128 128
-1.77944 -3.33286 0.825933 128 128 128
-1.8202 -3.31078 0.825933 128 128 128
-1.86214 -3.29075 0.82655 128 128 128
-1.9009 -3.26511 0.825933 128 128 128
-1.94133 -3.24238 0.826139 128 128 128
-1.98149 -3.21914 0.826344 128 128 128
-2.02712 -3.20451 0.82881 128 128 128
-2.06629 -3.17939 0.82881 128 128 128
-2.10569 -3.15461 0.829016 128 128 128
-2.14369 -3.12773 0.82881 128 128 128
-2.18191 -3.10119 0.82881 128 128 128
-2.2198 -3.07418 0.82881 128 128 128
-2.25678 -3.04592 0.828605 128 128 128
-2.29576 -3.02033 0.829222 128 128 128
-2.33386 -2.99348 0.829633 128 128 128
-2.37042 -2.96461 0.829633 128 128 128
-2.406 -2.93454 0.829427 128 128 128
-2.43679 -2.8988 0.827783 128 128 128
-2.48559 -2.88425 0.832099 128 128 128
-2.51886 -2.85133 0.831482 128 128 128
-2.54709 -2.81295 0.829427 128 128 128
-2.58341 -2.78364 0.830044 128 128 128
-2.61603 -2.75031 0.829633 128 128 128
-2.64958 -2.718 0.829633 128 128 128
-2.68136 -2.68389 0.829222 128 128 128
-2.71549 -2.65215 0.829633 128 128 128
-2.745 -2.61593 0.82881 128 128 128
-2.77188 -2.57738 0.827372 128 128 128
-0.825895 -0.747968 0.266505 128 128 128
-0.867979 -0.766977 0.275753 128 128 128
-0.861775 -0.742831 0.271437 128 128 128
-0.889533 -0.747967 0.276576 128 128 128
-0.880501 -0.72208 0.271643 128 128 128
-2.95092 -2.36403 0.82655 128 128 128
-2.98048 -2.32825 0.826755 128 128 128
-3.00104 -2.28556 0.8247 128 128 128
-3.02729 -2.2474 0.824289 128 128 128
-3.05385 -2.20951 0.824084 128 128 128
-3.07194 -2.16566 0.821823 128 128 128
-3.09747 -2.12724 0.821617 128 128 128
-3.12416 -2.08962 0.821823 128 128 128
-3.15121 -2.05219 0.822234 128 128 128
-3.16954 -2.00917 0.82059 128 128 128
-3.18896 -1.96704 0.819357 128 128 128
-3.21286 -1.92776 0.819357 128 128 128
-3.22867 -1.88375 0.817507 128 128 128
-3.23963 -1.83722 0.81463 128 128 128
-3.26278 -1.7978 0.814835 128 128 128
-3.26648 -1.74792 0.810519 128 128 128
-3.28508 -1.70635 0.809903 128 128 128
-3.29616 -1.66106 0.807642 128 128 128
-3.30575 -1.61533 0.805176 128 128 128
-3.31648 -1.57045 0.80312 128 128 128
-3.34706 -1.53494 0.805792 128 128 128
-3.3415 -1.48302 0.800243 128 128 128
-3.34326 -1.43495 0.796544 128 128 128
-3.35429 -1.39119 0.795105 128 128 128
-3.36657 -1.3481 0.794077 128 128 128
-3.36917 -1.30139 0.790995 128 128 128
-3.44867 -1.00179 0.786679 128 128 128
-3.39752 -0.941849 0.772909 128 128 128
-3.40504 -0.899085 0.772087 128 128 128
-3.40917 -0.855562 0.770648 128 128 128
-3.3899 -0.806627 0.764277 128 128 128
-3.39 -0.762815 0.762222 128 128 128
-3.39049 -0.719326 0.760372 128 128 128
-3.40098 -0.678049 0.760783 128 128 128
-3.39942 -0.634463 0.758728 128 128 128
-3.38092 -0.58816 0.753179 128 128 128
-3.37823 -0.545064 0.751124 128 128 128
-3.37111 -0.501545 0.748246 128 128 128
-3.3518 -0.456694 0.742903 128 128 128
-3.3068 -0.286168 0.729544 128 128 128
-3.29737 -0.244621 0.726872 128 128 128
-3.28645 -0.203287 0.723995 128 128 128
-3.2799 -0.162502 0.722145 128 128 128
-3.28165 -0.122241 0.722145 128 128 128
-3.24966 -0.00215064 0.63086 128 128 128
-3.2524 0.0377658 0.631403 128 128 128
-3.24186 0.0774279 0.629594 128 128 128
-3.20135 0.115734 0.62236 128 128 128
-3.1879 0.154425 0.620189 128 128 128
-3.15926 0.191891 0.615306 128 128 128
-3.07469 0.338723 0.602103 128 128 128
-3.05468 0.374494 0.599209 128 128 128
-3.05278 0.41235 0.599752 128 128 128
-3.02317 0.44616 0.59523 128 128 128
-3.00776 0.481657 0.593422 128 128 128
-2.98418 0.515494 0.590166 128 128 128
-2.96506 0.549728 0.587815 128 128 128
-2.94073 0.582609 0.58456 128 128 128
-2.91604 0.614976 0.581304 128 128 128
-2.88333 0.645098 0.576602 128 128 128
-2.84936 0.674282 0.571718 128 128 128
-2.82847 0.706083 0.569367 128 128 128
-2.79487 0.734209 0.564665 128 128 128
-2.76765 0.763456 0.561228 128 128 128
-2.74768 0.794343 0.559239 128 128 128
-2.73208 0.826285 0.558154 128 128 128
-2.68424 0.847848 0.550919 128 128 128
-2.5577 0.912555 0.532652 128 128 128
-2.597 0.962749 0.542599 128 128 128
-2.57857 0.992064 0.541333 128 128 128
-2.54703 1.01595 0.537535 128 128 128
-2.50803 1.0362 0.53229 128 128 128
-2.47795 1.05953 0.528854 128 128 128
-2.45038 1.08347 0.52596 128 128 128
-2.41634 1.10403 0.5218 128 128 128
-2.38928 1.12728 0.519087 128 128 128
-2.36466 1.15134 0.516917 128 128 128
-2.33718 1.17363 0.514204 128 128 128
-2.31998 1.20086 0.513661 128 128 128
-2.29207 1.22228 0.510948 128 128 128
-2.25019 1.2356 0.505342 128 128 128
-1.60267 0.904513 0.371684 128 128 128
-1.59485 0.926095 0.372408 128 128 128
-1.61457 0.964322 0.3791 128 128 128
-2.13831 1.31457 0.494852 128 128 128
-2.10457 1.32965 0.491054 128 128 128
-2.0609 1.33766 0.485085 128 128 128
-2.04515 1.3634 0.485266 128 128 128
-1.99989 1.3689 0.478936 128 128 128
-1.9749 1.38767 0.477127 128 128 128
-1.94976 1.40604 0.475319 128 128 128
-1.90472 1.40934 0.468988 128 128 128
-1.89119 1.43558 0.469893 128 128 128
-1.86878 1.45505 0.468808 128 128 128
-1.82162 1.4545 0.461935 128 128 128
-1.2755 1.04282 0.336235 128 128 128
-1.2423 1.04128 0.331352 128 128 128
-1.2257 1.05323 0.330448 128 128 128
-1.17218 1.03234 0.3205 128 128 128
-1.17909 1.06449 0.325384 128 128 128
-1.18683 1.09831 0.330629 128 128 128
-1.63173 1.54979 0.447104 128 128 128
-1.60274 1.56007 0.444572 128 128 128
-1.56263 1.55875 0.439146 128 128 128
-1.53652 1.57076 0.437337 128 128 128
-1.50425 1.57596 0.433901 128 128 128
-1.4761 1.58493 0.43155 128 128 128
-1.44862 1.59417 0.42938 128 128 128
-1.42048 1.60225 0.427028 128 128 128
-1.39814 1.61658 0.426305 128 128 128
-1.37377 1.62834 0.425039 128 128 128
-1.34745 1.63747 0.42323 128 128 128
-1.31681 1.64083 0.420156 128 128 128
-1.2863 1.64367 0.417081 128 128 128
-1.26365 1.6562 0.416357 128 128 128
-1.23562 1.66131 0.414006 128 128 128
-1.20075 1.65641 0.409485 128 128 128
-1.17128 1.65815 0.406591 128 128 128
-1.14918 1.66997 0.406048 128 128 128
-1.12641 1.68067 0.405325 128 128 128
-1.09713 1.68117 0.402431 128 128 128
-1.06222 1.67207 0.397548 128 128 128
-1.03698 1.67744 0.39592 128 128 128
-1.0047 1.67063 0.39176 128 128 128
-0.983137 1.68113 0.391398 128 128 128
-0.950326 1.67167 0.386877 128 128 128
-0.931635 1.68665 0.3876 128 128 128
-0.90531 1.68755 0.38543 128 128 128
-0.878651 1.68718 0.383079 128 128 128
-0.853905 1.68992 0.381451 128 128 128
-0.828363 1.69055 0.379462 128 128 128
-0.804195 1.69347 0.378015 128 128 128
-0.780899 1.69785 0.376929 128 128 128
-0.756423 1.69921 0.375302 128 128 128
-0.732805 1.70204 0.374036 128 128 128
-0.707729 1.7009 0.372046 128 128 128
-0.686803 1.70946 0.372046 128 128 128
-0.662239 1.70858 0.370238 128 128 128
-0.631642 1.69076 0.365173 128 128 128
-0.610515 1.69746 0.364992 128 128 128
-0.585806 1.69366 0.362822 128 128 128
-0.55851 1.68111 0.359024 128 128 128
-0.537839 1.68783 0.359024 128 128 128
-0.511102 1.67454 0.355226 128 128 128
-0.485593 1.66368 0.35197 128 128 128
-0.466188 1.6733 0.352694 128 128 128
-0.442867 1.66844 0.350704 128 128 128
-0.416637 1.65085 0.346364 128 128 128
-0.395667 1.65296 0.345821 128 128 128
-0.375138 1.65673 0.34564 128 128 128
-0.352341 1.64967 0.34347 128 128 128
-0.331114 1.64904 0.342566 128 128 128
-0.309238 1.64428 0.340938 128 128 128
-0.289539 1.65086 0.34148 128 128 128
-0.267702 1.64457 0.339672 128 128 128
-0.246207 1.63898 0.338044 128 128 128
-0.224757 1.63213 0.336235 128 128 128
-0.204472 1.63281 0.335874 128 128 128
-0.184204 1.63324 0.335512 128 128 128
-0.16386 1.63244 0.334969 128 128 128
-0.142977 1.62453 0.333161 128 128 128
-0.122815 1.62322 0.332618 128 128 128
-0.103245 1.6305 0.333703 128 128 128
-0.0817974 1.60217 0.328277 128 128 128
-0.0623796 1.60993 0.329543 128 128 128
-0.0425242 1.60665 0.32882 128 128 128
-0.0226553 1.59426 0.326469 128 128 128
-0.00309401 1.58655 0.325022 128 128 128
0.0164514 1.59237 0.326107 128 128 128
0.0356206 1.5773 0.323394 128 128 128
0.0549003 1.57478 0.323032 128 128 128
0.0741724 1.57301 0.322852 128 128 128
0.0936526 1.57492 0.323394 128 128 128
0.111222 1.55011 0.319053 128 128 128
0.130576 1.55255 0.319777 128 128 128
0.148843 1.543 0.31833 128 128 128
0.166241 1.52738 0.315798 128 128 128
0.184246 1.51937 0.314713 128 128 128
0.201814 1.50919 0.313266 128 128 128
0.21974 1.50271 0.312542 128 128 128
0.237223 1.49408 0.311457 128 128 128
0.255202 1.48912 0.311095 128 128 128
0.273096 1.48394 0.310734 128 128 128
0.291093 1.47951 0.310553 128 128 128
0.308614 1.47294 0.31001 128 128 128
0.326018 1.46616 0.309468 128 128 128
0.342619 1.45631 0.308383 128 128 128
0.359985 1.45009 0.308021 128 128 128
0.375241 1.43606 0.306212 128 128 128
0.391258 1.42566 0.305127 128 128 128
0.404881 1.40753 0.302595 128 128 128
0.422695 1.40433 0.302957 128 128 128
0.439897 1.39904 0.302957 128 128 128
0.457032 1.39354 0.302957 128 128 128
0.472176 1.38224 0.301872 128 128 128
0.490098 1.37912 0.302414 128 128 128
0.508358 1.37669 0.303138 128 128 128
0.522732 1.36393 0.301872 128 128 128
0.533945 1.34372 0.299159 128 128 128
0.552278 1.3416 0.300063 128 128 128
0.567924 1.33292 0.299701 128 128 128
0.584238 1.32585 0.299701 128 128 128
0.603335 1.32484 0.300967 128 128 128
0.616601 1.31111 0.299701 128 128 128
0.632212 1.30256 0.29952 128 128 128
0.649476 1.29734 0.300063 128 128 128
0.659 1.27705 0.297531 128 128 128
0.679263 1.27754 0.299339 128 128 128
0.697263 1.27342 0.300244 128 128 128
0.703132 1.24766 0.296627 128 128 128
0.726321 1.25252 0.29952 128 128 128
0.741637 1.24352 0.29952 128 128 128
0.750127 1.22344 0.297169 128 128 128
0.766138 1.21581 0.297531 128 128 128
0.779926 1.20466 0.297169 128 128 128
0.794104 1.19418 0.296988 128 128 128
0.809812 1.18597 0.29735 128 128 128
0.823171 1.17434 0.296988 128 128 128
0.83579 1.16176 0.296446 128 128 128
0.849984 1.15141 0.296446 128 128 128
0.863454 1.14011 0.296265 128 128 128
0.890701 1.14648 0.300244 128 128 128
0.897323 1.12625 0.298073 128 128 128
0.911077 1.11516 0.298073 128 128 128
0.923425 1.10239 0.297712 128 128 128
0.935598 1.08949 0.29735 128 128 128
0.953461 1.08308 0.298616 128 128 128
0.971967 1.07712 0.300063 128 128 128
0.987791 1.06799 0.300786 128 128 128
0.99743 1.05223 0.299882 128 128 128
1.00958 1.03921 0.299701 128 128 128
1.02156 1.02605 0.29952 128 128 128
1.03337 1.01275 0.299339 128 128 128
1.04928 1.00338 0.300244 128 128 128
1.0644 0.993103 0.300967 128 128 128
1.07359 0.977326 0.300244 128 128 128
1.0855 0.964078 0.300244 128 128 128
1.09874 0.951969 0.300605 128 128 128
1.1111 0.939047 0.300786 128 128 128
1.12482 0.927212 0.301329 128 128 128
1.12689 0.905969 0.299159 128 128 128
1.17749 0.922909 0.308383 128 128 128
1.18872 0.90839 0.308383 128 128 128
1.18556 0.883196 0.305127 128 128 128
1.19152 0.865127 0.304042 128 128 128
1.20446 0.852138 0.304584 128 128 128
1.21564 0.837849 0.304765 128 128 128
1.22419 0.821776 0.304404 128 128 128
1.24903 0.816337 0.307659 128 128 128
1.25396 0.797794 0.306574 128 128 128
1.26366 0.782346 0.306574 128 128 128
1.27654 0.7688 0.307297 128 128 128
1.29268 0.757035 0.308744 128 128 128
1.31214 0.746927 0.310915 128 128 128
1.32552 0.733137 0.311819 128 128 128
1.33702 0.718205 0.312362 128 128 128
1.34923 0.703554 0.313085 128 128 128
1.3683 0.692244 0.315255 128 128 128
1.38377 0.678848 0.316702 128 128 128
1.38043 0.656356 0.314351 128 128 128
1.40091 0.645093 0.316883 128 128 128
1.41411 0.630241 0.317968 128 128 128
1.41812 0.611293 0.317245 128 128 128
1.4446 0.601737 0.321043 128 128 128
1.50668 0.605845 0.331895 128 128 128
1.47913 0.573879 0.325022 128 128 128
1.48329 0.554658 0.324479 128 128 128
1.49277 0.537407 0.325022 128 128 128
1.5039 0.520645 0.325926 128 128 128
1.52232 0.506154 0.328277 128 128 128
1.52748 0.487138 0.328097 128 128 128
1.53616 0.469212 0.328639 128 128 128
1.54275 0.450599 0.32882 128 128 128
1.57661 0.439486 0.334246 128 128 128
1.57998 0.419606 0.333884 128 128 128
1.58405 0.399947 0.333703 128 128 128
1.60128 0.383425 0.336054 128 128 128
1.60395 0.363316 0.335693 128 128 128
1.61695 0.345434 0.337321 128 128 128
1.62299 0.325948 0.337682 128 128 128
1.63171 0.306905 0.338587 128 128 128
1.63244 0.286355 0.338044 128 128 128
1.63972 0.266924 0.338767 128 128 128
1.64482 0.247069 0.339129 128 128 128
1.66039 0.22858 0.34148 128 128 128
1.66698 0.208666 0.342204 128 128 128
1.67137 0.18841 0.342566 128 128 128
1.69313 0.169802 0.346183 128 128 128
1.70097 0.149515 0.347268 128 128 128
1.7115 0.129277 0.348896 128 128 128
1.71591 0.108443 0.349438 128 128 128
1.73577 0.0882847 0.352875 128 128 128
1.72788 0.0666567 0.351247 128 128 128
1.75905 0.0461789 0.356854 128 128 128
1.76046 0.0246007 0.357035 128 128 128
1.77244 0.00298858 0.359205 128 128 128
1.78316 -0.0189011 0.361194 128 128 128
1.80245 -0.0412756 0.364812 128 128 128
1.80967 -0.0636854 0.366259 128 128 128
1.83037 -0.0869621 0.370238 128 128 128
1.8164 -0.108626 0.367886 128 128 128
1.81885 -0.131199 0.36861 128 128 128
1.83866 -0.155378 0.372589 128 128 128
1.8327 -0.177542 0.371865 128 128 128
1.84603 -0.201762 0.374759 128 128 128
1.86293 -0.226819 0.378376 128 128 128
1.85611 -0.249131 0.377653 128 128 128
1.85681 -0.272469 0.378376 128 128 128
1.87468 -0.298684 0.382355 128 128 128
1.87281 -0.322004 0.382717 128 128 128
1.86969 -0.345143 0.382898 128 128 128
1.87496 -0.369985 0.384707 128 128 128
1.88663 -0.396438 0.387781 128 128 128
1.89026 -0.421504 0.389409 128 128 128
1.91269 -0.451275 0.394654 128 128 128
1.90605 -0.474473 0.394473 128 128 128
1.91245 -0.501093 0.396824 128 128 128
1.92132 -0.52873 0.399718 128 128 128
1.93263 -0.557482 0.403154 128 128 128
1.93694 -0.584589 0.405325 128 128 128
1.94462 -0.613075 0.408219 128 128 128
1.94161 -0.638438 0.409123 128 128 128
1.94386 -0.665741 0.411112 128 128 128
1.96795 -0.70116 0.417443 128 128 128
1.96841 -0.728689 0.419251 128 128 128
1.9685 -0.756335 0.42106 128 128 128
1.97276 -0.78592 0.423773 128 128 128
1.96388 -0.810446 0.423954 128 128 128
1.96282 -0.838365 0.425762 128 128 128
1.9452 -0.859196 0.424315 128 128 128
1.94881 -0.889563 0.427209 128 128 128
1.95197 -0.920147 0.430103 128 128 128
1.96262 -0.954829 0.434625 128 128 128
1.95427 -0.980612 0.435348 128 128 128
1.94732 -1.00724 0.436433 128 128 128
1.94695 -1.03756 0.438965 128 128 128
1.95389 -1.07229 0.443125 128 128 128
1.92347 -1.08648 0.439508 128 128 128
1.49716 -0.869087 0.351609 128 128 128
1.46362 -0.87373 0.346725 128 128 128
1.4779 -0.907117 0.352151 128 128 128
1.45918 -0.920445 0.350523 128 128 128
1.49145 -0.966732 0.360109 128 128 128
1.96177 -1.30762 0.466818 128 128 128
1.93179 -1.32212 0.463743 128 128 128
1.92667 -1.35367 0.466275 128 128 128
1.91868 -1.38355 0.468265 128 128 128
1.90867 -1.41227 0.469893 128 128 128
1.89902 -1.44154 0.471701 128 128 128
1.88738 -1.46958 0.473148 128 128 128
1.87611 -1.49817 0.474776 128 128 128
1.88191 -1.54106 0.480564 128 128 128
1.8779 -1.57671 0.484181 128 128 128
1.87255 -1.61185 0.487617 128 128 128
1.85705 -1.63862 0.488702 128 128 128
1.83461 -1.6593 0.48816 128 128 128
1.84724 -1.7125 0.49648 128 128 128
1.84246 -1.75065 0.500639 128 128 128
1.81592 -1.76831 0.499373 128 128 128
1.82188 -1.8183 0.506608 128 128 128
1.80149 -1.84263 0.50715 128 128 128
1.78281 -1.86888 0.508236 128 128 128
1.7671 -1.89854 0.510225 128 128 128
1.75225 -1.92956 0.512576 128 128 128
1.73625 -1.95977 0.514747 128 128 128
1.71785 -1.98763 0.516374 128 128 128
1.69713 -2.01308 0.51746 128 128 128
1.68726 -2.05201 0.5218 128 128 128
1.68406 -2.10022 0.528311 128 128 128
1.65997 -2.12305 0.528854 128 128 128
1.64332 -2.15579 0.531748 128 128 128
1.65069 -2.22163 0.542238 128 128 128
1.61006 -2.22338 0.538078 128 128 128
1.59737 -2.26388 0.54278 128 128 128
1.57447 -2.29062 0.544408 128 128 128
1.55716 -2.32613 0.548025 128 128 128
1.53225 -2.35083 0.549291 128 128 128
1.51065 -2.3811 0.551823 128 128 128
1.48647 -2.40783 0.553632 128 128 128
1.46035 -2.4318 0.554898 128 128 128
1.43732 -2.46144 0.55743 128 128 128
1.41136 -2.48659 0.559058 128 128 128
1.39164 -2.52355 0.563218 128 128 128
1.36242 -2.54391 0.563941 128 128 128
1.34467 -2.58663 0.569367 128 128 128
1.32343 -2.62403 0.573708 128 128 128
1.2963 -2.65068 0.575878 128 128 128
1.26872 -2.67706 0.578048 128 128 128
1.24477 -2.71211 0.582027 128 128 128
1.21736 -2.74067 0.58474 128 128 128
1.18906 -2.76806 0.587272 128 128 128
1.16139 -2.79789 0.590347 128 128 128
1.13134 -2.82289 0.592518 128 128 128
1.10192 -2.85033 0.59523 128 128 128
1.06994 -2.87194 0.596858 128 128 128
1.0356 -2.88763 0.597401 128 128 128
1.00392 -2.91128 0.599571 128 128 128
0.96997 -2.92899 0.600656 128 128 128
0.936622 -2.94911 0.602284 128 128 128
0.902926 -2.96885 0.603912 128 128 128
0.876268 -3.01372 0.610423 128 128 128
0.842622 -3.03657 0.612774 128 128 128
0.813549 -3.07807 0.618743 128 128 128
0.779769 -3.10405 0.621817 128 128 128
0.745473 -3.12965 0.624892 128 128 128
0.708086 -3.14336 0.625796 128 128 128
0.67149 -3.16144 0.627605 128 128 128
0.607197 -3.04113 0.60355 128 128 128
0.593523 -3.176 0.627424 128 128 128
0.563386 -3.2344 0.63701 128 128 128
0.524898 -3.24884 0.638457 128 128 128
0.486859 -3.26769 0.640808 128 128 128
0.446986 -3.27537 0.641169 128 128 128
0.407957 -3.29037 0.642978 128 128 128
0.369059 -3.30881 0.64551 128 128 128
0.329577 -3.32484 0.647681 128 128 128
0.29026 -3.34627 0.650936 128 128 128
0.248743 -3.34369 0.649851 128 128 128
0.209844 -3.38184 0.656362 128 128 128
0.1689 -3.39594 0.658532 128 128 128
0.127321 -3.40071 0.659075 128 128 128
0.0863572 -3.43446 0.665043 128 128 128
0.0442045 -3.43526 0.665043 128 128 128
0.00202512 -3.47095 0.671554 128 128 128
-0.0405437 -3.46875 0.671193 128 128 128
-0.0835027 -3.48372 0.674086 128 128 128
-0.127313 -3.51094 0.679331 128 128 128
-0.170486 -3.51108 0.679693 128 128 128
-0.213133 -3.50185 0.678427 128 128 128
-0.256819 -3.50878 0.680236 128 128 128
-0.301557 -3.52496 0.683853 128 128 128
-0.116169 -1.21318 0.257379 128 128 128
-0.130503 -1.20677 0.256475 128 128 128
-0.146028 -1.21094 0.25756 128 128 128
-0.161009 -1.21003 0.257741 128 128 128
-0.175701 -1.20699 0.25756 128 128 128
-0.191127 -1.20862 0.258284 128 128 128
-0.204257 -1.1965 0.256475 128 128 128
-0.222717 -1.2142 0.260273 128 128 128
-0.702872 -3.54354 0.697599 128 128 128
-0.746508 -3.53561 0.697779 128 128 128
-0.794592 -3.5473 0.701758 128 128 128
-0.838518 -3.53919 0.70212 128 128 128
-0.884761 -3.54008 0.704291 128 128 128
-0.92889 -3.53181 0.704833 128 128 128
-0.977943 -3.541 0.708812 128 128 128
-1.02462 -3.54006 0.710982 128 128 128
-1.06827 -3.52816 0.711163 128 128 128
-1.11803 -3.53541 0.715142 128 128 128
-1.16535 -3.53356 0.717493 128 128 128
-1.20862 -3.519 0.717493 128 128 128
-1.2557 -3.51501 0.719664 128 128 128
-1.29908 -3.50026 0.719845 128 128 128
-1.34584 -3.49414 0.721834 128 128 128
-1.39264 -3.48741 0.723824 128 128 128
-1.43985 -3.48096 0.725994 128 128 128
-1.48285 -3.46393 0.726175 128 128 128
-1.52524 -3.44547 0.726175 128 128 128
-1.56782 -3.42739 0.726356 128 128 128
-1.6106 -3.40967 0.726717 128 128 128
-1.65707 -3.39937 0.728707 128 128 128
-1.69778 -3.37702 0.728345 128 128 128
-1.74499 -3.36728 0.730696 128 128 128
-1.78664 -3.34648 0.730877 128 128 128
-1.82805 -3.32516 0.731058 128 128 128
-1.87211 -3.30847 0.732324 128 128 128
-1.9086 -3.27845 0.730877 128 128 128
-1.95477 -3.2649 0.733048 128 128 128
-1.99004 -3.23313 0.73142 128 128 128
-2.0343 -3.21594 0.733048 128 128 128
-2.07415 -3.19156 0.733228 128 128 128
-2.11425 -3.1675 0.73359 128 128 128
-2.15296 -3.14132 0.73359 128 128 128
-2.19645 -3.1219 0.735218 128 128 128
-2.23633 -3.0971 0.735761 128 128 128
-2.27358 -3.06863 0.73558 128 128 128
-2.31166 -3.04128 0.735761 128 128 128
-2.34214 -3.00416 0.733771 128 128 128
-2.37945 -2.97596 0.733952 128 128 128
-2.42141 -2.95338 0.73558 128 128 128
-2.45303 -2.91817 0.734314 128 128 128
-2.49573 -2.89604 0.736303 128 128 128
-2.52913 -2.86299 0.735761 128 128 128
-2.55812 -2.82518 0.734133 128 128 128
-2.58657 -2.78709 0.732505 128 128 128
-2.63347 -2.76867 0.735941 128 128 128
-2.66725 -2.73614 0.735941 128 128 128
-2.69436 -2.69695 0.734314 128 128 128
-2.72655 -2.663 0.734133 128 128 128
-2.75902 -2.62934 0.734133 128 128 128
-2.79901 -2.60264 0.736122 128 128 128
-2.81761 -2.55621 0.732867 128 128 128
-0.846668 -0.75313 0.241644 128 128 128
-0.858081 -0.74461 0.242187 128 128 128
-2.9128 -2.45331 0.73359 128 128 128
-0.891309 -0.735797 0.245804 128 128 128
-2.97213 -2.38108 0.73359 128 128 128
-2.9926 -2.33778 0.731601 128 128 128
-3.02341 -2.30267 0.732143 128 128 128
-3.05065 -2.2648 0.731962 128 128 128
-3.06784 -2.21971 0.729611 128 128 128
-3.09485 -2.1819 0.729611 128 128 128
-3.12221 -2.14431 0.729792 128 128 128
-3.14583 -2.1042 0.72925 128 128 128
-3.16399 -2.06061 0.727622 128 128 128
-3.1799 -2.01585 0.725632 128 128 128
-3.20356 -1.97616 0.725451 128 128 128
-3.22841 -1.9372 0.725632 128 128 128
-3.24344 -1.89249 0.723824 128 128 128
-3.26471 -1.85158 0.723462 128 128 128
-3.27684 -1.80569 0.721292 128 128 128
-3.28921 -1.76025 0.719302 128 128 128
-3.29397 -1.71116 0.715866 128 128 128
-3.32527 -1.67591 0.718036 128 128 128
-3.33232 -1.62851 0.715323 128 128 128
-3.35028 -1.58665 0.714961 128 128 128
-3.36055 -1.54133 0.713153 128 128 128
-3.36842 -1.4952 0.710982 128 128 128
-3.36301 -1.44369 0.70628 128 128 128
-3.37138 -1.39855 0.704471 128 128 128
-3.37824 -1.35306 0.702482 128 128 128
-3.3845 -1.30762 0.700492 128 128 128
-3.40029 -1.26599 0.700492 128 128 128
-3.39149 -1.21556 0.69579 128 128 128
-3.39498 -1.17002 0.69362 128 128 128
-3.40628 -1.12735 0.693077 128 128 128
-3.41142 -1.08279 0.691449 128 128 128
-3.41128 -1.03686 0.688917 128 128 128
-3.42374 -0.99492 0.688917 128 128 128
-3.42906 -0.950998 0.687651 128 128 128
-3.43476 -0.907346 0.686566 128 128 128
-3.41606 -0.857736 0.680959 128 128 128
-3.4236 -0.770849 0.678608 128 128 128
-3.39239 -0.720246 0.671012 128 128 128
-3.39711 -0.677797 0.670288 128 128 128
-3.40131 -0.63534 0.669565 128 128 128
-3.40982 -0.59372 0.669746 128 128 128
-3.39354 -0.548095 0.665405 128 128 128
-3.38639 -0.504398 0.662873 128 128 128
-3.38063 -0.461222 0.660703 128 128 128
-3.35187 -0.415507 0.654372 128 128 128
-3.344 -0.372941 0.652021 128 128 128
-3.33463 -0.330535 0.649489 128 128 128
-3.32863 -0.288751 0.647681 128 128 128
-3.31819 -0.246877 0.645148 128 128 128
-3.30428 -0.205123 0.642074 128 128 128
-3.31048 -0.16475 0.642797 128 128 128
-3.30341 -0.123792 0.641169 128 128 128
-3.29091 -0.0829147 0.638637 128 128 128
-3.27791 -0.0423627 0.636105 128 128 128
-3.22291 0.158685 0.5467 128 128 128
-3.20692 0.197379 0.544503 128 128 128
-3.17372 0.234476 0.539637 128 128 128
-3.14994 0.271631 0.536341 128 128 128
-3.12376 0.308046 0.532731 128 128 128
-3.10306 0.344511 0.530063 128 128 128
-3.0839 0.380755 0.527709 128 128 128
-3.06431 0.416581 0.525355 128 128 128
-3.0492 0.452708 0.523785 128 128 128
-3.03366 0.488526 0.522216 128 128 128
-3.00895 0.522515 0.519233 128 128 128
-2.98775 0.556693 0.516879 128 128 128
-2.971 0.591391 0.51531 128 128 128
-2.9442 0.62372 0.512171 128 128 128
-2.91994 0.65613 0.509502 128 128 128
-2.89242 0.724955 0.507776 128 128 128
-2.77285 0.767829 0.491139 128 128 128
-2.79358 0.810592 0.496162 128 128 128
-2.75507 0.83622 0.491453 128 128 128
-2.73424 0.866688 0.489727 128 128 128
-2.71683 0.89801 0.488628 128 128 128
-2.67479 0.920689 0.483448 128 128 128
-2.65585 0.950784 0.482193 128 128 128
-2.62731 0.977115 0.479368 128 128 128
-2.59485 1.00147 0.475915 128 128 128
-2.56127 1.02481 0.472305 128 128 128
-2.54851 1.05616 0.472305 128 128 128
-2.49178 1.06869 0.464771 128 128 128
-2.46493 1.09319 0.462417 128 128 128
-2.44145 1.11884 0.460691 128 128 128
-2.39539 1.13352 0.45504 128 128 128
-2.37597 1.16023 0.454099 128 128 128
-2.34215 1.17954 0.450646 128 128 128
-2.32399 1.20637 0.450018 128 128 128
-2.29681 1.22829 0.44782 128 128 128
-1.65765 0.913227 0.334658 128 128 128
-1.61623 0.916471 0.329165 128 128 128
-1.61852 0.944189 0.331676 128 128 128
-1.65087 0.990368 0.339838 128 128 128
-2.15494 1.3285 0.436206 128 128 128
-2.12846 1.34851 0.434323 128 128 128
-2.09271 1.36214 0.430713 128 128 128
-2.04463 1.36688 0.424749 128 128 128
-2.01955 1.38628 0.423179 128 128 128
-1.98543 1.39903 0.419883 128 128 128
-1.96091 1.41808 0.418471 128 128 128
-1.92828 1.43086 0.415488 128 128 128
-1.90193 1.44784 0.413762 128 128 128
-1.87545 1.46439 0.412035 128 128 128
-1.84963 1.48113 0.410466 128 128 128
-1.82215 1.4962 0.408583 128 128 128
-1.80138 1.51654 0.408112 128 128 128
-1.19694 1.03362 0.285219 128 128 128
-1.1886 1.05215 0.28616 128 128 128
-1.19317 1.08257 0.289927 128 128 128
-1.66038 1.5433 0.394143 128 128 128
-1.63989 1.5622 0.393829 128 128 128
-1.59868 1.56083 0.388964 128 128 128
-1.56892 1.56986 0.386609 128 128 128
-1.55161 1.59111 0.38708 128 128 128
-1.51153 1.58858 0.382372 128 128 128
-1.48386 1.59833 0.380488 128 128 128
-1.44688 1.5974 0.376408 128 128 128
-1.42782 1.61577 0.376564 128 128 128
-1.40079 1.62495 0.374838 128 128 128
-1.37247 1.6322 0.372798 128 128 128
-1.34357 1.63823 0.3706 128 128 128
-1.31842 1.64843 0.369345 128 128 128
-1.29566 1.66137 0.368717 128 128 128
-1.268 1.66771 0.366833 128 128 128
-1.22978 1.65936 0.362125 128 128 128
-1.20412 1.66712 0.360712 128 128 128
-1.17788 1.6737 0.359143 128 128 128
-1.14943 1.67663 0.356945 128 128 128
-1.11449 1.66926 0.352865 128 128 128
-1.09392 1.68281 0.352865 128 128 128
-1.06368 1.68109 0.35004 128 128 128
-1.03156 1.67553 0.346587 128 128 128
-1.00889 1.68467 0.345959 128 128 128
-0.975703 1.6756 0.342035 128 128 128
-0.953606 1.68487 0.341564 128 128 128
-0.930476 1.69212 0.340779 128 128 128
-0.906846 1.69818 0.339838 128 128 128
-0.877747 1.69341 0.337013 128 128 128
-0.855567 1.7014 0.336542 128 128 128
-0.825955 1.69403 0.333403 128 128 128
-0.802992 1.69957 0.332618 128 128 128
-0.779606 1.70391 0.331676 128 128 128
-0.754232 1.70342 0.32995 128 128 128
-0.728988 1.70256 0.328223 128 128 128
-0.706149 1.70682 0.327439 128 128 128
-0.682215 1.70802 0.326183 128 128 128
-0.656579 1.70429 0.324143 128 128 128
-0.631827 1.70203 0.322416 128 128 128
-0.606564 1.69757 0.320376 128 128 128
-0.582149 1.69462 0.318649 128 128 128
-0.558829 1.69413 0.317394 128 128 128
-0.533221 1.6858 0.314882 128 128 128
-0.50905 1.68088 0.312999 128 128 128
-0.483703 1.67087 0.310331 128 128 128
-0.462108 1.67288 0.309703 128 128 128
-0.440284 1.67365 0.308918 128 128 128
-0.416349 1.66551 0.306721 128 128 128
-0.395423 1.66857 0.306407 128 128 128
-0.3708 1.65499 0.303425 128 128 128
-0.350668 1.66039 0.303582 128 128 128
-0.326985 1.6481 0.300914 128 128 128
-0.308547 1.66169 0.302483 128 128 128
-0.285256 1.64881 0.299815 128 128 128
-0.264058 1.64634 0.298873 128 128 128
-0.242964 1.6436 0.297932 128 128 128
-0.222243 1.64254 0.297304 128 128 128
-0.201949 1.64416 0.297147 128 128 128
-0.181648 1.64554 0.29699 128 128 128
-0.160859 1.64174 0.296048 128 128 128
-0.139169 1.62588 0.293223 128 128 128
-0.118988 1.62451 0.292752 128 128 128
-0.0991044 1.62684 0.292909 128 128 128
-0.0784505 1.61412 0.290712 128 128 128
-0.0584902 1.61102 0.290084 128 128 128
-0.0384953 1.60273 0.288672 128 128 128
-0.0188245 1.60308 0.288672 128 128 128
0.000850332 1.59924 0.288044 128 128 128
0.0204399 1.59614 0.287573 128 128 128
0.0395229 1.57504 0.284277 128 128 128
0.0588841 1.57542 0.284434 128 128 128
0.0774902 1.55979 0.28208 128 128 128
0.0971074 1.5666 0.283335 128 128 128
0.115022 1.54756 0.28051 128 128 128
0.135187 1.55981 0.282707 128 128 128
0.15123 1.52658 0.277685 128 128 128
0.170929 1.53345 0.279097 128 128 128
0.188649 1.52241 0.277685 128 128 128
0.205327 1.5053 0.275331 128 128 128
0.225954 1.51732 0.277685 128 128 128
0.241425 1.49493 0.274546 128 128 128
0.260594 1.49673 0.275331 128 128 128
0.27822 1.48953 0.274703 128 128 128
0.295708 1.48213 0.274075 128 128 128
0.311832 1.46873 0.272506 128 128 128
0.330264 1.46672 0.272819 128 128 128
0.347098 1.45775 0.272035 128 128 128
0.361126 1.43805 0.269523 128 128 128
0.378998 1.43447 0.26968 128 128 128
0.394467 1.42209 0.268425 128 128 128
0.411339 1.41525 0.268111 128 128 128
0.428389 1.40915 0.267954 128 128 128
0.445053 1.4019 0.26764 128 128 128
0.461604 1.39446 0.267326 128 128 128
0.47804 1.38682 0.267012 128 128 128
0.494025 1.37806 0.266541 128 128 128
0.511242 1.37282 0.266698 128 128 128
0.525564 1.35999 0.2656 128 128 128
0.541481 1.35161 0.265286 128 128 128
0.558404 1.34577 0.265443 128 128 128
0.576432 1.34245 0.266071 128 128 128
0.586464 1.32083 0.263559 128 128 128
0.604272 1.31712 0.264187 128 128 128
0.619546 1.30782 0.263873 128 128 128
0.635115 1.29923 0.263716 128 128 128
0.65323 1.29575 0.264501 128 128 128
0.665899 1.2815 0.263402 128 128 128
0.685297 1.2802 0.264658 128 128 128
0.695721 1.26218 0.262931 128 128 128
0.710184 1.25183 0.262618 128 128 128
0.728972 1.24899 0.263716 128 128 128
0.742721 1.23741 0.263245 128 128 128
0.756815 1.22652 0.262931 128 128 128
0.770225 1.21464 0.262461 128 128 128
0.785072 1.20509 0.262461 128 128 128
0.801995 1.19865 0.263088 128 128 128
0.816086 1.18791 0.262931 128 128 128
0.828328 1.17457 0.262304 128 128 128
0.845571 1.16832 0.263088 128 128 128
0.860432 1.15865 0.263245 128 128 128
0.874586 1.148 0.263245 128 128 128
0.888608 1.13719 0.263245 128 128 128
0.90373 1.12774 0.263559 128 128 128
0.914369 1.11275 0.262775 128 128 128
0.929862 1.10371 0.263245 128 128 128
0.942692 1.09147 0.263088 128 128 128
0.957977 1.08204 0.263559 128 128 128
0.971846 1.07093 0.263716 128 128 128
0.98693 1.0611 0.264187 128 128 128
0.997835 1.04676 0.263716 128 128 128
1.00854 1.03231 0.263245 128 128 128
1.01973 1.01846 0.262931 128 128 128
1.03639 1.01001 0.263873 128 128 128
1.05658 1.00471 0.2656 128 128 128
1.05291 0.976876 0.262147 128 128 128
1.08018 0.977814 0.265443 128 128 128
1.08988 0.962522 0.264972 128 128 128
1.09937 0.947139 0.264501 128 128 128
1.11922 0.940574 0.266227 128 128 128
1.13144 0.927395 0.266384 128 128 128
1.13888 0.910354 0.2656 128 128 128
1.15308 0.898741 0.266227 128 128 128
1.16559 0.88572 0.266541 128 128 128
1.17717 0.871938 0.266698 128 128 128
1.18858 0.858005 0.266855 128 128 128
1.19741 0.842217 0.266541 128 128 128
1.23126 0.84367 0.271093 128 128 128
1.22674 0.818616 0.268268 128 128 128
1.24497 0.808889 0.269837 128 128 128
1.25981 0.796722 0.270779 128 128 128
1.27454 0.784312 0.271721 128 128 128
1.27644 0.76404 0.270308 128 128 128
1.29852 0.755782 0.272662 128 128 128
1.31113 0.741739 0.27329 128 128 128
1.321 0.72607 0.273447 128 128 128
1.33765 0.713997 0.27486 128 128 128
1.34982 0.699348 0.275488 128 128 128
1.36359 0.685397 0.276429 128 128 128
1.379 0.67208 0.277685 128 128 128
1.3925 0.657642 0.278627 128 128 128
1.40405 0.64215 0.279254 128 128 128
1.42086 0.628877 0.280824 128 128 128
1.42393 0.609447 0.280039 128 128 128
1.44681 0.598357 0.282707 128 128 128
1.45771 0.582025 0.283335 128 128 128
1.4758 0.568362 0.285219 128 128 128
1.48359 0.550553 0.285376 128 128 128
1.49767 0.534969 0.286631 128 128 128
1.50039 0.515264 0.286003 128 128 128
1.51598 0.499914 0.287573 128 128 128
1.52859 0.483363 0.288672 128 128 128
1.53818 0.465716 0.289299 128 128 128
1.54758 0.447907 0.289927 128 128 128
1.5777 0.435738 0.294008 128 128 128
1.5667 0.412061 0.29134 128 128 128
1.58696 0.396648 0.293851 128 128 128
1.58498 0.375544 0.292752 128 128 128
1.60393 0.359316 0.295107 128 128 128
1.61401 0.340835 0.296048 128 128 128
1.61517 0.320424 0.295577 128 128 128
1.63063 0.302752 0.297461 128 128 128
1.64006 0.283734 0.298403 128 128 128
1.64634 0.264058 0.298873 128 128 128
1.65239 0.244271 0.299344 128 128 128
1.65624 0.224108 0.299501 128 128 128
1.67063 0.205221 0.301385 128 128 128
1.67793 0.18525 0.302169 128 128 128
1.69187 0.165811 0.304053 128 128 128
1.69968 0.145547 0.304995 128 128 128
1.71513 0.1257 0.307192 128 128 128
1.71654 0.104643 0.307192 128 128 128
1.72854 0.0841068 0.308918 128 128 128
1.74326 0.0634017 0.311116 128 128 128
1.74292 0.0419798 0.310959 128 128 128
1.76405 0.0208492 0.314255 128 128 128
1.77306 -0.000797242 0.315667 128 128 128
1.77884 -0.0226262 0.316609 128 128 128
1.79225 -0.0447887 0.318806 128 128 128
1.80143 -0.0671395 0.320376 128 128 128
1.80837 -0.0896261 0.321631 128 128 128
1.81699 -0.112413 0.323201 128 128 128
1.81744 -0.134847 0.323515 128 128 128
1.82746 -0.158153 0.325398 128 128 128
1.847 -0.18269 0.328851 128 128 128
1.84462 -0.205341 0.328851 128 128 128
1.85275 -0.229289 0.330578 128 128 128
1.85664 -0.252936 0.331676 128 128 128
1.86805 -0.27787 0.334031 128 128 128
1.86743 -0.301243 0.334501 128 128 128
1.87138 -0.325484 0.335757 128 128 128
1.88181 -0.351132 0.338111 128 128 128
1.88704 -0.376122 0.339681 128 128 128
1.88808 -0.400476 0.340623 128 128 128
1.89363 -0.425992 0.342349 128 128 128
1.89883 -0.451705 0.344075 128 128 128
1.9008 -0.47689 0.345331 128 128 128
1.90914 -0.503951 0.347685 128 128 128
1.91899 -0.531814 0.350354 128 128 128
1.9218 -0.558071 0.351923 128 128 128
1.93466 -0.587626 0.355219 128 128 128
1.94143 -0.615793 0.357573 128 128 128
1.9356 -0.64019 0.357887 128 128 128
1.94161 -0.66871 0.360241 128 128 128
1.95558 -0.700464 0.364008 128 128 128
1.95331 -0.726816 0.365107 128 128 128
1.94701 -0.751797 0.365578 128 128 128
1.94773 -0.779664 0.367304 128 128 128
1.95535 -0.810682 0.370286 128 128 128
1.95797 -0.84006 0.372484 128 128 128
1.95293 -0.866424 0.373425 128 128 128
1.95113 -0.894434 0.374995 128 128 128
1.95161 -0.923796 0.377035 128 128 128
1.95344 -0.954169 0.37939 128 128 128
1.94776 -0.981175 0.380488 128 128 128
1.94084 -1.00773 0.38143 128 128 128
1.95185 -1.04403 0.385668 128 128 128
1.94494 -1.07124 0.386766 128 128 128
1.92735 -1.09259 0.385982 128 128 128
1.57585 -0.919337 0.323829 128 128 128
1.50938 -0.90562 0.313627 128 128 128
1.43003 -0.88213 0.300914 128 128 128
1.43496 -0.909646 0.303896 128 128 128
1.48744 -0.968637 0.315981 128 128 128
1.94524 -1.30052 0.405757 128 128 128
1.92995 -1.32485 0.405914 128 128 128
1.92001 -1.35298 0.40717 128 128 128
1.91367 -1.38396 0.40921 128 128 128
1.91003 -1.41734 0.411879 128 128 128
1.89721 -1.44426 0.41282 128 128 128
1.88713 -1.4735 0.41439 128 128 128
1.89745 -1.51938 0.420197 128 128 128
1.89088 -1.55257 0.422708 128 128 128
1.86034 -1.56612 0.420354 128 128 128
1.86716 -1.6114 0.425847 128 128 128
1.85983 -1.64531 0.428515 128 128 128
1.84682 -1.67464 0.430085 128 128 128
1.84422 -1.71397 0.434009 128 128 128
1.82806 -1.74124 0.435107 128 128 128
1.82211 -1.77871 0.43856 128 128 128
1.81901 -1.81979 0.442798 128 128 128
1.80275 -1.84833 0.444211 128 128 128
1.78061 -1.87103 0.444368 128 128 128
1.76559 -1.90142 0.446251 128 128 128
1.7534 -1.93538 0.448919 128 128 128
1.7341 -1.96193 0.450018 128 128 128
1.71893 -1.99353 0.452215 128 128 128
1.70896 -2.03185 0.455825 128 128 128
1.68703 -2.05649 0.45661 128 128 128
1.68883 -2.11095 0.463516 128 128 128
1.66827 -2.13852 0.464928 128 128 128
1.63891 -2.1549 0.464143 128 128 128
1.62765 -2.19547 0.468224 128 128 128
1.61505 -2.23529 0.472148 128 128 128
1.59034 -2.25898 0.472933 128 128 128
1.57536 -2.29705 0.476543 128 128 128
1.55858 -2.33345 0.479839 128 128 128
1.53252 -2.35654 0.480623 128 128 128
1.51195 -2.38851 0.483135 128 128 128
1.48615 -2.41277 0.484233 128 128 128
1.46303 -2.44184 0.486274 128 128 128
1.43744 -2.46729 0.487686 128 128 128
1.409 -2.48818 0.488314 128 128 128
1.38694 -2.52085 0.491139 128 128 128
1.36568 -2.55597 0.494435 128 128 128
1.34104 -2.58568 0.496789 128 128 128
1.31232 -2.60812 0.497888 128 128 128
1.29798 -2.66041 0.504323 128 128 128
1.27496 -2.69667 0.507933 128 128 128
1.24424 -2.7175 0.508875 128 128 128
1.22001 -2.75333 0.512485 128 128 128
1.1943 -2.78715 0.515781 128 128 128
1.16493 -2.81346 0.517821 128 128 128
1.12958 -2.82571 0.517507 128 128 128
1.10051 -2.8541 0.520018 128 128 128
1.07505 -2.8933 0.524413 128 128 128
1.03913 -2.90535 0.524256 128 128 128
1.00308 -2.91695 0.524099 128 128 128
0.971547 -2.94216 0.526296 128 128 128
0.93925 -2.9661 0.528337 128 128 128
0.912824 -3.01048 0.53383 128 128 128
0.874986 -3.01861 0.533359 128 128 128
0.843151 -3.04816 0.536498 128 128 128
0.81173 -3.08119 0.540265 128 128 128
0.777222 -3.10433 0.542462 128 128 128
0.742496 -3.12805 0.544817 128 128 128
0.707087 -3.15041 0.547014 128 128 128
0.674109 -3.1859 0.551409 128 128 128
0.611999 -3.07868 0.532731 128 128 128
0.489796 -2.63353 0.459592 128 128 128
0.532878 -3.07331 0.529592 128 128 128
0.524989 -3.26487 0.559413 128 128 128
0.485175 -3.27302 0.559727 128 128 128
0.445506 -3.28264 0.560355 128 128 128
0.406402 -3.29766 0.561924 128 128 128
0.368196 -3.32301 0.56522 128 128 128
0.327681 -3.33023 0.565691 128 128 128
0.289 -3.35958 0.569772 128 128 128
0.248481 -3.37273 0.571341 128 128 128
0.208351 -3.39622 0.574637 128 128 128
0.166805 -3.40148 0.575108 128 128 128
0.125418 -3.41314 0.576678 128 128 128
0.0841126 -3.43812 0.580445 128 128 128
0.0420892 -3.45272 0.582642 128 128 128
-0.000277805 -3.47371 0.585938 128 128 128
-0.0429292 -3.47542 0.586252 128 128 128
-0.0861732 -3.49932 0.590176 128 128 128
-0.129541 -3.50984 0.592059 128 128 128
-0.173132 -3.51884 0.593785 128 128 128
-0.216361 -3.51743 0.593942 128 128 128
-0.261173 -3.53717 0.597552 128 128 128
-0.30456 -3.5337 0.597552 128 128 128
-0.122376 -1.2327 0.230756 128 128 128
-0.134454 -1.20362 0.226362 128 128 128
-0.148852 -1.19894 0.225891 128 128 128
-0.164615 -1.20485 0.227147 128 128 128
-0.179388 -1.20274 0.227147 128 128 128
-0.194134 -1.20045 0.227147 128 128 128
-0.210705 -1.20868 0.228873 128 128 128
-0.224619 -1.20115 0.228088 128 128 128
-0.704893 -3.54253 0.607911 128 128 128
-0.756278 -3.5713 0.614032 128 128 128
-0.80372 -3.57813 0.6167 128 128 128
-0.84529 -3.55839 0.615131 128 128 128
-0.893687 -3.56691 0.61827 128 128 128
-0.940911 -3.56904 0.620467 128 128 128
-0.991742 -3.58293 0.624705 128 128 128
-1.03509 -3.56859 0.624391 128 128 128
-1.08195 -3.56602 0.626118 128 128 128
-1.12593 -3.55342 0.626274 128 128 128
-1.17657 -3.5609 0.629884 128 128 128
-1.22435 -3.55834 0.631925 128 128 128
-1.26792 -3.54304 0.631925 128 128 128
-1.31131 -3.52722 0.631925 128 128 128
-1.36266 -3.53206 0.635535 128 128 128
-1.40187 -3.50498 0.633808 128 128 128
-1.44478 -3.48751 0.633808 128 128 128
-1.49291 -3.48223 0.636005 128 128 128
-1.53553 -3.46365 0.636005 128 128 128
-1.58203 -3.45352 0.637575 128 128 128
-1.62471 -3.43474 0.637732 128 128 128
-1.66804 -3.41721 0.638203 128 128 128
-1.71384 -3.40442 0.639615 128 128 128
-1.75549 -3.38314 0.639615 128 128 128
-1.7978 -3.36308 0.639929 128 128 128
-1.84417 -3.35029 0.641656 128 128 128
-1.87931 -3.31709 0.639772 128 128 128
-1.92534 -3.30316 0.641499 128 128 128
-1.96218 -3.27336 0.6404 128 128 128
-2.00582 -3.25492 0.641499 128 128 128
-2.0472 -3.23256 0.64197 128 128 128
-2.09856 -3.22541 0.645423 128 128 128
-2.12646 -3.18217 0.642127 128 128 128
-2.18434 -3.18353 0.647463 128 128 128
-2.22267 -3.15568 0.647306 128 128 128
-2.25603 -3.12096 0.645893 128 128 128
-2.29416 -3.09304 0.645893 128 128 128
-2.33194 -3.06465 0.645893 128 128 128
-2.36937 -3.03581 0.645893 128 128 128
-2.40028 -2.99879 0.644324 128 128 128
-2.44066 -2.97369 0.645266 128 128 128
-2.48777 -2.95637 0.647934 128 128 128
-2.52064 -2.92187 0.647149 128 128 128
-2.56742 -2.9033 0.649817 128 128 128
-2.59424 -2.86206 0.647777 128 128 128
-2.62916 -2.83001 0.647777 128 128 128
-2.66369 -2.79753 0.647777 128 128 128
-2.70472 -2.77171 0.649346 128 128 128
-2.73224 -2.73202 0.647934 128 128 128
-2.75426 -2.68725 0.645423 128 128 128
-2.79275 -2.6587 0.646678 128 128 128
-2.8324 -2.63095 0.648248 128 128 128
-2.84764 -2.58073 0.644638 128 128 128
-0.872424 -0.770119 0.218828 128 128 128
-0.881809 -0.759355 0.218828 128 128 128
-2.95581 -2.48689 0.647777 128 128 128
-0.894836 -0.733098 0.217729 128 128 128
-2.99823 -2.3994 0.644167 128 128 128
-3.01966 -2.35635 0.642597 128 128 128
-3.04678 -2.31792 0.642284 128 128 128
-3.06389 -2.27212 0.640086 128 128 128
-3.10354 -2.24303 0.64244 128 128 128
-3.12196 -2.19852 0.640714 128 128 128
-3.1487 -2.16004 0.640714 128 128 128
-3.17251 -2.11959 0.640243 128 128 128
-3.19 -2.07511 0.638674 128 128 128
-3.21606 -2.03634 0.638831 128 128 128
-3.23829 -1.99517 0.63836 128 128 128
-3.26507 -1.9568 0.638831 128 128 128
-3.28116 -1.91211 0.637418 128 128 128
-3.3018 -1.87024 0.636947 128 128 128
-3.3219 -1.82815 0.636476 128 128 128
-3.34147 -1.78585 0.636005 128 128 128
-3.35087 -1.73834 0.633808 128 128 128
-3.35166 -1.68687 0.630198 128 128 128
-3.37122 -1.64518 0.630041 128 128 128
-3.39651 -1.60622 0.630983 128 128 128
-3.39532 -1.55495 0.627373 128 128 128
-3.41414 -1.51317 0.627373 128 128 128
-3.41249 -1.46259 0.62392 128 128 128
-3.42288 -1.41758 0.622665 128 128 128
-3.43635 -1.374 0.622037 128 128 128
-3.4419 -1.32746 0.620153 128 128 128
-3.43498 -0.995868 0.602261 128 128 128
-3.45075 -0.954696 0.602889 128 128 128
-3.45743 -0.911018 0.602104 128 128 128
-3.46164 -0.866839 0.601005 128 128 128
-3.46817 -0.823381 0.600377 128 128 128
-3.46838 -0.778592 0.598808 128 128 128
-3.46318 -0.732898 0.596454 128 128 128
-3.46223 -0.688415 0.594884 128 128 128
-3.45294 -0.642617 0.592059 128 128 128
-3.45668 -0.599519 0.591431 128 128 128
-3.4433 -0.553754 0.588135 128 128 128
-3.43909 -0.509861 0.586409 128 128 128
-3.4353 -0.466287 0.584839 128 128 128
-3.41234 -0.420581 0.580288 128 128 128
-3.34909 -0.24673 0.567575 128 128 128
-3.32624 -0.20403 0.563494 128 128 128
-3.33145 -0.163343 0.563965 128 128 128
-3.32432 -0.122119 0.562552 128 128 128
-3.30664 -0.00498051 0.475816 128 128 128
-3.31141 0.0356567 0.476477 128 128 128
-3.2909 0.0758096 0.473832 128 128 128
-3.2709 0.115501 0.471319 128 128 128
-3.23459 0.15394 0.46669 128 128 128
-3.24037 0.194105 0.467748 128 128 128
-3.10727 0.378281 0.452274 128 128 128
-3.09846 0.415851 0.451745 128 128 128
-3.07253 0.450794 0.448968 128 128 128
-3.05307 0.486265 0.447116 128 128 128
-3.03124 0.520988 0.445 128 128 128
-3.00806 0.555067 0.442752 128 128 128
-2.99032 0.589815 0.441297 128 128 128
-2.97316 0.624416 0.439975 128 128 128
-2.94303 0.655866 0.436933 128 128 128
-1.43598 0.33648 0.231406 128 128 128
-1.22789 0.303079 0.203368 128 128 128
-2.83638 0.742551 0.425823 128 128 128
-2.79743 0.769115 0.421723 128 128 128
-2.78207 0.801731 0.42093 128 128 128
-2.75305 0.830062 0.418285 128 128 128
-2.73982 0.862887 0.417888 128 128 128
-2.65144 0.980411 0.411804 128 128 128
-2.63088 1.00967 0.410614 128 128 128
-2.58424 1.02827 0.40572 128 128 128
-2.55402 1.0527 0.403207 128 128 128
-2.51176 1.07148 0.398975 128 128 128
-2.48301 1.09539 0.396727 128 128 128
-2.46037 1.12166 0.395404 128 128 128
-2.41416 1.13652 0.390643 128 128 128
-2.38221 1.15737 0.387998 128 128 128
-2.37049 1.18785 0.388395 128 128 128
-2.33989 1.20864 0.386014 128 128 128
-2.31264 1.23072 0.384162 128 128 128
-1.64337 0.899315 0.284573 128 128 128
-1.62272 0.914043 0.283118 128 128 128
-1.63194 0.94586 0.286293 128 128 128
-2.0811 1.24187 0.357976 128 128 128
-2.15855 1.32448 0.372524 128 128 128
-2.13208 1.34451 0.370937 128 128 128
-2.09132 1.35491 0.367101 128 128 128
-2.06217 1.37221 0.365117 128 128 128
-2.03373 1.38957 0.363266 128 128 128
-1.99788 1.4013 0.360224 128 128 128
-1.9717 1.41933 0.358769 128 128 128
-1.939 1.4322 0.356256 128 128 128
-1.91891 1.45409 0.35586 128 128 128
-1.88685 1.46655 0.353479 128 128 128
-1.8602 1.48279 0.352024 128 128 128
-1.8296 1.49545 0.349908 128 128 128
-1.80732 1.5146 0.349247 128 128 128
-1.20526 1.03378 0.246483 128 128 128
-1.20734 1.06162 0.249129 128 128 128
-1.21112 1.09166 0.252171 128 128 128
-1.67925 1.55357 0.339857 128 128 128
-1.63564 1.55083 0.33536 128 128 128
-1.62359 1.5777 0.336682 128 128 128
-1.58237 1.57579 0.332582 128 128 128
-1.53383 1.5653 0.327028 128 128 128
-1.5145 1.584 0.327028 128 128 128
-1.49225 1.59957 0.326499 128 128 128
-1.4572 1.60087 0.323457 128 128 128
-1.43153 1.61195 0.322266 128 128 128
-1.41294 1.6309 0.322531 128 128 128
-1.38388 1.6375 0.320679 128 128 128
-1.35424 1.64287 0.318695 128 128 128
-1.33336 1.65859 0.318563 128 128 128
-1.29949 1.65764 0.315654 128 128 128
-1.26764 1.65847 0.313141 128 128 128
-1.24365 1.66913 0.312347 128 128 128
-1.21436 1.67222 0.310363 128 128 128
-1.17776 1.66431 0.30666 128 128 128
-1.15556 1.67618 0.306263 128 128 128
-1.12113 1.66964 0.302957 128 128 128
-1.09894 1.68078 0.30256 128 128 128
-1.06337 1.67069 0.298857 128 128 128
-1.04279 1.68362 0.298857 128 128 128
-1.00879 1.67419 0.295418 128 128 128
-0.989172 1.68815 0.295683 128 128 128
-0.960071 1.68551 0.293434 128 128 128
-0.932142 1.68414 0.291451 128 128 128
-0.903924 1.68146 0.289335 128 128 128
-0.885049 1.69595 0.289864 128 128 128
-0.863725 1.7058 0.289731 128 128 128
-0.834896 1.70024 0.287351 128 128 128
-0.807608 1.69691 0.285367 128 128 128
-0.785071 1.70309 0.284838 128 128 128
-0.757279 1.6972 0.282589 128 128 128
-0.736786 1.70727 0.282722 128 128 128
-0.713881 1.71161 0.28206 128 128 128
-0.683984 1.69815 0.278886 128 128 128
-0.659523 1.69717 0.277564 128 128 128
-0.637609 1.70235 0.277167 128 128 128
-0.61266 1.69885 0.27558 128 128 128
-0.581439 1.67625 0.271348 128 128 128
-0.55958 1.67949 0.270819 128 128 128
-0.534434 1.67206 0.268835 128 128 128
-0.514739 1.68134 0.269232 128 128 128
-0.491857 1.67991 0.268174 128 128 128
-0.468293 1.67531 0.266719 128 128 128
-0.443147 1.66368 0.264338 128 128 128
-0.419562 1.6565 0.262619 128 128 128
-0.398515 1.65863 0.262222 128 128 128
-0.375956 1.65372 0.260899 128 128 128
-0.35399 1.65046 0.259841 128 128 128
-0.333128 1.65176 0.259445 128 128 128
-0.312107 1.65183 0.258916 128 128 128
-0.291643 1.65455 0.258783 128 128 128
-0.271159 1.65703 0.258651 128 128 128
-0.247744 1.63964 0.255874 128 128 128
-0.228808 1.6514 0.257064 128 128 128
-0.207674 1.6472 0.256138 128 128 128
-0.187554 1.65061 0.25627 128 128 128
-0.164946 1.62911 0.253096 128 128 128
-0.145624 1.63891 0.254154 128 128 128
-0.12433 1.62476 0.252038 128 128 128
-0.104077 1.62122 0.251377 128 128 128
-0.0840762 1.62039 0.251112 128 128 128
-0.063707 1.60842 0.249393 128 128 128
-0.0436934 1.59818 0.247938 128 128 128
-0.0239907 1.59166 0.247012 128 128 128
-0.00445736 1.59382 0.247277 128 128 128
0.0149118 1.5779 0.245161 128 128 128
0.0342259 1.57561 0.244896 128 128 128
0.0531966 1.56517 0.243574 128 128 128
0.0723997 1.5644 0.243574 128 128 128
0.0910475 1.55449 0.242384 128 128 128
0.109971 1.55127 0.242119 128 128 128
0.129423 1.55475 0.24278 128 128 128
0.1452 1.5195 0.238284 128 128 128
0.16438 1.52253 0.238945 128 128 128
0.182204 1.51351 0.238019 128 128 128
0.199566 1.50232 0.236829 128 128 128
0.218132 1.50074 0.236961 128 128 128
0.23606 1.49502 0.236564 128 128 128
0.253881 1.48908 0.236167 128 128 128
0.271954 1.48487 0.236035 128 128 128
0.286487 1.46295 0.233522 128 128 128
0.305443 1.46418 0.234184 128 128 128
0.322737 1.45742 0.233787 128 128 128
0.337395 1.43984 0.231935 128 128 128
0.356482 1.44136 0.232729 128 128 128
0.373134 1.43305 0.2322 128 128 128
0.389899 1.42549 0.231803 128 128 128
0.405432 1.41394 0.230877 128 128 128
0.422178 1.40696 0.230613 128 128 128
0.439412 1.40167 0.230613 128 128 128
0.456579 1.39617 0.230613 128 128 128
0.469812 1.37922 0.229026 128 128 128
0.487035 1.37428 0.229158 128 128 128
0.503173 1.36634 0.228893 128 128 128
0.51812 1.35544 0.228232 128 128 128
0.537289 1.35542 0.229158 128 128 128
0.552365 1.34506 0.228629 128 128 128
0.56883 1.33818 0.228629 128 128 128
0.584807 1.3302 0.228497 128 128 128
0.600262 1.32112 0.228232 128 128 128
0.618546 1.31813 0.228893 128 128 128
0.63033 1.30153 0.227571 128 128 128
0.643137 1.2875 0.226645 128 128 128
0.660257 1.28215 0.227042 128 128 128
0.681078 1.28357 0.228497 128 128 128
0.692479 1.2673 0.227306 128 128 128
0.707978 1.25871 0.227306 128 128 128
0.722374 1.24821 0.227042 128 128 128
0.740693 1.24435 0.227835 128 128 128
0.755387 1.23433 0.227703 128 128 128
0.770477 1.22496 0.227703 128 128 128
0.781129 1.20877 0.226645 128 128 128
0.791501 1.1925 0.225587 128 128 128
0.808317 1.18597 0.226116 128 128 128
0.821098 1.17352 0.225719 128 128 128
0.838339 1.16738 0.226381 128 128 128
0.855553 1.16098 0.227042 128 128 128
0.867335 1.14724 0.226513 128 128 128
0.885616 1.14198 0.227439 128 128 128
0.891514 1.12097 0.225719 128 128 128
0.904575 1.10918 0.225587 128 128 128
0.923221 1.10406 0.226645 128 128 128
0.934759 1.0904 0.226248 128 128 128
0.948725 1.07959 0.226381 128 128 128
0.96656 1.073 0.227306 128 128 128
0.982352 1.06397 0.227835 128 128 128
0.993968 1.0504 0.227571 128 128 128
0.998479 1.0296 0.225984 128 128 128
1.01664 1.02288 0.227042 128 128 128
1.03408 1.01518 0.227968 128 128 128
1.04072 0.996941 0.22691 128 128 128
1.06014 0.990843 0.228232 128 128 128
1.07442 0.979757 0.228629 128 128 128
1.08191 0.962557 0.227835 128 128 128
1.09589 0.951151 0.228232 128 128 128
1.10976 0.939546 0.228629 128 128 128
1.11431 0.920196 0.227439 128 128 128
1.14486 0.921942 0.230745 128 128 128
1.14124 0.896232 0.228232 128 128 128
1.15215 0.88216 0.228232 128 128 128
1.17563 0.877406 0.230348 128 128 128
1.17587 0.855362 0.228629 128 128 128
1.19843 0.849433 0.230613 128 128 128
1.20958 0.835223 0.230745 128 128 128
1.22138 0.821419 0.231009 128 128 128
1.23303 0.80745 0.231274 128 128 128
1.25373 0.799155 0.232993 128 128 128
1.24404 0.771745 0.229951 128 128 128
1.26617 0.764068 0.231935 128 128 128
1.27716 0.749471 0.2322 128 128 128
1.29489 0.73863 0.233522 128 128 128
1.30559 0.723641 0.233787 128 128 128
1.32049 0.710837 0.234713 128 128 128
1.33879 0.699604 0.236167 128 128 128
1.34727 0.683122 0.236167 128 128 128
1.35556 0.666538 0.236167 128 128 128
1.37349 0.654518 0.237622 128 128 128
1.37871 0.636374 0.237226 128 128 128
1.39729 0.624231 0.238813 128 128 128
1.40485 0.607037 0.238813 128 128 128
1.44149 0.601899 0.243045 128 128 128
1.43128 0.577166 0.240532 128 128 128
1.44658 0.562772 0.241722 128 128 128
1.45524 0.545669 0.241987 128 128 128
1.46929 0.530443 0.243045 128 128 128
1.48037 0.513987 0.243706 128 128 128
1.49504 0.498583 0.244896 128 128 128
1.50766 0.482296 0.245822 128 128 128
1.52105 0.466063 0.24688 128 128 128
1.53237 0.44902 0.247674 128 128 128
1.54445 0.432034 0.2486 128 128 128
1.5573 0.415073 0.249658 128 128 128
1.56901 0.397619 0.250583 128 128 128
1.58052 0.37994 0.251509 128 128 128
1.58796 0.361168 0.251906 128 128 128
1.60294 0.343916 0.253361 128 128 128
1.61968 0.326737 0.25508 128 128 128
1.62064 0.306291 0.254683 128 128 128
1.6233 0.286211 0.254551 128 128 128
1.63061 0.2669 0.25508 128 128 128
1.65239 0.249639 0.257593 128 128 128
1.6514 0.228808 0.257064 128 128 128
1.65999 0.209255 0.257858 128 128 128
1.67129 0.189855 0.259048 128 128 128
1.67744 0.169721 0.259577 128 128 128
1.69026 0.150062 0.261032 128 128 128
1.68605 0.128869 0.260238 128 128 128
1.69641 0.108719 0.261428 128 128 128
1.71741 0.0888722 0.264074 128 128 128
1.70649 0.0673488 0.262487 128 128 128
1.73493 0.0470921 0.26619 128 128 128
1.73835 0.0258357 0.266586 128 128 128
1.7534 0.0045061 0.26857 128 128 128
1.76621 -0.0171654 0.27029 128 128 128
1.76983 -0.0389344 0.270819 128 128 128
1.79002 -0.0614098 0.273596 128 128 128
1.79211 -0.0835165 0.273993 128 128 128
1.79688 -0.105865 0.274786 128 128 128
1.80731 -0.128779 0.276373 128 128 128
1.81547 -0.151795 0.277696 128 128 128
1.82728 -0.175418 0.279548 128 128 128
1.83681 -0.199136 0.281135 128 128 128
1.84505 -0.222993 0.282589 128 128 128
1.84512 -0.246017 0.282986 128 128 128
1.85373 -0.270383 0.284573 128 128 128
1.8581 -0.294368 0.285631 128 128 128
1.87096 -0.320023 0.28788 128 128 128
1.86981 -0.343502 0.288276 128 128 128
1.87518 -0.368352 0.289599 128 128 128
1.86082 -0.389286 0.288276 128 128 128
1.88008 -0.417514 0.291583 128 128 128
1.8835 -0.442613 0.292773 128 128 128
1.88561 -0.467617 0.293831 128 128 128
1.88549 -0.492235 0.294625 128 128 128
1.89077 -0.518505 0.296212 128 128 128
1.90711 -0.548287 0.299386 128 128 128
1.90688 -0.573661 0.300312 128 128 128
1.90348 -0.598215 0.300841 128 128 128
1.91953 -0.629294 0.304147 128 128 128
1.92759 -0.658279 0.306396 128 128 128
1.93711 -0.688223 0.308908 128 128 128
1.93874 -0.715739 0.310363 128 128 128
1.94368 -0.744823 0.312347 128 128 128
1.95372 -0.776342 0.315125 128 128 128
1.94954 -0.802533 0.315918 128 128 128
1.95595 -0.833421 0.318299 128 128 128
1.94558 -0.857361 0.318299 128 128 128
1.94122 -0.884059 0.319224 128 128 128
1.94456 -0.91459 0.321341 128 128 128
1.9421 -0.942729 0.322663 128 128 128
1.93481 -0.968718 0.323324 128 128 128
1.93422 -0.998319 0.325044 128 128 128
1.92445 -1.02338 0.325441 128 128 128
1.92651 -1.05504 0.327689 128 128 128
1.91169 -1.07763 0.327424 128 128 128
1.88976 -1.09601 0.326102 128 128 128
1.44759 -0.862422 0.259445 128 128 128
1.43943 -0.88168 0.259841 128 128 128
1.41594 -0.891327 0.257858 128 128 128
1.44727 -0.93619 0.264603 128 128 128
1.91356 -1.30717 0.343824 128 128 128
1.92493 -1.34995 0.348321 128 128 128
1.91384 -1.37754 0.349247 128 128 128
1.90396 -1.40623 0.350437 128 128 128
1.8913 -1.43309 0.351231 128 128 128
1.87982 -1.46107 0.352289 128 128 128
1.86872 -1.4896 0.353479 128 128 128
1.86026 -1.52059 0.355198 128 128 128
1.85436 -1.55415 0.357447 128 128 128
1.84866 -1.58844 0.359827 128 128 128
1.83571 -1.61691 0.361018 128 128 128
1.83116 -1.65329 0.363795 128 128 128
1.80274 -1.66822 0.36234 128 128 128
1.8166 -1.72301 0.368688 128 128 128
1.80668 -1.75625 0.370804 128 128 128
1.81233 -1.80561 0.375962 128 128 128
1.79835 -1.83623 0.37755 128 128 128
1.78115 -1.8639 0.378608 128 128 128
1.76624 -1.89433 0.380195 128 128 128
1.74486 -1.91806 0.380591 128 128 128
1.72973 -1.94898 0.382311 128 128 128
1.7128 -1.97831 0.383766 128 128 128
1.69287 -2.00449 0.384691 128 128 128
1.68387 -2.04427 0.387998 128 128 128
1.66547 -2.07329 0.389453 128 128 128
1.64356 -2.09825 0.390246 128 128 128
1.6267 -2.1301 0.39223 128 128 128
1.60989 -2.16263 0.394346 128 128 128
1.61053 -2.21997 0.400562 128 128 128
1.58316 -2.23957 0.400562 128 128 128
1.56622 -2.27436 0.403075 128 128 128
1.54481 -2.30329 0.404662 128 128 128
1.53048 -2.34367 0.408101 128 128 128
1.50744 -2.37149 0.409556 128 128 128
1.48915 -2.40753 0.412333 128 128 128
1.46562 -2.43582 0.41392 128 128 128
1.43661 -2.45534 0.414185 128 128 128
1.4098 -2.47882 0.41511 128 128 128
1.38692 -2.50982 0.417226 128 128 128
1.35742 -2.52927 0.417623 128 128 128
1.33679 -2.56597 0.420665 128 128 128
1.31055 -2.59281 0.422252 128 128 128
1.29299 -2.63809 0.426617 128 128 128
1.26476 -2.66271 0.427939 128 128 128
1.24892 -2.71498 0.433362 128 128 128
1.2131 -2.72466 0.432568 128 128 128
1.19052 -2.76485 0.436271 128 128 128
1.15688 -2.78017 0.436404 128 128 128
1.13888 -2.83465 0.442223 128 128 128
1.10222 -2.84378 0.441562 128 128 128
1.07346 -2.87382 0.443942 128 128 128
1.04313 -2.90077 0.445926 128 128 128
1.00971 -2.91992 0.446852 128 128 128
0.974739 -2.93491 0.447249 128 128 128
0.943444 -2.96177 0.449365 128 128 128
0.909908 -2.98261 0.450687 128 128 128
0.876279 -3.00402 0.452142 128 128 128
0.839878 -3.01646 0.452407 128 128 128
0.81165 -3.06008 0.457036 128 128 128
0.776208 -3.07846 0.458226 128 128 128
0.741812 -3.10222 0.46021 128 128 128
0.709558 -3.1372 0.463781 128 128 128
0.675324 -3.16604 0.466558 128 128 128
0.640295 -3.19353 0.469203 128 128 128
0.581067 -3.09396 0.454655 128 128 128
0.486865 -2.77761 0.410878 128 128 128
0.501334 -3.08478 0.451613 128 128 128
0.491569 -3.27992 0.477139 128 128 128
0.451683 -3.28866 0.477535 128 128 128
0.411657 -3.2969 0.477932 128 128 128
0.37314 -3.31944 0.480313 128 128 128
0.33267 -3.32673 0.48071 128 128 128
0.293101 -3.34537 0.482693 128 128 128
0.252685 -3.35761 0.483884 128 128 128
0.212929 -3.3842 0.487058 128 128 128
0.172607 -3.41131 0.490364 128 128 128
0.130769 -3.41416 0.490497 128 128 128
0.0888864 -3.4165 0.490629 128 128 128
0.0473529 -3.44905 0.494861 128 128 128
0.00502804 -3.46226 0.49658 128 128 128
-0.0376257 -3.47594 0.498432 128 128 128
-0.0805902 -3.4881 0.500151 128 128 128
-0.124112 -3.50666 0.502796 128 128 128
-0.167715 -3.51675 0.504383 128 128 128
-0.2111 -3.51838 0.504912 128 128 128
-0.255059 -3.5264 0.506367 128 128 128
-0.300009 -3.54276 0.509012 128 128 128
-0.343558 -3.5398 0.509145 128 128 128
-0.130496 -1.21613 0.197813 128 128 128
-0.146015 -1.21936 0.198474 128 128 128
-0.159636 -1.20765 0.197152 128 128 128
-0.174154 -1.20364 0.196887 128 128 128
-0.188125 -1.19652 0.196226 128 128 128
-0.204824 -1.20584 0.197813 128 128 128
-0.219606 -1.20324 0.197813 128 128 128
-0.236093 -1.2092 0.199003 128 128 128
-0.749464 -3.56473 0.520651 128 128 128
-0.795972 -3.56784 0.52237 128 128 128
-0.842211 -3.56841 0.523825 128 128 128
-0.888824 -3.56935 0.525412 128 128 128
-0.936343 -3.57255 0.527396 128 128 128
-0.985659 -3.58085 0.530173 128 128 128
-1.03008 -3.57039 0.530438 128 128 128
-1.07669 -3.56697 0.531761 128 128 128
-1.12696 -3.57428 0.53467 128 128 128
-1.16825 -3.55265 0.533612 128 128 128
-1.22207 -3.56804 0.537844 128 128 128
-1.26276 -3.54438 0.536654 128 128 128
-1.3103 -3.53976 0.538241 128 128 128
-1.35364 -3.52342 0.538241 128 128 128
-1.40193 -3.51943 0.540093 128 128 128
-1.4488 -3.51112 0.541415 128 128 128
-1.49178 -3.49308 0.541415 128 128 128
-1.53493 -3.47541 0.541547 128 128 128
-1.582 -3.46623 0.543002 128 128 128
-1.62908 -3.45641 0.544457 128 128 128
-1.67224 -3.43794 0.544722 128 128 128
-1.7143 -3.41716 0.544722 128 128 128
-1.75702 -3.39763 0.544986 128 128 128
-1.80419 -3.3863 0.546573 128 128 128
-1.8456 -3.36391 0.546573 128 128 128
-1.88577 -3.33928 0.546309 128 128 128
-1.9311 -3.3236 0.547499 128 128 128
-1.97683 -3.30815 0.548822 128 128 128
-2.01364 -3.27774 0.547896 128 128 128
-2.06007 -3.26283 0.549483 128 128 128
-2.09509 -3.22983 0.548293 128 128 128
-2.13457 -3.20387 0.548293 128 128 128
-2.1855 -3.1946 0.55107 128 128 128
-2.22568 -3.16917 0.551334 128 128 128
-2.25859 -3.13358 0.550012 128 128 128
-2.30337 -3.11439 0.551467 128 128 128
-2.34741 -3.09378 0.552789 128 128 128
-2.37911 -3.05692 0.551467 128 128 128
-2.41706 -3.02827 0.551599 128 128 128
-2.46221 -3.00834 0.553318 128 128 128
-2.49193 -2.96956 0.551863 128 128 128
-2.534 -2.94551 0.553054 128 128 128
-2.57258 -2.91716 0.553583 128 128 128
-2.59887 -2.87509 0.551731 128 128 128
-2.65014 -2.86042 0.554905 128 128 128
-2.67002 -2.81188 0.551996 128 128 128
-2.6974 -2.77181 0.550673 128 128 128
-2.75293 -2.76023 0.554773 128 128 128
-2.78092 -2.7207 0.553715 128 128 128
-2.80621 -2.67885 0.55226 128 128 128
-2.8425 -2.64759 0.552922 128 128 128
-2.88432 -2.62116 0.554641 128 128 128
-0.847325 -0.755001 0.186042 128 128 128
-0.891043 -0.774339 0.192126 128 128 128
-0.898961 -0.762069 0.191862 128 128 128
-2.98954 -2.46012 0.551202 128 128 128
-0.915072 -0.737919 0.191465 128 128 128
-3.04433 -2.38235 0.550409 128 128 128
-3.06308 -2.33701 0.548689 128 128 128
-3.08596 -2.29511 0.547764 128 128 128
-3.11791 -2.25997 0.548425 128 128 128
-3.13649 -2.21526 0.54697 128 128 128
-3.17161 -2.18221 0.548293 128 128 128
-3.19074 -2.13817 0.547102 128 128 128
-3.21424 -2.09723 0.546705 128 128 128
-3.23471 -2.05445 0.545912 128 128 128
-3.25462 -2.01147 0.545118 128 128 128
-3.27141 -1.9668 0.543928 128 128 128
-3.2953 -1.9265 0.543928 128 128 128
-3.31093 -1.88152 0.542738 128 128 128
-3.33203 -1.83979 0.542473 128 128 128
-3.34649 -1.79456 0.541283 128 128 128
-3.36562 -1.75198 0.540886 128 128 128
-3.36828 -1.70119 0.538109 128 128 128
-3.39336 -1.6619 0.53877 128 128 128
-3.4117 -1.61928 0.538506 128 128 128
-3.416 -1.57027 0.536257 128 128 128
-3.42867 -1.52542 0.535331 128 128 128
-3.42982 -1.47581 0.532819 128 128 128
-3.4376 -1.42943 0.531364 128 128 128
-3.45489 -1.38714 0.531364 128 128 128
-3.44668 -1.335 0.527793 128 128 128
-3.46559 -1.29364 0.52819 128 128 128
-3.46627 -1.24566 0.526074 128 128 128
-3.46162 -1.19626 0.523296 128 128 128
-3.45345 -1.14622 0.520122 128 128 128
-3.45308 -1.09926 0.518138 128 128 128
-3.46916 -1.05766 0.518535 128 128 128
-3.4676 -1.01087 0.516551 128 128 128
-3.47783 -0.967709 0.516286 128 128 128
-3.49695 -0.790458 0.51298 128 128 128
-3.45596 -0.736795 0.506103 128 128 128
-3.47447 -0.696266 0.507425 128 128 128
-3.47593 -0.652305 0.5065 128 128 128
-3.47488 -0.608073 0.505309 128 128 128
-3.46447 -0.562545 0.502929 128 128 128
-3.4417 -0.515616 0.498961 128 128 128
-3.44482 -0.472941 0.498564 128 128 128
-3.41888 -0.42674 0.494332 128 128 128
-3.4278 -0.385191 0.494861 128 128 128
-3.40268 -0.340174 0.490893 128 128 128
-3.37401 -0.295576 0.486529 128 128 128
-3.38035 -0.254369 0.486926 128 128 128
-3.36343 -0.211646 0.48428 128 128 128
-3.35686 -0.169915 0.48309 128 128 128
-3.35869 -0.128709 0.48309 128 128 128
-3.33822 -0.0869407 0.480181 128 128 128
-3.33309 -0.0458943 0.479387 128 128 128
-3.27677 0.161883 0.392232 128 128 128
-3.25866 0.201108 0.390501 128 128 128
-3.25198 0.24079 0.390069 128 128 128
-3.20421 0.276846 0.385201 128 128 128
-3.18375 0.314492 0.383362 128 128 128
-3.16186 0.351567 0.381415 128 128 128
-3.11192 0.38475 0.376439 128 128 128
-3.09712 0.421572 0.375357 128 128 128
-3.08778 0.458964 0.374925 128 128 128
-3.07308 0.495401 0.373951 128 128 128
-3.05501 0.531037 0.372653 128 128 128
-3.04338 0.567578 0.372112 128 128 128
-3.00206 0.598098 0.368326 128 128 128
-2.98671 0.633247 0.367461 128 128 128
-2.95059 0.663538 0.364324 128 128 128
-2.92474 0.733576 0.36335 128 128 128
-2.89723 0.802747 0.362377 128 128 128
-2.80982 0.815822 0.353615 128 128 128
-2.78247 0.845049 0.351667 128 128 128
-2.75388 0.873429 0.349612 128 128 128
-2.74013 0.906222 0.349288 128 128 128
-2.70812 0.932667 0.346908 128 128 128
-2.68991 0.963487 0.346151 128 128 128
-2.65925 0.989498 0.343987 128 128 128
-2.63207 1.01633 0.342256 128 128 128
-2.60186 1.04155 0.340201 128 128 128
-2.58153 1.07035 0.339336 128 128 128
-2.52983 1.08551 0.334792 128 128 128
-2.50541 1.11164 0.333494 128 128 128
-2.45994 1.12781 0.329708 128 128 128
-2.43513 1.15282 0.32841 128 128 128
-2.40472 1.17477 0.326463 128 128 128
-2.37502 1.19659 0.324624 128 128 128
-2.34604 1.21832 0.322893 128 128 128
-1.70137 0.910625 0.245225 128 128 128
-1.63432 0.900764 0.238302 128 128 128
-1.64823 0.934959 0.241439 128 128 128
-1.65982 0.968627 0.24436 128 128 128
-2.20211 1.32106 0.314672 128 128 128
-2.17303 1.34016 0.31305 128 128 128
-2.14635 1.36034 0.311752 128 128 128
-2.10282 1.36924 0.30829 128 128 128
-2.07181 1.38555 0.306451 128 128 128
-2.02759 1.39231 0.302881 128 128 128
-2.00223 1.41137 0.3018 128 128 128
-1.97348 1.42768 0.300285 128 128 128
-1.94782 1.44587 0.299204 128 128 128
-1.91173 1.45582 0.296716 128 128 128
-1.88745 1.47428 0.29585 128 128 128
-1.86379 1.49298 0.295093 128 128 128
-1.82995 1.50313 0.29293 128 128 128
-1.22406 1.03143 0.20942 128 128 128
-1.20153 1.03793 0.208014 128 128 128
-1.23413 1.09276 0.214612 128 128 128
-1.69432 1.53704 0.284168 128 128 128
-1.67388 1.55636 0.283951 128 128 128
-1.62801 1.55143 0.279949 128 128 128
-1.61525 1.57754 0.280922 128 128 128
-1.59226 1.59373 0.280382 128 128 128
-1.53786 1.57757 0.274973 128 128 128
-1.51153 1.58913 0.273891 128 128 128
-1.48515 1.60027 0.272809 128 128 128
-1.46406 1.61691 0.272593 128 128 128
-1.4283 1.61688 0.269997 128 128 128
-1.41745 1.64482 0.271511 128 128 128
-1.37987 1.64156 0.268591 128 128 128
-1.35458 1.65222 0.267725 128 128 128
-1.32053 1.65164 0.265345 128 128 128
-1.29955 1.66694 0.265237 128 128 128
-1.26997 1.6709 0.263615 128 128 128
-1.23693 1.66959 0.261343 128 128 128
-1.21751 1.68625 0.261559 128 128 128
-1.18814 1.68888 0.259937 128 128 128
-1.15326 1.68284 0.257233 128 128 128
-1.11595 1.67207 0.253987 128 128 128
-1.10131 1.6948 0.255177 128 128 128
-1.06447 1.68299 0.251932 128 128 128
-1.04165 1.69254 0.251499 128 128 128
-1.00138 1.6728 0.247389 128 128 128
-0.980275 1.6841 0.247281 128 128 128
-0.956594 1.69082 0.246632 128 128 128
-0.932897 1.6972 0.245983 128 128 128
-0.903562 1.69274 0.244035 128 128 128
-0.882263 1.70282 0.243927 128 128 128
-0.854147 1.69931 0.242196 128 128 128
-0.82974 1.70252 0.241331 128 128 128
-0.807935 1.71078 0.241115 128 128 128
-0.783567 1.71333 0.240249 128 128 128
-0.756438 1.70919 0.238627 128 128 128
-0.728747 1.70281 0.236788 128 128 128
-0.707796 1.71162 0.236788 128 128 128
-0.677137 1.69618 0.233975 128 128 128
-0.658419 1.70993 0.234624 128 128 128
-0.629763 1.69738 0.232245 128 128 128
-0.610226 1.70872 0.232677 128 128 128
-0.588241 1.71326 0.232353 128 128 128
-0.55563 1.68543 0.22835 128 128 128
-0.532502 1.68454 0.227485 128 128 128
-0.504861 1.66812 0.224889 128 128 128
-0.482968 1.66941 0.224348 128 128 128
-0.459793 1.66563 0.223266 128 128 128
-0.438811 1.66923 0.22305 128 128 128
-0.415394 1.66291 0.221752 128 128 128
-0.391739 1.65434 0.220237 128 128 128
-0.37119 1.65806 0.220129 128 128 128
-0.349785 1.65762 0.219588 128 128 128
-0.328835 1.65887 0.219264 128 128 128
-0.308089 1.66082 0.219047 128 128 128
-0.286324 1.65664 0.218182 128 128 128
-0.264867 1.65316 0.217425 128 128 128
-0.242954 1.64547 0.216235 128 128 128
-0.221672 1.64045 0.21537 128 128 128
-0.201403 1.64206 0.215261 128 128 128
-0.180469 1.63749 0.214504 128 128 128
-0.160166 1.6376 0.214288 128 128 128
-0.138776 1.62459 0.212665 128 128 128
-0.11795 1.61427 0.211367 128 128 128
-0.0986819 1.62453 0.212341 128 128 128
-0.0781032 1.61271 0.210935 128 128 128
-0.0584538 1.61752 0.211367 128 128 128
-0.0380603 1.59625 0.208987 128 128 128
-0.0184197 1.59262 0.208555 128 128 128
0.00112623 1.58776 0.208014 128 128 128
0.0205621 1.58365 0.207581 128 128 128
0.0396545 1.56936 0.206067 128 128 128
0.0588371 1.56677 0.20585 128 128 128
0.077962 1.56394 0.205634 128 128 128
0.0965398 1.55295 0.204552 128 128 128
0.11559 1.55164 0.204552 128 128 128
0.132323 1.52337 0.201632 128 128 128
0.15159 1.52756 0.202281 128 128 128
0.170325 1.52559 0.202281 128 128 128
0.187574 1.51154 0.200983 128 128 128
0.205441 1.5042 0.200442 128 128 128
0.224322 1.50452 0.200766 128 128 128
0.241821 1.49576 0.200117 128 128 128
0.259988 1.4917 0.200009 128 128 128
0.276819 1.48058 0.199144 128 128 128
0.291672 1.4605 0.197305 128 128 128
0.311631 1.46653 0.198386 128 128 128
0.326991 1.45096 0.197088 128 128 128
0.342247 1.4362 0.195898 128 128 128
0.362501 1.4425 0.197088 128 128 128
0.37815 1.43025 0.196223 128 128 128
0.393287 1.41688 0.195249 128 128 128
0.410645 1.41195 0.195249 128 128 128
0.427076 1.40395 0.194925 128 128 128
0.443972 1.39765 0.194817 128 128 128
0.456726 1.37888 0.193302 128 128 128
0.478461 1.38727 0.194925 128 128 128
0.490093 1.36632 0.193194 128 128 128
0.510978 1.37139 0.194492 128 128 128
0.520973 1.34739 0.192437 128 128 128
0.544848 1.35936 0.1946 128 128 128
0.555784 1.33879 0.192978 128 128 128
0.570997 1.32913 0.192653 128 128 128
0.588875 1.32566 0.193086 128 128 128
0.605512 1.31923 0.193194 128 128 128
0.623356 1.3153 0.193627 128 128 128
0.634654 1.29772 0.192437 128 128 128
0.650085 1.28895 0.192329 128 128 128
0.667226 1.28352 0.192653 128 128 128
0.680584 1.27085 0.192112 128 128 128
0.691336 1.2537 0.191031 128 128 128
0.711567 1.25377 0.192112 128 128 128
0.728901 1.24838 0.192545 128 128 128
0.743655 1.23849 0.192437 128 128 128
0.756712 1.22588 0.192004 128 128 128
0.771166 1.21566 0.191896 128 128 128
0.783316 1.20194 0.191355 128 128 128
0.796903 1.19059 0.191139 128 128 128
0.812015 1.18154 0.191247 128 128 128
0.827598 1.17311 0.191463 128 128 128
0.837273 1.15642 0.190598 128 128 128
0.857915 1.15484 0.191788 128 128 128
0.869012 1.14027 0.191247 128 128 128
0.889055 1.13736 0.192329 128 128 128
0.902324 1.12559 0.192221 128 128 128
0.915438 1.11366 0.192112 128 128 128
0.930315 1.10386 0.192329 128 128 128
0.939896 1.08785 0.19168 128 128 128
0.955809 1.07921 0.192112 128 128 128
0.968313 1.06666 0.192004 128 128 128
0.979976 1.05324 0.191788 128 128 128
0.994198 1.04258 0.192004 128 128 128
1.00275 1.02603 0.191355 128 128 128
1.01667 1.01505 0.191572 128 128 128
1.03332 1.00667 0.192221 128 128 128
1.05496 1.00282 0.193627 128 128 128
1.06718 0.989801 0.193627 128 128 128
1.07041 0.968618 0.192329 128 128 128
1.07998 0.953434 0.192004 128 128 128
1.09612 0.944006 0.192653 128 128 128
1.1099 0.932404 0.192978 128 128 128
1.12356 0.920606 0.193302 128 128 128
1.13478 0.906749 0.193302 128 128 128
1.15052 0.896425 0.193951 128 128 128
1.16143 0.882239 0.193951 128 128 128
1.16499 0.862589 0.192978 128 128 128
1.18354 0.854053 0.19406 128 128 128
1.18743 0.834884 0.193194 128 128 128
1.21234 0.830375 0.195141 128 128 128
1.22657 0.818198 0.195682 128 128 128
1.23735 0.803626 0.19579 128 128 128
1.24544 0.787318 0.195574 128 128 128
1.2567 0.773018 0.19579 128 128 128
1.26951 0.759583 0.196223 128 128 128
1.28303 0.74645 0.196764 128 128 128
1.29814 0.73408 0.197521 128 128 128
1.31489 0.72241 0.198495 128 128 128
1.32103 0.704814 0.19817 128 128 128
1.33487 0.691297 0.198819 128 128 128
1.35213 0.679335 0.199901 128 128 128
1.34786 0.656585 0.198386 128 128 128
1.38547 0.654026 0.201956 128 128 128
1.38345 0.632419 0.200766 128 128 128
1.39111 0.615395 0.200766 128 128 128
1.40952 0.602979 0.202064 128 128 128
1.42875 0.590584 0.203471 128 128 128
1.42389 0.568206 0.202064 128 128 128
1.44096 0.554627 0.203254 128 128 128
1.4635 0.542793 0.205093 128 128 128
1.46911 0.524457 0.204985 128 128 128
1.48014 0.508007 0.205526 128 128 128
1.49004 0.491053 0.205959 128 128 128
1.51017 0.477237 0.207581 128 128 128
1.51686 0.458957 0.207689 128 128 128
1.53193 0.443079 0.208771 128 128 128
1.543 0.425838 0.20942 128 128 128
1.55772 0.409406 0.210502 128 128 128
1.56455 0.390743 0.210718 128 128 128
1.5818 0.374501 0.212124 128 128 128
1.59016 0.355934 0.212557 128 128 128
1.60219 0.338042 0.213422 128 128 128
1.60719 0.318549 0.213531 128 128 128
1.62466 0.301351 0.215045 128 128 128
1.62334 0.280541 0.214504 128 128 128
1.64138 0.26297 0.216127 128 128 128
1.64547 0.242954 0.216235 128 128 128
1.64833 0.222743 0.216235 128 128 128
1.65587 0.203108 0.216776 128 128 128
1.67108 0.184199 0.218182 128 128 128
1.68311 0.164654 0.219264 128 128 128
1.67807 0.143389 0.218507 128 128 128
1.69458 0.123885 0.220129 128 128 128
1.69002 0.102714 0.21948 128 128 128
1.70306 0.0825539 0.220778 128 128 128
1.71786 0.0621626 0.222293 128 128 128
1.73042 0.0413715 0.223591 128 128 128
1.73576 0.0201952 0.224132 128 128 128
1.74383 -0.0011058 0.224997 128 128 128
1.74866 -0.0225656 0.225538 128 128 128
1.76216 -0.0443624 0.227052 128 128 128
1.76645 -0.0661658 0.227593 128 128 128
1.77941 -0.088519 0.229108 128 128 128
1.79506 -0.111383 0.230946 128 128 128
1.79752 -0.133694 0.231379 128 128 128
1.8106 -0.15702 0.233002 128 128 128
1.82338 -0.180687 0.234624 128 128 128
1.84178 -0.205347 0.236896 128 128 128
1.83418 -0.227326 0.236355 128 128 128
1.85391 -0.252891 0.238843 128 128 128
1.85067 -0.275622 0.238843 128 128 128
1.85795 -0.300048 0.240033 128 128 128
1.86392 -0.324523 0.241115 128 128 128
1.86859 -0.349009 0.242088 128 128 128
1.87002 -0.373076 0.242737 128 128 128
1.86627 -0.396202 0.242846 128 128 128
1.88067 -0.423428 0.245009 128 128 128
1.87727 -0.446934 0.245225 128 128 128
1.88611 -0.473558 0.246848 128 128 128
1.88881 -0.498947 0.247821 128 128 128
1.88733 -0.523413 0.248362 128 128 128
1.897 -0.551239 0.250201 128 128 128
1.90627 -0.579381 0.25204 128 128 128
1.90659 -0.605131 0.252906 128 128 128
1.90941 -0.631911 0.254095 128 128 128
1.93065 -0.665316 0.257449 128 128 128
1.92234 -0.688958 0.257449 128 128 128
1.9417 -0.722884 0.260694 128 128 128
1.93361 -0.747015 0.260802 128 128 128
1.94553 -0.779175 0.26329 128 128 128
1.94317 -0.806033 0.264156 128 128 128
1.94136 -0.833342 0.265129 128 128 128
1.93644 -0.859519 0.265778 128 128 128
1.93569 -0.88777 0.266968 128 128 128
1.93992 -0.918681 0.268807 128 128 128
1.9294 -0.942853 0.268915 128 128 128
1.92656 -0.970928 0.269997 128 128 128
1.92333 -0.999074 0.271079 128 128 128
1.93197 -1.03385 0.273675 128 128 128
1.92175 -1.05891 0.273999 128 128 128
1.93629 -1.09809 0.277461 128 128 128
1.8969 -1.10676 0.274216 128 128 128
1.56339 -0.938336 0.233651 128 128 128
1.43326 -0.884455 0.218507 128 128 128
1.42565 -0.904103 0.218939 128 128 128
1.41112 -0.919362 0.218507 128 128 128
1.7924 -1.19891 0.269889 128 128 128
1.91692 -1.3164 0.288278 128 128 128
1.92013 -1.35356 0.290874 128 128 128
1.90418 -1.37761 0.290982 128 128 128
1.90151 -1.41153 0.29293 128 128 128
1.88879 -1.43837 0.293579 128 128 128
1.87491 -1.46449 0.294119 128 128 128
1.87388 -1.50106 0.296499 128 128 128
1.85071 -1.52015 0.29585 128 128 128
1.84484 -1.55363 0.297689 128 128 128
1.84898 -1.59628 0.301043 128 128 128
1.83446 -1.62346 0.3018 128 128 128
1.82619 -1.65653 0.30353 128 128 128
1.83413 -1.7052 0.307749 128 128 128
1.81739 -1.73169 0.308398 128 128 128
1.79814 -1.75594 0.308723 128 128 128
1.78981 -1.79123 0.310778 128 128 128
1.78575 -1.83156 0.313591 128 128 128
1.76657 -1.85693 0.314131 128 128 128
1.75718 -1.89304 0.316295 128 128 128
1.74384 -1.92551 0.317918 128 128 128
1.72732 -1.95495 0.319107 128 128 128
1.7071 -1.98052 0.319756 128 128 128
1.69163 -2.01197 0.321271 128 128 128
1.65987 -2.02412 0.320081 128 128 128
1.66411 -2.08081 0.325165 128 128 128
1.64212 -2.10578 0.325814 128 128 128
1.6294 -2.14318 0.328194 128 128 128
1.61304 -2.17658 0.330033 128 128 128
1.59378 -2.20669 0.331439 128 128 128
1.57632 -2.23989 0.333278 128 128 128
1.55884 -2.27382 0.335225 128 128 128
1.53855 -2.30435 0.33674 128 128 128
1.51721 -2.33389 0.338146 128 128 128
1.4975 -2.36661 0.339985 128 128 128
1.4866 -2.41443 0.343771 128 128 128
1.45635 -2.43164 0.343663 128 128 128
1.4309 -2.45706 0.344636 128 128 128
1.41142 -2.49346 0.347016 128 128 128
1.38504 -2.51843 0.34799 128 128 128
1.35871 -2.544 0.349071 128 128 128
1.33289 -2.57107 0.350369 128 128 128
1.30481 -2.59434 0.351235 128 128 128
1.28727 -2.63964 0.354804 128 128 128
1.25648 -2.65883 0.355237 128 128 128
1.22914 -2.6858 0.356643 128 128 128
1.21141 -2.73521 0.360754 128 128 128
1.18637 -2.76997 0.363134 128 128 128
1.15267 -2.78524 0.363242 128 128 128
1.12542 -2.81671 0.365297 128 128 128
1.10079 -2.85628 0.368326 128 128 128
1.06773 -2.87517 0.368975 128 128 128
1.03807 -2.90396 0.370814 128 128 128
1.00591 -2.92682 0.372004 128 128 128
0.973039 -2.94839 0.373086 128 128 128
0.940088 -2.97053 0.374276 128 128 128
0.90674 -2.99231 0.375465 128 128 128
0.871614 -3.00894 0.376114 128 128 128
0.83648 -3.02611 0.376872 128 128 128
0.805366 -3.05922 0.379468 128 128 128
0.771873 -3.08527 0.381307 128 128 128
0.73855 -3.11385 0.38347 128 128 128
0.707911 -3.15663 0.387256 128 128 128
0.669327 -3.16605 0.387364 128 128 128
0.633336 -3.18865 0.388987 128 128 128
0.593612 -3.19325 0.388663 128 128 128
0.49281 -2.84572 0.349504 128 128 128
0.491517 -3.06061 0.372545 128 128 128
0.486187 -3.28374 0.396451 128 128 128
0.447461 -3.30128 0.397749 128 128 128
0.407281 -3.30948 0.398074 128 128 128
0.367845 -3.3251 0.399263 128 128 128
0.328184 -3.34123 0.400562 128 128 128
0.287499 -3.34897 0.400994 128 128 128
0.247992 -3.37406 0.403374 128 128 128
0.206568 -3.37685 0.403374 128 128 128
0.166238 -3.40196 0.405862 128 128 128
0.12547 -3.43057 0.408783 128 128 128
0.083534 -3.43881 0.40954 128 128 128
0.0415131 -3.45449 0.411162 128 128 128
-0.000878717 -3.47859 0.413759 128 128 128
-0.0438198 -3.4992 0.41603 128 128 128
-0.0867813 -3.49939 0.416138 128 128 128
-0.129936 -3.50402 0.416788 128 128 128
-0.173802 -3.52004 0.418735 128 128 128
-0.217837 -3.53153 0.420249 128 128 128
-0.262691 -3.54941 0.422521 128 128 128
-0.306398 -3.5479 0.422737 128 128 128
-0.351373 -3.55872 0.42436 128 128 128
-0.137929 -1.23311 0.170262 128 128 128
-0.15305 -1.23133 0.170262 128 128 128
-0.168283 -1.23034 0.17037 128 128 128
-0.179871 -1.20458 0.167774 128 128 128
-0.197006 -1.21701 0.169396 128 128 128
-0.214813 -1.23115 0.171235 128 128 128
-0.226268 -1.20888 0.169072 128 128 128
-0.241086 -1.20601 0.169072 128 128 128
-0.759795 -3.58486 0.433987 128 128 128
-0.805036 -3.58109 0.434636 128 128 128
-0.84915 -3.57191 0.434744 128 128 128
-0.898713 -3.58436 0.43734 128 128 128
-0.950735 -3.60383 0.440802 128 128 128
-0.992238 -3.58231 0.43972 128 128 128
-1.04221 -3.59087 0.4421 128 128 128
-1.08735 -3.58162 0.442533 128 128 128
-1.13392 -3.57653 0.443506 128 128 128
-1.17555 -3.55574 0.442749 128 128 128
-1.23267 -3.58053 0.447292 128 128 128
-1.27785 -3.56888 0.447725 128 128 128
-1.32155 -3.55293 0.447725 128 128 128
-1.36899 -3.54665 0.448915 128 128 128
-1.41647 -3.53973 0.450105 128 128 128
-1.46018 -3.523 0.450213 128 128 128
-1.50722 -3.51396 0.451295 128 128 128
-1.5462 -3.48611 0.450213 128 128 128
-1.59424 -3.47862 0.451619 128 128 128
-1.64318 -3.47228 0.453242 128 128 128
-1.68523 -3.45096 0.453134 128 128 128
-1.72656 -3.42824 0.452917 128 128 128
-1.77399 -3.41739 0.454215 128 128 128
-1.8158 -3.39536 0.454215 128 128 128
-1.85685 -3.37195 0.454107 128 128 128
-1.90397 -3.35929 0.455405 128 128 128
-1.95005 -3.34426 0.456487 128 128 128
-1.99043 -3.31923 0.456379 128 128 128
-2.03101 -3.29455 0.456379 128 128 128
-2.07448 -3.27442 0.457028 128 128 128
-2.12535 -3.26538 0.459191 128 128 128
-2.17354 -3.25146 0.460814 128 128 128
-2.21328 -3.22454 0.460814 128 128 128
-2.25154 -3.19551 0.460598 128 128 128
-2.29291 -3.17086 0.46103 128 128 128
-2.32395 -3.1321 0.459624 128 128 128
-2.37124 -3.11522 0.461247 128 128 128
-2.40868 -3.0851 0.461138 128 128 128
-2.44636 -3.05531 0.461138 128 128 128
-2.47736 -3.01737 0.460057 128 128 128
-2.53084 -3.00653 0.462869 128 128 128
-2.5643 -2.97148 0.462328 128 128 128
-2.6032 -2.94277 0.462761 128 128 128
-2.6271 -2.89734 0.460814 128 128 128
-2.67329 -2.87654 0.462545 128 128 128
-2.70907 -2.84424 0.462653 128 128 128
-2.74307 -2.81007 0.462545 128 128 128
-2.77946 -2.7783 0.462869 128 128 128
-2.80552 -2.73635 0.461679 128 128 128
-2.84177 -2.70445 0.462112 128 128 128
-2.87693 -2.67141 0.462436 128 128 128
-2.91244 -2.63857 0.462869 128 128 128
-0.852863 -0.752553 0.159012 128 128 128
-0.891388 -0.767358 0.16323 128 128 128
-0.896174 -0.752521 0.162581 128 128 128
-2.9969 -2.45843 0.457028 128 128 128
-0.915148 -0.730922 0.162689 128 128 128
-3.07201 -2.39637 0.459191 128 128 128
-3.09565 -2.35428 0.458434 128 128 128
-3.11313 -2.30782 0.45692 128 128 128
-3.13879 -2.2677 0.456595 128 128 128
-3.16476 -2.22786 0.456379 128 128 128
-3.19104 -2.1883 0.456271 128 128 128
-3.20608 -2.14124 0.454756 128 128 128
-3.23129 -2.10119 0.454648 128 128 128
-3.25011 -2.05713 0.453783 128 128 128
-3.28273 -2.02178 0.454756 128 128 128
-3.29876 -1.97623 0.453674 128 128 128
-3.32276 -1.9356 0.453674 128 128 128
-3.32983 -1.88537 0.451619 128 128 128
-3.35882 -1.84772 0.452376 128 128 128
-3.37335 -1.80215 0.451403 128 128 128
-3.39433 -1.76016 0.451295 128 128 128
-3.41301 -1.71703 0.45097 128 128 128
-3.42399 -1.67022 0.44978 128 128 128
-3.43525 -1.62382 0.448698 128 128 128
-3.44949 -1.57906 0.448049 128 128 128
-3.47133 -1.53782 0.448374 128 128 128
-3.46802 -1.4857 0.445778 128 128 128
-3.4768 -1.43923 0.444696 128 128 128
-3.49236 -1.39572 0.44448 128 128 128
-3.48975 -1.34524 0.442208 128 128 128
-3.57164 -1.08256 0.441343 128 128 128
-3.51591 -1.01871 0.433554 128 128 128
-3.49845 -0.96726 0.430201 128 128 128
-3.49468 -0.9202 0.42847 128 128 128
-3.50088 -0.876037 0.427929 128 128 128
-3.51234 -0.83324 0.428037 128 128 128
-3.50096 -0.785281 0.425658 128 128 128
-3.50741 -0.741641 0.425333 128 128 128
-3.50553 -0.696409 0.424143 128 128 128
-3.51185 -0.652975 0.423927 128 128 128
-3.48924 -0.604557 0.420574 128 128 128
-3.49149 -0.560903 0.420033 128 128 128
-3.48532 -0.516117 0.418626 128 128 128
-3.47169 -0.470629 0.416463 128 128 128
-3.38875 -0.207301 0.404672 128 128 128
-3.37019 -0.164673 0.4024 128 128 128
-3.36302 -0.122973 0.401427 128 128 128
-3.34906 -0.00731282 0.316587 128 128 128
-3.34192 0.0337073 0.316003 128 128 128
-3.32631 0.0743634 0.31475 128 128 128
-3.30623 0.114499 0.313164 128 128 128
-3.28467 0.154105 0.311494 128 128 128
-3.27358 0.19386 0.310742 128 128 128
-3.16255 0.382861 0.302893 128 128 128
-3.12601 0.417381 0.300221 128 128 128
-3.10981 0.454113 0.299302 128 128 128
-3.09023 0.490039 0.298133 128 128 128
-3.06532 0.524706 0.296546 128 128 128
-3.05571 0.561738 0.296296 128 128 128
-3.03295 0.596099 0.29496 128 128 128
-3.00005 0.627933 0.292789 128 128 128
-2.9824 0.662527 0.291954 128 128 128
-1.22554 0.285688 0.141396 128 128 128
-2.92173 0.724667 0.288196 128 128 128
-2.89816 0.756671 0.286944 128 128 128
-2.85695 0.78344 0.284188 128 128 128
-2.81362 0.80876 0.281265 128 128 128
-2.79108 0.839478 0.28018 128 128 128
-2.75491 0.865566 0.277925 128 128 128
-2.67828 0.988274 0.275169 128 128 128
-2.65665 1.01749 0.274334 128 128 128
-2.61157 1.0371 0.271412 128 128 128
-2.58575 1.06374 0.270243 128 128 128
-2.55326 1.08716 0.268489 128 128 128
-2.51421 1.10713 0.266151 128 128 128
-2.48321 1.13004 0.264564 128 128 128
-2.44843 1.15065 0.262644 128 128 128
-2.418 1.17275 0.261141 128 128 128
-2.38561 1.19339 0.259471 128 128 128
-2.36282 1.21846 0.258719 128 128 128
-1.7014 0.902743 0.197344 128 128 128
-1.64914 0.901012 0.193419 128 128 128
-1.63969 0.922162 0.193586 128 128 128
-1.66013 0.960748 0.196676 128 128 128
-2.21695 1.32116 0.252206 128 128 128
-2.18274 1.33731 0.250452 128 128 128
-2.16111 1.3608 0.249951 128 128 128
-2.12837 1.37691 0.248365 128 128 128
-2.08312 1.38413 0.245526 128 128 128
-2.04789 1.3972 0.243688 128 128 128
-2.00939 1.40733 0.241517 128 128 128
-1.98227 1.42489 0.240515 128 128 128
-1.95423 1.4414 0.23943 128 128 128
-1.93004 1.46045 0.238762 128 128 128
-1.90018 1.47484 0.237509 128 128 128
-1.8726 1.49059 0.236507 128 128 128
-1.85031 1.5103 0.23609 128 128 128
-1.2257 1.02408 0.169788 128 128 128
-1.21757 1.04294 0.170289 128 128 128
-1.23158 1.08154 0.173295 128 128 128
-1.71781 1.54846 0.229743 128 128 128
-1.69867 1.56943 0.229743 128 128 128
-1.64533 1.55789 0.225819 128 128 128
-1.62252 1.57449 0.225401 128 128 128
-1.59885 1.59006 0.2249 128 128 128
-1.56389 1.59388 0.223063 128 128 128
-1.5167 1.58411 0.219723 128 128 128
-1.50257 1.60844 0.220391 128 128 128
-1.46932 1.61201 0.218721 128 128 128
-1.44811 1.62842 0.218554 128 128 128
-1.40912 1.62421 0.216132 128 128 128
-1.38716 1.63909 0.215882 128 128 128
-1.35491 1.64137 0.214295 128 128 128
-1.34651 1.67264 0.215882 128 128 128
-1.30624 1.66392 0.21321 128 128 128
-1.27062 1.66001 0.211122 128 128 128
-1.24064 1.66268 0.209786 128 128 128
-1.21839 1.67536 0.209535 128 128 128
-1.18912 1.67797 0.208283 128 128 128
-1.1611 1.68177 0.207197 128 128 128
-1.12485 1.6727 0.204859 128 128 128
-1.10533 1.68805 0.205026 128 128 128
-1.06798 1.6754 0.202438 128 128 128
-1.04367 1.68245 0.201853 128 128 128
-1.01166 1.67634 0.200016 128 128 128
-0.988495 1.68432 0.199598 128 128 128
-0.963323 1.68853 0.198847 128 128 128
-0.937235 1.69062 0.197928 128 128 128
-0.915947 1.70112 0.197845 128 128 128
-0.883507 1.69013 0.195757 128 128 128
-0.860904 1.69729 0.195423 128 128 128
-0.838259 1.70414 0.195089 128 128 128
-0.805329 1.68909 0.192751 128 128 128
-0.781213 1.6916 0.192083 128 128 128
-0.763634 1.70834 0.192751 128 128 128
-0.735922 1.70202 0.191332 128 128 128
-0.710775 1.7008 0.190413 128 128 128
-0.684286 1.69552 0.18916 128 128 128
-0.659473 1.69357 0.188242 128 128 128
-0.63307 1.6866 0.186906 128 128 128
-0.609632 1.68673 0.186238 128 128 128
-0.582385 1.67525 0.184568 128 128 128
-0.561783 1.68227 0.184568 128 128 128
-0.535663 1.67194 0.183065 128 128 128
-0.512493 1.66981 0.182313 128 128 128
-0.485836 1.65492 0.180476 128 128 128
-0.466024 1.66268 0.180643 128 128 128
-0.443546 1.66057 0.179975 128 128 128
-0.422406 1.66299 0.179724 128 128 128
-0.398036 1.65157 0.178305 128 128 128
-0.3773 1.65438 0.178138 128 128 128
-0.356762 1.65791 0.178054 128 128 128
-0.335218 1.6563 0.177553 128 128 128
-0.312116 1.6456 0.176301 128 128 128
-0.293955 1.66109 0.177303 128 128 128
-0.270204 1.64391 0.175549 128 128 128
-0.250599 1.65105 0.175883 128 128 128
-0.227887 1.63623 0.17438 128 128 128
-0.207545 1.63692 0.174213 128 128 128
-0.186555 1.63142 0.173545 128 128 128
-0.165732 1.62566 0.172877 128 128 128
-0.144732 1.61565 0.171875 128 128 128
-0.124523 1.61234 0.171458 128 128 128
-0.10479 1.61474 0.171541 128 128 128
-0.0842683 1.60197 0.170372 128 128 128
-0.0644526 1.5989 0.170038 128 128 128
-0.0447503 1.59658 0.169788 128 128 128
-0.0250618 1.59004 0.169203 128 128 128
-0.00554072 1.58325 0.168618 128 128 128
0.0137539 1.57124 0.167616 128 128 128
0.0329171 1.56597 0.167199 128 128 128
0.0518818 1.55848 0.166614 128 128 128
0.0710029 1.55773 0.166614 128 128 128
0.0900531 1.55574 0.166531 128 128 128
0.107764 1.53564 0.164944 128 128 128
0.125502 1.52129 0.163859 128 128 128
0.143968 1.51765 0.163692 128 128 128
0.162581 1.51577 0.163692 128 128 128
0.18008 1.50476 0.16294 128 128 128
0.198266 1.50046 0.162773 128 128 128
0.214776 1.4851 0.161688 128 128 128
0.232198 1.47743 0.16127 128 128 128
0.249803 1.47153 0.16102 128 128 128
0.268205 1.47031 0.161187 128 128 128
0.284487 1.45811 0.160435 128 128 128
0.302153 1.45353 0.160352 128 128 128
0.318881 1.44485 0.159934 128 128 128
0.336816 1.4418 0.160018 128 128 128
0.352555 1.42982 0.15935 128 128 128
0.371846 1.43214 0.159934 128 128 128
0.387538 1.42074 0.15935 128 128 128
0.402455 1.40726 0.158598 128 128 128
0.419982 1.40317 0.158681 128 128 128
0.435669 1.39316 0.158264 128 128 128
0.453979 1.3915 0.158598 128 128 128
0.468758 1.37922 0.158013 128 128 128
0.484644 1.37055 0.157763 128 128 128
0.497271 1.35329 0.156761 128 128 128
0.514556 1.34894 0.156928 128 128 128
0.528487 1.33605 0.156343 128 128 128
0.554734 1.35341 0.158514 128 128 128
0.565425 1.33275 0.157262 128 128 128
0.582543 1.32754 0.157429 128 128 128
0.593407 1.30851 0.156343 128 128 128
0.609845 1.30203 0.156427 128 128 128
0.628394 1.29982 0.156928 128 128 128
0.639826 1.28311 0.156093 128 128 128
0.660562 1.28489 0.157011 128 128 128
0.673467 1.27141 0.15651 128 128 128
0.692855 1.27004 0.157178 128 128 128
0.705447 1.25624 0.156677 128 128 128
0.72081 1.24749 0.156677 128 128 128
0.73453 1.23598 0.156427 128 128 128
0.748598 1.22518 0.15626 128 128 128
0.764108 1.21674 0.156343 128 128 128
0.77844 1.20644 0.15626 128 128 128
0.789316 1.19099 0.155675 128 128 128
0.80725 1.18615 0.156176 128 128 128
0.821745 1.17615 0.156176 128 128 128
0.83495 1.16436 0.156009 128 128 128
0.849176 1.15403 0.156009 128 128 128
0.864479 1.14511 0.156176 128 128 128
0.867445 1.12026 0.154673 128 128 128
0.884858 1.1142 0.155174 128 128 128
0.898465 1.10326 0.155174 128 128 128
0.913858 1.09444 0.155425 128 128 128
0.937622 1.09523 0.156761 128 128 128
0.940442 1.07169 0.155425 128 128 128
0.962881 1.07041 0.156594 128 128 128
0.972556 1.05486 0.156176 128 128 128
0.985428 1.04285 0.156176 128 128 128
0.998151 1.03068 0.156176 128 128 128
1.01565 1.02329 0.156761 128 128 128
1.01887 1.00169 0.155675 128 128 128
1.03685 0.994614 0.156343 128 128 128
1.04971 0.982494 0.156427 128 128 128
1.06464 0.972218 0.156761 128 128 128
1.08022 0.962385 0.157178 128 128 128
1.08441 0.94254 0.156343 128 128 128
1.10961 0.940723 0.157846 128 128 128
1.1126 0.920074 0.156928 128 128 128
1.12925 0.910715 0.157512 128 128 128
1.1372 0.894334 0.157178 128 128 128
1.15205 0.883332 0.157596 128 128 128
1.1628 0.869128 0.157596 128 128 128
1.17096 0.85304 0.157345 128 128 128
1.18378 0.84033 0.157596 128 128 128
1.19565 0.826869 0.157763 128 128 128
1.20571 0.812134 0.157763 128 128 128
1.23061 0.807074 0.159266 128 128 128
1.23032 0.785504 0.158264 128 128 128
1.24241 0.771917 0.158514 128 128 128
1.25264 0.757126 0.158598 128 128 128
1.26442 0.743205 0.158848 128 128 128
1.27431 0.728125 0.158932 128 128 128
1.29101 0.716765 0.159684 128 128 128
1.29883 0.700397 0.1596 128 128 128
1.31616 0.689004 0.160435 128 128 128
1.32719 0.674148 0.160686 128 128 128
1.33268 0.656496 0.160435 128 128 128
1.34784 0.643509 0.161103 128 128 128
1.35925 0.628584 0.161437 128 128 128
1.36687 0.611856 0.161437 128 128 128
1.40174 0.606843 0.163942 128 128 128
1.40908 0.589596 0.163942 128 128 128
1.41621 0.57226 0.163942 128 128 128
1.42498 0.555557 0.164109 128 128 128
1.43916 0.540813 0.164777 128 128 128
1.45038 0.524795 0.165195 128 128 128
1.45859 0.507607 0.165362 128 128 128
1.47701 0.493746 0.166447 128 128 128
1.48581 0.476489 0.166698 128 128 128
1.49059 0.45793 0.166614 128 128 128
1.4961 0.439604 0.166614 128 128 128
1.52442 0.427613 0.168618 128 128 128
1.53726 0.410914 0.169286 128 128 128
1.54895 0.39372 0.169871 128 128 128
1.56239 0.376763 0.170623 128 128 128
1.56009 0.356027 0.170038 128 128 128
1.58091 0.34038 0.171458 128 128 128
1.59377 0.322713 0.172209 128 128 128
1.60446 0.304414 0.172794 128 128 128
1.61789 0.286416 0.173629 128 128 128
1.62325 0.266859 0.173796 128 128 128
1.64021 0.24898 0.174965 128 128 128
1.64709 0.229373 0.175299 128 128 128
1.64681 0.208775 0.175048 128 128 128
1.65024 0.188661 0.175132 128 128 128
1.65739 0.168889 0.175549 128 128 128
1.66628 0.149143 0.176134 128 128 128
1.66799 0.128684 0.176134 128 128 128
1.69928 0.110069 0.178639 128 128 128
1.69453 0.0889085 0.178138 128 128 128
1.69649 0.068145 0.178221 128 128 128
1.70816 0.0476013 0.17914 128 128 128
1.70363 0.0265699 0.178722 128 128 128
1.71579 0.00567373 0.179724 128 128 128
1.72171 -0.0154494 0.180225 128 128 128
1.72736 -0.036717 0.180727 128 128 128
1.75566 -0.0589463 0.183148 128 128 128
1.75978 -0.080726 0.183566 128 128 128
1.76861 -0.102916 0.184401 128 128 128
1.77218 -0.124974 0.184818 128 128 128
1.8003 -0.149247 0.187323 128 128 128
1.79734 -0.171231 0.18724 128 128 128
1.806 -0.194472 0.188158 128 128 128
1.8203 -0.218676 0.189578 128 128 128
1.82439 -0.24193 0.190162 128 128 128
1.83213 -0.265897 0.191081 128 128 128
1.84644 -0.291192 0.192584 128 128 128
1.85549 -0.31603 0.19367 128 128 128
1.86029 -0.340409 0.194421 128 128 128
1.85597 -0.363212 0.194421 128 128 128
1.86698 -0.389247 0.195757 128 128 128
1.86887 -0.41365 0.196342 128 128 128
1.85589 -0.434718 0.195674 128 128 128
1.87266 -0.463007 0.197594 128 128 128
1.87551 -0.488229 0.198346 128 128 128
1.87898 -0.513856 0.199181 128 128 128
1.88403 -0.540195 0.200183 128 128 128
1.88202 -0.564715 0.2006 128 128 128
1.88065 -0.589568 0.201101 128 128 128
1.8818 -0.615407 0.201853 128 128 128
1.90144 -0.647827 0.204275 128 128 128
1.8971 -0.672451 0.204609 128 128 128
1.89992 -0.699836 0.205611 128 128 128
1.93583 -0.740268 0.209619 128 128 128
1.92938 -0.765075 0.209869 128 128 128
1.92629 -0.791357 0.210454 128 128 128
1.93843 -0.824336 0.212458 128 128 128
1.92361 -0.846047 0.21204 128 128 128
1.92305 -0.874144 0.212959 128 128 128
1.92119 -0.901928 0.213794 128 128 128
1.927 -0.933724 0.215381 128 128 128
1.93054 -0.964902 0.2168 128 128 128
1.92386 -0.991269 0.217301 128 128 128
1.91683 -1.01762 0.217802 128 128 128
1.90856 -1.04346 0.21822 128 128 128
1.90082 -1.06974 0.218721 128 128 128
1.88755 -1.09299 0.218721 128 128 128
1.86972 -1.11351 0.218303 128 128 128
1.43486 -0.877509 0.176885 128 128 128
1.42482 -0.895583 0.176969 128 128 128
1.40537 -0.907574 0.176134 128 128 128
1.50937 -1.00159 0.187741 128 128 128
1.9007 -1.29644 0.228741 128 128 128
1.89933 -1.32998 0.230244 128 128 128
1.89175 -1.3596 0.231163 128 128 128
1.87653 -1.3839 0.23133 128 128 128
1.87607 -1.41947 0.233083 128 128 128
1.8648 -1.44729 0.233752 128 128 128
1.86092 -1.48126 0.235255 128 128 128
1.86033 -1.5185 0.237175 128 128 128
1.84461 -1.54378 0.237509 128 128 128
1.83006 -1.5702 0.23801 128 128 128
1.81364 -1.59518 0.238344 128 128 128
1.80723 -1.62935 0.239847 128 128 128
1.78929 -1.65343 0.240098 128 128 128
1.78693 -1.69243 0.242185 128 128 128
1.76459 -1.71284 0.242018 128 128 128
1.77942 -1.77026 0.246277 128 128 128
1.77149 -1.80622 0.247947 128 128 128
1.76295 -1.84224 0.249617 128 128 128
1.75515 -1.87978 0.251454 128 128 128
1.73999 -1.91003 0.252456 128 128 128
1.72236 -1.93795 0.253208 128 128 128
1.70366 -1.96498 0.253876 128 128 128
1.69099 -1.99945 0.255379 128 128 128
1.67139 -2.02621 0.256047 128 128 128
1.64827 -2.0489 0.256298 128 128 128
1.63957 -2.09016 0.258552 128 128 128
1.61501 -2.11171 0.258719 128 128 128
1.59789 -2.14337 0.259972 128 128 128
1.58082 -2.17573 0.261308 128 128 128
1.57239 -2.22101 0.26398 128 128 128
1.5659 -2.27053 0.26707 128 128 128
1.53848 -2.2904 0.267153 128 128 128
1.51842 -2.32163 0.268406 128 128 128
1.49996 -2.35607 0.269992 128 128 128
1.47827 -2.38617 0.271161 128 128 128
1.45606 -2.41609 0.27233 128 128 128
1.43434 -2.44754 0.273666 128 128 128
1.41404 -2.48229 0.275336 128 128 128
1.38684 -2.50557 0.275921 128 128 128
1.36069 -2.53118 0.276756 128 128 128
1.33321 -2.55476 0.277424 128 128 128
1.30804 -2.58338 0.278593 128 128 128
1.28675 -2.62072 0.280597 128 128 128
1.25023 -2.62731 0.279762 128 128 128
1.23286 -2.67506 0.282768 128 128 128
1.20601 -2.70364 0.284021 128 128 128
1.17786 -2.73014 0.285106 128 128 128
1.15268 -2.76463 0.286944 128 128 128
1.1246 -2.79337 0.28828 128 128 128
1.09168 -2.81068 0.288614 128 128 128
1.06998 -2.85841 0.291703 128 128 128
1.03685 -2.87695 0.292204 128 128 128
1.00829 -2.90924 0.293958 128 128 128
0.978786 -2.94031 0.295628 128 128 128
0.942932 -2.95305 0.295711 128 128 128
0.909815 -2.97489 0.29663 128 128 128
0.876303 -2.99635 0.297549 128 128 128
0.843202 -3.02032 0.298718 128 128 128
0.807604 -3.03622 0.299219 128 128 128
0.778793 -3.07973 0.302141 128 128 128
0.742328 -3.09487 0.302642 128 128 128
0.706487 -3.11347 0.303477 128 128 128
0.673825 -3.14822 0.305732 128 128 128
0.640807 -3.18459 0.308154 128 128 128
0.602963 -3.19907 0.308738 128 128 128
0.544983 -3.09923 0.299636 128 128 128
0.453547 -2.77614 0.271662 128 128 128
0.465227 -3.08801 0.297632 128 128 128
0.454723 -3.29391 0.314583 128 128 128
0.415497 -3.30913 0.315418 128 128 128
0.376298 -3.32686 0.316504 128 128 128
0.33574 -3.3342 0.316754 128 128 128
0.295491 -3.34601 0.317422 128 128 128
0.255597 -3.36529 0.318758 128 128 128
0.214405 -3.37016 0.318925 128 128 128
0.17403 -3.39244 0.320596 128 128 128
0.133064 -3.41224 0.322099 128 128 128
0.0916644 -3.43255 0.323685 128 128 128
0.04972 -3.44736 0.324854 128 128 128
0.00742483 -3.46067 0.32594 128 128 128
-0.0352905 -3.48242 0.327777 128 128 128
-0.0786089 -3.50663 0.329865 128 128 128
-0.12167 -3.5064 0.329948 128 128 128
-0.165696 -3.52555 0.331702 128 128 128
-0.21027 -3.54513 0.333539 128 128 128
-0.25318 -3.53433 0.332871 128 128 128
-0.298476 -3.5538 0.334791 128 128 128
-0.343031 -3.55978 0.335626 128 128 128
-0.387995 -3.56719 0.336628 128 128 128
-0.429805 -3.54634 0.335292 128 128 128
-0.160993 -1.22394 0.139392 128 128 128
-0.174693 -1.213 0.138641 128 128 128
-0.189723 -1.21175 0.138724 128 128 128
-0.205256 -1.21326 0.139058 128 128 128
-0.220673 -1.21359 0.139309 128 128 128
-0.237871 -1.22252 0.140311 128 128 128
-0.248541 -1.19903 0.138557 128 128 128
-0.796856 -3.58341 0.343559 128 128 128
-0.844438 -3.58888 0.344895 128 128 128
-0.891309 -3.58985 0.345897 128 128 128
-0.938584 -3.59117 0.346983 128 128 128
-0.987879 -3.5986 0.348653 128 128 128
-1.02865 -3.57471 0.347651 128 128 128
-1.08397 -3.59998 0.350991 128 128 128
-1.12806 -3.5864 0.350991 128 128 128
-1.1723 -3.57324 0.351075 128 128 128
-1.22317 -3.57932 0.352912 128 128 128
-1.2747 -3.58563 0.354832 128 128 128
-1.31965 -3.57252 0.355083 128 128 128
-1.36267 -3.55419 0.354916 128 128 128
-1.41135 -3.55016 0.356085 128 128 128
-1.45862 -3.54179 0.35692 128 128 128
-1.50236 -3.52454 0.357003 128 128 128
-1.55034 -3.51677 0.358005 128 128 128
-1.59834 -3.50836 0.359007 128 128 128
-1.63745 -3.48037 0.358256 128 128 128
-1.6844 -3.46897 0.359091 128 128 128
-1.72774 -3.44982 0.359258 128 128 128
-1.76994 -3.42836 0.359258 128 128 128
-1.81704 -3.41606 0.360176 128 128 128
-1.86362 -3.40224 0.361012 128 128 128
-1.89983 -3.36957 0.360093 128 128 128
-1.94755 -3.3572 0.361179 128 128 128
-1.98963 -3.33476 0.361346 128 128 128
-2.02675 -3.30415 0.360761 128 128 128
-2.08258 -3.30346 0.363183 128 128 128
-2.12838 -3.28601 0.364018 128 128 128
-2.16413 -3.25301 0.36335 128 128 128
-2.20895 -3.23361 0.364101 128 128 128
-2.25477 -3.21523 0.36502 128 128 128
-2.30338 -3.20025 0.366356 128 128 128
-2.33714 -3.16453 0.365604 128 128 128
-2.37701 -3.1372 0.365771 128 128 128
-2.41532 -3.1078 0.365771 128 128 128
-2.45141 -3.07559 0.365521 128 128 128
-2.48897 -3.04527 0.365521 128 128 128
-2.54025 -3.03129 0.367358 128 128 128
-2.57466 -2.99687 0.367024 128 128 128
-2.59937 -2.9516 0.365521 128 128 128
-2.64743 -2.93278 0.367024 128 128 128
-2.67712 -2.89349 0.366272 128 128 128
-2.71106 -2.85898 0.366105 128 128 128
-2.75358 -2.83335 0.367024 128 128 128
-2.7804 -2.79158 0.366105 128 128 128
-2.81303 -2.75586 0.365938 128 128 128
-2.84952 -2.72388 0.366272 128 128 128
-2.88638 -2.69211 0.36669 128 128 128
-2.91329 -2.65112 0.366022 128 128 128
-2.94337 -2.61319 0.365771 128 128 128
-0.880098 -0.765943 0.133714 128 128 128
-0.888669 -0.754443 0.13363 128 128 128
-3.05834 -2.52017 0.368026 128 128 128
-0.918577 -0.741758 0.134883 128 128 128
-3.11848 -2.44374 0.367942 128 128 128
-3.0999 -2.36844 0.362849 128 128 128
-3.13673 -2.33616 0.363684 128 128 128
-3.1466 -2.28405 0.361763 128 128 128
-3.16869 -2.24124 0.361179 128 128 128
-3.19267 -2.19993 0.360844 128 128 128
-3.21611 -2.15837 0.36051 128 128 128
-3.24236 -2.11874 0.36051 128 128 128
-3.26895 -2.07932 0.360594 128 128 128
-3.29338 -2.03853 0.36051 128 128 128
-3.32071 -1.9995 0.360761 128 128 128
-3.33467 -1.95257 0.359759 128 128 128
-3.34971 -1.90658 0.358924 128 128 128
-3.37286 -1.86533 0.358924 128 128 128
-3.39286 -1.82238 0.358673 128 128 128
-3.40524 -1.77555 0.357755 128 128 128
-3.42499 -1.73273 0.357588 128 128 128
-3.43794 -1.68663 0.356836 128 128 128
-3.45658 -1.64346 0.356669 128 128 128
-3.46743 -1.59676 0.355834 128 128 128
-3.48677 -1.55409 0.355834 128 128 128
-3.48635 -1.50292 0.354081 128 128 128
-3.49901 -1.45773 0.35358 128 128 128
-3.48889 -1.40356 0.351075 128 128 128
-3.50306 -1.35956 0.350824 128 128 128
-3.52135 -1.31716 0.350991 128 128 128
-3.51192 -1.26476 0.348736 128 128 128
-3.52435 -1.22059 0.348486 128 128 128
-3.52488 -1.17255 0.347233 128 128 128
-3.52571 -1.12498 0.346064 128 128 128
-3.53162 -1.07931 0.345396 128 128 128
-3.52355 -1.02976 0.343559 128 128 128
-3.51768 -0.981376 0.341973 128 128 128
-3.50327 -0.794431 0.336962 128 128 128
-3.50788 -0.750343 0.336545 128 128 128
-3.51096 -0.706067 0.336044 128 128 128
-3.52524 -0.66403 0.336545 128 128 128
-3.52723 -0.619691 0.336044 128 128 128
-3.509 -0.572219 0.333873 128 128 128
-3.51181 -0.528526 0.333539 128 128 128
-3.49631 -0.482419 0.331702 128 128 128
-3.48318 -0.437141 0.330115 128 128 128
-3.47343 -0.392701 0.328862 128 128 128
-3.45617 -0.347877 0.327025 128 128 128
-3.43734 -0.303449 0.325105 128 128 128
-3.42292 -0.259907 0.323602 128 128 128
-3.39701 -0.216082 0.32118 128 128 128
-3.3805 -0.173431 0.319594 128 128 128
-3.38536 -0.132047 0.319844 128 128 128
-3.36979 -0.0900607 0.318424 128 128 128
-3.3537 -0.0484765 0.317005 128 128 128
-3.2952 0.244546 0.231747 128 128 128
-3.24818 0.281194 0.229153 128 128 128
-3.24648 0.321229 0.229271 128 128 128
-3.19367 0.35565 0.226382 128 128 128
-3.17024 0.392492 0.225262 128 128 128
-3.14837 0.429082 0.224259 128 128 128
-3.11522 0.463582 0.222609 128 128 128
-3.0886 0.498445 0.22137 128 128 128
-3.07438 0.534944 0.220899 128 128 128
-3.06366 0.5719 0.220663 128 128 128
-3.03194 0.604583 0.219189 128 128 128
-3.01159 0.639055 0.218423 128 128 128
-3.00255 0.675745 0.218364 128 128 128
-2.86886 0.720116 0.211289 128 128 128
-2.79356 0.774594 0.20781 128 128 128
-2.87493 0.835234 0.213411 128 128 128
-2.81001 0.853931 0.21005 128 128 128
-2.66152 0.917157 0.202858 128 128 128
-2.70833 0.970602 0.206513 128 128 128
-2.69435 1.00307 0.206395 128 128 128
-2.65576 1.026 0.204744 128 128 128
-2.5614 1.02589 0.199556 128 128 128
-2.55323 1.05915 0.199851 128 128 128
-2.5538 1.0963 0.200735 128 128 128
-2.53286 1.12432 0.200263 128 128 128
-2.4862 1.14036 0.198141 128 128 128
-2.4657 1.16779 0.197728 128 128 128
-2.41709 1.18132 0.195488 128 128 128
-2.38815 1.20371 0.194545 128 128 128
-2.36256 1.22741 0.193837 128 128 128
-1.67032 0.894407 0.148498 128 128 128
-1.65922 0.914837 0.148498 128 128 128
-1.67045 0.947923 0.150031 128 128 128
-1.6035 0.936178 0.146258 128 128 128
-1.58418 0.951166 0.145727 128 128 128
-1.52905 0.943825 0.142721 128 128 128
-1.51904 0.963586 0.142838 128 128 128
-1.48702 0.969088 0.141423 128 128 128
-2.0751 1.38827 0.18405 128 128 128
-2.0505 1.40855 0.183519 128 128 128
-2.01837 1.42325 0.182458 128 128 128
-1.98457 1.43622 0.181279 128 128 128
-1.95878 1.45452 0.180689 128 128 128
-1.92887 1.46938 0.179805 128 128 128
-1.8981 1.48311 0.178862 128 128 128
-1.8743 1.50193 0.178449 128 128 128
-1.25848 1.03462 0.132816 128 128 128
-1.22736 1.03456 0.131401 128 128 128
-1.25236 1.08215 0.134349 128 128 128
-1.62934 1.44263 0.165125 128 128 128
-1.7232 1.56375 0.174027 128 128 128
-1.68267 1.56508 0.172317 128 128 128
-1.66045 1.58285 0.172082 128 128 128
-1.61804 1.5808 0.170195 128 128 128
-1.59358 1.5956 0.169782 128 128 128
-1.55296 1.5936 0.168014 128 128 128
-1.51677 1.59518 0.166599 128 128 128
-1.493 1.60928 0.166245 128 128 128
-1.47247 1.62675 0.166186 128 128 128
-1.43917 1.62974 0.165007 128 128 128
-1.39951 1.6246 0.163238 128 128 128
-1.38718 1.65081 0.163945 128 128 128
-1.36048 1.66 0.163356 128 128 128
-1.33065 1.66487 0.162471 128 128 128
-1.29538 1.66219 0.161056 128 128 128
-1.26703 1.66763 0.16029 128 128 128
-1.24707 1.68386 0.160349 128 128 128
-1.21637 1.68528 0.159347 128 128 128
-1.19042 1.69273 0.158816 128 128 128
-1.15601 1.68746 0.157401 128 128 128
-1.11802 1.67579 0.155573 128 128 128
-1.08812 1.67515 0.154571 128 128 128
-1.06481 1.68416 0.154276 128 128 128
-1.02888 1.67246 0.152567 128 128 128
-1.01135 1.69009 0.15292 128 128 128
-0.97948 1.6834 0.151623 128 128 128
-0.953828 1.68661 0.151034 128 128 128
-0.931615 1.69556 0.150857 128 128 128
-0.906973 1.69983 0.150385 128 128 128
-0.87961 1.69842 0.14956 128 128 128
-0.857804 1.70731 0.149442 128 128 128
-0.830658 1.70514 0.148616 128 128 128
-0.80327 1.70167 0.147732 128 128 128
-0.782327 1.7114 0.147732 128 128 128
-0.75884 1.7154 0.147378 128 128 128
-0.727114 1.69981 0.145786 128 128 128
-0.702762 1.7003 0.145256 128 128 128
-0.680732 1.70602 0.145079 128 128 128
-0.653638 1.69841 0.144077 128 128 128
-0.633095 1.70724 0.144136 128 128 128
-0.603018 1.6895 0.142544 128 128 128
-0.578992 1.68733 0.141954 128 128 128
-0.554485 1.68294 0.141247 128 128 128
-0.532284 1.68486 0.140952 128 128 128
-0.506353 1.67406 0.139891 128 128 128
-0.48327 1.67152 0.13936 128 128 128
-0.460059 1.66771 0.13877 128 128 128
-0.433963 1.65199 0.137473 128 128 128
-0.412445 1.65235 0.137179 128 128 128
-0.394443 1.667 0.137768 128 128 128
-0.370677 1.6571 0.136884 128 128 128
-0.34866 1.65371 0.136412 128 128 128
-0.327951 1.65591 0.136294 128 128 128
-0.307605 1.65981 0.136294 128 128 128
-0.284654 1.64871 0.13541 128 128 128
-0.263925 1.64912 0.135233 128 128 128
-0.24235 1.64335 0.134702 128 128 128
-0.221225 1.63927 0.13429 128 128 128
-0.201459 1.64484 0.134466 128 128 128
-0.180709 1.64222 0.134172 128 128 128
-0.158978 1.62842 0.133228 128 128 128
-0.138298 1.62229 0.132757 128 128 128
-0.117425 1.61093 0.13199 128 128 128
-0.0977092 1.61324 0.132049 128 128 128
-0.0776113 1.60834 0.131695 128 128 128
-0.0576485 1.60318 0.131342 128 128 128
-0.0375549 1.58681 0.130339 128 128 128
-0.0180673 1.58615 0.13028 128 128 128
0.00139829 1.58026 0.129927 128 128 128
0.0207289 1.57513 0.129632 128 128 128
0.0397377 1.56179 0.128865 128 128 128
0.0587531 1.55719 0.12863 128 128 128
0.0779068 1.55735 0.128689 128 128 128
0.0960319 1.54034 0.127745 128 128 128
0.114707 1.53605 0.127568 128 128 128
0.133376 1.53254 0.12745 128 128 128
0.151096 1.51986 0.126802 128 128 128
0.168745 1.50896 0.126271 128 128 128
0.185661 1.4939 0.125505 128 128 128
0.203441 1.48755 0.125269 128 128 128
0.221827 1.48593 0.125328 128 128 128
0.237507 1.46733 0.124385 128 128 128
0.257373 1.47512 0.125033 128 128 128
0.273994 1.464 0.124562 128 128 128
0.29116 1.45661 0.124326 128 128 128
0.308599 1.45098 0.124208 128 128 128
0.324413 1.43831 0.123677 128 128 128
0.342731 1.43714 0.123854 128 128 128
0.359855 1.43089 0.123736 128 128 128
0.376115 1.42154 0.123441 128 128 128
0.392732 1.41393 0.123264 128 128 128
0.408386 1.40325 0.122911 128 128 128
0.423836 1.3924 0.122557 128 128 128
0.443605 1.39566 0.123088 128 128 128
0.45694 1.37874 0.12238 128 128 128
0.476748 1.38152 0.122911 128 128 128
0.489293 1.36335 0.122144 128 128 128
0.509117 1.36566 0.122675 128 128 128
0.521885 1.34907 0.122026 128 128 128
0.539513 1.34534 0.122203 128 128 128
0.554836 1.33585 0.122026 128 128 128
0.573547 1.33445 0.12238 128 128 128
0.586238 1.3191 0.121849 128 128 128
0.604044 1.31543 0.122085 128 128 128
0.617153 1.30161 0.121673 128 128 128
0.632642 1.29304 0.121614 128 128 128
0.647564 1.28339 0.121496 128 128 128
0.666943 1.28244 0.121967 128 128 128
0.681218 1.27152 0.12179 128 128 128
0.694363 1.25869 0.121496 128 128 128
0.709265 1.2492 0.121437 128 128 128
0.723033 1.23782 0.12126 128 128 128
0.738682 1.22971 0.121319 128 128 128
0.755812 1.22395 0.121555 128 128 128
0.768638 1.21121 0.121319 128 128 128
0.78671 1.20671 0.121673 128 128 128
0.795358 1.18783 0.121024 128 128 128
0.811004 1.17963 0.121142 128 128 128
0.82082 1.16306 0.12067 128 128 128
0.839709 1.15937 0.121142 128 128 128
0.8509 1.14497 0.120847 128 128 128
0.866095 1.13603 0.120965 128 128 128
0.879971 1.12532 0.120965 128 128 128
0.899952 1.12223 0.121555 128 128 128
0.913023 1.11033 0.121496 128 128 128
0.920152 1.0914 0.120906 128 128 128
0.939996 1.08759 0.121496 128 128 128
0.94732 1.06924 0.120965 128 128 128
0.965063 1.06271 0.121378 128 128 128
0.97939 1.05225 0.121496 128 128 128
0.992229 1.04015 0.121496 128 128 128
0.999341 1.02218 0.121024 128 128 128
1.01675 1.01478 0.121437 128 128 128
1.03627 1.0092 0.122026 128 128 128
1.05219 0.999849 0.122321 128 128 128
1.05634 0.979389 0.121673 128 128 128
1.0705 0.968363 0.121849 128 128 128
1.08454 0.957137 0.122026 128 128 128
1.09394 0.9418 0.121849 128 128 128
1.10389 0.92702 0.121732 128 128 128
1.11672 0.91467 0.121849 128 128 128
1.12553 0.899026 0.121673 128 128 128
1.14041 0.888217 0.121967 128 128 128
1.14884 0.872342 0.12179 128 128 128
1.16828 0.864719 0.122439 128 128 128
1.17799 0.849733 0.12238 128 128 128
1.1769 0.827167 0.121555 128 128 128
1.20343 0.823956 0.122734 128 128 128
1.21511 0.810235 0.122852 128 128 128
1.22998 0.798529 0.123205 128 128 128
1.238 0.782307 0.123088 128 128 128
1.24666 0.766532 0.123029 128 128 128
1.25426 0.75015 0.122911 128 128 128
1.26423 0.735204 0.12297 128 128 128
1.2914 0.729967 0.124208 128 128 128
1.30026 0.714064 0.124208 128 128 128
1.30276 0.694761 0.123795 128 128 128
1.31296 0.679641 0.123913 128 128 128
1.32299 0.664375 0.124031 128 128 128
1.36065 0.662538 0.125976 128 128 128
1.35243 0.638109 0.124915 128 128 128
1.36197 0.622296 0.125033 128 128 128
1.37225 0.606749 0.12521 128 128 128
1.39243 0.595369 0.126035 128 128 128
1.40425 0.580147 0.12633 128 128 128
1.41867 0.565836 0.126802 128 128 128
1.42179 0.546947 0.126566 128 128 128
1.42652 0.528763 0.126448 128 128 128
1.44042 0.513908 0.12692 128 128 128
1.45039 0.497492 0.127156 128 128 128
1.4725 0.484978 0.128158 128 128 128
1.49452 0.471996 0.12916 128 128 128
1.48874 0.450144 0.128453 128 128 128
1.51524 0.437957 0.12975 128 128 128
1.51185 0.416934 0.129219 128 128 128
1.52843 0.401402 0.129927 128 128 128
1.53905 0.384071 0.13028 128 128 128
1.55822 0.368614 0.131165 128 128 128
1.5821 0.353839 0.132344 128 128 128
1.57754 0.332537 0.131813 128 128 128
1.59031 0.314905 0.132344 128 128 128
1.59994 0.296462 0.132698 128 128 128
1.6192 0.279536 0.133641 128 128 128
1.61955 0.259169 0.133464 128 128 128
1.63742 0.241472 0.134349 128 128 128
1.63729 0.220957 0.134172 128 128 128
1.65276 0.202436 0.134938 128 128 128
1.65711 0.182359 0.135056 128 128 128
1.66717 0.162792 0.135528 128 128 128
1.67103 0.142493 0.135646 128 128 128
1.67663 0.122269 0.135881 128 128 128
1.68199 0.10193 0.136117 128 128 128
1.69309 0.0817711 0.136707 128 128 128
1.69596 0.0610615 0.136825 128 128 128
1.70856 0.0405384 0.137532 128 128 128
1.70893 0.0195687 0.137532 128 128 128
1.71303 -0.00140408 0.137768 128 128 128
1.72187 -0.0225361 0.138299 128 128 128
1.73443 -0.0439834 0.139065 128 128 128
1.74374 -0.0656322 0.139655 128 128 128
1.74978 -0.0873688 0.140067 128 128 128
1.76053 -0.10957 0.140775 128 128 128
1.77499 -0.132342 0.141718 128 128 128
1.7782 -0.154542 0.142013 128 128 128
1.79107 -0.17782 0.142897 128 128 128
1.80066 -0.201107 0.143605 128 128 128
1.80896 -0.224533 0.144253 128 128 128
1.81497 -0.247924 0.144784 128 128 128
1.82561 -0.272229 0.14561 128 128 128
1.82805 -0.295564 0.145963 128 128 128
1.84199 -0.321047 0.147024 128 128 128
1.84282 -0.344541 0.147319 128 128 128
1.8453 -0.368493 0.147732 128 128 128
1.85529 -0.394212 0.148616 128 128 128
1.86492 -0.420231 0.149501 128 128 128
1.8606 -0.443315 0.14956 128 128 128
1.86276 -0.468055 0.150031 128 128 128
1.86846 -0.493932 0.150739 128 128 128
1.87284 -0.519753 0.151387 128 128 128
1.87591 -0.545478 0.151977 128 128 128
1.87385 -0.569906 0.152272 128 128 128
1.8848 -0.598587 0.153392 128 128 128
1.883 -0.62355 0.153746 128 128 128
1.88937 -0.651483 0.15463 128 128 128
1.89721 -0.680337 0.155632 128 128 128
1.90369 -0.709133 0.156576 128 128 128
1.91626 -0.740705 0.157932 128 128 128
1.90332 -0.762682 0.157696 128 128 128
1.91798 -0.823716 0.159877 128 128 128
1.9132 -0.849617 0.160231 128 128 128
1.93258 -0.886751 0.162177 128 128 128
1.93058 -0.914668 0.162766 128 128 128
1.92369 -0.94048 0.163061 128 128 128
1.9129 -0.964465 0.16312 128 128 128
1.91332 -0.994303 0.163945 128 128 128
1.90274 -1.01865 0.164063 128 128 128
1.89709 -1.04577 0.164535 128 128 128
1.8928 -1.0739 0.165125 128 128 128
1.88552 -1.10056 0.165537 128 128 128
1.86844 -1.12156 0.165301 128 128 128
1.43131 -0.883598 0.13594 128 128 128
1.40856 -0.893618 0.135115 128 128 128
1.39414 -0.908658 0.134879 128 128 128
1.3779 -0.92237 0.134525 128 128 128
1.90481 -1.30858 0.173084 128 128 128
1.8886 -1.33185 0.173084 128 128 128
1.89477 -1.37131 0.174735 128 128 128
1.86898 -1.38791 0.174086 128 128 128
1.88359 -1.43492 0.176444 128 128 128
1.86347 -1.45609 0.176268 128 128 128
1.85949 -1.49007 0.177329 128 128 128
1.84415 -1.51531 0.177565 128 128 128
1.82848 -1.5404 0.177801 128 128 128
1.82606 -1.57707 0.179098 128 128 128
1.81405 -1.60597 0.179687 128 128 128
1.79495 -1.62878 0.179746 128 128 128
1.80188 -1.67583 0.181928 128 128 128
1.77757 -1.69437 0.181633 128 128 128
1.78736 -1.74603 0.184168 128 128 128
1.76863 -1.77066 0.184404 128 128 128
1.7621 -1.80795 0.185701 128 128 128
1.75217 -1.84245 0.186762 128 128 128
1.74234 -1.87771 0.187882 128 128 128
1.7319 -1.91301 0.189003 128 128 128
1.71755 -1.94459 0.189828 128 128 128
1.69943 -1.97232 0.190359 128 128 128
1.67767 -1.99608 0.190594 128 128 128
1.66761 -2.03427 0.19195 128 128 128
1.64626 -2.05925 0.192304 128 128 128
1.62885 -2.08953 0.193071 128 128 128
1.61336 -2.12287 0.194073 128 128 128
1.59076 -2.14732 0.194427 128 128 128
1.57832 -2.1861 0.195842 128 128 128
1.55885 -2.21591 0.196608 128 128 128
1.53945 -2.2464 0.197434 128 128 128
1.52175 -2.28006 0.198495 128 128 128
1.51053 -2.3245 0.200322 128 128 128
1.48669 -2.35046 0.200853 128 128 128
1.46664 -2.38297 0.201855 128 128 128
1.44858 -2.41963 0.203152 128 128 128
1.4233 -2.44498 0.203683 128 128 128
1.40253 -2.47877 0.204803 128 128 128
1.37538 -2.50192 0.205216 128 128 128
1.35116 -2.53093 0.206041 128 128 128
1.3223 -2.55175 0.206336 128 128 128
1.29941 -2.58473 0.207456 128 128 128
1.27592 -2.61753 0.208577 128 128 128
1.24498 -2.63569 0.208753 128 128 128
1.21628 -2.65894 0.209284 128 128 128
1.19731 -2.7047 0.211289 128 128 128
1.17151 -2.73662 0.212409 128 128 128
1.14586 -2.77016 0.213647 128 128 128
1.12067 -2.80625 0.215062 128 128 128
1.09262 -2.83656 0.216123 128 128 128
1.06155 -2.86005 0.216772 128 128 128
1.0331 -2.89166 0.217951 128 128 128
1.00176 -2.91639 0.218717 128 128 128
0.970275 -2.94173 0.219543 128 128 128
0.937117 -2.96294 0.220132 128 128 128
0.904163 -2.98568 0.22084 128 128 128
0.869125 -3.0023 0.221194 128 128 128
0.836476 -3.02813 0.222137 128 128 128
0.801542 -3.04686 0.222667 128 128 128
0.77064 -3.08261 0.224259 128 128 128
0.735982 -3.10543 0.225085 128 128 128
0.703067 -3.13761 0.2265 128 128 128
0.666991 -3.15772 0.227207 128 128 128
0.630527 -3.17741 0.227915 128 128 128
0.59642 -3.21141 0.229507 128 128 128
0.558673 -3.22832 0.230096 128 128 128
0.446245 -2.78255 0.203035 128 128 128
0.399765 -2.70487 0.198082 128 128 128
0.379838 -2.8075 0.203919 128 128 128
0.407289 -3.31426 0.233811 128 128 128
0.367687 -3.32893 0.2344 128 128 128
0.327982 -3.34512 0.235108 128 128 128
0.287764 -3.35884 0.235697 128 128 128
0.247331 -3.37307 0.236346 128 128 128
0.206409 -3.38382 0.236817 128 128 128
0.166191 -3.41302 0.238409 128 128 128
0.124882 -3.43076 0.239353 128 128 128
0.0830167 -3.44201 0.239942 128 128 128
0.0409303 -3.45575 0.240709 128 128 128
-0.00148118 -3.47995 0.242124 128 128 128
-0.0444805 -3.50363 0.243539 128 128 128
-0.0875702 -3.50681 0.243774 128 128 128
-0.131002 -3.51644 0.244423 128 128 128
-0.1764 -3.56044 0.247135 128 128 128
-0.220078 -3.558 0.247135 128 128 128
-0.263724 -3.55503 0.247135 128 128 128
-0.308101 -3.56048 0.247666 128 128 128
-0.353043 -3.56935 0.248432 128 128 128
-0.398249 -3.57764 0.249199 128 128 128
-0.440411 -3.55862 0.248373 128 128 128
-0.167156 -1.22048 0.10935 128 128 128
-0.179776 -1.20253 0.108407 128 128 128
-0.194203 -1.19826 0.108289 128 128 128
-0.209575 -1.19973 0.108525 128 128 128
-0.224099 -1.19608 0.108466 128 128 128
-0.240124 -1.2001 0.108879 128 128 128
-0.256073 -1.20292 0.109232 128 128 128
-0.811159 -3.60545 0.254858 128 128 128
-0.86088 -3.61854 0.256274 128 128 128
-0.911042 -3.63094 0.257688 128 128 128
-0.958075 -3.62914 0.258278 128 128 128
-1.00067 -3.61038 0.257865 128 128 128
-1.05074 -3.61796 0.259103 128 128 128
-1.09303 -3.5981 0.258691 128 128 128
-1.14314 -3.60345 0.25987 128 128 128
-1.19103 -3.60053 0.260577 128 128 128
-1.24259 -3.60735 0.261933 128 128 128
-1.28408 -3.58431 0.261462 128 128 128
-1.33144 -3.57764 0.262051 128 128 128
-1.37956 -3.57221 0.262759 128 128 128
-1.42329 -3.55501 0.262759 128 128 128
-1.47139 -3.54834 0.263466 128 128 128
-1.51561 -3.53186 0.263584 128 128 128
-1.5641 -3.52486 0.264351 128 128 128
-1.60641 -3.50358 0.264233 128 128 128
-1.65525 -3.49624 0.265058 128 128 128
-1.69803 -3.47566 0.265058 128 128 128
-1.7419 -3.45724 0.265235 128 128 128
-1.79293 -3.45244 0.266355 128 128 128
-1.83611 -3.43194 0.266473 128 128 128
-1.8829 -3.41789 0.267063 128 128 128
-1.93503 -3.41277 0.268301 128 128 128
-1.96923 -3.37583 0.267417 128 128 128
-2.01974 -3.36682 0.268478 128 128 128
-2.06038 -3.34093 0.268419 128 128 128
-2.10924 -3.32805 0.269303 128 128 128
-2.15101 -3.30358 0.269421 128 128 128
-2.20026 -3.29022 0.270364 128 128 128
-2.24217 -3.26544 0.270541 128 128 128
-2.27575 -3.2287 0.269893 128 128 128
-2.32338 -3.21186 0.270718 128 128 128
-2.3656 -3.18711 0.271013 128 128 128
-2.40513 -3.15864 0.271072 128 128 128
-2.44371 -3.12889 0.271072 128 128 128
-2.46945 -3.08308 0.269893 128 128 128
-2.52546 -3.07492 0.271603 128 128 128
-2.55722 -3.03682 0.271072 128 128 128
-2.60082 -3.01277 0.271662 128 128 128
-2.63892 -2.98212 0.271779 128 128 128
-2.66727 -2.94064 0.271072 128 128 128
-2.71266 -2.91792 0.271897 128 128 128
-2.74345 -2.87936 0.271485 128 128 128
-2.79043 -2.85762 0.272487 128 128 128
-2.80976 -2.80763 0.27119 128 128 128
-2.86472 -2.79316 0.2729 128 128 128
-2.88432 -2.74403 0.27172 128 128 128
-2.91704 -2.70774 0.271662 128 128 128
-2.94192 -2.66437 0.271013 128 128 128
-2.96168 -2.61683 0.270011 128 128 128
-0.887574 -0.763803 0.105754 128 128 128
-0.89688 -0.752854 0.105754 128 128 128
-3.05676 -2.50668 0.27007 128 128 128
-0.9221 -0.73623 0.106285 128 128 128
-3.1268 -2.43827 0.270777 128 128 128
-3.13901 -2.38642 0.26948 128 128 128
-3.17607 -2.35367 0.27007 128 128 128
-3.19744 -2.30925 0.269539 128 128 128
-3.22227 -2.26754 0.269303 128 128 128
-3.2408 -2.22162 0.268655 128 128 128
-3.25869 -2.17558 0.268006 128 128 128
-3.28347 -2.13434 0.267888 128 128 128
-3.30266 -2.08961 0.267417 128 128 128
-3.32806 -2.04893 0.267417 128 128 128
-3.34182 -2.00126 0.26665 128 128 128
-3.35923 -1.95608 0.266178 128 128 128
-3.36995 -1.90733 0.265294 128 128 128
-3.38348 -1.86054 0.264646 128 128 128
-3.4043 -1.81794 0.264528 128 128 128
-3.42635 -1.77602 0.264528 128 128 128
-3.43897 -1.72935 0.263938 128 128 128
-3.4698 -1.69184 0.264587 128 128 128
-3.47676 -1.64273 0.263702 128 128 128
-3.48123 -1.59287 0.2627 128 128 128
-3.51906 -1.45602 0.261521 128 128 128
-3.54037 -1.41421 0.261757 128 128 128
-3.54907 -1.36742 0.261226 128 128 128
-3.58811 -1.03898 0.257217 128 128 128
-3.54767 -0.980227 0.253974 128 128 128
-3.54495 -0.932802 0.25309 128 128 128
-3.54839 -0.88729 0.252618 128 128 128
-3.53861 -0.838836 0.25138 128 128 128
-3.53695 -0.792725 0.250673 128 128 128
-3.54544 -0.749054 0.250614 128 128 128
-3.54947 -0.704516 0.250319 128 128 128
-3.54901 -0.659262 0.249788 128 128 128
-3.53434 -0.522768 0.247607 128 128 128
-3.5296 -0.477879 0.246958 128 128 128
-2.53873 1.15487 0.133689 128 128 128
-2.49884 1.21158 0.133274 128 128 128
-2.43287 1.2166 0.131305 128 128 128
-2.36894 1.2211 0.129405 128 128 128
-1.6879 0.895175 0.103319 128 128 128
-1.68292 0.919187 0.103561 128 128 128
-1.68196 0.945669 0.103975 128 128 128
-2.2837 1.32281 0.128506 128 128 128
-2.23298 1.33023 0.127124 128 128 128
-2.21479 1.35648 0.127055 128 128 128
-2.1777 1.37075 0.126226 128 128 128
-2.1473 1.38867 0.125673 128 128 128
-2.08935 1.38775 0.12398 128 128 128
-1.44121 0.981506 0.097549 128 128 128
-1.41516 0.989352 0.0969616 128 128 128
-1.40615 1.00898 0.0970998 128 128 128
-1.38242 1.01784 0.0966161 128 128 128
-1.36505 1.0311 0.0964088 128 128 128
-1.33573 1.03488 0.0956833 128 128 128
-1.8876 1.50204 0.120663 128 128 128
-1.25889 1.02557 0.0934029 128 128 128
-1.23933 1.03516 0.093092 128 128 128
-1.26062 1.07962 0.0946467 128 128 128
-1.75466 1.5426 0.118038 128 128 128
-1.74005 1.56804 0.118245 128 128 128
-1.70602 1.57569 0.117554 128 128 128
-1.68003 1.59031 0.117243 128 128 128
-1.65179 1.60244 0.116828 128 128 128
-1.59875 1.58941 0.115204 128 128 128
-1.57284 1.60248 0.114893 128 128 128
-1.52477 1.59202 0.113477 128 128 128
-1.5058 1.61134 0.113511 128 128 128
-1.47852 1.62156 0.113131 128 128 128
-1.45851 1.63959 0.113131 128 128 128
-1.42389 1.64073 0.112371 128 128 128
-1.39463 1.64738 0.111888 128 128 128
-1.3686 1.65743 0.111577 128 128 128
-1.33565 1.65851 0.110886 128 128 128
-1.31581 1.67556 0.11092 128 128 128
-1.28666 1.68045 0.110436 128 128 128
-1.26177 1.6905 0.110195 128 128 128
-1.21747 1.67349 0.108813 128 128 128
-1.18993 1.67851 0.108398 128 128 128
-1.16528 1.68722 0.108156 128 128 128
-1.13114 1.68146 0.107327 128 128 128
-1.09786 1.67596 0.106532 128 128 128
-1.0756 1.68678 0.106429 128 128 128
-1.04432 1.68285 0.105737 128 128 128
-1.01998 1.68954 0.105496 128 128 128
-0.988584 1.68381 0.10477 128 128 128
-0.966366 1.69321 0.104666 128 128 128
-0.9431 1.70056 0.104494 128 128 128
-0.915078 1.6988 0.103975 128 128 128
-0.888165 1.69837 0.103526 128 128 128
-0.864104 1.7029 0.103284 128 128 128
-0.837869 1.7026 0.10287 128 128 128
-0.8122 1.70282 0.10249 128 128 128
-0.788739 1.70721 0.102282 128 128 128
-0.759202 1.69759 0.101557 128 128 128
-0.733575 1.69576 0.101142 128 128 128
-0.707724 1.69264 0.100693 128 128 128
-0.685411 1.69748 0.100555 128 128 128
-0.657674 1.68806 0.0998984 128 128 128
-0.633765 1.68757 0.0995875 128 128 128
-0.608279 1.68206 0.0991038 128 128 128
-0.581068 1.6705 0.0984128 128 128 128
-0.560839 1.67845 0.0984473 128 128 128
-0.536867 1.67473 0.0980673 128 128 128
-0.514528 1.67546 0.0978599 128 128 128
-0.488059 1.6615 0.0971344 128 128 128
-0.465224 1.6587 0.0968234 128 128 128
-0.444067 1.66138 0.0967198 128 128 128
-0.422182 1.66089 0.0965125 128 128 128
-0.401304 1.664 0.0964434 128 128 128
-0.377993 1.65613 0.0959942 128 128 128
-0.357016 1.65771 0.0958906 128 128 128
-0.335862 1.65805 0.0957524 128 128 128
-0.314018 1.65418 0.095476 128 128 128
-0.294039 1.65988 0.0955451 128 128 128
-0.271888 1.65251 0.095165 128 128 128
-0.249519 1.64189 0.0946813 128 128 128
-0.228674 1.63988 0.0945085 128 128 128
-0.206186 1.62372 0.0938521 128 128 128
-0.186802 1.63109 0.0940248 128 128 128
-0.166673 1.63226 0.0939903 128 128 128
-0.146108 1.62821 0.093783 128 128 128
-0.124398 1.60696 0.0929883 128 128 128
-0.104482 1.60537 0.0928847 128 128 128
-0.0840705 1.59256 0.092401 128 128 128
-0.0640655 1.58149 0.0919863 128 128 128
-0.0449361 1.59315 0.0923664 128 128 128
-0.0251673 1.57759 0.0918136 128 128 128
-0.00580003 1.57278 0.0916408 128 128 128
0.0133456 1.55874 0.0911571 128 128 128
0.0325896 1.56346 0.0913299 128 128 128
0.0516307 1.55895 0.0911917 128 128 128
0.0700396 1.54322 0.0906734 128 128 128
0.0885512 1.53526 0.0904316 128 128 128
0.107457 1.53506 0.0904661 128 128 128
0.125018 1.51868 0.0899478 128 128 128
0.142193 1.50212 0.0894296 128 128 128
0.161379 1.50721 0.0896714 128 128 128
0.178166 1.49123 0.0891877 128 128 128
0.196852 1.4919 0.0892914 128 128 128
0.214709 1.48641 0.0891877 128 128 128
0.232933 1.48366 0.0891877 128 128 128
0.250444 1.47675 0.0890495 128 128 128
0.267456 1.46767 0.0888422 128 128 128
0.284671 1.46036 0.088704 128 128 128
0.300101 1.44502 0.0882894 128 128 128
0.3189 1.4461 0.0884622 128 128 128
0.335243 1.43624 0.0882549 128 128 128
0.351151 1.42523 0.088013 128 128 128
0.369121 1.42275 0.0880821 128 128 128
0.385491 1.41426 0.0879439 128 128 128
0.401431 1.40462 0.0877712 128 128 128
0.417193 1.39481 0.0875984 128 128 128
0.434278 1.38958 0.0875984 128 128 128
0.451922 1.38605 0.0876675 128 128 128
0.468573 1.37945 0.087633 128 128 128
0.484459 1.37077 0.0875293 128 128 128
0.501244 1.36473 0.0875293 128 128 128
0.514727 1.35008 0.0872184 128 128 128
0.532365 1.34644 0.087322 128 128 128
0.548467 1.33888 0.0872875 128 128 128
0.562892 1.32746 0.0871147 128 128 128
0.580352 1.32319 0.0872184 128 128 128
0.59613 1.31506 0.0871838 128 128 128
0.612223 1.30765 0.0871838 128 128 128
0.626038 1.29554 0.0870111 128 128 128
0.645923 1.2958 0.087322 128 128 128
0.657184 1.2789 0.0869765 128 128 128
0.669538 1.26457 0.0867346 128 128 128
0.689815 1.26502 0.0870802 128 128 128
0.700371 1.24775 0.0867346 128 128 128
0.717639 1.24252 0.0868728 128 128 128
0.729756 1.22848 0.0866655 128 128 128
0.746346 1.22198 0.0867692 128 128 128
0.761819 1.21358 0.0868037 128 128 128
0.776654 1.20414 0.0868037 128 128 128
0.791372 1.19451 0.0868037 128 128 128
0.805407 1.18389 0.0867692 128 128 128
0.820449 1.17473 0.0868037 128 128 128
0.833049 1.16215 0.0867001 128 128 128
0.847248 1.15183 0.0867001 128 128 128
0.854672 1.13259 0.08632 128 128 128
0.870962 1.12518 0.0864582 128 128 128
0.887822 1.11831 0.086631 128 128 128
0.900846 1.10656 0.0865964 128 128 128
0.914357 1.09542 0.0865964 128 128 128
0.931642 1.08866 0.0868037 128 128 128
0.942948 1.0749 0.0867001 128 128 128
0.956067 1.06324 0.0867001 128 128 128
0.970402 1.0529 0.0867692 128 128 128
0.983938 1.04163 0.0868037 128 128 128
0.994555 1.02733 0.0867001 128 128 128
1.00709 1.01505 0.0867001 128 128 128
1.02375 1.00681 0.0869074 128 128 128
1.03531 0.99348 0.0868728 128 128 128
1.04669 0.98002 0.0868383 128 128 128
1.06382 0.971805 0.0870802 128 128 128
1.07417 0.957352 0.0870111 128 128 128
1.09113 0.948674 0.0872529 128 128 128
1.09963 0.932635 0.0871147 128 128 128
1.10559 0.914626 0.0868728 128 128 128
1.12452 0.907244 0.0872184 128 128 128
1.1403 0.897071 0.0874257 128 128 128
1.15122 0.88301 0.0874257 128 128 128
1.16277 0.869413 0.0874602 128 128 128
1.16607 0.849801 0.0871492 128 128 128
1.18376 0.840615 0.0874602 128 128 128
1.19481 0.826592 0.0874948 128 128 128
1.20735 0.813536 0.0875984 128 128 128
1.22478 0.803573 0.0879094 128 128 128
1.21514 0.776162 0.0871147 128 128 128
1.24158 0.771697 0.0878057 128 128 128
1.25695 0.760007 0.0880476 128 128 128
1.26101 0.741499 0.0878403 128 128 128
1.27262 0.72745 0.0879439 128 128 128
1.2832 0.712744 0.088013 128 128 128
1.29361 0.697888 0.0880821 128 128 128
1.30651 0.684267 0.0882549 128 128 128
1.32641 0.674038 0.088704 128 128 128
1.33368 0.657271 0.0886695 128 128 128
1.34164 0.640855 0.0886695 128 128 128
1.34941 0.624343 0.0886695 128 128 128
1.35879 0.608548 0.0887386 128 128 128
1.4038 0.608016 0.0901552 128 128 128
1.38809 0.581155 0.0892914 128 128 128
1.39697 0.564822 0.0893605 128 128 128
1.41684 0.552687 0.0898442 128 128 128
1.41977 0.533862 0.089706 128 128 128
1.4375 0.520452 0.0901206 128 128 128
1.44284 0.502446 0.0900861 128 128 128
1.45459 0.48659 0.0902934 128 128 128
1.47188 0.472339 0.090708 128 128 128
1.4833 0.455989 0.0909153 128 128 128
1.50318 0.441944 0.0914335 128 128 128
1.51137 0.424268 0.0915372 128 128 128
1.51067 0.404154 0.0913299 128 128 128
1.53199 0.389733 0.0919172 128 128 128
1.55124 0.374385 0.0924355 128 128 128
1.54694 0.353339 0.0921245 128 128 128
1.56485 0.337243 0.0926083 128 128 128
1.57377 0.318995 0.092781 128 128 128
1.57756 0.299659 0.092781 128 128 128
1.59589 0.282857 0.0932993 128 128 128
1.60615 0.264371 0.0935411 128 128 128
1.61322 0.245233 0.0936793 128 128 128
1.62304 0.226367 0.0939212 128 128 128
1.63165 0.207174 0.0941285 128 128 128
1.65691 0.189696 0.0949231 128 128 128
1.6621 0.169646 0.0950268 128 128 128
1.66903 0.149672 0.0951996 128 128 128
1.67573 0.129552 0.0953723 128 128 128
1.67919 0.109104 0.0954414 128 128 128
1.6784 0.0883889 0.0953723 128 128 128
1.68236 0.0678996 0.095476 128 128 128
1.69505 0.0475578 0.0958906 128 128 128
1.69351 0.0267265 0.0958215 128 128 128
1.69871 0.00594839 0.0959942 128 128 128
1.71864 -0.0151195 0.0966852 128 128 128
1.71932 -0.0362321 0.0967198 128 128 128
1.71875 -0.0573281 0.0967198 128 128 128
1.73289 -0.0791334 0.097238 128 128 128
1.73977 -0.100874 0.0975144 128 128 128
1.76232 -0.123952 0.0983437 128 128 128
1.76465 -0.145907 0.0984819 128 128 128
1.7687 -0.168132 0.0986892 128 128 128
1.78637 -0.192004 0.0993802 128 128 128
1.79181 -0.21488 0.0996566 128 128 128
1.79895 -0.238186 0.100002 128 128 128
1.80677 -0.261844 0.100382 128 128 128
1.82217 -0.28699 0.101039 128 128 128
1.82737 -0.310857 0.10135 128 128 128
1.83914 -0.336166 0.101902 128 128 128
1.84272 -0.360261 0.102179 128 128 128
1.84697 -0.384699 0.10249 128 128 128
1.84796 -0.408642 0.102697 128 128 128
1.85739 -0.434735 0.103215 128 128 128
1.85871 -0.459188 0.103457 128 128 128
1.85197 -0.481709 0.103423 128 128 128
1.84881 -0.505195 0.103526 128 128 128
1.86839 -0.53533 0.104459 128 128 128
1.86168 -0.558217 0.104459 128 128 128
1.86327 -0.583727 0.10477 128 128 128
1.86546 -0.609672 0.105116 128 128 128
1.86445 -0.634787 0.105357 128 128 128
1.87159 -0.662988 0.10591 128 128 128
1.87456 -0.69007 0.106325 128 128 128
1.90233 -0.727007 0.107672 128 128 128
1.89605 -0.751407 0.107776 128 128 128
1.89685 -0.778812 0.108156 128 128 128
1.8945 -0.805172 0.108432 128 128 128
1.90002 -0.835227 0.10902 128 128 128
1.90417 -0.865122 0.109573 128 128 128
1.91691 -0.899506 0.110471 128 128 128
1.91022 -0.925148 0.110644 128 128 128
1.91123 -0.954796 0.111127 128 128 128
1.90203 -0.979555 0.111231 128 128 128
1.90751 -1.01222 0.111922 128 128 128
1.89494 -1.03556 0.111922 128 128 128
1.88644 -1.06119 0.112095 128 128 128
1.88106 -1.08878 0.112406 128 128 128
1.87956 -1.11896 0.112889 128 128 128
1.64601 -1.00694 0.103975 128 128 128
1.43243 -0.900043 0.0957524 128 128 128
1.40115 -0.904497 0.0949231 128 128 128
1.40658 -0.932708 0.0956142 128 128 128
1.38183 -0.940868 0.0950613 128 128 128
1.87966 -1.31567 0.116586 128 128 128
1.87634 -1.34799 0.117139 128 128 128
1.86367 -1.37388 0.117312 128 128 128
1.8618 -1.40813 0.117968 128 128 128
1.85621 -1.44008 0.118487 128 128 128
1.84386 -1.46712 0.118729 128 128 128
1.84815 -1.50799 0.119731 128 128 128
1.83639 -1.53634 0.120041 128 128 128
1.82119 -1.56202 0.120214 128 128 128
1.80713 -1.58888 0.120456 128 128 128
1.80232 -1.62434 0.121147 128 128 128
1.78225 -1.64634 0.121147 128 128 128
1.77351 -1.6791 0.1217 128 128 128
1.76995 -1.71746 0.122529 128 128 128
1.75511 -1.74541 0.12284 128 128 128
1.73776 -1.7711 0.123047 128 128 128
1.75039 -1.82844 0.124775 128 128 128
1.73599 -1.85856 0.12519 128 128 128
1.72649 -1.89452 0.125881 128 128 128
1.70776 -1.9208 0.126122 128 128 128
1.70497 -1.9658 0.127228 128 128 128
1.68072 -1.98658 0.127228 128 128 128
1.6613 -2.01323 0.127504 128 128 128
1.64647 -2.04593 0.128057 128 128 128
1.62863 -2.07543 0.128472 128 128 128
1.61213 -2.10718 0.12899 128 128 128
1.5939 -2.13723 0.129439 128 128 128
1.55817 -2.14368 0.128886 128 128 128
1.54789 -2.1855 0.129854 128 128 128
1.54078 -2.23315 0.131063 128 128 128
1.52438 -2.2685 0.131754 128 128 128
1.50571 -2.30126 0.132341 128 128 128
1.48861 -2.33729 0.133067 128 128 128
1.47032 -2.37238 0.133758 128 128 128
1.44624 -2.39881 0.134104 128 128 128
1.42476 -2.43019 0.134656 128 128 128
1.40125 -2.45878 0.135106 128 128 128
1.38305 -2.49767 0.135969 128 128 128
1.35418 -2.51798 0.136107 128 128 128
1.32872 -2.54504 0.136522 128 128 128
1.30549 -2.57722 0.137144 128 128 128
1.27508 -2.59573 0.137248 128 128 128
1.25213 -2.63015 0.137973 128 128 128
1.22268 -2.65167 0.138215 128 128 128
1.1937 -2.6747 0.138526 128 128 128
1.1754 -2.72311 0.139804 128 128 128
1.14765 -2.75117 0.140323 128 128 128
1.12124 -2.7836 0.141014 128 128 128
1.09133 -2.80834 0.141428 128 128 128
1.06237 -2.8365 0.141981 128 128 128
1.03965 -2.88318 0.143225 128 128 128
1.00614 -2.90139 0.143432 128 128 128
0.975812 -2.92965 0.14402 128 128 128
0.942211 -2.94902 0.144296 128 128 128
0.911485 -2.97852 0.144952 128 128 128
0.87738 -2.99812 0.145263 128 128 128
0.843467 -3.01925 0.145643 128 128 128
0.809167 -3.04 0.146024 128 128 128
0.774241 -3.0594 0.146369 128 128 128
0.740816 -3.08616 0.146991 128 128 128
0.704869 -3.1038 0.147302 128 128 128
0.674637 -3.14936 0.148615 128 128 128
0.6379 -3.1672 0.14896 128 128 128
0.603404 -3.19836 0.14979 128 128 128
0.567722 -3.2262 0.150515 128 128 128
0.530488 -3.24772 0.151033 128 128 128
0.402943 -2.66786 0.130545 128 128 128
0.368275 -2.65874 0.130061 128 128 128
0.358593 -2.84752 0.136488 128 128 128
0.37717 -3.32943 0.153106 128 128 128
0.337077 -3.34177 0.153383 128 128 128
0.297173 -3.35859 0.153832 128 128 128
0.256982 -3.37594 0.154316 128 128 128
0.216221 -3.38981 0.154696 128 128 128
0.174808 -3.3962 0.154834 128 128 128
0.133725 -3.41407 0.155387 128 128 128
0.0924877 -3.44143 0.156285 128 128 128
0.0504239 -3.4553 0.156734 128 128 128
0.00802178 -3.45865 0.156838 128 128 128
-0.0347766 -3.49047 0.157944 128 128 128
-0.077981 -3.50577 0.158496 128 128 128
-0.121424 -3.51653 0.158911 128 128 128
-0.165573 -3.53574 0.159636 128 128 128
-0.20913 -3.53644 0.15974 128 128 128
-0.253958 -3.55354 0.160431 128 128 128
-0.29983 -3.57704 0.161364 128 128 128
-0.343703 -3.57309 0.161364 128 128 128
-0.388724 -3.57953 0.161744 128 128 128
-0.432621 -3.57449 0.161744 128 128 128
-0.160852 -1.22448 0.0799627 128 128 128
-0.178194 -1.23823 0.0805155 128 128 128
-0.190066 -1.21523 0.07979 128 128 128
-0.204455 -1.20985 0.0796863 128 128 128
-0.220377 -1.21314 0.0798936 128 128 128
-0.235247 -1.21035 0.0798936 128 128 128
-0.250494 -1.20933 0.0799627 128 128 128
-0.270326 -1.22859 0.0807574 128 128 128
-0.853614 -3.6305 0.166201 128 128 128
-0.899552 -3.62557 0.166408 128 128 128
-0.946511 -3.62392 0.166754 128 128 128
-0.994627 -3.62553 0.167238 128 128 128
-1.04181 -3.62265 0.167583 128 128 128
-1.08677 -3.6115 0.167652 128 128 128
-1.13822 -3.62077 0.168481 128 128 128
-1.18944 -3.62741 0.169242 128 128 128
-1.23452 -3.61444 0.169311 128 128 128
-1.2818 -3.60749 0.169622 128 128 128
-1.32666 -3.59336 0.169691 128 128 128
-1.37496 -3.588 0.170105 128 128 128
-1.42333 -3.582 0.17052 128 128 128
-1.46718 -3.56427 0.17052 128 128 128
-1.51042 -3.54507 0.170485 128 128 128
-1.55986 -3.53998 0.171004 128 128 128
-1.60734 -3.52967 0.171349 128 128 128
-1.6484 -3.50516 0.171176 128 128 128
-1.69654 -3.49545 0.171591 128 128 128
-1.73796 -3.47169 0.171487 128 128 128
-1.78502 -3.45897 0.171833 128 128 128
-1.83204 -3.44563 0.172178 128 128 128
-1.87851 -3.43077 0.172489 128 128 128
-1.93128 -3.4266 0.173249 128 128 128
-1.97218 -3.40092 0.17318 128 128 128
-2.0189 -3.38504 0.173526 128 128 128
-2.06081 -3.36086 0.17356 128 128 128
-2.11471 -3.3556 0.17439 128 128 128
-2.14865 -3.31849 0.17394 128 128 128
-2.19642 -3.30269 0.17439 128 128 128
-2.24299 -3.28456 0.17477 128 128 128
-2.28313 -3.25679 0.17477 128 128 128
-2.32351 -3.22933 0.174804 128 128 128
-2.36415 -3.20219 0.174873 128 128 128
-2.41052 -3.18249 0.175288 128 128 128
-2.44755 -3.1503 0.175184 128 128 128
-2.48104 -3.11378 0.174908 128 128 128
-2.52602 -3.0916 0.175288 128 128 128
-2.56955 -3.06726 0.175599 128 128 128
-2.60048 -3.02792 0.175253 128 128 128
-2.64406 -3.00328 0.175599 128 128 128
-2.6787 -2.96838 0.175495 128 128 128
-2.71968 -2.94042 0.175737 128 128 128
-2.74868 -2.89958 0.175392 128 128 128
-2.78754 -2.86921 0.175564 128 128 128
-2.81901 -2.83125 0.175392 128 128 128
-2.86068 -2.80343 0.175737 128 128 128
-2.89198 -2.76535 0.175599 128 128 128
-2.92789 -2.7317 0.175703 128 128 128
-2.96415 -2.69825 0.175841 128 128 128
-2.9948 -2.65968 0.175737 128 128 128
-3.00302 -2.60182 0.174631 128 128 128
-0.909405 -0.772192 0.0785116 128 128 128
-0.899518 -0.745101 0.0776478 128 128 128
-3.1178 -2.50641 0.175564 128 128 128
-0.93485 -0.736349 0.0784079 128 128 128
-3.16486 -2.41883 0.174977 128 128 128
-3.18307 -2.37146 0.174493 128 128 128
-3.22246 -2.33985 0.174942 128 128 128
-3.23868 -2.29148 0.174424 128 128 128
-3.25009 -2.24024 0.173733 128 128 128
-3.27318 -2.1974 0.17356 128 128 128
-3.30074 -2.15762 0.173595 128 128 128
-3.32697 -2.11695 0.173595 128 128 128
-3.34844 -2.07334 0.173422 128 128 128
-3.35907 -2.02334 0.172835 128 128 128
-3.38192 -1.98096 0.172766 128 128 128
-3.38686 -1.92845 0.172006 128 128 128
-3.4094 -1.88626 0.171971 128 128 128
-3.42172 -1.83861 0.171556 128 128 128
-3.44402 -1.79648 0.171556 128 128 128
-3.45689 -1.74958 0.171211 128 128 128
-3.4754 -1.70571 0.171107 128 128 128
-3.4735 -1.65222 0.170244 128 128 128
-3.46354 -1.5957 0.169103 128 128 128
-3.52213 -1.57054 0.170589 128 128 128
-3.52186 -1.51891 0.169863 128 128 128
-3.54116 -1.47596 0.169898 128 128 128
-3.61496 -1.30245 0.170105 128 128 128
-3.60611 -1.24951 0.169207 128 128 128
-3.61453 -1.20296 0.168965 128 128 128
-3.58942 -1.09759 0.16703 128 128 128
-3.59399 -1.05094 0.166719 128 128 128
-3.5501 -0.624317 0.161882 128 128 128
-3.54565 -0.578785 0.161468 128 128 128
-3.54493 -0.489697 0.160984 128 128 128
-2.53436 1.12499 0.0659909 128 128 128
-2.55036 1.16975 0.0663249 128 128 128
-2.51094 1.26553 0.0663856 128 128 128
-1.69551 0.881284 0.0572651 128 128 128
-1.70397 0.912395 0.0574878 128 128 128
-1.70316 0.939023 0.0576092 128 128 128
-2.28399 1.29553 0.0645028 128 128 128
-2.28174 1.33151 0.0646648 128 128 128
-2.25151 1.35119 0.0645028 128 128 128
-2.19986 1.35721 0.0640878 128 128 128
-2.17543 1.37928 0.0639967 128 128 128
-2.14661 1.39824 0.063855 128 128 128
-2.11349 1.41392 0.0636626 128 128 128
-2.07125 1.42278 0.0633589 128 128 128
-2.03074 1.43197 0.0630755 128 128 128
-2.01139 1.45561 0.0630553 128 128 128
-1.96848 1.46172 0.0627415 128 128 128
-1.94164 1.4791 0.0626301 128 128 128
-1.34475 1.05123 0.0552 128 128 128
-1.28413 1.02954 0.0545825 128 128 128
-1.2714 1.04522 0.0545825 128 128 128
-1.26536 1.06654 0.0546736 128 128 128
-1.29836 1.12183 0.0552911 128 128 128
-1.76915 1.56626 0.0618405 128 128 128
-1.73497 1.57442 0.0616381 128 128 128
-1.71186 1.59219 0.0615875 128 128 128
-1.66757 1.58963 0.0612433 128 128 128
-1.64364 1.60579 0.0611826 128 128 128
-1.60543 1.60745 0.0609194 128 128 128
-1.56603 1.60699 0.0606359 128 128 128
-1.53103 1.61016 0.0604132 128 128 128
-1.49754 1.61417 0.0602108 128 128 128
-1.48165 1.63687 0.0602715 128 128 128
-1.44887 1.6407 0.0600792 128 128 128
-1.4123 1.63942 0.0598261 128 128 128
-1.3837 1.64668 0.0596945 128 128 128
-1.36593 1.66663 0.059735 128 128 128
-1.33787 1.6739 0.0596135 128 128 128
-1.30678 1.67679 0.0594415 128 128 128
-1.27702 1.68076 0.0592896 128 128 128
-1.25034 1.68827 0.0591884 128 128 128
-1.21899 1.6889 0.0590062 128 128 128
-1.19817 1.70373 0.0590062 128 128 128
-1.15511 1.68615 0.0586114 128 128 128
-1.13211 1.69687 0.0585709 128 128 128
-1.10029 1.69387 0.0583684 128 128 128
-1.0714 1.69458 0.0582166 128 128 128
-1.03951 1.68972 0.058004 128 128 128
-1.01304 1.69291 0.0578927 128 128 128
-0.988164 1.69831 0.0578117 128 128 128
-0.960842 1.69899 0.0576801 128 128 128
-0.931242 1.69489 0.0574979 128 128 128
-0.908016 1.70178 0.0574473 128 128 128
-0.885223 1.70924 0.0574068 128 128 128
-0.861034 1.71372 0.0573359 128 128 128
-0.835554 1.71517 0.0572347 128 128 128
-0.811023 1.71807 0.0571537 128 128 128
-0.782384 1.71153 0.0569715 128 128 128
-0.760107 1.71826 0.0569411 128 128 128
-0.728328 1.70264 0.0566678 128 128 128
-0.709292 1.71607 0.0567184 128 128 128
-0.677413 1.69772 0.0564249 128 128 128
-0.657608 1.7087 0.0564552 128 128 128
-0.63032 1.69977 0.056273 128 128 128
-0.598972 1.67819 0.0559592 128 128 128
-0.578983 1.68731 0.0559795 128 128 128
-0.556038 1.68764 0.0559086 128 128 128
-0.529851 1.67717 0.0557264 128 128 128
-0.506037 1.67302 0.0556151 128 128 128
-0.482127 1.66758 0.0554936 128 128 128
-0.460827 1.67048 0.0554632 128 128 128
-0.434432 1.65377 0.0552304 128 128 128
-0.413134 1.6551 0.0551899 128 128 128
-0.391868 1.65615 0.0551494 128 128 128
-0.371077 1.65889 0.0551292 128 128 128
-0.348621 1.65353 0.0550279 128 128 128
-0.326938 1.65082 0.0549571 128 128 128
-0.305375 1.64783 0.0548862 128 128 128
-0.28513 1.65145 0.0548862 128 128 128
-0.264208 1.65088 0.0548457 128 128 128
-0.242316 1.64311 0.0547344 128 128 128
-0.221999 1.64497 0.0547243 128 128 128
-0.20094 1.64063 0.0546534 128 128 128
-0.179249 1.62905 0.0545117 128 128 128
-0.159343 1.63213 0.0545218 128 128 128
-0.13793 1.61802 0.0543598 128 128 128
-0.117255 1.60862 0.0542485 128 128 128
-0.0968323 1.59896 0.0541371 128 128 128
-0.0774974 1.60602 0.0541979 128 128 128
-0.0576362 1.60285 0.0541574 128 128 128
-0.037595 1.58844 0.0540055 128 128 128
-0.0180628 1.58579 0.0539752 128 128 128
0.00139832 1.58089 0.0539246 128 128 128
0.0206257 1.56675 0.0537828 128 128 128
0.0397277 1.56138 0.0537322 128 128 128
0.0587011 1.55578 0.0536816 128 128 128
0.0776903 1.55295 0.0536614 128 128 128
0.0953302 1.52892 0.0534285 128 128 128
0.113423 1.51866 0.0533374 128 128 128
0.133081 1.52911 0.0534589 128 128 128
0.151051 1.5194 0.0533779 128 128 128
0.168582 1.50749 0.0532767 128 128 128
0.185844 1.49539 0.0531755 128 128 128
0.201758 1.47516 0.0529933 128 128 128
0.221019 1.48049 0.0530742 128 128 128
0.238853 1.47569 0.053054 128 128 128
0.256089 1.46772 0.0530034 128 128 128
0.273897 1.46348 0.0529933 128 128 128
0.291641 1.45903 0.0529831 128 128 128
0.308902 1.45241 0.0529528 128 128 128
0.327579 1.45241 0.0529933 128 128 128
0.341218 1.43077 0.0528111 128 128 128
0.359965 1.43132 0.0528617 128 128 128
0.373679 1.41229 0.0527098 128 128 128
0.390181 1.40471 0.0526795 128 128 128
0.40739 1.39982 0.0526795 128 128 128
0.422505 1.38802 0.0526086 128 128 128
0.442829 1.39321 0.05272 128 128 128
0.458951 1.38482 0.0526896 128 128 128
0.472332 1.36869 0.0525782 128 128 128
0.492461 1.3722 0.0526795 128 128 128
0.507173 1.36043 0.0526187 128 128 128
0.522749 1.35131 0.0525884 128 128 128
0.538921 1.34386 0.0525782 128 128 128
0.553458 1.33253 0.0525276 128 128 128
0.568193 1.32196 0.0524871 128 128 128
0.583967 1.31397 0.052477 128 128 128
0.600048 1.30671 0.052477 128 128 128
0.61561 1.29834 0.0524669 128 128 128
0.632374 1.29249 0.0524871 128 128 128
0.645939 1.28016 0.0524365 128 128 128
0.660679 1.27037 0.0524163 128 128 128
0.676218 1.26216 0.0524163 128 128 128
0.691656 1.25377 0.0524163 128 128 128
0.703539 1.2391 0.0523454 128 128 128
0.72272 1.23728 0.0524264 128 128 128
0.736307 1.22575 0.052396 128 128 128
0.751818 1.21747 0.0524061 128 128 128
0.764026 1.20393 0.0523555 128 128 128
0.78147 1.19865 0.0524061 128 128 128
0.795009 1.18731 0.0523859 128 128 128
0.807256 1.17417 0.0523454 128 128 128
0.826787 1.17153 0.0524365 128 128 128
0.834071 1.15157 0.052315 128 128 128
0.855288 1.15089 0.0524365 128 128 128
0.867531 1.13792 0.0524061 128 128 128
0.880199 1.12561 0.0523859 128 128 128
0.896445 1.11784 0.0524264 128 128 128
0.909461 1.10599 0.0524163 128 128 128
0.916526 1.08709 0.052315 128 128 128
0.933063 1.07955 0.0523657 128 128 128
0.942929 1.06427 0.052315 128 128 128
0.957933 1.05484 0.0523454 128 128 128
0.97693 1.0496 0.0524365 128 128 128
0.990427 1.03826 0.0524466 128 128 128
1.0017 1.0246 0.0524264 128 128 128
1.03611 1.03414 0.0527402 128 128 128
1.02296 0.996212 0.0523758 128 128 128
1.04018 0.98841 0.0524466 128 128 128
1.05736 0.980335 0.0525175 128 128 128
1.06338 0.961914 0.0524365 128 128 128
1.07061 0.944818 0.0523758 128 128 128
1.08818 0.936834 0.0524568 128 128 128
1.10419 0.927272 0.0525175 128 128 128
1.11703 0.914921 0.0525377 128 128 128
1.12895 0.901769 0.0525479 128 128 128
1.13836 0.886617 0.0525276 128 128 128
1.14836 0.871975 0.0525175 128 128 128
1.167 0.863774 0.0526187 128 128 128
1.17589 0.848216 0.0525985 128 128 128
1.16986 0.822208 0.052396 128 128 128
1.19141 0.815709 0.0525377 128 128 128
1.21546 0.810471 0.0527098 128 128 128
1.22364 0.794404 0.0526896 128 128 128
1.23245 0.778793 0.0526795 128 128 128
1.24362 0.764659 0.0526997 128 128 128
1.25119 0.748313 0.0526795 128 128 128
1.26806 0.737433 0.0527706 128 128 128
1.27788 0.72231 0.0527807 128 128 128
1.29541 0.711395 0.0528819 128 128 128
1.29699 0.691674 0.0528009 128 128 128
1.31337 0.67985 0.052892 128 128 128
1.31804 0.661884 0.0528515 128 128 128
1.32247 0.643905 0.0528111 128 128 128
1.34021 0.632331 0.0529224 128 128 128
1.35423 0.618751 0.0529933 128 128 128
1.36264 0.602491 0.0530034 128 128 128
1.37636 0.588482 0.0530742 128 128 128
1.38256 0.571165 0.0530641 128 128 128
1.39689 0.557126 0.0531451 128 128 128
1.40269 0.539582 0.053135 128 128 128
1.42701 0.528947 0.0533273 128 128 128
1.43246 0.511059 0.0533172 128 128 128
1.45659 0.499621 0.0535095 128 128 128
1.46356 0.482023 0.0535197 128 128 128
1.47508 0.465838 0.0535804 128 128 128
1.47877 0.447121 0.0535601 128 128 128
1.49471 0.432004 0.0536715 128 128 128
1.51821 0.418695 0.0538638 128 128 128
1.51647 0.398249 0.053793 128 128 128
1.53288 0.382525 0.0539144 128 128 128
1.54622 0.365764 0.0540055 128 128 128
1.55156 0.346982 0.0540157 128 128 128
1.56353 0.329572 0.0540966 128 128 128
1.57236 0.311335 0.0541473 128 128 128
1.57705 0.2922 0.0541574 128 128 128
1.6012 0.276414 0.05437 128 128 128
1.60546 0.256903 0.0543801 128 128 128
1.6174 0.238502 0.0544712 128 128 128
1.62515 0.219309 0.0545218 128 128 128
1.63765 0.200573 0.054623 128 128 128
1.64396 0.180902 0.0546635 128 128 128
1.65302 0.1614 0.0547344 128 128 128
1.65787 0.14136 0.0547647 128 128 128
1.67543 0.122181 0.0549267 128 128 128
1.67781 0.101673 0.0549368 128 128 128
1.67893 0.081076 0.0549368 128 128 128
1.6798 0.0604669 0.0549368 128 128 128
1.68441 0.0399467 0.0549773 128 128 128
1.69777 0.0194323 0.0551089 128 128 128
1.70888 -0.0014039 0.0552203 128 128 128
1.70974 -0.0223867 0.0552304 128 128 128
1.70833 -0.0433415 0.0552203 128 128 128
1.72066 -0.0647812 0.0553519 128 128 128
1.71974 -0.0858914 0.0553519 128 128 128
1.7475 -0.108768 0.0556454 128 128 128
1.759 -0.131161 0.055777 128 128 128
1.76024 -0.152995 0.0558074 128 128 128
1.76022 -0.17478 0.0558276 128 128 128
1.78875 -0.199786 0.0561414 128 128 128
1.79312 -0.222579 0.0562123 128 128 128
1.79619 -0.245374 0.056273 128 128 128
1.80195 -0.268718 0.0563641 128 128 128
1.81629 -0.293671 0.0565463 128 128 128
1.82141 -0.317476 0.0566375 128 128 128
1.82721 -0.341635 0.0567387 128 128 128
1.83465 -0.366373 0.0568602 128 128 128
1.84078 -0.391138 0.0569715 128 128 128
1.85145 -0.417204 0.0571335 128 128 128
1.85397 -0.441741 0.0572144 128 128 128
1.84647 -0.463973 0.0571942 128 128 128
1.84547 -0.487872 0.0572448 128 128 128
1.86055 -0.51635 0.0574675 128 128 128
1.85791 -0.540257 0.057508 128 128 128
1.85114 -0.563016 0.057508 128 128 128
1.86507 -0.592335 0.0577307 128 128 128
1.86241 -0.616746 0.0577813 128 128 128
1.86037 -0.641506 0.0578421 128 128 128
1.8646 -0.668667 0.0579737 128 128 128
1.87031 -0.696725 0.0581255 128 128 128
1.88588 -0.728982 0.0583887 128 128 128
1.88793 -0.756526 0.0585102 128 128 128
1.9164 -0.851034 0.0591479 128 128 128
1.90944 -0.876153 0.0591884 128 128 128
1.90036 -0.900374 0.0592086 128 128 128
1.89995 -0.92889 0.0593301 128 128 128
1.9018 -0.958879 0.0594819 128 128 128
1.89611 -0.985369 0.0595528 128 128 128
1.89622 -1.01516 0.0596945 128 128 128
1.87836 -1.03546 0.0596338 128 128 128
1.88813 -1.07125 0.059897 128 128 128
1.87571 -1.09484 0.0599071 128 128 128
1.86213 -1.11778 0.0599071 128 128 128
1.50095 -0.92651 0.055777 128 128 128
1.39485 -0.884938 0.0546433 128 128 128
1.39143 -0.906896 0.0547344 128 128 128
1.37521 -0.92057 0.0546736 128 128 128
1.36628 -0.939073 0.054704 128 128 128
1.87541 -1.32256 0.0611522 128 128 128
1.86796 -1.35192 0.0612635 128 128 128
1.86568 -1.38546 0.0614458 128 128 128
1.86764 -1.42279 0.0616887 128 128 128
1.84767 -1.44375 0.0616583 128 128 128
1.84153 -1.47569 0.0618102 128 128 128
1.82946 -1.50325 0.0618912 128 128 128
1.83077 -1.54233 0.0621543 128 128 128
1.81246 -1.56533 0.0621645 128 128 128
1.79611 -1.59011 0.062205 128 128 128
1.78239 -1.6174 0.0622859 128 128 128
1.7756 -1.6514 0.0624681 128 128 128
1.75809 -1.67583 0.0625086 128 128 128
1.75672 -1.71613 0.062782 128 128 128
1.74755 -1.74958 0.062954 128 128 128
1.7434 -1.78879 0.0632071 128 128 128
1.73304 -1.82236 0.0633792 128 128 128
1.71531 -1.84862 0.0634501 128 128 128
1.71667 -1.8962 0.0638145 128 128 128
1.70453 -1.92986 0.0639866 128 128 128
1.68856 -1.95972 0.064108 128 128 128
1.67082 -1.98794 0.0642093 128 128 128
1.66089 -2.02608 0.0644421 128 128 128
1.63965 -2.05099 0.0645028 128 128 128
1.61559 -2.07253 0.0645231 128 128 128
1.5973 -2.10175 0.0646445 128 128 128
1.58211 -2.13565 0.0648267 128 128 128
1.56105 -2.1622 0.0649178 128 128 128
1.53843 -2.18692 0.0649887 128 128 128
1.53524 -2.24026 0.0654139 128 128 128
1.51263 -2.26642 0.065505 128 128 128
1.49343 -2.29822 0.0656669 128 128 128
1.46779 -2.3206 0.0657175 128 128 128
1.4607 -2.37334 0.0661326 128 128 128
1.43661 -2.39966 0.0662338 128 128 128
1.41561 -2.4318 0.0664059 128 128 128
1.39799 -2.47074 0.066659 128 128 128
1.37045 -2.49297 0.0667197 128 128 128
1.35013 -2.529 0.0669424 128 128 128
1.32175 -2.5507 0.0670031 128 128 128
1.2908 -2.56762 0.0670133 128 128 128
1.26578 -2.59675 0.0671651 128 128 128
1.24536 -2.63649 0.0674384 128 128 128
1.21416 -2.6543 0.0674688 128 128 128
1.18879 -2.68546 0.067651 128 128 128
1.16008 -2.70995 0.0677623 128 128 128
1.14204 -2.76094 0.0681673 128 128 128
1.11401 -2.7896 0.0683292 128 128 128
1.08545 -2.81799 0.0684912 128 128 128
1.05602 -2.84516 0.068643 128 128 128
1.02911 -2.8805 0.068886 128 128 128
0.99986 -2.91088 0.0690783 128 128 128
0.967827 -2.93432 0.0691998 128 128 128
0.935973 -2.95932 0.0693415 128 128 128
0.902779 -2.98111 0.0694528 128 128 128
0.870862 -3.00829 0.0696249 128 128 128
0.836014 -3.02646 0.0697059 128 128 128
0.802379 -3.05003 0.0698476 128 128 128
0.765861 -3.06353 0.0698881 128 128 128
0.734216 -3.09799 0.0701513 128 128 128
0.700086 -3.12433 0.0703335 128 128 128
0.667076 -3.15812 0.0705967 128 128 128
0.631977 -3.1847 0.070789 128 128 128
0.594861 -3.20303 0.0709004 128 128 128
0.561492 -3.24457 0.0712547 128 128 128
0.522269 -3.25517 0.0712952 128 128 128
0.423759 -2.86667 0.0672562 128 128 128
0.358817 -2.65267 0.0650191 128 128 128
0.330275 -2.68963 0.0653531 128 128 128
0.368417 -3.33551 0.0718924 128 128 128
0.328339 -3.34874 0.0719835 128 128 128
0.288163 -3.36347 0.0720949 128 128 128
0.247528 -3.37573 0.072186 128 128 128
0.206635 -3.3875 0.0722771 128 128 128
0.166177 -3.41275 0.0725099 128 128 128
0.124763 -3.42752 0.0726415 128 128 128
0.0830847 -3.44479 0.0728035 128 128 128
0.0411969 -3.47755 0.0731274 128 128 128
-0.001482 -3.49879 0.07334 128 128 128
-0.0445529 -3.50951 0.0734513 128 128 128
-0.0876903 -3.51169 0.0734817 128 128 128
-0.13203 -3.54433 0.0738259 128 128 128
-0.175564 -3.54344 0.073836 128 128 128
-0.219709 -3.552 0.0739473 128 128 128
-0.264238 -3.562 0.0740789 128 128 128
-0.30956 -3.57742 0.0742713 128 128 128
-0.35383 -3.57733 0.0743117 128 128 128
-0.398805 -3.58266 0.074413 128 128 128
-0.444331 -3.59039 0.0745446 128 128 128
-0.172007 -1.25618 0.0507561 128 128 128
-0.184621 -1.23518 0.0505638 128 128 128
-0.199765 -1.23283 0.0505638 128 128 128
-0.21334 -1.22141 0.0504727 128 128 128
-0.228495 -1.21969 0.0504828 128 128 128
-0.243641 -1.21777 0.050493 128 128 128
-0.258773 -1.21567 0.0505031 128 128 128
-0.272138 -1.20557 0.0504322 128 128 128
-0.869949 -3.65672 0.0759719 128 128 128
-0.912813 -3.63801 0.0758909 128 128 128
-0.96376 -3.65071 0.076144 128 128 128
-1.01142 -3.6492 0.0762553 128 128 128
-1.06003 -3.64996 0.076397 128 128 128
-1.10764 -3.64625 0.0764983 128 128 128
-1.15653 -3.64573 0.07664 128 128 128
-1.20212 -3.63411 0.0766703 128 128 128
-1.24663 -3.61908 0.0766703 128 128 128
-1.29735 -3.6214 0.0768627 128 128 128
-1.34204 -3.60614 0.0768728 128 128 128
-1.38691 -3.59127 0.076893 128 128 128
-1.43533 -3.58512 0.0770145 128 128 128
-1.47999 -3.56909 0.0770348 128 128 128
-1.52485 -3.55341 0.0770651 128 128 128
-1.5724 -3.54357 0.0771664 128 128 128
-1.61618 -3.52492 0.0771765 128 128 128
-1.65803 -3.50211 0.0771461 128 128 128
-1.71624 -3.51295 0.0775004 128 128 128
-1.75922 -3.49163 0.0775004 128 128 128
-1.80838 -3.4822 0.0776421 128 128 128
-1.86182 -3.48003 0.077875 128 128 128
-1.90438 -3.45692 0.077875 128 128 128
-1.94715 -3.43416 0.0778851 128 128 128
-1.99469 -3.41951 0.0779964 128 128 128
-2.04781 -3.41364 0.0782191 128 128 128
-2.09112 -3.39081 0.0782495 128 128 128
-2.13204 -3.36405 0.0782394 128 128 128
-2.17916 -3.34685 0.0783507 128 128 128
-2.22062 -3.32069 0.0783608 128 128 128
-2.26177 -3.29401 0.078371 128 128 128
-2.30721 -3.27337 0.0784621 128 128 128
-2.34837 -3.24643 0.0784823 128 128 128
-2.39459 -3.2262 0.0785937 128 128 128
-2.4346 -3.19737 0.0786038 128 128 128
-2.47181 -3.16489 0.0785734 128 128 128
-2.52108 -3.14759 0.0787455 128 128 128
-2.55762 -3.11409 0.0787151 128 128 128
-2.59628 -3.08324 0.0787253 128 128 128
-2.62805 -3.04433 0.0786342 128 128 128
-2.67316 -3.02084 0.0787556 128 128 128
-2.71002 -2.98781 0.0787556 128 128 128
-2.739 -2.94627 0.0786443 128 128 128
-2.7846 -2.92258 0.078786 128 128 128
-2.82794 -2.89606 0.0788974 128 128 128
-2.85549 -2.85336 0.078786 128 128 128
-2.89243 -2.8202 0.0788164 128 128 128
-2.92393 -2.78173 0.0787759 128 128 128
-2.95858 -2.74632 0.078786 128 128 128
-2.99057 -2.70847 0.0787658 128 128 128
-3.0071 -2.65699 0.0785431 128 128 128
-3.05311 -2.63164 0.0787253 128 128 128
-0.917489 -0.770193 0.0500476 128 128 128
-0.899043 -0.736041 0.0496831 128 128 128
-3.1198 -2.49499 0.0783608 128 128 128
-0.942851 -0.734056 0.0500172 128 128 128
-3.18885 -2.42434 0.0784722 128 128 128
-3.22237 -2.388 0.0785228 128 128 128
-3.23928 -2.33949 0.078371 128 128 128
-3.27755 -2.30647 0.0784924 128 128 128
-3.29572 -2.25929 0.078371 128 128 128
-3.32485 -2.21979 0.0783912 128 128 128
-3.33927 -2.17064 0.0782394 128 128 128
-3.35636 -2.12362 0.078128 128 128 128
-3.366 -2.0723 0.0779357 128 128 128
-3.39718 -2.03444 0.0780066 128 128 128
-3.40979 -1.98555 0.0778648 128 128 128
-3.41911 -1.93518 0.0776927 128 128 128
-3.49254 -1.65019 0.0770246 128 128 128
-3.51162 -1.60679 0.0770145 128 128 128
-2.5878 1.13913 -0.00188904 128 128 128
-2.5518 1.16084 -0.00154557 128 128 128
-2.41798 1.20912 -0.000114452 128 128 128
-1.71291 0.881715 0.0110054 128 128 128
-1.70726 0.90549 0.0109195 128 128 128
-1.7153 0.936957 0.0106046 128 128 128
-1.68713 0.948591 0.0108766 128 128 128
-2.28741 1.32497 0.00074422 128 128 128
-1.65562 0.985092 0.0110054 128 128 128
-2.19821 1.3837 0.00140253 128 128 128
-2.1517 1.39153 0.00190343 128 128 128
-2.12698 1.41284 0.00203223 128 128 128
-2.10783 1.4377 0.00206085 128 128 128
-2.06385 1.44507 0.00251881 128 128 128
-2.03866 1.46502 0.00264761 128 128 128
-1.99641 1.47209 0.00307695 128 128 128
-1.94873 1.47411 0.00360646 128 128 128
-1.92576 1.49423 0.00369233 128 128 128
-1.28685 1.02239 0.0150554 128 128 128
-1.26183 1.02797 0.0152844 128 128 128
-1.27669 1.06652 0.0147692 128 128 128
-1.29913 1.11276 0.0140966 128 128 128
-1.78926 1.57312 0.00447945 128 128 128
-1.7587 1.5849 0.00469412 128 128 128
-1.72225 1.59073 0.00502327 128 128 128
-1.68448 1.59453 0.00538105 128 128 128
-1.65547 1.60601 0.0055671 128 128 128
-1.62218 1.61279 0.00583901 128 128 128
-1.58549 1.61542 0.00618248 128 128 128
-1.54346 1.61161 0.00664044 128 128 128
-1.51403 1.62018 0.0068408 128 128 128
-1.49134 1.63568 0.00689804 128 128 128
-1.45192 1.63216 0.00731307 128 128 128
-1.43048 1.64834 0.00734169 128 128 128
-1.40692 1.66195 0.00741325 128 128 128
-1.38451 1.67677 0.00745618 128 128 128
-1.33943 1.66322 0.00801432 128 128 128
-1.32446 1.68662 0.00788552 128 128 128
-1.29275 1.68843 0.00814312 128 128 128
-1.25821 1.68571 0.00847227 128 128 128
-1.22804 1.68807 0.00870125 128 128 128
-1.19166 1.68096 0.00908766 128 128 128
-1.17208 1.69711 0.00905903 128 128 128
-1.1289 1.67813 0.00963148 128 128 128
-1.10604 1.68851 0.00968873 128 128 128
-1.0713 1.68001 0.0100608 128 128 128
-1.0443 1.68282 0.0102326 128 128 128
-1.01739 1.68522 0.0104043 128 128 128
-0.995119 1.69499 0.0104472 128 128 128
-0.965354 1.69143 0.0107048 128 128 128
-0.941626 1.69789 0.0107907 128 128 128
-0.921664 1.71108 0.0107621 128 128 128
-0.890905 1.70364 0.0110626 128 128 128
-0.86182 1.69837 0.0113202 128 128 128
-0.841353 1.70972 0.0113059 128 128 128
-0.819452 1.71811 0.0113345 128 128 128
-0.787453 1.70441 0.0117066 128 128 128
-0.764852 1.71029 0.0117639 128 128 128
-0.742227 1.71588 0.0118211 128 128 128
-0.712672 1.70454 0.0121359 128 128 128
-0.684999 1.69646 0.0123935 128 128 128
-0.660158 1.69448 0.012551 128 128 128
-0.638266 1.69964 0.0125939 128 128 128
-0.607222 1.67911 0.0130232 128 128 128
-0.587224 1.68833 0.0129946 128 128 128
-0.562369 1.68307 0.0131807 128 128 128
-0.534096 1.66602 0.0135384 128 128 128
-0.50924 1.6581 0.0137531 128 128 128
-0.49221 1.67575 0.0135814 128 128 128
-0.465181 1.65854 0.0139248 128 128 128
-0.443769 1.66026 0.0139821 128 128 128
-0.423362 1.66558 0.0139821 128 128 128
-0.401266 1.66384 0.0140823 128 128 128
-0.377294 1.65303 0.0143112 128 128 128
-0.357188 1.65852 0.0142969 128 128 128
-0.334454 1.65101 0.0144687 128 128 128
-0.313985 1.65401 0.014483 128 128 128
-0.292803 1.65281 0.0145545 128 128 128
-0.271539 1.65036 0.0146404 128 128 128
-0.249491 1.6417 0.0148121 128 128 128
-0.228376 1.6377 0.0149123 128 128 128
-0.208014 1.6384 0.0149409 128 128 128
-0.185666 1.62095 0.0152272 128 128 128
-0.165165 1.61714 0.015313 128 128 128
-0.144438 1.60908 0.0154561 128 128 128
-0.123859 1.59977 0.0156136 128 128 128
-0.104281 1.60216 0.0155993 128 128 128
-0.08421 1.59533 0.0157137 128 128 128
-0.0646644 1.59725 0.0156994 128 128 128
-0.0448789 1.59092 0.0157996 128 128 128
-0.0250565 1.56936 0.0161145 128 128 128
-0.00577973 1.55555 0.0163148 128 128 128
0.0133984 1.5635 0.0162003 128 128 128
0.0323504 1.55322 0.0163434 128 128 128
0.0515865 1.55771 0.0162719 128 128 128
0.0700755 1.54397 0.0164579 128 128 128
0.0885361 1.53501 0.0165724 128 128 128
0.10657 1.52284 0.0167298 128 128 128
0.124488 1.51245 0.0168586 128 128 128
0.142942 1.50981 0.016873 128 128 128
0.160914 1.50297 0.0169445 128 128 128
0.177891 1.48898 0.0171162 128 128 128
0.196283 1.48767 0.0171019 128 128 128
0.213068 1.47526 0.017245 128 128 128
0.231472 1.47451 0.0172164 128 128 128
0.2487 1.46663 0.017288 128 128 128
0.266497 1.46248 0.0173023 128 128 128
0.284036 1.45714 0.0173309 128 128 128
0.301484 1.45159 0.0173595 128 128 128
0.317095 1.43802 0.0175026 128 128 128
0.333339 1.42818 0.0175885 128 128 128
0.353258 1.43369 0.0174454 128 128 128
0.368795 1.42151 0.0175599 128 128 128
0.384087 1.40916 0.0176744 128 128 128
0.399687 1.39858 0.0177603 128 128 128
0.417687 1.39644 0.0177173 128 128 128
0.435393 1.39312 0.0176887 128 128 128
0.453706 1.39147 0.0176314 128 128 128
0.466858 1.37445 0.0178032 128 128 128
0.483353 1.36767 0.0178175 128 128 128
0.498364 1.35695 0.0178891 128 128 128
0.513902 1.34793 0.017932 128 128 128
0.531515 1.34431 0.0178891 128 128 128
0.545683 1.33214 0.0179749 128 128 128
0.560025 1.32075 0.0180465 128 128 128
0.576998 1.3156 0.0180179 128 128 128
0.591853 1.3057 0.0180608 128 128 128
0.608685 1.30014 0.0180322 128 128 128
0.622406 1.28808 0.0181037 128 128 128
0.63682 1.27766 0.0181467 128 128 128
0.658424 1.2813 0.0179606 128 128 128
0.670335 1.26606 0.0180751 128 128 128
0.688708 1.263 0.0179892 128 128 128
0.698745 1.24488 0.0181467 128 128 128
0.709949 1.22929 0.0182611 128 128 128
0.724468 1.21963 0.0182755 128 128 128
0.73938 1.21065 0.0182755 128 128 128
0.757919 1.2074 0.0181753 128 128 128
0.7754 1.2022 0.0181037 128 128 128
0.779558 1.17679 0.0183756 128 128 128
0.794505 1.16796 0.0183613 128 128 128
0.816825 1.16958 0.018161 128 128 128
0.828777 1.15622 0.0182182 128 128 128
0.843498 1.14677 0.0182039 128 128 128
0.859925 1.13952 0.0181467 128 128 128
0.873844 1.12888 0.0181467 128 128 128
0.873282 1.1001 0.0184758 128 128 128
0.899384 1.10477 0.0181896 128 128 128
0.906445 1.08599 0.0183327 128 128 128
0.926226 1.08237 0.0181896 128 128 128
0.9401 1.07167 0.0181753 128 128 128
0.952509 1.05931 0.0181896 128 128 128
0.95932 1.04094 0.0183184 128 128 128
0.978219 1.03561 0.0181896 128 128 128
0.990854 1.02353 0.0181896 128 128 128
1.0097 1.01767 0.0180608 128 128 128
1.02354 1.0066 0.0180322 128 128 128
1.03364 0.99189 0.0180751 128 128 128
1.05086 0.983901 0.0179749 128 128 128
1.06804 0.975638 0.0178747 128 128 128
1.07544 0.958479 0.0179606 128 128 128
1.08031 0.939323 0.0180894 128 128 128
1.09099 0.925351 0.0181037 128 128 128
1.10458 0.913799 0.0180608 128 128 128
1.11961 0.903303 0.0179892 128 128 128
1.1314 0.890112 0.0179749 128 128 128
1.14224 0.876161 0.0179749 128 128 128
1.1529 0.862078 0.0179749 128 128 128
1.16664 0.850212 0.0179177 128 128 128
1.18352 0.840445 0.0178032 128 128 128
1.19044 0.823592 0.0178604 128 128 128
1.20129 0.809478 0.0178461 128 128 128
1.2036 0.789759 0.0179749 128 128 128
1.20813 0.771714 0.0180608 128 128 128
1.22517 0.76156 0.017932 128 128 128
1.24813 0.754709 0.017703 128 128 128
1.25471 0.737822 0.0177459 128 128 128
1.26715 0.724344 0.0176887 128 128 128
1.28032 0.711156 0.0176171 128 128 128
1.29071 0.696335 0.0175885 128 128 128
1.30182 0.681829 0.0175456 128 128 128
1.31098 0.666252 0.0175313 128 128 128
1.32086 0.650994 0.0175026 128 128 128
1.32604 0.63345 0.0175456 128 128 128
1.34552 0.622557 0.0173595 128 128 128
1.35215 0.605592 0.0173738 128 128 128
1.36774 0.592509 0.017245 128 128 128
1.37122 0.574145 0.0173023 128 128 128
1.38744 0.560999 0.0171592 128 128 128
1.38956 0.542126 0.0172307 128 128 128
1.40454 0.528178 0.0171019 128 128 128
1.40715 0.509551 0.0171592 128 128 128
1.43031 0.498119 0.0169016 128 128 128
1.43821 0.481159 0.016873 128 128 128
1.45354 0.466505 0.0167298 128 128 128
1.47254 0.452712 0.0165295 128 128 128
1.47895 0.434887 0.0165152 128 128 128
1.49188 0.418848 0.0164007 128 128 128
1.49884 0.401021 0.0163721 128 128 128
1.5085 0.383818 0.0163005 128 128 128
1.51504 0.365742 0.0162719 128 128 128
1.53794 0.351307 0.016 128 128 128
1.54898 0.333865 0.0158998 128 128 128
1.55395 0.315028 0.0158855 128 128 128
1.57047 0.298329 0.0156994 128 128 128
1.57894 0.279895 0.0156279 128 128 128
1.59212 0.262098 0.0154848 128 128 128
1.60115 0.243428 0.0153989 128 128 128
1.60897 0.22444 0.0153273 128 128 128
1.62848 0.206779 0.0150841 128 128 128
1.63785 0.187559 0.0149839 128 128 128
1.64301 0.167744 0.0149409 128 128 128
1.64793 0.14783 0.014898 128 128 128
1.66159 0.128493 0.0147263 128 128 128
1.66603 0.10828 0.0146833 128 128 128
1.67622 0.0882794 0.0145545 128 128 128
1.67618 0.0676649 0.0145688 128 128 128
1.67988 0.0471676 0.0145259 128 128 128
1.69233 0.0267107 0.0143542 128 128 128
1.69753 0.00594701 0.0142826 128 128 128
1.69948 -0.014907 0.014254 128 128 128
1.70417 -0.0358779 0.0141824 128 128 128
1.71659 -0.0572511 0.0139964 128 128 128
1.72275 -0.0786471 0.0138962 128 128 128
1.72265 -0.0998421 0.0138819 128 128 128
1.73725 -0.122132 0.0136529 128 128 128
1.73861 -0.143696 0.01361 128 128 128
1.75364 -0.166667 0.0133667 128 128 128
1.76537 -0.1897 0.0131664 128 128 128
1.75894 -0.210865 0.0132236 128 128 128
1.78496 -0.236303 0.0128086 128 128 128
1.78588 -0.258771 0.0127513 128 128 128
1.79343 -0.282402 0.0125939 128 128 128
1.80659 -0.307275 0.0123506 128 128 128
1.79973 -0.328876 0.0123935 128 128 128
1.80831 -0.353457 0.0122075 128 128 128
1.81851 -0.378711 0.0119928 128 128 128
1.83715 -0.406228 0.0116494 128 128 128
1.83786 -0.430122 0.0115635 128 128 128
1.84215 -0.455061 0.0114204 128 128 128
1.84416 -0.479662 0.0113059 128 128 128
1.84103 -0.503054 0.011263 128 128 128
1.85393 -0.531155 0.0109767 128 128 128
1.84919 -0.554444 0.0109481 128 128 128
1.84701 -0.578599 0.0108766 128 128 128
1.84737 -0.603721 0.0107621 128 128 128
1.85401 -0.631208 0.0105474 128 128 128
1.85837 -0.658277 0.0103614 128 128 128
1.8539 -0.682422 0.0103041 128 128 128
1.85846 -0.710143 0.0101038 128 128 128
1.87282 -0.742151 0.00974597 128 128 128
1.87651 -0.770419 0.00954561 128 128 128
1.86048 -0.790639 0.00964579 128 128 128
1.88357 -0.827958 0.00913059 128 128 128
1.88782 -0.857655 0.00890161 128 128 128
1.89795 -0.890565 0.00857245 128 128 128
1.88688 -0.913789 0.00857245 128 128 128
1.8925 -0.945397 0.00830054 128 128 128
1.8852 -0.970847 0.00822898 128 128 128
1.8855 -1.00049 0.00802863 128 128 128
1.89412 -1.0351 0.00768516 128 128 128
1.88649 -1.06122 0.00759929 128 128 128
1.87679 -1.0863 0.00754205 128 128 128
1.86846 -1.11233 0.00745618 128 128 128
1.85979 -1.13831 0.00737031 128 128 128
1.40607 -0.883396 0.0148121 128 128 128
1.38506 -0.894053 0.0149839 128 128 128
1.3848 -0.918192 0.0147978 128 128 128
1.36518 -0.929469 0.0149409 128 128 128
1.35448 -0.946727 0.0149266 128 128 128
1.84076 -1.32233 0.00613955 128 128 128
1.86056 -1.37158 0.00549554 128 128 128
1.84678 -1.39673 0.0054383 128 128 128
1.83581 -1.4242 0.00532381 128 128 128
1.82601 -1.45286 0.00518069 128 128 128
1.82584 -1.48973 0.00485154 128 128 128
1.8212 -1.52359 0.00459393 128 128 128
1.81526 -1.55692 0.00435065 128 128 128
1.80051 -1.58304 0.00426478 128 128 128
1.78614 -1.60971 0.0041646 128 128 128
1.77359 -1.63831 0.00402149 128 128 128
1.75625 -1.6627 0.00396424 128 128 128
1.75792 -1.70575 0.0035206 128 128 128
1.73403 -1.72437 0.00357784 128 128 128
1.71344 -1.74624 0.00356353 128 128 128
1.71466 -1.791 0.00309126 128 128 128
1.71436 -1.83532 0.0026333 128 128 128
1.69977 -1.86511 0.00246157 128 128 128
1.69533 -1.90678 0.00206085 128 128 128
1.68096 -1.93803 0.0018605 128 128 128
1.6622 -1.96462 0.00174601 128 128 128
1.65195 -2.00186 0.00143116 128 128 128
1.63664 -2.03368 0.00121649 128 128 128
1.61711 -2.0607 0.00108769 128 128 128
1.6014 -2.09311 0.000858709 128 128 128
1.58394 -2.12384 0.000658352 128 128 128
1.56304 -2.1504 0.000529554 128 128 128
1.53308 -2.16452 0.000615418 128 128 128
1.5251 -2.21036 0.000143148 128 128 128
1.51121 -2.24884 -0.00020032 128 128 128
1.48951 -2.27643 -0.000357743 128 128 128
1.47111 -2.30973 -0.000615343 128 128 128
1.45264 -2.34377 -0.000887256 128 128 128
1.4351 -2.38028 -0.0012021 128 128 128
1.41739 -2.41757 -0.00153126 128 128 128
1.39255 -2.44347 -0.00167437 128 128 128
1.37599 -2.48489 -0.00207509 128 128 128
1.34681 -2.50423 -0.00211802 128 128 128
1.32244 -2.53299 -0.00231838 128 128 128
1.29982 -2.56598 -0.00259029 128 128 128
1.27307 -2.59162 -0.00274771 128 128 128
1.24631 -2.61789 -0.00291945 128 128 128
1.21785 -2.64116 -0.00304825 128 128 128
1.19063 -2.66779 -0.0032343 128 128 128
1.16373 -2.69597 -0.00344896 128 128 128
1.13056 -2.71005 -0.00344896 128 128 128
1.11472 -2.76734 -0.00412159 128 128 128
1.08537 -2.79293 -0.00430764 128 128 128
1.05765 -2.82384 -0.00457955 128 128 128
1.03171 -2.86107 -0.00495164 128 128 128
1.00141 -2.88769 -0.00516631 128 128 128
0.969994 -2.9121 -0.00535236 128 128 128
0.942066 -2.94856 -0.00572445 128 128 128
0.909016 -2.97042 -0.00588187 128 128 128
0.875013 -2.98999 -0.00601067 128 128 128
0.843879 -3.02074 -0.00631121 128 128 128
0.806747 -3.03086 -0.00631121 128 128 128
0.773642 -3.05702 -0.0065545 128 128 128
0.740713 -3.08573 -0.00684072 128 128 128
0.705434 -3.1063 -0.00701246 128 128 128
0.671426 -3.13428 -0.00729868 128 128 128
0.636053 -3.15797 -0.00752766 128 128 128
0.603698 -3.19993 -0.00802855 128 128 128
0.56731 -3.22385 -0.00827184 128 128 128
0.530586 -3.24833 -0.00852944 128 128 128
0.49098 -3.25658 -0.00855807 128 128 128
0.39275 -2.83737 -0.00241856 128 128 128
0.33776 -2.68024 -8.58307e-05 128 128 128
0.32389 -2.8541 -0.00253305 128 128 128
0.337737 -3.34838 -0.00958847 128 128 128
0.297404 -3.36124 -0.00971727 128 128 128
0.256209 -3.36563 -0.00973159 128 128 128
0.215763 -3.38249 -0.00993194 128 128 128
0.175193 -3.40386 -0.0102039 128 128 128
0.133637 -3.41175 -0.0102897 128 128 128
0.0924026 -3.43812 -0.0106475 128 128 128
0.0504736 -3.45899 -0.0109337 128 128 128
0.00802613 -3.46235 -0.0109767 128 128 128
-0.0347069 -3.48419 -0.0112915 128 128 128
-0.0780213 -3.50749 -0.011635 128 128 128
-0.121984 -3.53225 -0.0120071 128 128 128
-0.166326 -3.55146 -0.0123076 128 128 128
-0.210618 -3.56113 -0.0124793 128 128 128
-0.255171 -3.57024 -0.0126511 128 128 128
-0.299979 -3.5788 -0.0128228 128 128 128
-0.344165 -3.57783 -0.0128657 128 128 128
-0.389135 -3.58328 -0.0130089 128 128 128
-0.435745 -3.60007 -0.0133237 128 128 128
-0.48029 -3.59742 -0.0133666 128 128 128
-0.525856 -3.60115 -0.0135097 128 128 128
-0.190948 -1.22075 0.0208944 128 128 128
-0.206593 -1.22226 0.0208372 128 128 128
-0.221213 -1.21766 0.0208658 128 128 128
-0.23769 -1.2227 0.0207513 128 128 128
-0.252471 -1.21872 0.0207656 128 128 128
-0.266972 -1.21357 0.0207942 128 128 128
-0.281844 -1.21021 0.0207942 128 128 128
-0.90725 -3.65646 -0.0153416 128 128 128
-0.95738 -3.66536 -0.0156421 128 128 128
-1.00255 -3.6543 -0.0156564 128 128 128
-1.0501 -3.65133 -0.0157995 128 128 128
-1.10118 -3.65922 -0.0161144 128 128 128
-1.14781 -3.65116 -0.0162003 128 128 128
-1.19347 -3.63965 -0.0162432 128 128 128
-1.24161 -3.63513 -0.0164006 128 128 128
-1.28847 -3.62621 -0.0165008 128 128 128
-1.33635 -3.6195 -0.0166439 128 128 128
-1.37779 -3.59537 -0.0165294 128 128 128
-1.42958 -3.59769 -0.0168299 128 128 128
-1.47019 -3.57156 -0.0167011 128 128 128
-1.52216 -3.57256 -0.0170017 128 128 128
-1.56791 -3.55819 -0.0170732 128 128 128
-1.61021 -3.53595 -0.0170303 128 128 128
-1.66286 -3.53582 -0.0173451 128 128 128
-1.71181 -3.52684 -0.0175312 128 128 128
-1.75451 -3.50467 -0.0175169 128 128 128
-1.80428 -3.4962 -0.0177316 128 128 128
-1.85787 -3.49409 -0.0180607 128 128 128
-1.90109 -3.4719 -0.018075 128 128 128
-1.94355 -3.44831 -0.018075 128 128 128
-1.99124 -3.43371 -0.0182324 128 128 128
-2.0399 -3.42017 -0.0184185 128 128 128
-2.08591 -3.4017 -0.018533 128 128 128
-2.12856 -3.37753 -0.0185616 128 128 128
-2.18237 -3.37045 -0.0188908 128 128 128
-2.21746 -3.33426 -0.0187333 128 128 128
-2.26612 -3.31835 -0.0189337 128 128 128
-2.30495 -3.28784 -0.0188908 128 128 128
-2.3457 -3.26012 -0.0189051 128 128 128
-2.38672 -3.2327 -0.0189337 128 128 128
-2.43407 -3.21352 -0.0191197 128 128 128
-2.47209 -3.18183 -0.0190911 128 128 128
-2.51095 -3.15125 -0.0190911 128 128 128
-2.55894 -3.13181 -0.0193058 128 128 128
-2.59589 -3.09864 -0.0192772 128 128 128
-2.63503 -3.06806 -0.0193058 128 128 128
-2.67314 -3.03625 -0.0193201 128 128 128
-2.71891 -3.01286 -0.0195061 128 128 128
-2.74141 -2.96386 -0.0192056 128 128 128
-2.79754 -2.95102 -0.0196206 128 128 128
-2.82936 -2.91217 -0.0195348 128 128 128
-2.86842 -2.88077 -0.0196063 128 128 128
-2.89783 -2.83976 -0.0194918 128 128 128
-2.94114 -2.81227 -0.0196636 128 128 128
-2.96885 -2.76983 -0.0195348 128 128 128
-3.00261 -2.73319 -0.0195348 128 128 128
-3.0247 -2.68619 -0.0193201 128 128 128
-3.05744 -2.64887 -0.0193201 128 128 128
-0.896089 -0.760961 0.0217531 128 128 128
-0.920031 -0.761976 0.0214812 128 128 128
-3.17548 -2.55269 -0.0197351 128 128 128
-0.951054 -0.749026 0.0212522 128 128 128
-3.23161 -2.46974 -0.0196349 128 128 128
-3.23278 -2.40842 -0.0191197 128 128 128
-3.25967 -2.36681 -0.0190768 128 128 128
-3.27703 -2.31856 -0.0188764 128 128 128
-3.311 -2.28214 -0.0189766 128 128 128
-3.31301 -2.22408 -0.018533 128 128 128
-3.36099 -2.19691 -0.0188908 128 128 128
-3.37925 -2.15015 -0.0187477 128 128 128
-3.40113 -2.10589 -0.0186761 128 128 128
-3.43786 -2.07069 -0.0188621 128 128 128
-3.47251 -2.03389 -0.0190196 128 128 128
-3.35027 -1.90766 -0.016601 128 128 128
-3.50426 -1.82782 -0.0179892 128 128 128
-3.51214 -1.77747 -0.0177602 128 128 128
-3.5292 -1.73204 -0.0176886 128 128 128
-3.54477 -1.68603 -0.0176028 128 128 128
-3.56792 -1.64366 -0.0176457 128 128 128
-3.56217 -1.53625 -0.0169444 128 128 128
-3.58168 -1.4928 -0.0169587 128 128 128
-2.23295 1.37813 -0.0633835 128 128 128
-2.19054 1.38938 -0.0622109 128 128 128
-2.05471 1.41196 -0.0582633 128 128 128
-2.05683 1.45088 -0.0592013 128 128 128
-1.87288 1.35598 -0.0511888 128 128 128
-1.87164 1.42634 -0.0527913 128 128 128
-1.29716 1.01445 -0.0251579 128 128 128
-1.30567 1.04715 -0.0262132 128 128 128
-1.29427 1.06436 -0.0262914 128 128 128
-1.30175 1.09754 -0.0273467 128 128 128
-1.80184 1.55671 -0.0538857 128 128 128
-1.77586 1.57275 -0.0535339 128 128 128
-1.74162 1.581 -0.0527522 128 128 128
-1.70892 1.59 -0.0520487 128 128 128
-1.68493 1.60672 -0.0518142 128 128 128
-1.64292 1.60564 -0.0506025 128 128 128
-1.61179 1.61437 -0.0499772 128 128 128
-1.47026 1.62487 -0.0464595 128 128 128
-1.45418 1.64728 -0.046694 128 128 128
-1.42798 1.65819 -0.0463422 128 128 128
-1.38373 1.64729 -0.0448961 128 128 128
-1.36531 1.66647 -0.0450133 128 128 128
-1.33602 1.67217 -0.0444661 128 128 128
-1.30925 1.68056 -0.0440753 128 128 128
-1.28006 1.68537 -0.0435281 128 128 128
-1.24798 1.6857 -0.0427855 128 128 128
-1.22252 1.6944 -0.0424728 128 128 128
-1.19646 1.70192 -0.042121 128 128 128
-1.15966 1.69341 -0.0410266 128 128 128
-1.13601 1.70335 -0.0408312 128 128 128
-1.10086 1.69539 -0.039815 128 128 128
-1.06715 1.6885 -0.0388769 128 128 128
-1.04478 1.69892 -0.0387597 128 128 128
-1.01615 1.69875 -0.0381734 128 128 128
-0.987679 1.69815 -0.0375871 128 128 128
-0.960366 1.69883 -0.037079 128 128 128
-0.936075 1.70436 -0.0368054 128 128 128
-0.909439 1.70515 -0.0363364 128 128 128
-0.879706 1.69932 -0.0355937 128 128 128
-0.857439 1.70731 -0.0354765 128 128 128
-0.835985 1.71681 -0.0354374 128 128 128
-0.807595 1.71158 -0.0347729 128 128 128
-0.779044 1.70501 -0.0340694 128 128 128
-0.756848 1.7117 -0.0339522 128 128 128
-0.734999 1.71902 -0.033874 128 128 128
-0.702765 1.70114 -0.0327405 128 128 128
-0.676274 1.69571 -0.0321542 128 128 128
-0.653976 1.70015 -0.0319979 128 128 128
-0.626453 1.69025 -0.0312553 128 128 128
-0.607346 1.70252 -0.0314507 128 128 128
-0.576337 1.68055 -0.030239 128 128 128
-0.552851 1.67896 -0.0298873 128 128 128
-0.530397 1.6799 -0.0296528 128 128 128
-0.503655 1.6662 -0.028832 128 128 128
-0.482336 1.66938 -0.0287147 128 128 128
-0.456754 1.65687 -0.0279721 128 128 128
-0.435879 1.66042 -0.0278939 128 128 128
-0.412316 1.65304 -0.0273858 128 128 128
-0.390616 1.65214 -0.0271513 128 128 128
-0.370093 1.65584 -0.0271122 128 128 128
-0.349126 1.65732 -0.0269949 128 128 128
-0.327983 1.65756 -0.0268386 128 128 128
-0.30579 1.65164 -0.0264477 128 128 128
-0.284646 1.65034 -0.0262523 128 128 128
-0.261995 1.63891 -0.025666 128 128 128
-0.241716 1.64101 -0.025627 128 128 128
-0.220486 1.63594 -0.0253143 128 128 128
-0.199662 1.63257 -0.0250798 128 128 128
-0.178513 1.62496 -0.0246889 128 128 128
-0.157875 1.62007 -0.0244153 128 128 128
-0.137897 1.62089 -0.0243762 128 128 128
-0.11719 1.6115 -0.0239463 128 128 128
-0.0968557 1.60384 -0.0235945 128 128 128
-0.0766787 1.59493 -0.0232037 128 128 128
-0.0565157 1.57977 -0.0225783 128 128 128
-0.0373683 1.59033 -0.0229691 128 128 128
-0.0178135 1.58767 -0.0228519 128 128 128
0.00166687 1.56879 -0.0221093 128 128 128
0.0209057 1.56765 -0.0220702 128 128 128
0.0395231 1.5423 -0.021093 128 128 128
0.0587055 1.54869 -0.0213666 128 128 128
0.077312 1.53987 -0.021054 128 128 128
0.0957108 1.53083 -0.0207413 128 128 128
0.114121 1.52455 -0.0205459 128 128 128
0.132563 1.52005 -0.0204286 128 128 128
0.150028 1.50638 -0.0199596 128 128 128
0.167178 1.49251 -0.0194905 128 128 128
0.185481 1.49034 -0.0194905 128 128 128
0.203082 1.483 -0.0192951 128 128 128
0.221559 1.48238 -0.0193733 128 128 128
0.23878 1.47363 -0.0191388 128 128 128
0.256333 1.46763 -0.0190215 128 128 128
0.27414 1.46339 -0.0189824 128 128 128
0.291492 1.45698 -0.0188652 128 128 128
0.305621 1.4357 -0.0181616 128 128 128
0.323873 1.43476 -0.0182789 128 128 128
0.342842 1.43651 -0.0185134 128 128 128
0.358987 1.42638 -0.0182789 128 128 128
0.37366 1.41124 -0.017849 128 128 128
0.390417 1.40463 -0.0177708 128 128 128
0.407346 1.39877 -0.0177317 128 128 128
0.422448 1.38697 -0.0174581 128 128 128
0.439437 1.38168 -0.0174581 128 128 128
0.45385 1.3686 -0.0171454 128 128 128
0.474839 1.37521 -0.0176535 128 128 128
0.488984 1.36175 -0.0173408 128 128 128
0.501478 1.34441 -0.0168718 128 128 128
0.519737 1.34281 -0.0170672 128 128 128
0.536548 1.33726 -0.0171063 128 128 128
0.553683 1.33242 -0.0171845 128 128 128
0.567628 1.32002 -0.01695 128 128 128
0.583784 1.31295 -0.01695 128 128 128
0.598187 1.30206 -0.0167937 128 128 128
0.616258 1.29914 -0.0169891 128 128 128
0.631715 1.29058 -0.01695 128 128 128
0.647055 1.28184 -0.0169109 128 128 128
0.658593 1.26582 -0.0165591 128 128 128
0.673135 1.25588 -0.016481 128 128 128
0.688014 1.24665 -0.0164419 128 128 128
0.704738 1.24072 -0.0165591 128 128 128
0.718401 1.22939 -0.0164419 128 128 128
0.728808 1.21277 -0.0160901 128 128 128
0.745209 1.20628 -0.0162074 128 128 128
0.762629 1.20127 -0.0164028 128 128 128
0.774588 1.18763 -0.0162074 128 128 128
0.785216 1.17222 -0.0159338 128 128 128
0.80237 1.16662 -0.0161292 128 128 128
0.816625 1.15668 -0.0161292 128 128 128
0.832515 1.149 -0.0162465 128 128 128
0.844766 1.13629 -0.0161292 128 128 128
0.859857 1.12743 -0.0162074 128 128 128
0.868708 1.11049 -0.0158947 128 128 128
0.887266 1.10599 -0.0162074 128 128 128
0.898235 1.09193 -0.016051 128 128 128
0.916715 1.08694 -0.0163637 128 128 128
0.930638 1.07636 -0.0164028 128 128 128
0.940466 1.06112 -0.0162074 128 128 128
0.954088 1.05024 -0.0162465 128 128 128
0.969625 1.04138 -0.0164028 128 128 128
0.978196 1.02506 -0.0161683 128 128 128
0.999776 1.02228 -0.0166764 128 128 128
1.00518 1.00287 -0.0162855 128 128 128
1.02385 0.996735 -0.0166373 128 128 128
1.02804 0.976519 -0.0162074 128 128 128
1.05166 0.974708 -0.0168327 128 128 128
1.05244 0.951666 -0.0162465 128 128 128
1.07452 0.947944 -0.0167937 128 128 128
1.0838 0.932729 -0.0166764 128 128 128
1.09363 0.918073 -0.0165982 128 128 128
1.111 0.909653 -0.0169109 128 128 128
1.11739 0.892205 -0.0166764 128 128 128
1.12826 0.878426 -0.0166764 128 128 128
1.13816 0.86391 -0.0166373 128 128 128
1.1551 0.854638 -0.01695 128 128 128
1.16388 0.839229 -0.0168718 128 128 128
1.17327 0.824308 -0.0168327 128 128 128
1.19236 0.816064 -0.0172627 128 128 128
1.19979 0.799706 -0.0171454 128 128 128
1.21287 0.787101 -0.0173018 128 128 128
1.22075 0.771089 -0.0172236 128 128 128
1.23607 0.759719 -0.0174972 128 128 128
1.24445 0.743979 -0.0174581 128 128 128
1.25953 0.732173 -0.0177317 128 128 128
1.27016 0.717646 -0.0178099 128 128 128
1.28237 0.703932 -0.0179662 128 128 128
1.28915 0.6872 -0.017888 128 128 128
1.28063 0.662589 -0.0171454 128 128 128
1.33151 0.668379 -0.0190215 128 128 128
1.31626 0.640599 -0.0180053 128 128 128
1.33577 0.62995 -0.0185134 128 128 128
1.34431 0.613926 -0.0185525 128 128 128
1.35357 0.598193 -0.0186307 128 128 128
1.36907 0.585079 -0.0189824 128 128 128
1.3743 0.56747 -0.0189043 128 128 128
1.38209 0.550933 -0.0189433 128 128 128
1.399 0.537885 -0.0193733 128 128 128
1.40362 0.51998 -0.0192951 128 128 128
1.41555 0.504735 -0.0195296 128 128 128
1.41785 0.486027 -0.0193733 128 128 128
1.45028 0.477362 -0.0204677 128 128 128
1.45793 0.460132 -0.0205459 128 128 128
1.47112 0.444525 -0.0208585 128 128 128
1.48126 0.427829 -0.021054 128 128 128
1.49218 0.411217 -0.0212885 128 128 128
1.49905 0.393384 -0.0213666 128 128 128
1.51442 0.377627 -0.0217966 128 128 128
1.52478 0.360398 -0.0220311 128 128 128
1.52909 0.34166 -0.0220311 128 128 128
1.5361 0.32349 -0.0221484 128 128 128
1.56837 0.310262 -0.0232818 128 128 128
1.57304 0.291175 -0.0233209 128 128 128
1.58634 0.273556 -0.0237118 128 128 128
1.58662 0.253593 -0.0235945 128 128 128
1.60148 0.23586 -0.0240635 128 128 128
1.60029 0.215653 -0.0239072 128 128 128
1.60976 0.196853 -0.0241808 128 128 128
1.62298 0.178294 -0.0246107 128 128 128
1.63399 0.159243 -0.0249625 128 128 128
1.6418 0.139693 -0.025197 128 128 128
1.65036 0.120048 -0.0254706 128 128 128
1.65371 0.0999085 -0.0255488 128 128 128
1.66379 0.0800467 -0.0259006 128 128 128
1.67164 0.0598794 -0.0261741 128 128 128
1.67824 0.0395071 -0.0264087 128 128 128
1.68359 0.0189698 -0.0266041 128 128 128
1.6897 -0.00169324 -0.0268386 128 128 128
1.69954 -0.0225531 -0.0272295 128 128 128
1.70413 -0.0435311 -0.0274249 128 128 128
1.70846 -0.064625 -0.0276203 128 128 128
1.71153 -0.0857826 -0.0277767 128 128 128
1.72132 -0.107456 -0.0282066 128 128 128
1.72984 -0.129308 -0.0285974 128 128 128
1.72812 -0.150526 -0.0285974 128 128 128
1.73509 -0.172605 -0.0289492 128 128 128
1.76264 -0.197195 -0.0301218 128 128 128
1.77298 -0.220403 -0.0306299 128 128 128
1.77707 -0.243086 -0.0309035 128 128 128
1.77988 -0.265757 -0.031138 128 128 128
1.78734 -0.289327 -0.0315679 128 128 128
1.79153 -0.312607 -0.0318806 128 128 128
1.79738 -0.336399 -0.0322715 128 128 128
1.8137 -0.362529 -0.0330923 128 128 128
1.80813 -0.384551 -0.0330532 128 128 128
1.81888 -0.410217 -0.0336786 128 128 128
1.82926 -0.436204 -0.0343039 128 128 128
1.84316 -0.463479 -0.0350856 128 128 128
1.84023 -0.486827 -0.0352029 128 128 128
1.83893 -0.510707 -0.0353983 128 128 128
1.8402 -0.535463 -0.035711 128 128 128
1.84018 -0.560037 -0.0359846 128 128 128
1.84079 -0.584992 -0.0362973 128 128 128
1.84107 -0.610047 -0.03661 128 128 128
1.85139 -0.638774 -0.0373526 128 128 128
1.84718 -0.662792 -0.0375089 128 128 128
1.84921 -0.689242 -0.0379389 128 128 128
1.849 -0.715121 -0.0382906 128 128 128
1.85678 -0.74444 -0.0389942 128 128 128
1.85816 -0.798449 -0.039854 128 128 128
1.8738 -0.832535 -0.0409484 128 128 128
1.86616 -0.856715 -0.0410657 128 128 128
1.88803 -0.894939 -0.0424728 128 128 128
1.88498 -0.921987 -0.0428245 128 128 128
1.87799 -0.947296 -0.04302 128 128 128
1.87598 -0.975335 -0.0434499 128 128 128
1.87356 -1.00347 -0.0438798 128 128 128
1.87423 -1.03361 -0.0444661 128 128 128
1.87097 -1.06195 -0.0448961 128 128 128
1.85607 -1.08383 -0.0448179 128 128 128
1.86063 -1.11731 -0.0456387 128 128 128
1.85954 -1.14793 -0.046225 128 128 128
1.39963 -0.888301 -0.0255879 128 128 128
1.37774 -0.898324 -0.0250798 128 128 128
1.36162 -0.911831 -0.0248452 128 128 128
1.35116 -0.929037 -0.0248843 128 128 128
1.35844 -0.958785 -0.0257833 128 128 128
1.85021 -1.33958 -0.0500944 128 128 128
1.83765 -1.36516 -0.0502899 128 128 128
1.8303 -1.39487 -0.0507589 128 128 128
1.82801 -1.42891 -0.0515015 128 128 128
1.82203 -1.46061 -0.0520878 128 128 128
1.82251 -1.49807 -0.0530258 128 128 128
1.81163 -1.52676 -0.0534167 128 128 128
1.80108 -1.55606 -0.0538466 128 128 128
1.78933 -1.58466 -0.0542375 128 128 128
1.77197 -1.60851 -0.0543547 128 128 128
1.75576 -1.63354 -0.0545502 128 128 128
1.74933 -1.66806 -0.0552928 128 128 128
1.74017 -1.70057 -0.0559182 128 128 128
1.72765 -1.73027 -0.0563872 128 128 128
1.71326 -1.7585 -0.056778 128 128 128
1.7012 -1.78952 -0.0573252 128 128 128
1.69338 -1.82564 -0.058146 128 128 128
1.68494 -1.86184 -0.0589668 128 128 128
1.68182 -1.90483 -0.0601394 128 128 128
1.67006 -1.93895 -0.0608429 128 128 128
1.64872 -1.96236 -0.0609993 128 128 128
1.64986 -2.01334 -0.0625627 128 128 128
1.62753 -2.03656 -0.062719 128 128 128
1.60671 -2.06189 -0.0629926 128 128 128
1.58855 -2.091 -0.0634616 128 128 128
1.57051 -2.12077 -0.0639697 128 128 128
1.55373 -2.15284 -0.0645951 128 128 128
1.53352 -2.18074 -0.0650251 128 128 128
1.51286 -2.20846 -0.065455 128 128 128
1.49064 -2.23433 -0.0658068 128 128 128
1.46964 -2.26251 -0.0662758 128 128 128
1.4578 -2.3057 -0.0674483 128 128 128
1.43988 -2.34044 -0.0682301 128 128 128
1.42594 -2.38279 -0.0693635 128 128 128
1.40413 -2.41306 -0.0699498 128 128 128
1.37983 -2.43967 -0.0703798 128 128 128
1.36424 -2.48269 -0.0715523 128 128 128
1.34544 -2.52128 -0.0725294 128 128 128
1.31118 -2.53139 -0.0722559 128 128 128
1.2872 -2.56157 -0.0728812 128 128 128
1.26049 -2.58705 -0.0733112 128 128 128
1.23762 -2.62129 -0.074132 128 128 128
1.2091 -2.64446 -0.0744837 128 128 128
1.17898 -2.66458 -0.0747182 128 128 128
1.15721 -2.70457 -0.0758126 128 128 128
1.12929 -2.73149 -0.0763598 128 128 128
1.10533 -2.76927 -0.0773761 128 128 128
1.07701 -2.79754 -0.0780014 128 128 128
1.04782 -2.8246 -0.0785877 128 128 128
1.02384 -2.86735 -0.0798384 128 128 128
0.989553 -2.88253 -0.0799557 128 128 128
0.960683 -2.91439 -0.0807765 128 128 128
0.929672 -2.9412 -0.0814018 128 128 128
0.898437 -2.96864 -0.0820663 128 128 128
0.865276 -2.99096 -0.0825353 128 128 128
0.832502 -3.0158 -0.0831216 128 128 128
0.797721 -3.03449 -0.0834734 128 128 128
0.761393 -3.04792 -0.0836297 128 128 128
0.7297 -3.08134 -0.0846069 128 128 128
0.696863 -3.11249 -0.0855058 128 128 128
0.663163 -3.14232 -0.0863657 128 128 128
0.628252 -3.16884 -0.0871083 128 128 128
0.59352 -3.19891 -0.0880073 128 128 128
0.557291 -3.22367 -0.0887108 128 128 128
0.522287 -3.25888 -0.0898443 128 128 128
0.484452 -3.27987 -0.0904306 128 128 128
0.442421 -3.27269 -0.0899225 128 128 128
0.351189 -2.86333 -0.0735848 128 128 128
0.293271 -2.66183 -0.0654941 128 128 128
0.326451 -3.33549 -0.0918376 128 128 128
0.286607 -3.35219 -0.0923458 128 128 128
0.247061 -3.37737 -0.0932056 128 128 128
0.206024 -3.38713 -0.0934792 128 128 128
0.165371 -3.40837 -0.0942219 128 128 128
0.124629 -3.4401 -0.0953944 128 128 128
0.0827935 -3.45735 -0.0960198 128 128 128
0.0405289 -3.4721 -0.096567 128 128 128
-0.00208543 -3.48732 -0.0971533 128 128 128
-0.0453668 -3.526 -0.0986776 128 128 128
-0.0884844 -3.51918 -0.0984431 128 128 128
-0.133365 -3.56377 -0.100241 128 128 128
-0.176694 -3.55388 -0.0999283 128 128 128
-0.220969 -3.56241 -0.100358 128 128 128
-0.265406 -3.5694 -0.100749 128 128 128
-0.310219 -3.57782 -0.101218 128 128 128
-0.355377 -3.58667 -0.101726 128 128 128
-0.399364 -3.58204 -0.101726 128 128 128
-0.44611 -3.59968 -0.102625 128 128 128
-0.490384 -3.59492 -0.102664 128 128 128
-0.536078 -3.59951 -0.103094 128 128 128
-0.199837 -1.23193 -0.00956285 128 128 128
-0.213913 -1.22348 -0.00932834 128 128 128
-0.22708 -1.21094 -0.00893748 128 128 128
-0.240947 -1.20316 -0.00874205 128 128 128
-0.256937 -1.20598 -0.00897657 128 128 128
-0.271717 -1.20274 -0.00897657 128 128 128
-0.295006 -1.23528 -0.0104227 128 128 128
-0.918873 -3.65951 -0.108332 128 128 128
-0.96575 -3.65568 -0.108644 128 128 128
-1.01587 -3.66282 -0.109426 128 128 128
-1.06631 -3.66927 -0.110208 128 128 128
-1.11184 -3.65782 -0.110286 128 128 128
-1.15665 -3.6439 -0.110286 128 128 128
-1.20504 -3.64082 -0.110755 128 128 128
-1.2532 -3.63615 -0.111185 128 128 128
-1.29773 -3.62049 -0.111185 128 128 128
-1.34589 -3.6146 -0.111615 128 128 128
-1.39483 -3.60993 -0.112123 128 128 128
-1.43902 -3.59254 -0.112123 128 128 128
-1.483 -3.57461 -0.112123 128 128 128
-1.53227 -3.569 -0.11267 128 128 128
-1.58527 -3.57094 -0.113569 128 128 128
-1.63397 -3.56211 -0.114038 128 128 128
-1.6814 -3.54992 -0.11439 128 128 128
-1.73098 -3.54159 -0.114937 128 128 128
-1.77925 -3.5299 -0.115367 128 128 128
-1.82934 -3.5211 -0.115953 128 128 128
-1.87807 -3.50896 -0.116422 128 128 128
-1.92099 -3.48565 -0.116422 128 128 128
-1.96263 -3.46008 -0.116344 128 128 128
-2.01098 -3.44609 -0.116813 128 128 128
-2.05415 -3.42287 -0.116891 128 128 128
-2.10753 -3.41612 -0.117751 128 128 128
-2.14876 -3.38915 -0.117712 128 128 128
-2.19673 -3.37258 -0.118181 128 128 128
-2.25128 -3.3653 -0.119119 128 128 128
-2.28732 -3.33001 -0.118767 128 128 128
-2.33377 -3.30986 -0.119158 128 128 128
-2.37479 -3.28178 -0.119197 128 128 128
-2.41429 -3.25159 -0.119158 128 128 128
-2.57981 -3.14002 -0.119706 128 128 128
-2.61879 -3.10889 -0.119745 128 128 128
-2.6574 -3.07727 -0.119784 128 128 128
-2.69364 -3.04294 -0.119706 128 128 128
-2.7254 -3.00373 -0.119393 128 128 128
-2.7743 -2.98323 -0.120096 128 128 128
-2.80933 -2.94752 -0.120018 128 128 128
-2.84179 -2.90924 -0.119823 128 128 128
-2.87657 -2.87345 -0.119784 128 128 128
-2.91877 -2.84491 -0.120175 128 128 128
-2.9455 -2.8013 -0.119745 128 128 128
-2.98551 -2.77038 -0.120057 128 128 128
-3.00818 -2.72347 -0.119471 128 128 128
-3.04736 -2.69165 -0.119784 128 128 128
-3.08698 -2.65992 -0.120135 128 128 128
-2.60281 1.1463 -0.14053 128 128 128
-2.58855 1.17816 -0.14053 128 128 128
-2.45385 1.1532 -0.13211 128 128 128
-1.4211 1.10174 -0.0741784 128 128 128
-1.3022 1.03501 -0.0656311 128 128 128
-1.3033 1.0623 -0.0667707 128 128 128
-1.28787 1.07628 -0.0665808 128 128 128
-1.81914 1.5608 -0.112166 128 128 128
-1.7759 1.56188 -0.11014 128 128 128
-1.73366 1.5628 -0.108177 128 128 128
-1.71654 1.58599 -0.108367 128 128 128
-1.69912 1.609 -0.108557 128 128 128
-1.65923 1.61023 -0.106785 128 128 128
-1.63581 1.62695 -0.106468 128 128 128
-1.60107 1.63192 -0.105138 128 128 128
-1.5575 1.62689 -0.102986 128 128 128
-1.437 1.61589 -0.0972876 128 128 128
-1.42816 1.64623 -0.098364 128 128 128
-1.40785 1.66364 -0.098364 128 128 128
-1.37402 1.6646 -0.0970344 128 128 128
-1.34412 1.66966 -0.0960847 128 128 128
-1.30577 1.70611 -0.0964013 128 128 128
-1.26032 1.68916 -0.0938054 128 128 128
-1.23189 1.694 -0.0929823 128 128 128
-1.20122 1.69512 -0.091906 128 128 128
-1.1628 1.68424 -0.0899433 128 128 128
-1.14094 1.69673 -0.0898167 128 128 128
-1.11731 1.70642 -0.0895001 128 128 128
-1.07703 1.68967 -0.0872209 128 128 128
-1.04887 1.69087 -0.0863345 128 128 128
-1.01982 1.68993 -0.0853215 128 128 128
-0.996992 1.69887 -0.0850682 128 128 128
-0.966213 1.69362 -0.083802 128 128 128
-0.945357 1.70535 -0.083802 128 128 128
-0.917289 1.70362 -0.0828523 128 128 128
-0.888025 1.69882 -0.0817126 128 128 128
-0.870258 1.71582 -0.0821558 128 128 128
-0.840364 1.70844 -0.0808896 128 128 128
-0.812921 1.7051 -0.0799399 128 128 128
-0.791936 1.71495 -0.0799399 128 128 128
-0.765562 1.71268 -0.0791168 128 128 128
-0.738575 1.70819 -0.0781671 128 128 128
-0.708369 1.69501 -0.0766476 128 128 128
-0.687144 1.70265 -0.0765843 128 128 128
-0.662237 1.70071 -0.0758878 128 128 128
-0.636087 1.69469 -0.0749381 128 128 128
-0.610522 1.68921 -0.0740517 128 128 128
-0.586817 1.68809 -0.0734819 128 128 128
-0.561033 1.68001 -0.0724689 128 128 128
-0.535234 1.6706 -0.0713926 128 128 128
-0.508299 1.65603 -0.0699997 128 128 128
-0.490728 1.67173 -0.0706328 128 128 128
-0.467505 1.66801 -0.0699997 128 128 128
-0.443681 1.66108 -0.0691766 128 128 128
-0.420586 1.65575 -0.0684802 128 128 128
-0.398846 1.65496 -0.0681003 128 128 128
-0.378507 1.65973 -0.0681003 128 128 128
-0.35645 1.65644 -0.0675938 128 128 128
-0.334921 1.65482 -0.0672139 128 128 128
-0.312936 1.64998 -0.0666441 128 128 128
-0.291464 1.64681 -0.0662009 128 128 128
-0.269637 1.64041 -0.0655678 128 128 128
-0.249044 1.64064 -0.0653778 128 128 128
-0.227404 1.63269 -0.0646814 128 128 128
-0.20575 1.62249 -0.0638583 128 128 128
-0.184936 1.61696 -0.0633518 128 128 128
-0.164981 1.61811 -0.0632885 128 128 128
-0.144419 1.61206 -0.062782 128 128 128
-0.123509 1.59878 -0.0618323 128 128 128
-0.103134 1.58822 -0.0610726 128 128 128
-0.0841362 1.59934 -0.0617057 128 128 128
-0.0641262 1.59028 -0.0610726 128 128 128
-0.0441219 1.57199 -0.0598696 128 128 128
-0.0248411 1.57341 -0.0599329 128 128 128
-0.00550699 1.54964 -0.0584134 128 128 128
0.0135324 1.55159 -0.05854 128 128 128
0.0325014 1.54832 -0.0583501 128 128 128
0.0512847 1.54182 -0.0579702 128 128 128
0.0700094 1.53708 -0.057717 128 128 128
0.0881442 1.52415 -0.0569572 128 128 128
0.106624 1.51997 -0.0567673 128 128 128
0.124761 1.51258 -0.0563874 128 128 128
0.142635 1.50398 -0.0559442 128 128 128
0.159554 1.48823 -0.0550578 128 128 128
0.178411 1.49112 -0.0553744 128 128 128
0.19523 1.47793 -0.0546779 128 128 128
0.212915 1.47246 -0.054488 128 128 128
0.229866 1.46284 -0.0540448 128 128 128
0.246951 1.45499 -0.0537282 128 128 128
0.264061 1.44793 -0.053475 128 128 128
0.282584 1.4485 -0.0537282 128 128 128
0.299721 1.44199 -0.0535383 128 128 128
0.316741 1.43528 -0.0533484 128 128 128
0.33433 1.43129 -0.0533484 128 128 128
0.348971 1.41546 -0.0525886 128 128 128
0.367075 1.41396 -0.0527785 128 128 128
0.382012 1.40069 -0.0522087 128 128 128
0.398618 1.39398 -0.0520821 128 128 128
0.415405 1.38803 -0.0520188 128 128 128
0.433609 1.38663 -0.052272 128 128 128
0.446847 1.36983 -0.0515123 128 128 128
0.463947 1.36519 -0.0515756 128 128 128
0.479659 1.35657 -0.0513857 128 128 128
0.498004 1.35527 -0.0517022 128 128 128
0.51424 1.34812 -0.0516389 128 128 128
0.529636 1.33893 -0.051449 128 128 128
0.544503 1.32864 -0.0511957 128 128 128
0.558805 1.31727 -0.0508792 128 128 128
0.573717 1.30757 -0.0506892 128 128 128
0.591378 1.30406 -0.0509425 128 128 128
0.605208 1.2922 -0.0506259 128 128 128
0.618835 1.28019 -0.0503093 128 128 128
0.63629 1.27606 -0.0505626 128 128 128
0.651442 1.26727 -0.0504993 128 128 128
0.663188 1.25214 -0.0499928 128 128 128
0.682346 1.2509 -0.0504993 128 128 128
0.693226 1.23462 -0.0499295 128 128 128
0.707321 1.22429 -0.0498028 128 128 128
0.723316 1.21723 -0.0499295 128 128 128
0.738199 1.20826 -0.0499295 128 128 128
0.753504 1.19996 -0.0499928 128 128 128
0.767086 1.18895 -0.0498661 128 128 128
0.775528 1.17031 -0.0491697 128 128 128
0.791523 1.16318 -0.0493596 128 128 128
0.80918 1.15827 -0.0497395 128 128 128
0.823333 1.14826 -0.0497395 128 128 128
0.837362 1.13807 -0.0497395 128 128 128
0.844023 1.11817 -0.0489798 128 128 128
0.845417 1.09198 -0.0477135 128 128 128
0.874947 1.1018 -0.0493596 128 128 128
0.887769 1.0902 -0.0492963 128 128 128
0.903006 1.08152 -0.0494863 128 128 128
0.918163 1.07263 -0.0496762 128 128 128
0.927295 1.05679 -0.0492963 128 128 128
0.942872 1.04829 -0.0495496 128 128 128
0.955665 1.03664 -0.0495496 128 128 128
0.966252 1.02266 -0.0493596 128 128 128
0.980121 1.01216 -0.0494863 128 128 128
0.991058 0.998643 -0.0493596 128 128 128
1.0118 0.994779 -0.0501194 128 128 128
1.0196 0.978154 -0.0497395 128 128 128
1.0381 0.971688 -0.0503093 128 128 128
1.04847 0.957534 -0.0501827 128 128 128
1.06388 0.947905 -0.0504993 128 128 128
1.06486 0.925641 -0.0496129 128 128 128
1.0914 0.92537 -0.0508792 128 128 128
1.10267 0.911907 -0.0508792 128 128 128
1.10443 0.890815 -0.0501194 128 128 128
1.1255 0.885187 -0.0509425 128 128 128
1.13866 0.873124 -0.0511324 128 128 128
1.15169 0.860871 -0.0513223 128 128 128
1.15894 0.844331 -0.0510691 128 128 128
1.17003 0.830621 -0.0511324 128 128 128
1.17684 0.813939 -0.0508792 128 128 128
1.19421 0.804434 -0.051449 128 128 128
1.2065 0.791353 -0.0516389 128 128 128
1.20263 0.767932 -0.0506259 128 128 128
1.21367 0.754165 -0.0507525 128 128 128
1.23994 0.749493 -0.0520188 128 128 128
1.25077 0.735227 -0.0521454 128 128 128
1.25275 0.715881 -0.0516389 128 128 128
1.27455 0.707685 -0.0525886 128 128 128
1.28226 0.69152 -0.0525253 128 128 128
1.28711 0.673891 -0.052272 128 128 128
1.30241 0.661642 -0.0527785 128 128 128
1.30595 0.643416 -0.052462 128 128 128
1.32276 0.631618 -0.0530951 128 128 128
1.34311 0.621169 -0.0539815 128 128 128
1.33695 0.59856 -0.0530318 128 128 128
1.35978 0.588809 -0.0541081 128 128 128
1.36875 0.572844 -0.0542347 128 128 128
1.37938 0.55749 -0.054488 128 128 128
1.38519 0.540161 -0.0544247 128 128 128
1.39078 0.522773 -0.0543614 128 128 128
1.39521 0.504992 -0.0542347 128 128 128
1.423 0.495322 -0.0556909 128 128 128
1.42897 0.477822 -0.0556909 128 128 128
1.44138 0.462367 -0.0561341 128 128 128
1.44886 0.445225 -0.0562608 128 128 128
1.46859 0.431596 -0.0572105 128 128 128
1.47281 0.413275 -0.0571471 128 128 128
1.48645 0.397468 -0.057717 128 128 128
1.49122 0.379197 -0.057717 128 128 128
1.5045 0.362953 -0.0582868 128 128 128
1.50592 0.343804 -0.0580968 128 128 128
1.53247 0.330075 -0.059553 128 128 128
1.5462 0.313201 -0.0601862 128 128 128
1.5509 0.294387 -0.0602495 128 128 128
1.56521 0.27722 -0.0609459 128 128 128
1.58032 0.259906 -0.0617057 128 128 128
1.59129 0.241673 -0.0622122 128 128 128
1.5882 0.221315 -0.0618323 128 128 128
1.60862 0.204026 -0.0629719 128 128 128
1.61497 0.184714 -0.0632252 128 128 128
1.62506 0.165673 -0.0637317 128 128 128
1.62996 0.145978 -0.0639216 128 128 128
1.63859 0.126486 -0.0643648 128 128 128
1.645 0.106679 -0.0646814 128 128 128
1.65017 0.0866847 -0.0649347 128 128 128
1.66408 0.0669185 -0.0657577 128 128 128
1.66178 0.0464162 -0.0655678 128 128 128
1.66921 0.0261129 -0.066011 128 128 128
1.67938 0.0056372 -0.0666441 128 128 128
1.68631 -0.0150506 -0.0670873 128 128 128
1.69398 -0.035931 -0.0675938 128 128 128
1.70339 -0.0570734 -0.0682269 128 128 128
1.70455 -0.0780682 -0.0683536 128 128 128
1.71044 -0.0994012 -0.0687968 128 128 128
1.71307 -0.120673 -0.06905 128 128 128
1.71544 -0.142025 -0.0693033 128 128 128
1.72449 -0.16413 -0.0699997 128 128 128
1.72037 -0.185062 -0.0698731 128 128 128
1.74966 -0.210037 -0.0718991 128 128 128
1.74696 -0.231492 -0.0718991 128 128 128
1.76768 -0.256403 -0.0734186 128 128 128
1.7713 -0.279179 -0.0738618 128 128 128
1.77954 -0.30293 -0.0746216 128 128 128
1.78158 -0.325835 -0.0750014 128 128 128
1.78919 -0.349998 -0.0757612 128 128 128
1.80429 -0.376042 -0.0770275 128 128 128
1.81415 -0.40142 -0.0779772 128 128 128
1.81395 -0.424801 -0.0782937 128 128 128
1.80666 -0.446545 -0.0781671 128 128 128
1.82325 -0.47451 -0.0796233 128 128 128
1.82113 -0.497909 -0.0798765 128 128 128
1.83694 -0.526591 -0.0813327 128 128 128
1.82747 -0.548227 -0.0811428 128 128 128
1.82727 -0.572715 -0.081586 128 128 128
1.82484 -0.596656 -0.0819026 128 128 128
1.83721 -0.625802 -0.0832321 128 128 128
1.84349 -0.65333 -0.0841818 128 128 128
1.84001 -0.677637 -0.0844984 128 128 128
1.83529 -0.701598 -0.0847517 128 128 128
1.83766 -0.728503 -0.0855114 128 128 128
1.83873 -0.75519 -0.0862078 128 128 128
1.85685 -0.789466 -0.0881072 128 128 128
1.8598 -0.817842 -0.0889936 128 128 128
1.85598 -0.843506 -0.0894368 128 128 128
1.86806 -0.876863 -0.0910196 128 128 128
1.87241 -0.907147 -0.092096 128 128 128
1.85757 -0.928265 -0.0918427 128 128 128
1.87174 -0.964293 -0.0936788 128 128 128
1.85625 -0.985311 -0.0934255 128 128 128
1.86763 -1.02099 -0.095135 128 128 128
1.86278 -1.04825 -0.0957048 128 128 128
1.85668 -1.07504 -0.0962113 128 128 128
1.85705 -1.10594 -0.0972243 128 128 128
1.84079 -1.12708 -0.0970344 128 128 128
1.83442 -1.15438 -0.0976042 128 128 128
1.37645 -0.888806 -0.0640483 128 128 128
1.39202 -0.923346 -0.0660743 128 128 128
1.3394 -0.91217 -0.0629086 128 128 128
1.34689 -0.941736 -0.0643648 128 128 128
1.3409 -0.96228 -0.064808 128 128 128
1.83437 -1.35269 -0.104695 128 128 128
1.82161 -1.37812 -0.105012 128 128 128
1.81794 -1.41079 -0.106088 128 128 128
1.80907 -1.43985 -0.106785 128 128 128
1.81366 -1.48028 -0.108621 128 128 128
1.79765 -1.50435 -0.108811 128 128 128
1.79493 -1.53997 -0.11014 128 128 128
1.78413 -1.56914 -0.110837 128 128 128
1.76918 -1.59493 -0.111217 128 128 128
1.76704 -1.63281 -0.112736 128 128 128
1.75483 -1.66193 -0.113432 128 128 128
1.74002 -1.68891 -0.113939 128 128 128
1.71917 -1.71014 -0.113939 128 128 128
1.71829 -1.7518 -0.115775 128 128 128
1.70837 -1.78503 -0.116851 128 128 128
1.68906 -1.80878 -0.117105 128 128 128
1.67747 -1.84119 -0.118118 128 128 128
1.66401 -1.8721 -0.119004 128 128 128
1.6618 -1.91654 -0.12103 128 128 128
1.64652 -1.9467 -0.121853 128 128 128
1.63898 -1.9868 -0.123499 128 128 128
1.6176 -2.01066 -0.123816 128 128 128
1.60941 -2.05159 -0.125525 128 128 128
1.59924 -2.09102 -0.127108 128 128 128
1.57584 -2.11369 -0.127361 128 128 128
1.55095 -2.13449 -0.127488 128 128 128
1.5373 -2.1713 -0.128881 128 128 128
1.51167 -2.19164 -0.129007 128 128 128
1.48744 -2.21418 -0.129324 128 128 128
1.48577 -2.27155 -0.1323 128 128 128
1.45992 -2.29299 -0.132553 128 128 128
1.44374 -2.33026 -0.134009 128 128 128
1.42994 -2.37261 -0.135845 128 128 128
1.3987 -2.38653 -0.135592 128 128 128
1.38557 -2.43216 -0.137681 128 128 128
1.3643 -2.4647 -0.138821 128 128 128
1.33913 -2.49094 -0.139517 128 128 128
1.31952 -2.52843 -0.141037 128 128 128
1.29019 -2.548 -0.14129 128 128 128
1.26496 -2.57619 -0.142177 128 128 128
1.2401 -2.60595 -0.14319 128 128 128
1.20969 -2.6246 -0.143443 128 128 128
1.18144 -2.64836 -0.144076 128 128 128
1.15634 -2.68008 -0.145279 128 128 128
1.13485 -2.72172 -0.147178 128 128 128
1.10806 -2.75211 -0.148318 128 128 128
1.07852 -2.77667 -0.149078 128 128 128
1.05378 -2.81495 -0.150787 128 128 128
1.02489 -2.84364 -0.151864 128 128 128
0.99773 -2.87864 -0.153383 128 128 128
0.966411 -2.90298 -0.154206 128 128 128
0.934947 -2.92794 -0.155092 128 128 128
0.904469 -2.95733 -0.156295 128 128 128
0.872015 -2.98162 -0.157182 128 128 128
0.838566 -3.00364 -0.157942 128 128 128
0.803941 -3.02238 -0.158511 128 128 128
0.770444 -3.04654 -0.159461 128 128 128
0.735316 -3.06547 -0.160094 128 128 128
0.700717 -3.08789 -0.160981 128 128 128
0.668378 -3.12262 -0.16269 128 128 128
0.633922 -3.15016 -0.163956 128 128 128
0.600911 -3.18811 -0.165919 128 128 128
0.565346 -3.21589 -0.167249 128 128 128
0.527275 -3.23145 -0.167818 128 128 128
0.491119 -3.26137 -0.169338 128 128 128
0.454172 -3.28989 -0.170794 128 128 128
0.414874 -3.30413 -0.171364 128 128 128
0.351431 -3.10466 -0.158321 128 128 128
0.333069 -3.30736 -0.170984 128 128 128
0.296269 -3.35494 -0.17377 128 128 128
0.256044 -3.37126 -0.174593 128 128 128
0.215587 -3.38909 -0.175543 128 128 128
0.173981 -3.39148 -0.175543 128 128 128
0.13367 -3.42826 -0.177759 128 128 128
0.0919726 -3.44461 -0.178708 128 128 128
0.04996 -3.46544 -0.179975 128 128 128
0.00745301 -3.48875 -0.181431 128 128 128
-0.035506 -3.50155 -0.182254 128 128 128
-0.0788016 -3.51482 -0.18314 128 128 128
-0.122678 -3.53453 -0.18447 128 128 128
-0.166763 -3.54771 -0.185419 128 128 128
-0.21155 -3.56632 -0.186749 128 128 128
-0.256095 -3.5744 -0.187445 128 128 128
-0.301208 -3.5859 -0.188395 128 128 128
-0.345674 -3.5869 -0.188712 128 128 128
-0.391409 -3.59826 -0.189725 128 128 128
-0.436748 -3.6031 -0.190358 128 128 128
-0.48253 -3.60933 -0.191118 128 128 128
-0.528386 -3.614 -0.191814 128 128 128
-0.572695 -3.60725 -0.191814 128 128 128
-0.208615 -1.23273 -0.0394195 128 128 128
-0.224271 -1.23302 -0.0396094 128 128 128
-0.241517 -1.24095 -0.0403059 128 128 128
-0.251584 -1.21347 -0.038723 128 128 128
-0.269504 -1.22393 -0.0396094 128 128 128
-0.285421 -1.22442 -0.0398627 128 128 128
-0.296802 -1.2063 -0.038913 128 128 128
-0.962024 -3.68047 -0.201438 128 128 128
-1.00738 -3.66935 -0.201501 128 128 128
-1.0551 -3.66629 -0.202134 128 128 128
-1.10319 -3.66358 -0.202831 128 128 128
-1.14807 -3.64977 -0.202831 128 128 128
-1.19714 -3.64867 -0.203717 128 128 128
-1.2415 -3.63276 -0.203654 128 128 128
-1.29101 -3.63136 -0.204603 128 128 128
-1.33895 -3.6246 -0.205236 128 128 128
-1.38368 -3.60882 -0.2053 128 128 128
-1.43156 -3.60084 -0.205933 128 128 128
-1.4806 -3.595 -0.206756 128 128 128
-1.52578 -3.57931 -0.206946 128 128 128
-1.58209 -3.58861 -0.208909 128 128 128
-1.62809 -3.57347 -0.209225 128 128 128
-1.67096 -3.55141 -0.209099 128 128 128
-1.72447 -3.55128 -0.210555 128 128 128
-1.77419 -3.54234 -0.211441 128 128 128
-1.82349 -3.53182 -0.212264 128 128 128
-1.87326 -3.5215 -0.213151 128 128 128
-1.92066 -3.50612 -0.21372 128 128 128
-1.96894 -3.49185 -0.214417 128 128 128
-2.00663 -3.4588 -0.213784 128 128 128
-2.0607 -3.45361 -0.21524 128 128 128
-2.1092 -3.43827 -0.216 128 128 128
-2.15177 -3.41297 -0.216063 128 128 128
-2.20001 -3.39635 -0.216823 128 128 128
-2.24816 -3.37906 -0.217582 128 128 128
-2.29059 -3.35286 -0.217709 128 128 128
-2.32984 -3.32205 -0.217519 128 128 128
-2.36401 -3.28431 -0.216823 128 128 128
-2.4172 -3.2727 -0.218216 128 128 128
-2.45657 -3.242 -0.218152 128 128 128
-2.49801 -3.21397 -0.218342 128 128 128
-2.65987 -3.09584 -0.219039 128 128 128
-2.69964 -3.06522 -0.219229 128 128 128
-2.73839 -3.03334 -0.219355 128 128 128
-2.77201 -2.99584 -0.219039 128 128 128
-2.85445 -2.93692 -0.219925 128 128 128
-2.8797 -2.89108 -0.218975 128 128 128
-2.90497 -2.84575 -0.218089 128 128 128
-2.94762 -2.81747 -0.218785 128 128 128
-2.99512 -2.79333 -0.219925 128 128 128
-3.03286 -2.75971 -0.220242 128 128 128
-3.05455 -2.7117 -0.219229 128 128 128
-3.09137 -2.67727 -0.219545 128 128 128
-3.13162 -2.64557 -0.220178 128 128 128
-0.931547 -0.771183 -0.0368237 128 128 128
-0.91992 -0.742835 -0.0351142 128 128 128
-3.21902 -2.52236 -0.219545 128 128 128
-0.943428 -0.724271 -0.0355574 128 128 128
-3.66664 -1.58042 -0.213404 128 128 128
-3.65811 -1.52382 -0.211504 128 128 128
-2.66468 1.10532 -0.214339 128 128 128
-1.41664 1.07961 -0.116807 128 128 128
-1.43862 1.1245 -0.120768 128 128 128
-1.41616 1.13522 -0.1198 128 128 128
-1.48759 1.22266 -0.129571 128 128 128
-1.82917 1.54098 -0.170766 128 128 128
-1.80635 1.56006 -0.170326 128 128 128
-1.78259 1.57815 -0.169798 128 128 128
-1.75423 1.59188 -0.168742 128 128 128
-1.71705 1.59701 -0.166629 128 128 128
-1.67568 1.59736 -0.163988 128 128 128
-1.6474 1.60945 -0.162932 128 128 128
-1.44932 1.64121 -0.152897 128 128 128
-1.42972 1.65962 -0.152985 128 128 128
-1.3945 1.65951 -0.150961 128 128 128
-1.36455 1.66495 -0.14964 128 128 128
-1.36953 1.71346 -0.153249 128 128 128
-1.30796 1.6783 -0.14744 128 128 128
-1.28364 1.68947 -0.146911 128 128 128
-1.25154 1.68989 -0.145239 128 128 128
-1.22254 1.69382 -0.144007 128 128 128
-1.20166 1.7087 -0.144007 128 128 128
-1.17102 1.70935 -0.14251 128 128 128
-1.13834 1.7062 -0.140662 128 128 128
-1.10591 1.7025 -0.138813 128 128 128
-1.07214 1.69575 -0.136701 128 128 128
-1.04655 1.70115 -0.135908 128 128 128
-1.01638 1.69848 -0.134324 128 128 128
-0.990947 1.70308 -0.133532 128 128 128
-0.958681 1.69518 -0.131507 128 128 128
-0.935405 1.70245 -0.131067 128 128 128
-0.908808 1.70326 -0.130011 128 128 128
-0.884168 1.70721 -0.129306 128 128 128
-0.861808 1.71526 -0.129042 128 128 128
-0.832394 1.7087 -0.12737 128 128 128
-0.807104 1.70978 -0.12649 128 128 128
-0.788965 1.7259 -0.127106 128 128 128
-0.756425 1.70995 -0.124641 128 128 128
-0.731068 1.70903 -0.123673 128 128 128
-0.710802 1.71971 -0.123849 128 128 128
-0.680399 1.70518 -0.121648 128 128 128
-0.652612 1.69575 -0.119976 128 128 128
-0.626895 1.69056 -0.118743 128 128 128
-0.606438 1.69906 -0.118831 128 128 128
-0.580358 1.6913 -0.117423 128 128 128
-0.555186 1.68506 -0.116191 128 128 128
-0.52845 1.67275 -0.11443 128 128 128
-0.505859 1.67244 -0.113814 128 128 128
-0.483078 1.67086 -0.11311 128 128 128
-0.456959 1.6565 -0.111261 128 128 128
-0.435582 1.65813 -0.110909 128 128 128
-0.412781 1.65369 -0.110029 128 128 128
-0.393377 1.66251 -0.110381 128 128 128
-0.372073 1.66332 -0.110029 128 128 128
-0.347921 1.65022 -0.108445 128 128 128
-0.327061 1.65144 -0.10818 128 128 128
-0.304766 1.64455 -0.107212 128 128 128
-0.284562 1.64817 -0.107212 128 128 128
-0.263207 1.64465 -0.106596 128 128 128
-0.241251 1.63594 -0.10554 128 128 128
-0.220622 1.63483 -0.105188 128 128 128
-0.198959 1.62456 -0.104043 128 128 128
-0.178788 1.6249 -0.103867 128 128 128
-0.158152 1.62003 -0.103251 128 128 128
-0.137405 1.61192 -0.102371 128 128 128
-0.117321 1.60951 -0.102019 128 128 128
-0.0965847 1.59493 -0.10061 128 128 128
-0.0771029 1.59798 -0.100786 128 128 128
-0.0570846 1.58786 -0.0998181 128 128 128
-0.0375949 1.58844 -0.0998181 128 128 128
-0.0178924 1.57185 -0.0983216 128 128 128
0.00139758 1.56398 -0.0976174 128 128 128
0.0203445 1.54392 -0.0958569 128 128 128
0.0395832 1.55551 -0.0969132 128 128 128
0.0578244 1.53201 -0.0948887 128 128 128
0.0764245 1.5272 -0.0945366 128 128 128
0.0949153 1.52217 -0.0941845 128 128 128
0.113368 1.51791 -0.0939204 128 128 128
0.131644 1.51244 -0.0935683 128 128 128
0.148924 1.49782 -0.092424 128 128 128
0.167074 1.4939 -0.0922479 128 128 128
0.184052 1.48086 -0.0912796 128 128 128
0.202077 1.47751 -0.0911916 128 128 128
0.219608 1.47097 -0.0908395 128 128 128
0.236851 1.46325 -0.0903994 128 128 128
0.253257 1.4514 -0.0896072 128 128 128
0.271413 1.45014 -0.0897832 128 128 128
0.287828 1.43987 -0.089167 128 128 128
0.306094 1.43915 -0.0894311 128 128 128
0.322422 1.42945 -0.088903 128 128 128
0.339019 1.42151 -0.0885509 128 128 128
0.355711 1.41435 -0.0882868 128 128 128
0.373294 1.41084 -0.0883748 128 128 128
0.388719 1.39943 -0.0877586 128 128 128
0.405031 1.39168 -0.0874946 128 128 128
0.422368 1.38756 -0.0875826 128 128 128
0.440868 1.38702 -0.0880227 128 128 128
0.45473 1.37205 -0.0871425 128 128 128
0.471533 1.36637 -0.0871425 128 128 128
0.483902 1.34828 -0.0859981 128 128 128
0.5018 1.34598 -0.0863502 128 128 128
0.516486 1.33507 -0.0859101 128 128 128
0.532461 1.32771 -0.0858221 128 128 128
0.547951 1.31923 -0.085646 128 128 128
0.566847 1.31882 -0.0862622 128 128 128
0.578143 1.30084 -0.0852059 128 128 128
0.594063 1.29364 -0.0852059 128 128 128
0.607338 1.28085 -0.0846778 128 128 128
0.623447 1.2742 -0.0847658 128 128 128
0.639037 1.26645 -0.0847658 128 128 128
0.655447 1.26028 -0.0849418 128 128 128
0.669924 1.25039 -0.0847658 128 128 128
0.685699 1.24295 -0.0848538 128 128 128
0.701882 1.23617 -0.0850299 128 128 128
0.713989 1.2223 -0.0845017 128 128 128
0.729959 1.21516 -0.0846778 128 128 128
0.745861 1.2078 -0.0848538 128 128 128
0.754231 1.18846 -0.0837975 128 128 128
0.765499 1.17411 -0.0832694 128 128 128
0.782063 1.16794 -0.0836215 128 128 128
0.797464 1.15989 -0.0837975 128 128 128
0.814506 1.15409 -0.0842376 128 128 128
0.82744 1.1424 -0.0840616 128 128 128
0.840803 1.13136 -0.0839736 128 128 128
0.851607 1.11699 -0.0835334 128 128 128
0.868315 1.11038 -0.0839736 128 128 128
0.88063 1.09809 -0.0837975 128 128 128
0.894671 1.08797 -0.0838855 128 128 128
0.911162 1.08072 -0.0843257 128 128 128
0.924355 1.06945 -0.0843257 128 128 128
0.928171 1.04758 -0.0830933 128 128 128
0.950322 1.04645 -0.0843257 128 128 128
0.961059 1.03252 -0.0840616 128 128 128
0.979839 1.02714 -0.0848538 128 128 128
0.996544 1.01932 -0.085382 128 128 128
1.00546 1.00349 -0.0849418 128 128 128
1.01841 0.991769 -0.0850299 128 128 128
1.0305 0.979197 -0.0850299 128 128 128
1.04609 0.969867 -0.08547 128 128 128
1.05717 0.956288 -0.085382 128 128 128
1.06958 0.943903 -0.08547 128 128 128
1.07957 0.929405 -0.0852939 128 128 128
1.09318 0.918011 -0.085558 128 128 128
1.10051 0.901368 -0.0851179 128 128 128
1.11927 0.894019 -0.0859981 128 128 128
1.12466 0.875927 -0.085382 128 128 128
1.1377 0.863869 -0.085646 128 128 128
1.14582 0.848062 -0.085382 128 128 128
1.16098 0.837438 -0.0859101 128 128 128
1.1728 0.824275 -0.0860862 128 128 128
1.17625 0.805313 -0.085382 128 128 128
1.18522 0.790265 -0.0852939 128 128 128
1.2132 0.787611 -0.0872305 128 128 128
1.22109 0.771598 -0.0870544 128 128 128
1.22707 0.754465 -0.0867023 128 128 128
1.23368 0.737814 -0.0864383 128 128 128
1.2478 0.725629 -0.0869664 128 128 128
1.25921 0.711734 -0.0872305 128 128 128
1.26611 0.695268 -0.0870544 128 128 128
1.2763 0.680617 -0.0872305 128 128 128
1.30489 0.675454 -0.0892551 128 128 128
1.30419 0.654912 -0.0883748 128 128 128
1.3175 0.64148 -0.088903 128 128 128
1.32617 0.62569 -0.088991 128 128 128
1.33646 0.610613 -0.0892551 128 128 128
1.34568 0.594973 -0.0894311 128 128 128
1.35471 0.5792 -0.0896072 128 128 128
1.3654 0.564057 -0.0899593 128 128 128
1.37499 0.548368 -0.0902233 128 128 128
1.38161 0.531454 -0.0902233 128 128 128
1.39644 0.517582 -0.0910156 128 128 128
1.39424 0.497387 -0.0902233 128 128 128
1.42096 0.487368 -0.0921599 128 128 128
1.42967 0.470831 -0.092424 128 128 128
1.43629 0.453552 -0.092512 128 128 128
1.46082 0.441675 -0.0942725 128 128 128
1.46804 0.42427 -0.0944486 128 128 128
1.47698 0.407286 -0.0948007 128 128 128
1.48186 0.38913 -0.0948007 128 128 128
1.49232 0.372368 -0.0953288 128 128 128
1.49969 0.354717 -0.0955929 128 128 128
1.51559 0.338906 -0.0966492 128 128 128
1.52061 0.320488 -0.0967372 128 128 128
1.53518 0.303941 -0.0977055 128 128 128
1.56425 0.289818 -0.0999941 128 128 128
1.55689 0.268728 -0.0990258 128 128 128
1.56303 0.250077 -0.0992899 128 128 128
1.5916 0.234676 -0.101579 128 128 128
1.59436 0.215127 -0.101579 128 128 128
1.59589 0.195424 -0.101491 128 128 128
1.61005 0.177142 -0.102547 128 128 128
1.61706 0.157859 -0.102987 128 128 128
1.62383 0.13843 -0.103427 128 128 128
1.63435 0.119152 -0.104219 128 128 128
1.64464 0.0996367 -0.105012 128 128 128
1.64773 0.0795446 -0.105188 128 128 128
1.65953 0.0597213 -0.106156 128 128 128
1.66512 0.0394738 -0.106596 128 128 128
1.67045 0.0190983 -0.107036 128 128 128
1.67455 -0.0014024 -0.107388 128 128 128
1.67839 -0.0220006 -0.10774 128 128 128
1.68098 -0.0426689 -0.108004 128 128 128
1.6863 -0.0635141 -0.108533 128 128 128
1.7033 -0.0850834 -0.110117 128 128 128
1.7081 -0.106346 -0.110645 128 128 128
1.71163 -0.127665 -0.111085 128 128 128
1.7139 -0.149002 -0.111437 128 128 128
1.72682 -0.171488 -0.112758 128 128 128
1.73349 -0.193655 -0.11355 128 128 128
1.73692 -0.215645 -0.114078 128 128 128
1.75191 -0.239357 -0.115663 128 128 128
1.75278 -0.261422 -0.116015 128 128 128
1.76714 -0.285761 -0.117599 128 128 128
1.76448 -0.307595 -0.117687 128 128 128
1.78408 -0.333602 -0.1198 128 128 128
1.79157 -0.357803 -0.120856 128 128 128
1.79387 -0.381206 -0.121472 128 128 128
1.79683 -0.404937 -0.122176 128 128 128
1.79754 -0.428338 -0.122705 128 128 128
1.81244 -0.455448 -0.124553 128 128 128
1.81539 -0.47994 -0.125345 128 128 128
1.81704 -0.504307 -0.12605 128 128 128
1.82506 -0.530729 -0.12737 128 128 128
1.82604 -0.555399 -0.128074 128 128 128
1.82763 -0.580474 -0.128866 128 128 128
1.82037 -0.602858 -0.128866 128 128 128
1.83356 -0.632281 -0.130803 128 128 128
1.82941 -0.656077 -0.131155 128 128 128
1.83243 -0.682642 -0.132211 128 128 128
1.83414 -0.709022 -0.13318 128 128 128
1.8327 -0.734435 -0.133884 128 128 128
1.83919 -0.763351 -0.13538 128 128 128
1.82419 -0.783508 -0.134852 128 128 128
1.82719 -0.811487 -0.136084 128 128 128
1.8497 -0.848783 -0.139253 128 128 128
1.86075 -0.88164 -0.141366 128 128 128
1.87217 -0.915332 -0.143567 128 128 128
1.8519 -0.933758 -0.142686 128 128 128
1.8571 -0.96513 -0.144359 128 128 128
1.86269 -0.997239 -0.146119 128 128 128
1.85555 -1.0229 -0.146647 128 128 128
1.85239 -1.051 -0.147616 128 128 128
1.84624 -1.07766 -0.14832 128 128 128
1.82433 -1.09512 -0.14744 128 128 128
1.84552 -1.13885 -0.151049 128 128 128
1.82383 -1.15661 -0.150256 128 128 128
1.37867 -0.898594 -0.104836 128 128 128
1.36505 -0.913784 -0.104571 128 128 128
1.35127 -0.928776 -0.104307 128 128 128
1.34303 -0.947583 -0.104659 128 128 128
1.34018 -0.970412 -0.105628 128 128 128
1.82821 -1.35767 -0.160643 128 128 128
1.80904 -1.3782 -0.160379 128 128 128
1.81005 -1.41439 -0.162404 128 128 128
1.80889 -1.44957 -0.164252 128 128 128
1.79866 -1.47797 -0.165133 128 128 128
1.79335 -1.51084 -0.166629 128 128 128
1.78372 -1.54054 -0.167685 128 128 128
1.77214 -1.56891 -0.168566 128 128 128
1.76088 -1.5979 -0.169534 128 128 128
1.74697 -1.62481 -0.170238 128 128 128
1.73772 -1.65643 -0.171559 128 128 128
1.72582 -1.68598 -0.172615 128 128 128
1.70571 -1.70773 -0.172703 128 128 128
1.69784 -1.74208 -0.174375 128 128 128
1.69076 -1.77794 -0.176224 128 128 128
1.68372 -1.81461 -0.17816 128 128 128
1.67203 -1.84694 -0.179569 128 128 128
1.65716 -1.87628 -0.180625 128 128 128
1.65353 -1.9191 -0.183266 128 128 128
1.64589 -1.95831 -0.185466 128 128 128
1.62552 -1.98298 -0.185995 128 128 128
1.61227 -2.01677 -0.187579 128 128 128
1.60088 -2.05368 -0.189516 128 128 128
1.5834 -2.08348 -0.19066 128 128 128
1.5589 -2.10435 -0.190836 128 128 128
1.54813 -2.14432 -0.193125 128 128 128
1.52284 -2.16478 -0.193301 128 128 128
1.50687 -2.19891 -0.194973 128 128 128
1.48531 -2.22552 -0.195853 128 128 128
1.47092 -2.26362 -0.197966 128 128 128
1.4441 -2.28318 -0.198142 128 128 128
1.42956 -2.32278 -0.200431 128 128 128
1.41323 -2.36066 -0.202543 128 128 128
1.40472 -2.41311 -0.206152 128 128 128
1.37795 -2.43537 -0.20668 128 128 128
1.34988 -2.45558 -0.207033 128 128 128
1.33232 -2.49568 -0.209409 128 128 128
1.31077 -2.52953 -0.21117 128 128 128
1.28456 -2.55521 -0.212138 128 128 128
1.25966 -2.58421 -0.213458 128 128 128
1.23041 -2.60488 -0.213987 128 128 128
1.20166 -2.62702 -0.214691 128 128 128
1.17862 -2.66252 -0.216715 128 128 128
1.15331 -2.69418 -0.218388 128 128 128
1.12741 -2.72561 -0.22006 128 128 128
1.09757 -2.74849 -0.220941 128 128 128
1.07308 -2.78592 -0.223229 128 128 128
1.04402 -2.81288 -0.22455 128 128 128
1.01848 -2.85081 -0.226926 128 128 128
0.986338 -2.87157 -0.227718 128 128 128
0.96196 -2.91656 -0.230799 128 128 128
0.929406 -2.93859 -0.231768 128 128 128
0.896166 -2.95931 -0.232648 128 128 128
0.864776 -2.9873 -0.234232 128 128 128
0.831771 -3.01113 -0.235465 128 128 128
0.796027 -3.02593 -0.235905 128 128 128
0.7644 -3.05769 -0.237929 128 128 128
0.732112 -3.08913 -0.239954 128 128 128
0.698513 -3.11732 -0.241714 128 128 128
0.662269 -3.13541 -0.242595 128 128 128
0.628211 -3.16577 -0.244619 128 128 128
0.592961 -3.19282 -0.24638 128 128 128
0.558332 -3.22636 -0.248756 128 128 128
0.520122 -3.24182 -0.249549 128 128 128
0.482492 -3.26274 -0.250869 128 128 128
0.446303 -3.29704 -0.253422 128 128 128
0.405932 -3.30326 -0.25351 128 128 128
0.343635 -3.11196 -0.236081 128 128 128
0.264724 -2.70256 -0.199374 128 128 128
0.283732 -3.31199 -0.253158 128 128 128
0.247241 -3.37185 -0.258175 128 128 128
0.206822 -3.39053 -0.259584 128 128 128
0.166518 -3.41968 -0.26196 128 128 128
0.125053 -3.4354 -0.263193 128 128 128
0.0835448 -3.46356 -0.265569 128 128 128
0.041157 -3.47429 -0.26645 128 128 128
-0.00148194 -3.49744 -0.268474 128 128 128
-0.0447321 -3.52406 -0.270851 128 128 128
-0.0883661 -3.53917 -0.272259 128 128 128
-0.132231 -3.54977 -0.273315 128 128 128
-0.176761 -3.56778 -0.275076 128 128 128
-0.221202 -3.57628 -0.276044 128 128 128
-0.265731 -3.58223 -0.276836 128 128 128
-0.309329 -3.57473 -0.276484 128 128 128
-0.355322 -3.59248 -0.278421 128 128 128
-0.400589 -3.59874 -0.279389 128 128 128
-0.446184 -3.60541 -0.280445 128 128 128
-0.490529 -3.60065 -0.280533 128 128 128
-0.53804 -3.61702 -0.282558 128 128 128
-0.58571 -3.6308 -0.284407 128 128 128
-0.216122 -1.23745 -0.0704177 128 128 128
-0.231839 -1.23764 -0.0706818 128 128 128
-0.245843 -1.22884 -0.0701536 128 128 128
-0.260285 -1.22281 -0.0698896 128 128 128
-0.275926 -1.22244 -0.0701536 128 128 128
-0.292518 -1.22574 -0.0707698 128 128 128
-0.306569 -1.2182 -0.0704177 128 128 128
-0.967209 -3.66379 -0.294265 128 128 128
-1.01715 -3.66988 -0.295938 128 128 128
-1.06571 -3.66956 -0.297082 128 128 128
-1.11413 -3.66765 -0.298139 128 128 128
-1.15906 -3.6537 -0.298139 128 128 128
-1.20756 -3.65055 -0.299195 128 128 128
-1.25259 -3.6364 -0.299283 128 128 128
-1.30148 -3.63295 -0.300427 128 128 128
-1.34943 -3.62604 -0.301307 128 128 128
-1.40315 -3.63337 -0.303596 128 128 128
-1.45133 -3.62513 -0.304476 128 128 128
-1.49609 -3.60796 -0.304564 128 128 128
-1.54496 -3.60032 -0.305621 128 128 128
-1.60275 -3.61205 -0.308614 128 128 128
-1.64779 -3.59392 -0.30879 128 128 128
-1.69688 -3.58424 -0.309846 128 128 128
-1.74685 -3.57567 -0.311078 128 128 128
-1.7897 -3.55219 -0.310902 128 128 128
-1.83912 -3.54145 -0.312046 128 128 128
-1.88808 -3.52916 -0.313103 128 128 128
-1.93749 -3.51707 -0.314247 128 128 128
-1.9805 -3.49303 -0.314247 128 128 128
-2.03576 -3.48998 -0.316448 128 128 128
-2.08304 -3.47242 -0.31724 128 128 128
-2.12655 -3.44829 -0.317416 128 128 128
-2.16763 -3.42025 -0.31724 128 128 128
-2.21488 -3.40175 -0.31812 128 128 128
-2.25645 -3.37431 -0.31812 128 128 128
-2.29826 -3.34719 -0.318208 128 128 128
-2.34604 -3.3285 -0.319265 128 128 128
-2.38846 -3.30189 -0.319529 128 128 128
-2.59908 -3.16461 -0.321289 128 128 128
-2.62617 -3.11876 -0.319705 128 128 128
-2.65384 -3.07423 -0.318296 128 128 128
-2.74811 -3.1056 -0.325866 128 128 128
-2.79909 -3.01095 -0.322698 128 128 128
-2.83102 -2.97133 -0.322081 128 128 128
-2.86518 -2.93422 -0.321817 128 128 128
-2.92352 -2.92138 -0.324634 128 128 128
-2.96057 -2.88668 -0.32481 128 128 128
-2.97557 -2.8309 -0.322345 128 128 128
-3.00571 -2.7901 -0.321817 128 128 128
-3.04046 -2.75368 -0.321905 128 128 128
-3.08223 -2.72342 -0.322874 128 128 128
-3.1124 -2.68278 -0.322521 128 128 128
-3.12985 -2.63156 -0.320761 128 128 128
-0.924944 -0.757295 -0.0650482 128 128 128
-3.58057 -1.7459 -0.31143 128 128 128
-3.66927 -1.73377 -0.318032 128 128 128
-3.66491 -1.677 -0.315567 128 128 128
-3.66882 -1.62463 -0.313983 128 128 128
-3.69123 -1.58066 -0.314247 128 128 128
-2.64167 1.12604 -0.282914 128 128 128
-2.60766 1.14952 -0.280446 128 128 128
-2.59335 1.18144 -0.280446 128 128 128
-1.28589 1.04877 -0.146075 128 128 128
-1.71911 1.55072 -0.220103 128 128 128
-1.65916 1.53385 -0.213822 128 128 128
-1.65712 1.64935 -0.222682 128 128 128
-1.60689 1.639 -0.217859 128 128 128
-1.56609 1.63702 -0.214495 128 128 128
-1.5425 1.65248 -0.213934 128 128 128
-1.47336 1.61757 -0.205746 128 128 128
-1.4007 1.57601 -0.196773 128 128 128
-1.42152 1.6397 -0.203727 128 128 128
-1.39809 1.65322 -0.203166 128 128 128
-1.37896 1.67179 -0.20339 128 128 128
-1.34343 1.66998 -0.200699 128 128 128
-1.27572 1.71111 -0.199689 128 128 128
-1.23889 1.7049 -0.196661 128 128 128
-1.2007 1.69562 -0.193296 128 128 128
-1.17755 1.70695 -0.192847 128 128 128
-1.14214 1.6998 -0.189931 128 128 128
-1.1033 1.68621 -0.18623 128 128 128
-1.08252 1.69962 -0.18623 128 128 128
-1.05167 1.69671 -0.184098 128 128 128
-1.02566 1.70097 -0.182977 128 128 128
-0.99118 1.69026 -0.179948 128 128 128
-0.973306 1.70748 -0.180621 128 128 128
-0.946043 1.70798 -0.179163 128 128 128
-0.912818 1.69668 -0.176247 128 128 128
-0.890096 1.70423 -0.175798 128 128 128
-0.862852 1.7026 -0.174228 128 128 128
-0.840148 1.70949 -0.173779 128 128 128
-0.814427 1.7098 -0.172546 128 128 128
-0.790897 1.71424 -0.171873 128 128 128
-0.761332 1.70475 -0.169517 128 128 128
-0.738002 1.70848 -0.168844 128 128 128
-0.712411 1.7064 -0.167498 128 128 128
-0.687721 1.70579 -0.166377 128 128 128
-0.656348 1.68722 -0.163124 128 128 128
-0.636634 1.69794 -0.16346 128 128 128
-0.611055 1.69253 -0.16189 128 128 128
-0.581494 1.67454 -0.158862 128 128 128
-0.558403 1.674 -0.157965 128 128 128
-0.536615 1.67694 -0.157516 128 128 128
-0.515418 1.68149 -0.157292 128 128 128
-0.486423 1.65907 -0.153927 128 128 128
-0.464168 1.65821 -0.153142 128 128 128
-0.443784 1.66378 -0.153142 128 128 128
-0.421881 1.66332 -0.152469 128 128 128
-0.397754 1.6529 -0.150674 128 128 128
-0.37744 1.65766 -0.150674 128 128 128
-0.352528 1.64078 -0.148206 128 128 128
-0.33509 1.65863 -0.149777 128 128 128
-0.31033 1.63917 -0.147085 128 128 128
-0.290191 1.64286 -0.147085 128 128 128
-0.269375 1.64237 -0.146636 128 128 128
-0.248908 1.64359 -0.146412 128 128 128
-0.227779 1.63963 -0.145627 128 128 128
-0.205562 1.62553 -0.14372 128 128 128
-0.184718 1.62003 -0.142823 128 128 128
-0.164823 1.62218 -0.142823 128 128 128
-0.143186 1.60428 -0.140579 128 128 128
-0.12312 1.60096 -0.140018 128 128 128
-0.103464 1.60235 -0.140018 128 128 128
-0.0835954 1.59953 -0.13957 128 128 128
-0.0628809 1.57164 -0.136317 128 128 128
-0.0435397 1.57031 -0.136093 128 128 128
-0.0242535 1.56973 -0.135981 128 128 128
-0.00498219 1.55997 -0.134859 128 128 128
0.014046 1.54998 -0.133737 128 128 128
0.0330418 1.5487 -0.133625 128 128 128
0.0523316 1.55612 -0.134523 128 128 128
0.0707982 1.54246 -0.133064 128 128 128
0.0886963 1.52461 -0.131158 128 128 128
0.106457 1.51052 -0.1297 128 128 128
0.124139 1.4992 -0.128578 128 128 128
0.142334 1.49559 -0.128354 128 128 128
0.160676 1.49373 -0.128354 128 128 128
0.177664 1.48079 -0.12712 128 128 128
0.194092 1.4657 -0.125662 128 128 128
0.21279 1.46812 -0.126222 128 128 128
0.231104 1.46736 -0.126447 128 128 128
0.248417 1.4605 -0.125998 128 128 128
0.264145 1.44562 -0.124652 128 128 128
0.283604 1.45104 -0.125662 128 128 128
0.299133 1.43676 -0.124428 128 128 128
0.315005 1.42522 -0.123531 128 128 128
0.3327 1.42221 -0.123643 128 128 128
0.348201 1.41031 -0.122745 128 128 128
0.365229 1.40497 -0.122633 128 128 128
0.383764 1.40517 -0.123194 128 128 128
0.397389 1.38795 -0.121736 128 128 128
0.417846 1.39438 -0.123082 128 128 128
0.431032 1.37683 -0.121624 128 128 128
0.447273 1.36955 -0.121399 128 128 128
0.464369 1.3649 -0.121512 128 128 128
0.47841 1.35161 -0.120614 128 128 128
0.49496 1.34564 -0.120614 128 128 128
0.510008 1.33575 -0.120166 128 128 128
0.525625 1.32755 -0.119941 128 128 128
0.541496 1.32008 -0.119829 128 128 128
0.556873 1.31151 -0.119605 128 128 128
0.571317 1.30094 -0.119156 128 128 128
0.587239 1.29383 -0.119156 128 128 128
0.605193 1.29102 -0.119717 128 128 128
0.620555 1.2826 -0.119605 128 128 128
0.633571 1.26956 -0.118932 128 128 128
0.64636 1.2564 -0.118259 128 128 128
0.665472 1.25539 -0.119156 128 128 128
0.675563 1.23755 -0.117922 128 128 128
0.693145 1.23349 -0.118483 128 128 128
0.70773 1.22403 -0.118371 128 128 128
0.721677 1.21355 -0.118147 128 128 128
0.734952 1.20206 -0.11781 128 128 128
0.748586 1.19127 -0.117586 128 128 128
0.762607 1.18116 -0.117474 128 128 128
0.780905 1.1775 -0.118259 128 128 128
0.794734 1.16701 -0.118147 128 128 128
0.811854 1.16123 -0.118708 128 128 128
0.816738 1.13829 -0.116913 128 128 128
0.830645 1.12818 -0.116913 128 128 128
0.845629 1.11949 -0.117137 128 128 128
0.863579 1.11451 -0.117922 128 128 128
0.873468 1.09917 -0.117249 128 128 128
0.888781 1.09068 -0.117586 128 128 128
0.896984 1.0736 -0.116689 128 128 128
0.911388 1.06402 -0.116913 128 128 128
0.927008 1.05574 -0.117362 128 128 128
0.939227 1.04354 -0.117249 128 128 128
0.949259 1.02903 -0.116801 128 128 128
0.962499 1.01802 -0.116913 128 128 128
0.974226 1.00542 -0.116801 128 128 128
0.992108 0.999014 -0.117698 128 128 128
1.0178 0.999958 -0.119829 128 128 128
1.0192 0.977108 -0.118147 128 128 128
1.03257 0.965881 -0.118371 128 128 128
1.04508 0.953804 -0.118483 128 128 128
1.05001 0.934979 -0.117474 128 128 128
1.06893 0.928519 -0.118595 128 128 128
1.08328 0.917893 -0.119044 128 128 128
1.09446 0.90453 -0.119044 128 128 128
1.10548 0.891031 -0.119044 128 128 128
1.11555 0.876786 -0.118932 128 128 128
1.13097 0.866644 -0.119605 128 128 128
1.13514 0.84796 -0.118708 128 128 128
1.15512 0.840958 -0.120054 128 128 128
1.16616 0.827292 -0.120166 128 128 128
1.17704 0.813482 -0.120278 128 128 128
1.18942 0.800635 -0.120614 128 128 128
1.18916 0.779469 -0.119268 128 128 128
1.19528 0.762689 -0.11882 128 128 128
1.21131 0.752139 -0.119717 128 128 128
1.23238 0.744377 -0.121287 128 128 128
1.24142 0.729198 -0.121287 128 128 128
1.25114 0.714399 -0.121399 128 128 128
1.26242 0.700431 -0.121736 128 128 128
1.27706 0.688169 -0.122521 128 128 128
1.28629 0.672904 -0.122633 128 128 128
1.29445 0.657069 -0.122633 128 128 128
1.31134 0.645499 -0.123755 128 128 128
1.32096 0.630209 -0.123979 128 128 128
1.31053 0.605663 -0.121736 128 128 128
1.34148 0.600021 -0.124652 128 128 128
1.35057 0.584298 -0.124877 128 128 128
1.36039 0.568823 -0.125213 128 128 128
1.36911 0.552825 -0.125437 128 128 128
1.37486 0.535624 -0.125325 128 128 128
1.38692 0.520793 -0.125998 128 128 128
1.39227 0.503399 -0.125886 128 128 128
1.40022 0.486924 -0.12611 128 128 128
1.40515 0.469392 -0.125998 128 128 128
1.42312 0.456022 -0.127456 128 128 128
1.42861 0.438524 -0.127456 128 128 128
1.45296 0.426508 -0.1297 128 128 128
1.4466 0.405458 -0.128354 128 128 128
1.47932 0.395038 -0.131606 128 128 128
1.48406 0.376855 -0.131606 128 128 128
1.49147 0.359305 -0.131943 128 128 128
1.50159 0.342286 -0.132616 128 128 128
1.50373 0.32342 -0.132391 128 128 128
1.53292 0.31 -0.135308 128 128 128
1.53954 0.291712 -0.135644 128 128 128
1.53909 0.272116 -0.135196 128 128 128
1.54918 0.254318 -0.135981 128 128 128
1.56103 0.236606 -0.13699 128 128 128
1.58548 0.220388 -0.139458 128 128 128
1.57919 0.199815 -0.138448 128 128 128
1.59534 0.181963 -0.140018 128 128 128
1.60735 0.163353 -0.14114 128 128 128
1.61715 0.144303 -0.142037 128 128 128
1.62177 0.124668 -0.142374 128 128 128
1.62715 0.105004 -0.142823 128 128 128
1.63923 0.0855717 -0.144056 128 128 128
1.64115 0.0654867 -0.144169 128 128 128
1.66567 0.0459432 -0.14686 128 128 128
1.66114 0.0254352 -0.1463 128 128 128
1.66232 0.00504917 -0.146412 128 128 128
1.68114 -0.0155698 -0.148543 128 128 128
1.67188 -0.0359851 -0.147533 128 128 128
1.68521 -0.0570018 -0.149104 128 128 128
1.69034 -0.0779663 -0.149777 128 128 128
1.69223 -0.0988844 -0.150113 128 128 128
1.70378 -0.120585 -0.151571 128 128 128
1.69821 -0.141146 -0.151123 128 128 128
1.71019 -0.163329 -0.152693 128 128 128
1.71991 -0.18561 -0.154039 128 128 128
1.71948 -0.206944 -0.154263 128 128 128
1.7306 -0.229892 -0.155833 128 128 128
1.74141 -0.253144 -0.157404 128 128 128
1.75092 -0.276539 -0.158862 128 128 128
1.75034 -0.298512 -0.159198 128 128 128
1.75924 -0.322325 -0.160656 128 128 128
1.76978 -0.346788 -0.162339 128 128 128
1.78289 -0.372173 -0.164358 128 128 128
1.7937 -0.397497 -0.166152 128 128 128
1.79352 -0.420623 -0.166713 128 128 128
1.79401 -0.444046 -0.167386 128 128 128
1.81534 -0.473101 -0.170527 128 128 128
1.79886 -0.492434 -0.169293 128 128 128
1.8175 -0.521651 -0.172209 128 128 128
1.81952 -0.546506 -0.173219 128 128 128
1.82215 -0.571788 -0.17434 128 128 128
1.81971 -0.595661 -0.174901 128 128 128
1.82261 -0.621496 -0.176135 128 128 128
1.81765 -0.644818 -0.176471 128 128 128
1.82171 -0.671567 -0.177929 128 128 128
1.81611 -0.694943 -0.178266 128 128 128
1.83144 -0.726755 -0.181182 128 128 128
1.82055 -0.748415 -0.180958 128 128 128
1.8295 -0.778518 -0.183201 128 128 128
1.8189 -0.800508 -0.183089 128 128 128
1.84328 -0.838471 -0.187351 128 128 128
1.84094 -0.864846 -0.188361 128 128 128
1.84091 -0.892595 -0.189707 128 128 128
1.83337 -0.916903 -0.190155 128 128 128
1.84668 -0.95213 -0.193296 128 128 128
1.84275 -0.978931 -0.194305 128 128 128
1.84279 -1.00817 -0.195876 128 128 128
1.84325 -1.03805 -0.197558 128 128 128
1.83897 -1.06559 -0.19868 128 128 128
1.84451 -1.0993 -0.201147 128 128 128
1.82749 -1.11977 -0.200699 128 128 128
1.82705 -1.15061 -0.202493 128 128 128
1.79696 -1.16266 -0.200362 128 128 128
1.35935 -0.90224 -0.142935 128 128 128
1.34408 -0.916046 -0.142374 128 128 128
1.32786 -0.929041 -0.141701 128 128 128
1.31152 -0.941776 -0.141028 128 128 128
1.74864 -1.29018 -0.204063 128 128 128
1.80309 -1.36504 -0.214046 128 128 128
1.78934 -1.38951 -0.214495 128 128 128
1.78923 -1.42501 -0.216962 128 128 128
1.77929 -1.45316 -0.218084 128 128 128
1.78719 -1.49662 -0.221897 128 128 128
1.77246 -1.52168 -0.222458 128 128 128
1.77376 -1.56108 -0.225486 128 128 128
1.75668 -1.58473 -0.225823 128 128 128
1.75021 -1.61833 -0.227842 128 128 128
1.73598 -1.64516 -0.228739 128 128 128
1.72278 -1.67328 -0.229861 128 128 128
1.70774 -1.69991 -0.230758 128 128 128
1.6937 -1.72785 -0.23188 128 128 128
1.68402 -1.76073 -0.233786 128 128 128
1.68733 -1.80818 -0.237937 128 128 128
1.66702 -1.83096 -0.238273 128 128 128
1.6385 -1.84458 -0.237264 128 128 128
1.64886 -1.9029 -0.242984 128 128 128
1.63115 -1.92983 -0.243993 128 128 128
1.6269 -1.9735 -0.24747 128 128 128
1.61623 -2.01038 -0.249938 128 128 128
1.58716 -2.02458 -0.249153 128 128 128
1.58327 -2.07157 -0.253078 128 128 128
1.56306 -2.09802 -0.254088 128 128 128
1.54361 -2.1259 -0.255322 128 128 128
1.52084 -2.14955 -0.255995 128 128 128
1.50616 -2.18526 -0.25835 128 128 128
1.48752 -2.21596 -0.260033 128 128 128
1.45968 -2.23322 -0.25992 128 128 128
1.44546 -2.27194 -0.262724 128 128 128
1.43522 -2.31826 -0.266538 128 128 128
1.40359 -2.33058 -0.265865 128 128 128
1.39442 -2.3811 -0.270239 128 128 128
1.37196 -2.41013 -0.27181 128 128 128
1.35092 -2.44245 -0.273829 128 128 128
1.33163 -2.479 -0.276408 128 128 128
1.31165 -2.51543 -0.278988 128 128 128
1.28247 -2.53489 -0.279437 128 128 128
1.26 -2.56829 -0.28168 128 128 128
1.23434 -2.59613 -0.28325 128 128 128
1.21192 -2.63185 -0.28583 128 128 128
1.17832 -2.6438 -0.285493 128 128 128
1.14932 -2.66628 -0.286503 128 128 128
1.12451 -2.69946 -0.288858 128 128 128
1.10017 -2.73519 -0.29155 128 128 128
1.07154 -2.76146 -0.293121 128 128 128
1.04971 -2.807 -0.297046 128 128 128
1.01988 -2.83276 -0.298617 128 128 128
0.988602 -2.8554 -0.29985 128 128 128
0.959109 -2.88429 -0.301869 128 128 128
0.933566 -2.9271 -0.305571 128 128 128
0.899599 -2.94499 -0.306356 128 128 128
0.867275 -2.96917 -0.307926 128 128 128
0.83529 -2.99587 -0.309833 128 128 128
0.800494 -3.01358 -0.31073 128 128 128
0.768294 -3.04245 -0.312973 128 128 128
0.732513 -3.05841 -0.313758 128 128 128
0.696236 -3.07299 -0.314431 128 128 128
0.668795 -3.1299 -0.32004 128 128 128
0.632087 -3.14664 -0.321049 128 128 128
0.599996 -3.18933 -0.325087 128 128 128
0.5632 -3.21015 -0.326657 128 128 128
0.526142 -3.23154 -0.32834 128 128 128
0.49084 -3.26724 -0.331705 128 128 128
0.45259 -3.2868 -0.333275 128 128 128
0.412588 -3.29506 -0.333611 128 128 128
0.374215 -3.31864 -0.335742 128 128 128
0.33258 -3.31409 -0.334733 128 128 128
0.235962 -2.67345 -0.261715 128 128 128
0.252328 -3.3371 -0.336528 128 128 128
0.214252 -3.38656 -0.341799 128 128 128
0.173418 -3.40382 -0.343482 128 128 128
0.132194 -3.42059 -0.345164 128 128 128
0.0907335 -3.44282 -0.347519 128 128 128
0.0489276 -3.47845 -0.351445 128 128 128
0.0062439 -3.48773 -0.352455 128 128 128
-0.0367295 -3.50245 -0.354137 128 128 128
-0.0801107 -3.51862 -0.356044 128 128 128
-0.124038 -3.53823 -0.358399 128 128 128
-0.167881 -3.54537 -0.359409 128 128 128
-0.212702 -3.56486 -0.361876 128 128 128
-0.257229 -3.57289 -0.36311 128 128 128
-0.30207 -3.58134 -0.364456 128 128 128
-0.346383 -3.58132 -0.364905 128 128 128
-0.391285 -3.58569 -0.365914 128 128 128
-0.437072 -3.59541 -0.367597 128 128 128
-0.482491 -3.59963 -0.368718 128 128 128
-0.529967 -3.61604 -0.371298 128 128 128
-0.577603 -3.62987 -0.373653 128 128 128
-0.624811 -3.63818 -0.375448 128 128 128
-0.226628 -1.24338 -0.101435 128 128 128
-0.235686 -1.20931 -0.0978453 128 128 128
-0.25297 -1.21799 -0.0991913 128 128 128
-0.264424 -1.19928 -0.0973967 128 128 128
-0.282327 -1.20948 -0.098967 128 128 128
-0.296666 -1.204 -0.0987426 128 128 128
-0.31824 -1.22622 -0.101771 128 128 128
-1.00987 -3.6734 -0.388795 128 128 128
-1.05543 -3.66264 -0.38902 128 128 128
-1.10346 -3.65988 -0.390253 128 128 128
-1.15218 -3.65838 -0.391712 128 128 128
-1.19979 -3.65246 -0.392721 128 128 128
-1.24936 -3.65156 -0.394403 128 128 128
-1.29407 -3.63595 -0.394403 128 128 128
-1.3462 -3.64029 -0.396871 128 128 128
-1.39505 -3.63463 -0.398217 128 128 128
-1.44471 -3.63015 -0.399787 128 128 128
-1.49332 -3.62225 -0.401021 128 128 128
-1.54274 -3.61553 -0.402479 128 128 128
-1.59624 -3.61723 -0.405059 128 128 128
-1.6496 -3.61725 -0.407526 128 128 128
-1.69429 -3.59763 -0.407639 128 128 128
-1.74354 -3.58729 -0.408985 128 128 128
-1.78341 -3.55763 -0.407975 128 128 128
-1.83699 -3.55489 -0.410443 128 128 128
-1.88562 -3.54172 -0.411677 128 128 128
-1.93086 -3.5218 -0.412125 128 128 128
-1.9842 -3.516 -0.414481 128 128 128
-2.0277 -3.49225 -0.414593 128 128 128
-2.0755 -3.47563 -0.415714 128 128 128
-2.12373 -3.45921 -0.416948 128 128 128
-2.16655 -3.43373 -0.41706 128 128 128
-2.21123 -3.41105 -0.417621 128 128 128
-2.25678 -3.38944 -0.418406 128 128 128
-2.29708 -3.35985 -0.418182 128 128 128
-2.33871 -3.33222 -0.418294 128 128 128
-2.38873 -3.31616 -0.420089 128 128 128
-2.42806 -3.285 -0.419864 128 128 128
-2.47421 -3.26287 -0.420986 128 128 128
-2.51039 -3.22756 -0.420313 128 128 128
-2.63261 -3.13906 -0.42121 128 128 128
-2.68455 -3.12233 -0.423566 128 128 128
-2.71082 -3.07574 -0.421547 128 128 128
-2.74636 -3.04003 -0.42121 128 128 128
-2.84342 -2.9962 -0.425024 128 128 128
-2.88552 -2.96678 -0.425921 128 128 128
-2.91961 -2.92904 -0.425585 128 128 128
-2.9468 -2.88465 -0.424239 128 128 128
-2.98198 -2.84827 -0.424239 128 128 128
-3.03199 -2.82568 -0.426594 128 128 128
-3.05319 -2.77624 -0.424575 128 128 128
-3.09149 -2.74251 -0.425248 128 128 128
-3.10386 -2.68618 -0.422108 128 128 128
-3.14191 -2.65237 -0.422893 128 128 128
-3.15119 -2.59469 -0.419528 128 128 128
-3.83408 -1.65082 -0.429959 128 128 128
-3.71546 -1.54613 -0.413022 128 128 128
-3.73323 -1.50005 -0.41291 128 128 128
-1.36915 0.990991 -0.191688 128 128 128
-1.45078 1.07734 -0.207845 128 128 128
-1.41931 1.08126 -0.204696 128 128 128
-1.33409 1.04254 -0.192098 128 128 128
-1.30959 1.04955 -0.190045 128 128 128
-1.59901 1.48684 -0.259877 128 128 128
-1.65311 1.57532 -0.273706 128 128 128
-1.65848 1.6197 -0.278499 128 128 128
-1.62516 1.62662 -0.275897 128 128 128
-1.41519 1.68352 -0.262068 128 128 128
-1.33534 1.62878 -0.249197 128 128 128
-1.3102 1.68059 -0.25262 128 128 128
-1.28888 1.69575 -0.252483 128 128 128
-1.25971 1.7003 -0.250566 128 128 128
-1.23759 1.71403 -0.250292 128 128 128
-1.20734 1.71613 -0.248101 128 128 128
-1.16993 1.70713 -0.24413 128 128 128
-1.14339 1.71312 -0.242761 128 128 128
-1.11094 1.70959 -0.239886 128 128 128
-1.07768 1.70384 -0.236736 128 128 128
-1.05617 1.7161 -0.236599 128 128 128
-1.02535 1.71279 -0.233998 128 128 128
-0.995278 1.70984 -0.231533 128 128 128
-0.961035 1.69865 -0.227836 128 128 128
-0.942029 1.71379 -0.228384 128 128 128
-0.914855 1.71386 -0.226604 128 128 128
-0.882346 1.70298 -0.223181 128 128 128
-0.860045 1.71103 -0.22277 128 128 128
-0.832465 1.7081 -0.220716 128 128 128
-0.813559 1.72266 -0.221401 128 128 128
-0.786169 1.71901 -0.219347 128 128 128
-0.756984 1.71042 -0.216608 128 128 128
-0.733595 1.71411 -0.215787 128 128 128
-0.708334 1.71292 -0.21428 128 128 128
-0.686892 1.72056 -0.214144 128 128 128
-0.653601 1.69744 -0.209488 128 128 128
-0.638246 1.72019 -0.211679 128 128 128
-0.607741 1.70178 -0.207845 128 128 128
-0.579075 1.68663 -0.204559 128 128 128
-0.558334 1.69361 -0.204559 128 128 128
-0.531224 1.6805 -0.201683 128 128 128
-0.505958 1.67173 -0.199492 128 128 128
-0.483474 1.67115 -0.198534 128 128 128
-0.4587 1.66169 -0.196343 128 128 128
-0.437011 1.6624 -0.195659 128 128 128
-0.415374 1.66283 -0.194974 128 128 128
-0.389441 1.64468 -0.191688 128 128 128
-0.369012 1.64836 -0.191551 128 128 128
-0.348551 1.6518 -0.191414 128 128 128
-0.325547 1.64235 -0.189497 128 128 128
-0.304461 1.64135 -0.188812 128 128 128
-0.285483 1.6518 -0.189771 128 128 128
-0.262356 1.63757 -0.187306 128 128 128
-0.241659 1.63675 -0.186758 128 128 128
-0.219687 1.62585 -0.184841 128 128 128
-0.200326 1.63334 -0.185526 128 128 128
-0.178956 1.62386 -0.183883 128 128 128
-0.158821 1.62396 -0.183609 128 128 128
-0.138795 1.6248 -0.183472 128 128 128
-0.117897 1.61354 -0.181692 128 128 128
-0.0972349 1.60102 -0.179775 128 128 128
-0.0774343 1.59913 -0.179364 128 128 128
-0.0575852 1.59402 -0.178543 128 128 128
-0.0377265 1.58272 -0.1769 128 128 128
-0.0181415 1.57019 -0.17512 128 128 128
0.00112838 1.57128 -0.175257 128 128 128
0.0201217 1.54738 -0.17197 128 128 128
0.0393024 1.55494 -0.173066 128 128 128
0.0574363 1.5286 -0.169506 128 128 128
0.0764327 1.53273 -0.17019 128 128 128
0.0942661 1.51586 -0.168 128 128 128
0.112061 1.50372 -0.166493 128 128 128
0.131184 1.51013 -0.167589 128 128 128
0.149415 1.50544 -0.167178 128 128 128
0.166242 1.48873 -0.165124 128 128 128
0.184256 1.48461 -0.16485 128 128 128
0.201262 1.4734 -0.163618 128 128 128
0.219183 1.46984 -0.163481 128 128 128
0.235002 1.45335 -0.161564 128 128 128
0.252481 1.4484 -0.16129 128 128 128
0.270417 1.44617 -0.161427 128 128 128
0.288143 1.44274 -0.161427 128 128 128
0.304801 1.43425 -0.160742 128 128 128
0.322379 1.43041 -0.160742 128 128 128
0.338535 1.42056 -0.159921 128 128 128
0.355221 1.41341 -0.15951 128 128 128
0.367744 1.39075 -0.156909 128 128 128
0.386367 1.39186 -0.15773 128 128 128
0.40397 1.38892 -0.158004 128 128 128
0.423283 1.39144 -0.159099 128 128 128
0.435542 1.37103 -0.156909 128 128 128
0.454508 1.37217 -0.157867 128 128 128
0.466803 1.35337 -0.15595 128 128 128
0.481707 1.34288 -0.155265 128 128 128
0.502291 1.34801 -0.156909 128 128 128
0.513449 1.32788 -0.154855 128 128 128
0.531544 1.32608 -0.155539 128 128 128
0.548156 1.32037 -0.155676 128 128 128
0.562367 1.30899 -0.154992 128 128 128
0.579993 1.30561 -0.155539 128 128 128
0.590198 1.28579 -0.153622 128 128 128
0.610589 1.2883 -0.155128 128 128 128
0.622009 1.27181 -0.153759 128 128 128
0.63846 1.26585 -0.154033 128 128 128
0.650753 1.25176 -0.153075 128 128 128
0.667466 1.2463 -0.153485 128 128 128
0.681277 1.23541 -0.153075 128 128 128
0.698827 1.23127 -0.153759 128 128 128
0.714881 1.22431 -0.154033 128 128 128
0.720178 1.19931 -0.151431 128 128 128
0.738478 1.19628 -0.15239 128 128 128
0.752572 1.18629 -0.152253 128 128 128
0.765993 1.17531 -0.151979 128 128 128
0.778707 1.16335 -0.151568 128 128 128
0.798528 1.16187 -0.152938 128 128 128
0.809874 1.14794 -0.152253 128 128 128
0.825061 1.13952 -0.152527 128 128 128
0.836622 1.12612 -0.151979 128 128 128
0.848579 1.11341 -0.151568 128 128 128
0.869491 1.11228 -0.153212 128 128 128
0.879361 1.09689 -0.15239 128 128 128
0.889614 1.08218 -0.151705 128 128 128
0.90474 1.07346 -0.152116 128 128 128
0.926902 1.07278 -0.154033 128 128 128
0.93606 1.05687 -0.153212 128 128 128
0.946299 1.04237 -0.152664 128 128 128
0.956997 1.0285 -0.152253 128 128 128
0.96818 1.01524 -0.151979 128 128 128
0.983332 1.00612 -0.152527 128 128 128
0.993504 0.991877 -0.152116 128 128 128
1.00915 0.98307 -0.152801 128 128 128
1.02687 0.976077 -0.153896 128 128 128
1.0395 0.964077 -0.154033 128 128 128
1.04758 0.947921 -0.153348 128 128 128
1.05617 0.93237 -0.152801 128 128 128
1.07053 0.921927 -0.153348 128 128 128
1.08252 0.909358 -0.153485 128 128 128
1.09743 0.899148 -0.15417 128 128 128
1.10528 0.883137 -0.153622 128 128 128
1.11994 0.872555 -0.154307 128 128 128
1.13214 0.859946 -0.154581 128 128 128
1.13863 0.843037 -0.153896 128 128 128
1.15291 0.831902 -0.154581 128 128 128
1.15655 0.813128 -0.153485 128 128 128
1.18114 0.808963 -0.15595 128 128 128
1.19016 0.793858 -0.155813 128 128 128
1.19815 0.778112 -0.155539 128 128 128
1.21012 0.764941 -0.15595 128 128 128
1.22026 0.750553 -0.156087 128 128 128
1.22937 0.735522 -0.156087 128 128 128
1.24601 0.72487 -0.157319 128 128 128
1.24878 0.706107 -0.156361 128 128 128
1.26516 0.695029 -0.157593 128 128 128
1.27447 0.679918 -0.15773 128 128 128
1.28623 0.666053 -0.158278 128 128 128
1.29785 0.652 -0.158825 128 128 128
1.30664 0.636459 -0.158962 128 128 128
1.31972 0.622919 -0.159784 128 128 128
1.31916 0.602963 -0.158552 128 128 128
1.33461 0.590344 -0.159784 128 128 128
1.34085 0.573531 -0.159647 128 128 128
1.3606 0.562342 -0.161564 128 128 128
1.36372 0.544132 -0.161016 128 128 128
1.36752 0.526286 -0.160606 128 128 128
1.37944 0.511536 -0.161427 128 128 128
1.39681 0.498576 -0.16307 128 128 128
1.40189 0.481075 -0.162933 128 128 128
1.41239 0.46539 -0.163618 128 128 128
1.41516 0.447125 -0.163207 128 128 128
1.42623 0.431451 -0.164029 128 128 128
1.44378 0.417505 -0.165809 128 128 128
1.4507 0.400284 -0.166083 128 128 128
1.47083 0.386493 -0.168273 128 128 128
1.48603 0.371064 -0.16978 128 128 128
1.49144 0.353029 -0.169916 128 128 128
1.49759 0.335134 -0.17019 128 128 128
1.52194 0.321042 -0.173066 128 128 128
1.51703 0.300601 -0.171833 128 128 128
1.53423 0.284503 -0.17375 128 128 128
1.54542 0.26701 -0.174846 128 128 128
1.56814 0.251175 -0.177584 128 128 128
1.56326 0.230748 -0.176489 128 128 128
1.57481 0.212748 -0.177721 128 128 128
1.58025 0.193771 -0.178132 128 128 128
1.60417 0.176769 -0.181144 128 128 128
1.60326 0.156779 -0.180734 128 128 128
1.61296 0.137773 -0.181829 128 128 128
1.61157 0.117751 -0.181418 128 128 128
1.62772 0.0988784 -0.183472 128 128 128
1.63475 0.0791888 -0.184294 128 128 128
1.64351 0.0594147 -0.185389 128 128 128
1.65303 0.0394617 -0.186621 128 128 128
1.65339 0.0191735 -0.186621 128 128 128
1.66737 -0.00111581 -0.188538 128 128 128
1.67119 -0.021625 -0.189086 128 128 128
1.67179 -0.0421557 -0.189223 128 128 128
1.67115 -0.062668 -0.189223 128 128 128
1.69004 -0.0841404 -0.191962 128 128 128
1.68987 -0.104934 -0.192098 128 128 128
1.69537 -0.126173 -0.193057 128 128 128
1.70949 -0.148326 -0.195248 128 128 128
1.7105 -0.169584 -0.195659 128 128 128
1.70632 -0.190343 -0.195385 128 128 128
1.71565 -0.212721 -0.197028 128 128 128
1.74138 -0.237621 -0.200999 128 128 128
1.75107 -0.260861 -0.202779 128 128 128
1.74969 -0.282644 -0.203053 128 128 128
1.7539 -0.305448 -0.204148 128 128 128
1.77437 -0.331478 -0.207571 128 128 128
1.77114 -0.35342 -0.207708 128 128 128
1.7657 -0.374923 -0.207571 128 128 128
1.78029 -0.400901 -0.21031 128 128 128
1.78295 -0.424547 -0.211405 128 128 128
1.78721 -0.448801 -0.212774 128 128 128
1.80839 -0.477764 -0.216608 128 128 128
1.8043 -0.500448 -0.216882 128 128 128
1.81991 -0.528895 -0.220031 128 128 128
1.80665 -0.549176 -0.219073 128 128 128
1.80733 -0.573697 -0.220168 128 128 128
1.80485 -0.597386 -0.220853 128 128 128
1.80956 -0.623677 -0.222633 128 128 128
1.8083 -0.648171 -0.223591 128 128 128
1.81136 -0.674453 -0.225235 128 128 128
1.80849 -0.698769 -0.226056 128 128 128
1.80898 -0.724586 -0.227425 128 128 128
1.81825 -0.75431 -0.230164 128 128 128
1.81705 -0.780077 -0.231396 128 128 128
1.82093 -0.808336 -0.23345 128 128 128
1.82889 -0.838869 -0.236189 128 128 128
1.83636 -0.869717 -0.238927 128 128 128
1.8398 -0.899136 -0.241118 128 128 128
1.83747 -0.926098 -0.242487 128 128 128
1.84092 -0.956331 -0.244815 128 128 128
1.83691 -0.983051 -0.246047 128 128 128
1.83252 -1.00982 -0.24728 128 128 128
1.83809 -1.04248 -0.250155 128 128 128
1.83628 -1.07144 -0.251935 128 128 128
1.8196 -1.09186 -0.251387 128 128 128
1.81703 -1.12086 -0.253167 128 128 128
1.81067 -1.14784 -0.2544 128 128 128
1.78731 -1.16403 -0.252894 128 128 128
1.34786 -0.901959 -0.18224 128 128 128
1.33424 -0.91675 -0.181829 128 128 128
1.32046 -0.931344 -0.181418 128 128 128
1.31776 -0.95386 -0.182924 128 128 128
1.73724 -1.28973 -0.257138 128 128 128
1.80091 -1.37152 -0.270968 128 128 128
1.78941 -1.39778 -0.271926 128 128 128
1.78063 -1.42644 -0.273432 128 128 128
1.77678 -1.4595 -0.275897 128 128 128
1.7701 -1.49076 -0.277951 128 128 128
1.76668 -1.52531 -0.28069 128 128 128
1.7597 -1.55737 -0.28288 128 128 128
1.74927 -1.58683 -0.284523 128 128 128
1.73692 -1.61491 -0.285893 128 128 128
1.72558 -1.6443 -0.287536 128 128 128
1.70811 -1.66812 -0.288084 128 128 128
1.69312 -1.69456 -0.289179 128 128 128
1.68396 -1.72726 -0.291507 128 128 128
1.69337 -1.78008 -0.297668 128 128 128
1.67815 -1.80798 -0.299038 128 128 128
1.65982 -1.83284 -0.299859 128 128 128
1.64443 -1.86123 -0.301365 128 128 128
1.64023 -1.90302 -0.305336 128 128 128
1.63589 -1.94574 -0.309444 128 128 128
1.61315 -1.9672 -0.309718 128 128 128
1.59879 -1.99922 -0.311909 128 128 128
1.58389 -2.03118 -0.314099 128 128 128
1.56964 -2.06466 -0.316564 128 128 128
1.54596 -2.08615 -0.316975 128 128 128
1.52546 -2.11219 -0.318207 128 128 128
1.51369 -2.15099 -0.32163 128 128 128
1.49783 -2.18493 -0.324232 128 128 128
1.47256 -2.20561 -0.324643 128 128 128
1.45835 -2.24344 -0.327929 128 128 128
1.43548 -2.2687 -0.329161 128 128 128
1.41532 -2.2988 -0.331215 128 128 128
1.4084 -2.35167 -0.336966 128 128 128
1.38692 -2.38162 -0.33902 128 128 128
1.37078 -2.42173 -0.342717 128 128 128
1.33952 -2.43576 -0.342306 128 128 128
1.32121 -2.47386 -0.345729 128 128 128
1.30353 -2.5145 -0.349563 128 128 128
1.27792 -2.54092 -0.351206 128 128 128
1.24881 -2.56087 -0.351891 128 128 128
1.22365 -2.58943 -0.353945 128 128 128
1.19591 -2.61326 -0.355314 128 128 128
1.16656 -2.63407 -0.356273 128 128 128
1.14313 -2.66913 -0.359422 128 128 128
1.11939 -2.70492 -0.362708 128 128 128
1.10377 -2.7626 -0.369281 128 128 128
1.06943 -2.77501 -0.369144 128 128 128
1.03737 -2.7935 -0.369965 128 128 128
1.01536 -2.84052 -0.375031 128 128 128
0.983326 -2.8612 -0.376264 128 128 128
0.958087 -2.90315 -0.380645 128 128 128
0.925083 -2.92319 -0.381878 128 128 128
0.894895 -2.95328 -0.384616 128 128 128
0.85969 -2.96784 -0.385164 128 128 128
0.828228 -2.99631 -0.387766 128 128 128
0.794174 -3.01678 -0.389272 128 128 128
0.759261 -3.03495 -0.390504 128 128 128
0.728373 -3.07102 -0.394338 128 128 128
0.69541 -3.10099 -0.39735 128 128 128
0.660588 -3.1248 -0.399541 128 128 128
0.629154 -3.16764 -0.404471 128 128 128
0.592956 -3.18973 -0.406524 128 128 128
0.558006 -3.22117 -0.409948 128 128 128
0.520167 -3.23853 -0.411454 128 128 128
0.483442 -3.26525 -0.414329 128 128 128
0.446004 -3.29056 -0.417068 128 128 128
0.406683 -3.30464 -0.4183 128 128 128
0.368067 -3.3271 -0.420765 128 128 128
0.324683 -3.30574 -0.417205 128 128 128
0.284262 -3.31144 -0.417478 128 128 128
0.244261 -3.32357 -0.418711 128 128 128
0.206806 -3.3807 -0.426242 128 128 128
0.166424 -3.40574 -0.429391 128 128 128
0.125606 -3.43425 -0.433088 128 128 128
0.0842353 -3.46722 -0.43747 128 128 128
0.0418404 -3.48087 -0.43925 128 128 128
-0.000874885 -3.50787 -0.442947 128 128 128
-0.0439699 -3.51156 -0.443494 128 128 128
-0.08776 -3.53947 -0.447465 128 128 128
-0.131588 -3.54902 -0.448971 128 128 128
-0.175566 -3.55604 -0.450204 128 128 128
-0.219918 -3.56548 -0.451847 128 128 128
-0.263947 -3.56647 -0.452395 128 128 128
-0.308626 -3.57382 -0.453901 128 128 128
-0.352556 -3.57075 -0.454038 128 128 128
-0.399075 -3.59076 -0.457461 128 128 128
-0.446864 -3.61607 -0.461706 128 128 128
-0.49307 -3.62406 -0.463623 128 128 128
-0.539393 -3.63048 -0.465403 128 128 128
-0.587206 -3.64412 -0.468278 128 128 128
-0.632727 -3.64152 -0.468963 128 128 128
-0.233455 -1.2475 -0.133494 128 128 128
-0.242373 -1.21248 -0.128976 128 128 128
-0.256823 -1.20748 -0.128702 128 128 128
-0.273574 -1.21293 -0.129934 128 128 128
-0.288438 -1.20949 -0.129934 128 128 128
-0.306626 -1.21931 -0.131851 128 128 128
-0.322323 -1.21833 -0.132262 128 128 128
-1.02332 -3.69468 -0.487995 128 128 128
-1.06582 -3.67233 -0.486626 128 128 128
-1.11426 -3.67035 -0.488269 128 128 128
-1.1625 -3.66678 -0.489775 128 128 128
-1.21114 -3.66353 -0.491419 128 128 128
-1.25633 -3.64933 -0.491555 128 128 128
-1.30969 -3.65789 -0.495115 128 128 128
-1.36172 -3.66104 -0.497991 128 128 128
-1.41439 -3.66439 -0.501003 128 128 128
-1.46072 -3.65043 -0.501551 128 128 128
-1.50958 -3.6423 -0.503057 128 128 128
-1.55884 -3.63443 -0.5047 128 128 128
-1.60814 -3.62589 -0.506343 128 128 128
-1.66159 -3.6257 -0.509356 128 128 128
-1.7068 -3.60683 -0.50963 128 128 128
-1.76136 -3.60698 -0.512916 128 128 128
-1.80994 -3.59394 -0.514285 128 128 128
-1.85436 -3.57234 -0.514422 128 128 128
-1.89853 -3.55019 -0.514559 128 128 128
-1.94195 -3.52662 -0.514559 128 128 128
-1.99192 -3.51459 -0.516476 128 128 128
-2.03988 -3.49844 -0.517845 128 128 128
-2.08419 -3.4757 -0.518256 128 128 128
-2.13188 -3.45829 -0.519625 128 128 128
-2.17363 -3.43103 -0.519488 128 128 128
-2.23393 -3.43233 -0.524144 128 128 128
-2.26158 -3.38325 -0.520584 128 128 128
-2.59178 -3.23706 -0.531264 128 128 128
-2.63697 -3.21191 -0.532496 128 128 128
-2.68575 -3.19068 -0.53455 128 128 128
-2.71241 -3.14322 -0.531949 128 128 128
-2.74028 -3.09783 -0.529758 128 128 128
-2.81334 -3.10287 -0.537015 128 128 128
-2.8357 -3.05142 -0.533866 128 128 128
-2.87566 -3.01926 -0.534413 128 128 128
-2.91112 -2.98233 -0.534139 128 128 128
-2.9517 -2.95058 -0.534961 128 128 128
-2.99406 -2.92037 -0.536193 128 128 128
-3.06267 -2.91483 -0.542492 128 128 128
-2.69871 1.11422 -0.432418 128 128 128
-2.63676 1.12663 -0.423908 128 128 128
-2.60469 1.1509 -0.420696 128 128 128
-2.59127 1.18319 -0.420857 128 128 128
-1.42103 1.642 -0.310706 128 128 128
-1.40014 1.65855 -0.310545 128 128 128
-1.28954 1.56572 -0.287423 128 128 128
-1.22762 1.64931 -0.291919 128 128 128
-1.24023 1.70986 -0.301071 128 128 128
-1.20154 1.69993 -0.296094 128 128 128
-1.17892 1.7121 -0.295612 128 128 128
-1.15453 1.72152 -0.294649 128 128 128
-1.08489 1.66108 -0.280197 128 128 128
-1.08396 1.70513 -0.286138 128 128 128
-1.05053 1.69813 -0.282285 128 128 128
-1.01946 1.69396 -0.279073 128 128 128
-1.00307 1.71402 -0.280518 128 128 128
-0.971263 1.7073 -0.276986 128 128 128
-0.942151 1.70439 -0.274256 128 128 128
-0.913723 1.7019 -0.271687 128 128 128
-0.887317 1.70247 -0.26976 128 128 128
-0.861922 1.70441 -0.268155 128 128 128
-0.832287 1.69712 -0.264943 128 128 128
-0.813929 1.71256 -0.265907 128 128 128
-0.787922 1.71165 -0.26398 128 128 128
-0.761261 1.70855 -0.261732 128 128 128
-0.732852 1.70053 -0.258681 128 128 128
-0.710042 1.70483 -0.257878 128 128 128
-0.685404 1.70425 -0.256272 128 128 128
-0.657693 1.69504 -0.253221 128 128 128
-0.631688 1.6891 -0.250813 128 128 128
-0.611244 1.69765 -0.250973 128 128 128
-0.585552 1.69103 -0.248565 128 128 128
-0.562282 1.69059 -0.24728 128 128 128
-0.533152 1.67101 -0.242784 128 128 128
-0.510316 1.66987 -0.2415 128 128 128
-0.486489 1.66463 -0.239573 128 128 128
-0.460501 1.6505 -0.236201 128 128 128
-0.44172 1.66175 -0.237164 128 128 128
-0.416982 1.64981 -0.234274 128 128 128
-0.398072 1.66057 -0.235238 128 128 128
-0.372047 1.64029 -0.231063 128 128 128
-0.351073 1.64087 -0.23042 128 128 128
-0.330333 1.64215 -0.229939 128 128 128
-0.309074 1.64026 -0.228975 128 128 128
-0.2869 1.63225 -0.227048 128 128 128
-0.266378 1.63273 -0.226567 128 128 128
-0.244876 1.62611 -0.224961 128 128 128
-0.224638 1.62704 -0.22464 128 128 128
-0.203931 1.62379 -0.223677 128 128 128
-0.183338 1.62029 -0.222713 128 128 128
-0.162861 1.61652 -0.22175 128 128 128
-0.142589 1.61348 -0.220947 128 128 128
-0.121476 1.59739 -0.218057 128 128 128
-0.101201 1.58792 -0.21629 128 128 128
-0.0816585 1.58806 -0.21613 128 128 128
-0.0619116 1.58204 -0.215006 128 128 128
-0.0420847 1.5659 -0.212276 128 128 128
-0.022925 1.57124 -0.213079 128 128 128
-0.00364543 1.55462 -0.210349 128 128 128
0.0153462 1.54764 -0.209225 128 128 128
0.0341903 1.54142 -0.208262 128 128 128
0.0529205 1.53595 -0.207459 128 128 128
0.0713272 1.52631 -0.206014 128 128 128
0.0887765 1.50463 -0.202642 128 128 128
0.107817 1.5113 -0.203926 128 128 128
0.125421 1.49905 -0.20216 128 128 128
0.143516 1.49445 -0.201678 128 128 128
0.161081 1.48571 -0.200554 128 128 128
0.179059 1.48166 -0.200233 128 128 128
0.195897 1.46957 -0.198628 128 128 128
0.213481 1.46413 -0.198146 128 128 128
0.230804 1.4575 -0.197504 128 128 128
0.247152 1.44581 -0.196058 128 128 128
0.26361 1.43587 -0.194934 128 128 128
0.282367 1.43834 -0.195898 128 128 128
0.297336 1.42221 -0.19381 128 128 128
0.315199 1.42038 -0.194132 128 128 128
0.333291 1.41929 -0.194613 128 128 128
0.349722 1.41126 -0.193971 128 128 128
0.365 1.39923 -0.192686 128 128 128
0.38188 1.39369 -0.192526 128 128 128
0.397854 1.38511 -0.191884 128 128 128
0.413388 1.3754 -0.191081 128 128 128
0.429936 1.36929 -0.19092 128 128 128
0.445468 1.36016 -0.190278 128 128 128
0.46309 1.35739 -0.19076 128 128 128
0.479047 1.34975 -0.190438 128 128 128
0.494542 1.34099 -0.189957 128 128 128
0.512738 1.33942 -0.19076 128 128 128
0.525102 1.32295 -0.188993 128 128 128
0.538274 1.30911 -0.187709 128 128 128
0.558189 1.31148 -0.189314 128 128 128
0.569038 1.2928 -0.187227 128 128 128
0.584449 1.28482 -0.187066 128 128 128
0.59975 1.27666 -0.186906 128 128 128
0.61667 1.27187 -0.187388 128 128 128
0.6309 1.26156 -0.186906 128 128 128
0.64406 1.24934 -0.186103 128 128 128
0.655619 1.23438 -0.184819 128 128 128
0.673574 1.23143 -0.185782 128 128 128
0.691555 1.22823 -0.186745 128 128 128
0.703592 1.21453 -0.185782 128 128 128
0.717936 1.20496 -0.185621 128 128 128
0.731632 1.19438 -0.1853 128 128 128
0.745706 1.18448 -0.18514 128 128 128
0.759108 1.17358 -0.184819 128 128 128
0.775098 1.16664 -0.1853 128 128 128
0.790473 1.15867 -0.185621 128 128 128
0.80179 1.14484 -0.184819 128 128 128
0.803633 1.11812 -0.181447 128 128 128
0.823175 1.1161 -0.183052 128 128 128
0.841592 1.1122 -0.184337 128 128 128
0.851532 1.09712 -0.183373 128 128 128
0.866782 1.0889 -0.183855 128 128 128
0.883837 1.08276 -0.184819 128 128 128
0.892609 1.06655 -0.183695 128 128 128
0.906274 1.05626 -0.183855 128 128 128
0.919168 1.04506 -0.183855 128 128 128
0.929934 1.03151 -0.183373 128 128 128
0.946554 1.02436 -0.184337 128 128 128
0.962457 1.01624 -0.18514 128 128 128
0.987266 1.01706 -0.18803 128 128 128
0.981522 0.986728 -0.183855 128 128 128
0.998503 0.979433 -0.184979 128 128 128
1.01188 0.968467 -0.1853 128 128 128
1.02803 0.960006 -0.186264 128 128 128
1.03315 0.941354 -0.184819 128 128 128
1.04758 0.93122 -0.185461 128 128 128
1.06117 0.920228 -0.185943 128 128 128
1.07163 0.906501 -0.185782 128 128 128
1.08267 0.893282 -0.185782 128 128 128
1.09663 0.882395 -0.186424 128 128 128
1.10427 0.866443 -0.185782 128 128 128
1.12189 0.858204 -0.187227 128 128 128
1.13154 0.843785 -0.187066 128 128 128
1.13781 0.826945 -0.186264 128 128 128
1.15675 0.81917 -0.18803 128 128 128
1.16346 0.80268 -0.187388 128 128 128
1.17568 0.789987 -0.187869 128 128 128
1.18529 0.7755 -0.187869 128 128 128
1.20806 0.769342 -0.190438 128 128 128
1.20985 0.749801 -0.188993 128 128 128
1.21896 0.734898 -0.188993 128 128 128
1.23385 0.723362 -0.190117 128 128 128
1.24264 0.708166 -0.190117 128 128 128
1.25383 0.694291 -0.190599 128 128 128
1.26661 0.681178 -0.191402 128 128 128
1.27312 0.664675 -0.191081 128 128 128
1.28294 0.649889 -0.191402 128 128 128
1.29437 0.635827 -0.192044 128 128 128
1.29672 0.617364 -0.191081 128 128 128
1.31228 0.605103 -0.192526 128 128 128
1.32682 0.592152 -0.19381 128 128 128
1.33762 0.57738 -0.194453 128 128 128
1.34551 0.561299 -0.194613 128 128 128
1.35963 0.547676 -0.195898 128 128 128
1.35888 0.528109 -0.194613 128 128 128
1.37266 0.514144 -0.195898 128 128 128
1.38445 0.499254 -0.196861 128 128 128
1.40167 0.486078 -0.198788 128 128 128
1.39441 0.464509 -0.19654 128 128 128
1.41506 0.452128 -0.199109 128 128 128
1.412 0.432153 -0.197664 128 128 128
1.42952 0.418364 -0.199752 128 128 128
1.43835 0.401842 -0.200394 128 128 128
1.44795 0.385418 -0.201197 128 128 128
1.46023 0.369537 -0.202481 128 128 128
1.47618 0.354324 -0.204408 128 128 128
1.48041 0.336183 -0.204408 128 128 128
1.49988 0.321258 -0.206977 128 128 128
1.50758 0.303597 -0.20762 128 128 128
1.51313 0.285435 -0.207941 128 128 128
1.53208 0.269541 -0.21051 128 128 128
1.54989 0.253069 -0.212918 128 128 128
1.55191 0.233886 -0.212758 128 128 128
1.55955 0.215487 -0.213561 128 128 128
1.56208 0.196332 -0.213561 128 128 128
1.58399 0.17932 -0.216772 128 128 128
1.58902 0.160158 -0.217254 128 128 128
1.59381 0.1409 -0.217735 128 128 128
1.60723 0.1222 -0.219662 128 128 128
1.61157 0.102648 -0.220144 128 128 128
1.62059 0.0832496 -0.221429 128 128 128
1.64122 0.0640784 -0.22464 128 128 128
1.64188 0.0439333 -0.22464 128 128 128
1.6423 0.0237816 -0.22464 128 128 128
1.64938 0.00362476 -0.225764 128 128 128
1.65423 -0.0166775 -0.226567 128 128 128
1.66278 -0.0371962 -0.228012 128 128 128
1.67108 -0.0579272 -0.229457 128 128 128
1.6732 -0.0785755 -0.229939 128 128 128
1.67802 -0.0994667 -0.230902 128 128 128
1.68258 -0.120488 -0.231866 128 128 128
1.68687 -0.141636 -0.232829 128 128 128
1.69385 -0.163199 -0.234274 128 128 128
1.69368 -0.184191 -0.234595 128 128 128
1.70697 -0.206897 -0.237164 128 128 128
1.71701 -0.229558 -0.239252 128 128 128
1.72871 -0.252787 -0.24166 128 128 128
1.7323 -0.275081 -0.242784 128 128 128
1.74046 -0.298346 -0.244711 128 128 128
1.7454 -0.321309 -0.246156 128 128 128
1.75004 -0.344439 -0.247601 128 128 128
1.75727 -0.368344 -0.249528 128 128 128
1.76321 -0.392262 -0.251295 128 128 128
1.77363 -0.417522 -0.253864 128 128 128
1.78369 -0.443096 -0.256433 128 128 128
1.78575 -0.466966 -0.257717 128 128 128
1.78845 -0.491216 -0.259163 128 128 128
1.79082 -0.515602 -0.260608 128 128 128
1.80419 -0.54356 -0.26398 128 128 128
1.78891 -0.562975 -0.262535 128 128 128
1.80061 -0.591082 -0.265746 128 128 128
1.80162 -0.616025 -0.267191 128 128 128
1.79672 -0.639085 -0.267673 128 128 128
1.79706 -0.664183 -0.269118 128 128 128
1.79799 -0.68974 -0.270724 128 128 128
1.80588 -0.718352 -0.273614 128 128 128
1.8024 -0.742727 -0.274577 128 128 128
1.80404 -0.769458 -0.276504 128 128 128
1.80709 -0.797141 -0.278752 128 128 128
1.80076 -0.820902 -0.279394 128 128 128
1.80661 -0.850538 -0.282285 128 128 128
1.81644 -0.882605 -0.285978 128 128 128
1.81605 -0.910157 -0.287905 128 128 128
1.82489 -0.942833 -0.291598 128 128 128
1.81928 -0.968415 -0.292722 128 128 128
1.81677 -0.995904 -0.294488 128 128 128
1.82845 -1.03175 -0.298984 128 128 128
1.81821 -1.0556 -0.299466 128 128 128
1.82628 -1.09053 -0.30348 128 128 128
1.8178 -1.11596 -0.304443 128 128 128
1.8023 -1.13713 -0.304122 128 128 128
1.78408 -1.15647 -0.303319 128 128 128
1.62287 -1.08009 -0.274577 128 128 128
1.32386 -0.903863 -0.218217 128 128 128
1.3159 -0.922315 -0.218859 128 128 128
1.29408 -0.930874 -0.216772 128 128 128
1.28653 -0.949626 -0.217575 128 128 128
1.77428 -1.34556 -0.319698 128 128 128
1.76541 -1.3733 -0.321303 128 128 128
1.78001 -1.42016 -0.327887 128 128 128
1.77084 -1.44879 -0.329653 128 128 128
1.75897 -1.47549 -0.330937 128 128 128
1.74596 -1.50148 -0.332062 128 128 128
1.74737 -1.54045 -0.336397 128 128 128
1.74223 -1.57437 -0.339448 128 128 128
1.73145 -1.6037 -0.341375 128 128 128
1.72236 -1.63504 -0.343783 128 128 128
1.7057 -1.6595 -0.344586 128 128 128
1.69009 -1.68519 -0.34571 128 128 128
1.68169 -1.71852 -0.3486 128 128 128
1.66728 -1.74618 -0.350206 128 128 128
1.65647 -1.77808 -0.352775 128 128 128
1.64248 -1.80705 -0.354702 128 128 128
1.64175 -1.85148 -0.360001 128 128 128
1.63244 -1.88718 -0.363373 128 128 128
1.61869 -1.9184 -0.365781 128 128 128
1.60316 -1.94804 -0.367869 128 128 128
1.59455 -1.98684 -0.371883 128 128 128
1.57673 -2.01482 -0.373649 128 128 128
1.55786 -2.04187 -0.375255 128 128 128
1.54385 -2.0759 -0.378306 128 128 128
1.52635 -2.10589 -0.380554 128 128 128
1.50551 -2.13173 -0.381999 128 128 128
1.48872 -2.16388 -0.384729 128 128 128
1.47193 -2.19676 -0.387619 128 128 128
1.44271 -2.21135 -0.386977 128 128 128
1.44502 -2.27559 -0.395968 128 128 128
1.43251 -2.31836 -0.400786 128 128 128
1.40396 -2.33577 -0.400786 128 128 128
1.38264 -2.36561 -0.403194 128 128 128
1.35983 -2.39357 -0.405282 128 128 128
1.33464 -2.41786 -0.406727 128 128 128
1.31789 -2.45843 -0.411223 128 128 128
1.29671 -2.49194 -0.414434 128 128 128
1.27179 -2.51913 -0.416521 128 128 128
1.24857 -2.55051 -0.419412 128 128 128
1.22477 -2.58171 -0.422302 128 128 128
1.19752 -2.60641 -0.424068 128 128 128
1.16744 -2.62543 -0.424871 128 128 128
1.14758 -2.66859 -0.430009 128 128 128
1.11927 -2.69341 -0.431936 128 128 128
1.09016 -2.71703 -0.433702 128 128 128
1.06562 -2.75322 -0.437717 128 128 128
1.04103 -2.79108 -0.442052 128 128 128
1.01434 -2.82502 -0.445745 128 128 128
0.983771 -2.84939 -0.447833 128 128 128
0.957394 -2.88749 -0.452329 128 128 128
0.926654 -2.91407 -0.454898 128 128 128
0.893401 -2.93373 -0.456343 128 128 128
0.862277 -2.96153 -0.459233 128 128 128
0.829815 -2.98616 -0.461642 128 128 128
0.79537 -3.00471 -0.463087 128 128 128
0.758438 -3.01425 -0.463087 128 128 128
0.729594 -3.0579 -0.468867 128 128 128
0.696119 -3.08492 -0.471918 128 128 128
0.661681 -3.10965 -0.474648 128 128 128
0.628665 -3.14367 -0.478983 128 128 128
0.595092 -3.17832 -0.483479 128 128 128
0.560427 -3.21067 -0.487654 128 128 128
0.522237 -3.2251 -0.488939 128 128 128
0.486815 -3.25958 -0.493595 128 128 128
0.447441 -3.2702 -0.494398 128 128 128
0.409327 -3.2921 -0.497128 128 128 128
0.370092 -3.30767 -0.498894 128 128 128
0.330246 -3.31982 -0.500179 128 128 128
0.287877 -3.30493 -0.497128 128 128 128
0.246937 -3.3033 -0.496325 128 128 128
0.20807 -3.33366 -0.500821 128 128 128
0.169797 -3.39019 -0.509652 128 128 128
0.129409 -3.42555 -0.515112 128 128 128
0.087699 -3.4407 -0.51736 128 128 128
0.0456958 -3.46027 -0.52041 128 128 128
0.00322316 -3.49018 -0.525228 128 128 128
-0.0397425 -3.50081 -0.526994 128 128 128
-0.0832375 -3.52177 -0.530526 128 128 128
-0.127033 -3.53626 -0.533096 128 128 128
-0.170857 -3.54331 -0.534541 128 128 128
-0.215055 -3.55277 -0.536467 128 128 128
-0.259438 -3.56069 -0.538234 128 128 128
-0.303283 -3.5592 -0.538555 128 128 128
-0.348198 -3.56798 -0.540642 128 128 128
-0.394354 -3.58502 -0.544175 128 128 128
-0.439771 -3.59167 -0.546102 128 128 128
-0.48674 -3.60752 -0.549634 128 128 128
-0.533439 -3.61787 -0.552364 128 128 128
-0.582977 -3.64321 -0.557663 128 128 128
-0.629837 -3.64842 -0.55975 128 128 128
-0.678541 -3.66177 -0.563283 128 128 128
-0.242656 -1.23893 -0.16282 128 128 128
-0.258456 -1.23875 -0.163302 128 128 128
-0.274503 -1.23934 -0.163944 128 128 128
-0.289691 -1.23588 -0.163944 128 128 128
-0.304596 -1.23127 -0.163784 128 128 128
-0.320438 -1.23031 -0.164266 128 128 128
-0.332877 -1.21677 -0.16266 128 128 128
-0.364015 -1.26852 -0.172133 128 128 128
-1.10554 -3.65533 -0.578697 128 128 128
-1.15449 -3.65466 -0.580945 128 128 128
-1.20947 -3.67115 -0.586244 128 128 128
-1.25476 -3.65696 -0.586405 128 128 128
-1.30453 -3.65523 -0.588813 128 128 128
-1.35686 -3.65929 -0.592346 128 128 128
-1.40983 -3.66355 -0.596039 128 128 128
-1.45908 -3.65697 -0.597966 128 128 128
-1.50876 -3.65064 -0.600053 128 128 128
-1.5624 -3.65271 -0.603746 128 128 128
-1.60711 -3.63326 -0.603746 128 128 128
-1.65774 -3.62673 -0.606155 128 128 128
-1.71141 -3.62574 -0.609688 128 128 128
-1.75534 -3.60358 -0.609527 128 128 128
-1.80431 -3.59146 -0.611293 128 128 128
-1.85371 -3.57956 -0.61322 128 128 128
-1.89796 -3.55742 -0.613381 128 128 128
-1.94766 -3.5451 -0.615468 128 128 128
-1.9915 -3.52179 -0.615629 128 128 128
-2.03905 -3.50476 -0.617074 128 128 128
-2.08952 -3.49217 -0.619482 128 128 128
-2.13066 -3.46375 -0.619001 128 128 128
-2.17881 -3.44651 -0.620767 128 128 128
-2.22148 -3.42034 -0.620927 128 128 128
-2.25177 -3.37559 -0.617556 128 128 128
-2.28464 -3.3355 -0.615147 128 128 128
-2.36804 -3.36772 -0.62719 128 128 128
-2.41382 -3.34481 -0.628474 128 128 128
-2.45527 -3.31573 -0.628635 128 128 128
-2.50893 -3.30263 -0.632167 128 128 128
-2.5523 -3.27548 -0.63297 128 128 128
-2.60526 -3.26009 -0.636342 128 128 128
-2.65588 -3.16119 -0.629117 128 128 128
-2.72543 -3.16423 -0.636824 128 128 128
-2.76536 -3.13203 -0.637145 128 128 128
-2.80359 -3.09786 -0.637145 128 128 128
-2.84005 -3.06177 -0.636824 128 128 128
-2.92122 -2.99821 -0.63843 128 128 128
-2.94244 -2.94679 -0.634897 128 128 128
-3.05469 -2.98489 -0.652239 128 128 128
-3.11473 -2.89761 -0.649509 128 128 128
-3.10836 -2.82139 -0.640356 128 128 128
-3.17085 -2.80788 -0.646458 128 128 128
-3.75363 -1.50445 -0.615308 128 128 128
-1.19554 1.69813 -0.348726 128 128 128
-1.17294 1.71025 -0.34817 128 128 128
-1.14421 1.71308 -0.345573 128 128 128
-1.10487 1.69899 -0.339266 128 128 128
-1.06027 1.67508 -0.330919 128 128 128
-1.06078 1.72225 -0.338524 128 128 128
-1.02946 1.71829 -0.334814 128 128 128
-0.989474 1.69854 -0.327765 128 128 128
-0.963708 1.702 -0.32591 128 128 128
-0.935162 1.69993 -0.322942 128 128 128
-0.909131 1.70175 -0.320902 128 128 128
-0.887273 1.71103 -0.320531 128 128 128
-0.86046 1.71039 -0.31812 128 128 128
-0.835524 1.71287 -0.31645 128 128 128
-0.811497 1.71678 -0.315152 128 128 128
-0.781357 1.70696 -0.311071 128 128 128
-0.756763 1.70833 -0.309401 128 128 128
-0.731866 1.70846 -0.307546 128 128 128
-0.710469 1.71641 -0.307361 128 128 128
-0.681681 1.70584 -0.303465 128 128 128
-0.653969 1.69666 -0.299941 128 128 128
-0.630357 1.69719 -0.298457 128 128 128
-0.604841 1.69185 -0.29586 128 128 128
-0.582434 1.6945 -0.294933 128 128 128
-0.552644 1.67446 -0.289553 128 128 128
-0.531162 1.67831 -0.288997 128 128 128
-0.504242 1.66402 -0.284916 128 128 128
-0.481865 1.66347 -0.283618 128 128 128
-0.45984 1.66358 -0.282505 128 128 128
-0.437634 1.66245 -0.281206 128 128 128
-0.409785 1.63815 -0.275456 128 128 128
-0.390561 1.64687 -0.276198 128 128 128
-0.36687 1.63621 -0.27323 128 128 128
-0.346152 1.6377 -0.272673 128 128 128
-0.326029 1.64182 -0.272673 128 128 128
-0.305856 1.6457 -0.272673 128 128 128
-0.28328 1.63578 -0.270076 128 128 128
-0.262245 1.63331 -0.268963 128 128 128
-0.24117 1.6296 -0.267665 128 128 128
-0.220358 1.6266 -0.266552 128 128 128
-0.199776 1.6243 -0.265624 128 128 128
-0.17885 1.61784 -0.263955 128 128 128
-0.158789 1.61796 -0.263584 128 128 128
-0.138159 1.61098 -0.261915 128 128 128
-0.117434 1.59981 -0.259503 128 128 128
-0.0973679 1.59427 -0.258205 128 128 128
-0.0774557 1.58847 -0.256906 128 128 128
-0.057737 1.58341 -0.255793 128 128 128
-0.0381788 1.57909 -0.254866 128 128 128
-0.0186227 1.56568 -0.252269 128 128 128
0.00059435 1.56088 -0.251341 128 128 128
0.0194474 1.53521 -0.246518 128 128 128
0.0383089 1.53583 -0.246704 128 128 128
0.0570817 1.53328 -0.246333 128 128 128
0.0757977 1.53051 -0.245962 128 128 128
0.0935573 1.51279 -0.242809 128 128 128
0.112402 1.51544 -0.243551 128 128 128
0.1299 1.50122 -0.241139 128 128 128
0.147738 1.49365 -0.240026 128 128 128
0.165085 1.48293 -0.238357 128 128 128
0.182911 1.47787 -0.2378 128 128 128
0.200638 1.47259 -0.237244 128 128 128
0.216969 1.45835 -0.235018 128 128 128
0.233604 1.44782 -0.233534 128 128 128
0.252191 1.44969 -0.234461 128 128 128
0.267809 1.43489 -0.232235 128 128 128
0.28425 1.42571 -0.231122 128 128 128
0.302333 1.425 -0.231679 128 128 128
0.318508 1.41543 -0.230566 128 128 128
0.336987 1.41619 -0.231493 128 128 128
0.351242 1.39956 -0.229082 128 128 128
0.369891 1.40085 -0.230195 128 128 128
0.38496 1.38862 -0.228711 128 128 128
0.401152 1.38096 -0.228154 128 128 128
0.416644 1.37123 -0.227227 128 128 128
0.434329 1.36883 -0.227783 128 128 128
0.448632 1.35593 -0.2263 128 128 128
0.464918 1.34939 -0.226114 128 128 128
0.48045 1.34081 -0.225558 128 128 128
0.498578 1.33942 -0.226485 128 128 128
0.509326 1.31853 -0.223517 128 128 128
0.525468 1.31218 -0.223517 128 128 128
0.540779 1.30382 -0.223146 128 128 128
0.555965 1.29527 -0.222775 128 128 128
0.575 1.29554 -0.224259 128 128 128
0.58922 1.28482 -0.223517 128 128 128
0.605782 1.27926 -0.223888 128 128 128
0.615407 1.25937 -0.221291 128 128 128
0.633463 1.25699 -0.222404 128 128 128
0.647032 1.24563 -0.221662 128 128 128
0.662732 1.23846 -0.221848 128 128 128
0.67646 1.22766 -0.221291 128 128 128
0.688086 1.21327 -0.219993 128 128 128
0.704407 1.20729 -0.220549 128 128 128
0.720683 1.20108 -0.221106 128 128 128
0.733823 1.18964 -0.220549 128 128 128
0.748366 1.18054 -0.220549 128 128 128
0.761191 1.1688 -0.219993 128 128 128
0.776022 1.16019 -0.220178 128 128 128
0.789645 1.14977 -0.219993 128 128 128
0.800302 1.13517 -0.21888 128 128 128
0.817624 1.13004 -0.219993 128 128 128
0.833769 1.12308 -0.220735 128 128 128
0.840353 1.10338 -0.218509 128 128 128
0.856851 1.09685 -0.219436 128 128 128
0.870246 1.08626 -0.219436 128 128 128
0.884134 1.07626 -0.219622 128 128 128
0.898539 1.06683 -0.219993 128 128 128
0.912205 1.05647 -0.220178 128 128 128
0.918595 1.03783 -0.218323 128 128 128
0.939176 1.03522 -0.220549 128 128 128
0.953814 1.02578 -0.221106 128 128 128
0.96159 1.00901 -0.219807 128 128 128
0.976643 0.99995 -0.220549 128 128 128
0.988841 0.987889 -0.220549 128 128 128
1.00089 0.97568 -0.220549 128 128 128
1.01279 0.963324 -0.220549 128 128 128
1.02597 0.952162 -0.22092 128 128 128
1.03831 0.94016 -0.221106 128 128 128
1.04977 0.927348 -0.221106 128 128 128
1.05883 0.912469 -0.220549 128 128 128
1.06995 0.899407 -0.220549 128 128 128
1.08319 0.88808 -0.221106 128 128 128
1.094 0.874721 -0.221106 128 128 128
1.10466 0.86123 -0.221106 128 128 128
1.12452 0.854754 -0.223332 128 128 128
1.12546 0.833861 -0.221106 128 128 128
1.14357 0.825747 -0.222961 128 128 128
1.14719 0.807122 -0.221477 128 128 128
1.15863 0.794096 -0.221848 128 128 128
1.17319 0.783096 -0.222961 128 128 128
1.19259 0.775076 -0.225187 128 128 128
1.20118 0.759856 -0.225001 128 128 128
1.21292 0.746606 -0.225558 128 128 128
1.21947 0.730149 -0.225001 128 128 128
1.22918 0.715624 -0.225187 128 128 128
1.24129 0.702426 -0.225929 128 128 128
1.24035 0.681924 -0.223888 128 128 128
1.25989 0.672679 -0.2263 128 128 128
1.27154 0.658979 -0.227042 128 128 128
1.27777 0.642441 -0.22667 128 128 128
1.28997 0.62887 -0.227598 128 128 128
1.29759 0.612992 -0.227598 128 128 128
1.31395 0.601119 -0.229453 128 128 128
1.32662 0.587341 -0.230566 128 128 128
1.33102 0.569855 -0.230009 128 128 128
1.34336 0.555737 -0.231122 128 128 128
1.35737 0.542133 -0.232606 128 128 128
1.36301 0.525081 -0.232421 128 128 128
1.36474 0.506601 -0.231493 128 128 128
1.38103 0.493462 -0.233534 128 128 128
1.38605 0.476157 -0.233348 128 128 128
1.39366 0.45973 -0.233719 128 128 128
1.41699 0.44824 -0.237244 128 128 128
1.42521 0.431674 -0.2378 128 128 128
1.43228 0.414701 -0.238171 128 128 128
1.44768 0.399981 -0.240212 128 128 128
1.45818 0.383691 -0.241325 128 128 128
1.46754 0.366964 -0.242252 128 128 128
1.47576 0.349838 -0.242994 128 128 128
1.48186 0.332133 -0.243365 128 128 128
1.48582 0.313923 -0.243365 128 128 128
1.50016 0.29778 -0.245406 128 128 128
1.5182 0.282053 -0.248188 128 128 128
1.53316 0.265423 -0.250414 128 128 128
1.54212 0.247528 -0.251527 128 128 128
1.54116 0.228007 -0.250785 128 128 128
1.55552 0.21067 -0.253011 128 128 128
1.56969 0.193014 -0.255237 128 128 128
1.57487 0.174063 -0.255793 128 128 128
1.5808 0.155111 -0.256535 128 128 128
1.59629 0.136888 -0.259132 128 128 128
1.60765 0.118016 -0.260987 128 128 128
1.608 0.0982181 -0.260802 128 128 128
1.62773 0.0794031 -0.264326 128 128 128
1.63545 0.0596789 -0.265624 128 128 128
1.63901 0.0396786 -0.266181 128 128 128
1.63839 0.01955 -0.265995 128 128 128
1.64047 -0.000556148 -0.266366 128 128 128
1.64427 -0.0207336 -0.267108 128 128 128
1.65568 -0.0411935 -0.269334 128 128 128
1.65603 -0.0615439 -0.26952 128 128 128
1.65908 -0.0820523 -0.270262 128 128 128
1.66481 -0.102824 -0.27156 128 128 128
1.67127 -0.123821 -0.273044 128 128 128
1.67256 -0.144572 -0.273601 128 128 128
1.68337 -0.166332 -0.276012 128 128 128
1.68316 -0.187193 -0.276383 128 128 128
1.70317 -0.210589 -0.28065 128 128 128
1.71214 -0.233055 -0.282876 128 128 128
1.71595 -0.255054 -0.284174 128 128 128
1.72143 -0.277493 -0.285843 128 128 128
1.73145 -0.300942 -0.28844 128 128 128
1.73439 -0.323423 -0.289739 128 128 128
1.73607 -0.34583 -0.290852 128 128 128
1.73747 -0.368326 -0.291965 128 128 128
1.77788 -0.399717 -0.300683 128 128 128
1.76902 -0.420598 -0.299941 128 128 128
1.7704 -0.443943 -0.30124 128 128 128
1.77337 -0.467885 -0.302909 128 128 128
1.78075 -0.493275 -0.305506 128 128 128
1.78212 -0.517276 -0.30699 128 128 128
1.78316 -0.541385 -0.308474 128 128 128
1.79606 -0.569449 -0.312369 128 128 128
1.79827 -0.594524 -0.314224 128 128 128
1.7899 -0.616228 -0.314039 128 128 128
1.78869 -0.64046 -0.315337 128 128 128
1.78898 -0.665439 -0.317007 128 128 128
1.78893 -0.690522 -0.318676 128 128 128
1.79128 -0.716796 -0.320902 128 128 128
1.78235 -0.738724 -0.320902 128 128 128
1.79754 -0.770982 -0.32591 128 128 128
1.79693 -0.79696 -0.327765 128 128 128
1.8022 -0.8259 -0.330919 128 128 128
1.80437 -0.85383 -0.333516 128 128 128
1.81937 -0.888395 -0.338895 128 128 128
1.81097 -0.911978 -0.339452 128 128 128
1.80575 -0.937298 -0.34075 128 128 128
1.82011 -0.973271 -0.346315 128 128 128
1.81923 -1.00169 -0.348726 128 128 128
1.82903 -1.03652 -0.353549 128 128 128
1.80683 -1.05345 -0.351509 128 128 128
1.80389 -1.0816 -0.353735 128 128 128
1.79801 -1.10829 -0.355404 128 128 128
1.80088 -1.14078 -0.359114 128 128 128
1.79911 -1.17082 -0.361896 128 128 128
1.73884 -1.16226 -0.351509 128 128 128
1.32403 -0.909083 -0.259874 128 128 128
1.30795 -0.92187 -0.258761 128 128 128
1.29415 -0.936125 -0.258205 128 128 128
1.29441 -0.960711 -0.260987 128 128 128
1.72062 -1.30951 -0.364864 128 128 128
1.77882 -1.38853 -0.382672 128 128 128
1.76087 -1.40964 -0.382486 128 128 128
1.76092 -1.44547 -0.386753 128 128 128
1.74681 -1.47014 -0.38768 128 128 128
1.7398 -1.50108 -0.390463 128 128 128
1.73893 -1.53793 -0.394915 128 128 128
1.72138 -1.56048 -0.395286 128 128 128
1.71867 -1.59686 -0.399552 128 128 128
1.70535 -1.62392 -0.401221 128 128 128
1.69303 -1.65227 -0.403262 128 128 128
1.68306 -1.68334 -0.406044 128 128 128
1.66502 -1.70668 -0.406786 128 128 128
1.65819 -1.74192 -0.410682 128 128 128
1.65877 -1.78589 -0.416803 128 128 128
1.63277 -1.80174 -0.41569 128 128 128
1.63203 -1.84593 -0.421811 128 128 128
1.61053 -1.8673 -0.422182 128 128 128
1.61472 -1.91924 -0.430159 128 128 128
1.59978 -1.94954 -0.432756 128 128 128
1.58679 -1.98283 -0.436094 128 128 128
1.5823 -2.02771 -0.442216 128 128 128
1.55432 -2.04307 -0.441288 128 128 128
1.53792 -2.07382 -0.444071 128 128 128
1.51524 -2.09652 -0.444998 128 128 128
1.49109 -2.11736 -0.445555 128 128 128
1.47167 -2.14522 -0.447781 128 128 128
1.45889 -2.18354 -0.452418 128 128 128
1.44057 -2.21445 -0.455386 128 128 128
1.42433 -2.24939 -0.459281 128 128 128
1.40952 -2.28761 -0.463919 128 128 128
1.40055 -2.33675 -0.470968 128 128 128
1.37474 -2.35886 -0.472081 128 128 128
1.36024 -2.40119 -0.477645 128 128 128
1.33588 -2.42717 -0.479686 128 128 128
1.3111 -2.45291 -0.481726 128 128 128
1.28996 -2.48626 -0.485436 128 128 128
1.26731 -2.51769 -0.488775 128 128 128
1.2415 -2.54365 -0.491001 128 128 128
1.21439 -2.56758 -0.492856 128 128 128
1.18935 -2.59658 -0.495824 128 128 128
1.16138 -2.61996 -0.497679 128 128 128
1.13341 -2.64395 -0.499719 128 128 128
1.10765 -2.67399 -0.503058 128 128 128
1.09375 -2.73482 -0.512704 128 128 128
1.06223 -2.75353 -0.513817 128 128 128
1.03728 -2.79031 -0.51864 128 128 128
1.00926 -2.8204 -0.522164 128 128 128
0.980331 -2.8493 -0.525503 128 128 128
0.950231 -2.87604 -0.528471 128 128 128
0.920513 -2.90528 -0.531995 128 128 128
0.887363 -2.92482 -0.533665 128 128 128
0.857161 -2.9553 -0.53756 128 128 128
0.824243 -2.97791 -0.539972 128 128 128
0.791903 -3.00395 -0.543125 128 128 128
0.756416 -3.01916 -0.544238 128 128 128
0.727272 -3.06167 -0.55073 128 128 128
0.69094 -3.07612 -0.551843 128 128 128
0.660482 -3.11897 -0.558521 128 128 128
0.62677 -3.14997 -0.562973 128 128 128
0.593658 -3.18737 -0.568724 128 128 128
0.555005 -3.19732 -0.56928 128 128 128
0.519015 -3.22426 -0.573175 128 128 128
0.482157 -3.24885 -0.5767 128 128 128
0.443713 -3.26524 -0.57874 128 128 128
0.404213 -3.27531 -0.579668 128 128 128
0.366274 -3.30053 -0.583563 128 128 128
0.326905 -3.31651 -0.585789 128 128 128
0.286267 -3.32126 -0.585975 128 128 128
0.244252 -3.30786 -0.582821 128 128 128
0.174674 -2.84278 -0.49434 128 128 128
0.165677 -3.36684 -0.593023 128 128 128
0.126546 -3.42753 -0.604153 128 128 128
0.0847217 -3.43865 -0.606008 128 128 128
0.0428059 -3.46203 -0.610274 128 128 128
0.000328641 -3.48391 -0.614355 128 128 128
-0.0427488 -3.51117 -0.619549 128 128 128
-0.0860931 -3.52119 -0.62159 128 128 128
-0.12944 -3.52379 -0.622332 128 128 128
-0.173627 -3.54157 -0.626041 128 128 128
-0.217314 -3.54309 -0.626783 128 128 128
-0.262285 -3.56074 -0.630679 128 128 128
-0.306967 -3.569 -0.632905 128 128 128
-0.352754 -3.5855 -0.6368 128 128 128
-0.398021 -3.59263 -0.639026 128 128 128
-0.443995 -3.60308 -0.641994 128 128 128
-0.490944 -3.61781 -0.645889 128 128 128
-0.539184 -3.63775 -0.650898 128 128 128
-0.587364 -3.65318 -0.655164 128 128 128
-0.633992 -3.65635 -0.657205 128 128 128
-0.68276 -3.66955 -0.661286 128 128 128
-0.247723 -1.24161 -0.195693 128 128 128
-0.263347 -1.2404 -0.196064 128 128 128
-0.278763 -1.23804 -0.196249 128 128 128
-0.292575 -1.22879 -0.195136 128 128 128
-0.310254 -1.23559 -0.197177 128 128 128
-0.325143 -1.23074 -0.196991 128 128 128
-0.338913 -1.22192 -0.196064 128 128 128
-0.357981 -1.23183 -0.198846 128 128 128
-1.11325 -3.67162 -0.680948 128 128 128
-1.16593 -3.68204 -0.685771 128 128 128
-1.21472 -3.67866 -0.687997 128 128 128
-1.2636 -3.67463 -0.690223 128 128 128
-1.3162 -3.68013 -0.694489 128 128 128
-1.36537 -3.67475 -0.696715 128 128 128
-1.41531 -3.67056 -0.699312 128 128 128
-1.46826 -3.67299 -0.703393 128 128 128
-1.52224 -3.67649 -0.707845 128 128 128
-1.56763 -3.65843 -0.70803 128 128 128
-1.6128 -3.63982 -0.708216 128 128 128
-1.66184 -3.62958 -0.710256 128 128 128
-1.71213 -3.62136 -0.712853 128 128 128
-1.76161 -3.61067 -0.715079 128 128 128
-1.80535 -3.58791 -0.714894 128 128 128
-1.85421 -3.57508 -0.716934 128 128 128
-1.90304 -3.56159 -0.718975 128 128 128
-1.94802 -3.54055 -0.719531 128 128 128
-1.99519 -3.52322 -0.721015 128 128 128
-2.24175 -3.44698 -0.732887 128 128 128
-2.28988 -3.4282 -0.734927 128 128 128
-2.33567 -3.40551 -0.736226 128 128 128
-2.38746 -3.39106 -0.739564 128 128 128
-2.42429 -3.35513 -0.738081 128 128 128
-2.49278 -3.36224 -0.746799 128 128 128
-2.51542 -3.30715 -0.741048 128 128 128
-3.2533 -2.73833 -0.759412 128 128 128
-3.2859 -2.69757 -0.759227 128 128 128
-3.78037 -1.67642 -0.737339 128 128 128
-3.79343 -1.62681 -0.735855 128 128 128
-3.82491 -1.58503 -0.738266 128 128 128
-2.74879 1.13832 -0.591722 128 128 128
-2.65196 1.13641 -0.5725 128 128 128
-1.45836 1.13599 -0.351028 128 128 128
-1.92102 1.53632 -0.481613 128 128 128
-1.86502 1.52934 -0.471375 128 128 128
-1.21072 1.63004 -0.38989 128 128 128
-1.24209 1.71617 -0.408695 128 128 128
-1.20745 1.71208 -0.40368 128 128 128
-1.17144 1.70498 -0.398039 128 128 128
-1.14653 1.80813 -0.4135 128 128 128
-1.05309 1.70624 -0.384458 128 128 128
-1.02756 1.71148 -0.382578 128 128 128
-0.981909 1.68169 -0.372131 128 128 128
-0.966969 1.70383 -0.374638 128 128 128
-0.914467 1.65812 -0.360639 128 128 128
-0.912447 1.70374 -0.368997 128 128 128
-0.885181 1.70265 -0.366072 128 128 128
-0.857202 1.6994 -0.362729 128 128 128
-0.835856 1.70891 -0.36252 128 128 128
-0.808567 1.70577 -0.359386 128 128 128
-0.786761 1.71379 -0.358968 128 128 128
-0.757373 1.70453 -0.35458 128 128 128
-0.735246 1.711 -0.353953 128 128 128
-0.707479 1.70362 -0.350193 128 128 128
-0.685071 1.70854 -0.349357 128 128 128
-0.659142 1.70404 -0.346432 128 128 128
-0.63173 1.69457 -0.342462 128 128 128
-0.605963 1.68838 -0.339328 128 128 128
-0.583613 1.69106 -0.338283 128 128 128
-0.558845 1.68602 -0.335567 128 128 128
-0.536642 1.68809 -0.334522 128 128 128
-0.507688 1.6674 -0.328463 128 128 128
-0.483663 1.66129 -0.325747 128 128 128
-0.460124 1.65578 -0.32324 128 128 128
-0.438034 1.65468 -0.321777 128 128 128
-0.416041 1.65329 -0.320315 128 128 128
-0.392575 1.64495 -0.31739 128 128 128
-0.368311 1.63151 -0.31342 128 128 128
-0.349873 1.64356 -0.315091 128 128 128
-0.327402 1.63622 -0.312584 128 128 128
-0.306765 1.63723 -0.311957 128 128 128
-0.286983 1.6428 -0.312375 128 128 128
-0.264336 1.63074 -0.309032 128 128 128
-0.243593 1.62903 -0.307988 128 128 128
-0.222541 1.62414 -0.306316 128 128 128
-0.201882 1.62092 -0.305062 128 128 128
-0.181337 1.61745 -0.303809 128 128 128
-0.160055 1.60495 -0.300675 128 128 128
-0.1401 1.60387 -0.300048 128 128 128
-0.119771 1.59669 -0.298168 128 128 128
-0.0992871 1.5834 -0.295034 128 128 128
-0.0794281 1.5757 -0.293153 128 128 128
-0.0600858 1.57656 -0.293153 128 128 128
-0.0405752 1.57034 -0.291691 128 128 128
-0.0212156 1.56289 -0.290019 128 128 128
-0.00205096 1.55032 -0.287303 128 128 128
0.0168284 1.53947 -0.285005 128 128 128
0.0356431 1.53622 -0.284378 128 128 128
0.0540454 1.52394 -0.281871 128 128 128
0.0731362 1.53097 -0.283542 128 128 128
0.0910613 1.5163 -0.280617 128 128 128
0.108784 1.50336 -0.27811 128 128 128
0.126798 1.49704 -0.277065 128 128 128
0.144092 1.48467 -0.274767 128 128 128
0.161973 1.47988 -0.27414 128 128 128
0.178912 1.46807 -0.272051 128 128 128
0.197313 1.46867 -0.272677 128 128 128
0.213873 1.45647 -0.270588 128 128 128
0.231417 1.45181 -0.27017 128 128 128
0.248542 1.445 -0.269334 128 128 128
0.262832 1.42358 -0.265365 128 128 128
0.280089 1.41929 -0.265156 128 128 128
0.298096 1.41862 -0.265783 128 128 128
0.315483 1.41485 -0.265783 128 128 128
0.333276 1.41277 -0.2662 128 128 128
0.346766 1.39341 -0.262857 128 128 128
0.364841 1.39283 -0.263693 128 128 128
0.380596 1.38353 -0.262648 128 128 128
0.396724 1.37594 -0.262022 128 128 128
0.414435 1.37378 -0.262648 128 128 128
0.427704 1.3574 -0.260141 128 128 128
0.444945 1.35391 -0.260559 128 128 128
0.460887 1.3465 -0.260141 128 128 128
0.475723 1.33614 -0.259097 128 128 128
0.490716 1.32654 -0.258261 128 128 128
0.506252 1.31859 -0.257843 128 128 128
0.521666 1.31046 -0.257425 128 128 128
0.534705 1.29674 -0.255754 128 128 128
0.554829 1.29996 -0.258052 128 128 128
0.566368 1.28323 -0.255754 128 128 128
0.582072 1.27618 -0.255754 128 128 128
0.598108 1.26982 -0.255963 128 128 128
0.611496 1.258 -0.254918 128 128 128
0.627328 1.25127 -0.255127 128 128 128
0.644442 1.24695 -0.255963 128 128 128
0.658309 1.23636 -0.255336 128 128 128
0.671068 1.22391 -0.254291 128 128 128
0.687486 1.21813 -0.254918 128 128 128
0.698435 1.20285 -0.253246 128 128 128
0.71264 1.19335 -0.253037 128 128 128
0.730829 1.19034 -0.2545 128 128 128
0.744332 1.17963 -0.254082 128 128 128
0.756615 1.16713 -0.253246 128 128 128
0.772513 1.1602 -0.253873 128 128 128
0.788355 1.15305 -0.2545 128 128 128
0.793984 1.1313 -0.251366 128 128 128
0.814694 1.13098 -0.253873 128 128 128
0.82676 1.11854 -0.253246 128 128 128
0.834493 1.10053 -0.251157 128 128 128
0.84673 1.08867 -0.250739 128 128 128
0.866146 1.08582 -0.252828 128 128 128
0.876921 1.07209 -0.251993 128 128 128
0.893163 1.06499 -0.253037 128 128 128
0.898489 1.04507 -0.25053 128 128 128
0.915138 1.03836 -0.251784 128 128 128
0.928469 1.02777 -0.251993 128 128 128
0.937679 1.01272 -0.250948 128 128 128
0.952737 1.00397 -0.251784 128 128 128
0.97114 0.998495 -0.253664 128 128 128
0.972935 0.976143 -0.25053 128 128 128
0.991848 0.970951 -0.25262 128 128 128
1.0044 0.95938 -0.252828 128 128 128
1.01251 0.943659 -0.251784 128 128 128
1.03272 0.939033 -0.254291 128 128 128
1.04196 0.924348 -0.253664 128 128 128
1.05249 0.910854 -0.253455 128 128 128
1.06433 0.898499 -0.253664 128 128 128
1.08133 0.890326 -0.255336 128 128 128
1.08836 0.873938 -0.254291 128 128 128
1.099 0.860517 -0.254291 128 128 128
1.11025 0.847557 -0.2545 128 128 128
1.1245 0.836776 -0.255545 128 128 128
1.13231 0.821198 -0.254918 128 128 128
1.1455 0.80949 -0.255754 128 128 128
1.15777 0.797028 -0.25638 128 128 128
1.16421 0.780591 -0.255545 128 128 128
1.18518 0.773698 -0.25847 128 128 128
1.1888 0.75544 -0.257007 128 128 128
1.20548 0.745403 -0.258888 128 128 128
1.20866 0.727042 -0.257425 128 128 128
1.22003 0.713629 -0.258052 128 128 128
1.23125 0.700046 -0.258679 128 128 128
1.24318 0.686766 -0.259514 128 128 128
1.25669 0.674218 -0.260768 128 128 128
1.26139 0.656949 -0.259932 128 128 128
1.26674 0.640104 -0.259305 128 128 128
1.28681 0.630501 -0.262231 128 128 128
1.29356 0.614245 -0.262022 128 128 128
1.30367 0.599543 -0.262648 128 128 128
1.30736 0.581919 -0.261813 128 128 128
1.32159 0.568905 -0.263484 128 128 128
1.33028 0.553391 -0.263902 128 128 128
1.33788 0.537387 -0.264111 128 128 128
1.34894 0.522682 -0.265156 128 128 128
1.358 0.507108 -0.265783 128 128 128
1.37241 0.49336 -0.267663 128 128 128
1.37651 0.475847 -0.267245 128 128 128
1.37854 0.457697 -0.266409 128 128 128
1.39524 0.444275 -0.268917 128 128 128
1.41182 0.430513 -0.271424 128 128 128
1.42263 0.414782 -0.272677 128 128 128
1.43422 0.39911 -0.27414 128 128 128
1.43049 0.379248 -0.272259 128 128 128
1.45117 0.365684 -0.275811 128 128 128
1.45555 0.347848 -0.275811 128 128 128
1.4788 0.334222 -0.27999 128 128 128
1.48757 0.317056 -0.281035 128 128 128
1.49039 0.298588 -0.280826 128 128 128
1.49491 0.280454 -0.281035 128 128 128
1.50884 0.263913 -0.283333 128 128 128
1.52548 0.247535 -0.286258 128 128 128
1.53614 0.229935 -0.28793 128 128 128
1.54757 0.21224 -0.28981 128 128 128
1.55103 0.193352 -0.290019 128 128 128
1.5669 0.175795 -0.292944 128 128 128
1.57672 0.157311 -0.294616 128 128 128
1.58341 0.138364 -0.29566 128 128 128
1.59376 0.119559 -0.297541 128 128 128
1.59609 0.100051 -0.29775 128 128 128
1.60599 0.0808773 -0.29963 128 128 128
1.61272 0.0613719 -0.300884 128 128 128
1.61531 0.0416222 -0.301302 128 128 128
1.62841 0.0219367 -0.304018 128 128 128
1.63051 0.00194949 -0.304436 128 128 128
1.64215 -0.0182184 -0.306943 128 128 128
1.64571 -0.0384697 -0.307779 128 128 128
1.6588 -0.0591834 -0.310704 128 128 128
1.65599 -0.0794365 -0.310286 128 128 128
1.65782 -0.0999356 -0.310913 128 128 128
1.66427 -0.120858 -0.312584 128 128 128
1.65974 -0.141016 -0.311957 128 128 128
1.6754 -0.163121 -0.315718 128 128 128
1.68007 -0.184431 -0.317181 128 128 128
1.69321 -0.206969 -0.320524 128 128 128
1.68667 -0.227201 -0.319688 128 128 128
1.69536 -0.249618 -0.322195 128 128 128
1.71823 -0.274632 -0.327836 128 128 128
1.70221 -0.293507 -0.32512 128 128 128
1.72924 -0.320141 -0.331806 128 128 128
1.72038 -0.340377 -0.330762 128 128 128
1.72469 -0.363297 -0.332642 128 128 128
1.74776 -0.390683 -0.338701 128 128 128
1.74854 -0.413464 -0.339955 128 128 128
1.7623 -0.439666 -0.344133 128 128 128
1.76528 -0.463513 -0.346014 128 128 128
1.77171 -0.488547 -0.34873 128 128 128
1.76464 -0.509979 -0.348521 128 128 128
1.78538 -0.539862 -0.35458 128 128 128
1.77769 -0.561434 -0.354371 128 128 128
1.77345 -0.584131 -0.354998 128 128 128
1.78094 -0.610958 -0.358341 128 128 128
1.78343 -0.636404 -0.360639 128 128 128
1.77732 -0.658925 -0.361057 128 128 128
1.78186 -0.68563 -0.363982 128 128 128
1.77695 -0.708901 -0.364818 128 128 128
1.77173 -0.732155 -0.365654 128 128 128
1.77968 -0.761184 -0.369624 128 128 128
1.79433 -0.793697 -0.375265 128 128 128
1.79423 -0.820148 -0.377563 128 128 128
1.78933 -0.84462 -0.378817 128 128 128
1.80166 -0.877695 -0.384249 128 128 128
1.80909 -0.908995 -0.388637 128 128 128
1.79693 -0.930675 -0.388428 128 128 128
1.80434 -0.962822 -0.393024 128 128 128
1.80266 -0.990563 -0.395532 128 128 128
1.80312 -1.01986 -0.398666 128 128 128
1.79554 -1.04487 -0.399919 128 128 128
1.79599 -1.07488 -0.403262 128 128 128
1.79431 -1.10404 -0.406187 128 128 128
1.77567 -1.12283 -0.404934 128 128 128
1.76504 -1.14667 -0.40577 128 128 128
1.77602 -1.18512 -0.412247 128 128 128
1.33513 -0.913619 -0.301719 128 128 128
1.31343 -0.922601 -0.299003 128 128 128
1.29172 -0.931189 -0.296287 128 128 128
1.28961 -0.953973 -0.298794 128 128 128
1.24282 -0.943036 -0.289392 128 128 128
1.77491 -1.38367 -0.436901 128 128 128
1.76084 -1.4078 -0.437737 128 128 128
1.74872 -1.43365 -0.439199 128 128 128
1.73698 -1.46004 -0.440871 128 128 128
1.73742 -1.49724 -0.446094 128 128 128
1.7277 -1.52623 -0.448601 128 128 128
1.72331 -1.56047 -0.45278 128 128 128
1.70833 -1.5855 -0.454034 128 128 128
1.69935 -1.61648 -0.457168 128 128 128
1.68498 -1.64268 -0.458839 128 128 128
1.67644 -1.675 -0.462391 128 128 128
1.66394 -1.70386 -0.464898 128 128 128
1.65099 -1.73266 -0.467406 128 128 128
1.64156 -1.7657 -0.471166 128 128 128
1.62895 -1.79587 -0.474092 128 128 128
1.61973 -1.83039 -0.47827 128 128 128
1.61628 -1.87237 -0.484538 128 128 128
1.59507 -1.89431 -0.485165 128 128 128
1.58223 -1.92661 -0.488717 128 128 128
1.57128 -1.96193 -0.493105 128 128 128
1.56271 -2.00113 -0.498537 128 128 128
1.54395 -2.02794 -0.500626 128 128 128
1.52941 -2.06089 -0.504387 128 128 128
1.51773 -2.09854 -0.509402 128 128 128
1.49805 -2.12581 -0.5117 128 128 128
1.47461 -2.14807 -0.512745 128 128 128
1.4579 -2.18065 -0.516506 128 128 128
1.43209 -2.20002 -0.516923 128 128 128
1.42431 -2.24802 -0.524654 128 128 128
1.40788 -2.28366 -0.529251 128 128 128
1.38276 -2.3058 -0.530504 128 128 128
1.3691 -2.34796 -0.536772 128 128 128
1.34595 -2.3748 -0.53928 128 128 128
1.328 -2.41172 -0.544294 128 128 128
1.30842 -2.44682 -0.548891 128 128 128
1.28549 -2.47659 -0.552234 128 128 128
1.26158 -2.50529 -0.555368 128 128 128
1.2363 -2.53201 -0.558084 128 128 128
1.21097 -2.55938 -0.561009 128 128 128
1.18475 -2.58561 -0.563725 128 128 128
1.15807 -2.61158 -0.566441 128 128 128
1.12632 -2.6265 -0.56665 128 128 128
1.10967 -2.67809 -0.575426 128 128 128
1.08397 -2.70967 -0.579604 128 128 128
1.06221 -2.7529 -0.586499 128 128 128
1.03378 -2.7804 -0.589842 128 128 128
1.00943 -2.82051 -0.59611 128 128 128
0.975693 -2.83546 -0.596737 128 128 128
0.949686 -2.87416 -0.602796 128 128 128
0.919639 -2.90238 -0.606557 128 128 128
0.887345 -2.92469 -0.609064 128 128 128
0.851659 -2.93629 -0.609273 128 128 128
0.821534 -2.96821 -0.614079 128 128 128
0.785792 -2.9809 -0.614705 128 128 128
0.752226 -3.00266 -0.617422 128 128 128
0.720941 -3.03546 -0.622645 128 128 128
0.688324 -3.06507 -0.627242 128 128 128
0.658309 -3.10965 -0.635181 128 128 128
0.621995 -3.12709 -0.637271 128 128 128
0.586952 -3.15276 -0.64124 128 128 128
0.552368 -3.18382 -0.646464 128 128 128
0.515414 -3.20388 -0.649389 128 128 128
0.479615 -3.23415 -0.654612 128 128 128
0.442499 -3.25918 -0.658791 128 128 128
0.402707 -3.2663 -0.659209 128 128 128
0.36366 -3.28072 -0.661298 128 128 128
0.324982 -3.30148 -0.66485 128 128 128
0.285187 -3.31399 -0.66673 128 128 128
0.245205 -3.327 -0.66882 128 128 128
0.202656 -3.30145 -0.662761 128 128 128
0.163249 -3.32713 -0.667775 128 128 128
0.126196 -3.43541 -0.690549 128 128 128
0.0839377 -3.43279 -0.689713 128 128 128
0.0420534 -3.45605 -0.694519 128 128 128
-0.000390499 -3.47977 -0.699533 128 128 128
-0.0433839 -3.50102 -0.70413 128 128 128
-0.0864192 -3.50316 -0.704757 128 128 128
-0.130258 -3.52431 -0.709562 128 128 128
-0.173497 -3.52244 -0.709562 128 128 128
-0.217444 -3.53176 -0.71207 128 128 128
-0.261719 -3.54151 -0.714786 128 128 128
-0.307117 -3.56043 -0.719591 128 128 128
-0.350883 -3.55737 -0.7198 128 128 128
-0.398436 -3.58778 -0.727322 128 128 128
-0.445215 -3.60494 -0.732127 128 128 128
-0.492608 -3.62246 -0.737142 128 128 128
-0.539918 -3.63549 -0.741321 128 128 128
-0.587309 -3.64596 -0.745081 128 128 128
-0.633691 -3.64811 -0.747171 128 128 128
-0.682736 -3.66313 -0.752185 128 128 128
-0.729557 -3.66407 -0.754275 128 128 128
-0.264681 -1.26175 -0.231517 128 128 128
-0.273465 -1.22884 -0.22504 128 128 128
-0.289206 -1.22825 -0.225667 128 128 128
-0.300197 -1.20848 -0.222115 128 128 128
-0.319512 -1.22172 -0.225876 128 128 128
-0.339459 -1.23561 -0.229846 128 128 128
-0.355964 -1.23605 -0.23089 128 128 128
-0.377377 -1.25217 -0.235487 128 128 128
-1.16456 -3.67316 -0.779347 128 128 128
-1.22463 -3.70407 -0.789585 128 128 128
-1.26584 -3.67675 -0.786869 128 128 128
-1.3231 -3.69499 -0.794599 128 128 128
-1.36903 -3.68031 -0.795017 128 128 128
-1.41338 -3.6614 -0.794599 128 128 128
-1.47496 -3.68553 -0.80421 128 128 128
-1.5212 -3.66986 -0.804837 128 128 128
-1.57115 -3.6626 -0.807553 128 128 128
-1.61995 -3.65198 -0.809643 128 128 128
-1.66505 -3.63271 -0.809852 128 128 128
-1.71454 -3.62261 -0.812359 128 128 128
-1.76316 -3.61008 -0.814448 128 128 128
-1.80733 -3.58817 -0.814448 128 128 128
-1.85755 -3.57786 -0.817373 128 128 128
-1.91148 -3.57376 -0.82197 128 128 128
-1.95472 -3.54918 -0.821761 128 128 128
-1.99813 -3.52492 -0.821761 128 128 128
-2.06591 -3.54235 -0.832208 128 128 128
-2.08453 -3.47566 -0.82197 128 128 128
-2.16661 -3.51388 -0.838058 128 128 128
-2.20695 -3.4829 -0.837013 128 128 128
-2.26288 -3.47603 -0.842237 128 128 128
-2.30591 -3.44881 -0.842446 128 128 128
-2.35693 -3.43315 -0.845789 128 128 128
-2.3955 -3.39917 -0.844535 128 128 128
-2.41407 -3.33785 -0.836177 128 128 128
-2.48811 -3.3527 -0.848087 128 128 128
-2.53856 -3.33436 -0.85143 128 128 128
-2.58471 -3.30988 -0.85331 128 128 128
-2.60677 -3.25503 -0.847042 128 128 128
-2.66889 -3.24999 -0.854564 128 128 128
-1.40415 1.06859 -0.379248 128 128 128
-1.96766 1.53522 -0.554927 128 128 128
-1.92285 1.53861 -0.546984 128 128 128
-1.88578 1.5473 -0.541377 128 128 128
-1.36304 1.46734 -0.436484 128 128 128
-1.31161 1.44724 -0.424569 128 128 128
-1.29985 1.50695 -0.433447 128 128 128
-1.08341 1.71093 -0.441857 128 128 128
-1.06642 1.73072 -0.443726 128 128 128
-1.03659 1.7295 -0.439754 128 128 128
-1.01382 1.73957 -0.439053 128 128 128
-0.995273 1.75696 -0.440455 128 128 128
-0.937493 1.70347 -0.422467 128 128 128
-0.905046 1.69342 -0.416626 128 128 128
-0.87792 1.69232 -0.413356 128 128 128
-0.856649 1.70209 -0.413122 128 128 128
-0.831426 1.70374 -0.410786 128 128 128
-0.808791 1.7103 -0.409852 128 128 128
-0.780443 1.70419 -0.405647 128 128 128
-0.754736 1.70298 -0.402843 128 128 128
-0.732247 1.70854 -0.401909 128 128 128
-0.709362 1.7129 -0.400741 128 128 128
-0.681056 1.70343 -0.396068 128 128 128
-0.655544 1.69987 -0.393031 128 128 128
-0.627508 1.68865 -0.388125 128 128 128
-0.608707 1.70171 -0.389527 128 128 128
-0.586828 1.7063 -0.388826 128 128 128
-0.556677 1.68568 -0.381818 128 128 128
-0.530064 1.67385 -0.377146 128 128 128
-0.508352 1.67651 -0.376211 128 128 128
-0.482854 1.66581 -0.372006 128 128 128
-0.462896 1.67348 -0.372473 128 128 128
-0.436362 1.65648 -0.366866 128 128 128
-0.415765 1.66076 -0.366633 128 128 128
-0.389271 1.6402 -0.360325 128 128 128
-0.368473 1.64201 -0.359624 128 128 128
-0.344457 1.62834 -0.355186 128 128 128
-0.325972 1.64007 -0.357055 128 128 128
-0.305106 1.64012 -0.35612 128 128 128
-0.28212 1.62746 -0.352149 128 128 128
-0.262127 1.6308 -0.352149 128 128 128
-0.239946 1.61947 -0.348644 128 128 128
-0.219265 1.61651 -0.347243 128 128 128
-0.199651 1.62101 -0.34771 128 128 128
-0.178881 1.61561 -0.345841 128 128 128
-0.158658 1.61381 -0.344907 128 128 128
-0.137581 1.6011 -0.341402 128 128 128
-0.117634 1.59879 -0.340468 128 128 128
-0.0977045 1.59526 -0.3393 128 128 128
-0.0769605 1.57304 -0.333693 128 128 128
-0.0576511 1.57386 -0.333693 128 128 128
-0.0381616 1.56765 -0.332058 128 128 128
-0.0188333 1.56119 -0.330422 128 128 128
0.000332737 1.55158 -0.328086 128 128 128
0.0192262 1.53882 -0.325049 128 128 128
0.0378762 1.52875 -0.322713 128 128 128
0.0569498 1.53691 -0.324816 128 128 128
0.0746761 1.51279 -0.319209 128 128 128
0.0931757 1.51079 -0.318975 128 128 128
0.111638 1.50856 -0.318742 128 128 128
0.129645 1.50127 -0.31734 128 128 128
0.147206 1.49085 -0.315237 128 128 128
0.164424 1.47927 -0.312901 128 128 128
0.179368 1.45108 -0.306594 128 128 128
0.199897 1.46901 -0.3115 128 128 128
0.216204 1.4549 -0.308696 128 128 128
0.233119 1.44638 -0.307295 128 128 128
0.24936 1.43479 -0.305192 128 128 128
0.26748 1.43449 -0.305893 128 128 128
0.284118 1.42633 -0.304725 128 128 128
0.300195 1.41607 -0.30309 128 128 128
0.316275 1.40659 -0.301688 128 128 128
0.333288 1.40166 -0.301454 128 128 128
0.348343 1.38897 -0.299352 128 128 128
0.364125 1.37989 -0.298184 128 128 128
0.383101 1.38282 -0.300053 128 128 128
0.396799 1.3668 -0.297249 128 128 128
0.412979 1.35997 -0.296782 128 128 128
0.428757 1.35202 -0.296081 128 128 128
0.444099 1.34296 -0.295147 128 128 128
0.461177 1.33925 -0.295614 128 128 128
0.476269 1.32983 -0.294679 128 128 128
0.49289 1.32479 -0.294913 128 128 128
0.507364 1.31411 -0.293745 128 128 128
0.522731 1.30598 -0.293278 128 128 128
0.539089 1.30036 -0.293511 128 128 128
0.555389 1.29454 -0.293745 128 128 128
0.568479 1.2814 -0.29211 128 128 128
0.58133 1.26814 -0.290474 128 128 128
0.598094 1.26355 -0.291175 128 128 128
0.613555 1.25612 -0.291175 128 128 128
0.628923 1.24849 -0.291175 128 128 128
0.643302 1.23895 -0.290708 128 128 128
0.659373 1.23268 -0.291175 128 128 128
0.671641 1.21938 -0.289773 128 128 128
0.689905 1.21697 -0.291409 128 128 128
0.70332 1.2059 -0.290708 128 128 128
0.709077 1.18216 -0.286503 128 128 128
0.729136 1.18248 -0.289073 128 128 128
0.743591 1.17344 -0.289073 128 128 128
0.757406 1.16341 -0.288839 128 128 128
0.767308 1.14756 -0.28697 128 128 128
0.782432 1.13966 -0.287437 128 128 128
0.791883 1.12361 -0.285568 128 128 128
0.809596 1.11933 -0.287204 128 128 128
0.822692 1.10852 -0.28697 128 128 128
0.836821 1.09912 -0.287204 128 128 128
0.851442 1.0903 -0.287671 128 128 128
0.858687 1.07218 -0.285335 128 128 128
0.875477 1.06607 -0.286736 128 128 128
0.887243 1.05376 -0.286269 128 128 128
0.900107 1.04279 -0.286269 128 128 128
0.914767 1.03385 -0.28697 128 128 128
0.927385 1.02255 -0.28697 128 128 128
0.93854 1.00967 -0.286503 128 128 128
0.95287 1.00019 -0.287204 128 128 128
0.967108 0.990507 -0.287905 128 128 128
0.980564 0.979941 -0.288372 128 128 128
0.993907 0.969193 -0.288839 128 128 128
1.00432 0.955581 -0.288372 128 128 128
1.0181 0.945172 -0.289073 128 128 128
1.02747 0.930646 -0.288372 128 128 128
1.03954 0.918612 -0.288605 128 128 128
1.05147 0.906422 -0.288839 128 128 128
1.064 0.894704 -0.289306 128 128 128
1.0764 0.882814 -0.289773 128 128 128
1.08715 0.869538 -0.289773 128 128 128
1.09468 0.853737 -0.288839 128 128 128
1.10662 0.841418 -0.289306 128 128 128
1.11608 0.827195 -0.289073 128 128 128
1.13796 0.821988 -0.292577 128 128 128
1.13843 0.801237 -0.289773 128 128 128
1.14657 0.786105 -0.289306 128 128 128
1.16179 0.775761 -0.290942 128 128 128
1.17937 0.766753 -0.293278 128 128 128
1.18869 0.752223 -0.293278 128 128 128
1.19783 0.737579 -0.293278 128 128 128
1.21013 0.724826 -0.294212 128 128 128
1.21389 0.70698 -0.29281 128 128 128
1.23178 0.697309 -0.29538 128 128 128
1.24791 0.686365 -0.297483 128 128 128
1.25109 0.668246 -0.296081 128 128 128
1.26092 0.65374 -0.296548 128 128 128
1.27232 0.639968 -0.297483 128 128 128
1.27222 0.620463 -0.29538 128 128 128
1.28237 0.606053 -0.296081 128 128 128
1.29148 0.591082 -0.296548 128 128 128
1.31108 0.580713 -0.299819 128 128 128
1.31989 0.565348 -0.300286 128 128 128
1.32943 0.550226 -0.300987 128 128 128
1.33788 0.534594 -0.301454 128 128 128
1.34434 0.518136 -0.301454 128 128 128
1.35424 0.502957 -0.302389 128 128 128
1.36855 0.489254 -0.304491 128 128 128
1.37445 0.472423 -0.304491 128 128 128
1.38199 0.456132 -0.304958 128 128 128
1.38563 0.43855 -0.304491 128 128 128
1.39091 0.421513 -0.304491 128 128 128
1.42025 0.41147 -0.310565 128 128 128
1.42145 0.39297 -0.309631 128 128 128
1.44402 0.380218 -0.314069 128 128 128
1.4599 0.365311 -0.316873 128 128 128
1.47373 0.349621 -0.319209 128 128 128
1.47506 0.330869 -0.318508 128 128 128
1.46855 0.310521 -0.315938 128 128 128
1.48846 0.295711 -0.31991 128 128 128
1.49867 0.278674 -0.321545 128 128 128
1.4991 0.259761 -0.320844 128 128 128
1.51657 0.243672 -0.324348 128 128 128
1.53676 0.227622 -0.328554 128 128 128
1.53944 0.208746 -0.328554 128 128 128
1.54285 0.189959 -0.328787 128 128 128
1.56632 0.173383 -0.333927 128 128 128
1.57317 0.154629 -0.335095 128 128 128
1.57204 0.13506 -0.334394 128 128 128
1.59492 0.117346 -0.339533 128 128 128
1.59721 0.097825 -0.339767 128 128 128
1.608 0.0787009 -0.342103 128 128 128
1.60787 0.058926 -0.34187 128 128 128
1.61139 0.039264 -0.34257 128 128 128
1.62342 0.0196376 -0.345374 128 128 128
1.62256 -0.00028628 -0.34514 128 128 128
1.63216 -0.0203106 -0.347476 128 128 128
1.63276 -0.0403614 -0.34771 128 128 128
1.64283 -0.0607815 -0.35028 128 128 128
1.64293 -0.080984 -0.350513 128 128 128
1.65928 -0.102201 -0.354718 128 128 128
1.6579 -0.122555 -0.354718 128 128 128
1.66499 -0.143636 -0.356821 128 128 128
1.66795 -0.164531 -0.357989 128 128 128
1.6716 -0.185626 -0.359391 128 128 128
1.67209 -0.20648 -0.360092 128 128 128
1.68485 -0.229067 -0.363829 128 128 128
1.68768 -0.250578 -0.365231 128 128 128
1.70272 -0.274192 -0.36967 128 128 128
1.72031 -0.29871 -0.374809 128 128 128
1.71842 -0.320153 -0.375277 128 128 128
1.72486 -0.343297 -0.377846 128 128 128
1.73954 -0.368452 -0.382519 128 128 128
1.73489 -0.389772 -0.382519 128 128 128
1.75174 -0.416185 -0.387892 128 128 128
1.74839 -0.438121 -0.388359 128 128 128
1.74946 -0.461274 -0.389994 128 128 128
1.7596 -0.487106 -0.393966 128 128 128
1.7675 -0.512716 -0.39747 128 128 128
1.7648 -0.535494 -0.398404 128 128 128
1.76737 -0.56004 -0.400741 128 128 128
1.77514 -0.586557 -0.404478 128 128 128
1.76688 -0.607981 -0.404245 128 128 128
1.76753 -0.63256 -0.406347 128 128 128
1.76693 -0.656908 -0.408216 128 128 128
1.76509 -0.680987 -0.409852 128 128 128
1.76743 -0.706922 -0.412655 128 128 128
1.7721 -0.73413 -0.416159 128 128 128
1.77548 -0.761176 -0.41943 128 128 128
1.76956 -0.784481 -0.420364 128 128 128
1.78633 -0.818267 -0.427373 128 128 128
1.78934 -0.846353 -0.430877 128 128 128
1.78669 -0.872081 -0.432979 128 128 128
1.79844 -0.905292 -0.439053 128 128 128
1.7846 -0.925952 -0.438353 128 128 128
1.77911 -0.950986 -0.439988 128 128 128
1.79202 -0.986327 -0.446763 128 128 128
1.79925 -1.01925 -0.452136 128 128 128
1.79333 -1.04517 -0.454005 128 128 128
1.78954 -1.07259 -0.456575 128 128 128
1.7779 -1.09549 -0.457042 128 128 128
1.78158 -1.12814 -0.461948 128 128 128
1.7676 -1.14991 -0.461948 128 128 128
1.76711 -1.18069 -0.465919 128 128 128
1.73404 -1.18965 -0.460546 128 128 128
1.29142 -0.909907 -0.334861 128 128 128
1.28016 -0.925686 -0.334861 128 128 128
1.2648 -0.938433 -0.333693 128 128 128
1.26557 -0.963295 -0.337431 128 128 128
1.75753 -1.37145 -0.490916 128 128 128
1.73753 -1.39048 -0.489982 128 128 128
1.72936 -1.4191 -0.492785 128 128 128
1.74084 -1.46461 -0.501896 128 128 128
1.72421 -1.48713 -0.502363 128 128 128
1.71531 -1.51654 -0.5054 128 128 128
1.70954 -1.54922 -0.509605 128 128 128
1.70537 -1.58397 -0.514511 128 128 128
1.68792 -1.60679 -0.515212 128 128 128
1.67434 -1.63349 -0.517315 128 128 128
1.6638 -1.66353 -0.520585 128 128 128
1.64938 -1.69008 -0.522688 128 128 128
1.6426 -1.72498 -0.527594 128 128 128
1.6339 -1.75853 -0.532032 128 128 128
1.62984 -1.79789 -0.53834 128 128 128
1.62763 -1.84032 -0.545582 128 128 128
1.61192 -1.86825 -0.548152 128 128 128
1.59952 -1.90053 -0.552123 128 128 128
1.58348 -1.92903 -0.554927 128 128 128
1.57185 -1.96349 -0.559599 128 128 128
1.55542 -1.99259 -0.562636 128 128 128
1.54264 -2.027 -0.567308 128 128 128
1.52519 -2.05593 -0.570345 128 128 128
1.50953 -2.08788 -0.574317 128 128 128
1.48548 -2.10863 -0.575017 128 128 128
1.465 -2.13471 -0.577354 128 128 128
1.46086 -2.18566 -0.586932 128 128 128
1.43499 -2.20505 -0.587399 128 128 128
1.41668 -2.23646 -0.59137 128 128 128
1.39219 -2.25864 -0.592772 128 128 128
1.38288 -2.3064 -0.601416 128 128 128
1.36575 -2.34251 -0.606789 128 128 128
1.34746 -2.3777 -0.611929 128 128 128
1.32428 -2.40512 -0.614966 128 128 128
1.30384 -2.43834 -0.619638 128 128 128
1.27831 -2.46278 -0.621974 128 128 128
1.25805 -2.49825 -0.627347 128 128 128
1.232 -2.52311 -0.629917 128 128 128
1.20677 -2.55034 -0.633188 128 128 128
1.17944 -2.5738 -0.635524 128 128 128
1.15448 -2.60318 -0.639495 128 128 128
1.13549 -2.64753 -0.647438 128 128 128
1.10776 -2.67294 -0.650475 128 128 128
1.08319 -2.70709 -0.655848 128 128 128
1.05795 -2.74104 -0.661221 128 128 128
1.0334 -2.77842 -0.667529 128 128 128
1.00579 -2.8092 -0.672201 128 128 128
0.975043 -2.83236 -0.675005 128 128 128
0.94663 -2.86349 -0.679911 128 128 128
0.917304 -2.89343 -0.684583 128 128 128
0.883991 -2.91191 -0.686452 128 128 128
0.849548 -2.92721 -0.68762 128 128 128
0.818762 -2.95615 -0.692292 128 128 128
0.784659 -2.97444 -0.694395 128 128 128
0.749521 -2.9895 -0.695796 128 128 128
0.720438 -3.03063 -0.703739 128 128 128
0.69174 -3.07719 -0.713084 128 128 128
0.658168 -3.10542 -0.71799 128 128 128
0.624387 -3.13519 -0.723363 128 128 128
0.588367 -3.156 -0.726634 128 128 128
0.554099 -3.18885 -0.732941 128 128 128
0.51539 -3.19829 -0.733642 128 128 128
0.47811 -3.21783 -0.736913 128 128 128
0.441479 -3.24465 -0.742052 128 128 128
0.403065 -3.2614 -0.744856 128 128 128
0.363335 -3.269 -0.745556 128 128 128
0.325399 -3.29547 -0.75093 128 128 128
0.284934 -3.29922 -0.75093 128 128 128
0.247384 -3.34222 -0.760508 128 128 128
0.204303 -3.31201 -0.752565 128 128 128
0.162725 -3.29582 -0.748126 128 128 128
0.123434 -3.32866 -0.755602 128 128 128
0.0852719 -3.43684 -0.7813 128 128 128
0.0432786 -3.45221 -0.784804 128 128 128
0.00092413 -3.47193 -0.789476 128 128 128
-0.0417948 -3.4814 -0.791812 128 128 128
-0.0848623 -3.49521 -0.795316 128 128 128
-0.128275 -3.50848 -0.798821 128 128 128
-0.171696 -3.51441 -0.80069 128 128 128
-0.216285 -3.5363 -0.80653 128 128 128
-0.261366 -3.55666 -0.812137 128 128 128
-0.306896 -3.57546 -0.81751 128 128 128
-0.35359 -3.60046 -0.824518 128 128 128
-0.398386 -3.60165 -0.82592 128 128 128
-0.442909 -3.59938 -0.826621 128 128 128
-0.492905 -3.63704 -0.837134 128 128 128
-0.539489 -3.64418 -0.840404 128 128 128
-0.587399 -3.65745 -0.84531 128 128 128
-0.634224 -3.66146 -0.848113 128 128 128
-0.67964 -3.65627 -0.848814 128 128 128
-0.728049 -3.66578 -0.853253 128 128 128
-0.266869 -1.25814 -0.264309 128 128 128
-0.281651 -1.25193 -0.263609 128 128 128
-0.294304 -1.23702 -0.260805 128 128 128
-0.306163 -1.22011 -0.257535 128 128 128
-0.322349 -1.22097 -0.258703 128 128 128
-0.341706 -1.23285 -0.262674 128 128 128
-0.355729 -1.22483 -0.26174 128 128 128
-0.380308 -1.25201 -0.269683 128 128 128
-1.17015 -3.69763 -0.887127 128 128 128
-1.22336 -3.707 -0.893201 128 128 128
-1.27602 -3.71286 -0.898574 128 128 128
-1.32214 -3.69875 -0.899042 128 128 128
-1.37148 -3.69319 -0.901845 128 128 128
-1.42124 -3.68788 -0.904882 128 128 128
-1.46639 -3.67016 -0.904882 128 128 128
-1.51912 -3.67076 -0.909788 128 128 128
-1.56482 -3.65363 -0.910255 128 128 128
-1.61268 -3.64126 -0.912124 128 128 128
-1.66331 -3.63446 -0.915628 128 128 128
-1.71734 -3.634 -0.921001 128 128 128
-1.76649 -3.62227 -0.923571 128 128 128
-1.82041 -3.61943 -0.928711 128 128 128
-2.06974 -3.55393 -0.943428 128 128 128
-2.12668 -3.5508 -0.949736 128 128 128
-2.16194 -3.51118 -0.945998 128 128 128
-2.21422 -3.49918 -0.950203 128 128 128
-3.23103 -2.78901 -0.980807 128 128 128
-3.27616 -2.75855 -0.984311 128 128 128
-3.31277 -2.72061 -0.985246 128 128 128
-3.3406 -2.67549 -0.98361 128 128 128
-0.949111 -0.739982 -0.244452 128 128 128
-1.96041 1.53264 -0.615404 128 128 128
-1.92488 1.54325 -0.609758 128 128 128
-1.88791 1.55199 -0.603599 128 128 128
-1.87019 1.57629 -0.604112 128 128 128
-1.90037 1.64218 -0.621563 128 128 128
-1.90247 1.68528 -0.629518 128 128 128
-1.84806 1.67791 -0.617457 128 128 128
-1.6911 1.6125 -0.575113 128 128 128
-1.66567 1.62772 -0.57306 128 128 128
-1.63057 1.63297 -0.567414 128 128 128
-1.22696 1.5737 -0.484524 128 128 128
-1.21814 1.73175 -0.516859 128 128 128
-1.15104 1.67951 -0.495302 128 128 128
-1.12338 1.68304 -0.491966 128 128 128
-0.943194 1.4901 -0.422934 128 128 128
-1.01031 1.73538 -0.48786 128 128 128
-0.980876 1.73333 -0.483497 128 128 128
-0.861353 1.76674 -0.476569 128 128 128
-0.802201 1.69757 -0.453215 128 128 128
-0.781309 1.70729 -0.453215 128 128 128
-0.750562 1.69463 -0.4468 128 128 128
-0.727439 1.69838 -0.44526 128 128 128
-0.705807 1.70539 -0.444747 128 128 128
-0.678406 1.69776 -0.440127 128 128 128
-0.653374 1.69512 -0.437048 128 128 128
-0.628509 1.69213 -0.433968 128 128 128
-0.6022 1.68423 -0.429606 128 128 128
-0.579301 1.68509 -0.427809 128 128 128
-0.554066 1.6783 -0.42396 128 128 128
-0.526478 1.66284 -0.417801 128 128 128
-0.505198 1.6664 -0.417031 128 128 128
-0.483643 1.66876 -0.416005 128 128 128
-0.458275 1.65686 -0.411129 128 128 128
-0.433028 1.64365 -0.405996 128 128 128
-0.413523 1.65165 -0.406766 128 128 128
-0.386373 1.62744 -0.398811 128 128 128
-0.365326 1.62734 -0.397527 128 128 128
-0.345328 1.6317 -0.397527 128 128 128
-0.323975 1.62917 -0.395731 128 128 128
-0.302039 1.62257 -0.392908 128 128 128
-0.281779 1.62425 -0.392395 128 128 128
-0.260163 1.61708 -0.389572 128 128 128
-0.239602 1.61537 -0.388289 128 128 128
-0.218867 1.61149 -0.386492 128 128 128
-0.199075 1.61405 -0.386492 128 128 128
-0.178628 1.61061 -0.384953 128 128 128
-0.157465 1.59825 -0.381103 128 128 128
-0.138001 1.60198 -0.381617 128 128 128
-0.117508 1.59199 -0.378537 128 128 128
-0.0973939 1.58366 -0.375971 128 128 128
-0.0772772 1.57026 -0.372121 128 128 128
-0.0580351 1.57205 -0.372378 128 128 128
-0.0383769 1.55622 -0.368015 128 128 128
-0.0191822 1.54691 -0.365449 128 128 128
-0.000209864 1.54219 -0.364166 128 128 128
0.0186297 1.53628 -0.362626 128 128 128
0.0373241 1.53014 -0.361086 128 128 128
0.0555288 1.51508 -0.357237 128 128 128
0.0742166 1.51622 -0.35775 128 128 128
0.0918307 1.49976 -0.353644 128 128 128
0.110155 1.49756 -0.353388 128 128 128
0.128524 1.49609 -0.353388 128 128 128
0.145514 1.48094 -0.349795 128 128 128
0.163022 1.47328 -0.348255 128 128 128
0.180365 1.46541 -0.346715 128 128 128
0.197937 1.46022 -0.345945 128 128 128
0.214111 1.44621 -0.342866 128 128 128
0.231998 1.44443 -0.343123 128 128 128
0.247862 1.431 -0.3403 128 128 128
0.262536 1.41266 -0.336194 128 128 128
0.281379 1.41691 -0.338247 128 128 128
0.296923 1.40484 -0.335937 128 128 128
0.314782 1.40392 -0.336707 128 128 128
0.329956 1.39149 -0.334397 128 128 128
0.347007 1.38734 -0.334397 128 128 128
0.362762 1.37831 -0.333114 128 128 128
0.378869 1.37096 -0.332344 128 128 128
0.393763 1.35971 -0.330548 128 128 128
0.411834 1.3594 -0.331831 128 128 128
0.426131 1.34688 -0.329778 128 128 128
0.443849 1.34522 -0.330804 128 128 128
0.459057 1.33602 -0.329778 128 128 128
0.473778 1.32574 -0.328495 128 128 128
0.488316 1.3153 -0.327212 128 128 128
0.50372 1.3074 -0.326698 128 128 128
0.523337 1.31009 -0.329265 128 128 128
0.535654 1.29465 -0.326698 128 128 128
0.55265 1.29064 -0.327468 128 128 128
0.56372 1.27317 -0.324389 128 128 128
0.579301 1.26615 -0.324389 128 128 128
0.595626 1.2607 -0.324902 128 128 128
0.607643 1.24635 -0.322849 128 128 128
0.622455 1.23794 -0.322592 128 128 128
0.636705 1.22849 -0.322079 128 128 128
0.654479 1.2257 -0.323619 128 128 128
0.671812 1.2218 -0.324902 128 128 128
0.680056 1.20171 -0.321309 128 128 128
0.695729 1.19494 -0.321823 128 128 128
0.707846 1.18217 -0.320539 128 128 128
0.722808 1.17422 -0.320796 128 128 128
0.735606 1.16281 -0.320026 128 128 128
0.743471 1.14399 -0.316947 128 128 128
0.759071 1.13719 -0.317717 128 128 128
0.777907 1.13495 -0.320026 128 128 128
0.790101 1.12295 -0.319256 128 128 128
0.802686 1.11161 -0.318743 128 128 128
0.817422 1.10322 -0.319256 128 128 128
0.830311 1.09234 -0.319 128 128 128
0.843653 1.08207 -0.319 128 128 128
0.855657 1.07013 -0.318486 128 128 128
0.869955 1.06104 -0.319 128 128 128
0.877917 1.04438 -0.316947 128 128 128
0.907761 1.05325 -0.323876 128 128 128
0.916124 1.03697 -0.322079 128 128 128
0.92097 1.01708 -0.319 128 128 128
0.933381 1.0057 -0.319 128 128 128
0.947657 0.996263 -0.31977 128 128 128
0.959812 0.984559 -0.31977 128 128 128
0.973877 0.974751 -0.320539 128 128 128
0.984378 0.96138 -0.320026 128 128 128
0.998207 0.951222 -0.320796 128 128 128
1.00697 0.936277 -0.31977 128 128 128
1.0234 0.92838 -0.321566 128 128 128
1.03835 0.918944 -0.322849 128 128 128
1.04588 0.902985 -0.321566 128 128 128
1.05985 0.892564 -0.322592 128 128 128
1.07072 0.879491 -0.322592 128 128 128
1.0905 0.87351 -0.325672 128 128 128
1.09122 0.852357 -0.322336 128 128 128
1.10391 0.840652 -0.323106 128 128 128
1.11258 0.825894 -0.322592 128 128 128
1.12185 0.811615 -0.322336 128 128 128
1.14122 0.804441 -0.325415 128 128 128
1.15021 0.789832 -0.325159 128 128 128
1.15982 0.775657 -0.325159 128 128 128
1.16681 0.759791 -0.324389 128 128 128
1.17033 0.74181 -0.322592 128 128 128
1.18346 0.729917 -0.323876 128 128 128
1.20146 0.720782 -0.326698 128 128 128
1.20604 0.703561 -0.325415 128 128 128
1.21626 0.689657 -0.325929 128 128 128
1.23481 0.680247 -0.329008 128 128 128
1.24306 0.665043 -0.329008 128 128 128
1.23996 0.643979 -0.325672 128 128 128
1.25382 0.631741 -0.327468 128 128 128
1.27105 0.620947 -0.330291 128 128 128
1.27945 0.605714 -0.330548 128 128 128
1.28942 0.591168 -0.331318 128 128 128
1.301 0.577248 -0.332601 128 128 128
1.31155 0.562753 -0.333627 128 128 128
1.32193 0.548087 -0.334654 128 128 128
1.33305 0.533607 -0.335937 128 128 128
1.3422 0.518245 -0.336707 128 128 128
1.34846 0.501735 -0.336707 128 128 128
1.35725 0.48612 -0.337477 128 128 128
1.36768 0.470988 -0.33876 128 128 128
1.37244 0.453868 -0.338503 128 128 128
1.38344 0.43873 -0.340043 128 128 128
1.39335 0.423111 -0.341326 128 128 128
1.40308 0.407315 -0.342609 128 128 128
1.41357 0.391599 -0.344149 128 128 128
1.42201 0.375199 -0.345176 128 128 128
1.42932 0.358418 -0.345945 128 128 128
1.44772 0.344166 -0.349795 128 128 128
1.45089 0.326165 -0.349538 128 128 128
1.46141 0.30972 -0.351335 128 128 128
1.47648 0.293997 -0.354414 128 128 128
1.48473 0.276729 -0.355697 128 128 128
1.47944 0.257023 -0.353388 128 128 128
1.50348 0.242174 -0.359033 128 128 128
1.51113 0.224403 -0.360317 128 128 128
1.52909 0.207885 -0.364423 128 128 128
1.53537 0.189569 -0.365449 128 128 128
1.54142 0.17113 -0.366476 128 128 128
1.55303 0.153125 -0.369042 128 128 128
1.55961 0.134458 -0.370325 128 128 128
1.56885 0.115859 -0.372378 128 128 128
1.57884 0.0971095 -0.374688 128 128 128
1.58088 0.0777725 -0.374944 128 128 128
1.5904 0.0586654 -0.377254 128 128 128
1.60067 0.0393574 -0.37982 128 128 128
1.61359 0.0198348 -0.383156 128 128 128
1.60888 4.40013e-05 -0.381873 128 128 128
1.62133 -0.0198849 -0.385209 128 128 128
1.62676 -0.0399363 -0.386749 128 128 128
1.63001 -0.060048 -0.387776 128 128 128
1.63397 -0.0802953 -0.389059 128 128 128
1.64733 -0.101266 -0.392908 128 128 128
1.64982 -0.121767 -0.393935 128 128 128
1.64917 -0.142089 -0.394191 128 128 128
1.65595 -0.163191 -0.396501 128 128 128
1.66631 -0.184915 -0.399837 128 128 128
1.65912 -0.204746 -0.398554 128 128 128
1.66701 -0.226548 -0.401377 128 128 128
1.68036 -0.249439 -0.405739 128 128 128
1.68861 -0.271911 -0.408819 128 128 128
1.69657 -0.294624 -0.411899 128 128 128
1.69378 -0.315601 -0.412155 128 128 128
1.70968 -0.340371 -0.417544 128 128 128
1.72049 -0.364567 -0.42165 128 128 128
1.71777 -0.38608 -0.422164 128 128 128
1.72982 -0.411193 -0.426783 128 128 128
1.7312 -0.43405 -0.428579 128 128 128
1.74536 -0.460483 -0.433968 128 128 128
1.74703 -0.483948 -0.436021 128 128 128
1.74559 -0.506707 -0.437305 128 128 128
1.75403 -0.532616 -0.441411 128 128 128
1.75657 -0.557043 -0.443977 128 128 128
1.7551 -0.580389 -0.445517 128 128 128
1.76155 -0.606634 -0.449366 128 128 128
1.76124 -0.630828 -0.451419 128 128 128
1.75789 -0.654088 -0.452702 128 128 128
1.75694 -0.678412 -0.454755 128 128 128
1.75566 -0.70281 -0.456808 128 128 128
1.76028 -0.729883 -0.460658 128 128 128
1.76805 -0.758707 -0.465534 128 128 128
1.76832 -0.784679 -0.468356 128 128 128
1.76294 -0.808343 -0.46964 128 128 128
1.77296 -0.839471 -0.475542 128 128 128
1.76339 -0.86159 -0.475799 128 128 128
1.77166 -0.892772 -0.481444 128 128 128
1.77085 -0.919813 -0.484524 128 128 128
1.77816 -0.951545 -0.49017 128 128 128
1.78326 -0.982657 -0.495302 128 128 128
1.77946 -1.00925 -0.497869 128 128 128
1.77945 -1.03834 -0.501718 128 128 128
1.77568 -1.06559 -0.504541 128 128 128
1.76986 -1.09188 -0.50685 128 128 128
1.7653 -1.11923 -0.509673 128 128 128
1.7668 -1.15086 -0.514549 128 128 128
1.75495 -1.17407 -0.515319 128 128 128
1.74121 -1.19607 -0.515576 128 128 128
1.29097 -0.909059 -0.373918 128 128 128
1.26877 -0.916879 -0.370325 128 128 128
1.24813 -0.925448 -0.367246 128 128 128
1.2528 -0.953024 -0.372635 128 128 128
1.24177 -0.968923 -0.372891 128 128 128
1.74188 -1.39604 -0.547397 128 128 128
1.72909 -1.421 -0.548937 128 128 128
1.71669 -1.44648 -0.550734 128 128 128
1.7178 -1.4839 -0.557406 128 128 128
1.69874 -1.50422 -0.557149 128 128 128
1.70302 -1.54578 -0.565361 128 128 128
1.69169 -1.57382 -0.568184 128 128 128
1.67784 -1.59981 -0.570237 128 128 128
1.66774 -1.62975 -0.57383 128 128 128
1.64898 -1.65146 -0.574343 128 128 128
1.64205 -1.68544 -0.579476 128 128 128
1.63387 -1.7188 -0.584352 128 128 128
1.61922 -1.74582 -0.586918 128 128 128
1.61645 -1.78637 -0.59436 128 128 128
1.61547 -1.83002 -0.602829 128 128 128
1.59667 -1.85411 -0.604369 128 128 128
1.58124 -1.88245 -0.607448 128 128 128
1.57391 -1.92118 -0.61412 128 128 128
1.54179 -1.92976 -0.610528 128 128 128
1.53933 -1.97602 -0.619766 128 128 128
1.53655 -2.02328 -0.629261 128 128 128
1.5139 -2.04509 -0.630288 128 128 128
1.49546 -2.07293 -0.633367 128 128 128
1.47712 -2.10142 -0.636704 128 128 128
1.45885 -2.13056 -0.640296 128 128 128
1.43955 -2.15877 -0.643633 128 128 128
1.41715 -2.18276 -0.645686 128 128 128
1.40262 -2.21962 -0.651845 128 128 128
1.38891 -2.25891 -0.658773 128 128 128
1.37939 -2.30651 -0.668269 128 128 128
1.35971 -2.33831 -0.672888 128 128 128
1.3347 -2.36156 -0.674941 128 128 128
1.31629 -2.39726 -0.680843 128 128 128
1.2904 -2.42006 -0.682896 128 128 128
1.27035 -2.45461 -0.688542 128 128 128
1.24273 -2.4752 -0.690082 128 128 128
1.22238 -2.51114 -0.696241 128 128 128
1.19764 -2.53907 -0.70009 128 128 128
1.17 -2.5615 -0.7024 128 128 128
1.14549 -2.59158 -0.707019 128 128 128
1.12382 -2.62945 -0.713948 128 128 128
1.09661 -2.65556 -0.717541 128 128 128
1.07322 -2.69217 -0.724213 128 128 128
1.04563 -2.71958 -0.728319 128 128 128
1.01953 -2.75216 -0.733965 128 128 128
0.994415 -2.78906 -0.740894 128 128 128
0.965421 -2.8166 -0.745257 128 128 128
0.935598 -2.84293 -0.749363 128 128 128
0.904406 -2.86618 -0.752699 128 128 128
0.873617 -2.89188 -0.756805 128 128 128
0.842067 -2.91631 -0.760654 128 128 128
0.809792 -2.93948 -0.764247 128 128 128
0.778295 -2.96696 -0.769123 128 128 128
0.747408 -2.9988 -0.775282 128 128 128
0.715192 -3.02751 -0.780671 128 128 128
0.679452 -3.04266 -0.782468 128 128 128
0.647602 -3.07726 -0.789653 128 128 128
0.614445 -3.10869 -0.796069 128 128 128
0.582883 -3.15212 -0.805821 128 128 128
0.545135 -3.16475 -0.80736 128 128 128
0.509281 -3.19029 -0.812493 128 128 128
0.473021 -3.21639 -0.817882 128 128 128
0.433899 -3.22482 -0.818652 128 128 128
0.395336 -3.23854 -0.820962 128 128 128
0.357127 -3.25756 -0.824811 128 128 128
0.318879 -3.27998 -0.829687 128 128 128
0.28102 -3.31254 -0.837386 128 128 128
0.241036 -3.32538 -0.839952 128 128 128
0.201575 -3.35124 -0.846111 128 128 128
0.157419 -3.28878 -0.828917 128 128 128
0.0990361 -2.76595 -0.689569 128 128 128
0.0790056 -3.39794 -0.857146 128 128 128
0.0377934 -3.44891 -0.870491 128 128 128
-0.00456168 -3.46071 -0.87357 128 128 128
-0.0472293 -3.47392 -0.877163 128 128 128
-0.0901174 -3.48275 -0.879729 128 128 128
-0.133267 -3.492 -0.882552 128 128 128
-0.176857 -3.50458 -0.886401 128 128 128
-0.220651 -3.51469 -0.889738 128 128 128
-0.267514 -3.56086 -0.902826 128 128 128
-0.310594 -3.55057 -0.901029 128 128 128
-0.355598 -3.56092 -0.904879 128 128 128
-0.402973 -3.58894 -0.913604 128 128 128
-0.450846 -3.61441 -0.921816 128 128 128
-0.496756 -3.62009 -0.924895 128 128 128
-0.543594 -3.62997 -0.929258 128 128 128
-0.591529 -3.64401 -0.934904 128 128 128
-0.638045 -3.64695 -0.937727 128 128 128
-0.684723 -3.64929 -0.94055 128 128 128
-0.732509 -3.65577 -0.944656 128 128 128
-0.779341 -3.65596 -0.947222 128 128 128
-0.283094 -1.26443 -0.298726 128 128 128
-0.290014 -1.22515 -0.288974 128 128 128
-0.307873 -1.23274 -0.292054 128 128 128
-0.323724 -1.23167 -0.292824 128 128 128
-0.337513 -1.22295 -0.291541 128 128 128
-0.348966 -1.20666 -0.288204 128 128 128
-0.370536 -1.22447 -0.294364 128 128 128
-0.392006 -1.24008 -0.300009 128 128 128
-1.23193 -3.711 -0.992901 128 128 128
-1.27801 -3.69743 -0.993415 128 128 128
-1.33181 -3.70511 -1.00009 128 128 128
-1.37786 -3.6903 -1.0006 128 128 128
-1.42654 -3.68212 -1.00317 128 128 128
-1.47776 -3.67958 -1.00753 128 128 128
-1.52578 -3.6683 -1.00958 128 128 128
-1.57068 -3.6493 -1.00958 128 128 128
-1.61968 -3.63946 -1.01241 128 128 128
-1.67757 -3.64828 -1.02087 128 128 128
-1.72263 -3.62829 -1.02113 128 128 128
-1.77555 -3.62423 -1.02626 128 128 128
-1.83342 -3.6289 -1.03422 128 128 128
-1.889 -3.62754 -1.04063 128 128 128
-2.04373 -3.59503 -1.0527 128 128 128
-2.0916 -3.57635 -1.05475 128 128 128
-2.13483 -3.54958 -1.05449 128 128 128
-2.18994 -3.54201 -1.06039 128 128 128
-2.21818 -3.49123 -1.05295 128 128 128
-2.27197 -3.48073 -1.05834 128 128 128
-3.18306 -2.94771 -1.10659 128 128 128
-3.27912 -2.89041 -1.11531 128 128 128
-3.26814 -2.8103 -1.09914 128 128 128
-3.30312 -2.7706 -1.0994 128 128 128
-3.33762 -2.73047 -1.09966 128 128 128
-3.37012 -2.68871 -1.0994 128 128 128
-0.935479 -0.73144 -0.269984 128 128 128
-3.98477 -1.7589 -1.11121 128 128 128
-3.87889 -1.65573 -1.07451 128 128 128
-3.87657 -1.59882 -1.06809 128 128 128
-3.88781 -1.54792 -1.06578 128 128 128
-2.75178 1.1375 -0.827398 128 128 128
-2.73144 1.16855 -0.825427 128 128 128
-2.68091 1.18608 -0.813886 128 128 128
-1.49916 1.08258 -0.496349 128 128 128
-2.00259 1.52165 -0.691713 128 128 128
-1.97922 1.54258 -0.690024 128 128 128
-1.93015 1.5428 -0.678763 128 128 128
-1.88805 1.54753 -0.670037 128 128 128
-1.78016 1.57217 -0.650613 128 128 128
-1.7586 1.59197 -0.649769 128 128 128
-1.72063 1.59647 -0.642449 128 128 128
-1.69395 1.61086 -0.639634 128 128 128
-0.881131 1.69635 -0.514647 128 128 128
-0.875815 1.73788 -0.524781 128 128 128
-0.839235 1.71747 -0.514647 128 128 128
-0.803701 1.69729 -0.504794 128 128 128
-0.777203 1.69482 -0.500853 128 128 128
-0.755567 1.70248 -0.50029 128 128 128
-0.733101 1.7081 -0.499164 128 128 128
-0.705457 1.70101 -0.494097 128 128 128
-0.681671 1.70242 -0.491845 128 128 128
-0.655186 1.69634 -0.487341 128 128 128
-0.63432 1.70425 -0.487341 128 128 128
-0.604277 1.68662 -0.479459 128 128 128
-0.581028 1.68665 -0.477206 128 128 128
-0.558474 1.68819 -0.475517 128 128 128
-0.537134 1.69309 -0.474954 128 128 128
-0.510444 1.68028 -0.469043 128 128 128
-0.485493 1.67167 -0.464539 128 128 128
-0.462886 1.67011 -0.462287 128 128 128
-0.436952 1.65526 -0.456094 128 128 128
-0.414264 1.65119 -0.453279 128 128 128
-0.392634 1.65055 -0.45159 128 128 128
-0.367911 1.63559 -0.445678 128 128 128
-0.346413 1.63341 -0.443708 128 128 128
-0.323141 1.62154 -0.438922 128 128 128
-0.303749 1.62821 -0.439766 128 128 128
-0.282259 1.62331 -0.437233 128 128 128
-0.259553 1.6096 -0.432166 128 128 128
-0.238788 1.60602 -0.430195 128 128 128
-0.21854 1.60503 -0.429069 128 128 128
-0.19859 1.60569 -0.428506 128 128 128
-0.177482 1.59561 -0.424847 128 128 128
-0.158459 1.60339 -0.426536 128 128 128
-0.138353 1.60044 -0.425128 128 128 128
-0.118632 1.60106 -0.424847 128 128 128
-0.0983155 1.59186 -0.42175 128 128 128
-0.078195 1.58145 -0.418372 128 128 128
-0.0585636 1.57653 -0.416683 128 128 128
-0.038966 1.56754 -0.413868 128 128 128
-0.0196753 1.56406 -0.412742 128 128 128
-0.000469034 1.55459 -0.409927 128 128 128
0.0186402 1.55736 -0.410771 128 128 128
0.0375482 1.54838 -0.408238 128 128 128
0.0559993 1.53246 -0.403734 128 128 128
0.0741573 1.51824 -0.399793 128 128 128
0.0924943 1.51242 -0.398385 128 128 128
0.110908 1.50926 -0.397822 128 128 128
0.129258 1.50587 -0.397259 128 128 128
0.146241 1.48889 -0.392755 128 128 128
0.16335 1.47649 -0.389659 128 128 128
0.181457 1.47438 -0.389659 128 128 128
0.198512 1.46443 -0.387407 128 128 128
0.214372 1.44765 -0.383184 128 128 128
0.234391 1.45912 -0.387407 128 128 128
0.249835 1.44195 -0.383184 128 128 128
0.265068 1.42556 -0.379243 128 128 128
0.280867 1.41373 -0.37671 128 128 128
0.298589 1.41206 -0.377272 128 128 128
0.31464 1.40267 -0.375583 128 128 128
0.329403 1.38843 -0.372487 128 128 128
0.34804 1.3908 -0.374457 128 128 128
0.362647 1.37714 -0.371642 128 128 128
0.379774 1.37351 -0.371924 128 128 128
0.392076 1.35308 -0.367138 128 128 128
0.409205 1.35 -0.367701 128 128 128
0.425452 1.34396 -0.36742 128 128 128
0.441613 1.33773 -0.367138 128 128 128
0.460484 1.33947 -0.36939 128 128 128
0.474632 1.32739 -0.36742 128 128 128
0.492551 1.32597 -0.368827 128 128 128
0.503966 1.30728 -0.364886 128 128 128
0.520681 1.30278 -0.365449 128 128 128
0.53846 1.30073 -0.366857 128 128 128
0.552119 1.28873 -0.365168 128 128 128
0.567117 1.2801 -0.364605 128 128 128
0.582783 1.27305 -0.364605 128 128 128
0.592632 1.25365 -0.360664 128 128 128
0.61217 1.25491 -0.363479 128 128 128
0.626663 1.24559 -0.362916 128 128 128
0.640137 1.23439 -0.36179 128 128 128
0.647564 1.21205 -0.357004 128 128 128
0.668391 1.21495 -0.360664 128 128 128
0.681834 1.20415 -0.359819 128 128 128
0.697042 1.19652 -0.360101 128 128 128
0.706257 1.17882 -0.357004 128 128 128
0.717655 1.16516 -0.355315 128 128 128
0.737023 1.16437 -0.35813 128 128 128
0.747078 1.1488 -0.355878 128 128 128
0.763248 1.14274 -0.357004 128 128 128
0.772336 1.12616 -0.354471 128 128 128
0.793268 1.12681 -0.35813 128 128 128
0.798057 1.10454 -0.353626 128 128 128
0.822966 1.11009 -0.359256 128 128 128
0.830145 1.0915 -0.35616 128 128 128
0.836993 1.0729 -0.353063 128 128 128
0.860274 1.07529 -0.357849 128 128 128
0.87462 1.06614 -0.358412 128 128 128
0.877766 1.04357 -0.353908 128 128 128
0.89614 1.03926 -0.356441 128 128 128
0.913904 1.03395 -0.358693 128 128 128
0.922662 1.01838 -0.357004 128 128 128
0.938351 1.0105 -0.358412 128 128 128
0.943411 0.991258 -0.355315 128 128 128
0.957512 0.981669 -0.35616 128 128 128
0.970165 0.970524 -0.356441 128 128 128
0.986803 0.963242 -0.358412 128 128 128
0.99369 0.946423 -0.356441 128 128 128
1.01225 0.940697 -0.359256 128 128 128
1.02372 0.928204 -0.359256 128 128 128
1.03432 0.914935 -0.358975 128 128 128
1.04692 0.903429 -0.359538 128 128 128
1.05499 0.888039 -0.358412 128 128 128
1.06284 0.872587 -0.357286 128 128 128
1.07871 0.863682 -0.359256 128 128 128
1.08998 0.850971 -0.359538 128 128 128
1.10035 0.837531 -0.359538 128 128 128
1.11439 0.826827 -0.360945 128 128 128
1.1229 0.811964 -0.360382 128 128 128
1.1414 0.804211 -0.363479 128 128 128
1.14328 0.784706 -0.360664 128 128 128
1.15601 0.772753 -0.36179 128 128 128
1.16621 0.759033 -0.362071 128 128 128
1.17544 0.744665 -0.362071 128 128 128
1.18449 0.730184 -0.362071 128 128 128
1.19582 0.717076 -0.362916 128 128 128
1.21033 0.705737 -0.364886 128 128 128
1.22391 0.693675 -0.366575 128 128 128
1.23317 0.679067 -0.366857 128 128 128
1.24395 0.665243 -0.367701 128 128 128
1.24095 0.64417 -0.364042 128 128 128
1.25305 0.631055 -0.365449 128 128 128
1.26242 0.616475 -0.366012 128 128 128
1.28636 0.608751 -0.371361 128 128 128
1.2824 0.587711 -0.367701 128 128 128
1.29653 0.575049 -0.369953 128 128 128
1.30437 0.559475 -0.370235 128 128 128
1.32 0.547108 -0.37305 128 128 128
1.3373 0.535157 -0.376428 128 128 128
1.34555 0.519399 -0.376991 128 128 128
1.34464 0.500164 -0.374739 128 128 128
1.36422 0.488491 -0.378962 128 128 128
1.36557 0.470147 -0.377554 128 128 128
1.37762 0.455469 -0.379525 128 128 128
1.38585 0.439401 -0.380369 128 128 128
1.40307 0.425997 -0.384029 128 128 128
1.40819 0.408747 -0.384029 128 128 128
1.41957 0.393235 -0.385999 128 128 128
1.42336 0.375539 -0.385718 128 128 128
1.43531 0.359918 -0.38797 128 128 128
1.44242 0.342946 -0.388814 128 128 128
1.46243 0.328812 -0.3936 128 128 128
1.47011 0.311641 -0.394726 128 128 128
1.47946 0.294707 -0.396415 128 128 128
1.48674 0.277236 -0.397541 128 128 128
1.49476 0.259797 -0.398948 128 128 128
1.50731 0.24297 -0.401763 128 128 128
1.51492 0.225164 -0.403171 128 128 128
1.53563 0.209031 -0.40852 128 128 128
1.52951 0.189104 -0.405986 128 128 128
1.54793 0.172137 -0.410771 128 128 128
1.55279 0.153414 -0.411616 128 128 128
1.55838 0.134682 -0.412742 128 128 128
1.56565 0.115978 -0.414431 128 128 128
1.57462 0.0972361 -0.416683 128 128 128
1.57857 0.0780503 -0.417528 128 128 128
1.59667 0.0593291 -0.422595 128 128 128
1.60015 0.039805 -0.423439 128 128 128
1.60436 0.0202173 -0.424565 128 128 128
1.61216 0.000536861 -0.426817 128 128 128
1.61397 -0.0192682 -0.42738 128 128 128
1.62416 -0.0393192 -0.430477 128 128 128
1.62643 -0.0593498 -0.431321 128 128 128
1.63517 -0.0797637 -0.434136 128 128 128
1.62736 -0.0994198 -0.432166 128 128 128
1.63942 -0.120355 -0.436107 128 128 128
1.64929 -0.141439 -0.439485 128 128 128
1.64839 -0.16176 -0.439766 128 128 128
1.65868 -0.183337 -0.443426 128 128 128
1.66011 -0.204143 -0.444552 128 128 128
1.66889 -0.226036 -0.44793 128 128 128
1.67644 -0.248035 -0.451027 128 128 128
1.678 -0.269345 -0.452434 128 128 128
1.68214 -0.29122 -0.454686 128 128 128
1.68504 -0.313062 -0.456657 128 128 128
1.70743 -0.338927 -0.464539 128 128 128
1.71723 -0.362819 -0.468761 128 128 128
1.71827 -0.38512 -0.47045 128 128 128
1.73302 -0.410809 -0.476362 128 128 128
1.74182 -0.435526 -0.480585 128 128 128
1.73634 -0.456868 -0.480585 128 128 128
1.74355 -0.481709 -0.484526 128 128 128
1.74396 -0.504932 -0.486496 128 128 128
1.7459 -0.528792 -0.48903 128 128 128
1.74477 -0.55191 -0.490719 128 128 128
1.74243 -0.574779 -0.492126 128 128 128
1.73887 -0.597362 -0.493252 128 128 128
1.7531 -0.626389 -0.500008 128 128 128
1.74529 -0.647855 -0.500008 128 128 128
1.75243 -0.675076 -0.504794 128 128 128
1.74758 -0.697951 -0.50592 128 128 128
1.7513 -0.724471 -0.509861 128 128 128
1.75993 -0.753448 -0.515491 128 128 128
1.75845 -0.778478 -0.518025 128 128 128
1.75313 -0.801991 -0.519432 128 128 128
1.7553 -0.829174 -0.523373 128 128 128
1.76139 -0.858629 -0.528722 128 128 128
1.76959 -0.889649 -0.534915 128 128 128
1.78155 -0.923202 -0.542515 128 128 128
1.77008 -0.944995 -0.542515 128 128 128
1.77181 -0.974032 -0.54702 128 128 128
1.76725 -0.99995 -0.549553 128 128 128
1.76231 -1.0259 -0.552087 128 128 128
1.76441 -1.05631 -0.557154 128 128 128
1.76767 -1.08793 -0.562784 128 128 128
1.75824 -1.1121 -0.564191 128 128 128
1.75814 -1.14248 -0.568977 128 128 128
1.75437 -1.17088 -0.572636 128 128 128
1.73195 -1.18691 -0.569821 128 128 128
1.67721 -1.17994 -0.555465 128 128 128
1.28044 -0.924887 -0.417246 128 128 128
1.25897 -0.933111 -0.413587 128 128 128
1.25277 -0.952551 -0.415557 128 128 128
1.25083 -0.975516 -0.419217 128 128 128
1.71868 -1.37396 -0.599379 128 128 128
1.721 -1.41076 -0.606698 128 128 128
1.71017 -1.43732 -0.609232 128 128 128
1.71059 -1.47385 -0.61627 128 128 128
1.70101 -1.50235 -0.619648 128 128 128
1.69454 -1.53405 -0.624433 128 128 128
1.68192 -1.5606 -0.626967 128 128 128
1.67099 -1.58905 -0.630345 128 128 128
1.65893 -1.6168 -0.633441 128 128 128
1.64168 -1.63974 -0.634567 128 128 128
1.63486 -1.67349 -0.640197 128 128 128
1.62943 -1.70939 -0.646672 128 128 128
1.61683 -1.73838 -0.650332 128 128 128
1.61216 -1.77656 -0.657651 128 128 128
1.60424 -1.81201 -0.663844 128 128 128
1.59443 -1.84608 -0.669474 128 128 128
1.58341 -1.87944 -0.674822 128 128 128
1.58157 -1.92466 -0.684675 128 128 128
1.55963 -1.94617 -0.68552 128 128 128
1.53859 -1.96894 -0.686927 128 128 128
1.52886 -2.00675 -0.693965 128 128 128
1.50984 -2.03306 -0.69678 128 128 128
1.48984 -2.05843 -0.699313 128 128 128
1.47388 -2.08988 -0.704099 128 128 128
1.45302 -2.11493 -0.706632 128 128 128
1.43283 -2.14137 -0.709729 128 128 128
1.41536 -2.17245 -0.714514 128 128 128
1.41482 -2.23097 -0.728871 128 128 128
1.39339 -2.25796 -0.732249 128 128 128
1.38189 -2.30203 -0.741539 128 128 128
1.35547 -2.32213 -0.742665 128 128 128
1.34441 -2.36946 -0.753081 128 128 128
1.31662 -2.3883 -0.753925 128 128 128
1.29265 -2.41443 -0.757303 128 128 128
1.26824 -2.44032 -0.760681 128 128 128
1.24512 -2.46941 -0.765185 128 128 128
1.224 -2.50346 -0.771378 128 128 128
1.19525 -2.52263 -0.772786 128 128 128
1.1662 -2.54147 -0.774193 128 128 128
1.14818 -2.5854 -0.783765 128 128 128
1.11902 -2.60546 -0.785735 128 128 128
1.09286 -2.63318 -0.790239 128 128 128
1.07833 -2.69091 -0.804314 128 128 128
1.04869 -2.71289 -0.807129 128 128 128
1.02035 -2.73904 -0.811352 128 128 128
0.999635 -2.78748 -0.822612 128 128 128
0.966606 -2.80317 -0.823738 128 128 128
0.936967 -2.82939 -0.828242 128 128 128
0.904794 -2.84891 -0.830776 128 128 128
0.874519 -2.8754 -0.835561 128 128 128
0.843998 -2.9025 -0.840628 128 128 128
0.809087 -2.91541 -0.841473 128 128 128
0.781356 -2.95573 -0.850763 128 128 128
0.751819 -2.99208 -0.858926 128 128 128
0.717719 -3.01228 -0.862304 128 128 128
0.686617 -3.04707 -0.870186 128 128 128
0.654769 -3.08154 -0.878068 128 128 128
0.619541 -3.10252 -0.88201 128 128 128
0.58531 -3.13064 -0.888203 128 128 128
0.550481 -3.15838 -0.894396 128 128 128
0.513678 -3.17721 -0.898055 128 128 128
0.477063 -3.19941 -0.902841 128 128 128
0.438937 -3.21358 -0.905374 128 128 128
0.400892 -3.23015 -0.908752 128 128 128
0.362826 -3.24913 -0.912975 128 128 128
0.325687 -3.28103 -0.921139 128 128 128
0.286901 -3.30198 -0.926206 128 128 128
0.249443 -3.3464 -0.93831 128 128 128
0.209318 -3.36453 -0.942814 128 128 128
0.169317 -3.39272 -0.950415 128 128 128
0.127633 -3.39359 -0.950133 128 128 128
0.0697405 -2.76372 -0.764904 128 128 128
0.0448025 -3.43216 -0.960831 128 128 128
0.00270168 -3.44972 -0.965898 128 128 128
-0.039749 -3.46005 -0.968994 128 128 128
-0.0824976 -3.47177 -0.972654 128 128 128
-0.12595 -3.49447 -0.979691 128 128 128
-0.170294 -3.52333 -0.9887 128 128 128
-0.213691 -3.52385 -0.989544 128 128 128
-0.261016 -3.57743 -1.00615 128 128 128
-0.304978 -3.57491 -1.00643 128 128 128
-0.349847 -3.58141 -1.00953 128 128 128
-0.395235 -3.5902 -1.01347 128 128 128
-0.444149 -3.62508 -1.0253 128 128 128
-0.490393 -3.63267 -1.02924 128 128 128
-0.53675 -3.63872 -1.0329 128 128 128
-0.581665 -3.63376 -1.03346 128 128 128
-0.628005 -3.63675 -1.03656 128 128 128
-0.674681 -3.64009 -1.03993 128 128 128
-0.721346 -3.64189 -1.04303 128 128 128
-0.773494 -3.66844 -1.05373 128 128 128
-0.822636 -3.67741 -1.05936 128 128 128
-0.29984 -1.26329 -0.334765 128 128 128
-0.312304 -1.24741 -0.331106 128 128 128
-0.324666 -1.23235 -0.327728 128 128 128
-0.337726 -1.22087 -0.325476 128 128 128
-0.359337 -1.23968 -0.332513 128 128 128
-0.37702 -1.24345 -0.335047 128 128 128
-0.396292 -1.25154 -0.338988 128 128 128
-1.22171 -3.7085 -1.09933 128 128 128
-1.27242 -3.70866 -1.10412 128 128 128
-1.3217 -3.70361 -1.10749 128 128 128
-1.36638 -3.68531 -1.10693 128 128 128
-1.42011 -3.69066 -1.11397 128 128 128
-1.4621 -3.66493 -1.11144 128 128 128
-2.92865 -3.23689 -1.23445 128 128 128
-2.9538 -3.18523 -1.22826 128 128 128
-3.1097 -3.11511 -1.24515 128 128 128
-3.0887 -3.01901 -1.22094 128 128 128
-3.26875 -2.9678 -1.24909 128 128 128
-3.26471 -2.89182 -1.23333 128 128 128
-3.30068 -2.85217 -1.23361 128 128 128
-3.33543 -2.81145 -1.23361 128 128 128
-3.36301 -2.76482 -1.23107 128 128 128
-3.85253 -1.82616 -1.20461 128 128 128
-3.85198 -1.76833 -1.19729 128 128 128
-3.91723 -1.74042 -1.21137 128 128 128
-3.91801 -1.6835 -1.20489 128 128 128
-3.9118 -1.62424 -1.19645 128 128 128
-2.81222 1.17439 -0.925859 128 128 128
-2.7067 1.16939 -0.894239 128 128 128
-1.88892 0.842401 -0.613313 128 128 128
-1.86893 0.861113 -0.609968 128 128 128
-1.8694 0.889326 -0.613921 128 128 128
-1.90448 0.934958 -0.630338 128 128 128
-2.01315 1.50119 -0.754688 128 128 128
-1.99004 1.5223 -0.752864 128 128 128
-1.96522 1.54189 -0.750431 128 128 128
-1.96839 1.58384 -0.759552 128 128 128
-1.76956 1.57263 -0.708779 128 128 128
-1.73466 1.58009 -0.70209 128 128 128
-1.71028 1.5967 -0.699962 128 128 128
-1.67475 1.60239 -0.692969 128 128 128
-1.64274 1.61079 -0.687497 128 128 128
-1.63358 1.64165 -0.692361 128 128 128
-1.53203 1.65722 -0.673511 128 128 128
-1.50075 1.66385 -0.668343 128 128 128
-1.46389 1.66352 -0.660438 128 128 128
-1.32721 1.66618 -0.633075 128 128 128
-1.30375 1.67857 -0.631555 128 128 128
-1.26699 1.67315 -0.623042 128 128 128
-1.24129 1.68166 -0.620305 128 128 128
-0.838668 1.53059 -0.510245 128 128 128
-0.859919 1.61655 -0.537608 128 128 128
-0.721025 1.69139 -0.540041 128 128 128
-0.704906 1.71157 -0.543993 128 128 128
-0.673349 1.69351 -0.534872 128 128 128
-0.647091 1.6874 -0.530007 128 128 128
-0.625679 1.69343 -0.529399 128 128 128
-0.598508 1.68301 -0.523319 128 128 128
-0.573831 1.6785 -0.519366 128 128 128
-0.55142 1.67998 -0.517542 128 128 128
-0.526504 1.67298 -0.512982 128 128 128
-0.504299 1.67384 -0.511157 128 128 128
-0.480844 1.66983 -0.507813 128 128 128
-0.454562 1.65446 -0.50082 128 128 128
-0.432075 1.65161 -0.498084 128 128 128
-0.412229 1.65864 -0.498692 128 128 128
-0.385791 1.6376 -0.490179 128 128 128
-0.363004 1.63011 -0.486227 128 128 128
-0.340459 1.62232 -0.482274 128 128 128
-0.317251 1.60954 -0.476802 128 128 128
-0.297475 1.61331 -0.476802 128 128 128
-0.277178 1.61402 -0.47589 128 128 128
-0.256909 1.61448 -0.474977 128 128 128
-0.236534 1.61374 -0.473761 128 128 128
-0.215098 1.60424 -0.469809 128 128 128
-0.194607 1.60014 -0.467681 128 128 128
-0.174048 1.59388 -0.464944 128 128 128
-0.155011 1.60159 -0.466769 128 128 128
-0.133791 1.58438 -0.460688 128 128 128
-0.114405 1.58685 -0.460992 128 128 128
-0.0944877 1.58053 -0.45856 128 128 128
-0.0746152 1.5711 -0.455215 128 128 128
-0.0552057 1.56809 -0.453999 128 128 128
-0.0357265 1.55722 -0.450351 128 128 128
-0.0165454 1.54896 -0.447615 128 128 128
0.00244385 1.54429 -0.446094 128 128 128
0.0213158 1.53938 -0.444574 128 128 128
0.0398485 1.52662 -0.440622 128 128 128
0.0584231 1.52221 -0.439406 128 128 128
0.0761847 1.50426 -0.433933 128 128 128
0.095138 1.51081 -0.436365 128 128 128
0.112485 1.49433 -0.431501 128 128 128
0.129871 1.48241 -0.428156 128 128 128
0.147761 1.47786 -0.427244 128 128 128
0.164904 1.46741 -0.424508 128 128 128
0.182537 1.46245 -0.423596 128 128 128
0.201792 1.46953 -0.426636 128 128 128
0.21751 1.45188 -0.421772 128 128 128
0.235 1.44722 -0.421164 128 128 128
0.248904 1.42265 -0.414171 128 128 128
0.266343 1.41949 -0.414171 128 128 128
0.282604 1.41051 -0.412347 128 128 128
0.298081 1.39856 -0.40961 128 128 128
0.312669 1.38365 -0.405962 128 128 128
0.329625 1.37971 -0.405962 128 128 128
0.347472 1.37925 -0.407178 128 128 128
0.360425 1.36016 -0.402314 128 128 128
0.378637 1.36114 -0.404138 128 128 128
0.395581 1.35731 -0.404442 128 128 128
0.411366 1.34962 -0.40353 128 128 128
0.424981 1.3354 -0.400489 128 128 128
0.444061 1.33821 -0.403226 128 128 128
0.456685 1.32187 -0.399577 128 128 128
0.475794 1.32422 -0.402314 128 128 128
0.488987 1.31026 -0.399577 128 128 128
0.501563 1.29529 -0.396537 128 128 128
0.516706 1.28727 -0.395929 128 128 128
0.532463 1.28083 -0.395929 128 128 128
0.548899 1.27595 -0.396537 128 128 128
0.562177 1.2639 -0.394713 128 128 128
0.580448 1.26296 -0.396841 128 128 128
0.591382 1.24629 -0.393497 128 128 128
0.60621 1.23808 -0.393193 128 128 128
0.621357 1.23055 -0.393193 128 128 128
0.639508 1.22874 -0.395321 128 128 128
0.649559 1.21158 -0.391976 128 128 128
0.664378 1.20352 -0.391976 128 128 128
0.679097 1.19527 -0.391976 128 128 128
0.691298 1.18274 -0.390456 128 128 128
0.7028 1.16928 -0.388632 128 128 128
0.717096 1.16057 -0.388632 128 128 128
0.729745 1.14927 -0.38772 128 128 128
0.746408 1.14421 -0.38924 128 128 128
0.765186 1.14208 -0.391976 128 128 128
0.773721 1.12477 -0.388936 128 128 128
0.790225 1.11907 -0.390456 128 128 128
0.803337 1.10852 -0.390152 128 128 128
0.814026 1.09476 -0.388632 128 128 128
0.825659 1.08242 -0.38772 128 128 128
0.841826 1.07595 -0.38924 128 128 128
0.851974 1.06184 -0.38772 128 128 128
0.884379 1.07478 -0.397449 128 128 128
0.879626 1.04279 -0.388632 128 128 128
0.891731 1.03119 -0.388328 128 128 128
0.90305 1.01875 -0.38772 128 128 128
0.919983 1.01252 -0.389848 128 128 128
0.929733 0.998369 -0.388632 128 128 128
0.943894 0.988946 -0.389544 128 128 128
0.953286 0.974573 -0.388328 128 128 128
0.969909 0.967497 -0.390456 128 128 128
0.977601 0.951547 -0.388632 128 128 128
0.989204 0.939479 -0.388632 128 128 128
1.00486 0.931141 -0.390456 128 128 128
1.01196 0.914919 -0.388632 128 128 128
1.02956 0.908084 -0.391368 128 128 128
1.03845 0.893524 -0.390456 128 128 128
1.04861 0.880103 -0.390152 128 128 128
1.06229 0.869574 -0.391368 128 128 128
1.07288 0.856472 -0.391368 128 128 128
1.08858 0.847322 -0.393497 128 128 128
1.09738 0.832753 -0.392889 128 128 128
1.10828 0.819788 -0.393193 128 128 128
1.11903 0.806681 -0.393497 128 128 128
1.13041 0.793978 -0.394105 128 128 128
1.13692 0.777904 -0.392889 128 128 128
1.14717 0.76442 -0.393193 128 128 128
1.15406 0.748736 -0.392281 128 128 128
1.16316 0.734518 -0.392281 128 128 128
1.18103 0.725648 -0.395625 128 128 128
1.19313 0.713046 -0.396841 128 128 128
1.19766 0.695969 -0.395321 128 128 128
1.20279 0.679355 -0.394105 128 128 128
1.22191 0.67047 -0.398057 128 128 128
1.22668 0.653643 -0.396841 128 128 128
1.23884 0.640716 -0.398361 128 128 128
1.25002 0.627164 -0.399577 128 128 128
1.2602 0.61302 -0.400489 128 128 128
1.26677 0.597105 -0.400185 128 128 128
1.27747 0.583087 -0.401402 128 128 128
1.28976 0.569661 -0.403226 128 128 128
1.30631 0.557879 -0.40657 128 128 128
1.31041 0.540724 -0.405658 128 128 128
1.3196 0.525653 -0.40657 128 128 128
1.33753 0.513828 -0.410522 128 128 128
1.33568 0.494422 -0.407786 128 128 128
1.34165 0.477994 -0.407786 128 128 128
1.35012 0.462412 -0.408698 128 128 128
1.36566 0.449054 -0.412043 128 128 128
1.37652 0.433965 -0.413867 128 128 128
1.3854 0.418131 -0.415083 128 128 128
1.39134 0.40136 -0.415387 128 128 128
1.41638 0.38976 -0.422076 128 128 128
1.41368 0.370439 -0.419643 128 128 128
1.42367 0.354428 -0.421468 128 128 128
1.43441 0.338444 -0.423596 128 128 128
1.43101 0.319178 -0.421164 128 128 128
1.44881 0.304494 -0.425724 128 128 128
1.45337 0.286873 -0.426028 128 128 128
1.46616 0.270721 -0.429069 128 128 128
1.48534 0.25541 -0.434237 128 128 128
1.49024 0.237458 -0.434845 128 128 128
1.49399 0.219288 -0.435149 128 128 128
1.50601 0.20218 -0.43819 128 128 128
1.50649 0.183459 -0.437581 128 128 128
1.53515 0.167786 -0.446094 128 128 128
1.53994 0.149203 -0.447006 128 128 128
1.54545 0.130605 -0.448223 128 128 128
1.54789 0.111696 -0.448527 128 128 128
1.56151 0.0933999 -0.452479 128 128 128
1.57395 0.0747434 -0.456127 128 128 128
1.58142 0.0556402 -0.458256 128 128 128
1.59246 0.0364424 -0.4616 128 128 128
1.59564 0.0169207 -0.462512 128 128 128
1.59859 -0.00267368 -0.463424 128 128 128
1.60891 -0.0224636 -0.466769 128 128 128
1.60376 -0.0420687 -0.465248 128 128 128
1.61644 -0.0622934 -0.469505 128 128 128
1.62127 -0.0824296 -0.471329 128 128 128
1.61538 -0.102007 -0.469809 128 128 128
1.61781 -0.122119 -0.471025 128 128 128
1.61998 -0.142305 -0.472241 128 128 128
1.62664 -0.163051 -0.474977 128 128 128
1.63966 -0.184744 -0.479842 128 128 128
1.64199 -0.205454 -0.481362 128 128 128
1.65256 -0.22744 -0.485619 128 128 128
1.66 -0.249283 -0.488963 128 128 128
1.6728 -0.272276 -0.494132 128 128 128
1.67402 -0.293617 -0.495652 128 128 128
1.68058 -0.3161 -0.498996 128 128 128
1.68685 -0.338787 -0.50234 128 128 128
1.69653 -0.36248 -0.506901 128 128 128
1.70774 -0.386887 -0.51207 128 128 128
1.70842 -0.409159 -0.513894 128 128 128
1.71158 -0.432212 -0.51663 128 128 128
1.71443 -0.455403 -0.519366 128 128 128
1.7188 -0.479245 -0.522711 128 128 128
1.72284 -0.503263 -0.526055 128 128 128
1.73019 -0.528573 -0.530616 128 128 128
1.73174 -0.552389 -0.533352 128 128 128
1.73747 -0.577836 -0.537608 128 128 128
1.73565 -0.600996 -0.539433 128 128 128
1.7362 -0.625172 -0.542169 128 128 128
1.73643 -0.649453 -0.544905 128 128 128
1.73631 -0.673832 -0.547641 128 128 128
1.73233 -0.696876 -0.549162 128 128 128
1.73507 -0.722869 -0.553114 128 128 128
1.7348 -0.747897 -0.556154 128 128 128
1.73854 -0.774976 -0.560715 128 128 128
1.73322 -0.798254 -0.562235 128 128 128
1.75423 -0.834257 -0.57318 128 128 128
1.7507 -0.859093 -0.575612 128 128 128
1.75616 -0.888719 -0.581389 128 128 128
1.75693 -0.916395 -0.585646 128 128 128
1.75813 -0.944676 -0.590206 128 128 128
1.75306 -0.969883 -0.592638 128 128 128
1.75343 -0.998419 -0.597199 128 128 128
1.74679 -1.02324 -0.599327 128 128 128
1.74307 -1.05003 -0.602671 128 128 128
1.74623 -1.0814 -0.608752 128 128 128
1.74808 -1.1125 -0.614529 128 128 128
1.73987 -1.13753 -0.616657 128 128 128
1.72973 -1.16145 -0.618177 128 128 128
1.72162 -1.18693 -0.620609 128 128 128
1.70148 -1.20411 -0.618481 128 128 128
1.26323 -0.916164 -0.451263 128 128 128
1.25418 -0.933309 -0.452175 128 128 128
1.24793 -0.95269 -0.454303 128 128 128
1.2324 -0.964986 -0.452783 128 128 128
1.23603 -0.992603 -0.459168 128 128 128
1.70223 -1.40377 -0.657397 128 128 128
1.70448 -1.4412 -0.665606 128 128 128
1.69458 -1.46888 -0.668951 128 128 128
1.68709 -1.49908 -0.673511 128 128 128
1.6756 -1.5261 -0.676551 128 128 128
1.67204 -1.56087 -0.68324 128 128 128
1.65963 -1.58787 -0.68628 128 128 128
1.64477 -1.6128 -0.688409 128 128 128
1.63089 -1.63895 -0.691145 128 128 128
1.6206 -1.66911 -0.695705 128 128 128
1.60915 -1.69857 -0.699962 128 128 128
1.60238 -1.7336 -0.706651 128 128 128
1.59245 -1.76589 -0.712123 128 128 128
1.5851 -1.80177 -0.719116 128 128 128
1.58454 -1.84643 -0.729757 128 128 128
1.56665 -1.87159 -0.732189 128 128 128
1.55378 -1.90323 -0.737358 128 128 128
1.53386 -1.92663 -0.739182 128 128 128
1.52934 -1.97018 -0.749215 128 128 128
1.50907 -1.99412 -0.751344 128 128 128
1.49407 -2.02554 -0.756512 128 128 128
1.47743 -2.05534 -0.761073 128 128 128
1.45373 -2.07566 -0.761985 128 128 128
1.43779 -2.10752 -0.767457 128 128 128
1.41971 -2.13692 -0.772018 128 128 128
1.40318 -2.1694 -0.777794 128 128 128
1.39164 -2.21066 -0.786915 128 128 128
1.36888 -2.23489 -0.789652 128 128 128
1.34621 -2.25971 -0.792692 128 128 128
1.34029 -2.31402 -0.806678 128 128 128
1.31785 -2.34109 -0.81063 128 128 128
1.29358 -2.36545 -0.81367 128 128 128
1.27782 -2.40641 -0.822791 128 128 128
1.25385 -2.43293 -0.826744 128 128 128
1.22772 -2.45581 -0.82948 128 128 128
1.20329 -2.4827 -0.833736 128 128 128
1.17879 -2.51022 -0.838297 128 128 128
1.14947 -2.52797 -0.839513 128 128 128
1.1283 -2.56457 -0.847418 128 128 128
1.10269 -2.59226 -0.852283 128 128 128
1.08234 -2.63381 -0.862012 128 128 128
1.06254 -2.67879 -0.872957 128 128 128
1.03637 -2.70943 -0.879037 128 128 128
1.00797 -2.73536 -0.883598 128 128 128
0.981617 -2.76819 -0.890591 128 128 128
0.953083 -2.79626 -0.896063 128 128 128
0.921646 -2.81681 -0.899104 128 128 128
0.890985 -2.84064 -0.90336 128 128 128
0.860149 -2.86505 -0.907921 128 128 128
0.827801 -2.88546 -0.911265 128 128 128
0.798585 -2.91839 -0.918866 128 128 128
0.766534 -2.94272 -0.92373 128 128 128
0.734688 -2.96948 -0.929507 128 128 128
0.706625 -3.01446 -0.941364 128 128 128
0.671013 -3.02942 -0.943492 128 128 128
0.642488 -3.0794 -0.957174 128 128 128
0.606106 -3.09453 -0.959606 128 128 128
0.572857 -3.12798 -0.968119 128 128 128
0.534587 -3.13572 -0.968423 128 128 128
0.498572 -3.15804 -0.973592 128 128 128
0.46304 -3.18655 -0.980888 128 128 128
0.425267 -3.20238 -0.984233 128 128 128
0.387063 -3.21682 -0.987273 128 128 128
0.349983 -3.24406 -0.99457 128 128 128
0.313632 -3.28511 -1.00643 128 128 128
0.274072 -3.2982 -1.00947 128 128 128
0.235031 -3.32222 -1.01616 128 128 128
0.19506 -3.33912 -1.02072 128 128 128
0.155522 -3.37363 -1.03105 128 128 128
0.114483 -3.38671 -1.0347 128 128 128
0.072624 -3.37357 -1.03014 128 128 128
0.0316102 -3.42279 -1.04565 128 128 128
-0.0104757 -3.44197 -1.05173 128 128 128
-0.0529648 -3.45683 -1.05659 128 128 128
-0.0957103 -3.46734 -1.06024 128 128 128
-0.138722 -3.47733 -1.06389 128 128 128
-0.182501 -3.49629 -1.07058 128 128 128
-0.226765 -3.5147 -1.07727 128 128 128
-0.272769 -3.5487 -1.08912 128 128 128
-0.318269 -3.56691 -1.09612 128 128 128
-0.364548 -3.58737 -1.10402 128 128 128
-0.408544 -3.58263 -1.10402 128 128 128
-0.456458 -3.60853 -1.11405 128 128 128
-0.50216 -3.61303 -1.1174 128 128 128
-0.548903 -3.62261 -1.12257 128 128 128
-0.596734 -3.63628 -1.12926 128 128 128
-0.641646 -3.63056 -1.12986 128 128 128
-0.690073 -3.643 -1.13655 128 128 128
-0.739282 -3.65666 -1.14385 128 128 128
-0.783898 -3.64638 -1.14355 128 128 128
-0.836879 -3.67271 -1.1554 128 128 128
-0.885919 -3.67883 -1.16088 128 128 128
-0.310987 -1.23617 -0.360053 128 128 128
-0.327861 -1.2387 -0.362181 128 128 128
-0.340973 -1.22725 -0.359749 128 128 128
-0.358969 -1.23302 -0.363093 128 128 128
-0.377718 -1.24036 -0.367046 128 128 128
-0.395535 -1.2438 -0.369782 128 128 128
-0.412887 -1.24517 -0.37191 128 128 128
-1.28051 -3.68402 -1.19797 128 128 128
-1.33407 -3.69131 -1.20587 128 128 128
-1.38363 -3.68625 -1.20983 128 128 128
-1.42946 -3.67077 -1.21043 128 128 128
-1.49012 -3.69181 -1.22381 128 128 128
-1.53826 -3.68027 -1.22624 128 128 128
-1.59809 -3.6952 -1.2381 128 128 128
-1.63747 -3.66228 -1.23354 128 128 128
-1.6899 -3.65833 -1.23932 128 128 128
-2.65799 -3.38295 -1.32627 128 128 128
-2.664 -3.30635 -1.30833 128 128 128
-2.93886 -3.22115 -1.34482 128 128 128
-2.95798 -3.16329 -1.33539 128 128 128
-3.00251 -3.13293 -1.33813 128 128 128
-3.03605 -3.0911 -1.336 128 128 128
-3.10217 -3.08178 -1.34877 128 128 128
-3.23973 -2.91694 -1.34451 128 128 128
-3.276 -2.87759 -1.34482 128 128 128
-3.32265 -2.84708 -1.34968 128 128 128
-3.34782 -2.79816 -1.34573 128 128 128
-3.37452 -2.75085 -1.34269 128 128 128
-1.06327 -0.766735 -0.371606 128 128 128
-3.65639 -2.49082 -1.36519 128 128 128
-3.94409 -1.73283 -1.32809 128 128 128
-3.95453 -1.67984 -1.32445 128 128 128
-3.9625 -1.62613 -1.32019 128 128 128
-3.96887 -1.57213 -1.31563 128 128 128
-4.0297 -1.53925 -1.32992 128 128 128
-2.78624 1.11022 -0.995673 128 128 128
-2.75057 1.13533 -0.987459 128 128 128
-2.60004 1.11081 -0.935879 128 128 128
-1.86732 0.852965 -0.666479 128 128 128
-1.47412 1.00934 -0.573831 128 128 128
-1.47013 1.03332 -0.577445 128 128 128
-1.46347 1.0557 -0.580074 128 128 128
-2.02692 1.49964 -0.829433 128 128 128
-2.01288 1.52782 -0.831404 128 128 128
-1.83877 1.5825 -0.796251 128 128 128
-1.79512 1.58371 -0.785081 128 128 128
-1.66481 1.5056 -0.733172 128 128 128
-1.63442 1.515 -0.727587 128 128 128
-1.56976 1.64516 -0.743356 128 128 128
-1.53722 1.65117 -0.737114 128 128 128
-1.50032 1.65174 -0.728572 128 128 128
-1.33943 1.66994 -0.697033 128 128 128
-1.30544 1.66915 -0.689476 128 128 128
-1.26881 1.66402 -0.680277 128 128 128
-0.972107 1.66417 -0.622783 128 128 128
-0.925035 1.67677 -0.618512 128 128 128
-0.857938 1.60145 -0.584345 128 128 128
-0.828183 1.59259 -0.576788 128 128 128
-0.748251 1.62959 -0.576131 128 128 128
-0.720129 1.62054 -0.569232 128 128 128
-0.711396 1.65527 -0.579088 128 128 128
-0.688852 1.65865 -0.577117 128 128 128
-0.675843 1.68538 -0.584016 128 128 128
-0.648964 1.6777 -0.578102 128 128 128
-0.627997 1.68465 -0.577774 128 128 128
-0.604399 1.68423 -0.574817 128 128 128
-0.582141 1.68706 -0.573174 128 128 128
-0.554248 1.67256 -0.565289 128 128 128
-0.53024 1.66844 -0.561347 128 128 128
-0.508898 1.67211 -0.560361 128 128 128
-0.483578 1.66191 -0.554448 128 128 128
-0.461626 1.66226 -0.552476 128 128 128
-0.439013 1.65958 -0.54952 128 128 128
-0.412838 1.64195 -0.541306 128 128 128
-0.391778 1.64322 -0.539992 128 128 128
-0.369499 1.63869 -0.536707 128 128 128
-0.347784 1.63571 -0.534078 128 128 128
-0.32434 1.62319 -0.528165 128 128 128
-0.30335 1.62148 -0.526193 128 128 128
-0.279516 1.60275 -0.518309 128 128 128
-0.259978 1.60699 -0.518637 128 128 128
-0.239257 1.60352 -0.516337 128 128 128
-0.21879 1.60072 -0.514366 128 128 128
-0.197723 1.59204 -0.510424 128 128 128
-0.177432 1.58778 -0.508124 128 128 128
-0.158687 1.59735 -0.510752 128 128 128
-0.138329 1.59071 -0.507795 128 128 128
-0.118372 1.58664 -0.505824 128 128 128
-0.0984165 1.58043 -0.503196 128 128 128
-0.0784873 1.57114 -0.499582 128 128 128
-0.0591283 1.5701 -0.498925 128 128 128
-0.0396828 1.5641 -0.496625 128 128 128
-0.0202747 1.54936 -0.491368 128 128 128
-0.00124891 1.54288 -0.489069 128 128 128
0.0175849 1.53333 -0.485783 128 128 128
0.0364862 1.53678 -0.487098 128 128 128
0.05511 1.52961 -0.484798 128 128 128
0.0733844 1.51844 -0.481184 128 128 128
0.0914493 1.508 -0.477899 128 128 128
0.109065 1.49451 -0.473628 128 128 128
0.127874 1.49871 -0.475599 128 128 128
0.1448 1.48199 -0.470342 128 128 128
0.16195 1.47071 -0.467057 128 128 128
0.179758 1.46674 -0.4664 128 128 128
0.197493 1.46255 -0.465743 128 128 128
0.212685 1.44132 -0.459172 128 128 128
0.229614 1.43394 -0.457529 128 128 128
0.244955 1.41798 -0.45293 128 128 128
0.263708 1.4223 -0.455558 128 128 128
0.279315 1.40969 -0.452273 128 128 128
0.295623 1.40154 -0.45063 128 128 128
0.310952 1.38951 -0.447673 128 128 128
0.327546 1.38375 -0.447016 128 128 128
0.342679 1.37229 -0.444388 128 128 128
0.359732 1.3689 -0.444716 128 128 128
0.375002 1.35891 -0.442745 128 128 128
0.389296 1.34604 -0.439788 128 128 128
0.406602 1.34388 -0.440774 128 128 128
0.421928 1.33518 -0.43946 128 128 128
0.436513 1.32452 -0.437488 128 128 128
0.453345 1.32085 -0.438146 128 128 128
0.46667 1.30718 -0.435189 128 128 128
0.483659 1.30401 -0.436174 128 128 128
0.498271 1.29445 -0.43486 128 128 128
0.510975 1.28034 -0.431903 128 128 128
0.530968 1.28445 -0.435846 128 128 128
0.542242 1.26742 -0.431903 128 128 128
0.555467 1.25548 -0.429932 128 128 128
0.574359 1.2563 -0.432889 128 128 128
0.58772 1.24489 -0.431246 128 128 128
0.60254 1.23673 -0.430918 128 128 128
0.615978 1.22587 -0.429604 128 128 128
0.630108 1.21654 -0.428947 128 128 128
0.644546 1.20788 -0.428618 128 128 128
0.657958 1.1974 -0.427632 128 128 128
0.670281 1.18512 -0.42599 128 128 128
0.688094 1.18252 -0.428289 128 128 128
0.701585 1.17237 -0.427632 128 128 128
0.717895 1.16689 -0.428947 128 128 128
0.727625 1.1508 -0.42599 128 128 128
0.739638 1.13862 -0.424675 128 128 128
0.758265 1.13653 -0.427632 128 128 128
0.772155 1.12714 -0.427632 128 128 128
0.783216 1.11371 -0.42599 128 128 128
0.795168 1.10172 -0.425004 128 128 128
0.816487 1.10251 -0.429604 128 128 128
0.822537 1.08263 -0.425333 128 128 128
0.831122 1.06649 -0.422704 128 128 128
0.84768 1.06064 -0.424675 128 128 128
0.859436 1.04869 -0.424018 128 128 128
0.869813 1.03517 -0.422704 128 128 128
0.883682 1.02585 -0.423361 128 128 128
0.896204 1.01493 -0.423361 128 128 128
0.909225 1.00456 -0.42369 128 128 128
0.921484 0.993325 -0.42369 128 128 128
0.934904 0.983312 -0.424347 128 128 128
0.946242 0.971088 -0.424018 128 128 128
0.958087 0.959404 -0.424018 128 128 128
0.970463 0.948235 -0.424347 128 128 128
0.984076 0.938212 -0.425333 128 128 128
0.992751 0.923489 -0.424018 128 128 128
1.0096 0.916321 -0.426647 128 128 128
1.02218 0.905116 -0.427304 128 128 128
1.02964 0.889413 -0.425661 128 128 128
1.04625 0.881586 -0.428289 128 128 128
1.05407 0.866279 -0.426975 128 128 128
1.06757 0.855644 -0.428289 128 128 128
1.0765 0.841314 -0.427632 128 128 128
1.08675 0.82804 -0.427632 128 128 128
1.09758 0.815206 -0.427961 128 128 128
1.10521 0.800012 -0.426975 128 128 128
1.11803 0.78857 -0.428289 128 128 128
1.12918 0.775861 -0.428947 128 128 128
1.14567 0.766681 -0.431903 128 128 128
1.14788 0.747916 -0.428947 128 128 128
1.16016 0.7358 -0.430261 128 128 128
1.17231 0.723495 -0.431575 128 128 128
1.17139 0.703212 -0.427632 128 128 128
1.18727 0.693077 -0.430589 128 128 128
1.23345 0.699934 -0.445702 128 128 128
1.20723 0.665558 -0.431903 128 128 128
1.22363 0.65516 -0.435189 128 128 128
1.23325 0.640967 -0.435846 128 128 128
1.23849 0.624507 -0.43486 128 128 128
1.2537 0.613003 -0.437817 128 128 128
1.26198 0.597978 -0.438146 128 128 128
1.27265 0.584025 -0.43946 128 128 128
1.28059 0.568748 -0.439788 128 128 128
1.28834 0.553364 -0.440117 128 128 128
1.29678 0.538238 -0.440774 128 128 128
1.30679 0.523693 -0.442088 128 128 128
1.31488 0.5083 -0.442745 128 128 128
1.33429 0.497085 -0.447673 128 128 128
1.33407 0.478436 -0.445373 128 128 128
1.35323 0.466661 -0.450301 128 128 128
1.36154 0.450913 -0.451287 128 128 128
1.37327 0.436178 -0.453587 128 128 128
1.374 0.417914 -0.451944 128 128 128
1.38628 0.403139 -0.454572 128 128 128
1.40386 0.389645 -0.459172 128 128 128
1.41401 0.373842 -0.461143 128 128 128
1.42674 0.358541 -0.4641 128 128 128
1.42552 0.339687 -0.462129 128 128 128
1.43419 0.32321 -0.463771 128 128 128
1.44451 0.306967 -0.466071 128 128 128
1.45928 0.291447 -0.470014 128 128 128
1.4711 0.275088 -0.47297 128 128 128
1.47716 0.257504 -0.473956 128 128 128
1.48207 0.23966 -0.474613 128 128 128
1.49424 0.222857 -0.477899 128 128 128
1.50996 0.206305 -0.482498 128 128 128
1.51894 0.188581 -0.484798 128 128 128
1.52771 0.170667 -0.487098 128 128 128
1.54003 0.152942 -0.490711 128 128 128
1.55026 0.134776 -0.493668 128 128 128
1.55179 0.115742 -0.493668 128 128 128
1.55875 0.0970475 -0.495639 128 128 128
1.56454 0.0781517 -0.497282 128 128 128
1.56633 0.0589828 -0.497611 128 128 128
1.56693 0.0397571 -0.497611 128 128 128
1.58808 0.0208158 -0.504839 128 128 128
1.58916 0.00132766 -0.505167 128 128 128
1.59472 -0.0182338 -0.507138 128 128 128
1.59155 -0.0377374 -0.506153 128 128 128
1.60512 -0.0577626 -0.511081 128 128 128
1.60524 -0.0775003 -0.511409 128 128 128
1.60982 -0.0975311 -0.513381 128 128 128
1.61039 -0.117414 -0.514038 128 128 128
1.62577 -0.138597 -0.519951 128 128 128
1.62394 -0.158538 -0.519951 128 128 128
1.63314 -0.179684 -0.523894 128 128 128
1.63738 -0.20051 -0.526193 128 128 128
1.65071 -0.222722 -0.531779 128 128 128
1.65159 -0.243509 -0.533093 128 128 128
1.6606 -0.265689 -0.537364 128 128 128
1.67676 -0.289404 -0.544263 128 128 128
1.6768 -0.310644 -0.545577 128 128 128
1.67842 -0.332294 -0.547548 128 128 128
1.69455 -0.357135 -0.554776 128 128 128
1.69557 -0.379135 -0.556747 128 128 128
1.70642 -0.403597 -0.562333 128 128 128
1.69951 -0.424051 -0.561675 128 128 128
1.71611 -0.450615 -0.56956 128 128 128
1.72046 -0.474394 -0.573174 128 128 128
1.72087 -0.497301 -0.575474 128 128 128
1.72368 -0.521108 -0.578759 128 128 128
1.72346 -0.544207 -0.581059 128 128 128
1.72383 -0.567673 -0.583687 128 128 128
1.7212 -0.590313 -0.58533 128 128 128
1.7334 -0.618357 -0.592558 128 128 128
1.731 -0.641548 -0.594529 128 128 128
1.72829 -0.664772 -0.5965 128 128 128
1.71737 -0.684883 -0.595515 128 128 128
1.71233 -0.707346 -0.596829 128 128 128
1.7374 -0.742761 -0.609642 128 128 128
1.74111 -0.769745 -0.61457 128 128 128
1.73927 -0.79458 -0.617527 128 128 128
1.73622 -0.819082 -0.620155 128 128 128
1.73369 -0.844042 -0.623112 128 128 128
1.73924 -0.873295 -0.629354 128 128 128
1.74266 -0.901942 -0.634939 128 128 128
1.76147 -0.939237 -0.646767 128 128 128
1.74485 -0.958058 -0.644795 128 128 128
1.7601 -0.994714 -0.655637 128 128 128
1.74531 -1.01482 -0.654651 128 128 128
1.74084 -1.041 -0.657937 128 128 128
1.7384 -1.06871 -0.662208 128 128 128
1.72355 -1.08895 -0.661551 128 128 128
1.72908 -1.12235 -0.669436 128 128 128
1.7199 -1.14662 -0.671407 128 128 128
1.70959 -1.17031 -0.67305 128 128 128
1.69588 -1.19174 -0.673378 128 128 128
1.27033 -0.916603 -0.497282 128 128 128
1.25367 -0.928193 -0.494982 128 128 128
1.23165 -0.935519 -0.490383 128 128 128
1.21858 -0.949403 -0.489726 128 128 128
1.21644 -0.971942 -0.493997 128 128 128
1.70378 -1.39519 -0.718388 128 128 128
1.69594 -1.42388 -0.722659 128 128 128
1.68621 -1.45136 -0.726272 128 128 128
1.67678 -1.47943 -0.730215 128 128 128
1.66691 -1.50749 -0.734157 128 128 128
1.65521 -1.53425 -0.737443 128 128 128
1.64654 -1.5642 -0.742371 128 128 128
1.63738 -1.59417 -0.747299 128 128 128
1.63174 -1.62814 -0.754198 128 128 128
1.61296 -1.64939 -0.754855 128 128 128
1.60891 -1.68613 -0.763069 128 128 128
1.60098 -1.71957 -0.769639 128 128 128
1.59373 -1.75446 -0.776867 128 128 128
1.58274 -1.78589 -0.782452 128 128 128
1.5743 -1.82089 -0.78968 128 128 128
1.5689 -1.86028 -0.798879 128 128 128
1.54235 -1.87502 -0.796908 128 128 128
1.53933 -1.91884 -0.808078 128 128 128
1.52441 -1.94874 -0.813006 128 128 128
1.50955 -1.97931 -0.818263 128 128 128
1.49248 -2.00754 -0.822534 128 128 128
1.46939 -2.028 -0.823519 128 128 128
1.45912 -2.0667 -0.83239 128 128 128
1.43311 -2.08367 -0.832061 128 128 128
1.41269 -2.10894 -0.835347 128 128 128
1.40323 -2.15143 -0.84586 128 128 128
1.39395 -2.19559 -0.85703 128 128 128
1.37435 -2.22458 -0.861958 128 128 128
1.35133 -2.24856 -0.864915 128 128 128
1.32936 -2.27475 -0.868858 128 128 128
1.31722 -2.31881 -0.880028 128 128 128
1.29872 -2.35299 -0.887256 128 128 128
1.276 -2.3804 -0.891855 128 128 128
1.25106 -2.40425 -0.895141 128 128 128
1.23083 -2.43797 -0.902368 128 128 128
1.20041 -2.45204 -0.90204 128 128 128
1.18117 -2.48962 -0.91091 128 128 128
1.15053 -2.50393 -0.91091 128 128 128
1.13278 -2.54719 -0.922081 128 128 128
1.1048 -2.56871 -0.925037 128 128 128
1.08807 -2.61783 -0.938507 128 128 128
1.06713 -2.65902 -0.949021 128 128 128
1.03886 -2.68337 -0.953292 128 128 128
1.01412 -2.71803 -0.961505 128 128 128
0.987722 -2.74982 -0.968733 128 128 128
0.957608 -2.77245 -0.972675 128 128 128
0.926492 -2.79296 -0.975961 128 128 128
0.895589 -2.81491 -0.979903 128 128 128
0.863184 -2.83292 -0.982531 128 128 128
0.837087 -2.87322 -0.993373 128 128 128
0.806074 -2.89874 -0.998958 128 128 128
0.776498 -2.93124 -1.00717 128 128 128
0.748093 -2.97077 -1.01801 128 128 128
0.713779 -2.98891 -1.0213 128 128 128
0.683094 -3.02416 -1.03083 128 128 128
0.651255 -3.05725 -1.0397 128 128 128
0.618706 -3.09002 -1.04857 128 128 128
0.581613 -3.10202 -1.05021 128 128 128
0.545459 -3.12008 -1.05415 128 128 128
0.509253 -3.13959 -1.05875 128 128 128
0.472509 -3.15775 -1.06302 128 128 128
0.436812 -3.18577 -1.07091 128 128 128
0.400146 -3.21057 -1.07781 128 128 128
0.362303 -3.22932 -1.08274 128 128 128
0.325755 -3.26453 -1.09358 128 128 128
0.286909 -3.2824 -1.0985 128 128 128
0.248882 -3.31581 -1.10902 128 128 128
0.209542 -3.34029 -1.11657 128 128 128
0.170454 -3.38034 -1.12972 128 128 128
0.12885 -3.37935 -1.12873 128 128 128
0.0876431 -3.39106 -1.13234 128 128 128
0.0459174 -3.38433 -1.12972 128 128 128
0.00444409 -3.42053 -1.1422 128 128 128
-0.0378308 -3.44866 -1.15206 128 128 128
-0.0804719 -3.4621 -1.15698 128 128 128
-0.123382 -3.47312 -1.16126 128 128 128
-0.16747 -3.50248 -1.1721 128 128 128
-0.211789 -3.52278 -1.17998 128 128 128
-0.257447 -3.55383 -1.19181 128 128 128
-0.301992 -3.5617 -1.19575 128 128 128
-0.34786 -3.58029 -1.20364 128 128 128
-0.39423 -3.59828 -1.21152 128 128 128
-0.438585 -3.59505 -1.21218 128 128 128
-0.485304 -3.60906 -1.21908 128 128 128
-0.529556 -3.60283 -1.21908 128 128 128
-0.577588 -3.62031 -1.22762 128 128 128
-0.625649 -3.63436 -1.23518 128 128 128
-0.676711 -3.6617 -1.24766 128 128 128
-0.725796 -3.67444 -1.25522 128 128 128
-0.771026 -3.66618 -1.25555 128 128 128
-0.823146 -3.68871 -1.26704 128 128 128
-0.873334 -3.69947 -1.2746 128 128 128
-0.315099 -1.26139 -0.404635 128 128 128
-0.326728 -1.2428 -0.399378 128 128 128
-0.342455 -1.24052 -0.400035 128 128 128
-0.353991 -1.22352 -0.395436 128 128 128
-0.373886 -1.23536 -0.401349 128 128 128
-0.391004 -1.23699 -0.403649 128 128 128
-0.41146 -1.24825 -0.409563 128 128 128
-0.431027 -1.25561 -0.414162 128 128 128
-1.31979 -3.70436 -1.32027 128 128 128
-1.37236 -3.70737 -1.3275 128 128 128
-0.494911 -1.23997 -0.416791 128 128 128
-2.50575 -3.47682 -1.44314 128 128 128
-2.54822 -3.44581 -1.44314 128 128 128
-2.61599 -3.44815 -1.45792 128 128 128
-2.90599 -3.2152 -1.4599 128 128 128
-2.94587 -3.17999 -1.46022 128 128 128
-2.99182 -3.15113 -1.46384 128 128 128
-3.04146 -3.12569 -1.46942 128 128 128
-3.25116 -2.95491 -1.48059 128 128 128
-3.29707 -2.92357 -1.48519 128 128 128
-3.31984 -2.87176 -1.47928 128 128 128
-1.04696 -0.797662 -0.41022 128 128 128
-1.05667 -0.784754 -0.41022 128 128 128
-3.91838 -1.91917 -1.47008 128 128 128
-3.91775 -1.8596 -1.46088 128 128 128
-3.94285 -1.81256 -1.46187 128 128 128
-3.96048 -1.76212 -1.46022 128 128 128
-3.96416 -1.64843 -1.44577 128 128 128
-3.33937 0.638804 -1.22498 128 128 128
-3.32119 0.677664 -1.22112 128 128 128
-3.29341 0.714177 -1.21376 128 128 128
-1.08173 0.245659 -0.367171 128 128 128
-3.23759 0.785685 -1.19938 128 128 128
-3.19596 0.817197 -1.1871 128 128 128
-3.17123 0.852446 -1.18149 128 128 128
-3.1335 0.883638 -1.17097 128 128 128
-3.07753 0.908707 -1.15344 128 128 128
-1.41744 0.493012 -0.513763 128 128 128
-2.72043 1.142 -1.05664 128 128 128
-1.8263 0.791686 -0.697178 128 128 128
-1.91075 0.884878 -0.740313 128 128 128
-1.9065 0.911504 -0.743119 128 128 128
-2.57061 1.26965 -1.02543 128 128 128
-2.549 1.29812 -1.02298 128 128 128
-1.46036 1.03691 -0.622479 128 128 128
-1.44828 1.0553 -0.62283 128 128 128
-1.56188 1.35864 -0.726987 128 128 128
-1.61626 1.44141 -0.762758 128 128 128
-1.72127 1.57384 -0.825182 128 128 128
-1.71411 1.6064 -0.831495 128 128 128
-1.70033 1.63316 -0.834651 128 128 128
-1.56693 1.61979 -0.795724 128 128 128
-1.54565 1.63753 -0.795022 128 128 128
-1.52671 1.65776 -0.795724 128 128 128
-1.49313 1.66171 -0.788359 128 128 128
-1.45969 1.6651 -0.780994 128 128 128
-1.42437 1.70762 -0.784501 128 128 128
-1.35555 1.66604 -0.756095 128 128 128
-1.33268 1.67961 -0.754692 128 128 128
-1.2851 1.66097 -0.738209 128 128 128
-1.22404 1.66481 -0.725584 128 128 128
-1.18992 1.66065 -0.716817 128 128 128
-1.17266 1.67974 -0.718921 128 128 128
-1.14933 1.69012 -0.717167 128 128 128
-0.555792 1.6355 -0.598631 128 128 128
-0.505504 1.61645 -0.586006 128 128 128
-0.50081 1.6737 -0.605996 128 128 128
-0.470277 1.64458 -0.592319 128 128 128
-0.448351 1.6439 -0.589864 128 128 128
-0.424181 1.63386 -0.583902 128 128 128
-0.402546 1.63257 -0.581447 128 128 128
-0.379109 1.62279 -0.575836 128 128 128
-0.359166 1.62732 -0.575836 128 128 128
-0.333896 1.60592 -0.566017 128 128 128
-0.313987 1.60898 -0.565666 128 128 128
-0.293224 1.60718 -0.563562 128 128 128
-0.2707 1.59403 -0.557249 128 128 128
-0.251834 1.60186 -0.559003 128 128 128
-0.230577 1.5937 -0.554794 128 128 128
-0.209559 1.58527 -0.550586 128 128 128
-0.190089 1.58772 -0.550586 128 128 128
-0.169129 1.57596 -0.545325 128 128 128
-0.149863 1.57885 -0.545676 128 128 128
-0.130253 1.57777 -0.544624 128 128 128
-0.109871 1.5643 -0.539013 128 128 128
-0.0907695 1.5674 -0.539714 128 128 128
-0.0714478 1.56653 -0.539013 128 128 128
-0.0517307 1.55137 -0.533051 128 128 128
-0.0325685 1.54534 -0.530596 128 128 128
-0.0135737 1.54094 -0.528843 128 128 128
0.00529662 1.53443 -0.526388 128 128 128
0.0241778 1.53706 -0.52744 128 128 128
0.0427794 1.52822 -0.524284 128 128 128
0.0606449 1.507 -0.516568 128 128 128
0.0791852 1.50708 -0.516919 128 128 128
0.0972944 1.50039 -0.514815 128 128 128
0.115251 1.49348 -0.512711 128 128 128
0.133398 1.49009 -0.512009 128 128 128
0.14982 1.47064 -0.505346 128 128 128
0.166331 1.45567 -0.500436 128 128 128
0.184302 1.45445 -0.500787 128 128 128
0.201609 1.44837 -0.499384 128 128 128
0.216506 1.42727 -0.49237 128 128 128
0.233232 1.41989 -0.490617 128 128 128
0.250639 1.41692 -0.490617 128 128 128
0.266945 1.40822 -0.488512 128 128 128
0.282323 1.39567 -0.485005 128 128 128
0.297433 1.38295 -0.481498 128 128 128
0.31417 1.37828 -0.481148 128 128 128
0.32995 1.36977 -0.479394 128 128 128
0.345569 1.36109 -0.477641 128 128 128
0.361513 1.35403 -0.476589 128 128 128
0.377846 1.34859 -0.476238 128 128 128
0.393302 1.34026 -0.474835 128 128 128
0.409719 1.33533 -0.474835 128 128 128
0.425498 1.32842 -0.474134 128 128 128
0.440571 1.31955 -0.472731 128 128 128
0.45208 1.30079 -0.467471 128 128 128
0.471217 1.30394 -0.470977 128 128 128
0.487515 1.29894 -0.471328 128 128 128
0.498967 1.28153 -0.466769 128 128 128
0.511831 1.26837 -0.463964 128 128 128
0.531358 1.27149 -0.467821 128 128 128
0.543927 1.258 -0.465016 128 128 128
0.559324 1.25123 -0.465016 128 128 128
0.574241 1.24343 -0.464665 128 128 128
0.58824 1.23375 -0.463613 128 128 128
0.60084 1.22141 -0.461509 128 128 128
0.614931 1.21227 -0.460807 128 128 128
0.630634 1.20629 -0.461509 128 128 128
0.64405 1.19599 -0.460457 128 128 128
0.660961 1.19209 -0.46221 128 128 128
0.676007 1.1847 -0.462561 128 128 128
0.687158 1.17067 -0.460106 128 128 128
0.698554 1.15735 -0.458002 128 128 128
0.710223 1.14472 -0.456248 128 128 128
0.725735 1.13828 -0.4573 128 128 128
0.738102 1.12694 -0.456248 128 128 128
0.752926 1.11935 -0.45695 128 128 128
0.76714 1.1108 -0.4573 128 128 128
0.781257 1.10206 -0.457651 128 128 128
0.796935 1.09541 -0.459054 128 128 128
0.80863 1.08331 -0.458002 128 128 128
0.825293 1.07775 -0.460106 128 128 128
0.834972 1.06314 -0.458002 128 128 128
0.845008 1.04917 -0.456248 128 128 128
0.857819 1.03872 -0.456248 128 128 128
0.871108 1.02883 -0.456599 128 128 128
0.881204 1.01524 -0.455196 128 128 128
0.89547 1.00644 -0.456248 128 128 128
0.90712 0.99469 -0.455898 128 128 128
0.921183 0.98553 -0.45695 128 128 128
0.931908 0.972803 -0.456248 128 128 128
0.947066 0.964625 -0.458002 128 128 128
0.9575 0.951614 -0.4573 128 128 128
0.96978 0.940442 -0.457651 128 128 128
0.980565 0.927829 -0.4573 128 128 128
0.994637 0.918259 -0.458703 128 128 128
1.00653 0.906609 -0.459054 128 128 128
1.01687 0.893573 -0.458703 128 128 128
1.0242 0.87799 -0.45695 128 128 128
1.04354 0.872538 -0.461158 128 128 128
1.05489 0.860256 -0.461509 128 128 128
1.06758 0.848988 -0.462561 128 128 128
1.07791 0.835824 -0.462561 128 128 128
1.08959 0.823658 -0.463262 128 128 128
1.09735 0.808565 -0.46221 128 128 128
1.10795 0.795582 -0.462561 128 128 128
1.11763 0.781926 -0.462561 128 128 128
1.12326 0.765527 -0.460807 128 128 128
1.13883 0.755809 -0.463613 128 128 128
1.15511 0.74633 -0.466769 128 128 128
1.15465 0.726145 -0.462561 128 128 128
1.16587 0.71338 -0.463613 128 128 128
1.16809 0.695207 -0.460807 128 128 128
1.18628 0.686419 -0.465016 128 128 128
1.19625 0.672723 -0.465717 128 128 128
1.20853 0.660225 -0.467471 128 128 128
1.20991 0.641854 -0.464665 128 128 128
1.23771 0.637187 -0.473082 128 128 128
1.23704 0.617791 -0.469575 128 128 128
1.25044 0.605403 -0.47203 128 128 128
1.25523 0.588827 -0.470977 128 128 128
1.27602 0.579535 -0.476589 128 128 128
1.27617 0.560839 -0.473783 128 128 128
1.28382 0.5455 -0.474134 128 128 128
1.29042 0.529704 -0.474134 128 128 128
1.29943 0.514856 -0.475186 128 128 128
1.32054 0.504509 -0.481148 128 128 128
1.32663 0.488266 -0.481148 128 128 128
1.33871 0.47412 -0.483603 128 128 128
1.35064 0.459751 -0.486058 128 128 128
1.35529 0.442853 -0.485707 128 128 128
1.35615 0.424802 -0.483953 128 128 128
1.36485 0.409193 -0.485356 128 128 128
1.39049 0.398285 -0.493422 128 128 128
1.39528 0.381192 -0.493422 128 128 128
1.40529 0.365439 -0.495526 128 128 128
1.41695 0.349942 -0.498332 128 128 128
1.42479 0.333371 -0.499735 128 128 128
1.43792 0.317857 -0.503242 128 128 128
1.44538 0.300941 -0.504645 128 128 128
1.45816 0.284952 -0.508151 128 128 128
1.46892 0.268362 -0.510957 128 128 128
1.48042 0.251706 -0.514113 128 128 128
1.47877 0.232805 -0.51236 128 128 128
1.48986 0.215826 -0.515516 128 128 128
1.49611 0.198008 -0.516919 128 128 128
1.49657 0.179416 -0.516218 128 128 128
1.52008 0.163279 -0.524284 128 128 128
1.52197 0.144613 -0.524284 128 128 128
1.5395 0.127194 -0.530245 128 128 128
1.5372 0.10804 -0.528843 128 128 128
1.53841 0.0891676 -0.528843 128 128 128
1.55062 0.0707645 -0.533051 128 128 128
1.55137 0.0517307 -0.533051 128 128 128
1.56781 0.0329818 -0.539013 128 128 128
1.5709 0.0137571 -0.540065 128 128 128
1.57657 -0.00555589 -0.542169 128 128 128
1.582 -0.025006 -0.544273 128 128 128
1.57877 -0.0443315 -0.543221 128 128 128
1.59588 -0.0644664 -0.549884 128 128 128
1.60152 -0.0844074 -0.552339 128 128 128
1.6013 -0.104117 -0.55269 128 128 128
1.6055 -0.124208 -0.554794 128 128 128
1.61225 -0.144675 -0.557951 128 128 128
1.61035 -0.164449 -0.557951 128 128 128
1.61751 -0.185287 -0.561458 128 128 128
1.63741 -0.208011 -0.569874 128 128 128
1.64122 -0.229011 -0.572329 128 128 128
1.64939 -0.250852 -0.576538 128 128 128
1.66559 -0.274317 -0.583902 128 128 128
1.66578 -0.295399 -0.585305 128 128 128
1.66479 -0.316349 -0.586357 128 128 128
1.67454 -0.33958 -0.591618 128 128 128
1.6858 -0.363497 -0.597579 128 128 128
1.68578 -0.385211 -0.599333 128 128 128
1.69912 -0.410309 -0.606347 128 128 128
1.69759 -0.432061 -0.60775 128 128 128
1.69668 -0.454082 -0.609503 128 128 128
1.7117 -0.480741 -0.617569 128 128 128
1.70926 -0.502775 -0.618972 128 128 128
1.70475 -0.524268 -0.619673 128 128 128
1.71601 -0.550914 -0.626687 128 128 128
1.70912 -0.571931 -0.626687 128 128 128
1.71435 -0.597203 -0.631597 128 128 128
1.71393 -0.620763 -0.634403 128 128 128
1.71143 -0.643739 -0.636507 128 128 128
1.72171 -0.671883 -0.643871 128 128 128
1.71854 -0.695078 -0.645976 128 128 128
1.71592 -0.718661 -0.648431 128 128 128
1.71384 -0.742658 -0.651236 128 128 128
1.72253 -0.771714 -0.658601 128 128 128
1.73755 -0.804255 -0.668771 128 128 128
1.73852 -0.830789 -0.67333 128 128 128
1.73239 -0.854141 -0.675084 128 128 128
1.71928 -0.874057 -0.674032 128 128 128
1.72665 -0.90469 -0.681747 128 128 128
1.74176 -0.9401 -0.692969 128 128 128
1.73582 -0.964599 -0.695424 128 128 128
1.72547 -0.986761 -0.696125 128 128 128
1.73339 -1.01977 -0.704893 128 128 128
1.73035 -1.0468 -0.709101 128 128 128
1.72531 -1.07292 -0.712608 128 128 128
1.7199 -1.09907 -0.716115 128 128 128
1.71097 -1.12319 -0.718219 128 128 128
1.70947 -1.1525 -0.723831 128 128 128
1.69673 -1.17446 -0.724532 128 128 128
1.69363 -1.20335 -0.729792 128 128 128
1.47623 -1.07577 -0.635805 128 128 128
1.23979 -0.926189 -0.531297 128 128 128
1.22537 -0.939047 -0.529895 128 128 128
1.19685 -0.940658 -0.521829 128 128 128
1.21505 -0.97945 -0.536207 128 128 128
1.67686 -1.38813 -0.766966 128 128 128
1.68251 -1.42804 -0.778189 128 128 128
1.6705 -1.45351 -0.780994 128 128 128
1.6651 -1.48514 -0.787307 128 128 128
1.6571 -1.51496 -0.792567 128 128 128
1.64725 -1.54352 -0.797126 128 128 128
1.63426 -1.56947 -0.800283 128 128 128
1.61687 -1.59138 -0.801335 128 128 128
1.60775 -1.62176 -0.806946 128 128 128
1.59618 -1.65013 -0.811505 128 128 128
1.59249 -1.68733 -0.820623 128 128 128
1.58242 -1.71848 -0.826585 128 128 128
1.58121 -1.7601 -0.837807 128 128 128
1.5675 -1.78854 -0.842366 128 128 128
1.56304 -1.82831 -0.852537 128 128 128
1.54348 -1.85096 -0.85429 128 128 128
1.53244 -1.88431 -0.861304 128 128 128
1.52198 -1.91914 -0.86902 128 128 128
1.50746 -1.94954 -0.874631 128 128 128
1.4823 -1.96639 -0.873929 128 128 128
1.47133 -2.00257 -0.882346 128 128 128
1.451 -2.02657 -0.885152 128 128 128
1.4335 -2.05499 -0.890061 128 128 128
1.4171 -2.08561 -0.896023 128 128 128
1.40326 -2.12083 -0.904089 128 128 128
1.38876 -2.15601 -0.912155 128 128 128
1.35575 -2.16257 -0.907596 128 128 128
1.3471 -2.20865 -0.920572 128 128 128
1.32991 -2.24195 -0.927937 128 128 128
1.31536 -2.28084 -0.937756 128 128 128
1.30645 -2.33115 -0.952485 128 128 128
1.2764 -2.34453 -0.951433 128 128 128
1.25975 -2.38322 -0.961253 128 128 128
1.23552 -2.40851 -0.965461 128 128 128
1.21003 -2.43188 -0.968968 128 128 128
1.18537 -2.45752 -0.973527 128 128 128
1.15513 -2.47188 -0.973527 128 128 128
1.13317 -2.50465 -0.981243 128 128 128
1.11582 -2.54927 -0.993868 128 128 128
1.09245 -2.58176 -1.00158 128 128 128
1.07234 -2.6236 -1.01316 128 128 128
1.04623 -2.65225 -1.01947 128 128 128
1.02123 -2.68503 -1.02753 128 128 128
0.993658 -2.71232 -1.0335 128 128 128
0.96619 -2.7411 -1.04016 128 128 128
0.938463 -2.77049 -1.04717 128 128 128
0.905548 -2.78537 -1.04858 128 128 128
0.877955 -2.81774 -1.05699 128 128 128
0.84624 -2.83817 -1.06085 128 128 128
0.816453 -2.86637 -1.06787 128 128 128
0.785125 -2.89063 -1.07348 128 128 128
0.757752 -2.9318 -1.08575 128 128 128
0.727266 -2.96362 -1.09452 128 128 128
0.695269 -2.99148 -1.10188 128 128 128
0.661301 -3.0126 -1.10679 128 128 128
0.629366 -3.04526 -1.11626 128 128 128
0.59726 -3.08034 -1.12678 128 128 128
0.561901 -3.10126 -1.13204 128 128 128
0.525654 -3.11901 -1.13625 128 128 128
0.489057 -3.13633 -1.14046 128 128 128
0.450532 -3.14209 -1.14046 128 128 128
0.417716 -3.19197 -1.15729 128 128 128
0.381454 -3.22196 -1.16676 128 128 128
0.343935 -3.24596 -1.17413 128 128 128
0.305195 -3.26206 -1.17869 128 128 128
0.266932 -3.28797 -1.1871 128 128 128
0.228521 -3.31996 -1.19797 128 128 128
0.189209 -3.34869 -1.20779 128 128 128
0.148544 -3.36106 -1.21165 128 128 128
0.10766 -3.37479 -1.21621 128 128 128
0.066221 -3.37493 -1.21586 128 128 128
0.0249724 -3.40358 -1.22638 128 128 128
-0.0125043 -2.70596 -0.965111 128 128 128
-0.0586493 -3.40785 -1.22813 128 128 128
-0.102218 -3.46397 -1.24953 128 128 128
-0.145241 -3.47462 -1.25409 128 128 128
-0.189575 -3.50343 -1.26566 128 128 128
-0.234765 -3.53354 -1.27793 128 128 128
-0.279079 -3.54253 -1.28249 128 128 128
-0.325716 -3.57334 -1.29547 128 128 128
-0.369639 -3.57001 -1.29582 128 128 128
-0.414619 -3.57544 -1.29968 128 128 128
-0.459909 -3.58122 -1.30388 128 128 128
-0.506719 -3.59571 -1.3116 128 128 128
-0.55467 -3.61421 -1.32107 128 128 128
-0.602533 -3.62837 -1.32913 128 128 128
-0.650991 -3.64283 -1.33755 128 128 128
-0.699895 -3.65663 -1.34597 128 128 128
-0.749236 -3.66979 -1.35439 128 128 128
-0.799003 -3.68227 -1.3628 128 128 128
-0.848979 -3.69318 -1.37087 128 128 128
-0.897343 -3.69522 -1.37578 128 128 128
-0.947751 -3.70388 -1.38349 128 128 128
-0.335623 -1.2582 -0.439415 128 128 128
-0.340059 -1.21524 -0.424335 128 128 128
-0.35761 -1.21996 -0.427842 128 128 128
-0.371444 -1.2119 -0.426439 128 128 128
-0.388306 -1.21348 -0.428894 128 128 128
-0.409153 -1.22638 -0.435908 128 128 128
-0.415489 -1.19652 -0.426088 128 128 128
-0.480218 -1.27967 -0.463613 128 128 128
-0.463699 -1.19175 -0.430647 128 128 128
-0.482526 -1.19638 -0.434856 128 128 128
-0.51281 -1.22747 -0.449936 128 128 128
-0.53008 -1.22624 -0.45204 128 128 128
-0.636101 -1.33336 -0.504995 128 128 128
-2.52861 -3.46043 -1.55674 128 128 128
-2.57989 -3.44112 -1.56235 128 128 128
-2.61335 -3.39807 -1.55709 128 128 128
-2.75102 -3.31686 -1.56551 128 128 128
-2.79576 -3.28784 -1.56796 128 128 128
-2.9412 -3.2915 -1.60478 128 128 128
-2.98323 -3.17808 -1.58409 128 128 128
-3.04346 -3.16349 -1.59567 128 128 128
-3.08929 -3.13323 -1.59952 128 128 128
-3.1335 -3.101 -1.60268 128 128 128
-3.26691 -3.0032 -1.61355 128 128 128
-3.30212 -2.96163 -1.61285 128 128 128
-3.33892 -2.9215 -1.6132 128 128 128
-3.38022 -2.88517 -1.61601 128 128 128
-3.42402 -2.85065 -1.62021 128 128 128
-1.00198 -0.75785 -0.422231 128 128 128
-1.06485 -0.784776 -0.44713 128 128 128
-3.77175 -2.36093 -1.61811 128 128 128
-3.78582 -2.2424 -1.59952 128 128 128
-3.88555 -2.11226 -1.60794 128 128 128
-3.91615 -2.06703 -1.61004 128 128 128
-3.93121 -2.01371 -1.60584 128 128 128
-3.9356 -1.83642 -1.57813 128 128 128
-3.96296 -1.7903 -1.58023 128 128 128
-3.98806 -1.74303 -1.58164 128 128 128
-4.00052 -1.69032 -1.57813 128 128 128
-4.00882 -1.63616 -1.57322 128 128 128
-4.02337 -1.58479 -1.57112 128 128 128
-4.0285 -1.52999 -1.56551 128 128 128
-4.04257 -1.47883 -1.56375 128 128 128
-4.04804 -1.42477 -1.55884 128 128 128
-4.06079 -1.37349 -1.55709 128 128 128
-4.05506 -1.31635 -1.54832 128 128 128
-3.9669 -0.920586 -1.47678 128 128 128
-4.11332 -0.901372 -1.52868 128 128 128
-4.06353 -0.838398 -1.50554 128 128 128
-4.01741 -0.77767 -1.48414 128 128 128
-4.01928 -0.726985 -1.48134 128 128 128
-4.00942 -0.674519 -1.47432 128 128 128
-4.0248 -0.626411 -1.47713 128 128 128
-4.01364 -0.574339 -1.47012 128 128 128
-4.04918 -0.528773 -1.48099 128 128 128
-3.4536 0.592755 -1.36873 128 128 128
-3.42601 0.631403 -1.36048 128 128 128
-3.35252 0.660522 -1.33347 128 128 128
-2.91108 1.0762 -1.20669 128 128 128
-2.86303 1.09857 -1.19169 128 128 128
-2.81402 1.11959 -1.17631 128 128 128
-2.78549 1.14804 -1.16993 128 128 128
-2.52221 1.22562 -1.08554 128 128 128
-2.52205 1.34243 -1.10692 128 128 128
-2.43058 1.33232 -1.07241 128 128 128
-1.46284 0.974406 -0.662058 128 128 128
-1.46657 1.0297 -0.675937 128 128 128
-1.46361 1.05466 -0.680813 128 128 128
-1.54765 1.26617 -0.759957 128 128 128
-1.83544 1.53923 -0.920122 128 128 128
-1.8368 1.57916 -0.930999 128 128 128
-1.80128 1.58749 -0.922372 128 128 128
-1.77478 1.60326 -0.918621 128 128 128
-1.58424 1.61838 -0.867234 128 128 128
-1.55016 1.62296 -0.858982 128 128 128
-1.5257 1.63712 -0.856356 128 128 128
-1.49114 1.63995 -0.847729 128 128 128
-1.4549 1.64011 -0.837976 128 128 128
-1.44377 1.66835 -0.843603 128 128 128
-1.3794 1.67538 -0.828974 128 128 128
-0.961774 1.55575 -0.69094 128 128 128
-0.96844 1.61032 -0.711195 128 128 128
-0.726231 1.48276 -0.618923 128 128 128
-0.67915 1.4774 -0.608795 128 128 128
-0.679091 1.52626 -0.6268 128 128 128
-0.621761 1.5485 -0.626049 128 128 128
-0.613114 1.58281 -0.637677 128 128 128
-0.550106 1.47387 -0.587415 128 128 128
-0.566543 1.57645 -0.628675 128 128 128
-0.496858 1.56091 -0.613671 128 128 128
-0.481732 1.58018 -0.619298 128 128 128
-0.456841 1.56729 -0.611421 128 128 128
-0.454022 1.63171 -0.636177 128 128 128
-0.436585 1.64701 -0.640303 128 128 128
-0.411114 1.63158 -0.631676 128 128 128
-0.389548 1.63019 -0.62905 128 128 128
-0.367463 1.6258 -0.625299 128 128 128
-0.341082 1.60028 -0.612921 128 128 128
-0.323613 1.61525 -0.617422 128 128 128
-0.299989 1.59906 -0.60917 128 128 128
-0.280344 1.60262 -0.60917 128 128 128
-0.258715 1.59404 -0.604294 128 128 128
-0.236097 1.57693 -0.596042 128 128 128
-0.215206 1.56869 -0.591541 128 128 128
-0.196864 1.57857 -0.594542 128 128 128
-0.175914 1.56705 -0.588915 128 128 128
-0.156392 1.56633 -0.58779 128 128 128
-0.137159 1.56813 -0.58779 128 128 128
-0.117133 1.55953 -0.583664 128 128 128
-0.0974559 1.55252 -0.580288 128 128 128
-0.0784443 1.55452 -0.580663 128 128 128
-0.0591449 1.54981 -0.578413 128 128 128
-0.0399234 1.54301 -0.575412 128 128 128
-0.0209584 1.54153 -0.574662 128 128 128
-0.00202339 1.53425 -0.571661 128 128 128
0.0167672 1.53046 -0.570161 128 128 128
0.0351953 1.51438 -0.563784 128 128 128
0.0539687 1.51939 -0.566035 128 128 128
0.072002 1.50565 -0.560783 128 128 128
0.0900898 1.49818 -0.558158 128 128 128
0.108732 1.50066 -0.559658 128 128 128
0.126752 1.49459 -0.557783 128 128 128
0.144551 1.48739 -0.555532 128 128 128
0.16119 1.47076 -0.549531 128 128 128
0.178001 1.45854 -0.545405 128 128 128
0.195027 1.44982 -0.542779 128 128 128
0.212536 1.44548 -0.542029 128 128 128
0.227209 1.42354 -0.534152 128 128 128
0.243722 1.41516 -0.531901 128 128 128
0.260735 1.41024 -0.531151 128 128 128
0.277305 1.4033 -0.529651 128 128 128
0.294125 1.39797 -0.528901 128 128 128
0.309449 1.38611 -0.525525 128 128 128
0.326435 1.38221 -0.525525 128 128 128
0.340247 1.36551 -0.520273 128 128 128
0.35651 1.35943 -0.519523 128 128 128
0.37292 1.35406 -0.519148 128 128 128
0.386946 1.34048 -0.515397 128 128 128
0.401764 1.3303 -0.513147 128 128 128
0.416669 1.32085 -0.511271 128 128 128
0.432269 1.31387 -0.510521 128 128 128
0.445363 1.2997 -0.50677 128 128 128
0.463451 1.30025 -0.509396 128 128 128
0.477767 1.29012 -0.50752 128 128 128
0.488588 1.27117 -0.501894 128 128 128
0.505519 1.26853 -0.503394 128 128 128
0.519989 1.25966 -0.502269 128 128 128
0.536862 1.25659 -0.503769 128 128 128
0.548878 1.24227 -0.500394 128 128 128
0.562544 1.23207 -0.498893 128 128 128
0.580777 1.23178 -0.501894 128 128 128
0.591397 1.21539 -0.497768 128 128 128
0.610417 1.21633 -0.501519 128 128 128
0.619771 1.19804 -0.496643 128 128 128
0.634861 1.19116 -0.497018 128 128 128
0.649431 1.18328 -0.497018 128 128 128
0.665268 1.17765 -0.498143 128 128 128
0.680134 1.1702 -0.498518 128 128 128
0.687321 1.14982 -0.492892 128 128 128
0.703802 1.14525 -0.494767 128 128 128
0.715827 1.13339 -0.493267 128 128 128
0.7322 1.12841 -0.495142 128 128 128
0.745992 1.11934 -0.495142 128 128 128
0.757581 1.10704 -0.493642 128 128 128
0.766321 1.09083 -0.490266 128 128 128
0.783438 1.08661 -0.492892 128 128 128
0.800017 1.08139 -0.495142 128 128 128
0.810429 1.06779 -0.493267 128 128 128
0.822903 1.05704 -0.492892 128 128 128
0.83639 1.04758 -0.493267 128 128 128
0.853874 1.04298 -0.496268 128 128 128
0.867799 1.03385 -0.497018 128 128 128
0.870154 1.01117 -0.490641 128 128 128
0.888622 1.00737 -0.494392 128 128 128
0.897812 0.992948 -0.492517 128 128 128
0.911818 0.983898 -0.493642 128 128 128
0.920635 0.96927 -0.491766 128 128 128
0.92923 0.954575 -0.489891 128 128 128
0.944145 0.946385 -0.491766 128 128 128
0.955687 0.934727 -0.491766 128 128 128
0.973115 0.928695 -0.495142 128 128 128
0.983761 0.916051 -0.494767 128 128 128
0.994928 0.90391 -0.494767 128 128 128
1.00456 0.890402 -0.494017 128 128 128
1.01751 0.879828 -0.495142 128 128 128
1.02611 0.86548 -0.494017 128 128 128
1.03808 0.854003 -0.494767 128 128 128
1.04848 0.841199 -0.494767 128 128 128
1.06456 0.832845 -0.497768 128 128 128
1.07249 0.81803 -0.496643 128 128 128
1.07725 0.80093 -0.494017 128 128 128
1.096 0.794186 -0.498518 128 128 128
1.09961 0.776393 -0.495517 128 128 128
1.1121 0.764946 -0.497018 128 128 128
1.11602 0.747624 -0.494392 128 128 128
1.14063 0.744017 -0.501894 128 128 128
1.13638 0.721503 -0.495517 128 128 128
1.16091 0.717264 -0.503019 128 128 128
1.16883 0.702486 -0.502644 128 128 128
1.17576 0.687153 -0.501894 128 128 128
1.18008 0.670379 -0.500018 128 128 128
1.20201 0.663476 -0.506395 128 128 128
1.20761 0.64736 -0.50527 128 128 128
1.21382 0.631634 -0.50452 128 128 128
1.22561 0.618784 -0.506395 128 128 128
1.23311 0.603698 -0.506395 128 128 128
1.24294 0.589715 -0.50752 128 128 128
1.25261 0.575581 -0.508646 128 128 128
1.26466 0.562432 -0.510896 128 128 128
1.27912 0.550174 -0.514272 128 128 128
1.29091 0.536576 -0.516523 128 128 128
1.29568 0.520002 -0.515772 128 128 128
1.30629 0.50574 -0.517648 128 128 128
1.3176 0.491621 -0.519898 128 128 128
1.32615 0.476358 -0.521024 128 128 128
1.33453 0.460959 -0.522149 128 128 128
1.34008 0.444547 -0.522149 128 128 128
1.35338 0.430606 -0.525525 128 128 128
1.363 0.415321 -0.5274 128 128 128
1.376 0.400905 -0.530776 128 128 128
1.38349 0.384737 -0.531901 128 128 128
1.3917 0.368684 -0.533402 128 128 128
1.4069 0.354304 -0.537903 128 128 128
1.41655 0.33831 -0.540153 128 128 128
1.42511 0.321927 -0.542029 128 128 128
1.43893 0.306548 -0.546155 128 128 128
1.44622 0.289599 -0.547655 128 128 128
1.4524 0.272345 -0.54878 128 128 128
1.46658 0.256427 -0.553282 128 128 128
1.47511 0.239307 -0.555532 128 128 128
1.47794 0.221187 -0.555532 128 128 128
1.48513 0.203668 -0.557408 128 128 128
1.49488 0.186352 -0.560408 128 128 128
1.50534 0.168931 -0.563784 128 128 128
1.51191 0.15091 -0.56566 128 128 128
1.52381 0.133243 -0.569786 128 128 128
1.5281 0.114744 -0.570911 128 128 128
1.53402 0.0962779 -0.572786 128 128 128
1.54249 0.0778262 -0.575787 128 128 128
1.55167 0.0592173 -0.579163 128 128 128
1.55135 0.0401467 -0.578788 128 128 128
1.54709 0.021039 -0.576912 128 128 128
1.56392 0.0020894 -0.583664 128 128 128
1.56939 -0.0171583 -0.585915 128 128 128
1.56906 -0.0364158 -0.585915 128 128 128
1.57313 -0.0558281 -0.58779 128 128 128
1.58066 -0.0755194 -0.591166 128 128 128
1.57591 -0.0946917 -0.589665 128 128 128
1.57555 -0.114089 -0.590041 128 128 128
1.5999 -0.135585 -0.600543 128 128 128
1.60919 -0.156273 -0.605044 128 128 128
1.62097 -0.177511 -0.610671 128 128 128
1.62419 -0.198058 -0.612921 128 128 128
1.63542 -0.219815 -0.618548 128 128 128
1.63902 -0.240805 -0.621173 128 128 128
1.64876 -0.262934 -0.626424 128 128 128
1.65272 -0.284398 -0.629425 128 128 128
1.65913 -0.306502 -0.633551 128 128 128
1.66252 -0.32827 -0.636552 128 128 128
1.6747 -0.352066 -0.643304 128 128 128
1.67478 -0.373597 -0.645179 128 128 128
1.67909 -0.396242 -0.64893 128 128 128
1.6822 -0.418827 -0.652306 128 128 128
1.69308 -0.443655 -0.659057 128 128 128
1.69913 -0.467587 -0.663934 128 128 128
1.69416 -0.488659 -0.664309 128 128 128
1.7049 -0.514487 -0.671436 128 128 128
1.70288 -0.53676 -0.673311 128 128 128
1.6988 -0.558483 -0.674436 128 128 128
1.70059 -0.582284 -0.678187 128 128 128
1.69769 -0.604661 -0.680063 128 128 128
1.69623 -0.627696 -0.682688 128 128 128
1.69792 -0.652112 -0.686814 128 128 128
1.7053 -0.67906 -0.693566 128 128 128
1.70712 -0.70417 -0.698067 128 128 128
1.70347 -0.727246 -0.700318 128 128 128
1.71477 -0.757066 -0.70932 128 128 128
1.70451 -0.777667 -0.708945 128 128 128
1.71497 -0.807993 -0.717947 128 128 128
1.72411 -0.838287 -0.726574 128 128 128
1.71369 -0.859381 -0.726574 128 128 128
1.71867 -0.888422 -0.733701 128 128 128
1.72564 -0.91902 -0.741953 128 128 128
1.72806 -0.947695 -0.748329 128 128 128
1.72276 -0.97247 -0.75133 128 128 128
1.71711 -0.997258 -0.754331 128 128 128
1.71111 -1.02205 -0.757332 128 128 128
1.7103 -1.05024 -0.762958 128 128 128
1.70199 -1.07412 -0.765209 128 128 128
1.70735 -1.10701 -0.774211 128 128 128
1.69827 -1.13096 -0.776461 128 128 128
1.68197 -1.15015 -0.775336 128 128 128
1.68367 -1.18187 -0.783213 128 128 128
1.67731 -1.2084 -0.787339 128 128 128
1.40208 -1.03675 -0.656432 128 128 128
1.20451 -0.913966 -0.562659 128 128 128
1.20345 -0.936639 -0.56791 128 128 128
1.19114 -0.95076 -0.567535 128 128 128
1.20092 -0.982899 -0.578788 128 128 128
1.66346 -1.39519 -0.829349 128 128 128
1.67365 -1.43905 -0.843978 128 128 128
1.66073 -1.46376 -0.846604 128 128 128
1.6454 -1.48652 -0.848104 128 128 128
1.63384 -1.51289 -0.851855 128 128 128
1.63062 -1.54749 -0.860482 128 128 128
1.61882 -1.57449 -0.864608 128 128 128
1.59347 -1.58835 -0.861232 128 128 128
1.59462 -1.62897 -0.873235 128 128 128
1.58156 -1.65579 -0.877361 128 128 128
1.57377 -1.68863 -0.884863 128 128 128
1.56541 -1.72152 -0.892365 128 128 128
1.55155 -1.74892 -0.896866 128 128 128
1.55 -1.79095 -0.909244 128 128 128
1.53389 -1.81691 -0.912995 128 128 128
1.5274 -1.85491 -0.923122 128 128 128
1.51614 -1.88796 -0.930624 128 128 128
1.49629 -1.9108 -0.932875 128 128 128
1.47555 -1.9327 -0.93475 128 128 128
1.45947 -1.96107 -0.940001 128 128 128
1.45055 -1.99984 -0.950504 128 128 128
1.43339 -2.02808 -0.955755 128 128 128
1.41419 -2.05391 -0.959881 128 128 128
1.39869 -2.08573 -0.967008 128 128 128
1.38263 -2.11748 -0.974135 128 128 128
1.36152 -2.14211 -0.977886 128 128 128
1.34879 -2.18073 -0.988388 128 128 128
1.32528 -2.20267 -0.991014 128 128 128
1.32532 -2.26516 -1.01277 128 128 128
1.29422 -2.27561 -1.01014 128 128 128
1.28145 -2.3189 -1.0229 128 128 128
1.25553 -2.33935 -1.02515 128 128 128
1.23488 -2.3702 -1.03227 128 128 128
1.20947 -2.39262 -1.03565 128 128 128
1.18532 -2.4181 -1.04053 128 128 128
1.16512 -2.45255 -1.04953 128 128 128
1.14424 -2.48687 -1.05853 128 128 128
1.11741 -2.50919 -1.06228 128 128 128
1.10159 -2.55762 -1.07766 128 128 128
1.07297 -2.57779 -1.08066 128 128 128
1.05649 -2.6286 -1.09716 128 128 128
1.02617 -2.64655 -1.09942 128 128 128
1.00466 -2.68846 -1.11217 128 128 128
0.975362 -2.71105 -1.11667 128 128 128
0.944448 -2.72982 -1.11967 128 128 128
0.915561 -2.75528 -1.12567 128 128 128
0.886192 -2.78044 -1.13167 128 128 128
0.85851 -2.81238 -1.14068 128 128 128
0.830437 -2.84495 -1.15005 128 128 128
0.796958 -2.86028 -1.1523 128 128 128
0.770375 -2.90209 -1.16581 128 128 128
0.742203 -2.94099 -1.17818 128 128 128
0.709084 -2.96249 -1.18344 128 128 128
0.674727 -2.98001 -1.18719 128 128 128
0.647419 -3.03158 -1.20519 128 128 128
0.6109 -3.04293 -1.20669 128 128 128
0.575573 -3.06113 -1.21119 128 128 128
0.540854 -3.08439 -1.21794 128 128 128
0.505202 -3.10452 -1.22357 128 128 128
0.468448 -3.11965 -1.22732 128 128 128
0.433807 -3.1518 -1.2382 128 128 128
0.397176 -3.17344 -1.24495 128 128 128
0.363519 -3.22505 -1.26408 128 128 128
0.325959 -3.24956 -1.27233 128 128 128
0.288097 -3.2764 -1.28171 128 128 128
0.249414 -3.30002 -1.28996 128 128 128
0.209606 -3.31394 -1.29446 128 128 128
0.169731 -3.332 -1.30084 128 128 128
0.129517 -3.35143 -1.30797 128 128 128
0.0887277 -3.36574 -1.31322 128 128 128
0.0477004 -3.38604 -1.32109 128 128 128
0.0060892 -3.36134 -1.31097 128 128 128
-0.0301498 -2.86247 -1.10917 128 128 128
-0.0769626 -3.3855 -1.32109 128 128 128
-0.12174 -3.47787 -1.35898 128 128 128
-0.165756 -3.50482 -1.37061 128 128 128
-0.209027 -3.50715 -1.37248 128 128 128
-0.254099 -3.53298 -1.38411 128 128 128
-0.29852 -3.54253 -1.38936 128 128 128
-0.342059 -3.53952 -1.38974 128 128 128
-0.387771 -3.55626 -1.39836 128 128 128
-0.43272 -3.56227 -1.40287 128 128 128
-0.477875 -3.56772 -1.40737 128 128 128
-0.526309 -3.59369 -1.42049 128 128 128
-0.577195 -3.62999 -1.43812 128 128 128
-0.623887 -3.63543 -1.44338 128 128 128
-0.673985 -3.65759 -1.45575 128 128 128
-0.723647 -3.6736 -1.46588 128 128 128
-0.768293 -3.66263 -1.46513 128 128 128
-0.820018 -3.68369 -1.47788 128 128 128
-0.864737 -3.67154 -1.47713 128 128 128
-0.326758 -1.24553 -0.471887 128 128 128
-0.362351 -1.25495 -0.479388 128 128 128
-0.388408 -1.28592 -0.494392 128 128 128
-0.420839 -1.33411 -0.516898 128 128 128
-0.516118 -1.34302 -0.533027 128 128 128
-2.58175 -3.40666 -1.68043 128 128 128
-2.68364 -3.45232 -1.72019 128 128 128
-2.72176 -3.41405 -1.71757 128 128 128
-2.75406 -3.36891 -1.71157 128 128 128
-2.99638 -3.23792 -1.73595 128 128 128
-3.04354 -3.20898 -1.74045 128 128 128
-3.07042 -3.15876 -1.73332 128 128 128
-3.22547 -3.08269 -1.7562 128 128 128
-3.25153 -3.03212 -1.74983 128 128 128
-3.29672 -2.99948 -1.75433 128 128 128
-3.3312 -2.95695 -1.7532 128 128 128
-3.48673 -2.80155 -1.7607 128 128 128
-3.5172 -2.7557 -1.75883 128 128 128
-3.55443 -2.71514 -1.7607 128 128 128
-3.71193 -2.49052 -1.75958 128 128 128
-3.74144 -2.44428 -1.7592 128 128 128
-3.77193 -2.39868 -1.75958 128 128 128
-4.00454 -1.90338 -1.74495 128 128 128
-4.01918 -1.85022 -1.7412 128 128 128
-4.04158 -1.80076 -1.7412 128 128 128
-4.04976 -1.74515 -1.7352 128 128 128
-4.07502 -1.63866 -1.72807 128 128 128
-4.10031 -1.03534 -1.66205 128 128 128
-4.1064 -0.983434 -1.65943 128 128 128
-3.24657 0.796217 -1.39608 128 128 128
-3.21524 0.830461 -1.38655 128 128 128
-3.17735 0.862367 -1.37424 128 128 128
-2.86494 1.12899 -1.28214 128 128 128
-2.81265 1.1484 -1.26428 128 128 128
-1.95936 0.826822 -0.870067 128 128 128
-1.93477 0.844534 -0.863318 128 128 128
-2.56286 1.27354 -1.18805 128 128 128
-2.54132 1.30196 -1.18528 128 128 128
-1.43907 0.948874 -0.695789 128 128 128
-1.46222 0.990219 -0.714051 128 128 128
-1.46124 1.01597 -0.720005 128 128 128
-1.4703 1.04934 -0.731518 128 128 128
-1.46618 1.07383 -0.736282 128 128 128
-1.86956 1.55591 -1.00226 128 128 128
-1.85172 1.57993 -1.00306 128 128 128
-1.8115 1.58437 -0.991148 128 128 128
-1.78305 1.5985 -0.985987 128 128 128
-1.74508 1.60346 -0.975269 128 128 128
-1.74528 1.64367 -0.987178 128 128 128
-1.60382 1.62563 -0.937952 128 128 128
-1.55707 1.61736 -0.921278 128 128 128
-1.53459 1.63367 -0.91969 128 128 128
-1.50762 1.64492 -0.915323 128 128 128
-1.47145 1.64548 -0.905002 128 128 128
-1.44994 1.66203 -0.904208 128 128 128
-1.42825 1.6783 -0.903414 128 128 128
-1.36243 1.68283 -0.88674 128 128 128
-1.32126 1.67345 -0.872449 128 128 128
-1.28331 1.66696 -0.860142 128 128 128
-1.26386 1.68405 -0.860936 128 128 128
-1.23985 1.69498 -0.858554 128 128 128
-0.454491 1.53105 -0.641005 128 128 128
-0.387421 1.50582 -0.622743 128 128 128
-0.266639 1.59328 -0.648945 128 128 128
-0.245411 1.58555 -0.644181 128 128 128
-0.224286 1.57662 -0.63902 128 128 128
-0.204575 1.57652 -0.637829 128 128 128
-0.182182 1.55247 -0.626316 128 128 128
-0.165264 1.57559 -0.635447 128 128 128
-0.144028 1.55647 -0.626316 128 128 128
-0.124491 1.55263 -0.623934 128 128 128
-0.10519 1.55038 -0.622347 128 128 128
-0.0859145 1.54697 -0.620362 128 128 128
-0.0667757 1.54424 -0.618774 128 128 128
-0.0475874 1.53669 -0.615201 128 128 128
-0.0286384 1.53165 -0.612819 128 128 128
-0.00986419 1.53831 -0.615598 128 128 128
0.0089351 1.52914 -0.611628 128 128 128
0.027278 1.50873 -0.602894 128 128 128
0.0461552 1.51929 -0.607658 128 128 128
0.0638791 1.49843 -0.598924 128 128 128
0.0821036 1.49479 -0.597733 128 128 128
0.100312 1.49184 -0.596939 128 128 128
0.117557 1.47769 -0.591381 128 128 128
0.135162 1.47065 -0.589 128 128 128
0.153492 1.47162 -0.59019 128 128 128
0.171431 1.46871 -0.589793 128 128 128
0.185836 1.4392 -0.577884 128 128 128
0.20414 1.44135 -0.579869 128 128 128
0.220102 1.42786 -0.575105 128 128 128
0.236072 1.416 -0.571135 128 128 128
0.251454 1.40216 -0.566371 128 128 128
0.268642 1.39897 -0.566371 128 128 128
0.286723 1.40006 -0.568356 128 128 128
0.302103 1.38837 -0.564783 128 128 128
0.318491 1.38188 -0.563592 128 128 128
0.333887 1.37163 -0.560813 128 128 128
0.346311 1.35055 -0.553271 128 128 128
0.364791 1.35328 -0.556447 128 128 128
0.379856 1.34341 -0.554065 128 128 128
0.391049 1.32106 -0.546125 128 128 128
0.409423 1.32317 -0.549301 128 128 128
0.423921 1.31281 -0.546919 128 128 128
0.438818 1.30404 -0.545331 128 128 128
0.454175 1.29682 -0.544537 128 128 128
0.467838 1.28512 -0.541758 128 128 128
0.483901 1.28014 -0.542155 128 128 128
0.498898 1.2724 -0.541361 128 128 128
0.51169 1.25939 -0.538185 128 128 128
0.525314 1.24879 -0.5362 128 128 128
0.542443 1.24645 -0.538185 128 128 128
0.556181 1.23636 -0.536597 128 128 128
0.57209 1.2311 -0.537391 128 128 128
0.588353 1.22647 -0.538582 128 128 128
0.600902 1.21422 -0.5362 128 128 128
0.612819 1.20105 -0.533421 128 128 128
0.628371 1.19506 -0.534215 128 128 128
0.642989 1.18726 -0.534215 128 128 128
0.655262 1.17528 -0.53223 128 128 128
0.665962 1.16079 -0.529054 128 128 128
0.68297 1.15726 -0.531436 128 128 128
0.695684 1.14644 -0.530245 128 128 128
0.707748 1.13471 -0.528657 128 128 128
0.719628 1.12286 -0.527069 128 128 128
0.736396 1.11853 -0.529451 128 128 128
0.749034 1.10789 -0.528657 128 128 128
0.755738 1.08884 -0.523497 128 128 128
0.772788 1.0847 -0.526275 128 128 128
0.790393 1.08105 -0.529451 128 128 128
0.800834 1.06761 -0.527466 128 128 128
0.813313 1.05697 -0.527069 128 128 128
0.823368 1.04332 -0.525084 128 128 128
0.843644 1.04239 -0.530245 128 128 128
0.854019 1.02914 -0.528657 128 128 128
0.861809 1.013 -0.525481 128 128 128
0.879624 1.00856 -0.529054 128 128 128
0.887637 0.992915 -0.526275 128 128 128
0.901621 0.983972 -0.527466 128 128 128
0.909215 0.968164 -0.524688 128 128 128
0.921666 0.957593 -0.525084 128 128 128
0.937228 0.950119 -0.527466 128 128 128
0.950126 0.939833 -0.52826 128 128 128
0.960925 0.927467 -0.527863 128 128 128
0.968213 0.911842 -0.525481 128 128 128
0.980686 0.90113 -0.526275 128 128 128
0.990985 0.888417 -0.525878 128 128 128
1.00251 0.876791 -0.526275 128 128 128
1.02089 0.870951 -0.530642 128 128 128
1.03221 0.858943 -0.531039 128 128 128
1.04482 0.84794 -0.53223 128 128 128
1.05081 0.831651 -0.529848 128 128 128
1.06312 0.820368 -0.531039 128 128 128
1.07091 0.805612 -0.529848 128 128 128
1.0822 0.79349 -0.530642 128 128 128
1.09185 0.78015 -0.530642 128 128 128
1.10436 0.768781 -0.53223 128 128 128
1.11143 0.753633 -0.531039 128 128 128
1.12136 0.74044 -0.531436 128 128 128
1.15011 0.719479 -0.536994 128 128 128
1.15885 0.705311 -0.536994 128 128 128
1.16821 0.691502 -0.537391 128 128 128
1.17502 0.676203 -0.536597 128 128 128
1.18483 0.662624 -0.537391 128 128 128
1.19691 0.650213 -0.539376 128 128 128
1.20724 0.636753 -0.540567 128 128 128
1.21578 0.622306 -0.540964 128 128 128
1.22744 0.609368 -0.542949 128 128 128
1.23069 0.592282 -0.540964 128 128 128
1.23786 0.577135 -0.540964 128 128 128
1.24737 0.563026 -0.542155 128 128 128
1.25755 0.549135 -0.543743 128 128 128
1.27012 0.536142 -0.546522 128 128 128
1.28426 0.523611 -0.550095 128 128 128
1.29829 0.510813 -0.553668 128 128 128
1.30704 0.495811 -0.554859 128 128 128
1.32338 0.483483 -0.559622 128 128 128
1.32921 0.467207 -0.559622 128 128 128
1.33833 0.452025 -0.56121 128 128 128
1.35776 0.440054 -0.567562 128 128 128
1.34112 0.416618 -0.557638 128 128 128
1.35494 0.402717 -0.561607 128 128 128
1.37657 0.390773 -0.56915 128 128 128
1.38569 0.375037 -0.571135 128 128 128
1.39286 0.358683 -0.572326 128 128 128
1.39983 0.342209 -0.573517 128 128 128
1.41108 0.32664 -0.576693 128 128 128
1.41499 0.3093 -0.576693 128 128 128
1.43757 0.295742 -0.58503 128 128 128
1.43838 0.277565 -0.583839 128 128 128
1.45614 0.262456 -0.59019 128 128 128
1.46468 0.245462 -0.592572 128 128 128
1.46486 0.227056 -0.591381 128 128 128
1.47481 0.210078 -0.594557 128 128 128
1.48092 0.192426 -0.596145 128 128 128
1.48773 0.174761 -0.59813 128 128 128
1.49615 0.157145 -0.600909 128 128 128
1.51351 0.140169 -0.607658 128 128 128
1.51878 0.121869 -0.609246 128 128 128
1.52107 0.103281 -0.609643 128 128 128
1.52681 0.0848496 -0.611628 128 128 128
1.53874 0.0665528 -0.616392 128 128 128
1.54219 0.0477428 -0.617583 128 128 128
1.54542 0.028858 -0.618774 128 128 128
1.55116 0.00991143 -0.621155 128 128 128
1.55667 -0.00917178 -0.623537 128 128 128
1.56195 -0.0283888 -0.625919 128 128 128
1.56148 -0.0475541 -0.625919 128 128 128
1.5727 -0.067254 -0.63108 128 128 128
1.57267 -0.0866013 -0.631477 128 128 128
1.58065 -0.106535 -0.635447 128 128 128
1.58379 -0.126301 -0.637432 128 128 128
1.58304 -0.145814 -0.637829 128 128 128
1.58661 -0.165816 -0.640211 128 128 128
1.61635 -0.189089 -0.654105 128 128 128
1.61937 -0.209631 -0.656487 128 128 128
1.62031 -0.230012 -0.658075 128 128 128
1.63005 -0.251873 -0.663633 128 128 128
1.63951 -0.274008 -0.669191 128 128 128
1.64415 -0.295589 -0.672764 128 128 128
1.65211 -0.318027 -0.677925 128 128 128
1.66246 -0.341266 -0.684277 128 128 128
1.66442 -0.363026 -0.687055 128 128 128
1.67593 -0.387182 -0.694201 128 128 128
1.6666 -0.40662 -0.692216 128 128 128
1.67303 -0.43004 -0.697377 128 128 128
1.67648 -0.452953 -0.701347 128 128 128
1.68227 -0.476773 -0.706508 128 128 128
1.693 -0.502382 -0.714051 128 128 128
1.69108 -0.52449 -0.716036 128 128 128
1.68975 -0.546911 -0.718418 128 128 128
1.68726 -0.569082 -0.720402 128 128 128
1.6914 -0.593723 -0.725563 128 128 128
1.68916 -0.616334 -0.727945 128 128 128
1.68918 -0.639961 -0.731518 128 128 128
1.69656 -0.66672 -0.738664 128 128 128
1.6959 -0.690622 -0.742237 128 128 128
1.69743 -0.715683 -0.747001 128 128 128
1.69945 -0.741255 -0.752162 128 128 128
1.70443 -0.768499 -0.75891 128 128 128
1.70319 -0.793251 -0.76288 128 128 128
1.70572 -0.820085 -0.768835 128 128 128
1.70949 -0.847919 -0.775584 128 128 128
1.71446 -0.876808 -0.783127 128 128 128
1.71655 -0.904656 -0.789478 128 128 128
1.71982 -0.933565 -0.796624 128 128 128
1.70184 -0.951004 -0.793448 128 128 128
1.71229 -0.984675 -0.804564 128 128 128
1.71507 -1.01452 -0.812107 128 128 128
1.70484 -1.03693 -0.813298 128 128 128
1.69354 -1.05875 -0.814092 128 128 128
1.68505 -1.08244 -0.816473 128 128 128
1.68005 -1.10861 -0.82084 128 128 128
1.67391 -1.13431 -0.82481 128 128 128
1.66964 -1.1616 -0.829971 128 128 128
1.302 -0.977814 -0.654503 128 128 128
1.20065 -0.924591 -0.605673 128 128 128
1.19353 -0.94268 -0.608055 128 128 128
1.10874 -0.920501 -0.573517 128 128 128
1.65929 -1.41517 -0.893489 128 128 128
1.6418 -1.43543 -0.893489 128 128 128
1.64112 -1.47081 -0.903414 128 128 128
1.627 -1.49457 -0.905796 128 128 128
1.61654 -1.52199 -0.91056 128 128 128
1.60038 -1.54427 -0.912148 128 128 128
1.59368 -1.57608 -0.91969 128 128 128
1.57744 -1.59879 -0.921675 128 128 128
1.58693 -1.6485 -0.939937 128 128 128
1.56658 -1.66785 -0.939937 128 128 128
1.55713 -1.69915 -0.947082 128 128 128
1.5386 -1.72087 -0.94867 128 128 128
1.53965 -1.76525 -0.963359 128 128 128
1.52499 -1.79241 -0.968123 128 128 128
1.52744 -1.8407 -0.984796 128 128 128
1.50993 -1.86574 -0.988369 128 128 128
1.4977 -1.89783 -0.995912 128 128 128
1.47429 -1.91607 -0.995912 128 128 128
1.46056 -1.94725 -1.00306 128 128 128
1.4452 -1.9769 -1.00941 128 128 128
1.42508 -2.00047 -1.01259 128 128 128
1.40721 -2.02762 -1.01775 128 128 128
1.4094 -2.08508 -1.03879 128 128 128
1.38069 -2.09762 -1.0364 128 128 128
1.3583 -2.11982 -1.03918 128 128 128
1.35495 -2.17297 -1.05784 128 128 128
1.33388 -2.19886 -1.06261 128 128 128
1.31423 -2.22772 -1.06896 128 128 128
1.28953 -2.24846 -1.07134 128 128 128
1.26629 -2.27214 -1.07531 128 128 128
1.27012 -2.34649 -1.10429 128 128 128
1.23484 -2.3497 -1.09833 128 128 128
1.21298 -2.37859 -1.10508 128 128 128
1.18613 -2.39823 -1.10747 128 128 128
1.16413 -2.42834 -1.11501 128 128 128
1.1431 -2.46161 -1.12414 128 128 128
1.11918 -2.48969 -1.13089 128 128 128
1.10168 -2.53356 -1.14518 128 128 128
1.07936 -2.56805 -1.1551 128 128 128
1.05671 -2.60323 -1.16543 128 128 128
1.02969 -2.62883 -1.17138 128 128 128
1.00542 -2.66274 -1.18131 128 128 128
0.977044 -2.68696 -1.18686 128 128 128
0.946713 -2.70655 -1.19044 128 128 128
0.918377 -2.73276 -1.19718 128 128 128
0.888138 -2.75431 -1.20195 128 128 128
0.856968 -2.77378 -1.20592 128 128 128
0.832184 -2.81579 -1.22021 128 128 128
0.805009 -2.8523 -1.23212 128 128 128
0.774927 -2.88058 -1.24046 128 128 128
0.744724 -2.91033 -1.24959 128 128 128
0.713691 -2.93888 -1.25832 128 128 128
0.682887 -2.97068 -1.26864 128 128 128
0.649862 -2.99499 -1.27579 128 128 128
0.615978 -3.01713 -1.28214 128 128 128
0.583018 -3.0461 -1.29167 128 128 128
0.547356 -3.06297 -1.29603 128 128 128
0.511965 -3.08304 -1.30199 128 128 128
0.476853 -3.10724 -1.30993 128 128 128
0.441858 -3.13558 -1.31985 128 128 128
0.406933 -3.16899 -1.33216 128 128 128
0.369791 -3.18925 -1.33891 128 128 128
0.335105 -3.23737 -1.35796 128 128 128
0.296091 -3.24947 -1.36154 128 128 128
0.258107 -3.27756 -1.37226 128 128 128
0.218523 -3.29056 -1.37662 128 128 128
0.178707 -3.30399 -1.38139 128 128 128
0.139003 -3.32703 -1.39052 128 128 128
0.0985793 -3.34316 -1.39687 128 128 128
0.0579413 -3.3689 -1.40759 128 128 128
0.0166561 -3.38588 -1.41473 128 128 128
-0.0247768 -3.37206 -1.40878 128 128 128
-0.0670171 -3.4128 -1.42664 128 128 128
-0.110626 -3.464 -1.44927 128 128 128
-0.154876 -3.50089 -1.46595 128 128 128
-0.198619 -3.51247 -1.4719 128 128 128
-0.242349 -3.51893 -1.47587 128 128 128
-0.285589 -3.5166 -1.47627 128 128 128
-0.329761 -3.5238 -1.48103 128 128 128
-0.374152 -3.53044 -1.48579 128 128 128
-0.420064 -3.54745 -1.49532 128 128 128
-0.467651 -3.57297 -1.50882 128 128 128
-0.516453 -3.60148 -1.52391 128 128 128
-0.565453 -3.6257 -1.5374 128 128 128
-0.612054 -3.63115 -1.54296 128 128 128
-0.662002 -3.65317 -1.55606 128 128 128
-0.710649 -3.66459 -1.5648 128 128 128
-0.75762 -3.66547 -1.56916 128 128 128
-0.799577 -3.64246 -1.56321 128 128 128
-0.851523 -3.66365 -1.5771 128 128 128
-0.33201 -1.29547 -0.528657 128 128 128
-0.354617 -1.25517 -0.514366 128 128 128
-0.361307 -1.2217 -0.501265 128 128 128
-0.37682 -1.21893 -0.502059 128 128 128
-0.387764 -1.202 -0.496501 128 128 128
-0.406916 -1.21018 -0.502456 128 128 128
-0.426327 -1.21808 -0.508411 128 128 128
-0.452007 -1.24205 -0.521909 128 128 128
-0.46682 -1.19132 -0.503647 128 128 128
-0.475138 -1.17022 -0.496501 128 128 128
-2.72038 -3.4315 -1.84427 128 128 128
-2.76634 -3.40284 -1.84705 128 128 128
-2.81083 -3.37216 -1.84904 128 128 128
-2.86514 -3.35275 -1.85777 128 128 128
-2.9103 -3.32217 -1.86055 128 128 128
-2.94778 -3.28279 -1.85857 128 128 128
-2.99967 -3.25919 -1.86611 128 128 128
-3.03691 -3.21947 -1.86452 128 128 128
-3.08066 -3.18657 -1.8673 128 128 128
-3.12859 -3.15765 -1.87286 128 128 128
-3.32304 -3.193 -1.94352 128 128 128
-3.24872 -3.046 -1.87643 128 128 128
-3.32178 -3.0387 -1.89747 128 128 128
-3.34032 -2.98123 -1.88675 128 128 128
-3.37734 -2.94061 -1.88715 128 128 128
-3.40687 -2.89361 -1.88358 128 128 128
-3.5457 -2.79348 -1.90263 128 128 128
-3.5768 -2.74752 -1.90104 128 128 128
-3.62936 -2.71771 -1.91137 128 128 128
-1.05846 -0.776198 -0.517939 128 128 128
-1.15397 -0.824244 -0.563592 128 128 128
-3.77767 -2.48249 -1.90541 128 128 128
-3.80011 -2.43101 -1.90144 128 128 128
-3.82732 -2.38274 -1.90025 128 128 128
-3.85784 -2.33654 -1.90104 128 128 128
-3.94846 -2.13398 -1.89152 128 128 128
-3.96296 -2.0794 -1.88596 128 128 128
-4.00209 -2.03768 -1.89271 128 128 128
-4.07088 -1.70833 -1.85976 128 128 128
-4.09154 -1.65825 -1.85976 128 128 128
-4.11671 -1.60992 -1.86214 128 128 128
-4.13513 -1.50122 -1.85301 128 128 128
-4.14544 -1.44764 -1.84944 128 128 128
-4.15157 -1.39288 -1.84427 128 128 128
-4.17185 -1.34295 -1.84586 128 128 128
-4.10469 -0.784141 -1.75773 128 128 128
-4.10587 -0.732269 -1.75416 128 128 128
-2.92821 1.07964 -1.39791 128 128 128
-2.87661 1.10092 -1.37896 128 128 128
-2.85698 1.1338 -1.37602 128 128 128
-2.80593 1.15361 -1.35749 128 128 128
-1.95762 0.833531 -0.936875 128 128 128
-2.52323 1.30083 -1.26697 128 128 128
-2.51189 1.33424 -1.26949 128 128 128
-2.47224 1.35236 -1.25728 128 128 128
-1.49223 0.96592 -0.774355 128 128 128
-1.48555 0.98767 -0.777303 128 128 128
-1.45458 0.993055 -0.766777 128 128 128
-1.4579 1.02175 -0.775618 128 128 128
-1.41872 1.02052 -0.760461 128 128 128
-1.93771 1.54282 -1.09897 128 128 128
-1.90176 1.55273 -1.08887 128 128 128
-1.85752 1.555 -1.07371 128 128 128
-1.83485 1.57473 -1.07161 128 128 128
-1.79767 1.58156 -1.06066 128 128 128
-1.76802 1.59439 -1.05434 128 128 128
-1.63104 1.62296 -1.01729 128 128 128
-1.59257 1.62408 -1.00508 128 128 128
-1.5606 1.63106 -0.997083 128 128 128
-1.52436 1.63286 -0.986136 128 128 128
-1.50177 1.64876 -0.984452 128 128 128
-1.45911 1.64199 -0.968874 128 128 128
-1.40841 1.66554 -0.961716 128 128 128
-1.38325 1.6771 -0.958348 128 128 128
-1.34322 1.66993 -0.944033 128 128 128
-0.751622 1.35857 -0.669938 128 128 128
-0.641917 1.3497 -0.642992 128 128 128
-0.692992 1.55385 -0.738988 128 128 128
-0.629598 1.45983 -0.687201 128 128 128
-0.612929 1.52279 -0.7112 128 128 128
-0.58564 1.50822 -0.700253 128 128 128
-0.39169 1.40376 -0.62573 128 128 128
-0.376539 1.41635 -0.629519 128 128 128
-0.330605 1.54485 -0.682569 128 128 128
-0.28601 1.51775 -0.666149 128 128 128
-0.279675 1.59081 -0.69899 128 128 128
-0.240414 1.5963 -0.698569 128 128 128
-0.216437 1.56768 -0.683833 128 128 128
-0.197297 1.57112 -0.684254 128 128 128
-0.176666 1.56171 -0.67878 128 128 128
-0.156113 1.55022 -0.672465 128 128 128
-0.137077 1.55202 -0.672465 128 128 128
-0.117604 1.54816 -0.669938 128 128 128
-0.0975452 1.5332 -0.66236 128 128 128
-0.0785813 1.53156 -0.661097 128 128 128
-0.059636 1.52878 -0.659412 128 128 128
-0.0408208 1.52759 -0.65857 128 128 128
-0.0220162 1.52435 -0.656886 128 128 128
-0.0033281 1.53085 -0.659833 128 128 128
0.01525 1.5081 -0.649308 128 128 128
0.0335416 1.49782 -0.644676 128 128 128
0.0523784 1.5109 -0.650992 128 128 128
0.0701649 1.49383 -0.643413 128 128 128
0.0882271 1.48833 -0.641308 128 128 128
0.105718 1.47628 -0.636255 128 128 128
0.123826 1.47487 -0.636255 128 128 128
0.142432 1.47866 -0.638782 128 128 128
0.158817 1.46057 -0.631203 128 128 128
0.176296 1.4549 -0.629519 128 128 128
0.194136 1.45263 -0.629519 128 128 128
0.209993 1.43667 -0.623203 128 128 128
0.227325 1.4322 -0.622361 128 128 128
0.243665 1.42215 -0.618993 128 128 128
0.259955 1.4128 -0.616046 128 128 128
0.278144 1.41396 -0.618151 128 128 128
0.290847 1.38824 -0.607625 128 128 128
0.307273 1.38191 -0.606362 128 128 128
0.324415 1.37892 -0.606783 128 128 128
0.338917 1.36515 -0.602152 128 128 128
0.351761 1.34596 -0.594994 128 128 128
0.368012 1.34067 -0.594573 128 128 128
0.384686 1.33692 -0.594994 128 128 128
0.400803 1.33123 -0.594573 128 128 128
0.415481 1.32102 -0.592047 128 128 128
0.429406 1.30893 -0.588678 128 128 128
0.445729 1.30442 -0.5891 128 128 128
0.459582 1.29286 -0.586152 128 128 128
0.4751 1.28628 -0.585731 128 128 128
0.485991 1.26764 -0.579416 128 128 128
0.499505 1.25652 -0.576889 128 128 128
0.516954 1.25533 -0.579416 128 128 128
0.528417 1.23971 -0.574784 128 128 128
0.544321 1.23479 -0.575626 128 128 128
0.556807 1.22224 -0.572679 128 128 128
0.571763 1.21532 -0.572679 128 128 128
0.584262 1.20331 -0.570153 128 128 128
0.667566 1.15079 -0.566785 128 128 128
0.683029 1.14485 -0.568048 128 128 128
0.693239 1.13019 -0.564679 128 128 128
0.712368 1.13004 -0.569311 128 128 128
0.75621 1.16769 -0.594994 128 128 128
0.741892 1.11524 -0.570995 128 128 128
0.751946 1.10081 -0.568048 128 128 128
0.763839 1.08927 -0.566785 128 128 128
0.777148 1.07981 -0.566785 128 128 128
0.789802 1.06946 -0.566364 128 128 128
0.802867 1.05969 -0.566364 128 128 128
0.813031 1.04618 -0.564258 128 128 128
0.83089 1.04251 -0.568048 128 128 128
0.839607 1.02731 -0.5651 128 128 128
0.849242 1.01345 -0.562995 128 128 128
0.863976 1.00571 -0.564679 128 128 128
0.86787 0.985494 -0.558785 128 128 128
0.884148 0.979488 -0.561732 128 128 128
0.902254 0.975228 -0.565943 128 128 128
0.909789 0.959471 -0.562995 128 128 128
0.922127 0.948885 -0.563416 128 128 128
0.933701 0.937498 -0.563416 128 128 128
0.941899 0.922792 -0.561311 128 128 128
0.954463 0.912419 -0.562153 128 128 128
0.966913 0.901876 -0.562995 128 128 128
0.977907 0.889943 -0.562995 128 128 128
0.986722 0.876067 -0.561732 128 128 128
0.993288 0.860325 -0.559206 128 128 128
1.16686 0.847171 -0.618572 128 128 128
1.08837 0.769839 -0.568048 128 128 128
1.10072 0.758487 -0.569732 128 128 128
1.12726 0.756566 -0.579416 128 128 128
1.12942 0.718434 -0.570574 128 128 128
1.14124 0.706433 -0.572258 128 128 128
1.1374 0.684875 -0.565521 128 128 128
1.13085 0.662142 -0.557522 128 128 128
1.16016 0.660352 -0.56889 128 128 128
1.18167 0.653542 -0.576047 128 128 128
1.1888 0.638562 -0.575626 128 128 128
1.20539 0.628548 -0.580258 128 128 128
1.20977 0.612067 -0.578574 128 128 128
1.21882 0.597976 -0.579416 128 128 128
1.23835 0.58883 -0.585731 128 128 128
1.24795 0.57473 -0.586994 128 128 128
1.25574 0.559742 -0.587415 128 128 128
1.26335 0.54465 -0.587836 128 128 128
1.2783 0.532603 -0.592047 128 128 128
1.28474 0.516876 -0.592047 128 128 128
1.29014 0.500743 -0.591626 128 128 128
1.30808 0.489334 -0.59752 128 128 128
1.31484 0.473553 -0.597941 128 128 128
1.33255 0.461551 -0.603836 128 128 128
1.33897 0.445451 -0.604257 128 128 128
1.34434 0.428986 -0.604257 128 128 128
1.3521 0.413255 -0.60552 128 128 128
1.36229 0.398163 -0.608046 128 128 128
1.37406 0.383373 -0.611414 128 128 128
1.38042 0.36695 -0.612256 128 128 128
1.39273 0.35199 -0.616046 128 128 128
1.39518 0.334448 -0.615204 128 128 128
1.40802 0.319317 -0.619414 128 128 128
1.42868 0.305636 -0.627414 128 128 128
1.42877 0.287362 -0.62573 128 128 128
1.44021 0.271326 -0.629519 128 128 128
1.44343 0.253632 -0.629519 128 128 128
1.45181 0.236781 -0.632045 128 128 128
1.47075 0.221393 -0.639624 128 128 128
1.46796 0.202579 -0.637098 128 128 128
1.47214 0.184777 -0.63794 128 128 128
1.4788 0.167211 -0.640045 128 128 128
1.48886 0.149877 -0.643834 128 128 128
1.49782 0.13224 -0.647202 128 128 128
1.50837 0.114545 -0.651413 128 128 128
1.5169 0.0964936 -0.654781 128 128 128
1.52341 0.0781555 -0.657307 128 128 128
1.52697 0.0595636 -0.65857 128 128 128
1.52759 0.0408208 -0.65857 128 128 128
1.52979 0.0220998 -0.659412 128 128 128
1.5499 0.00338711 -0.668675 128 128 128
1.54075 -0.0155496 -0.664465 128 128 128
1.53954 -0.0344363 -0.664044 128 128 128
1.56257 -0.0541213 -0.674991 128 128 128
1.56722 -0.0735425 -0.677517 128 128 128
1.5662 -0.0927693 -0.677517 128 128 128
1.56857 -0.112238 -0.679201 128 128 128
1.57702 -0.132303 -0.683833 128 128 128
1.58521 -0.152593 -0.688464 128 128 128
1.59223 -0.173006 -0.692674 128 128 128
1.59989 -0.193723 -0.697306 128 128 128
1.60639 -0.214534 -0.701516 128 128 128
1.60992 -0.235143 -0.704463 128 128 128
1.62841 -0.258273 -0.714568 128 128 128
1.63317 -0.279608 -0.718357 128 128 128
1.63319 -0.300281 -0.720042 128 128 128
1.6454 -0.323436 -0.72762 128 128 128
1.65019 -0.345454 -0.731831 128 128 128
1.65556 -0.367834 -0.736462 128 128 128
1.65623 -0.389364 -0.738988 128 128 128
1.66541 -0.413142 -0.745725 128 128 128
1.6646 -0.43469 -0.74783 128 128 128
1.67052 -0.458194 -0.753303 128 128 128
1.67 -0.480159 -0.75583 128 128 128
1.6692 -0.50218 -0.758356 128 128 128
1.67503 -0.526424 -0.76425 128 128 128
1.67103 -0.547785 -0.765513 128 128 128
1.67362 -0.571466 -0.770145 128 128 128
1.67589 -0.595293 -0.774776 128 128 128
1.67782 -0.619262 -0.779408 128 128 128
1.67264 -0.640776 -0.780671 128 128 128
1.68826 -0.670611 -0.79246 128 128 128
1.6799 -0.691278 -0.79246 128 128 128
1.68381 -0.717162 -0.798775 128 128 128
1.69482 -0.746531 -0.80888 128 128 128
1.69626 -0.77215 -0.814354 128 128 128
1.69241 -0.795605 -0.817301 128 128 128
1.69966 -0.824615 -0.826143 128 128 128
1.69509 -0.848247 -0.82909 128 128 128
1.17282 -0.95827 -0.652255 128 128 128
1.16515 -0.976081 -0.654781 128 128 128
1.64478 -1.4118 -0.955401 128 128 128
1.62597 -1.43068 -0.954559 128 128 128
1.61301 -1.45477 -0.957506 128 128 128
1.6097 -1.48799 -0.966769 128 128 128
1.59659 -1.51262 -0.970137 128 128 128
1.57856 -1.53273 -0.970558 128 128 128
1.57507 -1.56733 -0.980663 128 128 128
1.55572 -1.58654 -0.980663 128 128 128
1.56437 -1.63499 -0.999609 128 128 128
1.54604 -1.65605 -1.00087 128 128 128
1.53661 -1.68696 -1.00845 128 128 128
1.53991 -1.7328 -1.02529 128 128 128
1.52923 -1.76389 -1.03287 128 128 128
1.51685 -1.7936 -1.03961 128 128 128
1.50512 -1.82467 -1.04719 128 128 128
1.48717 -1.84865 -1.05055 128 128 128
1.47277 -1.87747 -1.05687 128 128 128
1.45403 -1.90116 -1.06024 128 128 128
1.43982 -1.93121 -1.0674 128 128 128
1.35285 -2.12444 -1.11834 128 128 128
1.3372 -2.15784 -1.1276 128 128 128
1.31343 -2.17875 -1.13013 128 128 128
1.29486 -2.20878 -1.13771 128 128 128
1.27325 -2.29939 -1.16929 128 128 128
1.2372 -2.30047 -1.16171 128 128 128
1.21518 -2.32753 -1.16802 128 128 128
1.19022 -2.34955 -1.17181 128 128 128
1.1713 -2.38433 -1.18234 128 128 128
1.15328 -2.42226 -1.19455 128 128 128
1.13411 -2.45929 -1.20634 128 128 128
1.11236 -2.49207 -1.21602 128 128 128
1.09033 -2.52551 -1.22613 128 128 128
1.0701 -2.56465 -1.23918 128 128 128
1.04126 -2.58432 -1.24255 128 128 128
1.01704 -2.61634 -1.25223 128 128 128
0.989636 -2.64136 -1.25855 128 128 128
0.962079 -2.66696 -1.26528 128 128 128
0.933745 -2.69141 -1.2716 128 128 128
0.904667 -2.71472 -1.27749 128 128 128
0.878477 -2.74807 -1.28844 128 128 128
0.851072 -2.77946 -1.29854 128 128 128
0.822517 -2.80884 -1.30781 128 128 128
0.796303 -2.84842 -1.32212 128 128 128
0.767136 -2.87989 -1.33265 128 128 128
0.737093 -2.91018 -1.34275 128 128 128
0.705359 -2.93576 -1.35075 128 128 128
0.6721 -2.95658 -1.35665 128 128 128
0.638817 -2.97879 -1.36338 128 128 128
0.605809 -3.00419 -1.37181 128 128 128
0.570923 -3.02209 -1.37686 128 128 128
0.534583 -3.03334 -1.37896 128 128 128
0.504515 -3.08353 -1.39959 128 128 128
0.469491 -3.10832 -1.40844 128 128 128
0.434059 -3.13361 -1.4177 128 128 128
0.399669 -3.1711 -1.43286 128 128 128
0.362164 -3.18838 -1.43875 128 128 128
0.326128 -3.22327 -1.45306 128 128 128
0.287516 -3.23787 -1.45812 128 128 128
0.248665 -3.25291 -1.46359 128 128 128
0.210189 -3.27835 -1.47412 128 128 128
0.17051 -3.29155 -1.47917 128 128 128
0.1313 -3.3233 -1.49306 128 128 128
0.091385 -3.3564 -1.5078 128 128 128
0.0505385 -3.37994 -1.51833 128 128 128
0.00908856 -3.39028 -1.52296 128 128 128
-0.0327158 -3.41191 -1.53306 128 128 128
-0.0747577 -3.41941 -1.53685 128 128 128
-0.0960737 -2.80633 -1.25265 128 128 128
-0.160612 -3.45913 -1.55664 128 128 128
-0.20458 -3.48316 -1.56885 128 128 128
-0.247948 -3.48943 -1.57306 128 128 128
-0.292325 -3.50511 -1.5819 128 128 128
-0.337383 -3.52293 -1.59201 128 128 128
-0.431315 -3.57663 -1.62148 128 128 128
-0.396765 -1.2613 -0.562995 128 128 128
-2.59609 -3.5208 -1.97978 128 128 128
-2.62707 -3.47276 -1.97052 128 128 128
-2.67727 -3.45029 -1.97641 128 128 128
-2.72731 -3.42712 -1.98231 128 128 128
-2.82572 -3.37724 -1.99325 128 128 128
-2.87994 -3.35746 -2.00252 128 128 128
-2.94188 -3.34572 -2.01725 128 128 128
-2.97361 -3.29925 -2.01094 128 128 128
-3.02987 -3.27984 -2.02188 128 128 128
-3.08485 -3.25823 -2.03199 128 128 128
-3.17667 -3.19441 -2.04041 128 128 128
-3.21304 -3.15264 -2.03873 128 128 128
-3.25018 -3.11172 -2.03788 128 128 128
-3.30932 -3.09142 -2.05136 128 128 128
-3.35103 -3.05425 -2.05388 128 128 128
-3.37606 -3.00204 -2.0463 128 128 128
-3.50525 -2.89307 -2.05894 128 128 128
-3.54897 -2.85667 -2.06399 128 128 128
-3.59232 -2.81962 -2.06904 128 128 128
-3.61585 -2.76706 -2.06272 128 128 128
-1.15595 -0.796631 -0.600888 128 128 128
-3.78624 -2.54519 -2.06694 128 128 128
-3.81643 -2.49803 -2.06651 128 128 128
-3.83762 -2.44516 -2.06146 128 128 128
-4.07942 -1.94334 -2.04673 128 128 128
-4.10708 -1.89504 -2.04883 128 128 128
-4.12257 -1.84116 -2.04504 128 128 128
-4.12904 -1.7836 -2.03704 128 128 128
-4.17656 -1.74363 -2.05009 128 128 128
-2.88524 1.10544 -1.47164 128 128 128
-2.85813 1.13545 -1.46456 128 128 128
-2.80584 1.15468 -1.44422 128 128 128
-1.9849 0.844121 -1.01182 128 128 128
-1.99654 0.87821 -1.02376 128 128 128
-1.80516 0.90185 -0.943287 128 128 128
-1.78281 0.918161 -0.937097 128 128 128
-1.49917 0.968323 -0.828333 128 128 128
-1.50508 0.998591 -0.838944 128 128 128
-1.51491 1.03219 -0.852208 128 128 128
-2.13319 1.49431 -1.23244 128 128 128
-2.10451 1.51303 -1.22625 128 128 128
-2.06199 1.52113 -1.21166 128 128 128
-1.90577 1.55567 -1.16126 128 128 128
-1.8783 1.57202 -1.15595 128 128 128
-1.83236 1.57213 -1.13871 128 128 128
-1.79679 1.58025 -1.1281 128 128 128
-1.77593 1.60098 -1.12721 128 128 128
-1.73773 1.60557 -1.11483 128 128 128
-1.64001 1.63106 -1.08875 128 128 128
-1.60294 1.63374 -1.07681 128 128 128
-1.56729 1.63706 -1.06576 128 128 128
-1.52509 1.63253 -1.04984 128 128 128
-1.4965 1.64183 -1.04365 128 128 128
-1.47148 1.6547 -1.04011 128 128 128
-1.42878 1.64684 -1.02331 128 128 128
-1.368 1.65716 -1.00784 128 128 128
-1.34587 1.67172 -1.00651 128 128 128
-1.3236 1.686 -1.00519 128 128 128
-1.29248 1.68856 -0.996785 128 128 128
-1.26043 1.68917 -0.9875 128 128 128
-0.115166 1.48514 -0.682871 128 128 128
-0.100782 1.54822 -0.713378 128 128 128
-0.0795803 1.50544 -0.691714 128 128 128
-0.0609312 1.50182 -0.689503 128 128 128
-0.0432723 1.53294 -0.704536 128 128 128
-0.0241389 1.50914 -0.692598 128 128 128
-0.00562309 1.5156 -0.695693 128 128 128
0.0128638 1.50569 -0.69083 128 128 128
0.0312551 1.50183 -0.689061 128 128 128
0.0494892 1.49596 -0.686408 128 128 128
0.0676704 1.49166 -0.68464 128 128 128
0.0855907 1.48445 -0.681545 128 128 128
0.103475 1.47881 -0.679334 128 128 128
0.1207 1.46671 -0.674029 128 128 128
0.138951 1.46779 -0.675355 128 128 128
0.155972 1.45706 -0.670934 128 128 128
0.173514 1.45237 -0.669607 128 128 128
0.190484 1.44391 -0.666512 128 128 128
0.207927 1.43968 -0.665628 128 128 128
0.225295 1.43525 -0.664744 128 128 128
0.243654 1.4368 -0.666955 128 128 128
0.258653 1.41959 -0.65988 128 128 128
0.273092 1.40135 -0.652364 128 128 128
0.289158 1.39263 -0.649711 128 128 128
0.305443 1.38547 -0.647943 128 128 128
0.32077 1.37464 -0.644406 128 128 128
0.337398 1.36973 -0.643964 128 128 128
0.350992 1.35334 -0.637774 128 128 128
0.366857 1.34634 -0.636447 128 128 128
0.382355 1.33829 -0.634679 128 128 128
0.394595 1.31976 -0.627605 128 128 128
0.40833 1.30712 -0.623626 128 128 128
0.427426 1.31138 -0.628489 128 128 128
0.441158 1.29925 -0.624952 128 128 128
0.453452 1.2836 -0.619646 128 128 128
0.469169 1.27794 -0.619646 128 128 128
0.48385 1.26957 -0.61832 128 128 128
0.496735 1.25687 -0.614783 128 128 128
0.512464 1.25151 -0.615225 128 128 128
0.523198 1.23441 -0.609477 128 128 128
0.537944 1.22708 -0.609035 128 128 128
0.552962 1.22038 -0.609035 128 128 128
0.570576 1.21918 -0.61213 128 128 128
0.580389 1.20161 -0.606382 128 128 128
0.597104 1.1984 -0.608593 128 128 128
0.604342 1.17665 -0.600635 128 128 128
0.622535 1.17626 -0.604614 128 128 128
0.657291 1.1386 -0.596655 128 128 128
0.675818 1.13814 -0.601077 128 128 128
0.688794 1.12823 -0.600193 128 128 128
0.706421 1.12576 -0.60373 128 128 128
0.679152 1.05382 -0.56659 128 128 128
0.696701 1.02499 -0.559516 128 128 128
0.758745 1.08681 -0.601961 128 128 128
0.769401 1.07378 -0.59975 128 128 128
0.784121 1.06642 -0.601077 128 128 128
0.797149 1.05672 -0.601077 128 128 128
0.810056 1.04686 -0.601077 128 128 128
0.820602 1.03403 -0.599308 128 128 128
0.832093 1.0225 -0.598424 128 128 128
0.844578 1.01221 -0.598424 128 128 128
0.852839 0.997011 -0.595329 128 128 128
0.865603 0.987142 -0.595771 128 128 128
0.880059 0.979106 -0.59754 128 128 128
0.892617 0.96889 -0.597982 128 128 128
0.90444 0.957864 -0.597982 128 128 128
0.916752 0.947335 -0.598424 128 128 128
0.927675 0.935379 -0.597982 128 128 128
0.936518 0.921417 -0.596213 128 128 128
0.954894 0.916665 -0.601077 128 128 128
0.960162 0.899378 -0.597098 128 128 128
0.970462 0.886925 -0.596655 128 128 128
0.987987 0.880896 -0.601077 128 128 128
0.998044 0.86812 -0.600635 128 128 128
1.00588 0.853494 -0.598866 128 128 128
1.01766 0.842226 -0.59975 128 128 128
1.13853 0.669867 -0.59975 128 128 128
1.18723 0.67887 -0.622741 128 128 128
1.25281 0.695872 -0.655017 128 128 128
1.21618 0.656306 -0.629815 128 128 128
1.19868 0.628091 -0.615667 128 128 128
1.20309 0.611718 -0.613899 128 128 128
1.21615 0.599667 -0.616994 128 128 128
1.22747 0.586619 -0.619204 128 128 128
1.24599 0.576751 -0.625394 128 128 128
1.25379 0.561782 -0.625836 128 128 128
1.26306 0.547416 -0.627163 128 128 128
1.27134 0.532563 -0.628047 128 128 128
1.27695 0.516587 -0.627605 128 128 128
1.29491 0.505408 -0.633795 128 128 128
1.30101 0.489479 -0.633795 128 128 128
1.31452 0.476204 -0.637774 128 128 128
1.32111 0.460329 -0.638216 128 128 128
1.32836 0.444647 -0.6391 128 128 128
1.33885 0.429942 -0.641753 128 128 128
1.34917 0.415047 -0.644406 128 128 128
1.35933 0.399962 -0.647059 128 128 128
1.37191 0.385411 -0.651038 128 128 128
1.37654 0.368547 -0.651038 128 128 128
1.3827 0.352064 -0.651922 128 128 128
1.39826 0.337774 -0.65767 128 128 128
1.40842 0.321971 -0.660765 128 128 128
1.4149 0.305223 -0.662091 128 128 128
1.42118 0.288364 -0.663417 128 128 128
1.42725 0.271397 -0.664744 128 128 128
1.43666 0.254941 -0.667839 128 128 128
1.44411 0.238008 -0.670049 128 128 128
1.45224 0.221063 -0.672702 128 128 128
1.45929 0.203833 -0.674913 128 128 128
1.47236 0.187237 -0.680218 128 128 128
1.47544 0.169254 -0.680661 128 128 128
1.48187 0.151579 -0.682871 128 128 128
1.4863 0.133616 -0.684198 128 128 128
1.50035 0.116301 -0.690388 128 128 128
1.50166 0.0978809 -0.690388 128 128 128
1.50365 0.0794906 -0.69083 128 128 128
1.51258 0.0613368 -0.694809 128 128 128
1.52129 0.0429758 -0.698788 128 128 128
1.52349 0.0243277 -0.699672 128 128 128
1.52995 0.00563577 -0.702767 128 128 128
1.54605 -0.0133234 -0.710726 128 128 128
1.54308 -0.0322312 -0.709399 128 128 128
1.55064 -0.0514548 -0.713378 128 128 128
1.55795 -0.0708686 -0.717358 128 128 128
1.55518 -0.0898733 -0.716473 128 128 128
1.56022 -0.109407 -0.719568 128 128 128
1.57306 -0.129764 -0.726642 128 128 128
1.5767 -0.149581 -0.729295 128 128 128
1.58277 -0.169801 -0.733274 128 128 128
1.58235 -0.189429 -0.734159 128 128 128
1.59857 -0.211351 -0.743443 128 128 128
1.60651 -0.232522 -0.748749 128 128 128
1.61948 -0.25477 -0.756707 128 128 128
1.61888 -0.275082 -0.758034 128 128 128
1.62596 -0.296888 -0.763339 128 128 128
1.63452 -0.319258 -0.769529 128 128 128
1.63925 -0.341141 -0.773951 128 128 128
1.64545 -0.363581 -0.779256 128 128 128
1.63912 -0.383333 -0.778372 128 128 128
1.65256 -0.407979 -0.787657 128 128 128
1.65784 -0.430962 -0.792962 128 128 128
1.65675 -0.452466 -0.795173 128 128 128
1.65538 -0.474008 -0.797383 128 128 128
1.65288 -0.495325 -0.799152 128 128 128
1.66293 -0.520703 -0.807553 128 128 128
1.65897 -0.541913 -0.808879 128 128 128
1.65304 -0.562521 -0.809321 128 128 128
1.66206 -0.588491 -0.817722 128 128 128
1.65976 -0.610713 -0.820374 128 128 128
1.65465 -0.632002 -0.821701 128 128 128
1.66927 -0.661232 -0.833638 128 128 128
1.67429 -0.687147 -0.840712 128 128 128
1.6748 -0.71152 -0.845576 128 128 128
1.67169 -0.734558 -0.848671 128 128 128
1.68784 -0.766574 -0.862377 128 128 128
1.68236 -0.789142 -0.864588 128 128 128
1.68707 -0.816797 -0.872546 128 128 128
1.69134 -0.844685 -0.880504 128 128 128
1.68483 -0.867438 -0.882715 128 128 128
1.68514 -0.893958 -0.888905 128 128 128
1.68977 -0.923206 -0.897748 128 128 128
1.17911 -0.984759 -0.705862 128 128 128
1.13771 -0.973988 -0.68685 128 128 128
1.6085 -1.41405 -1.0043 128 128 128
1.603 -1.44452 -1.01226 128 128 128
1.59304 -1.4714 -1.01757 128 128 128
1.58267 -1.49825 -1.02287 128 128 128
1.56223 -1.51568 -1.02154 128 128 128
1.5651 -1.55628 -1.03658 128 128 128
1.55592 -1.58564 -1.04365 128 128 128
1.54625 -1.61499 -1.05073 128 128 128
1.53914 -1.64764 -1.06001 128 128 128
1.53328 -1.68234 -1.07062 128 128 128
1.52263 -1.71244 -1.07814 128 128 128
1.51616 -1.74796 -1.08919 128 128 128
1.50153 -1.77467 -1.0945 128 128 128
1.49502 -1.81167 -1.10643 128 128 128
1.48278 -1.84247 -1.11439 128 128 128
1.46227 -1.86336 -1.11616 128 128 128
1.44745 -1.89186 -1.12279 128 128 128
1.42412 -1.90948 -1.12279 128 128 128
1.41268 -1.94352 -1.13296 128 128 128
1.39441 -1.96877 -1.13783 128 128 128
1.38183 -2.00274 -1.14799 128 128 128
1.37512 -2.04638 -1.16391 128 128 128
1.39447 -2.13148 -1.20415 128 128 128
1.30953 -2.17213 -1.19884 128 128 128
1.29002 -2.20043 -1.20591 128 128 128
1.27576 -2.23872 -1.21874 128 128 128
1.24646 -2.25106 -1.21697 128 128 128
1.22721 -2.282 -1.22581 128 128 128
1.17076 -2.38364 -1.25764 128 128 128
1.13796 -2.39053 -1.25366 128 128 128
1.13212 -2.45567 -1.28152 128 128 128
1.10481 -2.47593 -1.28506 128 128 128
1.08497 -2.51403 -1.29832 128 128 128
1.05851 -2.53792 -1.30407 128 128 128
1.0363 -2.5732 -1.316 128 128 128
1.00755 -2.59325 -1.31998 128 128 128
0.980979 -2.61971 -1.3275 128 128 128
0.953302 -2.64421 -1.33413 128 128 128
0.925462 -2.66928 -1.34121 128 128 128
0.897432 -2.69491 -1.34872 128 128 128
0.874616 -2.7382 -1.36552 128 128 128
0.847215 -2.76932 -1.37613 128 128 128
0.820685 -2.80535 -1.3894 128 128 128
0.791477 -2.83422 -1.39913 128 128 128
0.762371 -2.8654 -1.41018 128 128 128
0.731963 -2.89367 -1.41991 128 128 128
0.70139 -2.92338 -1.43052 128 128 128
0.667831 -2.94227 -1.43582 128 128 128
0.634099 -2.96164 -1.44157 128 128 128
0.599993 -2.98064 -1.44732 128 128 128
0.56568 -3.00012 -1.45351 128 128 128
0.533753 -3.03511 -1.46766 128 128 128
0.499763 -3.0618 -1.47782 128 128 128
0.467448 -3.10318 -1.49551 128 128 128
0.432005 -3.12824 -1.50524 128 128 128
0.397123 -3.16179 -1.51939 128 128 128
0.359787 -3.17979 -1.52602 128 128 128
0.32278 -3.2045 -1.53619 128 128 128
0.285297 -3.22966 -1.5468 128 128 128
0.246644 -3.24634 -1.55343 128 128 128
0.207402 -3.25897 -1.55829 128 128 128
0.168424 -3.28187 -1.56846 128 128 128
0.128983 -3.3061 -1.57952 128 128 128
0.089383 -3.34599 -1.59853 128 128 128
0.0485164 -3.36208 -1.60604 128 128 128
0.00729055 -3.40279 -1.62594 128 128 128
-0.0346002 -3.41428 -1.63169 128 128 128
-0.0767507 -3.42436 -1.63699 128 128 128
-0.119411 -3.44109 -1.64583 128 128 128
-0.129345 -2.77012 -1.31556 128 128 128
-0.204474 -3.44786 -1.65114 128 128 128
-0.248921 -3.47461 -1.66573 128 128 128
-0.290627 -3.46057 -1.66043 128 128 128
-0.333333 -3.45942 -1.66175 128 128 128
-0.362181 -1.26849 -0.598866 128 128 128
-0.410017 -1.20847 -0.577644 128 128 128
-0.417727 -1.13917 -0.546695 128 128 128
-0.438116 -1.1507 -0.555537 128 128 128
-2.92935 -3.40857 -2.16401 128 128 128
-2.96621 -3.36699 -2.16048 128 128 128
-3.00309 -3.32568 -2.15738 128 128 128
-3.05954 -3.30567 -2.16888 128 128 128
-3.10296 -3.27113 -2.17109 128 128 128
-3.13598 -3.22574 -2.16622 128 128 128
-3.1823 -3.194 -2.17109 128 128 128
-3.27855 -3.13289 -2.18391 128 128 128
-3.32266 -3.09792 -2.18789 128 128 128
-3.36906 -3.06475 -2.19364 128 128 128
-3.39433 -3.01247 -2.18568 128 128 128
-3.44597 -2.98349 -2.19541 128 128 128
-3.5413 -2.9907 -2.23343 128 128 128
-3.58074 -2.87652 -2.21265 128 128 128
-3.61083 -2.82849 -2.20955 128 128 128
-3.66096 -2.79593 -2.21928 128 128 128
-3.68923 -2.74651 -2.21574 128 128 128
-1.08773 -0.792967 -0.61213 128 128 128
-1.13476 -0.805932 -0.634679 128 128 128
-1.14823 -0.773849 -0.631142 128 128 128
-3.86123 -2.52198 -2.22193 128 128 128
-3.87522 -2.46383 -2.21221 128 128 128
-3.90211 -2.41421 -2.21044 128 128 128
-3.92606 -2.36291 -2.20734 128 128 128
-4.02373 -2.22416 -2.21486 128 128 128
-4.04281 -2.17038 -2.21044 128 128 128
-4.05243 -2.11192 -2.20115 128 128 128
-4.07324 -2.05961 -2.1985 128 128 128
-4.09337 -2.0071 -2.19585 128 128 128
-4.16815 -1.73546 -2.17418 128 128 128
-4.18331 -1.68184 -2.17109 128 128 128
-4.2304 -1.64073 -2.18524 128 128 128
-4.225 -1.5793 -2.17197 128 128 128
-4.23647 -1.52461 -2.16799 128 128 128
-4.22688 -1.46285 -2.1534 128 128 128
-4.22663 -1.40495 -2.14412 128 128 128
-2.95601 1.08697 -1.60599 128 128 128
-2.92591 1.11686 -1.59668 128 128 128
-2.89059 1.14423 -1.58456 128 128 128
-1.99366 0.818094 -1.0823 128 128 128
-1.98347 0.842498 -1.0823 128 128 128
-2.56855 1.32135 -1.46855 128 128 128
-1.71932 0.911862 -0.972339 128 128 128
-1.71266 0.935434 -0.975134 128 128 128
-1.67867 0.943821 -0.961623 128 128 128
-2.31034 1.41265 -1.3735 128 128 128
-1.53217 0.96343 -0.900587 128 128 128
-1.52172 0.983118 -0.901518 128 128 128
-1.53683 1.0198 -0.918758 128 128 128
-2.15484 1.46757 -1.32038 128 128 128
-2.12578 1.48631 -1.31339 128 128 128
-2.08078 1.49321 -1.29616 128 128 128
-1.99222 1.54387 -1.27472 128 128 128
-1.95233 1.5517 -1.26075 128 128 128
-1.92079 1.56549 -1.25236 128 128 128
-1.88717 1.57703 -1.24257 128 128 128
-1.83877 1.57534 -1.22254 128 128 128
-1.79469 1.57619 -1.2053 128 128 128
-1.70008 1.60777 -1.17967 128 128 128
-1.66941 1.61804 -1.17175 128 128 128
-1.63373 1.62283 -1.16011 128 128 128
-1.605 1.63392 -1.15358 128 128 128
-1.53962 1.64634 -1.13448 128 128 128
-0.551861 1.47088 -0.774787 128 128 128
-0.506862 1.45891 -0.76081 128 128 128
-0.391298 1.4666 -0.746832 128 128 128
-0.302621 1.40879 -0.706296 128 128 128
-0.291825 1.44448 -0.723536 128 128 128
-0.273415 1.44448 -0.721672 128 128 128
-0.254431 1.44075 -0.717945 128 128 128
-0.219663 1.45094 -0.720274 128 128 128
-0.208827 1.50347 -0.746832 128 128 128
-0.116995 1.52315 -0.751957 128 128 128
-0.0939621 1.45825 -0.717013 128 128 128
-0.0797202 1.52822 -0.753355 128 128 128
-0.0589402 1.47957 -0.727263 128 128 128
-0.0408044 1.48107 -0.727729 128 128 128
-0.0225976 1.47969 -0.726797 128 128 128
-0.00439575 1.46923 -0.721206 128 128 128
0.0133259 1.43202 -0.701637 128 128 128
0.031899 1.4804 -0.727263 128 128 128
0.0503249 1.48786 -0.731456 128 128 128
0.0681803 1.47829 -0.726797 128 128 128
0.0865191 1.48087 -0.728661 128 128 128
0.103207 1.45852 -0.717479 128 128 128
0.121242 1.4589 -0.718411 128 128 128
0.13897 1.45554 -0.717479 128 128 128
0.156351 1.44933 -0.715149 128 128 128
0.172762 1.43588 -0.709092 128 128 128
0.189676 1.42839 -0.706296 128 128 128
0.207316 1.42683 -0.706762 128 128 128
0.223028 1.41281 -0.700705 128 128 128
0.239609 1.40561 -0.698376 128 128 128
0.257633 1.40691 -0.700705 128 128 128
0.270987 1.38367 -0.689989 128 128 128
0.288666 1.38371 -0.691853 128 128 128
0.304672 1.37574 -0.689523 128 128 128
0.321934 1.37362 -0.690455 128 128 128
0.335804 1.35754 -0.683932 128 128 128
0.352438 1.35332 -0.683932 128 128 128
0.365297 1.33523 -0.676477 128 128 128
0.373147 1.30087 -0.66017 128 128 128
0.385534 1.28432 -0.653647 128 128 128
0.423695 1.35128 -0.693251 128 128 128
0.441342 1.34935 -0.695114 128 128 128
0.448478 1.31618 -0.679739 128 128 128
0.46607 1.31475 -0.682069 128 128 128
0.482752 1.2624 -0.659238 128 128 128
0.651057 1.12448 -0.631749 128 128 128
0.667518 1.12097 -0.634544 128 128 128
0.677996 1.1074 -0.631283 128 128 128
0.690123 1.09675 -0.629885 128 128 128
0.709764 1.09787 -0.635942 128 128 128
0.723184 1.08908 -0.635942 128 128 128
0.728531 1.06841 -0.628487 128 128 128
0.736014 1.05141 -0.623362 128 128 128
0.750923 1.04518 -0.625226 128 128 128
0.763168 1.03517 -0.62476 128 128 128
0.778479 1.02926 -0.62709 128 128 128
0.798633 1.02943 -0.633612 128 128 128
0.813957 1.02301 -0.635942 128 128 128
0.828684 1.01569 -0.637806 128 128 128
0.831447 0.993898 -0.629885 128 128 128
0.843581 0.98362 -0.629885 128 128 128
0.856755 0.974524 -0.630817 128 128 128
0.870424 0.965911 -0.632215 128 128 128
0.883411 0.956458 -0.633147 128 128 128
0.894474 0.944902 -0.632681 128 128 128
0.906617 0.93449 -0.633147 128 128 128
0.911785 0.917013 -0.628487 128 128 128
0.929278 0.911959 -0.633147 128 128 128
0.942314 0.902325 -0.634544 128 128 128
0.958483 0.895532 -0.638272 128 128 128
0.968747 0.883105 -0.637806 128 128 128
0.975548 0.867618 -0.63501 128 128 128
0.984119 0.85384 -0.633612 128 128 128
1.10919 0.706867 -0.640135 128 128 128
1.09749 0.680589 -0.627555 128 128 128
1.12999 0.681722 -0.642465 128 128 128
1.14361 0.670944 -0.645726 128 128 128
1.14331 0.652029 -0.640601 128 128 128
1.17907 0.65342 -0.657375 128 128 128
1.17532 0.632599 -0.650386 128 128 128
1.17045 0.611558 -0.642931 128 128 128
1.20812 0.593996 -0.656443 128 128 128
1.23049 0.586374 -0.665295 128 128 128
1.23839 0.571602 -0.665761 128 128 128
1.24451 0.556 -0.665295 128 128 128
1.23338 0.532945 -0.655045 128 128 128
1.26349 0.527684 -0.668557 128 128 128
1.27971 0.516121 -0.674148 128 128 128
1.2876 0.501021 -0.67508 128 128 128
1.30939 0.491103 -0.683932 128 128 128
1.307 0.471983 -0.679273 128 128 128
1.31603 0.457074 -0.681137 128 128 128
1.3207 0.440609 -0.680671 128 128 128
1.32938 0.425451 -0.682534 128 128 128
1.3345 0.409105 -0.682534 128 128 128
1.34961 0.395696 -0.688125 128 128 128
1.36032 0.38078 -0.691387 128 128 128
1.36575 0.364287 -0.691853 128 128 128
1.37183 0.347936 -0.692785 128 128 128
1.38288 0.332739 -0.696512 128 128 128
1.39979 0.318703 -0.703501 128 128 128
1.4036 0.301501 -0.703501 128 128 128
1.4176 0.286367 -0.709092 128 128 128
1.43057 0.270769 -0.714217 128 128 128
1.43204 0.252884 -0.713285 128 128 128
1.43766 0.235723 -0.714683 128 128 128
1.45619 0.220463 -0.72307 128 128 128
1.44476 0.200616 -0.715615 128 128 128
1.4594 0.184436 -0.722138 128 128 128
1.45804 0.166109 -0.720274 128 128 128
1.46613 0.148836 -0.723536 128 128 128
1.47666 0.131627 -0.728195 128 128 128
1.47993 0.113634 -0.729127 128 128 128
1.48298 0.0955795 -0.730059 128 128 128
1.49287 0.0778432 -0.734718 128 128 128
1.4999 0.05977 -0.737979 128 128 128
1.50052 0.0413594 -0.737979 128 128 128
1.50446 0.023 -0.739843 128 128 128
1.50905 0.00455385 -0.742173 128 128 128
1.51253 -0.0139943 -0.744036 128 128 128
1.52286 -0.0327727 -0.749627 128 128 128
1.53207 -0.0517777 -0.754753 128 128 128
1.53928 -0.0709339 -0.758946 128 128 128
1.54978 -0.0904776 -0.765003 128 128 128
1.55384 -0.109858 -0.767798 128 128 128
1.55943 -0.129498 -0.771526 128 128 128
1.57006 -0.14979 -0.778049 128 128 128
1.5769 -0.169986 -0.782708 128 128 128
1.58436 -0.190477 -0.787833 128 128 128
1.5898 -0.210946 -0.792026 128 128 128
1.5941 -0.23145 -0.795754 128 128 128
1.59726 -0.251954 -0.799015 128 128 128
1.60975 -0.274197 -0.807402 128 128 128
1.61236 -0.29504 -0.810663 128 128 128
1.61643 -0.316326 -0.814857 128 128 128
1.62369 -0.338476 -0.820914 128 128 128
1.63237 -0.361232 -0.827903 128 128 128
1.63471 -0.382845 -0.83163 128 128 128
1.63333 -0.403723 -0.833494 128 128 128
1.63596 -0.425735 -0.837687 128 128 128
1.63232 -0.446244 -0.838619 128 128 128
1.62927 -0.46697 -0.840017 128 128 128
1.63506 -0.512355 -0.849801 128 128 128
1.64211 -0.536769 -0.857256 128 128 128
1.6421 -0.559156 -0.860983 128 128 128
1.61342 -0.571601 -0.848869 128 128 128
1.67678 -0.68831 -0.901984 128 128 128
1.6568 -0.703999 -0.895461 128 128 128
1.64641 -0.723567 -0.89453 128 128 128
1.6495 -0.749196 -0.901518 128 128 128
1.63297 -0.766005 -0.897325 128 128 128
1.59715 -0.773283 -0.88195 128 128 128
1.6509 -0.8244 -0.919224 128 128 128
1.60191 -1.47825 -1.09534 128 128 128
1.61195 -1.52453 -1.11584 128 128 128
1.58613 -1.53742 -1.11072 128 128 128
1.57217 -1.56176 -1.11445 128 128 128
1.58267 -1.61121 -1.13681 128 128 128
1.56461 -1.63243 -1.13821 128 128 128
1.56744 -1.67605 -1.15591 128 128 128
1.54318 -1.69124 -1.15312 128 128 128
1.44577 -1.83982 -1.17967 128 128 128
1.1422 -2.39371 -1.34415 128 128 128
1.13652 -2.45893 -1.37396 128 128 128
1.09132 -2.52181 -1.39447 128 128 128
1.06712 -2.55133 -1.40378 128 128 128
1.04171 -2.579 -1.41217 128 128 128
0.914465 -2.73619 -1.46668 128 128 128
0.872702 -2.72194 -1.45271 128 128 128
0.839234 -2.73244 -1.45271 128 128 128
0.821128 -2.79516 -1.48159 128 128 128
0.790117 -2.81695 -1.48812 128 128 128
0.761669 -2.84951 -1.5007 128 128 128
0.730357 -2.87322 -1.50862 128 128 128
0.698577 -2.89659 -1.51654 128 128 128
0.662979 -2.90494 -1.51654 128 128 128
0.630268 -2.9267 -1.52399 128 128 128
0.600819 -2.9663 -1.54123 128 128 128
0.57099 -3.00822 -1.55987 128 128 128
0.536816 -3.03068 -1.56825 128 128 128
0.503906 -3.06323 -1.58223 128 128 128
0.468677 -3.08493 -1.59062 128 128 128
0.434584 -3.11761 -1.60506 128 128 128
0.397859 -3.135 -1.61159 128 128 128
0.36057 -3.15019 -1.61718 128 128 128
0.32378 -3.17286 -1.62696 128 128 128
0.285693 -3.18629 -1.63209 128 128 128
0.246571 -3.18956 -1.63209 128 128 128
0.210126 -3.23384 -1.65398 128 128 128
0.172585 -3.27682 -1.67542 128 128 128
0.130592 -3.23537 -1.65259 128 128 128
-2.83017 -3.47436 -2.30721 128 128 128
-2.86522 -3.43053 -2.30115 128 128 128
-2.93587 -3.42873 -2.32445 128 128 128
-2.95847 -3.37049 -2.30907 128 128 128
-3.01321 -3.34907 -2.31979 128 128 128
-3.12062 -3.30177 -2.33982 128 128 128
-3.21318 -3.23675 -2.34914 128 128 128
-3.28041 -3.22438 -2.36964 128 128 128
-3.31271 -3.17714 -2.36452 128 128 128
-3.36566 -3.14955 -2.37477 128 128 128
-3.41124 -3.11458 -2.37989 128 128 128
-3.53301 -2.99492 -2.38642 128 128 128
-3.58041 -2.96037 -2.39387 128 128 128
-3.62335 -2.92176 -2.39853 128 128 128
-3.65754 -2.87599 -2.3976 128 128 128
-3.69256 -2.83089 -2.3976 128 128 128
-1.15397 -0.817825 -0.692319 128 128 128
-3.82775 -2.64679 -2.39806 128 128 128
-1.16342 -0.782336 -0.685796 128 128 128
-3.89155 -2.55206 -2.39806 128 128 128
-3.92257 -2.50411 -2.39806 128 128 128
-4.19418 -1.93968 -2.38083 128 128 128
-4.20879 -1.88408 -2.3757 128 128 128
-2.08025 0.862445 -1.20083 128 128 128
-2.04224 0.876143 -1.18429 128 128 128
-2.76543 1.22853 -1.63186 128 128 128
-2.70491 1.24153 -1.60413 128 128 128
-2.57164 1.29684 -1.55062 128 128 128
-1.65654 0.965413 -1.01451 128 128 128
-1.34563 0.828214 -0.826724 128 128 128
-1.57492 0.997117 -0.984833 128 128 128
-1.55086 1.00872 -0.977049 128 128 128
-1.56303 1.04423 -0.993589 128 128 128
-2.15936 1.48336 -1.40564 128 128 128
-2.12744 1.50016 -1.3964 128 128 128
-2.07706 1.50305 -1.37451 128 128 128
-2.04585 1.51903 -1.36575 128 128 128
-1.94906 1.56155 -1.33754 128 128 128
-1.90818 1.56756 -1.32197 128 128 128
-1.88279 1.58579 -1.31759 128 128 128
-1.83744 1.58646 -1.29862 128 128 128
-1.79497 1.58858 -1.28159 128 128 128
-1.74433 1.58225 -1.25824 128 128 128
-1.71137 1.59102 -1.24802 128 128 128
-1.64997 1.61114 -1.231 128 128 128
-1.62761 1.62879 -1.22905 128 128 128
-1.58863 1.62921 -1.21397 128 128 128
-1.56551 1.64541 -1.21154 128 128 128
-1.53986 1.65872 -1.20716 128 128 128
-1.49891 1.65479 -1.19013 128 128 128
-1.45367 1.64486 -1.16921 128 128 128
-0.275313 1.47333 -0.781481 128 128 128
-0.00106651 1.46213 -0.761048 128 128 128
0.0166096 1.44369 -0.750832 128 128 128
0.0347227 1.45823 -0.759102 128 128 128
0.0516933 1.43412 -0.745967 128 128 128
0.0692435 1.4325 -0.745481 128 128 128
0.118615 1.39156 -0.724562 128 128 128
0.153516 1.39518 -0.728453 128 128 128
0.179581 1.33214 -0.695372 128 128 128
0.234847 1.36077 -0.715805 128 128 128
0.263505 1.42132 -0.751805 128 128 128
0.269895 1.36316 -0.72067 128 128 128
0.286602 1.35974 -0.72067 128 128 128
0.303654 1.35783 -0.721643 128 128 128
0.320497 1.35485 -0.722129 128 128 128
0.334957 1.34234 -0.717264 128 128 128
0.347137 1.32209 -0.708021 128 128 128
0.353469 1.28239 -0.687588 128 128 128
0.401952 1.3293 -0.720183 128 128 128
0.420626 1.33176 -0.724562 128 128 128
0.435282 1.32153 -0.721643 128 128 128
0.442312 1.28967 -0.706075 128 128 128
0.468767 1.31373 -0.723589 128 128 128
0.49986 1.34798 -0.747427 128 128 128
0.5155 1.29235 -0.721643 128 128 128
0.531656 1.28673 -0.722129 128 128 128
0.53045 1.2408 -0.698291 128 128 128
0.54279 1.22781 -0.694399 128 128 128
0.557816 1.22106 -0.694399 128 128 128
0.570507 1.20939 -0.69148 128 128 128
0.580685 1.19289 -0.685643 128 128 128
0.596858 1.18879 -0.687588 128 128 128
0.60736 1.17363 -0.682724 128 128 128
0.575808 1.08066 -0.628723 128 128 128
0.623712 1.1362 -0.668615 128 128 128
0.642364 1.13681 -0.673967 128 128 128
0.654941 1.12658 -0.672507 128 128 128
0.669168 1.11921 -0.672994 128 128 128
0.681472 1.10868 -0.671534 128 128 128
0.690335 1.09287 -0.666669 128 128 128
0.746245 1.1494 -0.709967 128 128 128
0.72474 1.0872 -0.674453 128 128 128
0.738027 1.07823 -0.674453 128 128 128
0.742118 1.05625 -0.665697 128 128 128
0.760158 1.05413 -0.670561 128 128 128
0.771993 1.04332 -0.669588 128 128 128
0.785799 1.03516 -0.670561 128 128 128
0.798443 1.02544 -0.670561 128 128 128
0.810419 1.01488 -0.670075 128 128 128
0.825036 1.00756 -0.672021 128 128 128
0.836774 0.996691 -0.671534 128 128 128
0.844936 0.981726 -0.668129 128 128 128
0.865623 0.981081 -0.675426 128 128 128
0.86701 0.958756 -0.666669 128 128 128
0.876922 0.946128 -0.66521 128 128 128
0.897525 0.944767 -0.672507 128 128 128
0.892538 0.916835 -0.659372 128 128 128
0.906818 0.908895 -0.661805 128 128 128
0.935451 0.914744 -0.675426 128 128 128
0.955694 0.889732 -0.673967 128 128 128
0.963297 0.87501 -0.671534 128 128 128
0.977897 0.866587 -0.674453 128 128 128
1.02491 0.885826 -0.70121 128 128 128
1.00959 0.851303 -0.682237 128 128 128
1.08288 0.890254 -0.72748 128 128 128
1.09373 0.876899 -0.72748 128 128 128
1.11261 0.826708 -0.718724 128 128 128
1.14395 0.828298 -0.733318 128 128 128
1.09466 0.752681 -0.686616 128 128 128
1.09373 0.713246 -0.673967 128 128 128
1.09378 0.675686 -0.662778 128 128 128
1.08173 0.650131 -0.649642 128 128 128
1.11305 0.650393 -0.664724 128 128 128
1.11638 0.634112 -0.661805 128 128 128
1.12331 0.619945 -0.661318 128 128 128
1.16401 0.623748 -0.682237 128 128 128
1.16226 0.604609 -0.676399 128 128 128
1.19069 0.60086 -0.689534 128 128 128
1.2074 0.59078 -0.695372 128 128 128
1.22233 0.561333 -0.695859 128 128 128
1.22193 0.543121 -0.69148 128 128 128
1.19957 0.515758 -0.673967 128 128 128
1.24055 0.515297 -0.694886 128 128 128
1.26545 0.507454 -0.706075 128 128 128
1.24793 0.482822 -0.691967 128 128 128
1.38736 0.516789 -0.771264 128 128 128
1.30123 0.448985 -0.713372 128 128 128
1.32491 0.438972 -0.724075 128 128 128
1.32353 0.420584 -0.720183 128 128 128
1.32524 0.403304 -0.718237 128 128 128
1.33597 0.388701 -0.721643 128 128 128
1.34485 0.373433 -0.724075 128 128 128
1.3468 0.356239 -0.722616 128 128 128
1.37057 0.344523 -0.733805 128 128 128
1.37725 0.328278 -0.735264 128 128 128
1.37094 0.309079 -0.729426 128 128 128
1.40627 0.298856 -0.747427 128 128 128
1.4004 0.279722 -0.742075 128 128 128
1.4063 0.26299 -0.743535 128 128 128
1.41287 0.246303 -0.745481 128 128 128
1.44858 0.234146 -0.763967 128 128 128
1.43319 0.213701 -0.753751 128 128 128
1.44869 0.197832 -0.761048 128 128 128
1.45708 0.180774 -0.764454 128 128 128
1.45745 0.162691 -0.763481 128 128 128
1.45847 0.14471 -0.762994 128 128 128
1.46362 0.127094 -0.76494 128 128 128
1.4703 0.109497 -0.767859 128 128 128
1.47414 0.091601 -0.769318 128 128 128
1.48563 0.0739949 -0.775156 128 128 128
1.4873 0.0557885 -0.775643 128 128 128
1.48962 0.0375718 -0.776616 128 128 128
1.48822 0.0192715 -0.775643 128 128 128
1.50582 0.000967873 -0.785373 128 128 128
1.50397 -0.0174855 -0.7844 128 128 128
1.50364 -0.0359402 -0.7844 128 128 128
1.50571 -0.0544919 -0.785859 128 128 128
1.51016 -0.0732342 -0.788778 128 128 128
1.53792 -0.0935937 -0.804832 128 128 128
1.54363 -0.112989 -0.808724 128 128 128
1.54473 -0.132154 -0.810183 128 128 128
1.55951 -0.152765 -0.819427 128 128 128
1.55231 -0.171301 -0.816508 128 128 128
1.57263 -0.193169 -0.829156 128 128 128
1.57447 -0.213051 -0.831589 128 128 128
1.57951 -0.233528 -0.835967 128 128 128
1.58084 -0.253597 -0.8384 128 128 128
1.58191 -0.273734 -0.840832 128 128 128
1.58959 -0.29523 -0.847157 128 128 128
1.59613 -0.316783 -0.852994 128 128 128
1.58016 -0.333785 -0.846184 128 128 128
1.59384 -0.357212 -0.8564 128 128 128
1.58764 -0.376336 -0.855427 128 128 128
1.60492 -0.40136 -0.868075 128 128 128
1.60578 -0.422596 -0.871481 128 128 128
1.59795 -0.441565 -0.870021 128 128 128
1.61841 -0.468744 -0.885103 128 128 128
1.61086 -0.488058 -0.88413 128 128 128
1.61557 -0.511243 -0.890454 128 128 128
1.6813 -0.555036 -0.932778 128 128 128
1.59181 -0.547018 -0.88413 128 128 128
1.6121 -0.576285 -0.900184 128 128 128
1.63764 -0.608275 -0.919643 128 128 128
1.61946 -0.624214 -0.913319 128 128 128
1.61063 -0.689974 -0.922562 128 128 128
1.64354 -0.728191 -0.947859 128 128 128
1.64241 -0.751962 -0.952724 128 128 128
1.59361 -0.753293 -0.9284 128 128 128
1.61013 -0.785497 -0.944454 128 128 128
1.54424 -0.776787 -0.909427 128 128 128
1.57797 -0.818309 -0.93667 128 128 128
1.61707 -0.864082 -0.967805 128 128 128
1.5964 -0.878362 -0.961481 128 128 128
1.53058 -0.942755 -0.947859 128 128 128
1.15115 -0.943418 -0.775643 128 128 128
1.11946 -0.940552 -0.761048 128 128 128
1.56151 -1.41579 -1.12056 128 128 128
1.55487 -1.44498 -1.12883 128 128 128
1.54397 -1.4706 -1.13418 128 128 128
1.65496 -1.61603 -1.23489 128 128 128
1.54419 -1.58346 -1.17845 128 128 128
1.53065 -1.60863 -1.18332 128 128 128
1.51614 -1.63307 -1.1877 128 128 128
1.51295 -1.67036 -1.20181 128 128 128
1.49754 -1.6947 -1.20618 128 128 128
1.48915 -1.72754 -1.21689 128 128 128
1.47233 -1.75104 -1.22078 128 128 128
1.45681 -1.77642 -1.22613 128 128 128
1.44306 -1.80441 -1.23343 128 128 128
1.43528 -1.84061 -1.24656 128 128 128
1.41681 -1.86366 -1.25045 128 128 128
1.39902 -1.88793 -1.25532 128 128 128
1.38085 -1.91205 -1.26018 128 128 128
1.38687 -1.97107 -1.28889 128 128 128
1.36356 -1.98938 -1.28986 128 128 128
1.34533 -2.01542 -1.29618 128 128 128
1.33759 -2.05818 -1.3137 128 128 128
1.31782 -2.08331 -1.31954 128 128 128
1.23803 -2.18809 -1.34678 128 128 128
1.21864 -2.21691 -1.35554 128 128 128
1.20037 -2.24867 -1.36624 128 128 128
1.20593 -2.32768 -1.40662 128 128 128
1.14955 -2.43453 -1.44602 128 128 128
1.10728 -2.42142 -1.42948 128 128 128
1.07713 -2.43402 -1.429 128 128 128
1.06704 -2.49368 -1.45721 128 128 128
0.628387 -2.80805 -1.54916 128 128 128
0.599788 -2.84377 -1.56521 128 128 128
0.587932 -2.96837 -1.63186 128 128 128
0.555885 -2.99942 -1.64548 128 128 128
0.522868 -3.0284 -1.65813 128 128 128
0.488813 -3.05444 -1.66932 128 128 128
0.456975 -3.09911 -1.69121 128 128 128
0.417753 -3.09583 -1.68635 128 128 128
0.382041 -3.1198 -1.69705 128 128 128
0.344765 -3.13381 -1.7024 128 128 128
0.307203 -3.14737 -1.70775 128 128 128
0.265491 -3.11434 -1.68732 128 128 128
-0.213627 -1.33595 -0.700237 128 128 128
-0.289346 -1.29478 -0.685643 128 128 128
-0.287687 -1.21807 -0.643805 128 128 128
-0.308396 -1.23731 -0.65694 128 128 128
-0.347019 -1.14967 -0.615588 128 128 128
-0.361332 -1.09936 -0.591264 128 128 128
-0.372221 -1.08742 -0.586886 128 128 128
-0.403695 -1.09105 -0.594669 128 128 128
-0.461669 -1.15862 -0.641372 128 128 128
-0.490644 -1.18835 -0.662778 128 128 128
-0.496539 -1.16218 -0.650615 128 128 128
-3.31817 -3.22921 -2.52505 128 128 128
-3.3436 -3.17502 -2.51435 128 128 128
-3.38423 -3.13553 -2.51581 128 128 128
-3.43153 -3.10196 -2.52262 128 128 128
-3.48377 -3.07232 -2.53332 128 128 128
-3.5106 -3.02023 -2.52554 128 128 128
-3.61547 -2.95914 -2.5484 128 128 128
-3.63989 -2.9053 -2.54013 128 128 128
-3.68355 -2.86684 -2.54597 128 128 128
-3.72681 -2.82775 -2.55181 128 128 128
-3.76123 -2.78181 -2.55181 128 128 128
-3.7731 -2.71962 -2.53673 128 128 128
-3.91735 -2.67991 -2.58976 128 128 128
-1.17875 -0.789018 -0.736724 128 128 128
-3.93794 -2.55448 -2.56057 128 128 128
-3.95864 -2.49944 -2.55376 128 128 128
-3.99572 -2.45478 -2.55813 128 128 128
-4.02179 -2.40333 -2.5557 128 128 128
-4.08565 -2.30733 -2.55959 128 128 128
-4.10216 -2.25073 -2.5523 128 128 128
-4.12021 -2.1953 -2.54646 128 128 128
-4.14995 -2.14617 -2.5484 128 128 128
-4.16113 -2.08766 -2.53916 128 128 128
-4.21001 -2.04788 -2.55376 128 128 128
-4.28889 -1.7699 -2.5304 128 128 128
-4.27293 -1.7023 -2.50803 128 128 128
-4.27474 -1.64255 -2.49684 128 128 128
-4.30195 -1.59269 -2.50122 128 128 128
-4.33352 -1.54416 -2.50851 128 128 128
-4.3323 -1.48409 -2.49684 128 128 128
-4.37841 -1.44007 -2.51338 128 128 128
-2.57436 1.32096 -1.66037 128 128 128
-2.54883 1.34763 -1.65426 128 128 128
-2.50413 1.3636 -1.63539 128 128 128
-2.4707 1.38498 -1.62418 128 128 128
-2.40804 1.389 -1.59308 128 128 128
-1.57391 0.960667 -1.03843 128 128 128
-1.55398 0.974886 -1.03282 128 128 128
-1.5759 1.01576 -1.05678 128 128 128
-2.22575 1.47286 -1.52732 128 128 128
-2.19612 1.49233 -1.51916 128 128 128
-2.15647 1.50441 -1.50387 128 128 128
-2.12525 1.52176 -1.49469 128 128 128
-2.03847 1.53671 -1.4585 128 128 128
-0.238882 1.44754 -0.815138 128 128 128
-0.211965 1.39084 -0.779453 128 128 128
-0.172837 1.35722 -0.756512 128 128 128
-0.149429 1.30113 -0.721846 128 128 128
-0.134514 1.31313 -0.727964 128 128 128
-0.124795 1.38494 -0.769767 128 128 128
-0.107926 1.38808 -0.770786 128 128 128
-0.0742932 1.3989 -0.775884 128 128 128
-0.0560416 1.37392 -0.76059 128 128 128
-0.0392027 1.37537 -0.7611 128 128 128
-0.0220095 1.35768 -0.750395 128 128 128
-0.00532117 1.35269 -0.747336 128 128 128
0.0113412 1.36125 -0.752434 128 128 128
0.0282801 1.37305 -0.759571 128 128 128
0.0453736 1.38034 -0.764159 128 128 128
0.0626502 1.38741 -0.768747 128 128 128
0.0786538 1.3685 -0.758042 128 128 128
0.0952646 1.36486 -0.756512 128 128 128
0.112632 1.37131 -0.7611 128 128 128
0.133533 1.41351 -0.7871 128 128 128
0.144169 1.34845 -0.749375 128 128 128
0.180229 1.36754 -0.763139 128 128 128
0.198461 1.37544 -0.769257 128 128 128
0.217708 1.38821 -0.778433 128 128 128
0.239297 1.41258 -0.794747 128 128 128
0.413679 1.2689 -0.73663 128 128 128
0.422876 1.24498 -0.724905 128 128 128
0.45241 1.28027 -0.750395 128 128 128
0.466904 1.27139 -0.748355 128 128 128
0.482777 1.26637 -0.748865 128 128 128
0.494496 1.25075 -0.742748 128 128 128
0.507856 1.23981 -0.739689 128 128 128
0.523032 1.23348 -0.739689 128 128 128
0.537784 1.22618 -0.739179 128 128 128
0.549956 1.21322 -0.735101 128 128 128
0.565895 1.20872 -0.73663 128 128 128
0.617291 1.1658 -0.727454 128 128 128
0.631551 1.15814 -0.727454 128 128 128
0.641933 1.14355 -0.722866 128 128 128
0.657636 1.13856 -0.724905 128 128 128
0.697434 1.17407 -0.754983 128 128 128
0.690303 1.13016 -0.730513 128 128 128
0.693618 1.10484 -0.718787 128 128 128
0.705262 1.09335 -0.716748 128 128 128
0.719574 1.08605 -0.717768 128 128 128
0.731881 1.07571 -0.716748 128 128 128
0.744043 1.06524 -0.715729 128 128 128
0.754057 1.05183 -0.71267 128 128 128
0.766398 1.0418 -0.71216 128 128 128
0.779643 1.03301 -0.71267 128 128 128
0.793312 1.02472 -0.71369 128 128 128
0.799951 1.00749 -0.708082 128 128 128
0.822561 1.01029 -0.717768 128 128 128
0.823885 0.986895 -0.707572 128 128 128
0.847665 0.990449 -0.718278 128 128 128
0.852956 0.972205 -0.71216 128 128 128
0.864248 0.961024 -0.71165 128 128 128
0.880635 0.955412 -0.715729 128 128 128
0.894653 0.947037 -0.717768 128 128 128
0.894851 0.924231 -0.708082 128 128 128
0.909757 0.916848 -0.711141 128 128 128
0.915425 0.90018 -0.706553 128 128 128
0.938804 0.900805 -0.716748 128 128 128
0.939123 0.87921 -0.708082 128 128 128
0.953648 0.871104 -0.711141 128 128 128
0.94566 0.842716 -0.696357 128 128 128
0.978631 0.850829 -0.714199 128 128 128
0.989654 0.839313 -0.714709 128 128 128
0.99723 0.824909 -0.71267 128 128 128
0.978512 0.78935 -0.690749 128 128 128
1.16881 0.787718 -0.780982 128 128 128
1.15467 0.757714 -0.764159 128 128 128
1.24226 0.593566 -0.76161 128 128 128
1.25335 0.580088 -0.764159 128 128 128
1.31002 0.420718 -0.7611 128 128 128
1.2781 0.393186 -0.73816 128 128 128
1.28035 0.376741 -0.73663 128 128 128
1.3122 0.36871 -0.753453 128 128 128
1.31247 0.351462 -0.750904 128 128 128
1.33086 0.338955 -0.759571 128 128 128
1.34495 0.325033 -0.765688 128 128 128
1.34381 0.307348 -0.76263 128 128 128
1.42428 0.289247 -0.806982 128 128 128
1.43025 0.272232 -0.808511 128 128 128
1.36473 0.00538161 -0.754473 128 128 128
1.40887 -0.0809307 -0.782002 128 128 128
1.46785 -0.102342 -0.817687 128 128 128
1.54538 -0.126742 -0.864588 128 128 128
1.54456 -0.145777 -0.865098 128 128 128
1.55121 -0.165625 -0.870196 128 128 128
1.53966 -0.183537 -0.864588 128 128 128
1.53218 -0.201749 -0.861529 128 128 128
1.54151 -0.222243 -0.868666 128 128 128
1.55737 -0.244056 -0.879882 128 128 128
1.54492 -0.261578 -0.874274 128 128 128
1.56699 -0.285113 -0.889568 128 128 128
1.5752 -0.306612 -0.896705 128 128 128
1.59238 -0.330267 -0.90945 128 128 128
1.58401 -0.348862 -0.906901 128 128 128
1.58966 -0.370609 -0.913018 128 128 128
1.6134 -0.397053 -0.930351 128 128 128
1.58592 -0.411015 -0.916587 128 128 128
1.57577 -0.429094 -0.913528 128 128 128
1.57784 -0.450518 -0.918116 128 128 128
1.54993 -0.463216 -0.904352 128 128 128
1.53263 -0.478621 -0.897215 128 128 128
1.53564 -0.500316 -0.902823 128 128 128
1.5082 -0.511953 -0.889568 128 128 128
1.50099 -0.530136 -0.889058 128 128 128
1.48791 -0.54615 -0.88498 128 128 128
1.56823 -0.829806 -0.997134 128 128 128
1.65845 -0.903656 -1.06494 128 128 128
1.5549 -0.872245 -1.00223 128 128 128
1.6266 -1.25818 -1.16435 128 128 128
1.10232 -0.966849 -0.814628 128 128 128
1.09229 -0.982027 -0.816158 128 128 128
1.53735 -1.41581 -1.18423 128 128 128
1.53616 -1.52289 -1.22756 128 128 128
1.53065 -1.5551 -1.23878 128 128 128
1.52158 -1.58431 -1.24744 128 128 128
1.50674 -1.60788 -1.25152 128 128 128
1.4927 -1.6326 -1.25662 128 128 128
1.4823 -1.6617 -1.26528 128 128 128
1.47479 -1.69468 -1.27701 128 128 128
1.45611 -1.71527 -1.27905 128 128 128
1.45308 -1.75487 -1.29587 128 128 128
1.43468 -1.77658 -1.29893 128 128 128
1.41756 -1.80013 -1.30352 128 128 128
1.40271 -1.82694 -1.31066 128 128 128
1.39411 -1.86261 -1.32442 128 128 128
1.38181 -1.89416 -1.33513 128 128 128
1.36694 -1.92289 -1.34379 128 128 128
1.36138 -1.96568 -1.36266 128 128 128
-3.2355 -3.34725 -2.70443 128 128 128
-3.27088 -3.30179 -2.69984 128 128 128
-3.31177 -3.26201 -2.70035 128 128 128
-3.35837 -3.22768 -2.70596 128 128 128
-3.42094 -3.20801 -2.72482 128 128 128
-3.46005 -3.16578 -2.72482 128 128 128
-3.54059 -3.08331 -2.72788 128 128 128
-3.59848 -3.0569 -2.74368 128 128 128
-3.63572 -3.01251 -2.74368 128 128 128
-3.67977 -2.97362 -2.74929 128 128 128
-3.72342 -2.9341 -2.7549 128 128 128
-3.75983 -2.88871 -2.75541 128 128 128
-3.848 -2.88208 -2.79466 128 128 128
-3.88169 -2.83363 -2.79364 128 128 128
-1.13862 -0.808681 -0.773335 128 128 128
-1.1527 -0.797589 -0.776394 128 128 128
-3.95128 -2.66716 -2.7707 128 128 128
-1.19564 -0.784661 -0.793217 128 128 128
-4.0025 -2.56104 -2.76153 128 128 128
-4.0548 -2.52493 -2.77631 128 128 128
-4.09872 -2.483 -2.78549 128 128 128
-1.60442 1.02444 -1.13413 128 128 128
-2.23327 1.467 -1.6141 128 128 128
-2.19684 1.48194 -1.60033 128 128 128
-2.17152 1.50394 -1.59503 128 128 128
-2.13081 1.51471 -1.57808 128 128 128
-2.10385 1.53474 -1.57172 128 128 128
-2.05366 1.53701 -1.54735 128 128 128
-2.01516 1.54708 -1.53199 128 128 128
-1.98072 1.5596 -1.5198 128 128 128
-1.92321 1.55282 -1.48907 128 128 128
-1.89032 1.56492 -1.47795 128 128 128
-1.86451 1.5825 -1.47265 128 128 128
-1.83026 1.59243 -1.46047 128 128 128
-1.79352 1.59949 -1.44616 128 128 128
-1.73501 1.58583 -1.41332 128 128 128
-1.71171 1.60352 -1.41014 128 128 128
-1.60702 1.54259 -1.3365 128 128 128
-1.63021 1.60392 -1.37358 128 128 128
-1.61875 1.63225 -1.381 128 128 128
-0.11571 1.39075 -0.816794 128 128 128
0.00400792 1.39046 -0.813616 128 128 128
0.0379484 1.38401 -0.809907 128 128 128
0.122979 1.38161 -0.811497 128 128 128
0.210449 1.39075 -0.823681 128 128 128
0.226241 1.38053 -0.818913 128 128 128
0.242415 1.37348 -0.816265 128 128 128
0.292804 1.36362 -0.816265 128 128 128
0.340897 1.34453 -0.811497 128 128 128
0.443436 1.22894 -0.761168 128 128 128
0.480109 1.28052 -0.799312 128 128 128
0.489275 1.25795 -0.788187 128 128 128
0.504036 1.25028 -0.787127 128 128 128
0.518682 1.24244 -0.786068 128 128 128
0.532873 1.23365 -0.784478 128 128 128
0.545881 1.22238 -0.7813 128 128 128
0.55762 1.20867 -0.776532 128 128 128
0.572043 1.20097 -0.776002 128 128 128
0.583724 1.18778 -0.771764 128 128 128
0.587835 1.16013 -0.75746 128 128 128
0.622195 1.15654 -0.765407 128 128 128
0.634687 1.14586 -0.763287 128 128 128
0.649123 1.13872 -0.763817 128 128 128
0.655712 1.11825 -0.754811 128 128 128
0.672028 1.11447 -0.75799 128 128 128
0.721165 1.1319 -0.783419 128 128 128
0.712593 1.08898 -0.75799 128 128 128
0.71877 1.06962 -0.750043 128 128 128
0.734747 1.0649 -0.753222 128 128 128
0.747759 1.0558 -0.753222 128 128 128
0.765669 1.05339 -0.75852 128 128 128
0.773445 1.03713 -0.753222 128 128 128
0.781455 1.02151 -0.748454 128 128 128
0.791828 1.00919 -0.746335 128 128 128
0.804152 0.999394 -0.746335 128 128 128
0.819608 0.993364 -0.749513 128 128 128
0.836137 0.988397 -0.753752 128 128 128
0.849319 0.979339 -0.754811 128 128 128
0.857879 0.965051 -0.751633 128 128 128
0.86679 0.951326 -0.748984 128 128 128
0.881304 0.943707 -0.751633 128 128 128
0.892818 0.932821 -0.751633 128 128 128
0.903602 0.921191 -0.751103 128 128 128
0.916649 0.911822 -0.752692 128 128 128
0.94431 0.894281 -0.75746 128 128 128
0.948339 0.876318 -0.751633 128 128 128
0.959022 0.864614 -0.751633 128 128 128
0.964449 0.848317 -0.747394 128 128 128
0.958002 0.822116 -0.73362 128 128 128
0.988239 0.827103 -0.750043 128 128 128
1.00688 0.821856 -0.75693 128 128 128
1.02953 0.819431 -0.766996 128 128 128
1.05899 0.821749 -0.782359 128 128 128
1.07337 0.791504 -0.778121 128 128 128
1.08438 0.779258 -0.779181 128 128 128
1.04093 0.729098 -0.738918 128 128 128
1.07087 0.730536 -0.754811 128 128 128
1.08754 0.722475 -0.760639 128 128 128
1.11346 0.720071 -0.773353 128 128 128
1.10452 0.60426 -0.731501 128 128 128
1.1655 0.51303 -0.740507 128 128 128
1.16546 0.496053 -0.736269 128 128 128
1.22959 0.505378 -0.775472 128 128 128
1.14176 0.453346 -0.712429 128 128 128
1.18689 0.454322 -0.738918 128 128 128
1.18328 0.420002 -0.729382 128 128 128
1.24139 0.423336 -0.764347 128 128 128
1.17364 0.368627 -0.713489 128 128 128
1.24475 0.37398 -0.75693 128 128 128
1.24761 0.358214 -0.755871 128 128 128
1.22489 0.335577 -0.738388 128 128 128
1.2856 0.33509 -0.774942 128 128 128
1.24429 0.30823 -0.745805 128 128 128
1.33393 0.312795 -0.800901 128 128 128
1.35755 0.300741 -0.813616 128 128 128
1.33538 0.27877 -0.797193 128 128 128
1.47318 0.232354 -0.876659 128 128 128
1.40035 0.203519 -0.828979 128 128 128
1.46835 0.194822 -0.870301 128 128 128
1.5338 0.18419 -0.910034 128 128 128
1.49293 0.160849 -0.883016 128 128 128
1.49986 0.142984 -0.886194 128 128 128
1.51222 0.106762 -0.892022 128 128 128
1.50834 0.0879156 -0.888843 128 128 128
1.511 0.0694723 -0.889903 128 128 128
1.46681 0.0495441 -0.861825 128 128 128
1.44389 -0.00433373 -0.846991 128 128 128
1.42835 -0.0568578 -0.837985 128 128 128
1.52643 -0.174206 -0.904736 128 128 128
1.56203 -0.197827 -0.928576 128 128 128
1.53178 -0.213045 -0.911094 128 128 128
1.53408 -0.232604 -0.914272 128 128 128
1.51103 -0.248056 -0.901558 128 128 128
1.53041 -0.270632 -0.915862 128 128 128
1.52947 -0.289873 -0.917451 128 128 128
1.51334 -0.306062 -0.909504 128 128 128
1.55173 -0.333827 -0.936523 128 128 128
1.52272 -0.347118 -0.92063 128 128 128
1.52741 -0.367989 -0.926457 128 128 128
1.56961 -0.398737 -0.956654 128 128 128
1.54822 -0.413545 -0.946059 128 128 128
1.54411 -0.453345 -0.950297 128 128 128
1.51737 -0.46573 -0.936523 128 128 128
1.54301 -0.494497 -0.957184 128 128 128
1.5048 -0.52323 -0.940231 128 128 128
1.62894 -0.589314 -1.02711 128 128 128
1.42686 -0.861866 -0.986321 128 128 128
1.51399 -1.41759 -1.24061 128 128 128
1.5203 -1.45901 -1.26127 128 128 128
1.50651 -1.48173 -1.26498 128 128 128
1.50731 -1.59611 -1.31637 128 128 128
1.49449 -1.62198 -1.32273 128 128 128
1.4773 -1.64336 -1.32537 128 128 128
1.46763 -1.6735 -1.33544 128 128 128
1.45028 -1.69526 -1.33862 128 128 128
1.43425 -1.7188 -1.34339 128 128 128
1.42266 -1.74813 -1.35292 128 128 128
1.41057 -1.77743 -1.36246 128 128 128
1.39331 -1.80066 -1.36723 128 128 128
1.38537 -1.83661 -1.38206 128 128 128
1.37325 -1.86784 -1.39319 128 128 128
1.36402 -1.90388 -1.40802 128 128 128
1.34927 -1.93301 -1.41755 128 128 128
1.33924 -1.96979 -1.43292 128 128 128
1.33877 -2.02219 -1.45994 128 128 128
1.30744 -2.02847 -1.45252 128 128 128
1.28695 -2.05156 -1.45782 128 128 128
1.18339 -2.17209 -1.49013 128 128 128
1.15744 -2.18795 -1.49119 128 128 128
1.0608 -2.42188 -1.59662 128 128 128
1.03759 -2.45035 -1.60721 128 128 128
1.00776 -2.46368 -1.60774 128 128 128
0.985205 -2.4956 -1.62099 128 128 128
0.965921 -2.53764 -1.64112 128 128 128
0.940521 -2.56524 -1.65171 128 128 128
0.914588 -2.59259 -1.66231 128 128 128
0.895983 -2.643 -1.68827 128 128 128
0.871577 -2.67881 -1.70469 128 128 128
-0.0528191 -1.33429 -0.779181 128 128 128
-0.25901 -1.20866 -0.717197 128 128 128
-0.290805 -1.21101 -0.723025 128 128 128
-3.75299 -2.97203 -2.93535 128 128 128
-3.78246 -2.92057 -2.93005 128 128 128
-3.83836 -2.88922 -2.94595 128 128 128
-3.87079 -2.83989 -2.94383 128 128 128
-3.89706 -2.78627 -2.93747 128 128 128
-1.13759 -0.775713 -0.805139 128 128 128
-4.00406 -2.64561 -2.94277 128 128 128
-1.19554 -0.772761 -0.834277 128 128 128
-4.0462 -2.53306 -2.92687 128 128 128
-4.11249 -2.50481 -2.95283 128 128 128
-4.12321 -2.4425 -2.93853 128 128 128
-4.20876 -2.42383 -2.97879 128 128 128
-4.19079 -2.34554 -2.94489 128 128 128
-4.21106 -2.28948 -2.93906 128 128 128
-4.23884 -2.23763 -2.93906 128 128 128
-4.26522 -2.18506 -2.93853 128 128 128
-4.28108 -2.12728 -2.93111 128 128 128
-0.1547 1.49059 -0.938003 128 128 128
-0.105706 1.33944 -0.835181 128 128 128
-0.0561178 1.33743 -0.831864 128 128 128
-0.0423943 1.42547 -0.889909 128 128 128
0.0100769 1.4219 -0.887145 128 128 128
0.026915 1.38834 -0.865032 128 128 128
0.0612284 1.39309 -0.868902 128 128 128
0.0765746 1.36062 -0.847895 128 128 128
0.0944441 1.37703 -0.859504 128 128 128
0.30151 1.37596 -0.8783 128 128 128
0.341376 1.32276 -0.850106 128 128 128
0.426719 1.3144 -0.86061 128 128 128
0.432968 1.27985 -0.840156 128 128 128
0.446159 1.26737 -0.835181 128 128 128
0.466531 1.2751 -0.844578 128 128 128
0.474472 1.24902 -0.830205 128 128 128
0.488545 1.24 -0.827994 128 128 128
0.504039 1.23468 -0.828547 128 128 128
0.514947 1.21842 -0.82136 128 128 128
0.535187 1.22423 -0.830205 128 128 128
0.549143 1.2153 -0.828547 128 128 128
0.60053 1.17205 -0.817491 128 128 128
0.614092 1.16311 -0.816385 128 128 128
0.623552 1.1467 -0.809751 128 128 128
0.636764 1.13751 -0.808646 128 128 128
0.632826 1.09854 -0.784875 128 128 128
0.659401 1.11293 -0.802012 128 128 128
0.67171 1.10261 -0.800354 128 128 128
0.687839 1.09853 -0.80367 128 128 128
0.698568 1.0858 -0.800354 128 128 128
0.714591 1.08132 -0.80367 128 128 128
0.7208 1.06212 -0.795378 128 128 128
0.732828 1.05182 -0.794273 128 128 128
0.75923 1.06175 -0.809751 128 128 128
0.758421 1.03352 -0.794273 128 128 128
0.771547 1.0248 -0.794825 128 128 128
0.784065 1.01526 -0.794825 128 128 128
0.798531 1.00818 -0.797037 128 128 128
0.809793 0.997005 -0.795931 128 128 128
0.823032 0.988275 -0.797037 128 128 128
0.831856 0.974294 -0.79372 128 128 128
0.847586 0.968407 -0.797589 128 128 128
0.857183 0.955449 -0.795378 128 128 128
0.870533 0.9467 -0.797037 128 128 128
1.01075 0.612672 -0.727935 128 128 128
1.10643 0.652385 -0.795931 128 128 128
1.1288 0.647063 -0.806987 128 128 128
1.14902 0.64007 -0.816385 128 128 128
1.14727 0.620756 -0.809199 128 128 128
1.26038 0.458265 -0.833522 128 128 128
1.26177 0.424 -0.826888 128 128 128
1.50667 -1.52709 -1.36698 128 128 128
1.49823 -1.55627 -1.37693 128 128 128
1.48244 -1.57818 -1.38025 128 128 128
1.46973 -1.60362 -1.38688 128 128 128
1.46328 -1.63643 -1.40015 128 128 128
1.44857 -1.66054 -1.40568 128 128 128
1.42106 -1.66995 -1.39849 128 128 128
1.42389 -1.71546 -1.42282 128 128 128
1.40483 -1.73539 -1.42503 128 128 128
1.42581 -1.8061 -1.47036 128 128 128
1.32833 -1.81635 -1.43664 128 128 128
1.31998 -1.85218 -1.45267 128 128 128
1.2962 -1.86688 -1.45156 128 128 128
1.25777 -1.85987 -1.43332 128 128 128
1.20247 -2.1559 -1.58147 128 128 128
1.1787 -2.17562 -1.58534 128 128 128
1.15696 -2.19951 -1.59253 128 128 128
1.08027 -2.25112 -1.60027 128 128 128
1.08915 -2.34277 -1.65776 128 128 128
1.0658 -2.36811 -1.66661 128 128 128
1.04398 -2.39782 -1.67877 128 128 128
1.01416 -2.40968 -1.67822 128 128 128
-3.87017 -2.98103 -3.18462 128 128 128
-3.93006 -2.87629 -3.17467 128 128 128
-0.106425 1.34715 -0.885523 128 128 128
-0.0931476 1.39992 -0.921559 128 128 128
0.414136 1.27598 -0.878659 128 128 128
0.529459 1.17255 -0.840335 128 128 128
0.540314 1.15854 -0.834615 128 128 128
0.549114 1.14076 -0.826035 128 128 128
0.555355 1.11853 -0.814023 128 128 128
0.588418 1.11543 -0.822603 128 128 128
0.59536 1.0959 -0.812879 128 128 128
0.637377 1.13923 -0.853491 128 128 128
0.650074 1.1292 -0.851775 128 128 128
0.609228 1.02957 -0.777415 128 128 128
0.639835 1.05138 -0.801439 128 128 128
0.678944 1.08508 -0.835759 128 128 128
0.702022 1.09181 -0.848343 128 128 128
0.694916 1.05238 -0.822603 128 128 128
0.705001 1.03971 -0.819171 128 128 128
0.735137 1.05583 -0.840335 128 128 128
0.748997 1.04806 -0.841479 128 128 128
0.760827 1.03747 -0.840335 128 128 128
0.76706 1.01956 -0.832899 128 128 128
0.781024 1.01201 -0.834615 128 128 128
0.783156 0.989521 -0.823175 128 128 128
0.799394 0.984916 -0.827751 128 128 128
0.814582 0.978804 -0.831183 128 128 128
0.825463 0.96749 -0.830039 128 128 128
0.837273 0.957287 -0.830039 128 128 128
0.850057 0.948158 -0.831183 128 128 128
0.856614 0.932237 -0.826035 128 128 128
0.868554 0.92225 -0.826607 128 128 128
0.902677 0.935047 -0.849487 128 128 128
0.912926 0.922737 -0.848343 128 128 128
0.891572 0.81722 -0.786567 128 128 128
0.91687 0.819829 -0.800867 128 128 128
0.922521 0.804758 -0.796863 128 128 128
0.8941 0.761093 -0.761971 128 128 128
0.982851 0.795429 -0.824891 128 128 128
1.1609 0.665697 -0.876371 128 128 128
1.16252 0.64783 -0.871223 128 128 128
1.16821 0.632351 -0.869507 128 128 128
1.08205 0.569067 -0.795719 128 128 128
1.19947 0.323214 -0.809447 128 128 128
1.26061 0.322924 -0.850631 128 128 128
1.37618 0.091646 -0.904971 128 128 128
1.30839 0.0712458 -0.856923 128 128 128
1.34523 0.0565781 -0.882091 128 128 128
1.39092 0.0412546 -0.913551 128 128 128
1.38148 0.0240441 -0.906687 128 128 128
1.371 -0.00975493 -0.899251 128 128 128
1.30681 -0.0251241 -0.854635 128 128 128
1.46009 -0.172781 -0.968463 128 128 128
1.51953 -0.217953 -1.01365 128 128 128
0.631957 -1.1338 -0.848343 128 128 128
1.14091 -2.24624 -1.70005 128 128 128
-0.0424512 1.36652 -0.953072 128 128 128
-0.0258226 1.37418 -0.958424 128 128 128
0.0695531 1.26478 -0.878736 128 128 128
0.638864 0.995751 -0.816889 128 128 128
0.637348 0.967009 -0.798454 128 128 128
0.692342 1.02309 -0.855544 128 128 128
-0.901127 -0.827266 -0.846624 128 128 128
-0.828591 1.00889 -0.954477 128 128 128
0.286103 1.27623 -0.956316 128 128 128
0.550224 1.12881 -0.915846 128 128 128
0.782691 0.978979 -0.914007 128 128 128
0.775847 0.923309 -0.877216 128 128 128
-1.08325 0.673926 -0.988963 128 128 128
-1.08987 0.696718 -1.00357 128 128 128
-1.03872 0.973033 -1.1103 128 128 128
0.343997 1.28297 -1.03216 128 128 128
0.43058 1.2851 -1.0544 128 128 128
0.42604 1.22136 -1.00357 128 128 128
0.444145 1.22476 -1.0112 128 128 128
0.458599 1.21777 -1.00993 128 128 128
0.473788 1.21277 -1.01056 128 128 128
0.488057 1.20543 -1.00929 128 128 128
0.547431 1.14465 -0.983245 128 128 128
0.568936 1.1531 -0.997221 128 128 128
0.591777 1.16325 -1.0131 128 128 128
0.606722 1.15727 -1.01437 128 128 128
0.738827 0.962307 -0.937506 128 128 128
0.827342 0.780699 -0.875249 128 128 128
1.00912 0.667908 -0.934965 128 128 128
0.998399 0.626084 -0.908919 128 128 128
1.04882 0.639988 -0.950211 128 128 128
1.48442 -0.777736 -1.31803 128 128 128
1.38808 -1.6216 -1.69538 128 128 128
1.37699 -1.64918 -1.70682 128 128 128
1.3547 -1.66356 -1.70428 128 128 128
1.36879 -1.72358 -1.75002 128 128 128
-0.905519 -0.833878 -0.952117 128 128 128
-0.663329 1.03131 -0.99612 128 128 128
-0.391741 1.20743 -1.03334 128 128 128
0.468417 1.3366 -1.16003 128 128 128
0.448149 1.23126 -1.06861 128 128 128
0.45241 1.19737 -1.04248 128 128 128
0.478231 1.21989 -1.06861 128 128 128
0.47648 1.1733 -1.03073 128 128 128
0.492916 1.17224 -1.0353 128 128 128
0.50696 1.16541 -1.03465 128 128 128
0.520283 1.15703 -1.03269 128 128 128
0.539589 1.16153 -1.04314 128 128 128
0.574597 1.19776 -1.08428 128 128 128
0.580316 1.10422 -1.0144 128 128 128
0.6029 1.11363 -1.03073 128 128 128
0.60427 1.08436 -1.00918 128 128 128
0.631123 1.04071 -0.988283 128 128 128
0.686172 1.04265 -1.01506 128 128 128
0.701475 1.03791 -1.01898 128 128 128
0.714159 1.02922 -1.01898 128 128 128
0.726293 1.01976 -1.01832 128 128 128
0.724376 0.991264 -0.997426 128 128 128
0.691271 0.922491 -0.932776 128 128 128
0.724352 0.942067 -0.963468 128 128 128
0.804202 0.969381 -1.02485 128 128 128
0.803714 0.945064 -1.00853 128 128 128
0.816751 0.936837 -1.01049 128 128 128
0.828693 0.927307 -1.01114 128 128 128
0.81792 0.89314 -0.983059 128 128 128
0.785615 0.837376 -0.928858 128 128 128
1.08169 0.62281 -1.01506 128 128 128
1.1131 0.622709 -1.03857 128 128 128
1.08912 0.574855 -1.00069 128 128 128
1.56584 -0.752839 -1.43691 128 128 128
1.51922 -0.753385 -1.40099 128 128 128
1.51727 -0.775785 -1.40818 128 128 128
1.51499 -0.79825 -1.41536 128 128 128
1.5217 -0.82586 -1.43169 128 128 128
1.53191 -0.85598 -1.45193 128 128 128
1.52457 -0.876611 -1.4552 128 128 128
1.51435 -0.895641 -1.45585 128 128 128
1.51616 -0.922063 -1.46891 128 128 128
1.41947 -0.886974 -1.38206 128 128 128
1.44982 -0.931043 -1.4245 128 128 128
1.3408 -1.69928 -1.80522 128 128 128
1.32445 -1.72162 -1.81175 128 128 128
1.30911 -1.74563 -1.82024 128 128 128
1.28893 -1.7634 -1.8222 128 128 128
1.25274 -1.85364 -1.86791 128 128 128
1.23778 -1.88091 -1.88031 128 128 128
1.22438 -1.91128 -1.89599 128 128 128
1.20762 -1.9371 -1.90709 128 128 128
1.23463 -2.03607 -1.99198 128 128 128
1.1471 -2.05893 -1.97108 128 128 128
1.13575 -2.09886 -1.99655 128 128 128
1.09932 -2.1565 -2.02594 128 128 128
1.07946 -2.18342 -2.039 128 128 128
1.01761 -2.19206 -2.02267 128 128 128
1.01629 -2.26177 -2.07687 128 128 128
0.993863 -2.28658 -2.08863 128 128 128
0.951051 -2.344 -2.11997 128 128 128
0.928259 -2.37102 -2.13434 128 128 128
0.901754 -2.38932 -2.14087 128 128 128
0.88832 -2.44437 -2.18136 128 128 128
0.863229 -2.46939 -2.19442 128 128 128
0.837656 -2.49417 -2.20748 128 128 128
0.818071 -2.53888 -2.23882 128 128 128
0.791961 -2.56538 -2.25384 128 128 128
0.767456 -2.59889 -2.27539 128 128 128
-0.492408 -1.02804 -0.921675 128 128 128
-1.09077 0.621444 -1.08419 128 128 128
0.216895 1.14871 -1.00527 128 128 128
0.351563 1.2013 -1.08082 128 128 128
0.372516 1.21738 -1.10038 128 128 128
0.409803 1.28306 -1.16784 128 128 128
0.402977 1.20997 -1.10241 128 128 128
0.418759 1.20773 -1.10511 128 128 128
0.427311 1.18513 -1.08824 128 128 128
0.441822 1.17979 -1.08824 128 128 128
0.455467 1.17222 -1.08622 128 128 128
0.528032 1.14544 -1.08959 128 128 128
0.536986 1.1282 -1.0788 128 128 128
0.548519 1.11688 -1.07408 128 128 128
0.560853 1.10743 -1.07138 128 128 128
0.545098 1.04415 -1.01337 128 128 128
0.619256 1.08692 -1.08015 128 128 128
0.631803 1.07797 -1.0788 128 128 128
0.641181 1.0638 -1.07205 128 128 128
0.653799 1.05523 -1.07138 128 128 128
0.665908 1.04588 -1.07003 128 128 128
0.719827 1.1007 -1.13883 128 128 128
0.686621 0.96973 -1.02281 128 128 128
0.728789 1.00308 -1.07003 128 128 128
0.741924 0.995243 -1.07138 128 128 128
0.753186 0.984889 -1.07003 128 128 128
0.770219 0.981969 -1.07745 128 128 128
0.744766 0.837866 -0.961425 128 128 128
0.881084 0.855475 -1.05924 128 128 128
0.873318 0.827312 -1.0363 128 128 128
1.04282 0.674782 -1.07205 128 128 128
1.05913 0.667059 -1.08082 128 128 128
1.06885 0.637078 -1.07408 128 128 128
1.07914 0.625397 -1.07677 128 128 128
1.0848 0.611018 -1.07475 128 128 128
1.08769 0.595173 -1.07003 128 128 128
1.09491 0.581781 -1.07003 128 128 128
1.10787 0.571354 -1.0761 128 128 128
1.12733 0.564008 -1.08892 128 128 128
1.12023 0.543347 -1.07475 128 128 128
1.2711 -0.405999 -1.15637 128 128 128
1.4447 -0.581427 -1.36009 128 128 128
1.48586 -0.619225 -1.40798 128 128 128
1.49103 -0.642953 -1.4208 128 128 128
1.49517 -0.666601 -1.43294 128 128 128
1.50164 -0.691678 -1.44778 128 128 128
1.50771 -0.717014 -1.46262 128 128 128
1.5041 -0.738059 -1.46802 128 128 128
1.5002 -0.759122 -1.47342 128 128 128
1.50256 -0.783608 -1.48556 128 128 128
1.49869 -0.805127 -1.49163 128 128 128
1.50292 -0.831304 -1.50647 128 128 128
1.50883 -0.883581 -1.5348 128 128 128
1.35072 -1.572 -1.83093 128 128 128
1.33228 -1.58958 -1.83228 128 128 128
1.33232 -1.6298 -1.86061 128 128 128
1.27928 -1.73179 -1.90446 128 128 128
1.26311 -1.75454 -1.91255 128 128 128
1.25719 -1.79226 -1.93751 128 128 128
1.22843 -1.79781 -1.92672 128 128 128
1.19848 -1.90047 -1.99013 128 128 128
1.19594 -1.949 -2.02656 128 128 128
1.10089 -2.13136 -2.12909 128 128 128
1.07531 -2.14602 -2.13044 128 128 128
1.05568 -2.173 -2.1446 128 128 128
1.03712 -2.20315 -2.16214 128 128 128
1.02718 -2.25332 -2.19992 128 128 128
0.951716 -2.30939 -2.21948 128 128 128
0.931504 -2.34146 -2.23972 128 128 128
0.910383 -2.3727 -2.25928 128 128 128
0.411773 1.1091 -1.06884 128 128 128
0.439795 1.14097 -1.10687 128 128 128
0.478825 1.15649 -1.13453 128 128 128
0.494416 1.15384 -1.13799 128 128 128
0.502042 1.13318 -1.12278 128 128 128
0.51955 1.1348 -1.13107 128 128 128
0.533437 1.12834 -1.13107 128 128 128
0.53862 1.10422 -1.1124 128 128 128
0.506637 1.00801 -1.01628 128 128 128
0.579634 1.11754 -1.14145 128 128 128
0.583015 1.09127 -1.1207 128 128 128
0.594258 1.08025 -1.11655 128 128 128
0.605318 1.06911 -1.1124 128 128 128
0.617294 1.05973 -1.11033 128 128 128
0.628009 1.04837 -1.10618 128 128 128
0.728783 1.11997 -1.21544 128 128 128
0.671024 1.00491 -1.09304 128 128 128
0.690703 1.00729 -1.10549 128 128 128
0.702594 0.998151 -1.1048 128 128 128
0.71479 0.989454 -1.1048 128 128 128
0.724715 0.977716 -1.10134 128 128 128
0.78938 0.938597 -1.11033 128 128 128
0.800838 0.92884 -1.11033 128 128 128
0.806409 0.912471 -1.10203 128 128 128
0.915288 0.790007 -1.09373 128 128 128
1.09072 0.635862 -1.1449 128 128 128
1.07009 0.606517 -1.11379 128 128 128
1.07745 0.59334 -1.11379 128 128 128
1.08785 0.581764 -1.11724 128 128 128
1.10179 0.554891 -1.11724 128 128 128
1.11568 0.544786 -1.12485 128 128 128
1.12162 0.530748 -1.12416 128 128 128
1.12476 0.515452 -1.1207 128 128 128
1.13563 0.503642 -1.12554 128 128 128
1.14572 0.49136 -1.12969 128 128 128
1.14698 0.475347 -1.12485 128 128 128
1.1534 0.461502 -1.12554 128 128 128
1.16438 0.449372 -1.13107 128 128 128
1.17658 0.437539 -1.13799 128 128 128
1.18527 0.424272 -1.14145 128 128 128
1.20886 0.415967 -1.16012 128 128 128
1.17129 0.387219 -1.11724 128 128 128
1.21976 0.0752461 -1.10618 128 128 128
1.49405 -0.515138 -1.44917 128 128 128
1.46928 -0.526791 -1.4305 128 128 128
1.4742 -0.549105 -1.44225 128 128 128
1.47475 -0.570043 -1.44986 128 128 128
1.45894 -0.584577 -1.44087 128 128 128
1.48326 -0.637149 -1.48167 128 128 128
1.47863 -0.65678 -1.48513 128 128 128
1.47177 -0.675482 -1.48651 128 128 128
1.49726 -0.709684 -1.52247 128 128 128
1.4865 -0.727047 -1.5204 128 128 128
1.48455 -0.748834 -1.528 128 128 128
1.55267 -0.807551 -1.61167 128 128 128
1.48988 -0.798075 -1.55428 128 128 128
1.48818 -0.820858 -1.56327 128 128 128
1.4849 -0.843002 -1.57088 128 128 128
1.48378 -0.866653 -1.58125 128 128 128
1.48169 -0.890028 -1.59093 128 128 128
1.47556 -0.911195 -1.59646 128 128 128
1.28584 -1.65267 -1.94084 128 128 128
1.27068 -1.67524 -1.94913 128 128 128
1.2318 -1.84997 -2.06392 128 128 128
1.20822 -1.86373 -2.06254 128 128 128
1.18718 -1.88148 -2.066 128 128 128
1.1768 -1.91687 -2.08951 128 128 128
1.13409 -2.0099 -2.14552 128 128 128
1.10519 -2.01606 -2.13722 128 128 128
1.08747 -2.04288 -2.15175 128 128 128
1.08114 -2.09269 -2.19116 128 128 128
1.06407 -2.12325 -2.20983 128 128 128
1.00336 -2.06461 -2.13377 128 128 128
1.00608 -2.20703 -2.25824 128 128 128
0.982403 -2.22715 -2.26654 128 128 128
0.960638 -2.25234 -2.28037 128 128 128
0.936486 -2.27265 -2.28936 128 128 128
0.920214 -2.31353 -2.31978 128 128 128
0.901276 -2.34962 -2.34537 128 128 128
0.856581 -2.40849 -2.3834 128 128 128
0.832304 -2.43455 -2.39931 128 128 128
0.809531 -2.46656 -2.42144 128 128 128
0.785235 -2.49561 -2.4408 128 128 128
0.759105 -2.52029 -2.45601 128 128 128
0.736853 -2.55997 -2.48644 128 128 128
-0.240569 -1.07485 -0.990696 128 128 128
-0.324581 -1.12114 -1.05362 128 128 128
-0.55006 -1.00068 -1.02942 128 128 128
-0.854888 0.794942 -1.11936 128 128 128
0.170948 1.05822 -1.02248 128 128 128
0.289903 1.0451 -1.0353 128 128 128
0.311668 1.07248 -1.06807 128 128 128
0.347403 1.09462 -1.10013 128 128 128
0.401637 1.21426 -1.23263 128 128 128
0.407856 1.18401 -1.20556 128 128 128
0.42094 1.17495 -1.20129 128 128 128
0.443619 1.19207 -1.22551 128 128 128
0.450656 1.16689 -1.20414 128 128 128
0.488886 1.13919 -1.19274 128 128 128
0.499708 1.12604 -1.1849 128 128 128
0.510863 1.11408 -1.17849 128 128 128
0.521203 1.10074 -1.17065 128 128 128
0.534671 1.09427 -1.17065 128 128 128
0.549949 1.09138 -1.17493 128 128 128
0.585693 1.06302 -1.16638 128 128 128
0.592824 1.04537 -1.15427 128 128 128
0.605254 1.03741 -1.15356 128 128 128
0.617219 1.0287 -1.15213 128 128 128
0.629796 1.02105 -1.15213 128 128 128
0.611666 0.914263 -1.05097 128 128 128
0.635923 0.925797 -1.07448 128 128 128
0.69324 0.983376 -1.15569 128 128 128
0.700329 0.967965 -1.14715 128 128 128
0.714659 0.962682 -1.15142 128 128 128
0.719204 0.944338 -1.13931 128 128 128
0.711333 0.910527 -1.10725 128 128 128
0.743477 0.928049 -1.14145 128 128 128
0.747694 0.910169 -1.13005 128 128 128
0.962878 0.731925 -1.16211 128 128 128
0.941002 0.661999 -1.10226 128 128 128
0.962356 0.659545 -1.11865 128 128 128
1.02293 0.664857 -1.17279 128 128 128
1.02805 0.650374 -1.16923 128 128 128
0.965494 0.594201 -1.08517 128 128 128
1.0064 0.602544 -1.12506 128 128 128
1.02887 0.598997 -1.14287 128 128 128
1.04835 0.593256 -1.15712 128 128 128
1.05801 0.581702 -1.15997 128 128 128
1.07002 0.571326 -1.16567 128 128 128
1.06449 0.551677 -1.15142 128 128 128
1.0881 0.547108 -1.17065 128 128 128
1.08906 0.530938 -1.16424 128 128 128
1.11071 0.524749 -1.18134 128 128 128
1.10367 0.50493 -1.16638 128 128 128
1.13031 0.500468 -1.18918 128 128 128
1.13894 0.487668 -1.19203 128 128 128
1.14873 0.47527 -1.1963 128 128 128
1.15318 0.460615 -1.19488 128 128 128
1.14303 0.440352 -1.17778 128 128 128
1.14375 0.424577 -1.17279 128 128 128
1.16869 0.417621 -1.19416 128 128 128
1.17638 0.404163 -1.19701 128 128 128
1.11488 0.0953789 -1.07021 128 128 128
1.46117 -0.40462 -1.47342 128 128 128
1.4561 -0.42252 -1.47342 128 128 128
1.45282 -0.440966 -1.47556 128 128 128
1.45131 -0.460029 -1.47983 128 128 128
1.45022 -0.479341 -1.48482 128 128 128
1.44091 -0.495963 -1.48126 128 128 128
1.44344 -0.536785 -1.49764 128 128 128
1.45509 -0.561512 -1.51759 128 128 128
1.46438 -0.585825 -1.5354 128 128 128
1.46422 -0.606699 -1.54324 128 128 128
1.45537 -0.624069 -1.54181 128 128 128
1.46429 -0.64926 -1.56033 128 128 128
1.4543 -0.666306 -1.5582 128 128 128
1.42317 -0.673322 -1.53255 128 128 128
1.47158 -0.718385 -1.59667 128 128 128
1.47394 -0.742058 -1.60949 128 128 128
1.48342 -0.769768 -1.63086 128 128 128
1.47449 -0.788244 -1.63157 128 128 128
1.46532 -0.806617 -1.63229 128 128 128
1.45042 -0.821775 -1.62659 128 128 128
1.33828 -1.51313 -1.98492 128 128 128
1.32007 -1.52997 -1.98563 128 128 128
1.25908 -1.65436 -2.04476 128 128 128
1.24914 -1.68377 -2.06257 128 128 128
1.24115 -1.71659 -2.08466 128 128 128
1.21149 -1.71965 -2.06969 128 128 128
1.17792 -1.85939 -2.16872 128 128 128
1.1587 -1.87968 -2.17584 128 128 128
1.14061 -1.90218 -2.18582 128 128 128
1.13735 -1.95057 -2.22642 128 128 128
1.12061 -1.9772 -2.24138 128 128 128
1.09395 -2.04555 -2.28911 128 128 128
1.07589 -2.07252 -2.30478 128 128 128
1.05417 -2.09308 -2.31333 128 128 128
1.03396 -2.11721 -2.32616 128 128 128
1.0115 -2.13735 -2.33471 128 128 128
0.989007 -2.15789 -2.34397 128 128 128
0.962077 -2.24276 -2.41164 128 128 128
0.93502 -2.2557 -2.41307 128 128 128
0.914322 -2.28459 -2.4323 128 128 128
0.903687 -2.3408 -2.48146 128 128 128
